menu_item,menu_item_price,menu_item_calories,input_address,restaurant_address
Fiery Bacon Whopper®,$6.99,800 Cal,"100 river oaks cove, georgetown, tx, 78626, us",100 River Oaks Cove
Whopper,$5.89,670 Cal,"100 river oaks cove, georgetown, tx, 78626, us",100 River Oaks Cove
Impossible™ Whopper,$6.89,630 Cal,"100 river oaks cove, georgetown, tx, 78626, us",100 River Oaks Cove
Texas Double Whopper,$8.89,"1,090 Cal","100 river oaks cove, georgetown, tx, 78626, us",100 River Oaks Cove
Double Whopper,$6.89,920 Cal,"100 river oaks cove, georgetown, tx, 78626, us",100 River Oaks Cove
Triple Whopper,$7.89,"1,170 Cal","100 river oaks cove, georgetown, tx, 78626, us",100 River Oaks Cove
Bacon King,$8.89,"1,200 Cal","100 river oaks cove, georgetown, tx, 78626, us",100 River Oaks Cove
BBQ Bacon Whopper Jr.,$4.39,390 Cal,"100 river oaks cove, georgetown, tx, 78626, us",100 River Oaks Cove
Double Whopper Jr.,$3.79,447 Cal,"100 river oaks cove, georgetown, tx, 78626, us",100 River Oaks Cove
Whopper Jr.,$2.89,330 Cal,"100 river oaks cove, georgetown, tx, 78626, us",100 River Oaks Cove
Bacon Double Cheeseburger,$3.69,440 Cal,"100 river oaks cove, georgetown, tx, 78626, us",100 River Oaks Cove
Bacon Cheeseburger,$2.69,340 Cal,"100 river oaks cove, georgetown, tx, 78626, us",100 River Oaks Cove
Double Cheeseburger,$2.89,400 Cal,"100 river oaks cove, georgetown, tx, 78626, us",100 River Oaks Cove
Cheeseburger,$2.19,290 Cal,"100 river oaks cove, georgetown, tx, 78626, us",100 River Oaks Cove
Rodeo Burger,$2.19,340 Cal,"100 river oaks cove, georgetown, tx, 78626, us",100 River Oaks Cove
Hamburger,$1.79,250 Cal,"100 river oaks cove, georgetown, tx, 78626, us",100 River Oaks Cove
Have-sies™,$2.89,380 Cal,"100 river oaks cove, georgetown, tx, 78626, us",100 River Oaks Cove
French Fries,$2.89,370 Cal,"100 river oaks cove, georgetown, tx, 78626, us",100 River Oaks Cove
Onion Rings,$2.89,360 Cal,"100 river oaks cove, georgetown, tx, 78626, us",100 River Oaks Cove
Fiery Chicken Fries,$3.99,260 Cal,"100 river oaks cove, georgetown, tx, 78626, us",100 River Oaks Cove
Fiery Mozzarella Fries,$4.29,450 Cal,"100 river oaks cove, georgetown, tx, 78626, us",100 River Oaks Cove
Chicken Fries,$3.99,220 Cal,"100 river oaks cove, georgetown, tx, 78626, us",100 River Oaks Cove
Mozzarella Fries,$3.99,480 Cal,"100 river oaks cove, georgetown, tx, 78626, us",100 River Oaks Cove
Chicken Nuggets,$2.49,390 Cal,"100 river oaks cove, georgetown, tx, 78626, us",100 River Oaks Cove
Mott's® Applesauce,$1.59,50 Cal,"100 river oaks cove, georgetown, tx, 78626, us",100 River Oaks Cove
Fiery Bacon Whopper®,$6.99,800 Cal,"1001 east ben white boulevard, austin, tx, 78704, us",2500 E Riverside Dr
Whopper,$5.89,670 Cal,"1001 east ben white boulevard, austin, tx, 78704, us",2500 E Riverside Dr
Impossible™ Whopper,$6.89,630 Cal,"1001 east ben white boulevard, austin, tx, 78704, us",2500 E Riverside Dr
Texas Double Whopper,$8.89,"1,090 Cal","1001 east ben white boulevard, austin, tx, 78704, us",2500 E Riverside Dr
Double Whopper,$6.89,920 Cal,"1001 east ben white boulevard, austin, tx, 78704, us",2500 E Riverside Dr
Triple Whopper,$7.89,"1,170 Cal","1001 east ben white boulevard, austin, tx, 78704, us",2500 E Riverside Dr
Bacon King,$8.89,"1,200 Cal","1001 east ben white boulevard, austin, tx, 78704, us",2500 E Riverside Dr
BBQ Bacon Whopper Jr.,$4.39,390 Cal,"1001 east ben white boulevard, austin, tx, 78704, us",2500 E Riverside Dr
Double Whopper Jr.,$3.79,447 Cal,"1001 east ben white boulevard, austin, tx, 78704, us",2500 E Riverside Dr
Whopper Jr.,$2.89,330 Cal,"1001 east ben white boulevard, austin, tx, 78704, us",2500 E Riverside Dr
Bacon Double Cheeseburger,$3.69,440 Cal,"1001 east ben white boulevard, austin, tx, 78704, us",2500 E Riverside Dr
Bacon Cheeseburger,$2.69,340 Cal,"1001 east ben white boulevard, austin, tx, 78704, us",2500 E Riverside Dr
Double Cheeseburger,$2.89,400 Cal,"1001 east ben white boulevard, austin, tx, 78704, us",2500 E Riverside Dr
Cheeseburger,$2.19,290 Cal,"1001 east ben white boulevard, austin, tx, 78704, us",2500 E Riverside Dr
Rodeo Burger,$2.19,340 Cal,"1001 east ben white boulevard, austin, tx, 78704, us",2500 E Riverside Dr
Hamburger,$1.79,250 Cal,"1001 east ben white boulevard, austin, tx, 78704, us",2500 E Riverside Dr
Have-sies™,$2.89,380 Cal,"1001 east ben white boulevard, austin, tx, 78704, us",2500 E Riverside Dr
French Fries,$2.89,370 Cal,"1001 east ben white boulevard, austin, tx, 78704, us",2500 E Riverside Dr
Onion Rings,$2.89,360 Cal,"1001 east ben white boulevard, austin, tx, 78704, us",2500 E Riverside Dr
Fiery Chicken Fries,$3.99,260 Cal,"1001 east ben white boulevard, austin, tx, 78704, us",2500 E Riverside Dr
Fiery Mozzarella Fries,$4.29,450 Cal,"1001 east ben white boulevard, austin, tx, 78704, us",2500 E Riverside Dr
Chicken Fries,$3.99,220 Cal,"1001 east ben white boulevard, austin, tx, 78704, us",2500 E Riverside Dr
Mozzarella Fries,$3.99,480 Cal,"1001 east ben white boulevard, austin, tx, 78704, us",2500 E Riverside Dr
Chicken Nuggets,$2.49,390 Cal,"1001 east ben white boulevard, austin, tx, 78704, us",2500 E Riverside Dr
Mott's® Applesauce,$1.59,50 Cal,"1001 east ben white boulevard, austin, tx, 78704, us",2500 E Riverside Dr
Fiery Bacon Whopper®,$6.19,800 Cal,"1004 north memorial parkway, huntsville, al, 35801, us",1004 North Memorial Parkway
Whopper,$5.89,670 Cal,"1004 north memorial parkway, huntsville, al, 35801, us",1004 North Memorial Parkway
Impossible™ Whopper,$6.89,630 Cal,"1004 north memorial parkway, huntsville, al, 35801, us",1004 North Memorial Parkway
Texas Double Whopper,$8.19,"1,090 Cal","1004 north memorial parkway, huntsville, al, 35801, us",1004 North Memorial Parkway
Double Whopper,$7.19,920 Cal,"1004 north memorial parkway, huntsville, al, 35801, us",1004 North Memorial Parkway
Triple Whopper,$8.19,"1,170 Cal","1004 north memorial parkway, huntsville, al, 35801, us",1004 North Memorial Parkway
Bacon King,$7.69,"1,200 Cal","1004 north memorial parkway, huntsville, al, 35801, us",1004 North Memorial Parkway
BBQ Bacon Whopper Jr.,$3.49,390 Cal,"1004 north memorial parkway, huntsville, al, 35801, us",1004 North Memorial Parkway
Double Whopper Jr.,$4.29,447 Cal,"1004 north memorial parkway, huntsville, al, 35801, us",1004 North Memorial Parkway
Whopper Jr.,$3.19,330 Cal,"1004 north memorial parkway, huntsville, al, 35801, us",1004 North Memorial Parkway
Bacon Double Cheeseburger,$3.49,440 Cal,"1004 north memorial parkway, huntsville, al, 35801, us",1004 North Memorial Parkway
Bacon Cheeseburger,$2.69,340 Cal,"1004 north memorial parkway, huntsville, al, 35801, us",1004 North Memorial Parkway
Double Cheeseburger,$2.79,400 Cal,"1004 north memorial parkway, huntsville, al, 35801, us",1004 North Memorial Parkway
Cheeseburger,$2.29,290 Cal,"1004 north memorial parkway, huntsville, al, 35801, us",1004 North Memorial Parkway
Rodeo Burger,$2.29,340 Cal,"1004 north memorial parkway, huntsville, al, 35801, us",1004 North Memorial Parkway
Hamburger,$1.89,250 Cal,"1004 north memorial parkway, huntsville, al, 35801, us",1004 North Memorial Parkway
Have-sies™,$2.99,380 Cal,"1004 north memorial parkway, huntsville, al, 35801, us",1004 North Memorial Parkway
French Fries,$2.89,370 Cal,"1004 north memorial parkway, huntsville, al, 35801, us",1004 North Memorial Parkway
Onion Rings,$2.89,360 Cal,"1004 north memorial parkway, huntsville, al, 35801, us",1004 North Memorial Parkway
Fiery Chicken Fries,$3.99,260 Cal,"1004 north memorial parkway, huntsville, al, 35801, us",1004 North Memorial Parkway
Fiery Mozzarella Fries,$4.59,450 Cal,"1004 north memorial parkway, huntsville, al, 35801, us",1004 North Memorial Parkway
Chicken Fries,$3.99,220 Cal,"1004 north memorial parkway, huntsville, al, 35801, us",1004 North Memorial Parkway
Mozzarella Fries,$3.99,480 Cal,"1004 north memorial parkway, huntsville, al, 35801, us",1004 North Memorial Parkway
Chicken Nuggets,$2.49,390 Cal,"1004 north memorial parkway, huntsville, al, 35801, us",1004 North Memorial Parkway
Mott's® Applesauce,$1.49,50 Cal,"1004 north memorial parkway, huntsville, al, 35801, us",1004 North Memorial Parkway
Fiery Bacon Whopper®,$6.19,800 Cal,"2116 whitesburg drive, huntsville, al, 35801, us",2116 Whitesburg Drive
Whopper,$5.89,670 Cal,"2116 whitesburg drive, huntsville, al, 35801, us",2116 Whitesburg Drive
Impossible™ Whopper,$6.89,630 Cal,"2116 whitesburg drive, huntsville, al, 35801, us",2116 Whitesburg Drive
Texas Double Whopper,$8.19,"1,090 Cal","2116 whitesburg drive, huntsville, al, 35801, us",2116 Whitesburg Drive
Double Whopper,$7.19,920 Cal,"2116 whitesburg drive, huntsville, al, 35801, us",2116 Whitesburg Drive
Triple Whopper,$8.19,"1,170 Cal","2116 whitesburg drive, huntsville, al, 35801, us",2116 Whitesburg Drive
Bacon King,$7.69,"1,200 Cal","2116 whitesburg drive, huntsville, al, 35801, us",2116 Whitesburg Drive
BBQ Bacon Whopper Jr.,$3.49,390 Cal,"2116 whitesburg drive, huntsville, al, 35801, us",2116 Whitesburg Drive
Double Whopper Jr.,$4.99,447 Cal,"2116 whitesburg drive, huntsville, al, 35801, us",2116 Whitesburg Drive
Whopper Jr.,$3.19,330 Cal,"2116 whitesburg drive, huntsville, al, 35801, us",2116 Whitesburg Drive
Bacon Double Cheeseburger,$3.49,440 Cal,"2116 whitesburg drive, huntsville, al, 35801, us",2116 Whitesburg Drive
Bacon Cheeseburger,$2.69,340 Cal,"2116 whitesburg drive, huntsville, al, 35801, us",2116 Whitesburg Drive
Double Cheeseburger,$2.79,400 Cal,"2116 whitesburg drive, huntsville, al, 35801, us",2116 Whitesburg Drive
Cheeseburger,$2.29,290 Cal,"2116 whitesburg drive, huntsville, al, 35801, us",2116 Whitesburg Drive
Rodeo Burger,$2.29,340 Cal,"2116 whitesburg drive, huntsville, al, 35801, us",2116 Whitesburg Drive
Hamburger,$1.89,250 Cal,"2116 whitesburg drive, huntsville, al, 35801, us",2116 Whitesburg Drive
Have-sies™,$2.99,380 Cal,"2116 whitesburg drive, huntsville, al, 35801, us",2116 Whitesburg Drive
French Fries,$2.89,370 Cal,"2116 whitesburg drive, huntsville, al, 35801, us",2116 Whitesburg Drive
Onion Rings,$2.89,360 Cal,"2116 whitesburg drive, huntsville, al, 35801, us",2116 Whitesburg Drive
Fiery Chicken Fries,$3.99,260 Cal,"2116 whitesburg drive, huntsville, al, 35801, us",2116 Whitesburg Drive
Fiery Mozzarella Fries,$4.59,450 Cal,"2116 whitesburg drive, huntsville, al, 35801, us",2116 Whitesburg Drive
Chicken Fries,$3.99,220 Cal,"2116 whitesburg drive, huntsville, al, 35801, us",2116 Whitesburg Drive
Mozzarella Fries,$3.99,480 Cal,"2116 whitesburg drive, huntsville, al, 35801, us",2116 Whitesburg Drive
Chicken Nuggets,$2.49,390 Cal,"2116 whitesburg drive, huntsville, al, 35801, us",2116 Whitesburg Drive
Mott's® Applesauce,$1.49,50 Cal,"2116 whitesburg drive, huntsville, al, 35801, us",2116 Whitesburg Drive
Whopper,$5.59,670 Cal,"1027 union ave, memphis, tn, 38104, us",1027 Union Ave
Impossible™ Whopper,$6.79,630 Cal,"1027 union ave, memphis, tn, 38104, us",1027 Union Ave
Double Whopper,$6.99,920 Cal,"1027 union ave, memphis, tn, 38104, us",1027 Union Ave
Triple Whopper,$8.39,"1,170 Cal","1027 union ave, memphis, tn, 38104, us",1027 Union Ave
Bacon King,$7.69,"1,200 Cal","1027 union ave, memphis, tn, 38104, us",1027 Union Ave
BBQ Bacon Whopper Jr.,$4.19,390 Cal,"1027 union ave, memphis, tn, 38104, us",1027 Union Ave
Double Whopper Jr.,$4.39,447 Cal,"1027 union ave, memphis, tn, 38104, us",1027 Union Ave
Whopper Jr.,$3.39,330 Cal,"1027 union ave, memphis, tn, 38104, us",1027 Union Ave
Bacon Double Cheeseburger,$4.09,440 Cal,"1027 union ave, memphis, tn, 38104, us",1027 Union Ave
Bacon Cheeseburger,$2.69,340 Cal,"1027 union ave, memphis, tn, 38104, us",1027 Union Ave
Double Cheeseburger,$3.29,400 Cal,"1027 union ave, memphis, tn, 38104, us",1027 Union Ave
Cheeseburger,$2.19,290 Cal,"1027 union ave, memphis, tn, 38104, us",1027 Union Ave
Rodeo Burger,$1.99,340 Cal,"1027 union ave, memphis, tn, 38104, us",1027 Union Ave
Hamburger,$1.99,250 Cal,"1027 union ave, memphis, tn, 38104, us",1027 Union Ave
Have-sies™,$3.29,380 Cal,"1027 union ave, memphis, tn, 38104, us",1027 Union Ave
French Fries,$3.19,370 Cal,"1027 union ave, memphis, tn, 38104, us",1027 Union Ave
Onion Rings,$3.29,360 Cal,"1027 union ave, memphis, tn, 38104, us",1027 Union Ave
Chicken Fries,$3.69,220 Cal,"1027 union ave, memphis, tn, 38104, us",1027 Union Ave
Mozzarella Fries,$3.89,480 Cal,"1027 union ave, memphis, tn, 38104, us",1027 Union Ave
Chicken Nuggets,$2.49,390 Cal,"1027 union ave, memphis, tn, 38104, us",1027 Union Ave
Mott's® Applesauce,$2.19,50 Cal,"1027 union ave, memphis, tn, 38104, us",1027 Union Ave
Fiery Bacon Whopper®,$8.59,800 Cal,"1330 poplar avenue, memphis, tn, 38104, us",5701 Christie Avenue
Whopper,$8.09,670 Cal,"1330 poplar avenue, memphis, tn, 38104, us",5701 Christie Avenue
Impossible™ Whopper,$8.59,630 Cal,"1330 poplar avenue, memphis, tn, 38104, us",5701 Christie Avenue
Texas Double Whopper,$10.49,"1,090 Cal","1330 poplar avenue, memphis, tn, 38104, us",5701 Christie Avenue
Double Whopper,$9.09,920 Cal,"1330 poplar avenue, memphis, tn, 38104, us",5701 Christie Avenue
Triple Whopper,$10.09,"1,170 Cal","1330 poplar avenue, memphis, tn, 38104, us",5701 Christie Avenue
Bacon King,$10.99,"1,200 Cal","1330 poplar avenue, memphis, tn, 38104, us",5701 Christie Avenue
BBQ Bacon Whopper Jr.,$6.39,390 Cal,"1330 poplar avenue, memphis, tn, 38104, us",5701 Christie Avenue
Double Whopper Jr.,$5.79,447 Cal,"1330 poplar avenue, memphis, tn, 38104, us",5701 Christie Avenue
Whopper Jr.,$4.79,330 Cal,"1330 poplar avenue, memphis, tn, 38104, us",5701 Christie Avenue
Bacon Double Cheeseburger,$5.19,440 Cal,"1330 poplar avenue, memphis, tn, 38104, us",5701 Christie Avenue
Bacon Cheeseburger,$3.59,340 Cal,"1330 poplar avenue, memphis, tn, 38104, us",5701 Christie Avenue
Double Cheeseburger,$3.79,400 Cal,"1330 poplar avenue, memphis, tn, 38104, us",5701 Christie Avenue
Cheeseburger,$3.29,290 Cal,"1330 poplar avenue, memphis, tn, 38104, us",5701 Christie Avenue
Rodeo Burger,$3.29,340 Cal,"1330 poplar avenue, memphis, tn, 38104, us",5701 Christie Avenue
Hamburger,$3.49,250 Cal,"1330 poplar avenue, memphis, tn, 38104, us",5701 Christie Avenue
Have-sies™,$4.39,380 Cal,"1330 poplar avenue, memphis, tn, 38104, us",5701 Christie Avenue
French Fries,$4.09,370 Cal,"1330 poplar avenue, memphis, tn, 38104, us",5701 Christie Avenue
Onion Rings,$4.09,360 Cal,"1330 poplar avenue, memphis, tn, 38104, us",5701 Christie Avenue
Fiery Chicken Fries,$4.99,260 Cal,"1330 poplar avenue, memphis, tn, 38104, us",5701 Christie Avenue
Fiery Mozzarella Fries,$5.29,450 Cal,"1330 poplar avenue, memphis, tn, 38104, us",5701 Christie Avenue
Chicken Fries,$4.99,220 Cal,"1330 poplar avenue, memphis, tn, 38104, us",5701 Christie Avenue
Mozzarella Fries,$4.99,480 Cal,"1330 poplar avenue, memphis, tn, 38104, us",5701 Christie Avenue
Chicken Nuggets,$2.99,390 Cal,"1330 poplar avenue, memphis, tn, 38104, us",5701 Christie Avenue
Mott's® Applesauce,$1.49,50 Cal,"1330 poplar avenue, memphis, tn, 38104, us",5701 Christie Avenue
Crispy Tacos,$1.99,170 Cal,"1330 poplar avenue, memphis, tn, 38104, us",5701 Christie Avenue
Fiery Bacon Whopper®,$7.39,800 Cal,"1075 south state street, orem, ut, 84097, us",1075 South State Street
Whopper,$5.79,670 Cal,"1075 south state street, orem, ut, 84097, us",1075 South State Street
Impossible™ Whopper,$6.79,630 Cal,"1075 south state street, orem, ut, 84097, us",1075 South State Street
Texas Double Whopper,$9.19,"1,090 Cal","1075 south state street, orem, ut, 84097, us",1075 South State Street
Double Whopper,$7.59,920 Cal,"1075 south state street, orem, ut, 84097, us",1075 South State Street
Triple Whopper,$9.39,"1,170 Cal","1075 south state street, orem, ut, 84097, us",1075 South State Street
Bacon King,$8.29,"1,200 Cal","1075 south state street, orem, ut, 84097, us",1075 South State Street
BBQ Bacon Whopper Jr.,$3.79,390 Cal,"1075 south state street, orem, ut, 84097, us",1075 South State Street
Double Whopper Jr.,$4.09,447 Cal,"1075 south state street, orem, ut, 84097, us",1075 South State Street
Whopper Jr.,$3.29,330 Cal,"1075 south state street, orem, ut, 84097, us",1075 South State Street
Bacon Double Cheeseburger,$4.19,440 Cal,"1075 south state street, orem, ut, 84097, us",1075 South State Street
Bacon Cheeseburger,$3.29,340 Cal,"1075 south state street, orem, ut, 84097, us",1075 South State Street
Double Cheeseburger,$3.29,400 Cal,"1075 south state street, orem, ut, 84097, us",1075 South State Street
Cheeseburger,$2.29,290 Cal,"1075 south state street, orem, ut, 84097, us",1075 South State Street
Rodeo Burger,$2.19,340 Cal,"1075 south state street, orem, ut, 84097, us",1075 South State Street
Hamburger,$2.09,250 Cal,"1075 south state street, orem, ut, 84097, us",1075 South State Street
Have-sies™,$3.29,380 Cal,"1075 south state street, orem, ut, 84097, us",1075 South State Street
French Fries,$3.29,370 Cal,"1075 south state street, orem, ut, 84097, us",1075 South State Street
Onion Rings,$3.29,360 Cal,"1075 south state street, orem, ut, 84097, us",1075 South State Street
Fiery Chicken Fries,$3.99,260 Cal,"1075 south state street, orem, ut, 84097, us",1075 South State Street
Fiery Mozzarella Fries,$4.29,450 Cal,"1075 south state street, orem, ut, 84097, us",1075 South State Street
Chicken Fries,$3.99,220 Cal,"1075 south state street, orem, ut, 84097, us",1075 South State Street
Mozzarella Fries,$3.99,480 Cal,"1075 south state street, orem, ut, 84097, us",1075 South State Street
Chicken Nuggets,$2.49,390 Cal,"1075 south state street, orem, ut, 84097, us",1075 South State Street
Mott's® Applesauce,$1.49,50 Cal,"1075 south state street, orem, ut, 84097, us",1075 South State Street
Whopper,$5.49,670 Cal,"1094 federal road, houston, tx, 77015, us",1094 Federal Road
Impossible™ Whopper,$6.49,630 Cal,"1094 federal road, houston, tx, 77015, us",1094 Federal Road
Texas Double Whopper,$8.59,"1,090 Cal","1094 federal road, houston, tx, 77015, us",1094 Federal Road
Double Whopper,$6.59,920 Cal,"1094 federal road, houston, tx, 77015, us",1094 Federal Road
Triple Whopper,$7.69,"1,170 Cal","1094 federal road, houston, tx, 77015, us",1094 Federal Road
Bacon King,$8.59,"1,200 Cal","1094 federal road, houston, tx, 77015, us",1094 Federal Road
BBQ Bacon Whopper Jr.,$4.09,390 Cal,"1094 federal road, houston, tx, 77015, us",1094 Federal Road
Double Whopper Jr.,$3.49,447 Cal,"1094 federal road, houston, tx, 77015, us",1094 Federal Road
Whopper Jr.,$2.59,330 Cal,"1094 federal road, houston, tx, 77015, us",1094 Federal Road
Bacon Double Cheeseburger,$3.59,440 Cal,"1094 federal road, houston, tx, 77015, us",1094 Federal Road
Bacon Cheeseburger,$2.49,340 Cal,"1094 federal road, houston, tx, 77015, us",1094 Federal Road
Double Cheeseburger,$2.89,400 Cal,"1094 federal road, houston, tx, 77015, us",1094 Federal Road
Cheeseburger,$1.89,290 Cal,"1094 federal road, houston, tx, 77015, us",1094 Federal Road
Rodeo Burger,$1.89,340 Cal,"1094 federal road, houston, tx, 77015, us",1094 Federal Road
Hamburger,$1.69,250 Cal,"1094 federal road, houston, tx, 77015, us",1094 Federal Road
Have-sies™,$2.69,380 Cal,"1094 federal road, houston, tx, 77015, us",1094 Federal Road
French Fries,$2.69,370 Cal,"1094 federal road, houston, tx, 77015, us",1094 Federal Road
Onion Rings,$2.69,360 Cal,"1094 federal road, houston, tx, 77015, us",1094 Federal Road
Chicken Fries,$3.99,220 Cal,"1094 federal road, houston, tx, 77015, us",1094 Federal Road
Mozzarella Fries,$3.99,480 Cal,"1094 federal road, houston, tx, 77015, us",1094 Federal Road
Chicken Nuggets,$2.49,390 Cal,"1094 federal road, houston, tx, 77015, us",1094 Federal Road
Mott's® Applesauce,$1.59,50 Cal,"1094 federal road, houston, tx, 77015, us",1094 Federal Road
Crispy Tacos,$1.39,170 Cal,"1094 federal road, houston, tx, 77015, us",1094 Federal Road
Fiery Bacon Whopper®,$7.09,800 Cal,"11 west center street, orem, ut, 84057, us",1550 North Broadway
Whopper,$5.99,670 Cal,"11 west center street, orem, ut, 84057, us",1550 North Broadway
Impossible™ Whopper,$6.99,630 Cal,"11 west center street, orem, ut, 84057, us",1550 North Broadway
Texas Double Whopper,$9.09,"1,090 Cal","11 west center street, orem, ut, 84057, us",1550 North Broadway
Double Whopper,$7.09,920 Cal,"11 west center street, orem, ut, 84057, us",1550 North Broadway
Triple Whopper,$8.39,"1,170 Cal","11 west center street, orem, ut, 84057, us",1550 North Broadway
Bacon King,$9.09,"1,200 Cal","11 west center street, orem, ut, 84057, us",1550 North Broadway
BBQ Bacon Whopper Jr.,$4.49,390 Cal,"11 west center street, orem, ut, 84057, us",1550 North Broadway
Double Whopper Jr.,$4.09,447 Cal,"11 west center street, orem, ut, 84057, us",1550 North Broadway
Whopper Jr.,$3.19,330 Cal,"11 west center street, orem, ut, 84057, us",1550 North Broadway
Bacon Double Cheeseburger,$3.79,440 Cal,"11 west center street, orem, ut, 84057, us",1550 North Broadway
Bacon Cheeseburger,$2.89,340 Cal,"11 west center street, orem, ut, 84057, us",1550 North Broadway
Double Cheeseburger,$3.19,400 Cal,"11 west center street, orem, ut, 84057, us",1550 North Broadway
Cheeseburger,$2.19,290 Cal,"11 west center street, orem, ut, 84057, us",1550 North Broadway
Rodeo Burger,$2.09,340 Cal,"11 west center street, orem, ut, 84057, us",1550 North Broadway
Hamburger,$1.89,250 Cal,"11 west center street, orem, ut, 84057, us",1550 North Broadway
Have-sies™,$3.19,380 Cal,"11 west center street, orem, ut, 84057, us",1550 North Broadway
French Fries,$3.19,370 Cal,"11 west center street, orem, ut, 84057, us",1550 North Broadway
Onion Rings,$3.19,360 Cal,"11 west center street, orem, ut, 84057, us",1550 North Broadway
Fiery Chicken Fries,$3.99,260 Cal,"11 west center street, orem, ut, 84057, us",1550 North Broadway
Fiery Mozzarella Fries,$4.29,450 Cal,"11 west center street, orem, ut, 84057, us",1550 North Broadway
Chicken Fries,$3.99,220 Cal,"11 west center street, orem, ut, 84057, us",1550 North Broadway
Mozzarella Fries,$3.99,480 Cal,"11 west center street, orem, ut, 84057, us",1550 North Broadway
Chicken Nuggets,$2.49,390 Cal,"11 west center street, orem, ut, 84057, us",1550 North Broadway
Mott's® Applesauce,$1.49,50 Cal,"11 west center street, orem, ut, 84057, us",1550 North Broadway
Fiery Bacon Whopper®,$6.59,800 Cal,"11001a fuqua, houston, tx, 77089, us",11001A Fuqua
Whopper,$5.49,670 Cal,"11001a fuqua, houston, tx, 77089, us",11001A Fuqua
Impossible™ Whopper,$6.49,630 Cal,"11001a fuqua, houston, tx, 77089, us",11001A Fuqua
Texas Double Whopper,$8.59,"1,090 Cal","11001a fuqua, houston, tx, 77089, us",11001A Fuqua
Double Whopper,$6.59,920 Cal,"11001a fuqua, houston, tx, 77089, us",11001A Fuqua
Triple Whopper,$7.69,"1,170 Cal","11001a fuqua, houston, tx, 77089, us",11001A Fuqua
Bacon King,$8.59,"1,200 Cal","11001a fuqua, houston, tx, 77089, us",11001A Fuqua
BBQ Bacon Whopper Jr.,$4.09,390 Cal,"11001a fuqua, houston, tx, 77089, us",11001A Fuqua
Double Whopper Jr.,$3.49,447 Cal,"11001a fuqua, houston, tx, 77089, us",11001A Fuqua
Whopper Jr.,$2.59,330 Cal,"11001a fuqua, houston, tx, 77089, us",11001A Fuqua
Bacon Double Cheeseburger,$3.59,440 Cal,"11001a fuqua, houston, tx, 77089, us",11001A Fuqua
Bacon Cheeseburger,$2.49,340 Cal,"11001a fuqua, houston, tx, 77089, us",11001A Fuqua
Double Cheeseburger,$2.89,400 Cal,"11001a fuqua, houston, tx, 77089, us",11001A Fuqua
Cheeseburger,$1.89,290 Cal,"11001a fuqua, houston, tx, 77089, us",11001A Fuqua
Rodeo Burger,$1.89,340 Cal,"11001a fuqua, houston, tx, 77089, us",11001A Fuqua
Hamburger,$1.69,250 Cal,"11001a fuqua, houston, tx, 77089, us",11001A Fuqua
Have-sies™,$2.69,380 Cal,"11001a fuqua, houston, tx, 77089, us",11001A Fuqua
French Fries,$2.69,370 Cal,"11001a fuqua, houston, tx, 77089, us",11001A Fuqua
Onion Rings,$2.69,360 Cal,"11001a fuqua, houston, tx, 77089, us",11001A Fuqua
Fiery Chicken Fries,$3.99,260 Cal,"11001a fuqua, houston, tx, 77089, us",11001A Fuqua
Fiery Mozzarella Fries,$4.29,450 Cal,"11001a fuqua, houston, tx, 77089, us",11001A Fuqua
Chicken Fries,$3.99,220 Cal,"11001a fuqua, houston, tx, 77089, us",11001A Fuqua
Mozzarella Fries,$3.99,480 Cal,"11001a fuqua, houston, tx, 77089, us",11001A Fuqua
Chicken Nuggets,$2.49,390 Cal,"11001a fuqua, houston, tx, 77089, us",11001A Fuqua
Mott's® Applesauce,$1.59,50 Cal,"11001a fuqua, houston, tx, 77089, us",11001A Fuqua
Crispy Tacos,$1.39,170 Cal,"11001a fuqua, houston, tx, 77089, us",11001A Fuqua
Fiery Bacon Royal Crispy Chicken,$8.39,930 Cal,"1104 north broadway, wichita, ks, 67214, us",1104 North Broadway
Royal Crispy Chicken,$5.69,600 Cal,"1104 north broadway, wichita, ks, 67214, us",1104 North Broadway
Fiery Royal Crispy Chicken,$6.19,760 Cal,"1104 north broadway, wichita, ks, 67214, us",1104 North Broadway
Bacon and Swiss Royal Crispy Chicken,$7.89,740 Cal,"1104 north broadway, wichita, ks, 67214, us",1104 North Broadway
Original Chicken Sandwich,$6.59,680 Cal,"1104 north broadway, wichita, ks, 67214, us",1104 North Broadway
Chicken Fries,$4.39,220 Cal,"1104 north broadway, wichita, ks, 67214, us",1104 North Broadway
Chicken Nuggets,$2.99,390 Cal,"1104 north broadway, wichita, ks, 67214, us",1104 North Broadway
Big Fish,$5.89,570 Cal,"1104 north broadway, wichita, ks, 67214, us",1104 North Broadway
Chicken Jr.,$2.59,440 Cal,"1104 north broadway, wichita, ks, 67214, us",1104 North Broadway
Chicken Philly Royal Crispy Wrap,$2.99,360 Cal,"1104 north broadway, wichita, ks, 67214, us",1104 North Broadway
Royal Crispy Wrap,$2.99,310 Cal,"1104 north broadway, wichita, ks, 67214, us",1104 North Broadway
Fiery Royal Crispy Wrap,$2.99,390 Cal,"1104 north broadway, wichita, ks, 67214, us",1104 North Broadway
Honey Mustard Royal Crispy Wrap,$2.99,290 Cal,"1104 north broadway, wichita, ks, 67214, us",1104 North Broadway
2 Pc. Taco,$2.79,420 Cal,"1104 north broadway, wichita, ks, 67214, us",1104 North Broadway
Coca-Cola,$3.29,350 Cal,"1104 north broadway, wichita, ks, 67214, us",1104 North Broadway
Diet Coke,$3.29,0 Cal,"1104 north broadway, wichita, ks, 67214, us",1104 North Broadway
Coca-Cola Zero Sugar,$3.29,0 Cal,"1104 north broadway, wichita, ks, 67214, us",1104 North Broadway
Dr Pepper®,$3.29,350 Cal,"1104 north broadway, wichita, ks, 67214, us",1104 North Broadway
Fiery Strawberry & Sprite®,$3.59,190 Cal,"1104 north broadway, wichita, ks, 67214, us",1104 North Broadway
Sprite,$3.29,330 Cal,"1104 north broadway, wichita, ks, 67214, us",1104 North Broadway
Shakes,$4.59,640 Cal,"1104 north broadway, wichita, ks, 67214, us",1104 North Broadway
Pure Life® Purified Water,$2.69,0 Cal,"1104 north broadway, wichita, ks, 67214, us",1104 North Broadway
Pure Life® Purified Water,$2.69,0 Cal,"1104 north broadway, wichita, ks, 67214, us",1104 North Broadway
Sweetened Iced Tea,$3.29,160 Cal,"1104 north broadway, wichita, ks, 67214, us",1104 North Broadway
Unsweetened Iced Tea,$3.29,0 Cal,"1104 north broadway, wichita, ks, 67214, us",1104 North Broadway
Minute Maid Lemonade,$3.29,260 Cal,"1104 north broadway, wichita, ks, 67214, us",1104 North Broadway
Barq's,$3.29,380 Cal,"1104 north broadway, wichita, ks, 67214, us",1104 North Broadway
Fanta Orange,$3.29,370 Cal,"1104 north broadway, wichita, ks, 67214, us",1104 North Broadway
Honest Kids® Apple Juice Drink,$1.99,35 Cal,"1104 north broadway, wichita, ks, 67214, us",1104 North Broadway
Frozen Pink Lemonade,$1.89,140 Cal,"1104 north broadway, wichita, ks, 67214, us",1104 North Broadway
Frozen Coke®,$1.89,160 Cal,"1104 north broadway, wichita, ks, 67214, us",1104 North Broadway
Frozen Fanta® Wild Cherry,$1.89,160 Cal,"1104 north broadway, wichita, ks, 67214, us",1104 North Broadway
BK Café,$1.99,0 Cal,"1104 north broadway, wichita, ks, 67214, us",1104 North Broadway
BK Café Decaf,$1.99,0 Cal,"1104 north broadway, wichita, ks, 67214, us",1104 North Broadway
BK Café Iced Coffee,$2.99,200 Cal,"1104 north broadway, wichita, ks, 67214, us",1104 North Broadway
Fat Free Milk,$2.79,90 Cal,"1104 north broadway, wichita, ks, 67214, us",1104 North Broadway
Simply® Orange Juice,$2.69,160 Cal,"1104 north broadway, wichita, ks, 67214, us",1104 North Broadway
Fiery Bacon Whopper®,$7.99,800 Cal,"1107 73rd street, windsor heights, ia, 50324, us",1107 73rd Street
Whopper,$5.99,670 Cal,"1107 73rd street, windsor heights, ia, 50324, us",1107 73rd Street
Impossible™ Whopper,$7.19,630 Cal,"1107 73rd street, windsor heights, ia, 50324, us",1107 73rd Street
Texas Double Whopper,$9.09,"1,090 Cal","1107 73rd street, windsor heights, ia, 50324, us",1107 73rd Street
Double Whopper,$7.49,920 Cal,"1107 73rd street, windsor heights, ia, 50324, us",1107 73rd Street
Triple Whopper,$8.49,"1,170 Cal","1107 73rd street, windsor heights, ia, 50324, us",1107 73rd Street
Bacon King,$8.49,"1,200 Cal","1107 73rd street, windsor heights, ia, 50324, us",1107 73rd Street
BBQ Bacon Whopper Jr.,$3.59,390 Cal,"1107 73rd street, windsor heights, ia, 50324, us",1107 73rd Street
Double Whopper Jr.,$3.99,447 Cal,"1107 73rd street, windsor heights, ia, 50324, us",1107 73rd Street
Whopper Jr.,$2.99,330 Cal,"1107 73rd street, windsor heights, ia, 50324, us",1107 73rd Street
Bacon Double Cheeseburger,$4.09,440 Cal,"1107 73rd street, windsor heights, ia, 50324, us",1107 73rd Street
Bacon Cheeseburger,$3.19,340 Cal,"1107 73rd street, windsor heights, ia, 50324, us",1107 73rd Street
Double Cheeseburger,$3.49,400 Cal,"1107 73rd street, windsor heights, ia, 50324, us",1107 73rd Street
Cheeseburger,$2.59,290 Cal,"1107 73rd street, windsor heights, ia, 50324, us",1107 73rd Street
Rodeo Burger,$2.29,340 Cal,"1107 73rd street, windsor heights, ia, 50324, us",1107 73rd Street
Hamburger,$1.99,250 Cal,"1107 73rd street, windsor heights, ia, 50324, us",1107 73rd Street
Have-sies™,$3.39,380 Cal,"1107 73rd street, windsor heights, ia, 50324, us",1107 73rd Street
French Fries,$3.39,370 Cal,"1107 73rd street, windsor heights, ia, 50324, us",1107 73rd Street
Onion Rings,$3.39,360 Cal,"1107 73rd street, windsor heights, ia, 50324, us",1107 73rd Street
Fiery Chicken Fries,$3.99,260 Cal,"1107 73rd street, windsor heights, ia, 50324, us",1107 73rd Street
Fiery Mozzarella Fries,$4.09,450 Cal,"1107 73rd street, windsor heights, ia, 50324, us",1107 73rd Street
Chicken Fries,$3.99,220 Cal,"1107 73rd street, windsor heights, ia, 50324, us",1107 73rd Street
Mozzarella Fries,$3.79,480 Cal,"1107 73rd street, windsor heights, ia, 50324, us",1107 73rd Street
Chicken Nuggets,$2.99,390 Cal,"1107 73rd street, windsor heights, ia, 50324, us",1107 73rd Street
Mott's® Applesauce,$1.49,50 Cal,"1107 73rd street, windsor heights, ia, 50324, us",1107 73rd Street
Fiery Bacon Whopper®,$8.59,800 Cal,"1131 lexington road, georgetown, ky, 40324, us",6021 Central Avenue
Whopper,$7.49,670 Cal,"1131 lexington road, georgetown, ky, 40324, us",6021 Central Avenue
Impossible™ Whopper,$7.99,630 Cal,"1131 lexington road, georgetown, ky, 40324, us",6021 Central Avenue
Texas Double Whopper,$9.89,"1,090 Cal","1131 lexington road, georgetown, ky, 40324, us",6021 Central Avenue
Double Whopper,$8.49,920 Cal,"1131 lexington road, georgetown, ky, 40324, us",6021 Central Avenue
Triple Whopper,$9.49,"1,170 Cal","1131 lexington road, georgetown, ky, 40324, us",6021 Central Avenue
Bacon King,$10.39,"1,200 Cal","1131 lexington road, georgetown, ky, 40324, us",6021 Central Avenue
BBQ Bacon Whopper Jr.,$5.79,390 Cal,"1131 lexington road, georgetown, ky, 40324, us",6021 Central Avenue
Double Whopper Jr.,$5.19,447 Cal,"1131 lexington road, georgetown, ky, 40324, us",6021 Central Avenue
Whopper Jr.,$4.19,330 Cal,"1131 lexington road, georgetown, ky, 40324, us",6021 Central Avenue
Bacon Double Cheeseburger,$4.59,440 Cal,"1131 lexington road, georgetown, ky, 40324, us",6021 Central Avenue
Bacon Cheeseburger,$3.59,340 Cal,"1131 lexington road, georgetown, ky, 40324, us",6021 Central Avenue
Double Cheeseburger,$3.79,400 Cal,"1131 lexington road, georgetown, ky, 40324, us",6021 Central Avenue
Cheeseburger,$3.29,290 Cal,"1131 lexington road, georgetown, ky, 40324, us",6021 Central Avenue
Rodeo Burger,$3.29,340 Cal,"1131 lexington road, georgetown, ky, 40324, us",6021 Central Avenue
Hamburger,$2.89,250 Cal,"1131 lexington road, georgetown, ky, 40324, us",6021 Central Avenue
Have-sies™,$4.39,380 Cal,"1131 lexington road, georgetown, ky, 40324, us",6021 Central Avenue
French Fries,$4.09,370 Cal,"1131 lexington road, georgetown, ky, 40324, us",6021 Central Avenue
Onion Rings,$4.09,360 Cal,"1131 lexington road, georgetown, ky, 40324, us",6021 Central Avenue
Fiery Chicken Fries,$4.99,260 Cal,"1131 lexington road, georgetown, ky, 40324, us",6021 Central Avenue
Fiery Mozzarella Fries,$5.29,450 Cal,"1131 lexington road, georgetown, ky, 40324, us",6021 Central Avenue
Chicken Fries,$4.99,220 Cal,"1131 lexington road, georgetown, ky, 40324, us",6021 Central Avenue
Mozzarella Fries,$4.99,480 Cal,"1131 lexington road, georgetown, ky, 40324, us",6021 Central Avenue
Chicken Nuggets,$2.99,390 Cal,"1131 lexington road, georgetown, ky, 40324, us",6021 Central Avenue
Mott's® Applesauce,$1.49,50 Cal,"1131 lexington road, georgetown, ky, 40324, us",6021 Central Avenue
Crispy Tacos,$1.99,170 Cal,"1131 lexington road, georgetown, ky, 40324, us",6021 Central Avenue
Fiery Bacon Whopper®,$6.99,800 Cal,"11404 east northwest highway, dallas, tx, 75218, us",11404 East Northwest Highway
Whopper,$6.19,670 Cal,"11404 east northwest highway, dallas, tx, 75218, us",11404 East Northwest Highway
Impossible™ Whopper,$6.99,630 Cal,"11404 east northwest highway, dallas, tx, 75218, us",11404 East Northwest Highway
Texas Double Whopper,$8.99,"1,090 Cal","11404 east northwest highway, dallas, tx, 75218, us",11404 East Northwest Highway
Double Whopper,$8.69,920 Cal,"11404 east northwest highway, dallas, tx, 75218, us",11404 East Northwest Highway
Triple Whopper,$11.19,"1,170 Cal","11404 east northwest highway, dallas, tx, 75218, us",11404 East Northwest Highway
Bacon King,$8.99,"1,200 Cal","11404 east northwest highway, dallas, tx, 75218, us",11404 East Northwest Highway
BBQ Bacon Whopper Jr.,$3.89,390 Cal,"11404 east northwest highway, dallas, tx, 75218, us",11404 East Northwest Highway
Double Whopper Jr.,$3.99,447 Cal,"11404 east northwest highway, dallas, tx, 75218, us",11404 East Northwest Highway
Whopper Jr.,$2.99,330 Cal,"11404 east northwest highway, dallas, tx, 75218, us",11404 East Northwest Highway
Bacon Double Cheeseburger,$3.79,440 Cal,"11404 east northwest highway, dallas, tx, 75218, us",11404 East Northwest Highway
Bacon Cheeseburger,$2.49,340 Cal,"11404 east northwest highway, dallas, tx, 75218, us",11404 East Northwest Highway
Double Cheeseburger,$2.99,400 Cal,"11404 east northwest highway, dallas, tx, 75218, us",11404 East Northwest Highway
Cheeseburger,$1.89,290 Cal,"11404 east northwest highway, dallas, tx, 75218, us",11404 East Northwest Highway
Rodeo Burger,$1.99,340 Cal,"11404 east northwest highway, dallas, tx, 75218, us",11404 East Northwest Highway
Hamburger,$1.69,250 Cal,"11404 east northwest highway, dallas, tx, 75218, us",11404 East Northwest Highway
Have-sies™,$2.79,380 Cal,"11404 east northwest highway, dallas, tx, 75218, us",11404 East Northwest Highway
French Fries,$2.79,370 Cal,"11404 east northwest highway, dallas, tx, 75218, us",11404 East Northwest Highway
Onion Rings,$2.79,360 Cal,"11404 east northwest highway, dallas, tx, 75218, us",11404 East Northwest Highway
Fiery Chicken Fries,$3.99,260 Cal,"11404 east northwest highway, dallas, tx, 75218, us",11404 East Northwest Highway
Fiery Mozzarella Fries,$4.29,450 Cal,"11404 east northwest highway, dallas, tx, 75218, us",11404 East Northwest Highway
Chicken Fries,$3.99,220 Cal,"11404 east northwest highway, dallas, tx, 75218, us",11404 East Northwest Highway
Mozzarella Fries,$3.79,480 Cal,"11404 east northwest highway, dallas, tx, 75218, us",11404 East Northwest Highway
Chicken Nuggets,$2.49,390 Cal,"11404 east northwest highway, dallas, tx, 75218, us",11404 East Northwest Highway
Mott's® Applesauce,$1.59,50 Cal,"11404 east northwest highway, dallas, tx, 75218, us",11404 East Northwest Highway
Fiery Bacon Whopper®,$6.99,800 Cal,"11711 abercorn st., savannah, ga, 31419, us",11711 Abercorn St
Whopper,$5.99,670 Cal,"11711 abercorn st., savannah, ga, 31419, us",11711 Abercorn St
Impossible™ Whopper,$6.99,630 Cal,"11711 abercorn st., savannah, ga, 31419, us",11711 Abercorn St
Texas Double Whopper,$7.99,"1,090 Cal","11711 abercorn st., savannah, ga, 31419, us",11711 Abercorn St
Double Whopper,$7.19,920 Cal,"11711 abercorn st., savannah, ga, 31419, us",11711 Abercorn St
Triple Whopper,$8.39,"1,170 Cal","11711 abercorn st., savannah, ga, 31419, us",11711 Abercorn St
Bacon King,$7.69,"1,200 Cal","11711 abercorn st., savannah, ga, 31419, us",11711 Abercorn St
BBQ Bacon Whopper Jr.,$3.49,390 Cal,"11711 abercorn st., savannah, ga, 31419, us",11711 Abercorn St
Double Whopper Jr.,$3.69,447 Cal,"11711 abercorn st., savannah, ga, 31419, us",11711 Abercorn St
Whopper Jr.,$2.99,330 Cal,"11711 abercorn st., savannah, ga, 31419, us",11711 Abercorn St
Bacon Double Cheeseburger,$3.69,440 Cal,"11711 abercorn st., savannah, ga, 31419, us",11711 Abercorn St
Bacon Cheeseburger,$2.79,340 Cal,"11711 abercorn st., savannah, ga, 31419, us",11711 Abercorn St
Double Cheeseburger,$2.99,400 Cal,"11711 abercorn st., savannah, ga, 31419, us",11711 Abercorn St
Cheeseburger,$2.39,290 Cal,"11711 abercorn st., savannah, ga, 31419, us",11711 Abercorn St
Rodeo Burger,$2.39,340 Cal,"11711 abercorn st., savannah, ga, 31419, us",11711 Abercorn St
Hamburger,$1.99,250 Cal,"11711 abercorn st., savannah, ga, 31419, us",11711 Abercorn St
Have-sies™,$2.99,380 Cal,"11711 abercorn st., savannah, ga, 31419, us",11711 Abercorn St
French Fries,$2.99,370 Cal,"11711 abercorn st., savannah, ga, 31419, us",11711 Abercorn St
Onion Rings,$2.99,360 Cal,"11711 abercorn st., savannah, ga, 31419, us",11711 Abercorn St
Fiery Chicken Fries,$3.99,260 Cal,"11711 abercorn st., savannah, ga, 31419, us",11711 Abercorn St
Fiery Mozzarella Fries,$4.29,450 Cal,"11711 abercorn st., savannah, ga, 31419, us",11711 Abercorn St
Chicken Fries,$3.99,220 Cal,"11711 abercorn st., savannah, ga, 31419, us",11711 Abercorn St
Mozzarella Fries,$3.79,480 Cal,"11711 abercorn st., savannah, ga, 31419, us",11711 Abercorn St
Chicken Nuggets,$2.49,390 Cal,"11711 abercorn st., savannah, ga, 31419, us",11711 Abercorn St
Mott's® Applesauce,$1.49,50 Cal,"11711 abercorn st., savannah, ga, 31419, us",11711 Abercorn St
Fiery Bacon Whopper®,$7.79,800 Cal,"1190 west sunset drive, waukesha, wi, 53189, us",1190 West Sunset Drive
Whopper,$6.89,670 Cal,"1190 west sunset drive, waukesha, wi, 53189, us",1190 West Sunset Drive
Impossible™ Whopper,$7.89,630 Cal,"1190 west sunset drive, waukesha, wi, 53189, us",1190 West Sunset Drive
Texas Double Whopper,$9.99,"1,090 Cal","1190 west sunset drive, waukesha, wi, 53189, us",1190 West Sunset Drive
Double Whopper,$8.29,920 Cal,"1190 west sunset drive, waukesha, wi, 53189, us",1190 West Sunset Drive
Triple Whopper,$10.19,"1,170 Cal","1190 west sunset drive, waukesha, wi, 53189, us",1190 West Sunset Drive
Bacon King,$8.89,"1,200 Cal","1190 west sunset drive, waukesha, wi, 53189, us",1190 West Sunset Drive
BBQ Bacon Whopper Jr.,$4.59,390 Cal,"1190 west sunset drive, waukesha, wi, 53189, us",1190 West Sunset Drive
Double Whopper Jr.,$4.69,447 Cal,"1190 west sunset drive, waukesha, wi, 53189, us",1190 West Sunset Drive
Whopper Jr.,$3.99,330 Cal,"1190 west sunset drive, waukesha, wi, 53189, us",1190 West Sunset Drive
Bacon Double Cheeseburger,$4.19,440 Cal,"1190 west sunset drive, waukesha, wi, 53189, us",1190 West Sunset Drive
Bacon Cheeseburger,$3.15,340 Cal,"1190 west sunset drive, waukesha, wi, 53189, us",1190 West Sunset Drive
Double Cheeseburger,$3.49,400 Cal,"1190 west sunset drive, waukesha, wi, 53189, us",1190 West Sunset Drive
Cheeseburger,$2.35,290 Cal,"1190 west sunset drive, waukesha, wi, 53189, us",1190 West Sunset Drive
Rodeo Burger,$2.19,340 Cal,"1190 west sunset drive, waukesha, wi, 53189, us",1190 West Sunset Drive
Hamburger,$1.99,250 Cal,"1190 west sunset drive, waukesha, wi, 53189, us",1190 West Sunset Drive
Have-sies™,$3.29,380 Cal,"1190 west sunset drive, waukesha, wi, 53189, us",1190 West Sunset Drive
French Fries,$3.59,370 Cal,"1190 west sunset drive, waukesha, wi, 53189, us",1190 West Sunset Drive
Onion Rings,$3.29,360 Cal,"1190 west sunset drive, waukesha, wi, 53189, us",1190 West Sunset Drive
Fiery Chicken Fries,$3.99,260 Cal,"1190 west sunset drive, waukesha, wi, 53189, us",1190 West Sunset Drive
Fiery Mozzarella Fries,$4.29,450 Cal,"1190 west sunset drive, waukesha, wi, 53189, us",1190 West Sunset Drive
Chicken Fries,$3.99,220 Cal,"1190 west sunset drive, waukesha, wi, 53189, us",1190 West Sunset Drive
Mozzarella Fries,$3.79,480 Cal,"1190 west sunset drive, waukesha, wi, 53189, us",1190 West Sunset Drive
Chicken Nuggets,$2.49,390 Cal,"1190 west sunset drive, waukesha, wi, 53189, us",1190 West Sunset Drive
Mott's® Applesauce,$1.49,50 Cal,"1190 west sunset drive, waukesha, wi, 53189, us",1190 West Sunset Drive
Fiery Bacon Whopper®,$6.99,800 Cal,"1197 berkshire blvd, reading, pa, 19610, us",1197 Berkshire Blvd
Whopper,$5.89,670 Cal,"1197 berkshire blvd, reading, pa, 19610, us",1197 Berkshire Blvd
Impossible™ Whopper,$6.89,630 Cal,"1197 berkshire blvd, reading, pa, 19610, us",1197 Berkshire Blvd
Texas Double Whopper,$7.89,"1,090 Cal","1197 berkshire blvd, reading, pa, 19610, us",1197 Berkshire Blvd
Double Whopper,$7.39,920 Cal,"1197 berkshire blvd, reading, pa, 19610, us",1197 Berkshire Blvd
Triple Whopper,$9.09,"1,170 Cal","1197 berkshire blvd, reading, pa, 19610, us",1197 Berkshire Blvd
Bacon King,$7.99,"1,200 Cal","1197 berkshire blvd, reading, pa, 19610, us",1197 Berkshire Blvd
Double Whopper Jr.,$4.39,447 Cal,"1197 berkshire blvd, reading, pa, 19610, us",1197 Berkshire Blvd
Whopper Jr.,$3.39,330 Cal,"1197 berkshire blvd, reading, pa, 19610, us",1197 Berkshire Blvd
Bacon Double Cheeseburger,$4.09,440 Cal,"1197 berkshire blvd, reading, pa, 19610, us",1197 Berkshire Blvd
Bacon Cheeseburger,$3.09,340 Cal,"1197 berkshire blvd, reading, pa, 19610, us",1197 Berkshire Blvd
Double Cheeseburger,$3.09,400 Cal,"1197 berkshire blvd, reading, pa, 19610, us",1197 Berkshire Blvd
Cheeseburger,$2.59,290 Cal,"1197 berkshire blvd, reading, pa, 19610, us",1197 Berkshire Blvd
Rodeo Burger,$2.59,340 Cal,"1197 berkshire blvd, reading, pa, 19610, us",1197 Berkshire Blvd
Hamburger,$2.09,250 Cal,"1197 berkshire blvd, reading, pa, 19610, us",1197 Berkshire Blvd
Have-sies™,$2.99,380 Cal,"1197 berkshire blvd, reading, pa, 19610, us",1197 Berkshire Blvd
French Fries,$2.99,370 Cal,"1197 berkshire blvd, reading, pa, 19610, us",1197 Berkshire Blvd
Onion Rings,$2.99,360 Cal,"1197 berkshire blvd, reading, pa, 19610, us",1197 Berkshire Blvd
Chicken Fries,$3.99,220 Cal,"1197 berkshire blvd, reading, pa, 19610, us",1197 Berkshire Blvd
Mozzarella Fries,$3.99,480 Cal,"1197 berkshire blvd, reading, pa, 19610, us",1197 Berkshire Blvd
Chicken Nuggets,$2.49,390 Cal,"1197 berkshire blvd, reading, pa, 19610, us",1197 Berkshire Blvd
Mott's® Applesauce,$1.69,50 Cal,"1197 berkshire blvd, reading, pa, 19610, us",1197 Berkshire Blvd
Fiery Bacon Whopper®,$6.69,800 Cal,"120 brownswitch road, slidell, la, 70458, us",120 Brownswitch Rd.
Whopper,$5.59,670 Cal,"120 brownswitch road, slidell, la, 70458, us",120 Brownswitch Rd.
Impossible™ Whopper,$6.69,630 Cal,"120 brownswitch road, slidell, la, 70458, us",120 Brownswitch Rd.
Texas Double Whopper,$7.69,"1,090 Cal","120 brownswitch road, slidell, la, 70458, us",120 Brownswitch Rd.
Double Whopper,$7.09,920 Cal,"120 brownswitch road, slidell, la, 70458, us",120 Brownswitch Rd.
Triple Whopper,$8.89,"1,170 Cal","120 brownswitch road, slidell, la, 70458, us",120 Brownswitch Rd.
Bacon King,$7.89,"1,200 Cal","120 brownswitch road, slidell, la, 70458, us",120 Brownswitch Rd.
BBQ Bacon Whopper Jr.,$4.29,390 Cal,"120 brownswitch road, slidell, la, 70458, us",120 Brownswitch Rd.
Double Whopper Jr.,$5.29,447 Cal,"120 brownswitch road, slidell, la, 70458, us",120 Brownswitch Rd.
Whopper Jr.,$3.29,330 Cal,"120 brownswitch road, slidell, la, 70458, us",120 Brownswitch Rd.
Bacon Double Cheeseburger,$4.09,440 Cal,"120 brownswitch road, slidell, la, 70458, us",120 Brownswitch Rd.
Bacon Cheeseburger,$3.09,340 Cal,"120 brownswitch road, slidell, la, 70458, us",120 Brownswitch Rd.
Double Cheeseburger,$3.09,400 Cal,"120 brownswitch road, slidell, la, 70458, us",120 Brownswitch Rd.
Cheeseburger,$2.39,290 Cal,"120 brownswitch road, slidell, la, 70458, us",120 Brownswitch Rd.
Rodeo Burger,$2.39,340 Cal,"120 brownswitch road, slidell, la, 70458, us",120 Brownswitch Rd.
Hamburger,$2.09,250 Cal,"120 brownswitch road, slidell, la, 70458, us",120 Brownswitch Rd.
Have-sies™,$2.99,380 Cal,"120 brownswitch road, slidell, la, 70458, us",120 Brownswitch Rd.
French Fries,$2.99,370 Cal,"120 brownswitch road, slidell, la, 70458, us",120 Brownswitch Rd.
Onion Rings,$2.99,360 Cal,"120 brownswitch road, slidell, la, 70458, us",120 Brownswitch Rd.
Fiery Chicken Fries,$3.99,260 Cal,"120 brownswitch road, slidell, la, 70458, us",120 Brownswitch Rd.
Fiery Mozzarella Fries,$4.09,450 Cal,"120 brownswitch road, slidell, la, 70458, us",120 Brownswitch Rd.
Chicken Fries,$3.99,220 Cal,"120 brownswitch road, slidell, la, 70458, us",120 Brownswitch Rd.
Mozzarella Fries,$3.79,480 Cal,"120 brownswitch road, slidell, la, 70458, us",120 Brownswitch Rd.
Chicken Nuggets,$2.49,390 Cal,"120 brownswitch road, slidell, la, 70458, us",120 Brownswitch Rd.
Mott's® Applesauce,$1.69,50 Cal,"120 brownswitch road, slidell, la, 70458, us",120 Brownswitch Rd.
Fiery Bacon Whopper®,$6.59,800 Cal,"185 gause blvd., slidell, la, 70458, us",185 Gause Blvd.
Whopper,$5.49,670 Cal,"185 gause blvd., slidell, la, 70458, us",185 Gause Blvd.
Impossible™ Whopper,$6.69,630 Cal,"185 gause blvd., slidell, la, 70458, us",185 Gause Blvd.
Texas Double Whopper,$7.69,"1,090 Cal","185 gause blvd., slidell, la, 70458, us",185 Gause Blvd.
Double Whopper,$6.99,920 Cal,"185 gause blvd., slidell, la, 70458, us",185 Gause Blvd.
Triple Whopper,$8.69,"1,170 Cal","185 gause blvd., slidell, la, 70458, us",185 Gause Blvd.
Bacon King,$7.89,"1,200 Cal","185 gause blvd., slidell, la, 70458, us",185 Gause Blvd.
BBQ Bacon Whopper Jr.,$4.29,390 Cal,"185 gause blvd., slidell, la, 70458, us",185 Gause Blvd.
Double Whopper Jr.,$5.29,447 Cal,"185 gause blvd., slidell, la, 70458, us",185 Gause Blvd.
Whopper Jr.,$3.29,330 Cal,"185 gause blvd., slidell, la, 70458, us",185 Gause Blvd.
Bacon Double Cheeseburger,$4.09,440 Cal,"185 gause blvd., slidell, la, 70458, us",185 Gause Blvd.
Bacon Cheeseburger,$3.09,340 Cal,"185 gause blvd., slidell, la, 70458, us",185 Gause Blvd.
Double Cheeseburger,$3.09,400 Cal,"185 gause blvd., slidell, la, 70458, us",185 Gause Blvd.
Cheeseburger,$2.39,290 Cal,"185 gause blvd., slidell, la, 70458, us",185 Gause Blvd.
Rodeo Burger,$2.39,340 Cal,"185 gause blvd., slidell, la, 70458, us",185 Gause Blvd.
Hamburger,$2.09,250 Cal,"185 gause blvd., slidell, la, 70458, us",185 Gause Blvd.
Have-sies™,$2.99,380 Cal,"185 gause blvd., slidell, la, 70458, us",185 Gause Blvd.
French Fries,$2.99,370 Cal,"185 gause blvd., slidell, la, 70458, us",185 Gause Blvd.
Onion Rings,$2.99,360 Cal,"185 gause blvd., slidell, la, 70458, us",185 Gause Blvd.
Fiery Chicken Fries,$3.99,260 Cal,"185 gause blvd., slidell, la, 70458, us",185 Gause Blvd.
Fiery Mozzarella Fries,$4.09,450 Cal,"185 gause blvd., slidell, la, 70458, us",185 Gause Blvd.
Chicken Fries,$3.99,220 Cal,"185 gause blvd., slidell, la, 70458, us",185 Gause Blvd.
Mozzarella Fries,$3.79,480 Cal,"185 gause blvd., slidell, la, 70458, us",185 Gause Blvd.
Chicken Nuggets,$2.49,390 Cal,"185 gause blvd., slidell, la, 70458, us",185 Gause Blvd.
Mott's® Applesauce,$1.69,50 Cal,"185 gause blvd., slidell, la, 70458, us",185 Gause Blvd.
Fiery Bacon Whopper®,$7.89,800 Cal,"1200 west club boulevard, durham, nc, 27701, us",1200 West Club Boulevard
Whopper,$6.19,670 Cal,"1200 west club boulevard, durham, nc, 27701, us",1200 West Club Boulevard
Impossible™ Whopper,$7.19,630 Cal,"1200 west club boulevard, durham, nc, 27701, us",1200 West Club Boulevard
Double Whopper,$7.49,920 Cal,"1200 west club boulevard, durham, nc, 27701, us",1200 West Club Boulevard
Triple Whopper,$8.49,"1,170 Cal","1200 west club boulevard, durham, nc, 27701, us",1200 West Club Boulevard
Bacon King,$8.49,"1,200 Cal","1200 west club boulevard, durham, nc, 27701, us",1200 West Club Boulevard
BBQ Bacon Whopper Jr.,$3.49,390 Cal,"1200 west club boulevard, durham, nc, 27701, us",1200 West Club Boulevard
Double Whopper Jr.,$2.79,447 Cal,"1200 west club boulevard, durham, nc, 27701, us",1200 West Club Boulevard
Whopper Jr.,$3.79,330 Cal,"1200 west club boulevard, durham, nc, 27701, us",1200 West Club Boulevard
Bacon Double Cheeseburger,$3.19,440 Cal,"1200 west club boulevard, durham, nc, 27701, us",1200 West Club Boulevard
Bacon Cheeseburger,$2.69,340 Cal,"1200 west club boulevard, durham, nc, 27701, us",1200 West Club Boulevard
Double Cheeseburger,$2.99,400 Cal,"1200 west club boulevard, durham, nc, 27701, us",1200 West Club Boulevard
Cheeseburger,$2.19,290 Cal,"1200 west club boulevard, durham, nc, 27701, us",1200 West Club Boulevard
Rodeo Burger,$2.19,340 Cal,"1200 west club boulevard, durham, nc, 27701, us",1200 West Club Boulevard
Hamburger,$1.79,250 Cal,"1200 west club boulevard, durham, nc, 27701, us",1200 West Club Boulevard
Have-sies™,$3.09,380 Cal,"1200 west club boulevard, durham, nc, 27701, us",1200 West Club Boulevard
French Fries,$3.09,370 Cal,"1200 west club boulevard, durham, nc, 27701, us",1200 West Club Boulevard
Onion Rings,$3.09,360 Cal,"1200 west club boulevard, durham, nc, 27701, us",1200 West Club Boulevard
Fiery Chicken Fries,$3.99,260 Cal,"1200 west club boulevard, durham, nc, 27701, us",1200 West Club Boulevard
Fiery Mozzarella Fries,$4.29,450 Cal,"1200 west club boulevard, durham, nc, 27701, us",1200 West Club Boulevard
Chicken Fries,$4.89,220 Cal,"1200 west club boulevard, durham, nc, 27701, us",1200 West Club Boulevard
Mozzarella Fries,$3.89,480 Cal,"1200 west club boulevard, durham, nc, 27701, us",1200 West Club Boulevard
Chicken Nuggets,$2.49,390 Cal,"1200 west club boulevard, durham, nc, 27701, us",1200 West Club Boulevard
Fiery Bacon Whopper®,$7.69,800 Cal,"121 walmart drive, north versailles, pa, 15137, us",121 Walmart Drive
Whopper,$5.69,670 Cal,"121 walmart drive, north versailles, pa, 15137, us",121 Walmart Drive
Impossible™ Whopper,$6.69,630 Cal,"121 walmart drive, north versailles, pa, 15137, us",121 Walmart Drive
Texas Double Whopper,$9.59,"1,090 Cal","121 walmart drive, north versailles, pa, 15137, us",121 Walmart Drive
Double Whopper,$7.19,920 Cal,"121 walmart drive, north versailles, pa, 15137, us",121 Walmart Drive
Triple Whopper,$8.19,"1,170 Cal","121 walmart drive, north versailles, pa, 15137, us",121 Walmart Drive
Bacon King,$8.69,"1,200 Cal","121 walmart drive, north versailles, pa, 15137, us",121 Walmart Drive
BBQ Bacon Whopper Jr.,$3.99,390 Cal,"121 walmart drive, north versailles, pa, 15137, us",121 Walmart Drive
Double Whopper Jr.,$4.19,447 Cal,"121 walmart drive, north versailles, pa, 15137, us",121 Walmart Drive
Whopper Jr.,$3.19,330 Cal,"121 walmart drive, north versailles, pa, 15137, us",121 Walmart Drive
Bacon Double Cheeseburger,$3.99,440 Cal,"121 walmart drive, north versailles, pa, 15137, us",121 Walmart Drive
Bacon Cheeseburger,$3.29,340 Cal,"121 walmart drive, north versailles, pa, 15137, us",121 Walmart Drive
Double Cheeseburger,$2.99,400 Cal,"121 walmart drive, north versailles, pa, 15137, us",121 Walmart Drive
Cheeseburger,$2.29,290 Cal,"121 walmart drive, north versailles, pa, 15137, us",121 Walmart Drive
Rodeo Burger,$2.29,340 Cal,"121 walmart drive, north versailles, pa, 15137, us",121 Walmart Drive
Hamburger,$1.89,250 Cal,"121 walmart drive, north versailles, pa, 15137, us",121 Walmart Drive
Have-sies™,$3.09,380 Cal,"121 walmart drive, north versailles, pa, 15137, us",121 Walmart Drive
French Fries,$3.09,370 Cal,"121 walmart drive, north versailles, pa, 15137, us",121 Walmart Drive
Onion Rings,$3.09,360 Cal,"121 walmart drive, north versailles, pa, 15137, us",121 Walmart Drive
Fiery Chicken Fries,$4.49,260 Cal,"121 walmart drive, north versailles, pa, 15137, us",121 Walmart Drive
Fiery Mozzarella Fries,$4.69,450 Cal,"121 walmart drive, north versailles, pa, 15137, us",121 Walmart Drive
Chicken Fries,$4.49,220 Cal,"121 walmart drive, north versailles, pa, 15137, us",121 Walmart Drive
Mozzarella Fries,$4.29,480 Cal,"121 walmart drive, north versailles, pa, 15137, us",121 Walmart Drive
Chicken Nuggets,$2.49,390 Cal,"121 walmart drive, north versailles, pa, 15137, us",121 Walmart Drive
Mott's® Applesauce,$1.59,50 Cal,"121 walmart drive, north versailles, pa, 15137, us",121 Walmart Drive
Fiery Bacon Whopper®,$6.99,800 Cal,"1212 west main street, lexington, sc, 29072, us",1212 West Main Street
Whopper,$6.19,670 Cal,"1212 west main street, lexington, sc, 29072, us",1212 West Main Street
Impossible™ Whopper,$6.99,630 Cal,"1212 west main street, lexington, sc, 29072, us",1212 West Main Street
Double Whopper,$7.19,920 Cal,"1212 west main street, lexington, sc, 29072, us",1212 West Main Street
Triple Whopper,$8.99,"1,170 Cal","1212 west main street, lexington, sc, 29072, us",1212 West Main Street
Bacon King,$8.19,"1,200 Cal","1212 west main street, lexington, sc, 29072, us",1212 West Main Street
BBQ Bacon Whopper Jr.,$4.75,390 Cal,"1212 west main street, lexington, sc, 29072, us",1212 West Main Street
Double Whopper Jr.,$4.29,447 Cal,"1212 west main street, lexington, sc, 29072, us",1212 West Main Street
Whopper Jr.,$3.79,330 Cal,"1212 west main street, lexington, sc, 29072, us",1212 West Main Street
Bacon Double Cheeseburger,$4.99,440 Cal,"1212 west main street, lexington, sc, 29072, us",1212 West Main Street
Bacon Cheeseburger,$3.99,340 Cal,"1212 west main street, lexington, sc, 29072, us",1212 West Main Street
Double Cheeseburger,$3.99,400 Cal,"1212 west main street, lexington, sc, 29072, us",1212 West Main Street
Cheeseburger,$2.99,290 Cal,"1212 west main street, lexington, sc, 29072, us",1212 West Main Street
Rodeo Burger,$2.29,340 Cal,"1212 west main street, lexington, sc, 29072, us",1212 West Main Street
Hamburger,$2.19,250 Cal,"1212 west main street, lexington, sc, 29072, us",1212 West Main Street
Have-sies™,$3.29,380 Cal,"1212 west main street, lexington, sc, 29072, us",1212 West Main Street
French Fries,$3.29,370 Cal,"1212 west main street, lexington, sc, 29072, us",1212 West Main Street
Onion Rings,$3.29,360 Cal,"1212 west main street, lexington, sc, 29072, us",1212 West Main Street
Fiery Chicken Fries,$4.29,260 Cal,"1212 west main street, lexington, sc, 29072, us",1212 West Main Street
Fiery Mozzarella Fries,$4.29,450 Cal,"1212 west main street, lexington, sc, 29072, us",1212 West Main Street
Chicken Fries,$4.99,220 Cal,"1212 west main street, lexington, sc, 29072, us",1212 West Main Street
Mozzarella Fries,$3.79,480 Cal,"1212 west main street, lexington, sc, 29072, us",1212 West Main Street
Chicken Nuggets,$2.49,390 Cal,"1212 west main street, lexington, sc, 29072, us",1212 West Main Street
Mott's® Applesauce,$1.56,50 Cal,"1212 west main street, lexington, sc, 29072, us",1212 West Main Street
Fiery Bacon Whopper®,$6.99,800 Cal,"226 longs pond road, lexington, sc, 29072, us",226 Longs Pond Road
Whopper,$6.19,670 Cal,"226 longs pond road, lexington, sc, 29072, us",226 Longs Pond Road
Impossible™ Whopper,$6.99,630 Cal,"226 longs pond road, lexington, sc, 29072, us",226 Longs Pond Road
Double Whopper,$7.19,920 Cal,"226 longs pond road, lexington, sc, 29072, us",226 Longs Pond Road
Triple Whopper,$8.99,"1,170 Cal","226 longs pond road, lexington, sc, 29072, us",226 Longs Pond Road
Bacon King,$8.19,"1,200 Cal","226 longs pond road, lexington, sc, 29072, us",226 Longs Pond Road
BBQ Bacon Whopper Jr.,$4.75,390 Cal,"226 longs pond road, lexington, sc, 29072, us",226 Longs Pond Road
Double Whopper Jr.,$4.29,447 Cal,"226 longs pond road, lexington, sc, 29072, us",226 Longs Pond Road
Whopper Jr.,$3.79,330 Cal,"226 longs pond road, lexington, sc, 29072, us",226 Longs Pond Road
Bacon Double Cheeseburger,$4.99,440 Cal,"226 longs pond road, lexington, sc, 29072, us",226 Longs Pond Road
Bacon Cheeseburger,$3.99,340 Cal,"226 longs pond road, lexington, sc, 29072, us",226 Longs Pond Road
Double Cheeseburger,$3.99,400 Cal,"226 longs pond road, lexington, sc, 29072, us",226 Longs Pond Road
Cheeseburger,$2.99,290 Cal,"226 longs pond road, lexington, sc, 29072, us",226 Longs Pond Road
Rodeo Burger,$2.29,340 Cal,"226 longs pond road, lexington, sc, 29072, us",226 Longs Pond Road
Hamburger,$2.19,250 Cal,"226 longs pond road, lexington, sc, 29072, us",226 Longs Pond Road
Have-sies™,$3.29,380 Cal,"226 longs pond road, lexington, sc, 29072, us",226 Longs Pond Road
French Fries,$3.29,370 Cal,"226 longs pond road, lexington, sc, 29072, us",226 Longs Pond Road
Onion Rings,$3.29,360 Cal,"226 longs pond road, lexington, sc, 29072, us",226 Longs Pond Road
Fiery Chicken Fries,$4.29,260 Cal,"226 longs pond road, lexington, sc, 29072, us",226 Longs Pond Road
Fiery Mozzarella Fries,$4.29,450 Cal,"226 longs pond road, lexington, sc, 29072, us",226 Longs Pond Road
Chicken Fries,$4.99,220 Cal,"226 longs pond road, lexington, sc, 29072, us",226 Longs Pond Road
Mozzarella Fries,$3.79,480 Cal,"226 longs pond road, lexington, sc, 29072, us",226 Longs Pond Road
Chicken Nuggets,$2.49,390 Cal,"226 longs pond road, lexington, sc, 29072, us",226 Longs Pond Road
Mott's® Applesauce,$1.56,50 Cal,"226 longs pond road, lexington, sc, 29072, us",226 Longs Pond Road
Whopper,$5.49,670 Cal,"1231 dolly parton pkwy, sevierville, tn, 37862, us",1231 Dolly Parton Pkwy
Impossible™ Whopper,$6.69,630 Cal,"1231 dolly parton pkwy, sevierville, tn, 37862, us",1231 Dolly Parton Pkwy
Double Whopper,$6.89,920 Cal,"1231 dolly parton pkwy, sevierville, tn, 37862, us",1231 Dolly Parton Pkwy
Triple Whopper,$8.29,"1,170 Cal","1231 dolly parton pkwy, sevierville, tn, 37862, us",1231 Dolly Parton Pkwy
Bacon King,$7.69,"1,200 Cal","1231 dolly parton pkwy, sevierville, tn, 37862, us",1231 Dolly Parton Pkwy
BBQ Bacon Whopper Jr.,$4.39,390 Cal,"1231 dolly parton pkwy, sevierville, tn, 37862, us",1231 Dolly Parton Pkwy
Double Whopper Jr.,$4.59,447 Cal,"1231 dolly parton pkwy, sevierville, tn, 37862, us",1231 Dolly Parton Pkwy
Whopper Jr.,$3.59,330 Cal,"1231 dolly parton pkwy, sevierville, tn, 37862, us",1231 Dolly Parton Pkwy
Bacon Double Cheeseburger,$4.09,440 Cal,"1231 dolly parton pkwy, sevierville, tn, 37862, us",1231 Dolly Parton Pkwy
Bacon Cheeseburger,$2.69,340 Cal,"1231 dolly parton pkwy, sevierville, tn, 37862, us",1231 Dolly Parton Pkwy
Double Cheeseburger,$3.29,400 Cal,"1231 dolly parton pkwy, sevierville, tn, 37862, us",1231 Dolly Parton Pkwy
Cheeseburger,$2.19,290 Cal,"1231 dolly parton pkwy, sevierville, tn, 37862, us",1231 Dolly Parton Pkwy
Rodeo Burger,$1.99,340 Cal,"1231 dolly parton pkwy, sevierville, tn, 37862, us",1231 Dolly Parton Pkwy
Hamburger,$1.99,250 Cal,"1231 dolly parton pkwy, sevierville, tn, 37862, us",1231 Dolly Parton Pkwy
Have-sies™,$3.69,380 Cal,"1231 dolly parton pkwy, sevierville, tn, 37862, us",1231 Dolly Parton Pkwy
French Fries,$3.59,370 Cal,"1231 dolly parton pkwy, sevierville, tn, 37862, us",1231 Dolly Parton Pkwy
Onion Rings,$3.69,360 Cal,"1231 dolly parton pkwy, sevierville, tn, 37862, us",1231 Dolly Parton Pkwy
Chicken Fries,$3.69,220 Cal,"1231 dolly parton pkwy, sevierville, tn, 37862, us",1231 Dolly Parton Pkwy
Mozzarella Fries,$3.89,480 Cal,"1231 dolly parton pkwy, sevierville, tn, 37862, us",1231 Dolly Parton Pkwy
Chicken Nuggets,$2.49,390 Cal,"1231 dolly parton pkwy, sevierville, tn, 37862, us",1231 Dolly Parton Pkwy
Mott's® Applesauce,$2.19,50 Cal,"1231 dolly parton pkwy, sevierville, tn, 37862, us",1231 Dolly Parton Pkwy
Whopper,$5.49,670 Cal,"412 forks of the river, sevierville, tn, 37862, us",412 Forks Of The River
Impossible™ Whopper,$6.69,630 Cal,"412 forks of the river, sevierville, tn, 37862, us",412 Forks Of The River
Double Whopper,$6.89,920 Cal,"412 forks of the river, sevierville, tn, 37862, us",412 Forks Of The River
Triple Whopper,$8.29,"1,170 Cal","412 forks of the river, sevierville, tn, 37862, us",412 Forks Of The River
Bacon King,$7.69,"1,200 Cal","412 forks of the river, sevierville, tn, 37862, us",412 Forks Of The River
BBQ Bacon Whopper Jr.,$4.39,390 Cal,"412 forks of the river, sevierville, tn, 37862, us",412 Forks Of The River
Double Whopper Jr.,$4.59,447 Cal,"412 forks of the river, sevierville, tn, 37862, us",412 Forks Of The River
Whopper Jr.,$3.59,330 Cal,"412 forks of the river, sevierville, tn, 37862, us",412 Forks Of The River
Bacon Double Cheeseburger,$4.09,440 Cal,"412 forks of the river, sevierville, tn, 37862, us",412 Forks Of The River
Bacon Cheeseburger,$2.69,340 Cal,"412 forks of the river, sevierville, tn, 37862, us",412 Forks Of The River
Double Cheeseburger,$3.29,400 Cal,"412 forks of the river, sevierville, tn, 37862, us",412 Forks Of The River
Cheeseburger,$2.19,290 Cal,"412 forks of the river, sevierville, tn, 37862, us",412 Forks Of The River
Rodeo Burger,$1.99,340 Cal,"412 forks of the river, sevierville, tn, 37862, us",412 Forks Of The River
Hamburger,$1.99,250 Cal,"412 forks of the river, sevierville, tn, 37862, us",412 Forks Of The River
Have-sies™,$3.69,380 Cal,"412 forks of the river, sevierville, tn, 37862, us",412 Forks Of The River
French Fries,$3.59,370 Cal,"412 forks of the river, sevierville, tn, 37862, us",412 Forks Of The River
Onion Rings,$3.69,360 Cal,"412 forks of the river, sevierville, tn, 37862, us",412 Forks Of The River
Chicken Fries,$3.69,220 Cal,"412 forks of the river, sevierville, tn, 37862, us",412 Forks Of The River
Mozzarella Fries,$3.89,480 Cal,"412 forks of the river, sevierville, tn, 37862, us",412 Forks Of The River
Chicken Nuggets,$2.49,390 Cal,"412 forks of the river, sevierville, tn, 37862, us",412 Forks Of The River
Mott's® Applesauce,$2.19,50 Cal,"412 forks of the river, sevierville, tn, 37862, us",412 Forks Of The River
Fiery Bacon Whopper®,$6.99,800 Cal,"13200 north ih 35, austin, tx, 78753, us",6801 West 120th Avenue
Whopper,$6.39,670 Cal,"13200 north ih 35, austin, tx, 78753, us",6801 West 120th Avenue
Impossible™ Whopper,$6.99,630 Cal,"13200 north ih 35, austin, tx, 78753, us",6801 West 120th Avenue
Texas Double Whopper,$9.89,"1,090 Cal","13200 north ih 35, austin, tx, 78753, us",6801 West 120th Avenue
Double Whopper,$7.39,920 Cal,"13200 north ih 35, austin, tx, 78753, us",6801 West 120th Avenue
Triple Whopper,$8.39,"1,170 Cal","13200 north ih 35, austin, tx, 78753, us",6801 West 120th Avenue
Bacon King,$8.39,"1,200 Cal","13200 north ih 35, austin, tx, 78753, us",6801 West 120th Avenue
BBQ Bacon Whopper Jr.,$3.79,390 Cal,"13200 north ih 35, austin, tx, 78753, us",6801 West 120th Avenue
Double Whopper Jr.,$4.19,447 Cal,"13200 north ih 35, austin, tx, 78753, us",6801 West 120th Avenue
Whopper Jr.,$3.29,330 Cal,"13200 north ih 35, austin, tx, 78753, us",6801 West 120th Avenue
Bacon Double Cheeseburger,$3.79,440 Cal,"13200 north ih 35, austin, tx, 78753, us",6801 West 120th Avenue
Bacon Cheeseburger,$2.59,340 Cal,"13200 north ih 35, austin, tx, 78753, us",6801 West 120th Avenue
Double Cheeseburger,$2.99,400 Cal,"13200 north ih 35, austin, tx, 78753, us",6801 West 120th Avenue
Cheeseburger,$1.99,290 Cal,"13200 north ih 35, austin, tx, 78753, us",6801 West 120th Avenue
Rodeo Burger,$1.99,340 Cal,"13200 north ih 35, austin, tx, 78753, us",6801 West 120th Avenue
Hamburger,$1.59,250 Cal,"13200 north ih 35, austin, tx, 78753, us",6801 West 120th Avenue
Have-sies™,$2.99,380 Cal,"13200 north ih 35, austin, tx, 78753, us",6801 West 120th Avenue
French Fries,$2.99,370 Cal,"13200 north ih 35, austin, tx, 78753, us",6801 West 120th Avenue
Onion Rings,$3.09,360 Cal,"13200 north ih 35, austin, tx, 78753, us",6801 West 120th Avenue
Fiery Chicken Fries,$3.99,260 Cal,"13200 north ih 35, austin, tx, 78753, us",6801 West 120th Avenue
Fiery Mozzarella Fries,$4.29,450 Cal,"13200 north ih 35, austin, tx, 78753, us",6801 West 120th Avenue
Chicken Fries,$4.39,220 Cal,"13200 north ih 35, austin, tx, 78753, us",6801 West 120th Avenue
Mozzarella Fries,$3.79,480 Cal,"13200 north ih 35, austin, tx, 78753, us",6801 West 120th Avenue
Chicken Nuggets,$2.49,390 Cal,"13200 north ih 35, austin, tx, 78753, us",6801 West 120th Avenue
Mott's® Applesauce,$1.59,50 Cal,"13200 north ih 35, austin, tx, 78753, us",6801 West 120th Avenue
Crispy Tacos,$1.69,170 Cal,"13200 north ih 35, austin, tx, 78753, us",6801 West 120th Avenue
Whopper,$5.49,670 Cal,"1371 saluda street, rock hill, sc, 29730, us",1371 Saluda Street
Impossible™ Whopper,$6.69,630 Cal,"1371 saluda street, rock hill, sc, 29730, us",1371 Saluda Street
Double Whopper,$6.89,920 Cal,"1371 saluda street, rock hill, sc, 29730, us",1371 Saluda Street
Triple Whopper,$8.29,"1,170 Cal","1371 saluda street, rock hill, sc, 29730, us",1371 Saluda Street
Bacon King,$7.49,"1,200 Cal","1371 saluda street, rock hill, sc, 29730, us",1371 Saluda Street
BBQ Bacon Whopper Jr.,$3.89,390 Cal,"1371 saluda street, rock hill, sc, 29730, us",1371 Saluda Street
Double Whopper Jr.,$4.09,447 Cal,"1371 saluda street, rock hill, sc, 29730, us",1371 Saluda Street
Whopper Jr.,$3.09,330 Cal,"1371 saluda street, rock hill, sc, 29730, us",1371 Saluda Street
Bacon Double Cheeseburger,$4.09,440 Cal,"1371 saluda street, rock hill, sc, 29730, us",1371 Saluda Street
Bacon Cheeseburger,$2.39,340 Cal,"1371 saluda street, rock hill, sc, 29730, us",1371 Saluda Street
Double Cheeseburger,$3.29,400 Cal,"1371 saluda street, rock hill, sc, 29730, us",1371 Saluda Street
Cheeseburger,$1.99,290 Cal,"1371 saluda street, rock hill, sc, 29730, us",1371 Saluda Street
Rodeo Burger,$1.89,340 Cal,"1371 saluda street, rock hill, sc, 29730, us",1371 Saluda Street
Hamburger,$1.79,250 Cal,"1371 saluda street, rock hill, sc, 29730, us",1371 Saluda Street
Have-sies™,$3.29,380 Cal,"1371 saluda street, rock hill, sc, 29730, us",1371 Saluda Street
French Fries,$3.19,370 Cal,"1371 saluda street, rock hill, sc, 29730, us",1371 Saluda Street
Onion Rings,$3.29,360 Cal,"1371 saluda street, rock hill, sc, 29730, us",1371 Saluda Street
Chicken Fries,$3.69,220 Cal,"1371 saluda street, rock hill, sc, 29730, us",1371 Saluda Street
Mozzarella Fries,$3.89,480 Cal,"1371 saluda street, rock hill, sc, 29730, us",1371 Saluda Street
Chicken Nuggets,$2.49,390 Cal,"1371 saluda street, rock hill, sc, 29730, us",1371 Saluda Street
Mott's® Applesauce,$1.89,50 Cal,"1371 saluda street, rock hill, sc, 29730, us",1371 Saluda Street
Fiery Bacon Whopper®,$6.99,800 Cal,"14 w de renne ave, savannah, ga, 31405, us",14 W De Renne Ave
Whopper,$5.99,670 Cal,"14 w de renne ave, savannah, ga, 31405, us",14 W De Renne Ave
Impossible™ Whopper,$6.99,630 Cal,"14 w de renne ave, savannah, ga, 31405, us",14 W De Renne Ave
Texas Double Whopper,$7.99,"1,090 Cal","14 w de renne ave, savannah, ga, 31405, us",14 W De Renne Ave
Double Whopper,$7.19,920 Cal,"14 w de renne ave, savannah, ga, 31405, us",14 W De Renne Ave
Triple Whopper,$8.39,"1,170 Cal","14 w de renne ave, savannah, ga, 31405, us",14 W De Renne Ave
Bacon King,$7.69,"1,200 Cal","14 w de renne ave, savannah, ga, 31405, us",14 W De Renne Ave
BBQ Bacon Whopper Jr.,$3.49,390 Cal,"14 w de renne ave, savannah, ga, 31405, us",14 W De Renne Ave
Double Whopper Jr.,$3.69,447 Cal,"14 w de renne ave, savannah, ga, 31405, us",14 W De Renne Ave
Whopper Jr.,$2.99,330 Cal,"14 w de renne ave, savannah, ga, 31405, us",14 W De Renne Ave
Bacon Double Cheeseburger,$3.69,440 Cal,"14 w de renne ave, savannah, ga, 31405, us",14 W De Renne Ave
Bacon Cheeseburger,$2.79,340 Cal,"14 w de renne ave, savannah, ga, 31405, us",14 W De Renne Ave
Double Cheeseburger,$2.99,400 Cal,"14 w de renne ave, savannah, ga, 31405, us",14 W De Renne Ave
Cheeseburger,$2.39,290 Cal,"14 w de renne ave, savannah, ga, 31405, us",14 W De Renne Ave
Rodeo Burger,$2.39,340 Cal,"14 w de renne ave, savannah, ga, 31405, us",14 W De Renne Ave
Hamburger,$1.99,250 Cal,"14 w de renne ave, savannah, ga, 31405, us",14 W De Renne Ave
Have-sies™,$2.99,380 Cal,"14 w de renne ave, savannah, ga, 31405, us",14 W De Renne Ave
French Fries,$2.99,370 Cal,"14 w de renne ave, savannah, ga, 31405, us",14 W De Renne Ave
Onion Rings,$2.99,360 Cal,"14 w de renne ave, savannah, ga, 31405, us",14 W De Renne Ave
Fiery Chicken Fries,$3.99,260 Cal,"14 w de renne ave, savannah, ga, 31405, us",14 W De Renne Ave
Fiery Mozzarella Fries,$4.29,450 Cal,"14 w de renne ave, savannah, ga, 31405, us",14 W De Renne Ave
Chicken Fries,$3.99,220 Cal,"14 w de renne ave, savannah, ga, 31405, us",14 W De Renne Ave
Mozzarella Fries,$3.79,480 Cal,"14 w de renne ave, savannah, ga, 31405, us",14 W De Renne Ave
Chicken Nuggets,$2.49,390 Cal,"14 w de renne ave, savannah, ga, 31405, us",14 W De Renne Ave
Mott's® Applesauce,$1.49,50 Cal,"14 w de renne ave, savannah, ga, 31405, us",14 W De Renne Ave
Fiery Bacon Whopper®,$7.99,800 Cal,"1405 east court avenue, des moines, ia, 50316, us",1405 East Court Avenue
Whopper,$5.99,670 Cal,"1405 east court avenue, des moines, ia, 50316, us",1405 East Court Avenue
Impossible™ Whopper,$7.19,630 Cal,"1405 east court avenue, des moines, ia, 50316, us",1405 East Court Avenue
Texas Double Whopper,$9.09,"1,090 Cal","1405 east court avenue, des moines, ia, 50316, us",1405 East Court Avenue
Double Whopper,$7.49,920 Cal,"1405 east court avenue, des moines, ia, 50316, us",1405 East Court Avenue
Triple Whopper,$8.49,"1,170 Cal","1405 east court avenue, des moines, ia, 50316, us",1405 East Court Avenue
Bacon King,$8.49,"1,200 Cal","1405 east court avenue, des moines, ia, 50316, us",1405 East Court Avenue
BBQ Bacon Whopper Jr.,$3.59,390 Cal,"1405 east court avenue, des moines, ia, 50316, us",1405 East Court Avenue
Double Whopper Jr.,$3.99,447 Cal,"1405 east court avenue, des moines, ia, 50316, us",1405 East Court Avenue
Whopper Jr.,$2.99,330 Cal,"1405 east court avenue, des moines, ia, 50316, us",1405 East Court Avenue
Bacon Double Cheeseburger,$4.09,440 Cal,"1405 east court avenue, des moines, ia, 50316, us",1405 East Court Avenue
Bacon Cheeseburger,$3.19,340 Cal,"1405 east court avenue, des moines, ia, 50316, us",1405 East Court Avenue
Double Cheeseburger,$3.49,400 Cal,"1405 east court avenue, des moines, ia, 50316, us",1405 East Court Avenue
Cheeseburger,$2.59,290 Cal,"1405 east court avenue, des moines, ia, 50316, us",1405 East Court Avenue
Rodeo Burger,$2.29,340 Cal,"1405 east court avenue, des moines, ia, 50316, us",1405 East Court Avenue
Hamburger,$1.99,250 Cal,"1405 east court avenue, des moines, ia, 50316, us",1405 East Court Avenue
Have-sies™,$3.39,380 Cal,"1405 east court avenue, des moines, ia, 50316, us",1405 East Court Avenue
French Fries,$3.39,370 Cal,"1405 east court avenue, des moines, ia, 50316, us",1405 East Court Avenue
Onion Rings,$3.39,360 Cal,"1405 east court avenue, des moines, ia, 50316, us",1405 East Court Avenue
Fiery Chicken Fries,$3.99,260 Cal,"1405 east court avenue, des moines, ia, 50316, us",1405 East Court Avenue
Fiery Mozzarella Fries,$4.09,450 Cal,"1405 east court avenue, des moines, ia, 50316, us",1405 East Court Avenue
Chicken Fries,$3.99,220 Cal,"1405 east court avenue, des moines, ia, 50316, us",1405 East Court Avenue
Mozzarella Fries,$3.79,480 Cal,"1405 east court avenue, des moines, ia, 50316, us",1405 East Court Avenue
Chicken Nuggets,$2.99,390 Cal,"1405 east court avenue, des moines, ia, 50316, us",1405 East Court Avenue
Mott's® Applesauce,$1.49,50 Cal,"1405 east court avenue, des moines, ia, 50316, us",1405 East Court Avenue
Fiery Bacon Whopper®,$8.59,800 Cal,"1408 lititz pike, lancaster, pa, 17601, us",6021 Central Avenue
Whopper,$7.49,670 Cal,"1408 lititz pike, lancaster, pa, 17601, us",6021 Central Avenue
Impossible™ Whopper,$7.99,630 Cal,"1408 lititz pike, lancaster, pa, 17601, us",6021 Central Avenue
Texas Double Whopper,$9.89,"1,090 Cal","1408 lititz pike, lancaster, pa, 17601, us",6021 Central Avenue
Double Whopper,$8.49,920 Cal,"1408 lititz pike, lancaster, pa, 17601, us",6021 Central Avenue
Triple Whopper,$9.49,"1,170 Cal","1408 lititz pike, lancaster, pa, 17601, us",6021 Central Avenue
Bacon King,$10.39,"1,200 Cal","1408 lititz pike, lancaster, pa, 17601, us",6021 Central Avenue
BBQ Bacon Whopper Jr.,$5.79,390 Cal,"1408 lititz pike, lancaster, pa, 17601, us",6021 Central Avenue
Double Whopper Jr.,$5.19,447 Cal,"1408 lititz pike, lancaster, pa, 17601, us",6021 Central Avenue
Whopper Jr.,$4.19,330 Cal,"1408 lititz pike, lancaster, pa, 17601, us",6021 Central Avenue
Bacon Double Cheeseburger,$4.59,440 Cal,"1408 lititz pike, lancaster, pa, 17601, us",6021 Central Avenue
Bacon Cheeseburger,$3.59,340 Cal,"1408 lititz pike, lancaster, pa, 17601, us",6021 Central Avenue
Double Cheeseburger,$3.79,400 Cal,"1408 lititz pike, lancaster, pa, 17601, us",6021 Central Avenue
Cheeseburger,$3.29,290 Cal,"1408 lititz pike, lancaster, pa, 17601, us",6021 Central Avenue
Rodeo Burger,$3.29,340 Cal,"1408 lititz pike, lancaster, pa, 17601, us",6021 Central Avenue
Hamburger,$2.89,250 Cal,"1408 lititz pike, lancaster, pa, 17601, us",6021 Central Avenue
Have-sies™,$4.39,380 Cal,"1408 lititz pike, lancaster, pa, 17601, us",6021 Central Avenue
French Fries,$4.09,370 Cal,"1408 lititz pike, lancaster, pa, 17601, us",6021 Central Avenue
Onion Rings,$4.09,360 Cal,"1408 lititz pike, lancaster, pa, 17601, us",6021 Central Avenue
Fiery Chicken Fries,$4.99,260 Cal,"1408 lititz pike, lancaster, pa, 17601, us",6021 Central Avenue
Fiery Mozzarella Fries,$5.29,450 Cal,"1408 lititz pike, lancaster, pa, 17601, us",6021 Central Avenue
Chicken Fries,$4.99,220 Cal,"1408 lititz pike, lancaster, pa, 17601, us",6021 Central Avenue
Mozzarella Fries,$4.99,480 Cal,"1408 lititz pike, lancaster, pa, 17601, us",6021 Central Avenue
Chicken Nuggets,$2.99,390 Cal,"1408 lititz pike, lancaster, pa, 17601, us",6021 Central Avenue
Mott's® Applesauce,$1.49,50 Cal,"1408 lititz pike, lancaster, pa, 17601, us",6021 Central Avenue
Crispy Tacos,$1.99,170 Cal,"1408 lititz pike, lancaster, pa, 17601, us",6021 Central Avenue
Fiery Bacon Whopper®,$6.69,800 Cal,"141 north shore boulevard, slidell, la, 70460, us",141 Northshore Blvd.
Whopper,$5.59,670 Cal,"141 north shore boulevard, slidell, la, 70460, us",141 Northshore Blvd.
Impossible™ Whopper,$6.69,630 Cal,"141 north shore boulevard, slidell, la, 70460, us",141 Northshore Blvd.
Texas Double Whopper,$7.69,"1,090 Cal","141 north shore boulevard, slidell, la, 70460, us",141 Northshore Blvd.
Double Whopper,$7.09,920 Cal,"141 north shore boulevard, slidell, la, 70460, us",141 Northshore Blvd.
Triple Whopper,$8.89,"1,170 Cal","141 north shore boulevard, slidell, la, 70460, us",141 Northshore Blvd.
Bacon King,$7.89,"1,200 Cal","141 north shore boulevard, slidell, la, 70460, us",141 Northshore Blvd.
BBQ Bacon Whopper Jr.,$4.29,390 Cal,"141 north shore boulevard, slidell, la, 70460, us",141 Northshore Blvd.
Double Whopper Jr.,$5.29,447 Cal,"141 north shore boulevard, slidell, la, 70460, us",141 Northshore Blvd.
Whopper Jr.,$3.29,330 Cal,"141 north shore boulevard, slidell, la, 70460, us",141 Northshore Blvd.
Bacon Double Cheeseburger,$4.09,440 Cal,"141 north shore boulevard, slidell, la, 70460, us",141 Northshore Blvd.
Bacon Cheeseburger,$3.09,340 Cal,"141 north shore boulevard, slidell, la, 70460, us",141 Northshore Blvd.
Double Cheeseburger,$3.09,400 Cal,"141 north shore boulevard, slidell, la, 70460, us",141 Northshore Blvd.
Cheeseburger,$2.39,290 Cal,"141 north shore boulevard, slidell, la, 70460, us",141 Northshore Blvd.
Rodeo Burger,$2.39,340 Cal,"141 north shore boulevard, slidell, la, 70460, us",141 Northshore Blvd.
Hamburger,$2.09,250 Cal,"141 north shore boulevard, slidell, la, 70460, us",141 Northshore Blvd.
Have-sies™,$2.99,380 Cal,"141 north shore boulevard, slidell, la, 70460, us",141 Northshore Blvd.
French Fries,$2.99,370 Cal,"141 north shore boulevard, slidell, la, 70460, us",141 Northshore Blvd.
Onion Rings,$2.99,360 Cal,"141 north shore boulevard, slidell, la, 70460, us",141 Northshore Blvd.
Fiery Chicken Fries,$3.99,260 Cal,"141 north shore boulevard, slidell, la, 70460, us",141 Northshore Blvd.
Fiery Mozzarella Fries,$4.09,450 Cal,"141 north shore boulevard, slidell, la, 70460, us",141 Northshore Blvd.
Chicken Fries,$3.99,220 Cal,"141 north shore boulevard, slidell, la, 70460, us",141 Northshore Blvd.
Mozzarella Fries,$3.79,480 Cal,"141 north shore boulevard, slidell, la, 70460, us",141 Northshore Blvd.
Chicken Nuggets,$2.49,390 Cal,"141 north shore boulevard, slidell, la, 70460, us",141 Northshore Blvd.
Mott's® Applesauce,$1.69,50 Cal,"141 north shore boulevard, slidell, la, 70460, us",141 Northshore Blvd.
Fiery Bacon Whopper®,$8.99,800 Cal,"1434 east tenth street, jeffersonville, in, 47130, us",1541 East 12th Street
Whopper,$7.49,670 Cal,"1434 east tenth street, jeffersonville, in, 47130, us",1541 East 12th Street
Impossible™ Whopper,$8.49,630 Cal,"1434 east tenth street, jeffersonville, in, 47130, us",1541 East 12th Street
Texas Double Whopper,$9.99,"1,090 Cal","1434 east tenth street, jeffersonville, in, 47130, us",1541 East 12th Street
Double Whopper,$8.49,920 Cal,"1434 east tenth street, jeffersonville, in, 47130, us",1541 East 12th Street
Triple Whopper,$9.59,"1,170 Cal","1434 east tenth street, jeffersonville, in, 47130, us",1541 East 12th Street
Bacon King,$9.29,"1,200 Cal","1434 east tenth street, jeffersonville, in, 47130, us",1541 East 12th Street
BBQ Bacon Whopper Jr.,$4.99,390 Cal,"1434 east tenth street, jeffersonville, in, 47130, us",1541 East 12th Street
Double Whopper Jr.,$5.29,447 Cal,"1434 east tenth street, jeffersonville, in, 47130, us",1541 East 12th Street
Whopper Jr.,$4.49,330 Cal,"1434 east tenth street, jeffersonville, in, 47130, us",1541 East 12th Street
Bacon Double Cheeseburger,$4.19,440 Cal,"1434 east tenth street, jeffersonville, in, 47130, us",1541 East 12th Street
Bacon Cheeseburger,$3.49,340 Cal,"1434 east tenth street, jeffersonville, in, 47130, us",1541 East 12th Street
Double Cheeseburger,$3.89,400 Cal,"1434 east tenth street, jeffersonville, in, 47130, us",1541 East 12th Street
Cheeseburger,$2.99,290 Cal,"1434 east tenth street, jeffersonville, in, 47130, us",1541 East 12th Street
Rodeo Burger,$2.99,340 Cal,"1434 east tenth street, jeffersonville, in, 47130, us",1541 East 12th Street
Hamburger,$2.69,250 Cal,"1434 east tenth street, jeffersonville, in, 47130, us",1541 East 12th Street
Have-sies™,$3.59,380 Cal,"1434 east tenth street, jeffersonville, in, 47130, us",1541 East 12th Street
French Fries,$3.89,370 Cal,"1434 east tenth street, jeffersonville, in, 47130, us",1541 East 12th Street
Onion Rings,$3.89,360 Cal,"1434 east tenth street, jeffersonville, in, 47130, us",1541 East 12th Street
Fiery Chicken Fries,$4.79,260 Cal,"1434 east tenth street, jeffersonville, in, 47130, us",1541 East 12th Street
Fiery Mozzarella Fries,$4.99,450 Cal,"1434 east tenth street, jeffersonville, in, 47130, us",1541 East 12th Street
Chicken Fries,$4.79,220 Cal,"1434 east tenth street, jeffersonville, in, 47130, us",1541 East 12th Street
Mozzarella Fries,$4.99,480 Cal,"1434 east tenth street, jeffersonville, in, 47130, us",1541 East 12th Street
Chicken Nuggets,$2.99,390 Cal,"1434 east tenth street, jeffersonville, in, 47130, us",1541 East 12th Street
Mott's® Applesauce,$1.79,50 Cal,"1434 east tenth street, jeffersonville, in, 47130, us",1541 East 12th Street
Crispy Tacos,$1.50,170 Cal,"1434 east tenth street, jeffersonville, in, 47130, us",1541 East 12th Street
Whopper,$5.69,670 Cal,"1501 charlotte avenue, nashville, tn, 37203, us",1501 Charlotte Avenue
Impossible™ Whopper,$6.89,630 Cal,"1501 charlotte avenue, nashville, tn, 37203, us",1501 Charlotte Avenue
Double Whopper,$7.09,920 Cal,"1501 charlotte avenue, nashville, tn, 37203, us",1501 Charlotte Avenue
Triple Whopper,$8.49,"1,170 Cal","1501 charlotte avenue, nashville, tn, 37203, us",1501 Charlotte Avenue
Bacon King,$8.49,"1,200 Cal","1501 charlotte avenue, nashville, tn, 37203, us",1501 Charlotte Avenue
BBQ Bacon Whopper Jr.,$4.39,390 Cal,"1501 charlotte avenue, nashville, tn, 37203, us",1501 Charlotte Avenue
Double Whopper Jr.,$4.59,447 Cal,"1501 charlotte avenue, nashville, tn, 37203, us",1501 Charlotte Avenue
Whopper Jr.,$3.59,330 Cal,"1501 charlotte avenue, nashville, tn, 37203, us",1501 Charlotte Avenue
Bacon Double Cheeseburger,$4.09,440 Cal,"1501 charlotte avenue, nashville, tn, 37203, us",1501 Charlotte Avenue
Bacon Cheeseburger,$2.69,340 Cal,"1501 charlotte avenue, nashville, tn, 37203, us",1501 Charlotte Avenue
Double Cheeseburger,$3.29,400 Cal,"1501 charlotte avenue, nashville, tn, 37203, us",1501 Charlotte Avenue
Cheeseburger,$2.19,290 Cal,"1501 charlotte avenue, nashville, tn, 37203, us",1501 Charlotte Avenue
Rodeo Burger,$1.99,340 Cal,"1501 charlotte avenue, nashville, tn, 37203, us",1501 Charlotte Avenue
Hamburger,$1.99,250 Cal,"1501 charlotte avenue, nashville, tn, 37203, us",1501 Charlotte Avenue
Have-sies™,$3.49,380 Cal,"1501 charlotte avenue, nashville, tn, 37203, us",1501 Charlotte Avenue
French Fries,$3.39,370 Cal,"1501 charlotte avenue, nashville, tn, 37203, us",1501 Charlotte Avenue
Onion Rings,$3.49,360 Cal,"1501 charlotte avenue, nashville, tn, 37203, us",1501 Charlotte Avenue
Chicken Fries,$3.69,220 Cal,"1501 charlotte avenue, nashville, tn, 37203, us",1501 Charlotte Avenue
Mozzarella Fries,$3.89,480 Cal,"1501 charlotte avenue, nashville, tn, 37203, us",1501 Charlotte Avenue
Chicken Nuggets,$2.49,390 Cal,"1501 charlotte avenue, nashville, tn, 37203, us",1501 Charlotte Avenue
Mott's® Applesauce,$2.19,50 Cal,"1501 charlotte avenue, nashville, tn, 37203, us",1501 Charlotte Avenue
Fiery Bacon Whopper®,$8.59,800 Cal,"1502, west chester, pa, 19382, us",6021 Central Avenue
Whopper,$7.49,670 Cal,"1502, west chester, pa, 19382, us",6021 Central Avenue
Impossible™ Whopper,$7.99,630 Cal,"1502, west chester, pa, 19382, us",6021 Central Avenue
Texas Double Whopper,$9.89,"1,090 Cal","1502, west chester, pa, 19382, us",6021 Central Avenue
Double Whopper,$8.49,920 Cal,"1502, west chester, pa, 19382, us",6021 Central Avenue
Triple Whopper,$9.49,"1,170 Cal","1502, west chester, pa, 19382, us",6021 Central Avenue
Bacon King,$10.39,"1,200 Cal","1502, west chester, pa, 19382, us",6021 Central Avenue
BBQ Bacon Whopper Jr.,$5.79,390 Cal,"1502, west chester, pa, 19382, us",6021 Central Avenue
Double Whopper Jr.,$5.19,447 Cal,"1502, west chester, pa, 19382, us",6021 Central Avenue
Whopper Jr.,$4.19,330 Cal,"1502, west chester, pa, 19382, us",6021 Central Avenue
Bacon Double Cheeseburger,$4.59,440 Cal,"1502, west chester, pa, 19382, us",6021 Central Avenue
Bacon Cheeseburger,$3.59,340 Cal,"1502, west chester, pa, 19382, us",6021 Central Avenue
Double Cheeseburger,$3.79,400 Cal,"1502, west chester, pa, 19382, us",6021 Central Avenue
Cheeseburger,$3.29,290 Cal,"1502, west chester, pa, 19382, us",6021 Central Avenue
Rodeo Burger,$3.29,340 Cal,"1502, west chester, pa, 19382, us",6021 Central Avenue
Hamburger,$2.89,250 Cal,"1502, west chester, pa, 19382, us",6021 Central Avenue
Have-sies™,$4.39,380 Cal,"1502, west chester, pa, 19382, us",6021 Central Avenue
French Fries,$4.09,370 Cal,"1502, west chester, pa, 19382, us",6021 Central Avenue
Onion Rings,$4.09,360 Cal,"1502, west chester, pa, 19382, us",6021 Central Avenue
Fiery Chicken Fries,$4.99,260 Cal,"1502, west chester, pa, 19382, us",6021 Central Avenue
Fiery Mozzarella Fries,$5.29,450 Cal,"1502, west chester, pa, 19382, us",6021 Central Avenue
Chicken Fries,$4.99,220 Cal,"1502, west chester, pa, 19382, us",6021 Central Avenue
Mozzarella Fries,$4.99,480 Cal,"1502, west chester, pa, 19382, us",6021 Central Avenue
Chicken Nuggets,$2.99,390 Cal,"1502, west chester, pa, 19382, us",6021 Central Avenue
Mott's® Applesauce,$1.49,50 Cal,"1502, west chester, pa, 19382, us",6021 Central Avenue
Crispy Tacos,$1.99,170 Cal,"1502, west chester, pa, 19382, us",6021 Central Avenue
Fiery Bacon Whopper®,$9.39,800 Cal,"1521 columbus boulevard, philadelphia, pa, 19147, us",1521 Columbus Boulevard
Whopper,$7.39,670 Cal,"1521 columbus boulevard, philadelphia, pa, 19147, us",1521 Columbus Boulevard
Impossible™ Whopper,$8.39,630 Cal,"1521 columbus boulevard, philadelphia, pa, 19147, us",1521 Columbus Boulevard
Double Whopper,$8.39,920 Cal,"1521 columbus boulevard, philadelphia, pa, 19147, us",1521 Columbus Boulevard
Triple Whopper,$9.19,"1,170 Cal","1521 columbus boulevard, philadelphia, pa, 19147, us",1521 Columbus Boulevard
Bacon King,$8.89,"1,200 Cal","1521 columbus boulevard, philadelphia, pa, 19147, us",1521 Columbus Boulevard
BBQ Bacon Whopper Jr.,$5.29,390 Cal,"1521 columbus boulevard, philadelphia, pa, 19147, us",1521 Columbus Boulevard
Double Whopper Jr.,$4.99,447 Cal,"1521 columbus boulevard, philadelphia, pa, 19147, us",1521 Columbus Boulevard
Whopper Jr.,$4.49,330 Cal,"1521 columbus boulevard, philadelphia, pa, 19147, us",1521 Columbus Boulevard
Bacon Double Cheeseburger,$3.79,440 Cal,"1521 columbus boulevard, philadelphia, pa, 19147, us",1521 Columbus Boulevard
Bacon Cheeseburger,$2.99,340 Cal,"1521 columbus boulevard, philadelphia, pa, 19147, us",1521 Columbus Boulevard
Double Cheeseburger,$3.59,400 Cal,"1521 columbus boulevard, philadelphia, pa, 19147, us",1521 Columbus Boulevard
Cheeseburger,$2.59,290 Cal,"1521 columbus boulevard, philadelphia, pa, 19147, us",1521 Columbus Boulevard
Rodeo Burger,$2.39,340 Cal,"1521 columbus boulevard, philadelphia, pa, 19147, us",1521 Columbus Boulevard
Hamburger,$2.19,250 Cal,"1521 columbus boulevard, philadelphia, pa, 19147, us",1521 Columbus Boulevard
Have-sies™,$3.79,380 Cal,"1521 columbus boulevard, philadelphia, pa, 19147, us",1521 Columbus Boulevard
French Fries,$3.79,370 Cal,"1521 columbus boulevard, philadelphia, pa, 19147, us",1521 Columbus Boulevard
Onion Rings,$3.79,360 Cal,"1521 columbus boulevard, philadelphia, pa, 19147, us",1521 Columbus Boulevard
Fiery Chicken Fries,$5.09,260 Cal,"1521 columbus boulevard, philadelphia, pa, 19147, us",1521 Columbus Boulevard
Chicken Fries,$5.09,220 Cal,"1521 columbus boulevard, philadelphia, pa, 19147, us",1521 Columbus Boulevard
Mozzarella Fries,$4.29,480 Cal,"1521 columbus boulevard, philadelphia, pa, 19147, us",1521 Columbus Boulevard
Chicken Nuggets,$2.99,390 Cal,"1521 columbus boulevard, philadelphia, pa, 19147, us",1521 Columbus Boulevard
Mott's® Applesauce,$1.99,50 Cal,"1521 columbus boulevard, philadelphia, pa, 19147, us",1521 Columbus Boulevard
Fiery Bacon Whopper®,$6.99,800 Cal,"1524 6th avenue s, birmingham, al, 35233, us",1524 6th Ave South
Whopper,$5.89,670 Cal,"1524 6th avenue s, birmingham, al, 35233, us",1524 6th Ave South
Impossible™ Whopper,$6.89,630 Cal,"1524 6th avenue s, birmingham, al, 35233, us",1524 6th Ave South
Texas Double Whopper,$7.69,"1,090 Cal","1524 6th avenue s, birmingham, al, 35233, us",1524 6th Ave South
Double Whopper,$6.99,920 Cal,"1524 6th avenue s, birmingham, al, 35233, us",1524 6th Ave South
Triple Whopper,$7.99,"1,170 Cal","1524 6th avenue s, birmingham, al, 35233, us",1524 6th Ave South
Bacon King,$7.59,"1,200 Cal","1524 6th avenue s, birmingham, al, 35233, us",1524 6th Ave South
BBQ Bacon Whopper Jr.,$3.49,390 Cal,"1524 6th avenue s, birmingham, al, 35233, us",1524 6th Ave South
Double Whopper Jr.,$3.59,447 Cal,"1524 6th avenue s, birmingham, al, 35233, us",1524 6th Ave South
Whopper Jr.,$2.99,330 Cal,"1524 6th avenue s, birmingham, al, 35233, us",1524 6th Ave South
Bacon Double Cheeseburger,$3.49,440 Cal,"1524 6th avenue s, birmingham, al, 35233, us",1524 6th Ave South
Bacon Cheeseburger,$2.69,340 Cal,"1524 6th avenue s, birmingham, al, 35233, us",1524 6th Ave South
Double Cheeseburger,$2.89,400 Cal,"1524 6th avenue s, birmingham, al, 35233, us",1524 6th Ave South
Cheeseburger,$2.29,290 Cal,"1524 6th avenue s, birmingham, al, 35233, us",1524 6th Ave South
Rodeo Burger,$2.19,340 Cal,"1524 6th avenue s, birmingham, al, 35233, us",1524 6th Ave South
Hamburger,$1.89,250 Cal,"1524 6th avenue s, birmingham, al, 35233, us",1524 6th Ave South
Have-sies™,$2.99,380 Cal,"1524 6th avenue s, birmingham, al, 35233, us",1524 6th Ave South
French Fries,$2.99,370 Cal,"1524 6th avenue s, birmingham, al, 35233, us",1524 6th Ave South
Onion Rings,$2.99,360 Cal,"1524 6th avenue s, birmingham, al, 35233, us",1524 6th Ave South
Fiery Chicken Fries,$3.99,260 Cal,"1524 6th avenue s, birmingham, al, 35233, us",1524 6th Ave South
Fiery Mozzarella Fries,$4.29,450 Cal,"1524 6th avenue s, birmingham, al, 35233, us",1524 6th Ave South
Chicken Fries,$3.99,220 Cal,"1524 6th avenue s, birmingham, al, 35233, us",1524 6th Ave South
Mozzarella Fries,$3.79,480 Cal,"1524 6th avenue s, birmingham, al, 35233, us",1524 6th Ave South
Chicken Nuggets,$2.49,390 Cal,"1524 6th avenue s, birmingham, al, 35233, us",1524 6th Ave South
Mott's® Applesauce,$1.59,50 Cal,"1524 6th avenue s, birmingham, al, 35233, us",1524 6th Ave South
Fiery Bacon Whopper®,$6.99,800 Cal,"2700 university blvd, birmingham, al, 35233, us",2700 University Blvd
Whopper,$5.89,670 Cal,"2700 university blvd, birmingham, al, 35233, us",2700 University Blvd
Impossible™ Whopper,$6.89,630 Cal,"2700 university blvd, birmingham, al, 35233, us",2700 University Blvd
Texas Double Whopper,$7.69,"1,090 Cal","2700 university blvd, birmingham, al, 35233, us",2700 University Blvd
Double Whopper,$6.99,920 Cal,"2700 university blvd, birmingham, al, 35233, us",2700 University Blvd
Triple Whopper,$7.99,"1,170 Cal","2700 university blvd, birmingham, al, 35233, us",2700 University Blvd
Bacon King,$7.59,"1,200 Cal","2700 university blvd, birmingham, al, 35233, us",2700 University Blvd
BBQ Bacon Whopper Jr.,$3.49,390 Cal,"2700 university blvd, birmingham, al, 35233, us",2700 University Blvd
Double Whopper Jr.,$3.59,447 Cal,"2700 university blvd, birmingham, al, 35233, us",2700 University Blvd
Whopper Jr.,$2.99,330 Cal,"2700 university blvd, birmingham, al, 35233, us",2700 University Blvd
Bacon Double Cheeseburger,$3.49,440 Cal,"2700 university blvd, birmingham, al, 35233, us",2700 University Blvd
Bacon Cheeseburger,$2.69,340 Cal,"2700 university blvd, birmingham, al, 35233, us",2700 University Blvd
Double Cheeseburger,$2.89,400 Cal,"2700 university blvd, birmingham, al, 35233, us",2700 University Blvd
Cheeseburger,$2.29,290 Cal,"2700 university blvd, birmingham, al, 35233, us",2700 University Blvd
Rodeo Burger,$2.19,340 Cal,"2700 university blvd, birmingham, al, 35233, us",2700 University Blvd
Hamburger,$1.89,250 Cal,"2700 university blvd, birmingham, al, 35233, us",2700 University Blvd
Have-sies™,$2.99,380 Cal,"2700 university blvd, birmingham, al, 35233, us",2700 University Blvd
French Fries,$2.99,370 Cal,"2700 university blvd, birmingham, al, 35233, us",2700 University Blvd
Onion Rings,$2.99,360 Cal,"2700 university blvd, birmingham, al, 35233, us",2700 University Blvd
Fiery Chicken Fries,$3.99,260 Cal,"2700 university blvd, birmingham, al, 35233, us",2700 University Blvd
Fiery Mozzarella Fries,$4.29,450 Cal,"2700 university blvd, birmingham, al, 35233, us",2700 University Blvd
Chicken Fries,$3.99,220 Cal,"2700 university blvd, birmingham, al, 35233, us",2700 University Blvd
Mozzarella Fries,$3.79,480 Cal,"2700 university blvd, birmingham, al, 35233, us",2700 University Blvd
Chicken Nuggets,$2.49,390 Cal,"2700 university blvd, birmingham, al, 35233, us",2700 University Blvd
Mott's® Applesauce,$1.59,50 Cal,"2700 university blvd, birmingham, al, 35233, us",2700 University Blvd
Fiery Bacon Whopper®,$6.99,800 Cal,"1533 n. peoria, tulsa, ok, 74106, us",1563 N Peoria Avenue
Whopper,$5.29,670 Cal,"1533 n. peoria, tulsa, ok, 74106, us",1563 N Peoria Avenue
Impossible™ Whopper,$6.49,630 Cal,"1533 n. peoria, tulsa, ok, 74106, us",1563 N Peoria Avenue
Texas Double Whopper,$7.89,"1,090 Cal","1533 n. peoria, tulsa, ok, 74106, us",1563 N Peoria Avenue
Double Whopper,$6.79,920 Cal,"1533 n. peoria, tulsa, ok, 74106, us",1563 N Peoria Avenue
Triple Whopper,$7.79,"1,170 Cal","1533 n. peoria, tulsa, ok, 74106, us",1563 N Peoria Avenue
Bacon King,$7.99,"1,200 Cal","1533 n. peoria, tulsa, ok, 74106, us",1563 N Peoria Avenue
BBQ Bacon Whopper Jr.,$3.49,390 Cal,"1533 n. peoria, tulsa, ok, 74106, us",1563 N Peoria Avenue
Double Whopper Jr.,$4.09,447 Cal,"1533 n. peoria, tulsa, ok, 74106, us",1563 N Peoria Avenue
Whopper Jr.,$2.89,330 Cal,"1533 n. peoria, tulsa, ok, 74106, us",1563 N Peoria Avenue
Bacon Double Cheeseburger,$3.69,440 Cal,"1533 n. peoria, tulsa, ok, 74106, us",1563 N Peoria Avenue
Bacon Cheeseburger,$2.79,340 Cal,"1533 n. peoria, tulsa, ok, 74106, us",1563 N Peoria Avenue
Double Cheeseburger,$2.99,400 Cal,"1533 n. peoria, tulsa, ok, 74106, us",1563 N Peoria Avenue
Cheeseburger,$2.09,290 Cal,"1533 n. peoria, tulsa, ok, 74106, us",1563 N Peoria Avenue
Rodeo Burger,$1.99,340 Cal,"1533 n. peoria, tulsa, ok, 74106, us",1563 N Peoria Avenue
Hamburger,$1.89,250 Cal,"1533 n. peoria, tulsa, ok, 74106, us",1563 N Peoria Avenue
Have-sies™,$2.84,380 Cal,"1533 n. peoria, tulsa, ok, 74106, us",1563 N Peoria Avenue
French Fries,$2.84,370 Cal,"1533 n. peoria, tulsa, ok, 74106, us",1563 N Peoria Avenue
Onion Rings,$2.84,360 Cal,"1533 n. peoria, tulsa, ok, 74106, us",1563 N Peoria Avenue
Fiery Chicken Fries,$3.99,260 Cal,"1533 n. peoria, tulsa, ok, 74106, us",1563 N Peoria Avenue
Fiery Mozzarella Fries,$4.29,450 Cal,"1533 n. peoria, tulsa, ok, 74106, us",1563 N Peoria Avenue
Chicken Fries,$3.99,220 Cal,"1533 n. peoria, tulsa, ok, 74106, us",1563 N Peoria Avenue
Mozzarella Fries,$3.79,480 Cal,"1533 n. peoria, tulsa, ok, 74106, us",1563 N Peoria Avenue
Chicken Nuggets,$2.49,390 Cal,"1533 n. peoria, tulsa, ok, 74106, us",1563 N Peoria Avenue
Mott's® Applesauce,$1.59,50 Cal,"1533 n. peoria, tulsa, ok, 74106, us",1563 N Peoria Avenue
Fiery Bacon Whopper®,$8.79,800 Cal,"1563 n peoria avenue, tulsa, ok, 74106, us",4571 North Pershing Avenue
Whopper,$7.39,670 Cal,"1563 n peoria avenue, tulsa, ok, 74106, us",4571 North Pershing Avenue
Impossible™ Whopper,$8.39,630 Cal,"1563 n peoria avenue, tulsa, ok, 74106, us",4571 North Pershing Avenue
Texas Double Whopper,$9.69,"1,090 Cal","1563 n peoria avenue, tulsa, ok, 74106, us",4571 North Pershing Avenue
Double Whopper,$8.49,920 Cal,"1563 n peoria avenue, tulsa, ok, 74106, us",4571 North Pershing Avenue
Triple Whopper,$9.69,"1,170 Cal","1563 n peoria avenue, tulsa, ok, 74106, us",4571 North Pershing Avenue
Bacon King,$9.19,"1,200 Cal","1563 n peoria avenue, tulsa, ok, 74106, us",4571 North Pershing Avenue
BBQ Bacon Whopper Jr.,$3.89,390 Cal,"1563 n peoria avenue, tulsa, ok, 74106, us",4571 North Pershing Avenue
Double Whopper Jr.,$5.69,447 Cal,"1563 n peoria avenue, tulsa, ok, 74106, us",4571 North Pershing Avenue
Whopper Jr.,$4.19,330 Cal,"1563 n peoria avenue, tulsa, ok, 74106, us",4571 North Pershing Avenue
Bacon Double Cheeseburger,$4.49,440 Cal,"1563 n peoria avenue, tulsa, ok, 74106, us",4571 North Pershing Avenue
Bacon Cheeseburger,$3.69,340 Cal,"1563 n peoria avenue, tulsa, ok, 74106, us",4571 North Pershing Avenue
Double Cheeseburger,$3.69,400 Cal,"1563 n peoria avenue, tulsa, ok, 74106, us",4571 North Pershing Avenue
Cheeseburger,$2.79,290 Cal,"1563 n peoria avenue, tulsa, ok, 74106, us",4571 North Pershing Avenue
Rodeo Burger,$2.59,340 Cal,"1563 n peoria avenue, tulsa, ok, 74106, us",4571 North Pershing Avenue
Hamburger,$2.39,250 Cal,"1563 n peoria avenue, tulsa, ok, 74106, us",4571 North Pershing Avenue
Have-sies™,$3.59,380 Cal,"1563 n peoria avenue, tulsa, ok, 74106, us",4571 North Pershing Avenue
French Fries,$3.99,370 Cal,"1563 n peoria avenue, tulsa, ok, 74106, us",4571 North Pershing Avenue
Onion Rings,$3.99,360 Cal,"1563 n peoria avenue, tulsa, ok, 74106, us",4571 North Pershing Avenue
Fiery Chicken Fries,$4.29,260 Cal,"1563 n peoria avenue, tulsa, ok, 74106, us",4571 North Pershing Avenue
Fiery Mozzarella Fries,$4.29,450 Cal,"1563 n peoria avenue, tulsa, ok, 74106, us",4571 North Pershing Avenue
Chicken Fries,$4.29,220 Cal,"1563 n peoria avenue, tulsa, ok, 74106, us",4571 North Pershing Avenue
Mozzarella Fries,$3.79,480 Cal,"1563 n peoria avenue, tulsa, ok, 74106, us",4571 North Pershing Avenue
Chicken Nuggets,$2.99,390 Cal,"1563 n peoria avenue, tulsa, ok, 74106, us",4571 North Pershing Avenue
Mott's® Applesauce,$1.69,50 Cal,"1563 n peoria avenue, tulsa, ok, 74106, us",4571 North Pershing Avenue
Whopper,$5.49,670 Cal,"1599 highway 101 south, greer, sc, 29651, us",1599 Highway 101 South
Impossible™ Whopper,$6.69,630 Cal,"1599 highway 101 south, greer, sc, 29651, us",1599 Highway 101 South
Double Whopper,$6.89,920 Cal,"1599 highway 101 south, greer, sc, 29651, us",1599 Highway 101 South
Triple Whopper,$8.29,"1,170 Cal","1599 highway 101 south, greer, sc, 29651, us",1599 Highway 101 South
Bacon King,$7.49,"1,200 Cal","1599 highway 101 south, greer, sc, 29651, us",1599 Highway 101 South
BBQ Bacon Whopper Jr.,$3.89,390 Cal,"1599 highway 101 south, greer, sc, 29651, us",1599 Highway 101 South
Double Whopper Jr.,$4.09,447 Cal,"1599 highway 101 south, greer, sc, 29651, us",1599 Highway 101 South
Whopper Jr.,$3.09,330 Cal,"1599 highway 101 south, greer, sc, 29651, us",1599 Highway 101 South
Bacon Double Cheeseburger,$4.09,440 Cal,"1599 highway 101 south, greer, sc, 29651, us",1599 Highway 101 South
Bacon Cheeseburger,$2.39,340 Cal,"1599 highway 101 south, greer, sc, 29651, us",1599 Highway 101 South
Double Cheeseburger,$3.29,400 Cal,"1599 highway 101 south, greer, sc, 29651, us",1599 Highway 101 South
Cheeseburger,$1.99,290 Cal,"1599 highway 101 south, greer, sc, 29651, us",1599 Highway 101 South
Rodeo Burger,$1.89,340 Cal,"1599 highway 101 south, greer, sc, 29651, us",1599 Highway 101 South
Hamburger,$1.79,250 Cal,"1599 highway 101 south, greer, sc, 29651, us",1599 Highway 101 South
Have-sies™,$3.29,380 Cal,"1599 highway 101 south, greer, sc, 29651, us",1599 Highway 101 South
French Fries,$3.19,370 Cal,"1599 highway 101 south, greer, sc, 29651, us",1599 Highway 101 South
Onion Rings,$3.29,360 Cal,"1599 highway 101 south, greer, sc, 29651, us",1599 Highway 101 South
Chicken Fries,$3.69,220 Cal,"1599 highway 101 south, greer, sc, 29651, us",1599 Highway 101 South
Mozzarella Fries,$3.89,480 Cal,"1599 highway 101 south, greer, sc, 29651, us",1599 Highway 101 South
Chicken Nuggets,$2.49,390 Cal,"1599 highway 101 south, greer, sc, 29651, us",1599 Highway 101 South
Mott's® Applesauce,$1.89,50 Cal,"1599 highway 101 south, greer, sc, 29651, us",1599 Highway 101 South
Fiery Bacon Whopper®,$6.99,800 Cal,"1601 hwy 55, durham, nc, 27707, us",1601 NC Hwy 55
Whopper,$5.99,670 Cal,"1601 hwy 55, durham, nc, 27707, us",1601 NC Hwy 55
Impossible™ Whopper,$5.99,630 Cal,"1601 hwy 55, durham, nc, 27707, us",1601 NC Hwy 55
Double Whopper,$7.19,920 Cal,"1601 hwy 55, durham, nc, 27707, us",1601 NC Hwy 55
Triple Whopper,$8.19,"1,170 Cal","1601 hwy 55, durham, nc, 27707, us",1601 NC Hwy 55
Bacon King,$8.39,"1,200 Cal","1601 hwy 55, durham, nc, 27707, us",1601 NC Hwy 55
BBQ Bacon Whopper Jr.,$3.49,390 Cal,"1601 hwy 55, durham, nc, 27707, us",1601 NC Hwy 55
Double Whopper Jr.,$3.99,447 Cal,"1601 hwy 55, durham, nc, 27707, us",1601 NC Hwy 55
Whopper Jr.,$2.99,330 Cal,"1601 hwy 55, durham, nc, 27707, us",1601 NC Hwy 55
Bacon Double Cheeseburger,$4.49,440 Cal,"1601 hwy 55, durham, nc, 27707, us",1601 NC Hwy 55
Bacon Cheeseburger,$2.99,340 Cal,"1601 hwy 55, durham, nc, 27707, us",1601 NC Hwy 55
Double Cheeseburger,$2.99,400 Cal,"1601 hwy 55, durham, nc, 27707, us",1601 NC Hwy 55
Cheeseburger,$2.49,290 Cal,"1601 hwy 55, durham, nc, 27707, us",1601 NC Hwy 55
Rodeo Burger,$2.99,340 Cal,"1601 hwy 55, durham, nc, 27707, us",1601 NC Hwy 55
Hamburger,$1.99,250 Cal,"1601 hwy 55, durham, nc, 27707, us",1601 NC Hwy 55
Have-sies™,$2.99,380 Cal,"1601 hwy 55, durham, nc, 27707, us",1601 NC Hwy 55
French Fries,$2.70,370 Cal,"1601 hwy 55, durham, nc, 27707, us",1601 NC Hwy 55
Onion Rings,$2.80,360 Cal,"1601 hwy 55, durham, nc, 27707, us",1601 NC Hwy 55
Fiery Chicken Fries,$3.99,260 Cal,"1601 hwy 55, durham, nc, 27707, us",1601 NC Hwy 55
Chicken Fries,$3.99,220 Cal,"1601 hwy 55, durham, nc, 27707, us",1601 NC Hwy 55
Mozzarella Fries,$4.29,480 Cal,"1601 hwy 55, durham, nc, 27707, us",1601 NC Hwy 55
Chicken Nuggets,$2.49,390 Cal,"1601 hwy 55, durham, nc, 27707, us",1601 NC Hwy 55
Fiery Bacon Whopper®,$6.59,800 Cal,"1620 south loop west, houston, tx, 77054, us",1620 South Loop West
Whopper,$5.49,670 Cal,"1620 south loop west, houston, tx, 77054, us",1620 South Loop West
Impossible™ Whopper,$6.49,630 Cal,"1620 south loop west, houston, tx, 77054, us",1620 South Loop West
Texas Double Whopper,$8.59,"1,090 Cal","1620 south loop west, houston, tx, 77054, us",1620 South Loop West
Double Whopper,$6.59,920 Cal,"1620 south loop west, houston, tx, 77054, us",1620 South Loop West
Triple Whopper,$7.69,"1,170 Cal","1620 south loop west, houston, tx, 77054, us",1620 South Loop West
Bacon King,$8.59,"1,200 Cal","1620 south loop west, houston, tx, 77054, us",1620 South Loop West
BBQ Bacon Whopper Jr.,$4.09,390 Cal,"1620 south loop west, houston, tx, 77054, us",1620 South Loop West
Double Whopper Jr.,$3.49,447 Cal,"1620 south loop west, houston, tx, 77054, us",1620 South Loop West
Whopper Jr.,$2.59,330 Cal,"1620 south loop west, houston, tx, 77054, us",1620 South Loop West
Bacon Double Cheeseburger,$3.59,440 Cal,"1620 south loop west, houston, tx, 77054, us",1620 South Loop West
Bacon Cheeseburger,$2.49,340 Cal,"1620 south loop west, houston, tx, 77054, us",1620 South Loop West
Double Cheeseburger,$2.89,400 Cal,"1620 south loop west, houston, tx, 77054, us",1620 South Loop West
Cheeseburger,$1.89,290 Cal,"1620 south loop west, houston, tx, 77054, us",1620 South Loop West
Rodeo Burger,$1.89,340 Cal,"1620 south loop west, houston, tx, 77054, us",1620 South Loop West
Hamburger,$1.69,250 Cal,"1620 south loop west, houston, tx, 77054, us",1620 South Loop West
Have-sies™,$2.69,380 Cal,"1620 south loop west, houston, tx, 77054, us",1620 South Loop West
French Fries,$2.69,370 Cal,"1620 south loop west, houston, tx, 77054, us",1620 South Loop West
Onion Rings,$2.69,360 Cal,"1620 south loop west, houston, tx, 77054, us",1620 South Loop West
Fiery Chicken Fries,$3.99,260 Cal,"1620 south loop west, houston, tx, 77054, us",1620 South Loop West
Fiery Mozzarella Fries,$4.29,450 Cal,"1620 south loop west, houston, tx, 77054, us",1620 South Loop West
Chicken Fries,$3.99,220 Cal,"1620 south loop west, houston, tx, 77054, us",1620 South Loop West
Mozzarella Fries,$3.99,480 Cal,"1620 south loop west, houston, tx, 77054, us",1620 South Loop West
Chicken Nuggets,$2.49,390 Cal,"1620 south loop west, houston, tx, 77054, us",1620 South Loop West
Mott's® Applesauce,$1.59,50 Cal,"1620 south loop west, houston, tx, 77054, us",1620 South Loop West
Crispy Tacos,$1.39,170 Cal,"1620 south loop west, houston, tx, 77054, us",1620 South Loop West
Whopper,$5.69,670 Cal,"1621 middle tennessee boulevard, murfreesboro, tn, 37130, us",1661 Middle Tennessee Blvd
Impossible™ Whopper,$6.89,630 Cal,"1621 middle tennessee boulevard, murfreesboro, tn, 37130, us",1661 Middle Tennessee Blvd
Double Whopper,$7.09,920 Cal,"1621 middle tennessee boulevard, murfreesboro, tn, 37130, us",1661 Middle Tennessee Blvd
Triple Whopper,$8.49,"1,170 Cal","1621 middle tennessee boulevard, murfreesboro, tn, 37130, us",1661 Middle Tennessee Blvd
Bacon King,$8.49,"1,200 Cal","1621 middle tennessee boulevard, murfreesboro, tn, 37130, us",1661 Middle Tennessee Blvd
BBQ Bacon Whopper Jr.,$4.39,390 Cal,"1621 middle tennessee boulevard, murfreesboro, tn, 37130, us",1661 Middle Tennessee Blvd
Double Whopper Jr.,$4.59,447 Cal,"1621 middle tennessee boulevard, murfreesboro, tn, 37130, us",1661 Middle Tennessee Blvd
Whopper Jr.,$3.59,330 Cal,"1621 middle tennessee boulevard, murfreesboro, tn, 37130, us",1661 Middle Tennessee Blvd
Bacon Double Cheeseburger,$4.09,440 Cal,"1621 middle tennessee boulevard, murfreesboro, tn, 37130, us",1661 Middle Tennessee Blvd
Bacon Cheeseburger,$2.69,340 Cal,"1621 middle tennessee boulevard, murfreesboro, tn, 37130, us",1661 Middle Tennessee Blvd
Double Cheeseburger,$3.29,400 Cal,"1621 middle tennessee boulevard, murfreesboro, tn, 37130, us",1661 Middle Tennessee Blvd
Cheeseburger,$2.19,290 Cal,"1621 middle tennessee boulevard, murfreesboro, tn, 37130, us",1661 Middle Tennessee Blvd
Rodeo Burger,$1.99,340 Cal,"1621 middle tennessee boulevard, murfreesboro, tn, 37130, us",1661 Middle Tennessee Blvd
Hamburger,$1.99,250 Cal,"1621 middle tennessee boulevard, murfreesboro, tn, 37130, us",1661 Middle Tennessee Blvd
Have-sies™,$3.49,380 Cal,"1621 middle tennessee boulevard, murfreesboro, tn, 37130, us",1661 Middle Tennessee Blvd
French Fries,$3.39,370 Cal,"1621 middle tennessee boulevard, murfreesboro, tn, 37130, us",1661 Middle Tennessee Blvd
Onion Rings,$3.49,360 Cal,"1621 middle tennessee boulevard, murfreesboro, tn, 37130, us",1661 Middle Tennessee Blvd
Chicken Fries,$3.69,220 Cal,"1621 middle tennessee boulevard, murfreesboro, tn, 37130, us",1661 Middle Tennessee Blvd
Mozzarella Fries,$3.89,480 Cal,"1621 middle tennessee boulevard, murfreesboro, tn, 37130, us",1661 Middle Tennessee Blvd
Chicken Nuggets,$2.49,390 Cal,"1621 middle tennessee boulevard, murfreesboro, tn, 37130, us",1661 Middle Tennessee Blvd
Mott's® Applesauce,$2.19,50 Cal,"1621 middle tennessee boulevard, murfreesboro, tn, 37130, us",1661 Middle Tennessee Blvd
Whopper,$5.69,670 Cal,"1661 middle tennessee blvd, murfreesboro, tn, 37130, us",1661 Middle Tennessee Blvd
Impossible™ Whopper,$6.89,630 Cal,"1661 middle tennessee blvd, murfreesboro, tn, 37130, us",1661 Middle Tennessee Blvd
Double Whopper,$7.09,920 Cal,"1661 middle tennessee blvd, murfreesboro, tn, 37130, us",1661 Middle Tennessee Blvd
Triple Whopper,$8.49,"1,170 Cal","1661 middle tennessee blvd, murfreesboro, tn, 37130, us",1661 Middle Tennessee Blvd
Bacon King,$8.49,"1,200 Cal","1661 middle tennessee blvd, murfreesboro, tn, 37130, us",1661 Middle Tennessee Blvd
BBQ Bacon Whopper Jr.,$4.39,390 Cal,"1661 middle tennessee blvd, murfreesboro, tn, 37130, us",1661 Middle Tennessee Blvd
Double Whopper Jr.,$4.59,447 Cal,"1661 middle tennessee blvd, murfreesboro, tn, 37130, us",1661 Middle Tennessee Blvd
Whopper Jr.,$3.59,330 Cal,"1661 middle tennessee blvd, murfreesboro, tn, 37130, us",1661 Middle Tennessee Blvd
Bacon Double Cheeseburger,$4.09,440 Cal,"1661 middle tennessee blvd, murfreesboro, tn, 37130, us",1661 Middle Tennessee Blvd
Bacon Cheeseburger,$2.69,340 Cal,"1661 middle tennessee blvd, murfreesboro, tn, 37130, us",1661 Middle Tennessee Blvd
Double Cheeseburger,$3.29,400 Cal,"1661 middle tennessee blvd, murfreesboro, tn, 37130, us",1661 Middle Tennessee Blvd
Cheeseburger,$2.19,290 Cal,"1661 middle tennessee blvd, murfreesboro, tn, 37130, us",1661 Middle Tennessee Blvd
Rodeo Burger,$1.99,340 Cal,"1661 middle tennessee blvd, murfreesboro, tn, 37130, us",1661 Middle Tennessee Blvd
Hamburger,$1.99,250 Cal,"1661 middle tennessee blvd, murfreesboro, tn, 37130, us",1661 Middle Tennessee Blvd
Have-sies™,$3.49,380 Cal,"1661 middle tennessee blvd, murfreesboro, tn, 37130, us",1661 Middle Tennessee Blvd
French Fries,$3.39,370 Cal,"1661 middle tennessee blvd, murfreesboro, tn, 37130, us",1661 Middle Tennessee Blvd
Onion Rings,$3.49,360 Cal,"1661 middle tennessee blvd, murfreesboro, tn, 37130, us",1661 Middle Tennessee Blvd
Chicken Fries,$3.69,220 Cal,"1661 middle tennessee blvd, murfreesboro, tn, 37130, us",1661 Middle Tennessee Blvd
Mozzarella Fries,$3.89,480 Cal,"1661 middle tennessee blvd, murfreesboro, tn, 37130, us",1661 Middle Tennessee Blvd
Chicken Nuggets,$2.49,390 Cal,"1661 middle tennessee blvd, murfreesboro, tn, 37130, us",1661 Middle Tennessee Blvd
Mott's® Applesauce,$2.19,50 Cal,"1661 middle tennessee blvd, murfreesboro, tn, 37130, us",1661 Middle Tennessee Blvd
Whopper,$5.49,670 Cal,"16800 caldwell creek drive, huntersville, nc, 28078, us",16800 Caldwell Creek Drive
Impossible™ Whopper,$6.69,630 Cal,"16800 caldwell creek drive, huntersville, nc, 28078, us",16800 Caldwell Creek Drive
Double Whopper,$6.89,920 Cal,"16800 caldwell creek drive, huntersville, nc, 28078, us",16800 Caldwell Creek Drive
Triple Whopper,$8.29,"1,170 Cal","16800 caldwell creek drive, huntersville, nc, 28078, us",16800 Caldwell Creek Drive
Bacon King,$7.49,"1,200 Cal","16800 caldwell creek drive, huntersville, nc, 28078, us",16800 Caldwell Creek Drive
BBQ Bacon Whopper Jr.,$3.89,390 Cal,"16800 caldwell creek drive, huntersville, nc, 28078, us",16800 Caldwell Creek Drive
Double Whopper Jr.,$4.09,447 Cal,"16800 caldwell creek drive, huntersville, nc, 28078, us",16800 Caldwell Creek Drive
Whopper Jr.,$3.09,330 Cal,"16800 caldwell creek drive, huntersville, nc, 28078, us",16800 Caldwell Creek Drive
Bacon Double Cheeseburger,$4.09,440 Cal,"16800 caldwell creek drive, huntersville, nc, 28078, us",16800 Caldwell Creek Drive
Bacon Cheeseburger,$2.39,340 Cal,"16800 caldwell creek drive, huntersville, nc, 28078, us",16800 Caldwell Creek Drive
Double Cheeseburger,$3.29,400 Cal,"16800 caldwell creek drive, huntersville, nc, 28078, us",16800 Caldwell Creek Drive
Cheeseburger,$1.99,290 Cal,"16800 caldwell creek drive, huntersville, nc, 28078, us",16800 Caldwell Creek Drive
Rodeo Burger,$1.89,340 Cal,"16800 caldwell creek drive, huntersville, nc, 28078, us",16800 Caldwell Creek Drive
Hamburger,$1.79,250 Cal,"16800 caldwell creek drive, huntersville, nc, 28078, us",16800 Caldwell Creek Drive
Have-sies™,$3.29,380 Cal,"16800 caldwell creek drive, huntersville, nc, 28078, us",16800 Caldwell Creek Drive
French Fries,$3.19,370 Cal,"16800 caldwell creek drive, huntersville, nc, 28078, us",16800 Caldwell Creek Drive
Onion Rings,$3.29,360 Cal,"16800 caldwell creek drive, huntersville, nc, 28078, us",16800 Caldwell Creek Drive
Chicken Fries,$3.69,220 Cal,"16800 caldwell creek drive, huntersville, nc, 28078, us",16800 Caldwell Creek Drive
Mozzarella Fries,$3.89,480 Cal,"16800 caldwell creek drive, huntersville, nc, 28078, us",16800 Caldwell Creek Drive
Chicken Nuggets,$2.49,390 Cal,"16800 caldwell creek drive, huntersville, nc, 28078, us",16800 Caldwell Creek Drive
Mott's® Applesauce,$1.89,50 Cal,"16800 caldwell creek drive, huntersville, nc, 28078, us",16800 Caldwell Creek Drive
Fiery Bacon Whopper®,$6.99,800 Cal,"1738 w tilghman street, allentown, pa, 18104, us",1738 W Tilghman St
Whopper,$5.89,670 Cal,"1738 w tilghman street, allentown, pa, 18104, us",1738 W Tilghman St
Impossible™ Whopper,$6.89,630 Cal,"1738 w tilghman street, allentown, pa, 18104, us",1738 W Tilghman St
Texas Double Whopper,$7.89,"1,090 Cal","1738 w tilghman street, allentown, pa, 18104, us",1738 W Tilghman St
Double Whopper,$7.39,920 Cal,"1738 w tilghman street, allentown, pa, 18104, us",1738 W Tilghman St
Triple Whopper,$9.09,"1,170 Cal","1738 w tilghman street, allentown, pa, 18104, us",1738 W Tilghman St
Bacon King,$7.99,"1,200 Cal","1738 w tilghman street, allentown, pa, 18104, us",1738 W Tilghman St
BBQ Bacon Whopper Jr.,$4.39,390 Cal,"1738 w tilghman street, allentown, pa, 18104, us",1738 W Tilghman St
Double Whopper Jr.,$5.39,447 Cal,"1738 w tilghman street, allentown, pa, 18104, us",1738 W Tilghman St
Whopper Jr.,$3.39,330 Cal,"1738 w tilghman street, allentown, pa, 18104, us",1738 W Tilghman St
Bacon Double Cheeseburger,$4.09,440 Cal,"1738 w tilghman street, allentown, pa, 18104, us",1738 W Tilghman St
Bacon Cheeseburger,$3.09,340 Cal,"1738 w tilghman street, allentown, pa, 18104, us",1738 W Tilghman St
Double Cheeseburger,$3.09,400 Cal,"1738 w tilghman street, allentown, pa, 18104, us",1738 W Tilghman St
Cheeseburger,$2.59,290 Cal,"1738 w tilghman street, allentown, pa, 18104, us",1738 W Tilghman St
Rodeo Burger,$2.59,340 Cal,"1738 w tilghman street, allentown, pa, 18104, us",1738 W Tilghman St
Hamburger,$2.09,250 Cal,"1738 w tilghman street, allentown, pa, 18104, us",1738 W Tilghman St
Have-sies™,$2.99,380 Cal,"1738 w tilghman street, allentown, pa, 18104, us",1738 W Tilghman St
French Fries,$2.99,370 Cal,"1738 w tilghman street, allentown, pa, 18104, us",1738 W Tilghman St
Onion Rings,$2.99,360 Cal,"1738 w tilghman street, allentown, pa, 18104, us",1738 W Tilghman St
Fiery Chicken Fries,$3.99,260 Cal,"1738 w tilghman street, allentown, pa, 18104, us",1738 W Tilghman St
Fiery Mozzarella Fries,$4.29,450 Cal,"1738 w tilghman street, allentown, pa, 18104, us",1738 W Tilghman St
Chicken Fries,$3.99,220 Cal,"1738 w tilghman street, allentown, pa, 18104, us",1738 W Tilghman St
Mozzarella Fries,$3.99,480 Cal,"1738 w tilghman street, allentown, pa, 18104, us",1738 W Tilghman St
Chicken Nuggets,$2.49,390 Cal,"1738 w tilghman street, allentown, pa, 18104, us",1738 W Tilghman St
Mott's® Applesauce,$1.69,50 Cal,"1738 w tilghman street, allentown, pa, 18104, us",1738 W Tilghman St
Fiery Bacon Whopper®,$6.99,800 Cal,"1804 4th street, lubbock, tx, 79415, us",1804 4th Street
Whopper,$6.19,670 Cal,"1804 4th street, lubbock, tx, 79415, us",1804 4th Street
Impossible™ Whopper,$6.99,630 Cal,"1804 4th street, lubbock, tx, 79415, us",1804 4th Street
Texas Double Whopper,$8.99,"1,090 Cal","1804 4th street, lubbock, tx, 79415, us",1804 4th Street
Double Whopper,$8.69,920 Cal,"1804 4th street, lubbock, tx, 79415, us",1804 4th Street
Triple Whopper,$11.19,"1,170 Cal","1804 4th street, lubbock, tx, 79415, us",1804 4th Street
Bacon King,$8.99,"1,200 Cal","1804 4th street, lubbock, tx, 79415, us",1804 4th Street
BBQ Bacon Whopper Jr.,$3.89,390 Cal,"1804 4th street, lubbock, tx, 79415, us",1804 4th Street
Double Whopper Jr.,$3.99,447 Cal,"1804 4th street, lubbock, tx, 79415, us",1804 4th Street
Whopper Jr.,$2.99,330 Cal,"1804 4th street, lubbock, tx, 79415, us",1804 4th Street
Bacon Double Cheeseburger,$3.79,440 Cal,"1804 4th street, lubbock, tx, 79415, us",1804 4th Street
Bacon Cheeseburger,$2.49,340 Cal,"1804 4th street, lubbock, tx, 79415, us",1804 4th Street
Double Cheeseburger,$2.99,400 Cal,"1804 4th street, lubbock, tx, 79415, us",1804 4th Street
Cheeseburger,$1.89,290 Cal,"1804 4th street, lubbock, tx, 79415, us",1804 4th Street
Rodeo Burger,$1.99,340 Cal,"1804 4th street, lubbock, tx, 79415, us",1804 4th Street
Hamburger,$1.69,250 Cal,"1804 4th street, lubbock, tx, 79415, us",1804 4th Street
Have-sies™,$2.79,380 Cal,"1804 4th street, lubbock, tx, 79415, us",1804 4th Street
French Fries,$2.79,370 Cal,"1804 4th street, lubbock, tx, 79415, us",1804 4th Street
Onion Rings,$2.79,360 Cal,"1804 4th street, lubbock, tx, 79415, us",1804 4th Street
Fiery Chicken Fries,$3.99,260 Cal,"1804 4th street, lubbock, tx, 79415, us",1804 4th Street
Fiery Mozzarella Fries,$4.29,450 Cal,"1804 4th street, lubbock, tx, 79415, us",1804 4th Street
Chicken Fries,$3.99,220 Cal,"1804 4th street, lubbock, tx, 79415, us",1804 4th Street
Mozzarella Fries,$3.79,480 Cal,"1804 4th street, lubbock, tx, 79415, us",1804 4th Street
Chicken Nuggets,$2.49,390 Cal,"1804 4th street, lubbock, tx, 79415, us",1804 4th Street
Mott's® Applesauce,$1.59,50 Cal,"1804 4th street, lubbock, tx, 79415, us",1804 4th Street
Fiery Bacon Whopper®,$7.09,800 Cal,"1817 indianapolis boulevard, whiting, in, 46394, us",10550 South Avenue B
Whopper,$5.99,670 Cal,"1817 indianapolis boulevard, whiting, in, 46394, us",10550 South Avenue B
Impossible™ Whopper,$6.99,630 Cal,"1817 indianapolis boulevard, whiting, in, 46394, us",10550 South Avenue B
Texas Double Whopper,$8.99,"1,090 Cal","1817 indianapolis boulevard, whiting, in, 46394, us",10550 South Avenue B
Double Whopper,$6.99,920 Cal,"1817 indianapolis boulevard, whiting, in, 46394, us",10550 South Avenue B
Triple Whopper,$7.99,"1,170 Cal","1817 indianapolis boulevard, whiting, in, 46394, us",10550 South Avenue B
Bacon King,$8.99,"1,200 Cal","1817 indianapolis boulevard, whiting, in, 46394, us",10550 South Avenue B
BBQ Bacon Whopper Jr.,$4.29,390 Cal,"1817 indianapolis boulevard, whiting, in, 46394, us",10550 South Avenue B
Double Whopper Jr.,$3.79,447 Cal,"1817 indianapolis boulevard, whiting, in, 46394, us",10550 South Avenue B
Whopper Jr.,$2.89,330 Cal,"1817 indianapolis boulevard, whiting, in, 46394, us",10550 South Avenue B
Bacon Double Cheeseburger,$3.79,440 Cal,"1817 indianapolis boulevard, whiting, in, 46394, us",10550 South Avenue B
Bacon Cheeseburger,$2.79,340 Cal,"1817 indianapolis boulevard, whiting, in, 46394, us",10550 South Avenue B
Double Cheeseburger,$2.99,400 Cal,"1817 indianapolis boulevard, whiting, in, 46394, us",10550 South Avenue B
Cheeseburger,$2.19,290 Cal,"1817 indianapolis boulevard, whiting, in, 46394, us",10550 South Avenue B
Rodeo Burger,$2.19,340 Cal,"1817 indianapolis boulevard, whiting, in, 46394, us",10550 South Avenue B
Hamburger,$1.89,250 Cal,"1817 indianapolis boulevard, whiting, in, 46394, us",10550 South Avenue B
Have-sies™,$2.79,380 Cal,"1817 indianapolis boulevard, whiting, in, 46394, us",10550 South Avenue B
French Fries,$2.79,370 Cal,"1817 indianapolis boulevard, whiting, in, 46394, us",10550 South Avenue B
Onion Rings,$2.79,360 Cal,"1817 indianapolis boulevard, whiting, in, 46394, us",10550 South Avenue B
Fiery Chicken Fries,$4.19,260 Cal,"1817 indianapolis boulevard, whiting, in, 46394, us",10550 South Avenue B
Fiery Mozzarella Fries,$4.39,450 Cal,"1817 indianapolis boulevard, whiting, in, 46394, us",10550 South Avenue B
Chicken Fries,$4.19,220 Cal,"1817 indianapolis boulevard, whiting, in, 46394, us",10550 South Avenue B
Mozzarella Fries,$4.09,480 Cal,"1817 indianapolis boulevard, whiting, in, 46394, us",10550 South Avenue B
Chicken Nuggets,$2.49,390 Cal,"1817 indianapolis boulevard, whiting, in, 46394, us",10550 South Avenue B
Mott's® Applesauce,$1.59,50 Cal,"1817 indianapolis boulevard, whiting, in, 46394, us",10550 South Avenue B
Crispy Tacos,$1.39,170 Cal,"1817 indianapolis boulevard, whiting, in, 46394, us",10550 South Avenue B
Fiery Bacon Whopper®,$7.99,800 Cal,"1828 rock quarry road, raleigh, nc, 27610, us",1828 Rock Quarry Road
Whopper,$5.79,670 Cal,"1828 rock quarry road, raleigh, nc, 27610, us",1828 Rock Quarry Road
Impossible™ Whopper,$6.89,630 Cal,"1828 rock quarry road, raleigh, nc, 27610, us",1828 Rock Quarry Road
Double Whopper,$6.99,920 Cal,"1828 rock quarry road, raleigh, nc, 27610, us",1828 Rock Quarry Road
Triple Whopper,$8.39,"1,170 Cal","1828 rock quarry road, raleigh, nc, 27610, us",1828 Rock Quarry Road
Bacon King,$8.29,"1,200 Cal","1828 rock quarry road, raleigh, nc, 27610, us",1828 Rock Quarry Road
BBQ Bacon Whopper Jr.,$3.49,390 Cal,"1828 rock quarry road, raleigh, nc, 27610, us",1828 Rock Quarry Road
Double Whopper Jr.,$2.79,447 Cal,"1828 rock quarry road, raleigh, nc, 27610, us",1828 Rock Quarry Road
Whopper Jr.,$3.29,330 Cal,"1828 rock quarry road, raleigh, nc, 27610, us",1828 Rock Quarry Road
Bacon Double Cheeseburger,$3.19,440 Cal,"1828 rock quarry road, raleigh, nc, 27610, us",1828 Rock Quarry Road
Bacon Cheeseburger,$2.49,340 Cal,"1828 rock quarry road, raleigh, nc, 27610, us",1828 Rock Quarry Road
Double Cheeseburger,$3.09,400 Cal,"1828 rock quarry road, raleigh, nc, 27610, us",1828 Rock Quarry Road
Cheeseburger,$1.99,290 Cal,"1828 rock quarry road, raleigh, nc, 27610, us",1828 Rock Quarry Road
Rodeo Burger,$1.79,340 Cal,"1828 rock quarry road, raleigh, nc, 27610, us",1828 Rock Quarry Road
Hamburger,$1.69,250 Cal,"1828 rock quarry road, raleigh, nc, 27610, us",1828 Rock Quarry Road
Have-sies™,$2.99,380 Cal,"1828 rock quarry road, raleigh, nc, 27610, us",1828 Rock Quarry Road
French Fries,$2.99,370 Cal,"1828 rock quarry road, raleigh, nc, 27610, us",1828 Rock Quarry Road
Onion Rings,$2.99,360 Cal,"1828 rock quarry road, raleigh, nc, 27610, us",1828 Rock Quarry Road
Fiery Chicken Fries,$3.99,260 Cal,"1828 rock quarry road, raleigh, nc, 27610, us",1828 Rock Quarry Road
Fiery Mozzarella Fries,$4.29,450 Cal,"1828 rock quarry road, raleigh, nc, 27610, us",1828 Rock Quarry Road
Chicken Fries,$4.69,220 Cal,"1828 rock quarry road, raleigh, nc, 27610, us",1828 Rock Quarry Road
Mozzarella Fries,$3.89,480 Cal,"1828 rock quarry road, raleigh, nc, 27610, us",1828 Rock Quarry Road
Chicken Nuggets,$2.49,390 Cal,"1828 rock quarry road, raleigh, nc, 27610, us",1828 Rock Quarry Road
Fiery Bacon Whopper®,$7.79,800 Cal,"1841 south 14th street, milwaukee, wi, 53204, us",1841 South 14th Street
Whopper,$6.89,670 Cal,"1841 south 14th street, milwaukee, wi, 53204, us",1841 South 14th Street
Impossible™ Whopper,$7.89,630 Cal,"1841 south 14th street, milwaukee, wi, 53204, us",1841 South 14th Street
Texas Double Whopper,$9.99,"1,090 Cal","1841 south 14th street, milwaukee, wi, 53204, us",1841 South 14th Street
Double Whopper,$8.29,920 Cal,"1841 south 14th street, milwaukee, wi, 53204, us",1841 South 14th Street
Triple Whopper,$10.19,"1,170 Cal","1841 south 14th street, milwaukee, wi, 53204, us",1841 South 14th Street
Bacon King,$8.89,"1,200 Cal","1841 south 14th street, milwaukee, wi, 53204, us",1841 South 14th Street
BBQ Bacon Whopper Jr.,$4.59,390 Cal,"1841 south 14th street, milwaukee, wi, 53204, us",1841 South 14th Street
Double Whopper Jr.,$4.69,447 Cal,"1841 south 14th street, milwaukee, wi, 53204, us",1841 South 14th Street
Whopper Jr.,$3.99,330 Cal,"1841 south 14th street, milwaukee, wi, 53204, us",1841 South 14th Street
Bacon Double Cheeseburger,$4.19,440 Cal,"1841 south 14th street, milwaukee, wi, 53204, us",1841 South 14th Street
Bacon Cheeseburger,$3.15,340 Cal,"1841 south 14th street, milwaukee, wi, 53204, us",1841 South 14th Street
Double Cheeseburger,$3.49,400 Cal,"1841 south 14th street, milwaukee, wi, 53204, us",1841 South 14th Street
Cheeseburger,$2.35,290 Cal,"1841 south 14th street, milwaukee, wi, 53204, us",1841 South 14th Street
Rodeo Burger,$2.19,340 Cal,"1841 south 14th street, milwaukee, wi, 53204, us",1841 South 14th Street
Hamburger,$1.99,250 Cal,"1841 south 14th street, milwaukee, wi, 53204, us",1841 South 14th Street
Have-sies™,$3.29,380 Cal,"1841 south 14th street, milwaukee, wi, 53204, us",1841 South 14th Street
French Fries,$3.59,370 Cal,"1841 south 14th street, milwaukee, wi, 53204, us",1841 South 14th Street
Onion Rings,$3.29,360 Cal,"1841 south 14th street, milwaukee, wi, 53204, us",1841 South 14th Street
Fiery Chicken Fries,$3.99,260 Cal,"1841 south 14th street, milwaukee, wi, 53204, us",1841 South 14th Street
Fiery Mozzarella Fries,$4.29,450 Cal,"1841 south 14th street, milwaukee, wi, 53204, us",1841 South 14th Street
Chicken Fries,$3.99,220 Cal,"1841 south 14th street, milwaukee, wi, 53204, us",1841 South 14th Street
Mozzarella Fries,$3.79,480 Cal,"1841 south 14th street, milwaukee, wi, 53204, us",1841 South 14th Street
Chicken Nuggets,$2.49,390 Cal,"1841 south 14th street, milwaukee, wi, 53204, us",1841 South 14th Street
Mott's® Applesauce,$1.49,50 Cal,"1841 south 14th street, milwaukee, wi, 53204, us",1841 South 14th Street
Crispy Tacos,$1.29,170 Cal,"1841 south 14th street, milwaukee, wi, 53204, us",1841 South 14th Street
Whopper,$5.79,670 Cal,"1901 route 286, pittsburgh, pa, 15239, us",1737 Golden Mile Hwy
Impossible™ Whopper,$6.99,630 Cal,"1901 route 286, pittsburgh, pa, 15239, us",1737 Golden Mile Hwy
Double Whopper,$7.19,920 Cal,"1901 route 286, pittsburgh, pa, 15239, us",1737 Golden Mile Hwy
Triple Whopper,$8.59,"1,170 Cal","1901 route 286, pittsburgh, pa, 15239, us",1737 Golden Mile Hwy
Bacon King,$8.59,"1,200 Cal","1901 route 286, pittsburgh, pa, 15239, us",1737 Golden Mile Hwy
BBQ Bacon Whopper Jr.,$4.19,390 Cal,"1901 route 286, pittsburgh, pa, 15239, us",1737 Golden Mile Hwy
Double Whopper Jr.,$4.39,447 Cal,"1901 route 286, pittsburgh, pa, 15239, us",1737 Golden Mile Hwy
Whopper Jr.,$3.39,330 Cal,"1901 route 286, pittsburgh, pa, 15239, us",1737 Golden Mile Hwy
Bacon Double Cheeseburger,$4.09,440 Cal,"1901 route 286, pittsburgh, pa, 15239, us",1737 Golden Mile Hwy
Bacon Cheeseburger,$2.69,340 Cal,"1901 route 286, pittsburgh, pa, 15239, us",1737 Golden Mile Hwy
Double Cheeseburger,$3.29,400 Cal,"1901 route 286, pittsburgh, pa, 15239, us",1737 Golden Mile Hwy
Cheeseburger,$2.19,290 Cal,"1901 route 286, pittsburgh, pa, 15239, us",1737 Golden Mile Hwy
Rodeo Burger,$1.99,340 Cal,"1901 route 286, pittsburgh, pa, 15239, us",1737 Golden Mile Hwy
Hamburger,$1.99,250 Cal,"1901 route 286, pittsburgh, pa, 15239, us",1737 Golden Mile Hwy
Have-sies™,$3.49,380 Cal,"1901 route 286, pittsburgh, pa, 15239, us",1737 Golden Mile Hwy
French Fries,$3.39,370 Cal,"1901 route 286, pittsburgh, pa, 15239, us",1737 Golden Mile Hwy
Onion Rings,$3.49,360 Cal,"1901 route 286, pittsburgh, pa, 15239, us",1737 Golden Mile Hwy
Chicken Fries,$3.69,220 Cal,"1901 route 286, pittsburgh, pa, 15239, us",1737 Golden Mile Hwy
Mozzarella Fries,$3.89,480 Cal,"1901 route 286, pittsburgh, pa, 15239, us",1737 Golden Mile Hwy
Chicken Nuggets,$2.49,390 Cal,"1901 route 286, pittsburgh, pa, 15239, us",1737 Golden Mile Hwy
Mott's® Applesauce,$2.19,50 Cal,"1901 route 286, pittsburgh, pa, 15239, us",1737 Golden Mile Hwy
Fiery Bacon Whopper®,$8.19,800 Cal,"1909 east pawnee, wichita, ks, 67211, us",1909 East Pawnee
Whopper,$6.59,670 Cal,"1909 east pawnee, wichita, ks, 67211, us",1909 East Pawnee
Impossible™ Whopper,$7.59,630 Cal,"1909 east pawnee, wichita, ks, 67211, us",1909 East Pawnee
Texas Double Whopper,$10.49,"1,090 Cal","1909 east pawnee, wichita, ks, 67211, us",1909 East Pawnee
Double Whopper,$7.89,920 Cal,"1909 east pawnee, wichita, ks, 67211, us",1909 East Pawnee
Triple Whopper,$9.19,"1,170 Cal","1909 east pawnee, wichita, ks, 67211, us",1909 East Pawnee
Bacon King,$8.39,"1,200 Cal","1909 east pawnee, wichita, ks, 67211, us",1909 East Pawnee
BBQ Bacon Whopper Jr.,$4.89,390 Cal,"1909 east pawnee, wichita, ks, 67211, us",1909 East Pawnee
Double Whopper Jr.,$5.19,447 Cal,"1909 east pawnee, wichita, ks, 67211, us",1909 East Pawnee
Whopper Jr.,$3.89,330 Cal,"1909 east pawnee, wichita, ks, 67211, us",1909 East Pawnee
Bacon Double Cheeseburger,$5.19,440 Cal,"1909 east pawnee, wichita, ks, 67211, us",1909 East Pawnee
Bacon Cheeseburger,$2.99,340 Cal,"1909 east pawnee, wichita, ks, 67211, us",1909 East Pawnee
Double Cheeseburger,$3.39,400 Cal,"1909 east pawnee, wichita, ks, 67211, us",1909 East Pawnee
Cheeseburger,$2.59,290 Cal,"1909 east pawnee, wichita, ks, 67211, us",1909 East Pawnee
Rodeo Burger,$2.59,340 Cal,"1909 east pawnee, wichita, ks, 67211, us",1909 East Pawnee
Hamburger,$2.49,250 Cal,"1909 east pawnee, wichita, ks, 67211, us",1909 East Pawnee
Have-sies™,$3.29,380 Cal,"1909 east pawnee, wichita, ks, 67211, us",1909 East Pawnee
French Fries,$3.29,370 Cal,"1909 east pawnee, wichita, ks, 67211, us",1909 East Pawnee
Onion Rings,$3.29,360 Cal,"1909 east pawnee, wichita, ks, 67211, us",1909 East Pawnee
Fiery Chicken Fries,$4.49,260 Cal,"1909 east pawnee, wichita, ks, 67211, us",1909 East Pawnee
Fiery Mozzarella Fries,$4.59,450 Cal,"1909 east pawnee, wichita, ks, 67211, us",1909 East Pawnee
Chicken Fries,$4.39,220 Cal,"1909 east pawnee, wichita, ks, 67211, us",1909 East Pawnee
Mozzarella Fries,$4.29,480 Cal,"1909 east pawnee, wichita, ks, 67211, us",1909 East Pawnee
Chicken Nuggets,$2.99,390 Cal,"1909 east pawnee, wichita, ks, 67211, us",1909 East Pawnee
Mott's® Applesauce,$2.49,50 Cal,"1909 east pawnee, wichita, ks, 67211, us",1909 East Pawnee
Crispy Tacos,$1.90,170 Cal,"1909 east pawnee, wichita, ks, 67211, us",1909 East Pawnee
Whopper,$5.69,670 Cal,"1911 mallory lane, franklin, tn, 37067, us",1911 Mallory Lane
Impossible™ Whopper,$6.89,630 Cal,"1911 mallory lane, franklin, tn, 37067, us",1911 Mallory Lane
Double Whopper,$7.09,920 Cal,"1911 mallory lane, franklin, tn, 37067, us",1911 Mallory Lane
Triple Whopper,$8.49,"1,170 Cal","1911 mallory lane, franklin, tn, 37067, us",1911 Mallory Lane
Bacon King,$8.49,"1,200 Cal","1911 mallory lane, franklin, tn, 37067, us",1911 Mallory Lane
BBQ Bacon Whopper Jr.,$4.39,390 Cal,"1911 mallory lane, franklin, tn, 37067, us",1911 Mallory Lane
Double Whopper Jr.,$4.59,447 Cal,"1911 mallory lane, franklin, tn, 37067, us",1911 Mallory Lane
Whopper Jr.,$3.59,330 Cal,"1911 mallory lane, franklin, tn, 37067, us",1911 Mallory Lane
Bacon Double Cheeseburger,$4.09,440 Cal,"1911 mallory lane, franklin, tn, 37067, us",1911 Mallory Lane
Bacon Cheeseburger,$2.69,340 Cal,"1911 mallory lane, franklin, tn, 37067, us",1911 Mallory Lane
Double Cheeseburger,$3.29,400 Cal,"1911 mallory lane, franklin, tn, 37067, us",1911 Mallory Lane
Cheeseburger,$2.19,290 Cal,"1911 mallory lane, franklin, tn, 37067, us",1911 Mallory Lane
Rodeo Burger,$1.99,340 Cal,"1911 mallory lane, franklin, tn, 37067, us",1911 Mallory Lane
Hamburger,$1.99,250 Cal,"1911 mallory lane, franklin, tn, 37067, us",1911 Mallory Lane
Have-sies™,$3.49,380 Cal,"1911 mallory lane, franklin, tn, 37067, us",1911 Mallory Lane
French Fries,$3.39,370 Cal,"1911 mallory lane, franklin, tn, 37067, us",1911 Mallory Lane
Onion Rings,$3.49,360 Cal,"1911 mallory lane, franklin, tn, 37067, us",1911 Mallory Lane
Chicken Fries,$3.69,220 Cal,"1911 mallory lane, franklin, tn, 37067, us",1911 Mallory Lane
Mozzarella Fries,$3.89,480 Cal,"1911 mallory lane, franklin, tn, 37067, us",1911 Mallory Lane
Chicken Nuggets,$2.49,390 Cal,"1911 mallory lane, franklin, tn, 37067, us",1911 Mallory Lane
Mott's® Applesauce,$2.19,50 Cal,"1911 mallory lane, franklin, tn, 37067, us",1911 Mallory Lane
Fiery Bacon Whopper®,$6.99,800 Cal,"1958 south 4th street, allentown, pa, 18103, us",550 Cutting Boulevard
Whopper,$7.79,670 Cal,"1958 south 4th street, allentown, pa, 18103, us",550 Cutting Boulevard
Impossible™ Whopper,$8.79,630 Cal,"1958 south 4th street, allentown, pa, 18103, us",550 Cutting Boulevard
Texas Double Whopper,$10.49,"1,090 Cal","1958 south 4th street, allentown, pa, 18103, us",550 Cutting Boulevard
Double Whopper,$8.99,920 Cal,"1958 south 4th street, allentown, pa, 18103, us",550 Cutting Boulevard
Triple Whopper,$10.09,"1,170 Cal","1958 south 4th street, allentown, pa, 18103, us",550 Cutting Boulevard
Bacon King,$9.09,"1,200 Cal","1958 south 4th street, allentown, pa, 18103, us",550 Cutting Boulevard
BBQ Bacon Whopper Jr.,$3.99,390 Cal,"1958 south 4th street, allentown, pa, 18103, us",550 Cutting Boulevard
Double Whopper Jr.,$4.19,447 Cal,"1958 south 4th street, allentown, pa, 18103, us",550 Cutting Boulevard
Whopper Jr.,$3.99,330 Cal,"1958 south 4th street, allentown, pa, 18103, us",550 Cutting Boulevard
Bacon Double Cheeseburger,$4.29,440 Cal,"1958 south 4th street, allentown, pa, 18103, us",550 Cutting Boulevard
Bacon Cheeseburger,$3.39,340 Cal,"1958 south 4th street, allentown, pa, 18103, us",550 Cutting Boulevard
Double Cheeseburger,$3.49,400 Cal,"1958 south 4th street, allentown, pa, 18103, us",550 Cutting Boulevard
Cheeseburger,$2.49,290 Cal,"1958 south 4th street, allentown, pa, 18103, us",550 Cutting Boulevard
Rodeo Burger,$2.49,340 Cal,"1958 south 4th street, allentown, pa, 18103, us",550 Cutting Boulevard
Hamburger,$2.09,250 Cal,"1958 south 4th street, allentown, pa, 18103, us",550 Cutting Boulevard
Have-sies™,$3.49,380 Cal,"1958 south 4th street, allentown, pa, 18103, us",550 Cutting Boulevard
French Fries,$3.49,370 Cal,"1958 south 4th street, allentown, pa, 18103, us",550 Cutting Boulevard
Onion Rings,$3.49,360 Cal,"1958 south 4th street, allentown, pa, 18103, us",550 Cutting Boulevard
Fiery Chicken Fries,$3.99,260 Cal,"1958 south 4th street, allentown, pa, 18103, us",550 Cutting Boulevard
Fiery Mozzarella Fries,$4.29,450 Cal,"1958 south 4th street, allentown, pa, 18103, us",550 Cutting Boulevard
Chicken Fries,$4.19,220 Cal,"1958 south 4th street, allentown, pa, 18103, us",550 Cutting Boulevard
Mozzarella Fries,$3.79,480 Cal,"1958 south 4th street, allentown, pa, 18103, us",550 Cutting Boulevard
Chicken Nuggets,$2.69,390 Cal,"1958 south 4th street, allentown, pa, 18103, us",550 Cutting Boulevard
Crispy Tacos,$1.39,170 Cal,"1958 south 4th street, allentown, pa, 18103, us",550 Cutting Boulevard
Fiery Bacon Whopper®,$6.69,800 Cal,"199 sw northside dr, atlanta, ga, 30313, us",1122 Northside Dr Nw
Whopper,$5.59,670 Cal,"199 sw northside dr, atlanta, ga, 30313, us",1122 Northside Dr Nw
Impossible™ Whopper,$6.69,630 Cal,"199 sw northside dr, atlanta, ga, 30313, us",1122 Northside Dr Nw
Texas Double Whopper,$7.69,"1,090 Cal","199 sw northside dr, atlanta, ga, 30313, us",1122 Northside Dr Nw
Double Whopper,$7.09,920 Cal,"199 sw northside dr, atlanta, ga, 30313, us",1122 Northside Dr Nw
Triple Whopper,$8.89,"1,170 Cal","199 sw northside dr, atlanta, ga, 30313, us",1122 Northside Dr Nw
Bacon King,$7.89,"1,200 Cal","199 sw northside dr, atlanta, ga, 30313, us",1122 Northside Dr Nw
BBQ Bacon Whopper Jr.,$4.29,390 Cal,"199 sw northside dr, atlanta, ga, 30313, us",1122 Northside Dr Nw
Double Whopper Jr.,$5.29,447 Cal,"199 sw northside dr, atlanta, ga, 30313, us",1122 Northside Dr Nw
Whopper Jr.,$3.29,330 Cal,"199 sw northside dr, atlanta, ga, 30313, us",1122 Northside Dr Nw
Bacon Double Cheeseburger,$4.09,440 Cal,"199 sw northside dr, atlanta, ga, 30313, us",1122 Northside Dr Nw
Bacon Cheeseburger,$3.09,340 Cal,"199 sw northside dr, atlanta, ga, 30313, us",1122 Northside Dr Nw
Double Cheeseburger,$3.09,400 Cal,"199 sw northside dr, atlanta, ga, 30313, us",1122 Northside Dr Nw
Cheeseburger,$2.39,290 Cal,"199 sw northside dr, atlanta, ga, 30313, us",1122 Northside Dr Nw
Rodeo Burger,$2.39,340 Cal,"199 sw northside dr, atlanta, ga, 30313, us",1122 Northside Dr Nw
Hamburger,$2.09,250 Cal,"199 sw northside dr, atlanta, ga, 30313, us",1122 Northside Dr Nw
Have-sies™,$2.99,380 Cal,"199 sw northside dr, atlanta, ga, 30313, us",1122 Northside Dr Nw
French Fries,$2.99,370 Cal,"199 sw northside dr, atlanta, ga, 30313, us",1122 Northside Dr Nw
Onion Rings,$2.99,360 Cal,"199 sw northside dr, atlanta, ga, 30313, us",1122 Northside Dr Nw
Fiery Chicken Fries,$3.99,260 Cal,"199 sw northside dr, atlanta, ga, 30313, us",1122 Northside Dr Nw
Fiery Mozzarella Fries,$4.09,450 Cal,"199 sw northside dr, atlanta, ga, 30313, us",1122 Northside Dr Nw
Chicken Fries,$3.99,220 Cal,"199 sw northside dr, atlanta, ga, 30313, us",1122 Northside Dr Nw
Mozzarella Fries,$3.79,480 Cal,"199 sw northside dr, atlanta, ga, 30313, us",1122 Northside Dr Nw
Chicken Nuggets,$2.49,390 Cal,"199 sw northside dr, atlanta, ga, 30313, us",1122 Northside Dr Nw
Mott's® Applesauce,$1.69,50 Cal,"199 sw northside dr, atlanta, ga, 30313, us",1122 Northside Dr Nw
Fiery Bacon Whopper®,$6.99,800 Cal,"2002 50th street, lubbock, tx, 79412, us","4200 International Blvd., East 14th Street"
Whopper,$7.79,670 Cal,"2002 50th street, lubbock, tx, 79412, us","4200 International Blvd., East 14th Street"
Impossible™ Whopper,$8.79,630 Cal,"2002 50th street, lubbock, tx, 79412, us","4200 International Blvd., East 14th Street"
Texas Double Whopper,$10.49,"1,090 Cal","2002 50th street, lubbock, tx, 79412, us","4200 International Blvd., East 14th Street"
Double Whopper,$8.99,920 Cal,"2002 50th street, lubbock, tx, 79412, us","4200 International Blvd., East 14th Street"
Triple Whopper,$10.09,"1,170 Cal","2002 50th street, lubbock, tx, 79412, us","4200 International Blvd., East 14th Street"
Bacon King,$9.09,"1,200 Cal","2002 50th street, lubbock, tx, 79412, us","4200 International Blvd., East 14th Street"
BBQ Bacon Whopper Jr.,$3.99,390 Cal,"2002 50th street, lubbock, tx, 79412, us","4200 International Blvd., East 14th Street"
Double Whopper Jr.,$4.19,447 Cal,"2002 50th street, lubbock, tx, 79412, us","4200 International Blvd., East 14th Street"
Whopper Jr.,$3.99,330 Cal,"2002 50th street, lubbock, tx, 79412, us","4200 International Blvd., East 14th Street"
Bacon Double Cheeseburger,$4.29,440 Cal,"2002 50th street, lubbock, tx, 79412, us","4200 International Blvd., East 14th Street"
Bacon Cheeseburger,$3.39,340 Cal,"2002 50th street, lubbock, tx, 79412, us","4200 International Blvd., East 14th Street"
Double Cheeseburger,$3.49,400 Cal,"2002 50th street, lubbock, tx, 79412, us","4200 International Blvd., East 14th Street"
Cheeseburger,$2.49,290 Cal,"2002 50th street, lubbock, tx, 79412, us","4200 International Blvd., East 14th Street"
Rodeo Burger,$2.49,340 Cal,"2002 50th street, lubbock, tx, 79412, us","4200 International Blvd., East 14th Street"
Hamburger,$2.09,250 Cal,"2002 50th street, lubbock, tx, 79412, us","4200 International Blvd., East 14th Street"
Have-sies™,$3.49,380 Cal,"2002 50th street, lubbock, tx, 79412, us","4200 International Blvd., East 14th Street"
French Fries,$3.49,370 Cal,"2002 50th street, lubbock, tx, 79412, us","4200 International Blvd., East 14th Street"
Onion Rings,$3.49,360 Cal,"2002 50th street, lubbock, tx, 79412, us","4200 International Blvd., East 14th Street"
Fiery Chicken Fries,$3.99,260 Cal,"2002 50th street, lubbock, tx, 79412, us","4200 International Blvd., East 14th Street"
Fiery Mozzarella Fries,$4.29,450 Cal,"2002 50th street, lubbock, tx, 79412, us","4200 International Blvd., East 14th Street"
Chicken Fries,$4.19,220 Cal,"2002 50th street, lubbock, tx, 79412, us","4200 International Blvd., East 14th Street"
Mozzarella Fries,$3.79,480 Cal,"2002 50th street, lubbock, tx, 79412, us","4200 International Blvd., East 14th Street"
Chicken Nuggets,$2.69,390 Cal,"2002 50th street, lubbock, tx, 79412, us","4200 International Blvd., East 14th Street"
Crispy Tacos,$1.39,170 Cal,"2002 50th street, lubbock, tx, 79412, us","4200 International Blvd., East 14th Street"
Fiery Bacon Whopper®,$6.99,800 Cal,"2022 bluff road, columbia, sc, 29201, us",2020 Bluff Road
Whopper,$6.19,670 Cal,"2022 bluff road, columbia, sc, 29201, us",2020 Bluff Road
Impossible™ Whopper,$6.99,630 Cal,"2022 bluff road, columbia, sc, 29201, us",2020 Bluff Road
Double Whopper,$7.19,920 Cal,"2022 bluff road, columbia, sc, 29201, us",2020 Bluff Road
Triple Whopper,$8.99,"1,170 Cal","2022 bluff road, columbia, sc, 29201, us",2020 Bluff Road
Bacon King,$8.19,"1,200 Cal","2022 bluff road, columbia, sc, 29201, us",2020 Bluff Road
BBQ Bacon Whopper Jr.,$4.75,390 Cal,"2022 bluff road, columbia, sc, 29201, us",2020 Bluff Road
Double Whopper Jr.,$4.29,447 Cal,"2022 bluff road, columbia, sc, 29201, us",2020 Bluff Road
Whopper Jr.,$3.79,330 Cal,"2022 bluff road, columbia, sc, 29201, us",2020 Bluff Road
Bacon Double Cheeseburger,$4.99,440 Cal,"2022 bluff road, columbia, sc, 29201, us",2020 Bluff Road
Bacon Cheeseburger,$3.99,340 Cal,"2022 bluff road, columbia, sc, 29201, us",2020 Bluff Road
Double Cheeseburger,$3.99,400 Cal,"2022 bluff road, columbia, sc, 29201, us",2020 Bluff Road
Cheeseburger,$2.99,290 Cal,"2022 bluff road, columbia, sc, 29201, us",2020 Bluff Road
Rodeo Burger,$2.29,340 Cal,"2022 bluff road, columbia, sc, 29201, us",2020 Bluff Road
Hamburger,$2.19,250 Cal,"2022 bluff road, columbia, sc, 29201, us",2020 Bluff Road
Have-sies™,$3.29,380 Cal,"2022 bluff road, columbia, sc, 29201, us",2020 Bluff Road
French Fries,$3.29,370 Cal,"2022 bluff road, columbia, sc, 29201, us",2020 Bluff Road
Onion Rings,$3.29,360 Cal,"2022 bluff road, columbia, sc, 29201, us",2020 Bluff Road
Fiery Chicken Fries,$4.29,260 Cal,"2022 bluff road, columbia, sc, 29201, us",2020 Bluff Road
Fiery Mozzarella Fries,$4.29,450 Cal,"2022 bluff road, columbia, sc, 29201, us",2020 Bluff Road
Chicken Fries,$4.99,220 Cal,"2022 bluff road, columbia, sc, 29201, us",2020 Bluff Road
Mozzarella Fries,$3.79,480 Cal,"2022 bluff road, columbia, sc, 29201, us",2020 Bluff Road
Chicken Nuggets,$2.49,390 Cal,"2022 bluff road, columbia, sc, 29201, us",2020 Bluff Road
Mott's® Applesauce,$1.56,50 Cal,"2022 bluff road, columbia, sc, 29201, us",2020 Bluff Road
Fiery Bacon Whopper®,$7.99,800 Cal,"205 university avenue, des moines, ia, 50314, us",205 University Avenue
Whopper,$5.99,670 Cal,"205 university avenue, des moines, ia, 50314, us",205 University Avenue
Impossible™ Whopper,$7.19,630 Cal,"205 university avenue, des moines, ia, 50314, us",205 University Avenue
Texas Double Whopper,$9.09,"1,090 Cal","205 university avenue, des moines, ia, 50314, us",205 University Avenue
Double Whopper,$7.49,920 Cal,"205 university avenue, des moines, ia, 50314, us",205 University Avenue
Triple Whopper,$8.49,"1,170 Cal","205 university avenue, des moines, ia, 50314, us",205 University Avenue
Bacon King,$8.49,"1,200 Cal","205 university avenue, des moines, ia, 50314, us",205 University Avenue
BBQ Bacon Whopper Jr.,$3.59,390 Cal,"205 university avenue, des moines, ia, 50314, us",205 University Avenue
Double Whopper Jr.,$3.99,447 Cal,"205 university avenue, des moines, ia, 50314, us",205 University Avenue
Whopper Jr.,$2.99,330 Cal,"205 university avenue, des moines, ia, 50314, us",205 University Avenue
Bacon Double Cheeseburger,$4.09,440 Cal,"205 university avenue, des moines, ia, 50314, us",205 University Avenue
Bacon Cheeseburger,$3.19,340 Cal,"205 university avenue, des moines, ia, 50314, us",205 University Avenue
Double Cheeseburger,$3.49,400 Cal,"205 university avenue, des moines, ia, 50314, us",205 University Avenue
Cheeseburger,$2.59,290 Cal,"205 university avenue, des moines, ia, 50314, us",205 University Avenue
Rodeo Burger,$2.29,340 Cal,"205 university avenue, des moines, ia, 50314, us",205 University Avenue
Hamburger,$1.99,250 Cal,"205 university avenue, des moines, ia, 50314, us",205 University Avenue
Have-sies™,$3.39,380 Cal,"205 university avenue, des moines, ia, 50314, us",205 University Avenue
French Fries,$3.39,370 Cal,"205 university avenue, des moines, ia, 50314, us",205 University Avenue
Onion Rings,$3.39,360 Cal,"205 university avenue, des moines, ia, 50314, us",205 University Avenue
Fiery Chicken Fries,$3.99,260 Cal,"205 university avenue, des moines, ia, 50314, us",205 University Avenue
Fiery Mozzarella Fries,$4.09,450 Cal,"205 university avenue, des moines, ia, 50314, us",205 University Avenue
Chicken Fries,$3.99,220 Cal,"205 university avenue, des moines, ia, 50314, us",205 University Avenue
Mozzarella Fries,$3.79,480 Cal,"205 university avenue, des moines, ia, 50314, us",205 University Avenue
Chicken Nuggets,$2.99,390 Cal,"205 university avenue, des moines, ia, 50314, us",205 University Avenue
Mott's® Applesauce,$1.49,50 Cal,"205 university avenue, des moines, ia, 50314, us",205 University Avenue
Fiery Bacon Whopper®,$6.69,800 Cal,"2100 clearview parkway, metairie, la, 70001, us",2100 Clearview Pkwy.
Whopper,$5.59,670 Cal,"2100 clearview parkway, metairie, la, 70001, us",2100 Clearview Pkwy.
Impossible™ Whopper,$6.69,630 Cal,"2100 clearview parkway, metairie, la, 70001, us",2100 Clearview Pkwy.
Texas Double Whopper,$7.69,"1,090 Cal","2100 clearview parkway, metairie, la, 70001, us",2100 Clearview Pkwy.
Double Whopper,$7.09,920 Cal,"2100 clearview parkway, metairie, la, 70001, us",2100 Clearview Pkwy.
Triple Whopper,$8.89,"1,170 Cal","2100 clearview parkway, metairie, la, 70001, us",2100 Clearview Pkwy.
Bacon King,$7.89,"1,200 Cal","2100 clearview parkway, metairie, la, 70001, us",2100 Clearview Pkwy.
BBQ Bacon Whopper Jr.,$4.29,390 Cal,"2100 clearview parkway, metairie, la, 70001, us",2100 Clearview Pkwy.
Double Whopper Jr.,$5.29,447 Cal,"2100 clearview parkway, metairie, la, 70001, us",2100 Clearview Pkwy.
Whopper Jr.,$3.29,330 Cal,"2100 clearview parkway, metairie, la, 70001, us",2100 Clearview Pkwy.
Bacon Double Cheeseburger,$4.09,440 Cal,"2100 clearview parkway, metairie, la, 70001, us",2100 Clearview Pkwy.
Bacon Cheeseburger,$3.09,340 Cal,"2100 clearview parkway, metairie, la, 70001, us",2100 Clearview Pkwy.
Double Cheeseburger,$3.09,400 Cal,"2100 clearview parkway, metairie, la, 70001, us",2100 Clearview Pkwy.
Cheeseburger,$2.39,290 Cal,"2100 clearview parkway, metairie, la, 70001, us",2100 Clearview Pkwy.
Rodeo Burger,$2.39,340 Cal,"2100 clearview parkway, metairie, la, 70001, us",2100 Clearview Pkwy.
Hamburger,$2.09,250 Cal,"2100 clearview parkway, metairie, la, 70001, us",2100 Clearview Pkwy.
Have-sies™,$2.99,380 Cal,"2100 clearview parkway, metairie, la, 70001, us",2100 Clearview Pkwy.
French Fries,$2.99,370 Cal,"2100 clearview parkway, metairie, la, 70001, us",2100 Clearview Pkwy.
Onion Rings,$2.99,360 Cal,"2100 clearview parkway, metairie, la, 70001, us",2100 Clearview Pkwy.
Fiery Chicken Fries,$3.99,260 Cal,"2100 clearview parkway, metairie, la, 70001, us",2100 Clearview Pkwy.
Fiery Mozzarella Fries,$4.09,450 Cal,"2100 clearview parkway, metairie, la, 70001, us",2100 Clearview Pkwy.
Chicken Fries,$3.99,220 Cal,"2100 clearview parkway, metairie, la, 70001, us",2100 Clearview Pkwy.
Mozzarella Fries,$3.79,480 Cal,"2100 clearview parkway, metairie, la, 70001, us",2100 Clearview Pkwy.
Chicken Nuggets,$2.49,390 Cal,"2100 clearview parkway, metairie, la, 70001, us",2100 Clearview Pkwy.
Mott's® Applesauce,$1.69,50 Cal,"2100 clearview parkway, metairie, la, 70001, us",2100 Clearview Pkwy.
Whopper,$5.69,670 Cal,"2100 peters creek pkwy, winston salem, nc, 27127, us",2100 Peters Creek Pkwy
Impossible™ Whopper,$6.89,630 Cal,"2100 peters creek pkwy, winston salem, nc, 27127, us",2100 Peters Creek Pkwy
Double Whopper,$7.09,920 Cal,"2100 peters creek pkwy, winston salem, nc, 27127, us",2100 Peters Creek Pkwy
Triple Whopper,$8.49,"1,170 Cal","2100 peters creek pkwy, winston salem, nc, 27127, us",2100 Peters Creek Pkwy
Bacon King,$7.79,"1,200 Cal","2100 peters creek pkwy, winston salem, nc, 27127, us",2100 Peters Creek Pkwy
BBQ Bacon Whopper Jr.,$4.39,390 Cal,"2100 peters creek pkwy, winston salem, nc, 27127, us",2100 Peters Creek Pkwy
Double Whopper Jr.,$4.59,447 Cal,"2100 peters creek pkwy, winston salem, nc, 27127, us",2100 Peters Creek Pkwy
Whopper Jr.,$3.59,330 Cal,"2100 peters creek pkwy, winston salem, nc, 27127, us",2100 Peters Creek Pkwy
Bacon Double Cheeseburger,$4.09,440 Cal,"2100 peters creek pkwy, winston salem, nc, 27127, us",2100 Peters Creek Pkwy
Bacon Cheeseburger,$2.69,340 Cal,"2100 peters creek pkwy, winston salem, nc, 27127, us",2100 Peters Creek Pkwy
Double Cheeseburger,$3.29,400 Cal,"2100 peters creek pkwy, winston salem, nc, 27127, us",2100 Peters Creek Pkwy
Cheeseburger,$2.19,290 Cal,"2100 peters creek pkwy, winston salem, nc, 27127, us",2100 Peters Creek Pkwy
Rodeo Burger,$1.99,340 Cal,"2100 peters creek pkwy, winston salem, nc, 27127, us",2100 Peters Creek Pkwy
Hamburger,$1.99,250 Cal,"2100 peters creek pkwy, winston salem, nc, 27127, us",2100 Peters Creek Pkwy
Have-sies™,$3.29,380 Cal,"2100 peters creek pkwy, winston salem, nc, 27127, us",2100 Peters Creek Pkwy
French Fries,$3.19,370 Cal,"2100 peters creek pkwy, winston salem, nc, 27127, us",2100 Peters Creek Pkwy
Onion Rings,$3.29,360 Cal,"2100 peters creek pkwy, winston salem, nc, 27127, us",2100 Peters Creek Pkwy
Chicken Fries,$3.69,220 Cal,"2100 peters creek pkwy, winston salem, nc, 27127, us",2100 Peters Creek Pkwy
Mozzarella Fries,$3.89,480 Cal,"2100 peters creek pkwy, winston salem, nc, 27127, us",2100 Peters Creek Pkwy
Chicken Nuggets,$2.49,390 Cal,"2100 peters creek pkwy, winston salem, nc, 27127, us",2100 Peters Creek Pkwy
Mott's® Applesauce,$2.19,50 Cal,"2100 peters creek pkwy, winston salem, nc, 27127, us",2100 Peters Creek Pkwy
Whopper,$5.59,670 Cal,"2119 east 23rd street, chattanooga, tn, 37404, us",2119 East 23rd Street
Impossible™ Whopper,$6.69,630 Cal,"2119 east 23rd street, chattanooga, tn, 37404, us",2119 East 23rd Street
Texas Double Whopper,$7.69,"1,090 Cal","2119 east 23rd street, chattanooga, tn, 37404, us",2119 East 23rd Street
Double Whopper,$7.09,920 Cal,"2119 east 23rd street, chattanooga, tn, 37404, us",2119 East 23rd Street
Triple Whopper,$8.89,"1,170 Cal","2119 east 23rd street, chattanooga, tn, 37404, us",2119 East 23rd Street
Bacon King,$7.89,"1,200 Cal","2119 east 23rd street, chattanooga, tn, 37404, us",2119 East 23rd Street
Double Whopper Jr.,$4.29,447 Cal,"2119 east 23rd street, chattanooga, tn, 37404, us",2119 East 23rd Street
Whopper Jr.,$3.29,330 Cal,"2119 east 23rd street, chattanooga, tn, 37404, us",2119 East 23rd Street
Bacon Double Cheeseburger,$4.09,440 Cal,"2119 east 23rd street, chattanooga, tn, 37404, us",2119 East 23rd Street
Bacon Cheeseburger,$3.09,340 Cal,"2119 east 23rd street, chattanooga, tn, 37404, us",2119 East 23rd Street
Double Cheeseburger,$3.09,400 Cal,"2119 east 23rd street, chattanooga, tn, 37404, us",2119 East 23rd Street
Cheeseburger,$2.39,290 Cal,"2119 east 23rd street, chattanooga, tn, 37404, us",2119 East 23rd Street
Rodeo Burger,$2.39,340 Cal,"2119 east 23rd street, chattanooga, tn, 37404, us",2119 East 23rd Street
Hamburger,$2.09,250 Cal,"2119 east 23rd street, chattanooga, tn, 37404, us",2119 East 23rd Street
Have-sies™,$2.99,380 Cal,"2119 east 23rd street, chattanooga, tn, 37404, us",2119 East 23rd Street
French Fries,$2.99,370 Cal,"2119 east 23rd street, chattanooga, tn, 37404, us",2119 East 23rd Street
Onion Rings,$2.99,360 Cal,"2119 east 23rd street, chattanooga, tn, 37404, us",2119 East 23rd Street
Fiery Mozzarella Fries,$4.09,450 Cal,"2119 east 23rd street, chattanooga, tn, 37404, us",2119 East 23rd Street
Chicken Fries,$3.99,220 Cal,"2119 east 23rd street, chattanooga, tn, 37404, us",2119 East 23rd Street
Mozzarella Fries,$3.79,480 Cal,"2119 east 23rd street, chattanooga, tn, 37404, us",2119 East 23rd Street
Chicken Nuggets,$2.49,390 Cal,"2119 east 23rd street, chattanooga, tn, 37404, us",2119 East 23rd Street
Mott's® Applesauce,$1.69,50 Cal,"2119 east 23rd street, chattanooga, tn, 37404, us",2119 East 23rd Street
Whopper,$5.69,670 Cal,"2122 e. 10th street, indianapolis, in, 46201, us",2122 E. 10th Street
Impossible™ Whopper,$6.89,630 Cal,"2122 e. 10th street, indianapolis, in, 46201, us",2122 E. 10th Street
Double Whopper,$7.09,920 Cal,"2122 e. 10th street, indianapolis, in, 46201, us",2122 E. 10th Street
Triple Whopper,$8.49,"1,170 Cal","2122 e. 10th street, indianapolis, in, 46201, us",2122 E. 10th Street
Bacon King,$8.09,"1,200 Cal","2122 e. 10th street, indianapolis, in, 46201, us",2122 E. 10th Street
BBQ Bacon Whopper Jr.,$4.39,390 Cal,"2122 e. 10th street, indianapolis, in, 46201, us",2122 E. 10th Street
Double Whopper Jr.,$4.59,447 Cal,"2122 e. 10th street, indianapolis, in, 46201, us",2122 E. 10th Street
Whopper Jr.,$3.59,330 Cal,"2122 e. 10th street, indianapolis, in, 46201, us",2122 E. 10th Street
Bacon Double Cheeseburger,$4.09,440 Cal,"2122 e. 10th street, indianapolis, in, 46201, us",2122 E. 10th Street
Bacon Cheeseburger,$2.69,340 Cal,"2122 e. 10th street, indianapolis, in, 46201, us",2122 E. 10th Street
Double Cheeseburger,$3.29,400 Cal,"2122 e. 10th street, indianapolis, in, 46201, us",2122 E. 10th Street
Cheeseburger,$2.19,290 Cal,"2122 e. 10th street, indianapolis, in, 46201, us",2122 E. 10th Street
Rodeo Burger,$1.99,340 Cal,"2122 e. 10th street, indianapolis, in, 46201, us",2122 E. 10th Street
Hamburger,$1.99,250 Cal,"2122 e. 10th street, indianapolis, in, 46201, us",2122 E. 10th Street
Have-sies™,$3.29,380 Cal,"2122 e. 10th street, indianapolis, in, 46201, us",2122 E. 10th Street
French Fries,$3.19,370 Cal,"2122 e. 10th street, indianapolis, in, 46201, us",2122 E. 10th Street
Onion Rings,$3.29,360 Cal,"2122 e. 10th street, indianapolis, in, 46201, us",2122 E. 10th Street
Chicken Fries,$3.69,220 Cal,"2122 e. 10th street, indianapolis, in, 46201, us",2122 E. 10th Street
Mozzarella Fries,$3.89,480 Cal,"2122 e. 10th street, indianapolis, in, 46201, us",2122 E. 10th Street
Chicken Nuggets,$2.49,390 Cal,"2122 e. 10th street, indianapolis, in, 46201, us",2122 E. 10th Street
Mott's® Applesauce,$2.19,50 Cal,"2122 e. 10th street, indianapolis, in, 46201, us",2122 E. 10th Street
Fiery Bacon Whopper®,$6.99,800 Cal,"2216 bush river road, columbia, sc, 29210, us",2216 Bush River Road
Whopper,$6.19,670 Cal,"2216 bush river road, columbia, sc, 29210, us",2216 Bush River Road
Impossible™ Whopper,$6.99,630 Cal,"2216 bush river road, columbia, sc, 29210, us",2216 Bush River Road
Double Whopper,$7.19,920 Cal,"2216 bush river road, columbia, sc, 29210, us",2216 Bush River Road
Triple Whopper,$8.99,"1,170 Cal","2216 bush river road, columbia, sc, 29210, us",2216 Bush River Road
Bacon King,$8.19,"1,200 Cal","2216 bush river road, columbia, sc, 29210, us",2216 Bush River Road
BBQ Bacon Whopper Jr.,$4.75,390 Cal,"2216 bush river road, columbia, sc, 29210, us",2216 Bush River Road
Double Whopper Jr.,$4.29,447 Cal,"2216 bush river road, columbia, sc, 29210, us",2216 Bush River Road
Whopper Jr.,$3.79,330 Cal,"2216 bush river road, columbia, sc, 29210, us",2216 Bush River Road
Bacon Double Cheeseburger,$4.99,440 Cal,"2216 bush river road, columbia, sc, 29210, us",2216 Bush River Road
Bacon Cheeseburger,$3.99,340 Cal,"2216 bush river road, columbia, sc, 29210, us",2216 Bush River Road
Double Cheeseburger,$3.99,400 Cal,"2216 bush river road, columbia, sc, 29210, us",2216 Bush River Road
Cheeseburger,$2.99,290 Cal,"2216 bush river road, columbia, sc, 29210, us",2216 Bush River Road
Rodeo Burger,$2.29,340 Cal,"2216 bush river road, columbia, sc, 29210, us",2216 Bush River Road
Hamburger,$2.19,250 Cal,"2216 bush river road, columbia, sc, 29210, us",2216 Bush River Road
Have-sies™,$3.29,380 Cal,"2216 bush river road, columbia, sc, 29210, us",2216 Bush River Road
French Fries,$3.29,370 Cal,"2216 bush river road, columbia, sc, 29210, us",2216 Bush River Road
Onion Rings,$3.29,360 Cal,"2216 bush river road, columbia, sc, 29210, us",2216 Bush River Road
Chicken Fries,$4.99,220 Cal,"2216 bush river road, columbia, sc, 29210, us",2216 Bush River Road
Mozzarella Fries,$3.79,480 Cal,"2216 bush river road, columbia, sc, 29210, us",2216 Bush River Road
Chicken Nuggets,$2.49,390 Cal,"2216 bush river road, columbia, sc, 29210, us",2216 Bush River Road
Mott's® Applesauce,$1.56,50 Cal,"2216 bush river road, columbia, sc, 29210, us",2216 Bush River Road
Fiery Bacon Whopper®,$8.59,800 Cal,"2230 salem road, conyers, ga, 30013, us",677 Contra Costa Boulevard
Whopper,$7.49,670 Cal,"2230 salem road, conyers, ga, 30013, us",677 Contra Costa Boulevard
Impossible™ Whopper,$7.99,630 Cal,"2230 salem road, conyers, ga, 30013, us",677 Contra Costa Boulevard
Texas Double Whopper,$9.89,"1,090 Cal","2230 salem road, conyers, ga, 30013, us",677 Contra Costa Boulevard
Double Whopper,$8.49,920 Cal,"2230 salem road, conyers, ga, 30013, us",677 Contra Costa Boulevard
Triple Whopper,$9.49,"1,170 Cal","2230 salem road, conyers, ga, 30013, us",677 Contra Costa Boulevard
Bacon King,$10.39,"1,200 Cal","2230 salem road, conyers, ga, 30013, us",677 Contra Costa Boulevard
BBQ Bacon Whopper Jr.,$5.79,390 Cal,"2230 salem road, conyers, ga, 30013, us",677 Contra Costa Boulevard
Double Whopper Jr.,$5.19,447 Cal,"2230 salem road, conyers, ga, 30013, us",677 Contra Costa Boulevard
Whopper Jr.,$4.19,330 Cal,"2230 salem road, conyers, ga, 30013, us",677 Contra Costa Boulevard
Bacon Double Cheeseburger,$4.59,440 Cal,"2230 salem road, conyers, ga, 30013, us",677 Contra Costa Boulevard
Bacon Cheeseburger,$3.59,340 Cal,"2230 salem road, conyers, ga, 30013, us",677 Contra Costa Boulevard
Double Cheeseburger,$3.79,400 Cal,"2230 salem road, conyers, ga, 30013, us",677 Contra Costa Boulevard
Cheeseburger,$3.29,290 Cal,"2230 salem road, conyers, ga, 30013, us",677 Contra Costa Boulevard
Rodeo Burger,$3.29,340 Cal,"2230 salem road, conyers, ga, 30013, us",677 Contra Costa Boulevard
Hamburger,$2.89,250 Cal,"2230 salem road, conyers, ga, 30013, us",677 Contra Costa Boulevard
Have-sies™,$4.39,380 Cal,"2230 salem road, conyers, ga, 30013, us",677 Contra Costa Boulevard
French Fries,$4.09,370 Cal,"2230 salem road, conyers, ga, 30013, us",677 Contra Costa Boulevard
Onion Rings,$4.09,360 Cal,"2230 salem road, conyers, ga, 30013, us",677 Contra Costa Boulevard
Fiery Chicken Fries,$4.99,260 Cal,"2230 salem road, conyers, ga, 30013, us",677 Contra Costa Boulevard
Fiery Mozzarella Fries,$5.29,450 Cal,"2230 salem road, conyers, ga, 30013, us",677 Contra Costa Boulevard
Chicken Fries,$4.99,220 Cal,"2230 salem road, conyers, ga, 30013, us",677 Contra Costa Boulevard
Mozzarella Fries,$4.99,480 Cal,"2230 salem road, conyers, ga, 30013, us",677 Contra Costa Boulevard
Chicken Nuggets,$2.99,390 Cal,"2230 salem road, conyers, ga, 30013, us",677 Contra Costa Boulevard
Mott's® Applesauce,$1.49,50 Cal,"2230 salem road, conyers, ga, 30013, us",677 Contra Costa Boulevard
Crispy Tacos,$1.99,170 Cal,"2230 salem road, conyers, ga, 30013, us",677 Contra Costa Boulevard
Fiery Bacon Whopper®,$7.89,800 Cal,"2241 avent ferry road, raleigh, nc, 27606, us",2241 Avent Ferry Road
Whopper,$6.19,670 Cal,"2241 avent ferry road, raleigh, nc, 27606, us",2241 Avent Ferry Road
Impossible™ Whopper,$7.19,630 Cal,"2241 avent ferry road, raleigh, nc, 27606, us",2241 Avent Ferry Road
Double Whopper,$7.49,920 Cal,"2241 avent ferry road, raleigh, nc, 27606, us",2241 Avent Ferry Road
Triple Whopper,$8.49,"1,170 Cal","2241 avent ferry road, raleigh, nc, 27606, us",2241 Avent Ferry Road
Bacon King,$8.49,"1,200 Cal","2241 avent ferry road, raleigh, nc, 27606, us",2241 Avent Ferry Road
BBQ Bacon Whopper Jr.,$3.49,390 Cal,"2241 avent ferry road, raleigh, nc, 27606, us",2241 Avent Ferry Road
Double Whopper Jr.,$2.79,447 Cal,"2241 avent ferry road, raleigh, nc, 27606, us",2241 Avent Ferry Road
Whopper Jr.,$3.79,330 Cal,"2241 avent ferry road, raleigh, nc, 27606, us",2241 Avent Ferry Road
Bacon Double Cheeseburger,$3.19,440 Cal,"2241 avent ferry road, raleigh, nc, 27606, us",2241 Avent Ferry Road
Bacon Cheeseburger,$2.69,340 Cal,"2241 avent ferry road, raleigh, nc, 27606, us",2241 Avent Ferry Road
Double Cheeseburger,$2.99,400 Cal,"2241 avent ferry road, raleigh, nc, 27606, us",2241 Avent Ferry Road
Cheeseburger,$2.19,290 Cal,"2241 avent ferry road, raleigh, nc, 27606, us",2241 Avent Ferry Road
Rodeo Burger,$2.19,340 Cal,"2241 avent ferry road, raleigh, nc, 27606, us",2241 Avent Ferry Road
Hamburger,$1.79,250 Cal,"2241 avent ferry road, raleigh, nc, 27606, us",2241 Avent Ferry Road
Have-sies™,$3.09,380 Cal,"2241 avent ferry road, raleigh, nc, 27606, us",2241 Avent Ferry Road
French Fries,$3.09,370 Cal,"2241 avent ferry road, raleigh, nc, 27606, us",2241 Avent Ferry Road
Onion Rings,$3.09,360 Cal,"2241 avent ferry road, raleigh, nc, 27606, us",2241 Avent Ferry Road
Fiery Chicken Fries,$3.99,260 Cal,"2241 avent ferry road, raleigh, nc, 27606, us",2241 Avent Ferry Road
Fiery Mozzarella Fries,$4.29,450 Cal,"2241 avent ferry road, raleigh, nc, 27606, us",2241 Avent Ferry Road
Chicken Fries,$4.89,220 Cal,"2241 avent ferry road, raleigh, nc, 27606, us",2241 Avent Ferry Road
Mozzarella Fries,$3.89,480 Cal,"2241 avent ferry road, raleigh, nc, 27606, us",2241 Avent Ferry Road
Chicken Nuggets,$2.49,390 Cal,"2241 avent ferry road, raleigh, nc, 27606, us",2241 Avent Ferry Road
Fiery Bacon Whopper®,$6.69,800 Cal,"2256 ambassador caffrey pkway, lafayette, la, 70506, us",2256 Ambassador Caffery Pkwy.
Whopper,$5.59,670 Cal,"2256 ambassador caffrey pkway, lafayette, la, 70506, us",2256 Ambassador Caffery Pkwy.
Impossible™ Whopper,$6.69,630 Cal,"2256 ambassador caffrey pkway, lafayette, la, 70506, us",2256 Ambassador Caffery Pkwy.
Texas Double Whopper,$7.69,"1,090 Cal","2256 ambassador caffrey pkway, lafayette, la, 70506, us",2256 Ambassador Caffery Pkwy.
Double Whopper,$7.09,920 Cal,"2256 ambassador caffrey pkway, lafayette, la, 70506, us",2256 Ambassador Caffery Pkwy.
Triple Whopper,$8.89,"1,170 Cal","2256 ambassador caffrey pkway, lafayette, la, 70506, us",2256 Ambassador Caffery Pkwy.
Bacon King,$7.89,"1,200 Cal","2256 ambassador caffrey pkway, lafayette, la, 70506, us",2256 Ambassador Caffery Pkwy.
BBQ Bacon Whopper Jr.,$4.29,390 Cal,"2256 ambassador caffrey pkway, lafayette, la, 70506, us",2256 Ambassador Caffery Pkwy.
Double Whopper Jr.,$5.29,447 Cal,"2256 ambassador caffrey pkway, lafayette, la, 70506, us",2256 Ambassador Caffery Pkwy.
Whopper Jr.,$3.29,330 Cal,"2256 ambassador caffrey pkway, lafayette, la, 70506, us",2256 Ambassador Caffery Pkwy.
Bacon Double Cheeseburger,$4.09,440 Cal,"2256 ambassador caffrey pkway, lafayette, la, 70506, us",2256 Ambassador Caffery Pkwy.
Bacon Cheeseburger,$3.09,340 Cal,"2256 ambassador caffrey pkway, lafayette, la, 70506, us",2256 Ambassador Caffery Pkwy.
Double Cheeseburger,$3.09,400 Cal,"2256 ambassador caffrey pkway, lafayette, la, 70506, us",2256 Ambassador Caffery Pkwy.
Cheeseburger,$2.39,290 Cal,"2256 ambassador caffrey pkway, lafayette, la, 70506, us",2256 Ambassador Caffery Pkwy.
Rodeo Burger,$2.39,340 Cal,"2256 ambassador caffrey pkway, lafayette, la, 70506, us",2256 Ambassador Caffery Pkwy.
Hamburger,$2.09,250 Cal,"2256 ambassador caffrey pkway, lafayette, la, 70506, us",2256 Ambassador Caffery Pkwy.
Have-sies™,$2.99,380 Cal,"2256 ambassador caffrey pkway, lafayette, la, 70506, us",2256 Ambassador Caffery Pkwy.
French Fries,$2.99,370 Cal,"2256 ambassador caffrey pkway, lafayette, la, 70506, us",2256 Ambassador Caffery Pkwy.
Onion Rings,$2.99,360 Cal,"2256 ambassador caffrey pkway, lafayette, la, 70506, us",2256 Ambassador Caffery Pkwy.
Fiery Chicken Fries,$3.99,260 Cal,"2256 ambassador caffrey pkway, lafayette, la, 70506, us",2256 Ambassador Caffery Pkwy.
Fiery Mozzarella Fries,$4.09,450 Cal,"2256 ambassador caffrey pkway, lafayette, la, 70506, us",2256 Ambassador Caffery Pkwy.
Chicken Fries,$3.99,220 Cal,"2256 ambassador caffrey pkway, lafayette, la, 70506, us",2256 Ambassador Caffery Pkwy.
Mozzarella Fries,$3.79,480 Cal,"2256 ambassador caffrey pkway, lafayette, la, 70506, us",2256 Ambassador Caffery Pkwy.
Chicken Nuggets,$2.49,390 Cal,"2256 ambassador caffrey pkway, lafayette, la, 70506, us",2256 Ambassador Caffery Pkwy.
Mott's® Applesauce,$1.69,50 Cal,"2256 ambassador caffrey pkway, lafayette, la, 70506, us",2256 Ambassador Caffery Pkwy.
Fiery Bacon Whopper®,$7.79,800 Cal,"2328 university ave, green bay, wi, 54302, us",2328 University Ave
Whopper,$6.89,670 Cal,"2328 university ave, green bay, wi, 54302, us",2328 University Ave
Impossible™ Whopper,$7.89,630 Cal,"2328 university ave, green bay, wi, 54302, us",2328 University Ave
Texas Double Whopper,$9.99,"1,090 Cal","2328 university ave, green bay, wi, 54302, us",2328 University Ave
Double Whopper,$8.29,920 Cal,"2328 university ave, green bay, wi, 54302, us",2328 University Ave
Triple Whopper,$10.19,"1,170 Cal","2328 university ave, green bay, wi, 54302, us",2328 University Ave
Bacon King,$8.89,"1,200 Cal","2328 university ave, green bay, wi, 54302, us",2328 University Ave
BBQ Bacon Whopper Jr.,$4.59,390 Cal,"2328 university ave, green bay, wi, 54302, us",2328 University Ave
Double Whopper Jr.,$4.69,447 Cal,"2328 university ave, green bay, wi, 54302, us",2328 University Ave
Whopper Jr.,$3.99,330 Cal,"2328 university ave, green bay, wi, 54302, us",2328 University Ave
Bacon Double Cheeseburger,$4.30,440 Cal,"2328 university ave, green bay, wi, 54302, us",2328 University Ave
Bacon Cheeseburger,$3.15,340 Cal,"2328 university ave, green bay, wi, 54302, us",2328 University Ave
Double Cheeseburger,$3.69,400 Cal,"2328 university ave, green bay, wi, 54302, us",2328 University Ave
Cheeseburger,$2.39,290 Cal,"2328 university ave, green bay, wi, 54302, us",2328 University Ave
Rodeo Burger,$2.19,340 Cal,"2328 university ave, green bay, wi, 54302, us",2328 University Ave
Hamburger,$1.99,250 Cal,"2328 university ave, green bay, wi, 54302, us",2328 University Ave
Have-sies™,$3.29,380 Cal,"2328 university ave, green bay, wi, 54302, us",2328 University Ave
French Fries,$3.59,370 Cal,"2328 university ave, green bay, wi, 54302, us",2328 University Ave
Onion Rings,$3.29,360 Cal,"2328 university ave, green bay, wi, 54302, us",2328 University Ave
Fiery Chicken Fries,$3.99,260 Cal,"2328 university ave, green bay, wi, 54302, us",2328 University Ave
Fiery Mozzarella Fries,$4.29,450 Cal,"2328 university ave, green bay, wi, 54302, us",2328 University Ave
Chicken Fries,$3.99,220 Cal,"2328 university ave, green bay, wi, 54302, us",2328 University Ave
Mozzarella Fries,$3.79,480 Cal,"2328 university ave, green bay, wi, 54302, us",2328 University Ave
Chicken Nuggets,$2.49,390 Cal,"2328 university ave, green bay, wi, 54302, us",2328 University Ave
Mott's® Applesauce,$1.49,50 Cal,"2328 university ave, green bay, wi, 54302, us",2328 University Ave
Fiery Bacon Whopper®,$6.99,800 Cal,"2414 east expressway 83, mission, tx, 78572, us",2414 East Expressway 83
Whopper,$6.19,670 Cal,"2414 east expressway 83, mission, tx, 78572, us",2414 East Expressway 83
Impossible™ Whopper,$6.99,630 Cal,"2414 east expressway 83, mission, tx, 78572, us",2414 East Expressway 83
Texas Double Whopper,$8.99,"1,090 Cal","2414 east expressway 83, mission, tx, 78572, us",2414 East Expressway 83
Double Whopper,$8.69,920 Cal,"2414 east expressway 83, mission, tx, 78572, us",2414 East Expressway 83
Triple Whopper,$11.19,"1,170 Cal","2414 east expressway 83, mission, tx, 78572, us",2414 East Expressway 83
Bacon King,$8.99,"1,200 Cal","2414 east expressway 83, mission, tx, 78572, us",2414 East Expressway 83
BBQ Bacon Whopper Jr.,$3.89,390 Cal,"2414 east expressway 83, mission, tx, 78572, us",2414 East Expressway 83
Double Whopper Jr.,$3.99,447 Cal,"2414 east expressway 83, mission, tx, 78572, us",2414 East Expressway 83
Whopper Jr.,$2.99,330 Cal,"2414 east expressway 83, mission, tx, 78572, us",2414 East Expressway 83
Bacon Double Cheeseburger,$3.79,440 Cal,"2414 east expressway 83, mission, tx, 78572, us",2414 East Expressway 83
Bacon Cheeseburger,$2.49,340 Cal,"2414 east expressway 83, mission, tx, 78572, us",2414 East Expressway 83
Double Cheeseburger,$2.99,400 Cal,"2414 east expressway 83, mission, tx, 78572, us",2414 East Expressway 83
Cheeseburger,$1.89,290 Cal,"2414 east expressway 83, mission, tx, 78572, us",2414 East Expressway 83
Rodeo Burger,$1.99,340 Cal,"2414 east expressway 83, mission, tx, 78572, us",2414 East Expressway 83
Hamburger,$1.69,250 Cal,"2414 east expressway 83, mission, tx, 78572, us",2414 East Expressway 83
Have-sies™,$2.79,380 Cal,"2414 east expressway 83, mission, tx, 78572, us",2414 East Expressway 83
French Fries,$2.79,370 Cal,"2414 east expressway 83, mission, tx, 78572, us",2414 East Expressway 83
Onion Rings,$2.79,360 Cal,"2414 east expressway 83, mission, tx, 78572, us",2414 East Expressway 83
Fiery Chicken Fries,$3.99,260 Cal,"2414 east expressway 83, mission, tx, 78572, us",2414 East Expressway 83
Fiery Mozzarella Fries,$4.29,450 Cal,"2414 east expressway 83, mission, tx, 78572, us",2414 East Expressway 83
Chicken Fries,$3.99,220 Cal,"2414 east expressway 83, mission, tx, 78572, us",2414 East Expressway 83
Mozzarella Fries,$3.79,480 Cal,"2414 east expressway 83, mission, tx, 78572, us",2414 East Expressway 83
Chicken Nuggets,$2.49,390 Cal,"2414 east expressway 83, mission, tx, 78572, us",2414 East Expressway 83
Mott's® Applesauce,$1.59,50 Cal,"2414 east expressway 83, mission, tx, 78572, us",2414 East Expressway 83
Fiery Bacon Whopper®,$6.69,800 Cal,"2429 west pinhook road, lafayette, la, 70508, us",2429 W. Pinhook
Whopper,$5.59,670 Cal,"2429 west pinhook road, lafayette, la, 70508, us",2429 W. Pinhook
Impossible™ Whopper,$6.69,630 Cal,"2429 west pinhook road, lafayette, la, 70508, us",2429 W. Pinhook
Texas Double Whopper,$7.69,"1,090 Cal","2429 west pinhook road, lafayette, la, 70508, us",2429 W. Pinhook
Double Whopper,$7.09,920 Cal,"2429 west pinhook road, lafayette, la, 70508, us",2429 W. Pinhook
Triple Whopper,$8.89,"1,170 Cal","2429 west pinhook road, lafayette, la, 70508, us",2429 W. Pinhook
Bacon King,$7.89,"1,200 Cal","2429 west pinhook road, lafayette, la, 70508, us",2429 W. Pinhook
Double Whopper Jr.,$4.29,447 Cal,"2429 west pinhook road, lafayette, la, 70508, us",2429 W. Pinhook
Whopper Jr.,$3.29,330 Cal,"2429 west pinhook road, lafayette, la, 70508, us",2429 W. Pinhook
Bacon Double Cheeseburger,$4.09,440 Cal,"2429 west pinhook road, lafayette, la, 70508, us",2429 W. Pinhook
Bacon Cheeseburger,$3.09,340 Cal,"2429 west pinhook road, lafayette, la, 70508, us",2429 W. Pinhook
Double Cheeseburger,$3.09,400 Cal,"2429 west pinhook road, lafayette, la, 70508, us",2429 W. Pinhook
Cheeseburger,$2.39,290 Cal,"2429 west pinhook road, lafayette, la, 70508, us",2429 W. Pinhook
Rodeo Burger,$2.39,340 Cal,"2429 west pinhook road, lafayette, la, 70508, us",2429 W. Pinhook
Hamburger,$2.09,250 Cal,"2429 west pinhook road, lafayette, la, 70508, us",2429 W. Pinhook
Have-sies™,$2.99,380 Cal,"2429 west pinhook road, lafayette, la, 70508, us",2429 W. Pinhook
French Fries,$2.99,370 Cal,"2429 west pinhook road, lafayette, la, 70508, us",2429 W. Pinhook
Onion Rings,$2.99,360 Cal,"2429 west pinhook road, lafayette, la, 70508, us",2429 W. Pinhook
Fiery Chicken Fries,$3.99,260 Cal,"2429 west pinhook road, lafayette, la, 70508, us",2429 W. Pinhook
Fiery Mozzarella Fries,$4.09,450 Cal,"2429 west pinhook road, lafayette, la, 70508, us",2429 W. Pinhook
Chicken Fries,$3.99,220 Cal,"2429 west pinhook road, lafayette, la, 70508, us",2429 W. Pinhook
Mozzarella Fries,$3.79,480 Cal,"2429 west pinhook road, lafayette, la, 70508, us",2429 W. Pinhook
Chicken Nuggets,$2.49,390 Cal,"2429 west pinhook road, lafayette, la, 70508, us",2429 W. Pinhook
Mott's® Applesauce,$1.69,50 Cal,"2429 west pinhook road, lafayette, la, 70508, us",2429 W. Pinhook
Whopper,$5.49,670 Cal,"2430 north cherry road, rock hill, sc, 29732, us",2430 North Cherry Road
Impossible™ Whopper,$6.69,630 Cal,"2430 north cherry road, rock hill, sc, 29732, us",2430 North Cherry Road
Double Whopper,$6.89,920 Cal,"2430 north cherry road, rock hill, sc, 29732, us",2430 North Cherry Road
Triple Whopper,$8.29,"1,170 Cal","2430 north cherry road, rock hill, sc, 29732, us",2430 North Cherry Road
Bacon King,$7.49,"1,200 Cal","2430 north cherry road, rock hill, sc, 29732, us",2430 North Cherry Road
BBQ Bacon Whopper Jr.,$3.89,390 Cal,"2430 north cherry road, rock hill, sc, 29732, us",2430 North Cherry Road
Double Whopper Jr.,$4.09,447 Cal,"2430 north cherry road, rock hill, sc, 29732, us",2430 North Cherry Road
Whopper Jr.,$3.09,330 Cal,"2430 north cherry road, rock hill, sc, 29732, us",2430 North Cherry Road
Bacon Double Cheeseburger,$4.09,440 Cal,"2430 north cherry road, rock hill, sc, 29732, us",2430 North Cherry Road
Bacon Cheeseburger,$2.39,340 Cal,"2430 north cherry road, rock hill, sc, 29732, us",2430 North Cherry Road
Double Cheeseburger,$3.29,400 Cal,"2430 north cherry road, rock hill, sc, 29732, us",2430 North Cherry Road
Cheeseburger,$1.99,290 Cal,"2430 north cherry road, rock hill, sc, 29732, us",2430 North Cherry Road
Rodeo Burger,$1.89,340 Cal,"2430 north cherry road, rock hill, sc, 29732, us",2430 North Cherry Road
Hamburger,$1.79,250 Cal,"2430 north cherry road, rock hill, sc, 29732, us",2430 North Cherry Road
Have-sies™,$3.29,380 Cal,"2430 north cherry road, rock hill, sc, 29732, us",2430 North Cherry Road
French Fries,$3.19,370 Cal,"2430 north cherry road, rock hill, sc, 29732, us",2430 North Cherry Road
Onion Rings,$3.29,360 Cal,"2430 north cherry road, rock hill, sc, 29732, us",2430 North Cherry Road
Chicken Fries,$3.69,220 Cal,"2430 north cherry road, rock hill, sc, 29732, us",2430 North Cherry Road
Mozzarella Fries,$3.89,480 Cal,"2430 north cherry road, rock hill, sc, 29732, us",2430 North Cherry Road
Chicken Nuggets,$2.49,390 Cal,"2430 north cherry road, rock hill, sc, 29732, us",2430 North Cherry Road
Mott's® Applesauce,$1.89,50 Cal,"2430 north cherry road, rock hill, sc, 29732, us",2430 North Cherry Road
Fiery Bacon Whopper®,$6.99,800 Cal,"2500 e riverside dr, austin, tx, 78741, us",2500 E Riverside Dr
Whopper,$5.89,670 Cal,"2500 e riverside dr, austin, tx, 78741, us",2500 E Riverside Dr
Impossible™ Whopper,$6.89,630 Cal,"2500 e riverside dr, austin, tx, 78741, us",2500 E Riverside Dr
Texas Double Whopper,$8.89,"1,090 Cal","2500 e riverside dr, austin, tx, 78741, us",2500 E Riverside Dr
Double Whopper,$6.89,920 Cal,"2500 e riverside dr, austin, tx, 78741, us",2500 E Riverside Dr
Triple Whopper,$7.89,"1,170 Cal","2500 e riverside dr, austin, tx, 78741, us",2500 E Riverside Dr
Bacon King,$8.89,"1,200 Cal","2500 e riverside dr, austin, tx, 78741, us",2500 E Riverside Dr
BBQ Bacon Whopper Jr.,$4.39,390 Cal,"2500 e riverside dr, austin, tx, 78741, us",2500 E Riverside Dr
Double Whopper Jr.,$3.79,447 Cal,"2500 e riverside dr, austin, tx, 78741, us",2500 E Riverside Dr
Whopper Jr.,$2.89,330 Cal,"2500 e riverside dr, austin, tx, 78741, us",2500 E Riverside Dr
Bacon Double Cheeseburger,$3.69,440 Cal,"2500 e riverside dr, austin, tx, 78741, us",2500 E Riverside Dr
Bacon Cheeseburger,$2.69,340 Cal,"2500 e riverside dr, austin, tx, 78741, us",2500 E Riverside Dr
Double Cheeseburger,$2.89,400 Cal,"2500 e riverside dr, austin, tx, 78741, us",2500 E Riverside Dr
Cheeseburger,$2.19,290 Cal,"2500 e riverside dr, austin, tx, 78741, us",2500 E Riverside Dr
Rodeo Burger,$2.19,340 Cal,"2500 e riverside dr, austin, tx, 78741, us",2500 E Riverside Dr
Hamburger,$1.79,250 Cal,"2500 e riverside dr, austin, tx, 78741, us",2500 E Riverside Dr
Have-sies™,$2.89,380 Cal,"2500 e riverside dr, austin, tx, 78741, us",2500 E Riverside Dr
French Fries,$2.89,370 Cal,"2500 e riverside dr, austin, tx, 78741, us",2500 E Riverside Dr
Onion Rings,$2.89,360 Cal,"2500 e riverside dr, austin, tx, 78741, us",2500 E Riverside Dr
Fiery Chicken Fries,$3.99,260 Cal,"2500 e riverside dr, austin, tx, 78741, us",2500 E Riverside Dr
Fiery Mozzarella Fries,$4.29,450 Cal,"2500 e riverside dr, austin, tx, 78741, us",2500 E Riverside Dr
Chicken Fries,$3.99,220 Cal,"2500 e riverside dr, austin, tx, 78741, us",2500 E Riverside Dr
Mozzarella Fries,$3.99,480 Cal,"2500 e riverside dr, austin, tx, 78741, us",2500 E Riverside Dr
Chicken Nuggets,$2.49,390 Cal,"2500 e riverside dr, austin, tx, 78741, us",2500 E Riverside Dr
Mott's® Applesauce,$1.59,50 Cal,"2500 e riverside dr, austin, tx, 78741, us",2500 E Riverside Dr
Whopper,$5.59,670 Cal,"2500 s i h 35, round rock, tx, 78681, us",720 Main Street
Impossible™ Whopper,$6.79,630 Cal,"2500 s i h 35, round rock, tx, 78681, us",720 Main Street
Double Whopper,$6.99,920 Cal,"2500 s i h 35, round rock, tx, 78681, us",720 Main Street
Triple Whopper,$8.39,"1,170 Cal","2500 s i h 35, round rock, tx, 78681, us",720 Main Street
Bacon King,$7.69,"1,200 Cal","2500 s i h 35, round rock, tx, 78681, us",720 Main Street
BBQ Bacon Whopper Jr.,$4.19,390 Cal,"2500 s i h 35, round rock, tx, 78681, us",720 Main Street
Double Whopper Jr.,$4.39,447 Cal,"2500 s i h 35, round rock, tx, 78681, us",720 Main Street
Whopper Jr.,$3.39,330 Cal,"2500 s i h 35, round rock, tx, 78681, us",720 Main Street
Bacon Double Cheeseburger,$4.09,440 Cal,"2500 s i h 35, round rock, tx, 78681, us",720 Main Street
Bacon Cheeseburger,$2.69,340 Cal,"2500 s i h 35, round rock, tx, 78681, us",720 Main Street
Double Cheeseburger,$3.29,400 Cal,"2500 s i h 35, round rock, tx, 78681, us",720 Main Street
Cheeseburger,$2.19,290 Cal,"2500 s i h 35, round rock, tx, 78681, us",720 Main Street
Rodeo Burger,$1.99,340 Cal,"2500 s i h 35, round rock, tx, 78681, us",720 Main Street
Hamburger,$1.99,250 Cal,"2500 s i h 35, round rock, tx, 78681, us",720 Main Street
Have-sies™,$3.49,380 Cal,"2500 s i h 35, round rock, tx, 78681, us",720 Main Street
French Fries,$3.39,370 Cal,"2500 s i h 35, round rock, tx, 78681, us",720 Main Street
Onion Rings,$3.49,360 Cal,"2500 s i h 35, round rock, tx, 78681, us",720 Main Street
Chicken Fries,$3.69,220 Cal,"2500 s i h 35, round rock, tx, 78681, us",720 Main Street
Mozzarella Fries,$3.89,480 Cal,"2500 s i h 35, round rock, tx, 78681, us",720 Main Street
Chicken Nuggets,$2.49,390 Cal,"2500 s i h 35, round rock, tx, 78681, us",720 Main Street
Mott's® Applesauce,$2.19,50 Cal,"2500 s i h 35, round rock, tx, 78681, us",720 Main Street
Whopper,$5.69,670 Cal,"2502 east raymond street, indianapolis, in, 46203, us",2502 East Raymond Street
Impossible™ Whopper,$6.89,630 Cal,"2502 east raymond street, indianapolis, in, 46203, us",2502 East Raymond Street
Double Whopper,$7.09,920 Cal,"2502 east raymond street, indianapolis, in, 46203, us",2502 East Raymond Street
Triple Whopper,$8.49,"1,170 Cal","2502 east raymond street, indianapolis, in, 46203, us",2502 East Raymond Street
Bacon King,$8.09,"1,200 Cal","2502 east raymond street, indianapolis, in, 46203, us",2502 East Raymond Street
BBQ Bacon Whopper Jr.,$4.39,390 Cal,"2502 east raymond street, indianapolis, in, 46203, us",2502 East Raymond Street
Double Whopper Jr.,$4.59,447 Cal,"2502 east raymond street, indianapolis, in, 46203, us",2502 East Raymond Street
Whopper Jr.,$3.59,330 Cal,"2502 east raymond street, indianapolis, in, 46203, us",2502 East Raymond Street
Bacon Double Cheeseburger,$4.09,440 Cal,"2502 east raymond street, indianapolis, in, 46203, us",2502 East Raymond Street
Bacon Cheeseburger,$2.69,340 Cal,"2502 east raymond street, indianapolis, in, 46203, us",2502 East Raymond Street
Double Cheeseburger,$3.29,400 Cal,"2502 east raymond street, indianapolis, in, 46203, us",2502 East Raymond Street
Cheeseburger,$2.19,290 Cal,"2502 east raymond street, indianapolis, in, 46203, us",2502 East Raymond Street
Rodeo Burger,$1.99,340 Cal,"2502 east raymond street, indianapolis, in, 46203, us",2502 East Raymond Street
Hamburger,$1.99,250 Cal,"2502 east raymond street, indianapolis, in, 46203, us",2502 East Raymond Street
Have-sies™,$3.29,380 Cal,"2502 east raymond street, indianapolis, in, 46203, us",2502 East Raymond Street
French Fries,$3.19,370 Cal,"2502 east raymond street, indianapolis, in, 46203, us",2502 East Raymond Street
Onion Rings,$3.29,360 Cal,"2502 east raymond street, indianapolis, in, 46203, us",2502 East Raymond Street
Chicken Fries,$3.69,220 Cal,"2502 east raymond street, indianapolis, in, 46203, us",2502 East Raymond Street
Mozzarella Fries,$3.89,480 Cal,"2502 east raymond street, indianapolis, in, 46203, us",2502 East Raymond Street
Chicken Nuggets,$2.49,390 Cal,"2502 east raymond street, indianapolis, in, 46203, us",2502 East Raymond Street
Mott's® Applesauce,$2.19,50 Cal,"2502 east raymond street, indianapolis, in, 46203, us",2502 East Raymond Street
Fiery Bacon Whopper®,$8.99,800 Cal,"2509 25th avenue, gulfport, ms, 39501, us",1541 East 12th Street
Whopper,$7.49,670 Cal,"2509 25th avenue, gulfport, ms, 39501, us",1541 East 12th Street
Impossible™ Whopper,$8.49,630 Cal,"2509 25th avenue, gulfport, ms, 39501, us",1541 East 12th Street
Texas Double Whopper,$9.99,"1,090 Cal","2509 25th avenue, gulfport, ms, 39501, us",1541 East 12th Street
Double Whopper,$8.49,920 Cal,"2509 25th avenue, gulfport, ms, 39501, us",1541 East 12th Street
Triple Whopper,$9.59,"1,170 Cal","2509 25th avenue, gulfport, ms, 39501, us",1541 East 12th Street
Bacon King,$9.29,"1,200 Cal","2509 25th avenue, gulfport, ms, 39501, us",1541 East 12th Street
BBQ Bacon Whopper Jr.,$4.99,390 Cal,"2509 25th avenue, gulfport, ms, 39501, us",1541 East 12th Street
Double Whopper Jr.,$5.29,447 Cal,"2509 25th avenue, gulfport, ms, 39501, us",1541 East 12th Street
Whopper Jr.,$4.49,330 Cal,"2509 25th avenue, gulfport, ms, 39501, us",1541 East 12th Street
Bacon Double Cheeseburger,$4.19,440 Cal,"2509 25th avenue, gulfport, ms, 39501, us",1541 East 12th Street
Bacon Cheeseburger,$3.49,340 Cal,"2509 25th avenue, gulfport, ms, 39501, us",1541 East 12th Street
Double Cheeseburger,$3.89,400 Cal,"2509 25th avenue, gulfport, ms, 39501, us",1541 East 12th Street
Cheeseburger,$2.99,290 Cal,"2509 25th avenue, gulfport, ms, 39501, us",1541 East 12th Street
Rodeo Burger,$2.99,340 Cal,"2509 25th avenue, gulfport, ms, 39501, us",1541 East 12th Street
Hamburger,$2.69,250 Cal,"2509 25th avenue, gulfport, ms, 39501, us",1541 East 12th Street
Have-sies™,$3.59,380 Cal,"2509 25th avenue, gulfport, ms, 39501, us",1541 East 12th Street
French Fries,$3.89,370 Cal,"2509 25th avenue, gulfport, ms, 39501, us",1541 East 12th Street
Onion Rings,$3.89,360 Cal,"2509 25th avenue, gulfport, ms, 39501, us",1541 East 12th Street
Fiery Chicken Fries,$4.79,260 Cal,"2509 25th avenue, gulfport, ms, 39501, us",1541 East 12th Street
Fiery Mozzarella Fries,$4.99,450 Cal,"2509 25th avenue, gulfport, ms, 39501, us",1541 East 12th Street
Chicken Fries,$4.79,220 Cal,"2509 25th avenue, gulfport, ms, 39501, us",1541 East 12th Street
Mozzarella Fries,$4.99,480 Cal,"2509 25th avenue, gulfport, ms, 39501, us",1541 East 12th Street
Chicken Nuggets,$2.99,390 Cal,"2509 25th avenue, gulfport, ms, 39501, us",1541 East 12th Street
Mott's® Applesauce,$1.79,50 Cal,"2509 25th avenue, gulfport, ms, 39501, us",1541 East 12th Street
Crispy Tacos,$1.50,170 Cal,"2509 25th avenue, gulfport, ms, 39501, us",1541 East 12th Street
Fiery Bacon Whopper®,$6.99,800 Cal,"2542 ne 30th street, ft. worth, tx, 76106, us",2542 NE 30th Street
Whopper,$6.19,670 Cal,"2542 ne 30th street, ft. worth, tx, 76106, us",2542 NE 30th Street
Impossible™ Whopper,$6.99,630 Cal,"2542 ne 30th street, ft. worth, tx, 76106, us",2542 NE 30th Street
Texas Double Whopper,$8.99,"1,090 Cal","2542 ne 30th street, ft. worth, tx, 76106, us",2542 NE 30th Street
Double Whopper,$8.69,920 Cal,"2542 ne 30th street, ft. worth, tx, 76106, us",2542 NE 30th Street
Triple Whopper,$11.19,"1,170 Cal","2542 ne 30th street, ft. worth, tx, 76106, us",2542 NE 30th Street
Bacon King,$8.99,"1,200 Cal","2542 ne 30th street, ft. worth, tx, 76106, us",2542 NE 30th Street
BBQ Bacon Whopper Jr.,$3.89,390 Cal,"2542 ne 30th street, ft. worth, tx, 76106, us",2542 NE 30th Street
Double Whopper Jr.,$3.99,447 Cal,"2542 ne 30th street, ft. worth, tx, 76106, us",2542 NE 30th Street
Whopper Jr.,$2.99,330 Cal,"2542 ne 30th street, ft. worth, tx, 76106, us",2542 NE 30th Street
Bacon Double Cheeseburger,$3.79,440 Cal,"2542 ne 30th street, ft. worth, tx, 76106, us",2542 NE 30th Street
Bacon Cheeseburger,$2.49,340 Cal,"2542 ne 30th street, ft. worth, tx, 76106, us",2542 NE 30th Street
Double Cheeseburger,$2.99,400 Cal,"2542 ne 30th street, ft. worth, tx, 76106, us",2542 NE 30th Street
Cheeseburger,$1.89,290 Cal,"2542 ne 30th street, ft. worth, tx, 76106, us",2542 NE 30th Street
Rodeo Burger,$1.99,340 Cal,"2542 ne 30th street, ft. worth, tx, 76106, us",2542 NE 30th Street
Hamburger,$1.69,250 Cal,"2542 ne 30th street, ft. worth, tx, 76106, us",2542 NE 30th Street
Have-sies™,$2.79,380 Cal,"2542 ne 30th street, ft. worth, tx, 76106, us",2542 NE 30th Street
French Fries,$2.79,370 Cal,"2542 ne 30th street, ft. worth, tx, 76106, us",2542 NE 30th Street
Onion Rings,$2.79,360 Cal,"2542 ne 30th street, ft. worth, tx, 76106, us",2542 NE 30th Street
Fiery Chicken Fries,$3.99,260 Cal,"2542 ne 30th street, ft. worth, tx, 76106, us",2542 NE 30th Street
Fiery Mozzarella Fries,$4.29,450 Cal,"2542 ne 30th street, ft. worth, tx, 76106, us",2542 NE 30th Street
Chicken Fries,$3.99,220 Cal,"2542 ne 30th street, ft. worth, tx, 76106, us",2542 NE 30th Street
Mozzarella Fries,$3.79,480 Cal,"2542 ne 30th street, ft. worth, tx, 76106, us",2542 NE 30th Street
Chicken Nuggets,$2.49,390 Cal,"2542 ne 30th street, ft. worth, tx, 76106, us",2542 NE 30th Street
Mott's® Applesauce,$1.59,50 Cal,"2542 ne 30th street, ft. worth, tx, 76106, us",2542 NE 30th Street
Fiery Bacon Whopper®,$6.99,800 Cal,"2548 richmond road, lexington, ky, 40517, us",2548 Richmond Road
Whopper,$5.39,670 Cal,"2548 richmond road, lexington, ky, 40517, us",2548 Richmond Road
Impossible™ Whopper,$6.09,630 Cal,"2548 richmond road, lexington, ky, 40517, us",2548 Richmond Road
Double Whopper,$6.99,920 Cal,"2548 richmond road, lexington, ky, 40517, us",2548 Richmond Road
Triple Whopper,$8.99,"1,170 Cal","2548 richmond road, lexington, ky, 40517, us",2548 Richmond Road
Bacon King,$8.29,"1,200 Cal","2548 richmond road, lexington, ky, 40517, us",2548 Richmond Road
BBQ Bacon Whopper Jr.,$3.39,390 Cal,"2548 richmond road, lexington, ky, 40517, us",2548 Richmond Road
Double Whopper Jr.,$3.79,447 Cal,"2548 richmond road, lexington, ky, 40517, us",2548 Richmond Road
Whopper Jr.,$2.79,330 Cal,"2548 richmond road, lexington, ky, 40517, us",2548 Richmond Road
Bacon Double Cheeseburger,$3.99,440 Cal,"2548 richmond road, lexington, ky, 40517, us",2548 Richmond Road
Bacon Cheeseburger,$2.79,340 Cal,"2548 richmond road, lexington, ky, 40517, us",2548 Richmond Road
Double Cheeseburger,$3.19,400 Cal,"2548 richmond road, lexington, ky, 40517, us",2548 Richmond Road
Cheeseburger,$2.19,290 Cal,"2548 richmond road, lexington, ky, 40517, us",2548 Richmond Road
Rodeo Burger,$1.99,340 Cal,"2548 richmond road, lexington, ky, 40517, us",2548 Richmond Road
Hamburger,$1.89,250 Cal,"2548 richmond road, lexington, ky, 40517, us",2548 Richmond Road
Have-sies™,$2.99,380 Cal,"2548 richmond road, lexington, ky, 40517, us",2548 Richmond Road
French Fries,$2.99,370 Cal,"2548 richmond road, lexington, ky, 40517, us",2548 Richmond Road
Onion Rings,$2.99,360 Cal,"2548 richmond road, lexington, ky, 40517, us",2548 Richmond Road
Fiery Chicken Fries,$3.79,260 Cal,"2548 richmond road, lexington, ky, 40517, us",2548 Richmond Road
Fiery Mozzarella Fries,$4.09,450 Cal,"2548 richmond road, lexington, ky, 40517, us",2548 Richmond Road
Chicken Fries,$3.79,220 Cal,"2548 richmond road, lexington, ky, 40517, us",2548 Richmond Road
Mozzarella Fries,$3.79,480 Cal,"2548 richmond road, lexington, ky, 40517, us",2548 Richmond Road
Chicken Nuggets,$2.49,390 Cal,"2548 richmond road, lexington, ky, 40517, us",2548 Richmond Road
Mott's® Applesauce,$1.49,50 Cal,"2548 richmond road, lexington, ky, 40517, us",2548 Richmond Road
Fiery Bacon Whopper®,$6.99,800 Cal,"2605 jacksboro hwy, river oaks, tx, 76114, us",2605 Jacksboro Hwy
Whopper,$6.19,670 Cal,"2605 jacksboro hwy, river oaks, tx, 76114, us",2605 Jacksboro Hwy
Impossible™ Whopper,$6.99,630 Cal,"2605 jacksboro hwy, river oaks, tx, 76114, us",2605 Jacksboro Hwy
Texas Double Whopper,$8.99,"1,090 Cal","2605 jacksboro hwy, river oaks, tx, 76114, us",2605 Jacksboro Hwy
Double Whopper,$8.69,920 Cal,"2605 jacksboro hwy, river oaks, tx, 76114, us",2605 Jacksboro Hwy
Triple Whopper,$11.19,"1,170 Cal","2605 jacksboro hwy, river oaks, tx, 76114, us",2605 Jacksboro Hwy
Bacon King,$8.99,"1,200 Cal","2605 jacksboro hwy, river oaks, tx, 76114, us",2605 Jacksboro Hwy
BBQ Bacon Whopper Jr.,$3.89,390 Cal,"2605 jacksboro hwy, river oaks, tx, 76114, us",2605 Jacksboro Hwy
Double Whopper Jr.,$3.99,447 Cal,"2605 jacksboro hwy, river oaks, tx, 76114, us",2605 Jacksboro Hwy
Whopper Jr.,$2.99,330 Cal,"2605 jacksboro hwy, river oaks, tx, 76114, us",2605 Jacksboro Hwy
Bacon Double Cheeseburger,$3.79,440 Cal,"2605 jacksboro hwy, river oaks, tx, 76114, us",2605 Jacksboro Hwy
Bacon Cheeseburger,$2.49,340 Cal,"2605 jacksboro hwy, river oaks, tx, 76114, us",2605 Jacksboro Hwy
Double Cheeseburger,$2.99,400 Cal,"2605 jacksboro hwy, river oaks, tx, 76114, us",2605 Jacksboro Hwy
Cheeseburger,$1.89,290 Cal,"2605 jacksboro hwy, river oaks, tx, 76114, us",2605 Jacksboro Hwy
Rodeo Burger,$1.99,340 Cal,"2605 jacksboro hwy, river oaks, tx, 76114, us",2605 Jacksboro Hwy
Hamburger,$1.69,250 Cal,"2605 jacksboro hwy, river oaks, tx, 76114, us",2605 Jacksboro Hwy
Have-sies™,$2.79,380 Cal,"2605 jacksboro hwy, river oaks, tx, 76114, us",2605 Jacksboro Hwy
French Fries,$2.79,370 Cal,"2605 jacksboro hwy, river oaks, tx, 76114, us",2605 Jacksboro Hwy
Onion Rings,$2.79,360 Cal,"2605 jacksboro hwy, river oaks, tx, 76114, us",2605 Jacksboro Hwy
Fiery Chicken Fries,$3.99,260 Cal,"2605 jacksboro hwy, river oaks, tx, 76114, us",2605 Jacksboro Hwy
Fiery Mozzarella Fries,$4.29,450 Cal,"2605 jacksboro hwy, river oaks, tx, 76114, us",2605 Jacksboro Hwy
Chicken Fries,$3.99,220 Cal,"2605 jacksboro hwy, river oaks, tx, 76114, us",2605 Jacksboro Hwy
Mozzarella Fries,$3.79,480 Cal,"2605 jacksboro hwy, river oaks, tx, 76114, us",2605 Jacksboro Hwy
Chicken Nuggets,$2.49,390 Cal,"2605 jacksboro hwy, river oaks, tx, 76114, us",2605 Jacksboro Hwy
Mott's® Applesauce,$1.59,50 Cal,"2605 jacksboro hwy, river oaks, tx, 76114, us",2605 Jacksboro Hwy
Fiery Bacon Whopper®,$8.49,800 Cal,"2713 south claiborne st, new orleans, la, 70125, us",849 University Avenue
Whopper,$8.19,670 Cal,"2713 south claiborne st, new orleans, la, 70125, us",849 University Avenue
Impossible™ Whopper,$9.49,630 Cal,"2713 south claiborne st, new orleans, la, 70125, us",849 University Avenue
Texas Double Whopper,$9.89,"1,090 Cal","2713 south claiborne st, new orleans, la, 70125, us",849 University Avenue
Double Whopper,$10.49,920 Cal,"2713 south claiborne st, new orleans, la, 70125, us",849 University Avenue
Triple Whopper,$11.19,"1,170 Cal","2713 south claiborne st, new orleans, la, 70125, us",849 University Avenue
Bacon King,$10.99,"1,200 Cal","2713 south claiborne st, new orleans, la, 70125, us",849 University Avenue
BBQ Bacon Whopper Jr.,$3.99,390 Cal,"2713 south claiborne st, new orleans, la, 70125, us",849 University Avenue
Double Whopper Jr.,$4.69,447 Cal,"2713 south claiborne st, new orleans, la, 70125, us",849 University Avenue
Whopper Jr.,$5.19,330 Cal,"2713 south claiborne st, new orleans, la, 70125, us",849 University Avenue
Bacon Double Cheeseburger,$4.89,440 Cal,"2713 south claiborne st, new orleans, la, 70125, us",849 University Avenue
Bacon Cheeseburger,$3.59,340 Cal,"2713 south claiborne st, new orleans, la, 70125, us",849 University Avenue
Double Cheeseburger,$3.99,400 Cal,"2713 south claiborne st, new orleans, la, 70125, us",849 University Avenue
Cheeseburger,$3.29,290 Cal,"2713 south claiborne st, new orleans, la, 70125, us",849 University Avenue
Rodeo Burger,$3.29,340 Cal,"2713 south claiborne st, new orleans, la, 70125, us",849 University Avenue
Hamburger,$2.99,250 Cal,"2713 south claiborne st, new orleans, la, 70125, us",849 University Avenue
Have-sies™,$3.89,380 Cal,"2713 south claiborne st, new orleans, la, 70125, us",849 University Avenue
French Fries,$4.09,370 Cal,"2713 south claiborne st, new orleans, la, 70125, us",849 University Avenue
Onion Rings,$4.09,360 Cal,"2713 south claiborne st, new orleans, la, 70125, us",849 University Avenue
Fiery Chicken Fries,$3.99,260 Cal,"2713 south claiborne st, new orleans, la, 70125, us",849 University Avenue
Fiery Mozzarella Fries,$4.79,450 Cal,"2713 south claiborne st, new orleans, la, 70125, us",849 University Avenue
Chicken Fries,$4.99,220 Cal,"2713 south claiborne st, new orleans, la, 70125, us",849 University Avenue
Mozzarella Fries,$3.79,480 Cal,"2713 south claiborne st, new orleans, la, 70125, us",849 University Avenue
Chicken Nuggets,$2.99,390 Cal,"2713 south claiborne st, new orleans, la, 70125, us",849 University Avenue
Mott's® Applesauce,$1.49,50 Cal,"2713 south claiborne st, new orleans, la, 70125, us",849 University Avenue
Crispy Tacos,$1.00,170 Cal,"2713 south claiborne st, new orleans, la, 70125, us",849 University Avenue
Fiery Bacon Whopper®,$6.69,800 Cal,"2773 evans mill rd, lithonia, ga, 30058, us",2773 Evans Mill Rd
Whopper,$5.59,670 Cal,"2773 evans mill rd, lithonia, ga, 30058, us",2773 Evans Mill Rd
Impossible™ Whopper,$6.69,630 Cal,"2773 evans mill rd, lithonia, ga, 30058, us",2773 Evans Mill Rd
Texas Double Whopper,$7.69,"1,090 Cal","2773 evans mill rd, lithonia, ga, 30058, us",2773 Evans Mill Rd
Double Whopper,$7.09,920 Cal,"2773 evans mill rd, lithonia, ga, 30058, us",2773 Evans Mill Rd
Triple Whopper,$8.89,"1,170 Cal","2773 evans mill rd, lithonia, ga, 30058, us",2773 Evans Mill Rd
Bacon King,$7.89,"1,200 Cal","2773 evans mill rd, lithonia, ga, 30058, us",2773 Evans Mill Rd
Double Whopper Jr.,$4.29,447 Cal,"2773 evans mill rd, lithonia, ga, 30058, us",2773 Evans Mill Rd
Whopper Jr.,$3.29,330 Cal,"2773 evans mill rd, lithonia, ga, 30058, us",2773 Evans Mill Rd
Bacon Double Cheeseburger,$4.09,440 Cal,"2773 evans mill rd, lithonia, ga, 30058, us",2773 Evans Mill Rd
Bacon Cheeseburger,$3.09,340 Cal,"2773 evans mill rd, lithonia, ga, 30058, us",2773 Evans Mill Rd
Double Cheeseburger,$3.09,400 Cal,"2773 evans mill rd, lithonia, ga, 30058, us",2773 Evans Mill Rd
Cheeseburger,$2.39,290 Cal,"2773 evans mill rd, lithonia, ga, 30058, us",2773 Evans Mill Rd
Rodeo Burger,$2.39,340 Cal,"2773 evans mill rd, lithonia, ga, 30058, us",2773 Evans Mill Rd
Hamburger,$2.09,250 Cal,"2773 evans mill rd, lithonia, ga, 30058, us",2773 Evans Mill Rd
Have-sies™,$2.99,380 Cal,"2773 evans mill rd, lithonia, ga, 30058, us",2773 Evans Mill Rd
French Fries,$2.99,370 Cal,"2773 evans mill rd, lithonia, ga, 30058, us",2773 Evans Mill Rd
Onion Rings,$2.99,360 Cal,"2773 evans mill rd, lithonia, ga, 30058, us",2773 Evans Mill Rd
Fiery Chicken Fries,$3.99,260 Cal,"2773 evans mill rd, lithonia, ga, 30058, us",2773 Evans Mill Rd
Fiery Mozzarella Fries,$4.09,450 Cal,"2773 evans mill rd, lithonia, ga, 30058, us",2773 Evans Mill Rd
Chicken Fries,$3.99,220 Cal,"2773 evans mill rd, lithonia, ga, 30058, us",2773 Evans Mill Rd
Mozzarella Fries,$3.79,480 Cal,"2773 evans mill rd, lithonia, ga, 30058, us",2773 Evans Mill Rd
Chicken Nuggets,$2.49,390 Cal,"2773 evans mill rd, lithonia, ga, 30058, us",2773 Evans Mill Rd
Mott's® Applesauce,$1.69,50 Cal,"2773 evans mill rd, lithonia, ga, 30058, us",2773 Evans Mill Rd
Fiery Bacon Whopper®,$6.99,800 Cal,"2806 north broadway, knoxville, tn, 37917, us",2806 North Broadway
Whopper,$4.99,670 Cal,"2806 north broadway, knoxville, tn, 37917, us",2806 North Broadway
Impossible™ Whopper,$6.49,630 Cal,"2806 north broadway, knoxville, tn, 37917, us",2806 North Broadway
Texas Double Whopper,$8.99,"1,090 Cal","2806 north broadway, knoxville, tn, 37917, us",2806 North Broadway
Double Whopper,$6.59,920 Cal,"2806 north broadway, knoxville, tn, 37917, us",2806 North Broadway
Triple Whopper,$8.19,"1,170 Cal","2806 north broadway, knoxville, tn, 37917, us",2806 North Broadway
Bacon King,$8.99,"1,200 Cal","2806 north broadway, knoxville, tn, 37917, us",2806 North Broadway
BBQ Bacon Whopper Jr.,$4.29,390 Cal,"2806 north broadway, knoxville, tn, 37917, us",2806 North Broadway
Double Whopper Jr.,$4.49,447 Cal,"2806 north broadway, knoxville, tn, 37917, us",2806 North Broadway
Whopper Jr.,$3.69,330 Cal,"2806 north broadway, knoxville, tn, 37917, us",2806 North Broadway
Bacon Double Cheeseburger,$3.99,440 Cal,"2806 north broadway, knoxville, tn, 37917, us",2806 North Broadway
Bacon Cheeseburger,$2.99,340 Cal,"2806 north broadway, knoxville, tn, 37917, us",2806 North Broadway
Double Cheeseburger,$3.99,400 Cal,"2806 north broadway, knoxville, tn, 37917, us",2806 North Broadway
Cheeseburger,$2.49,290 Cal,"2806 north broadway, knoxville, tn, 37917, us",2806 North Broadway
Rodeo Burger,$2.19,340 Cal,"2806 north broadway, knoxville, tn, 37917, us",2806 North Broadway
Hamburger,$2.19,250 Cal,"2806 north broadway, knoxville, tn, 37917, us",2806 North Broadway
Have-sies™,$2.89,380 Cal,"2806 north broadway, knoxville, tn, 37917, us",2806 North Broadway
French Fries,$2.99,370 Cal,"2806 north broadway, knoxville, tn, 37917, us",2806 North Broadway
Onion Rings,$2.99,360 Cal,"2806 north broadway, knoxville, tn, 37917, us",2806 North Broadway
Fiery Chicken Fries,$4.49,260 Cal,"2806 north broadway, knoxville, tn, 37917, us",2806 North Broadway
Chicken Fries,$4.49,220 Cal,"2806 north broadway, knoxville, tn, 37917, us",2806 North Broadway
Mozzarella Fries,$3.99,480 Cal,"2806 north broadway, knoxville, tn, 37917, us",2806 North Broadway
Chicken Nuggets,$2.49,390 Cal,"2806 north broadway, knoxville, tn, 37917, us",2806 North Broadway
Mott's® Applesauce,$1.49,50 Cal,"2806 north broadway, knoxville, tn, 37917, us",2806 North Broadway
Fiery Bacon Whopper®,$6.99,800 Cal,"2807 panola road, lithonia, ga, 30035, us",2807 Panola Road
Whopper,$5.89,670 Cal,"2807 panola road, lithonia, ga, 30035, us",2807 Panola Road
Impossible™ Whopper,$6.89,630 Cal,"2807 panola road, lithonia, ga, 30035, us",2807 Panola Road
Texas Double Whopper,$7.79,"1,090 Cal","2807 panola road, lithonia, ga, 30035, us",2807 Panola Road
Double Whopper,$6.99,920 Cal,"2807 panola road, lithonia, ga, 30035, us",2807 Panola Road
Triple Whopper,$8.19,"1,170 Cal","2807 panola road, lithonia, ga, 30035, us",2807 Panola Road
Bacon King,$7.69,"1,200 Cal","2807 panola road, lithonia, ga, 30035, us",2807 Panola Road
BBQ Bacon Whopper Jr.,$3.49,390 Cal,"2807 panola road, lithonia, ga, 30035, us",2807 Panola Road
Double Whopper Jr.,$3.59,447 Cal,"2807 panola road, lithonia, ga, 30035, us",2807 Panola Road
Whopper Jr.,$2.99,330 Cal,"2807 panola road, lithonia, ga, 30035, us",2807 Panola Road
Bacon Double Cheeseburger,$3.39,440 Cal,"2807 panola road, lithonia, ga, 30035, us",2807 Panola Road
Bacon Cheeseburger,$2.69,340 Cal,"2807 panola road, lithonia, ga, 30035, us",2807 Panola Road
Double Cheeseburger,$2.89,400 Cal,"2807 panola road, lithonia, ga, 30035, us",2807 Panola Road
Cheeseburger,$2.29,290 Cal,"2807 panola road, lithonia, ga, 30035, us",2807 Panola Road
Rodeo Burger,$2.29,340 Cal,"2807 panola road, lithonia, ga, 30035, us",2807 Panola Road
Hamburger,$1.89,250 Cal,"2807 panola road, lithonia, ga, 30035, us",2807 Panola Road
Have-sies™,$2.99,380 Cal,"2807 panola road, lithonia, ga, 30035, us",2807 Panola Road
French Fries,$2.89,370 Cal,"2807 panola road, lithonia, ga, 30035, us",2807 Panola Road
Onion Rings,$2.89,360 Cal,"2807 panola road, lithonia, ga, 30035, us",2807 Panola Road
Chicken Fries,$3.99,220 Cal,"2807 panola road, lithonia, ga, 30035, us",2807 Panola Road
Mozzarella Fries,$3.79,480 Cal,"2807 panola road, lithonia, ga, 30035, us",2807 Panola Road
Chicken Nuggets,$2.49,390 Cal,"2807 panola road, lithonia, ga, 30035, us",2807 Panola Road
Mott's® Applesauce,$1.59,50 Cal,"2807 panola road, lithonia, ga, 30035, us",2807 Panola Road
Whopper,$5.49,670 Cal,"2820 bragg boulevard, fayetteville, nc, 28303, us",2820 Bragg Boulevard
Impossible™ Whopper,$6.69,630 Cal,"2820 bragg boulevard, fayetteville, nc, 28303, us",2820 Bragg Boulevard
Double Whopper,$6.89,920 Cal,"2820 bragg boulevard, fayetteville, nc, 28303, us",2820 Bragg Boulevard
Triple Whopper,$8.29,"1,170 Cal","2820 bragg boulevard, fayetteville, nc, 28303, us",2820 Bragg Boulevard
Bacon King,$7.49,"1,200 Cal","2820 bragg boulevard, fayetteville, nc, 28303, us",2820 Bragg Boulevard
BBQ Bacon Whopper Jr.,$3.89,390 Cal,"2820 bragg boulevard, fayetteville, nc, 28303, us",2820 Bragg Boulevard
Double Whopper Jr.,$4.09,447 Cal,"2820 bragg boulevard, fayetteville, nc, 28303, us",2820 Bragg Boulevard
Whopper Jr.,$3.09,330 Cal,"2820 bragg boulevard, fayetteville, nc, 28303, us",2820 Bragg Boulevard
Bacon Double Cheeseburger,$4.09,440 Cal,"2820 bragg boulevard, fayetteville, nc, 28303, us",2820 Bragg Boulevard
Bacon Cheeseburger,$2.39,340 Cal,"2820 bragg boulevard, fayetteville, nc, 28303, us",2820 Bragg Boulevard
Double Cheeseburger,$3.29,400 Cal,"2820 bragg boulevard, fayetteville, nc, 28303, us",2820 Bragg Boulevard
Cheeseburger,$1.99,290 Cal,"2820 bragg boulevard, fayetteville, nc, 28303, us",2820 Bragg Boulevard
Rodeo Burger,$1.89,340 Cal,"2820 bragg boulevard, fayetteville, nc, 28303, us",2820 Bragg Boulevard
Hamburger,$1.79,250 Cal,"2820 bragg boulevard, fayetteville, nc, 28303, us",2820 Bragg Boulevard
Have-sies™,$3.29,380 Cal,"2820 bragg boulevard, fayetteville, nc, 28303, us",2820 Bragg Boulevard
French Fries,$3.19,370 Cal,"2820 bragg boulevard, fayetteville, nc, 28303, us",2820 Bragg Boulevard
Onion Rings,$3.29,360 Cal,"2820 bragg boulevard, fayetteville, nc, 28303, us",2820 Bragg Boulevard
Chicken Fries,$3.69,220 Cal,"2820 bragg boulevard, fayetteville, nc, 28303, us",2820 Bragg Boulevard
Mozzarella Fries,$3.89,480 Cal,"2820 bragg boulevard, fayetteville, nc, 28303, us",2820 Bragg Boulevard
Chicken Nuggets,$2.49,390 Cal,"2820 bragg boulevard, fayetteville, nc, 28303, us",2820 Bragg Boulevard
Mott's® Applesauce,$1.89,50 Cal,"2820 bragg boulevard, fayetteville, nc, 28303, us",2820 Bragg Boulevard
Fiery Bacon Whopper®,$7.79,800 Cal,"2862 n. martin luther king dr., milwaukee, wi, 53212, us",2862 N. Martin Luther King Dr.
Whopper,$6.89,670 Cal,"2862 n. martin luther king dr., milwaukee, wi, 53212, us",2862 N. Martin Luther King Dr.
Impossible™ Whopper,$7.89,630 Cal,"2862 n. martin luther king dr., milwaukee, wi, 53212, us",2862 N. Martin Luther King Dr.
Texas Double Whopper,$9.99,"1,090 Cal","2862 n. martin luther king dr., milwaukee, wi, 53212, us",2862 N. Martin Luther King Dr.
Double Whopper,$8.29,920 Cal,"2862 n. martin luther king dr., milwaukee, wi, 53212, us",2862 N. Martin Luther King Dr.
Triple Whopper,$10.19,"1,170 Cal","2862 n. martin luther king dr., milwaukee, wi, 53212, us",2862 N. Martin Luther King Dr.
Bacon King,$8.89,"1,200 Cal","2862 n. martin luther king dr., milwaukee, wi, 53212, us",2862 N. Martin Luther King Dr.
BBQ Bacon Whopper Jr.,$4.59,390 Cal,"2862 n. martin luther king dr., milwaukee, wi, 53212, us",2862 N. Martin Luther King Dr.
Double Whopper Jr.,$4.69,447 Cal,"2862 n. martin luther king dr., milwaukee, wi, 53212, us",2862 N. Martin Luther King Dr.
Whopper Jr.,$3.99,330 Cal,"2862 n. martin luther king dr., milwaukee, wi, 53212, us",2862 N. Martin Luther King Dr.
Bacon Double Cheeseburger,$4.19,440 Cal,"2862 n. martin luther king dr., milwaukee, wi, 53212, us",2862 N. Martin Luther King Dr.
Bacon Cheeseburger,$3.15,340 Cal,"2862 n. martin luther king dr., milwaukee, wi, 53212, us",2862 N. Martin Luther King Dr.
Double Cheeseburger,$3.49,400 Cal,"2862 n. martin luther king dr., milwaukee, wi, 53212, us",2862 N. Martin Luther King Dr.
Cheeseburger,$2.35,290 Cal,"2862 n. martin luther king dr., milwaukee, wi, 53212, us",2862 N. Martin Luther King Dr.
Rodeo Burger,$2.19,340 Cal,"2862 n. martin luther king dr., milwaukee, wi, 53212, us",2862 N. Martin Luther King Dr.
Hamburger,$1.99,250 Cal,"2862 n. martin luther king dr., milwaukee, wi, 53212, us",2862 N. Martin Luther King Dr.
Have-sies™,$3.29,380 Cal,"2862 n. martin luther king dr., milwaukee, wi, 53212, us",2862 N. Martin Luther King Dr.
French Fries,$3.59,370 Cal,"2862 n. martin luther king dr., milwaukee, wi, 53212, us",2862 N. Martin Luther King Dr.
Onion Rings,$3.29,360 Cal,"2862 n. martin luther king dr., milwaukee, wi, 53212, us",2862 N. Martin Luther King Dr.
Fiery Chicken Fries,$3.99,260 Cal,"2862 n. martin luther king dr., milwaukee, wi, 53212, us",2862 N. Martin Luther King Dr.
Fiery Mozzarella Fries,$4.29,450 Cal,"2862 n. martin luther king dr., milwaukee, wi, 53212, us",2862 N. Martin Luther King Dr.
Chicken Fries,$3.99,220 Cal,"2862 n. martin luther king dr., milwaukee, wi, 53212, us",2862 N. Martin Luther King Dr.
Mozzarella Fries,$3.79,480 Cal,"2862 n. martin luther king dr., milwaukee, wi, 53212, us",2862 N. Martin Luther King Dr.
Chicken Nuggets,$2.49,390 Cal,"2862 n. martin luther king dr., milwaukee, wi, 53212, us",2862 N. Martin Luther King Dr.
Mott's® Applesauce,$1.49,50 Cal,"2862 n. martin luther king dr., milwaukee, wi, 53212, us",2862 N. Martin Luther King Dr.
Crispy Tacos,$1.29,170 Cal,"2862 n. martin luther king dr., milwaukee, wi, 53212, us",2862 N. Martin Luther King Dr.
Fiery Bacon Whopper®,$7.39,800 Cal,"2900 brownsville road, pittsburgh, pa, 15227, us",2900 brownsville road
Whopper,$5.59,670 Cal,"2900 brownsville road, pittsburgh, pa, 15227, us",2900 brownsville road
Impossible™ Whopper,$6.59,630 Cal,"2900 brownsville road, pittsburgh, pa, 15227, us",2900 brownsville road
Texas Double Whopper,$8.39,"1,090 Cal","2900 brownsville road, pittsburgh, pa, 15227, us",2900 brownsville road
Double Whopper,$6.99,920 Cal,"2900 brownsville road, pittsburgh, pa, 15227, us",2900 brownsville road
Triple Whopper,$8.39,"1,170 Cal","2900 brownsville road, pittsburgh, pa, 15227, us",2900 brownsville road
Bacon King,$8.29,"1,200 Cal","2900 brownsville road, pittsburgh, pa, 15227, us",2900 brownsville road
BBQ Bacon Whopper Jr.,$3.79,390 Cal,"2900 brownsville road, pittsburgh, pa, 15227, us",2900 brownsville road
Double Whopper Jr.,$4.59,447 Cal,"2900 brownsville road, pittsburgh, pa, 15227, us",2900 brownsville road
Whopper Jr.,$3.29,330 Cal,"2900 brownsville road, pittsburgh, pa, 15227, us",2900 brownsville road
Bacon Double Cheeseburger,$3.99,440 Cal,"2900 brownsville road, pittsburgh, pa, 15227, us",2900 brownsville road
Bacon Cheeseburger,$2.99,340 Cal,"2900 brownsville road, pittsburgh, pa, 15227, us",2900 brownsville road
Double Cheeseburger,$3.29,400 Cal,"2900 brownsville road, pittsburgh, pa, 15227, us",2900 brownsville road
Cheeseburger,$2.19,290 Cal,"2900 brownsville road, pittsburgh, pa, 15227, us",2900 brownsville road
Rodeo Burger,$1.99,340 Cal,"2900 brownsville road, pittsburgh, pa, 15227, us",2900 brownsville road
Hamburger,$1.79,250 Cal,"2900 brownsville road, pittsburgh, pa, 15227, us",2900 brownsville road
Have-sies™,$2.99,380 Cal,"2900 brownsville road, pittsburgh, pa, 15227, us",2900 brownsville road
French Fries,$2.99,370 Cal,"2900 brownsville road, pittsburgh, pa, 15227, us",2900 brownsville road
Onion Rings,$2.99,360 Cal,"2900 brownsville road, pittsburgh, pa, 15227, us",2900 brownsville road
Fiery Chicken Fries,$4.29,260 Cal,"2900 brownsville road, pittsburgh, pa, 15227, us",2900 brownsville road
Chicken Fries,$4.29,220 Cal,"2900 brownsville road, pittsburgh, pa, 15227, us",2900 brownsville road
Mozzarella Fries,$3.89,480 Cal,"2900 brownsville road, pittsburgh, pa, 15227, us",2900 brownsville road
Chicken Nuggets,$2.49,390 Cal,"2900 brownsville road, pittsburgh, pa, 15227, us",2900 brownsville road
Mott's® Applesauce,$1.49,50 Cal,"2900 brownsville road, pittsburgh, pa, 15227, us",2900 brownsville road
Fiery Bacon Whopper®,$6.59,800 Cal,"2902 richey street, houston, tx, 77017, us",2902 Richey Street
Whopper,$5.49,670 Cal,"2902 richey street, houston, tx, 77017, us",2902 Richey Street
Impossible™ Whopper,$6.49,630 Cal,"2902 richey street, houston, tx, 77017, us",2902 Richey Street
Texas Double Whopper,$8.59,"1,090 Cal","2902 richey street, houston, tx, 77017, us",2902 Richey Street
Double Whopper,$6.59,920 Cal,"2902 richey street, houston, tx, 77017, us",2902 Richey Street
Triple Whopper,$7.69,"1,170 Cal","2902 richey street, houston, tx, 77017, us",2902 Richey Street
Bacon King,$8.59,"1,200 Cal","2902 richey street, houston, tx, 77017, us",2902 Richey Street
BBQ Bacon Whopper Jr.,$4.09,390 Cal,"2902 richey street, houston, tx, 77017, us",2902 Richey Street
Double Whopper Jr.,$3.49,447 Cal,"2902 richey street, houston, tx, 77017, us",2902 Richey Street
Whopper Jr.,$2.59,330 Cal,"2902 richey street, houston, tx, 77017, us",2902 Richey Street
Bacon Double Cheeseburger,$3.59,440 Cal,"2902 richey street, houston, tx, 77017, us",2902 Richey Street
Bacon Cheeseburger,$2.49,340 Cal,"2902 richey street, houston, tx, 77017, us",2902 Richey Street
Double Cheeseburger,$2.89,400 Cal,"2902 richey street, houston, tx, 77017, us",2902 Richey Street
Cheeseburger,$1.89,290 Cal,"2902 richey street, houston, tx, 77017, us",2902 Richey Street
Rodeo Burger,$1.89,340 Cal,"2902 richey street, houston, tx, 77017, us",2902 Richey Street
Hamburger,$1.69,250 Cal,"2902 richey street, houston, tx, 77017, us",2902 Richey Street
Have-sies™,$2.69,380 Cal,"2902 richey street, houston, tx, 77017, us",2902 Richey Street
French Fries,$2.69,370 Cal,"2902 richey street, houston, tx, 77017, us",2902 Richey Street
Onion Rings,$2.69,360 Cal,"2902 richey street, houston, tx, 77017, us",2902 Richey Street
Fiery Chicken Fries,$3.99,260 Cal,"2902 richey street, houston, tx, 77017, us",2902 Richey Street
Fiery Mozzarella Fries,$2.29,450 Cal,"2902 richey street, houston, tx, 77017, us",2902 Richey Street
Chicken Fries,$3.99,220 Cal,"2902 richey street, houston, tx, 77017, us",2902 Richey Street
Mozzarella Fries,$3.99,480 Cal,"2902 richey street, houston, tx, 77017, us",2902 Richey Street
Chicken Nuggets,$2.49,390 Cal,"2902 richey street, houston, tx, 77017, us",2902 Richey Street
Mott's® Applesauce,$1.59,50 Cal,"2902 richey street, houston, tx, 77017, us",2902 Richey Street
Crispy Tacos,$1.39,170 Cal,"2902 richey street, houston, tx, 77017, us",2902 Richey Street
Fiery Bacon Whopper®,$6.99,800 Cal,"2902 two notch road, columbia, sc, 29204, us",2902 Two Notch Road
Whopper,$6.19,670 Cal,"2902 two notch road, columbia, sc, 29204, us",2902 Two Notch Road
Impossible™ Whopper,$6.99,630 Cal,"2902 two notch road, columbia, sc, 29204, us",2902 Two Notch Road
Double Whopper,$7.19,920 Cal,"2902 two notch road, columbia, sc, 29204, us",2902 Two Notch Road
Triple Whopper,$8.99,"1,170 Cal","2902 two notch road, columbia, sc, 29204, us",2902 Two Notch Road
Bacon King,$8.19,"1,200 Cal","2902 two notch road, columbia, sc, 29204, us",2902 Two Notch Road
BBQ Bacon Whopper Jr.,$4.75,390 Cal,"2902 two notch road, columbia, sc, 29204, us",2902 Two Notch Road
Double Whopper Jr.,$4.29,447 Cal,"2902 two notch road, columbia, sc, 29204, us",2902 Two Notch Road
Whopper Jr.,$3.79,330 Cal,"2902 two notch road, columbia, sc, 29204, us",2902 Two Notch Road
Bacon Double Cheeseburger,$4.99,440 Cal,"2902 two notch road, columbia, sc, 29204, us",2902 Two Notch Road
Bacon Cheeseburger,$3.99,340 Cal,"2902 two notch road, columbia, sc, 29204, us",2902 Two Notch Road
Double Cheeseburger,$3.99,400 Cal,"2902 two notch road, columbia, sc, 29204, us",2902 Two Notch Road
Cheeseburger,$2.99,290 Cal,"2902 two notch road, columbia, sc, 29204, us",2902 Two Notch Road
Rodeo Burger,$2.29,340 Cal,"2902 two notch road, columbia, sc, 29204, us",2902 Two Notch Road
Hamburger,$2.19,250 Cal,"2902 two notch road, columbia, sc, 29204, us",2902 Two Notch Road
Have-sies™,$3.29,380 Cal,"2902 two notch road, columbia, sc, 29204, us",2902 Two Notch Road
French Fries,$3.29,370 Cal,"2902 two notch road, columbia, sc, 29204, us",2902 Two Notch Road
Onion Rings,$3.29,360 Cal,"2902 two notch road, columbia, sc, 29204, us",2902 Two Notch Road
Fiery Chicken Fries,$4.29,260 Cal,"2902 two notch road, columbia, sc, 29204, us",2902 Two Notch Road
Fiery Mozzarella Fries,$4.29,450 Cal,"2902 two notch road, columbia, sc, 29204, us",2902 Two Notch Road
Chicken Fries,$4.99,220 Cal,"2902 two notch road, columbia, sc, 29204, us",2902 Two Notch Road
Mozzarella Fries,$3.79,480 Cal,"2902 two notch road, columbia, sc, 29204, us",2902 Two Notch Road
Chicken Nuggets,$2.49,390 Cal,"2902 two notch road, columbia, sc, 29204, us",2902 Two Notch Road
Mott's® Applesauce,$1.56,50 Cal,"2902 two notch road, columbia, sc, 29204, us",2902 Two Notch Road
Fiery Bacon Whopper®,$6.59,800 Cal,"2910 airport boulevard, houston, tx, 77051, us",2910 Airport Blvd
Whopper,$5.49,670 Cal,"2910 airport boulevard, houston, tx, 77051, us",2910 Airport Blvd
Impossible™ Whopper,$6.49,630 Cal,"2910 airport boulevard, houston, tx, 77051, us",2910 Airport Blvd
Texas Double Whopper,$8.59,"1,090 Cal","2910 airport boulevard, houston, tx, 77051, us",2910 Airport Blvd
Double Whopper,$6.59,920 Cal,"2910 airport boulevard, houston, tx, 77051, us",2910 Airport Blvd
Triple Whopper,$7.69,"1,170 Cal","2910 airport boulevard, houston, tx, 77051, us",2910 Airport Blvd
Bacon King,$8.59,"1,200 Cal","2910 airport boulevard, houston, tx, 77051, us",2910 Airport Blvd
BBQ Bacon Whopper Jr.,$4.09,390 Cal,"2910 airport boulevard, houston, tx, 77051, us",2910 Airport Blvd
Double Whopper Jr.,$3.49,447 Cal,"2910 airport boulevard, houston, tx, 77051, us",2910 Airport Blvd
Whopper Jr.,$2.59,330 Cal,"2910 airport boulevard, houston, tx, 77051, us",2910 Airport Blvd
Bacon Double Cheeseburger,$3.59,440 Cal,"2910 airport boulevard, houston, tx, 77051, us",2910 Airport Blvd
Bacon Cheeseburger,$2.49,340 Cal,"2910 airport boulevard, houston, tx, 77051, us",2910 Airport Blvd
Double Cheeseburger,$2.89,400 Cal,"2910 airport boulevard, houston, tx, 77051, us",2910 Airport Blvd
Cheeseburger,$1.89,290 Cal,"2910 airport boulevard, houston, tx, 77051, us",2910 Airport Blvd
Rodeo Burger,$1.89,340 Cal,"2910 airport boulevard, houston, tx, 77051, us",2910 Airport Blvd
Hamburger,$1.69,250 Cal,"2910 airport boulevard, houston, tx, 77051, us",2910 Airport Blvd
Have-sies™,$2.69,380 Cal,"2910 airport boulevard, houston, tx, 77051, us",2910 Airport Blvd
French Fries,$2.69,370 Cal,"2910 airport boulevard, houston, tx, 77051, us",2910 Airport Blvd
Onion Rings,$2.69,360 Cal,"2910 airport boulevard, houston, tx, 77051, us",2910 Airport Blvd
Fiery Chicken Fries,$3.99,260 Cal,"2910 airport boulevard, houston, tx, 77051, us",2910 Airport Blvd
Fiery Mozzarella Fries,$4.29,450 Cal,"2910 airport boulevard, houston, tx, 77051, us",2910 Airport Blvd
Chicken Fries,$3.99,220 Cal,"2910 airport boulevard, houston, tx, 77051, us",2910 Airport Blvd
Mozzarella Fries,$3.99,480 Cal,"2910 airport boulevard, houston, tx, 77051, us",2910 Airport Blvd
Chicken Nuggets,$2.49,390 Cal,"2910 airport boulevard, houston, tx, 77051, us",2910 Airport Blvd
Mott's® Applesauce,$1.59,50 Cal,"2910 airport boulevard, houston, tx, 77051, us",2910 Airport Blvd
Crispy Tacos,$1.39,170 Cal,"2910 airport boulevard, houston, tx, 77051, us",2910 Airport Blvd
Fiery Bacon Whopper®,$6.59,800 Cal,"4676 bellfort avenue, houston, tx, 77051, us",4676 Bellfort Avenue
Whopper,$5.49,670 Cal,"4676 bellfort avenue, houston, tx, 77051, us",4676 Bellfort Avenue
Impossible™ Whopper,$6.49,630 Cal,"4676 bellfort avenue, houston, tx, 77051, us",4676 Bellfort Avenue
Texas Double Whopper,$8.59,"1,090 Cal","4676 bellfort avenue, houston, tx, 77051, us",4676 Bellfort Avenue
Double Whopper,$6.59,920 Cal,"4676 bellfort avenue, houston, tx, 77051, us",4676 Bellfort Avenue
Triple Whopper,$7.69,"1,170 Cal","4676 bellfort avenue, houston, tx, 77051, us",4676 Bellfort Avenue
Bacon King,$8.59,"1,200 Cal","4676 bellfort avenue, houston, tx, 77051, us",4676 Bellfort Avenue
BBQ Bacon Whopper Jr.,$4.09,390 Cal,"4676 bellfort avenue, houston, tx, 77051, us",4676 Bellfort Avenue
Double Whopper Jr.,$3.49,447 Cal,"4676 bellfort avenue, houston, tx, 77051, us",4676 Bellfort Avenue
Whopper Jr.,$2.59,330 Cal,"4676 bellfort avenue, houston, tx, 77051, us",4676 Bellfort Avenue
Bacon Double Cheeseburger,$3.59,440 Cal,"4676 bellfort avenue, houston, tx, 77051, us",4676 Bellfort Avenue
Bacon Cheeseburger,$2.49,340 Cal,"4676 bellfort avenue, houston, tx, 77051, us",4676 Bellfort Avenue
Double Cheeseburger,$2.89,400 Cal,"4676 bellfort avenue, houston, tx, 77051, us",4676 Bellfort Avenue
Cheeseburger,$1.89,290 Cal,"4676 bellfort avenue, houston, tx, 77051, us",4676 Bellfort Avenue
Rodeo Burger,$1.89,340 Cal,"4676 bellfort avenue, houston, tx, 77051, us",4676 Bellfort Avenue
Hamburger,$1.69,250 Cal,"4676 bellfort avenue, houston, tx, 77051, us",4676 Bellfort Avenue
Have-sies™,$2.69,380 Cal,"4676 bellfort avenue, houston, tx, 77051, us",4676 Bellfort Avenue
French Fries,$2.69,370 Cal,"4676 bellfort avenue, houston, tx, 77051, us",4676 Bellfort Avenue
Onion Rings,$2.69,360 Cal,"4676 bellfort avenue, houston, tx, 77051, us",4676 Bellfort Avenue
Fiery Chicken Fries,$3.99,260 Cal,"4676 bellfort avenue, houston, tx, 77051, us",4676 Bellfort Avenue
Fiery Mozzarella Fries,$4.29,450 Cal,"4676 bellfort avenue, houston, tx, 77051, us",4676 Bellfort Avenue
Chicken Fries,$3.99,220 Cal,"4676 bellfort avenue, houston, tx, 77051, us",4676 Bellfort Avenue
Mozzarella Fries,$3.99,480 Cal,"4676 bellfort avenue, houston, tx, 77051, us",4676 Bellfort Avenue
Chicken Nuggets,$2.49,390 Cal,"4676 bellfort avenue, houston, tx, 77051, us",4676 Bellfort Avenue
Mott's® Applesauce,$1.59,50 Cal,"4676 bellfort avenue, houston, tx, 77051, us",4676 Bellfort Avenue
Crispy Tacos,$1.39,170 Cal,"4676 bellfort avenue, houston, tx, 77051, us",4676 Bellfort Avenue
Fiery Bacon Whopper®,$6.69,800 Cal,"2915 saint stephens rd, mobile, al, 36612, us",2924 St. Stephens Rd.
Whopper,$5.59,670 Cal,"2915 saint stephens rd, mobile, al, 36612, us",2924 St. Stephens Rd.
Impossible™ Whopper,$6.69,630 Cal,"2915 saint stephens rd, mobile, al, 36612, us",2924 St. Stephens Rd.
Texas Double Whopper,$7.69,"1,090 Cal","2915 saint stephens rd, mobile, al, 36612, us",2924 St. Stephens Rd.
Double Whopper,$7.09,920 Cal,"2915 saint stephens rd, mobile, al, 36612, us",2924 St. Stephens Rd.
Triple Whopper,$8.89,"1,170 Cal","2915 saint stephens rd, mobile, al, 36612, us",2924 St. Stephens Rd.
Bacon King,$7.89,"1,200 Cal","2915 saint stephens rd, mobile, al, 36612, us",2924 St. Stephens Rd.
BBQ Bacon Whopper Jr.,$4.29,390 Cal,"2915 saint stephens rd, mobile, al, 36612, us",2924 St. Stephens Rd.
Double Whopper Jr.,$5.29,447 Cal,"2915 saint stephens rd, mobile, al, 36612, us",2924 St. Stephens Rd.
Whopper Jr.,$3.29,330 Cal,"2915 saint stephens rd, mobile, al, 36612, us",2924 St. Stephens Rd.
Bacon Double Cheeseburger,$4.09,440 Cal,"2915 saint stephens rd, mobile, al, 36612, us",2924 St. Stephens Rd.
Bacon Cheeseburger,$3.09,340 Cal,"2915 saint stephens rd, mobile, al, 36612, us",2924 St. Stephens Rd.
Double Cheeseburger,$3.09,400 Cal,"2915 saint stephens rd, mobile, al, 36612, us",2924 St. Stephens Rd.
Cheeseburger,$2.39,290 Cal,"2915 saint stephens rd, mobile, al, 36612, us",2924 St. Stephens Rd.
Rodeo Burger,$2.39,340 Cal,"2915 saint stephens rd, mobile, al, 36612, us",2924 St. Stephens Rd.
Hamburger,$2.09,250 Cal,"2915 saint stephens rd, mobile, al, 36612, us",2924 St. Stephens Rd.
Have-sies™,$2.99,380 Cal,"2915 saint stephens rd, mobile, al, 36612, us",2924 St. Stephens Rd.
French Fries,$2.99,370 Cal,"2915 saint stephens rd, mobile, al, 36612, us",2924 St. Stephens Rd.
Onion Rings,$2.99,360 Cal,"2915 saint stephens rd, mobile, al, 36612, us",2924 St. Stephens Rd.
Fiery Chicken Fries,$3.99,260 Cal,"2915 saint stephens rd, mobile, al, 36612, us",2924 St. Stephens Rd.
Fiery Mozzarella Fries,$4.09,450 Cal,"2915 saint stephens rd, mobile, al, 36612, us",2924 St. Stephens Rd.
Chicken Fries,$3.99,220 Cal,"2915 saint stephens rd, mobile, al, 36612, us",2924 St. Stephens Rd.
Mozzarella Fries,$3.79,480 Cal,"2915 saint stephens rd, mobile, al, 36612, us",2924 St. Stephens Rd.
Chicken Nuggets,$2.49,390 Cal,"2915 saint stephens rd, mobile, al, 36612, us",2924 St. Stephens Rd.
Mott's® Applesauce,$1.69,50 Cal,"2915 saint stephens rd, mobile, al, 36612, us",2924 St. Stephens Rd.
Fiery Bacon Whopper®,$6.69,800 Cal,"3004 airport boulevard, mobile, al, 36606, us",3004 Airport Blvd.
Whopper,$5.59,670 Cal,"3004 airport boulevard, mobile, al, 36606, us",3004 Airport Blvd.
Impossible™ Whopper,$6.69,630 Cal,"3004 airport boulevard, mobile, al, 36606, us",3004 Airport Blvd.
Texas Double Whopper,$7.69,"1,090 Cal","3004 airport boulevard, mobile, al, 36606, us",3004 Airport Blvd.
Double Whopper,$7.09,920 Cal,"3004 airport boulevard, mobile, al, 36606, us",3004 Airport Blvd.
Triple Whopper,$8.89,"1,170 Cal","3004 airport boulevard, mobile, al, 36606, us",3004 Airport Blvd.
Bacon King,$7.89,"1,200 Cal","3004 airport boulevard, mobile, al, 36606, us",3004 Airport Blvd.
Double Whopper Jr.,$4.29,447 Cal,"3004 airport boulevard, mobile, al, 36606, us",3004 Airport Blvd.
Whopper Jr.,$3.29,330 Cal,"3004 airport boulevard, mobile, al, 36606, us",3004 Airport Blvd.
Bacon Double Cheeseburger,$4.09,440 Cal,"3004 airport boulevard, mobile, al, 36606, us",3004 Airport Blvd.
Bacon Cheeseburger,$3.09,340 Cal,"3004 airport boulevard, mobile, al, 36606, us",3004 Airport Blvd.
Double Cheeseburger,$3.09,400 Cal,"3004 airport boulevard, mobile, al, 36606, us",3004 Airport Blvd.
Cheeseburger,$2.39,290 Cal,"3004 airport boulevard, mobile, al, 36606, us",3004 Airport Blvd.
Rodeo Burger,$2.39,340 Cal,"3004 airport boulevard, mobile, al, 36606, us",3004 Airport Blvd.
Hamburger,$2.09,250 Cal,"3004 airport boulevard, mobile, al, 36606, us",3004 Airport Blvd.
Have-sies™,$2.99,380 Cal,"3004 airport boulevard, mobile, al, 36606, us",3004 Airport Blvd.
French Fries,$2.99,370 Cal,"3004 airport boulevard, mobile, al, 36606, us",3004 Airport Blvd.
Onion Rings,$2.99,360 Cal,"3004 airport boulevard, mobile, al, 36606, us",3004 Airport Blvd.
Fiery Chicken Fries,$3.99,260 Cal,"3004 airport boulevard, mobile, al, 36606, us",3004 Airport Blvd.
Fiery Mozzarella Fries,$4.09,450 Cal,"3004 airport boulevard, mobile, al, 36606, us",3004 Airport Blvd.
Chicken Fries,$3.99,220 Cal,"3004 airport boulevard, mobile, al, 36606, us",3004 Airport Blvd.
Mozzarella Fries,$3.79,480 Cal,"3004 airport boulevard, mobile, al, 36606, us",3004 Airport Blvd.
Chicken Nuggets,$2.49,390 Cal,"3004 airport boulevard, mobile, al, 36606, us",3004 Airport Blvd.
Mott's® Applesauce,$1.69,50 Cal,"3004 airport boulevard, mobile, al, 36606, us",3004 Airport Blvd.
Fiery Bacon Whopper®,$6.59,800 Cal,"3009 collingsworth st, houston, tx, 77026, us",3009 Collingsworth St
Whopper,$5.49,670 Cal,"3009 collingsworth st, houston, tx, 77026, us",3009 Collingsworth St
Impossible™ Whopper,$6.49,630 Cal,"3009 collingsworth st, houston, tx, 77026, us",3009 Collingsworth St
Texas Double Whopper,$8.59,"1,090 Cal","3009 collingsworth st, houston, tx, 77026, us",3009 Collingsworth St
Double Whopper,$6.59,920 Cal,"3009 collingsworth st, houston, tx, 77026, us",3009 Collingsworth St
Triple Whopper,$7.69,"1,170 Cal","3009 collingsworth st, houston, tx, 77026, us",3009 Collingsworth St
Bacon King,$8.59,"1,200 Cal","3009 collingsworth st, houston, tx, 77026, us",3009 Collingsworth St
BBQ Bacon Whopper Jr.,$4.09,390 Cal,"3009 collingsworth st, houston, tx, 77026, us",3009 Collingsworth St
Double Whopper Jr.,$3.49,447 Cal,"3009 collingsworth st, houston, tx, 77026, us",3009 Collingsworth St
Whopper Jr.,$2.59,330 Cal,"3009 collingsworth st, houston, tx, 77026, us",3009 Collingsworth St
Bacon Double Cheeseburger,$3.59,440 Cal,"3009 collingsworth st, houston, tx, 77026, us",3009 Collingsworth St
Bacon Cheeseburger,$2.49,340 Cal,"3009 collingsworth st, houston, tx, 77026, us",3009 Collingsworth St
Double Cheeseburger,$2.89,400 Cal,"3009 collingsworth st, houston, tx, 77026, us",3009 Collingsworth St
Cheeseburger,$1.89,290 Cal,"3009 collingsworth st, houston, tx, 77026, us",3009 Collingsworth St
Rodeo Burger,$1.89,340 Cal,"3009 collingsworth st, houston, tx, 77026, us",3009 Collingsworth St
Hamburger,$1.69,250 Cal,"3009 collingsworth st, houston, tx, 77026, us",3009 Collingsworth St
Have-sies™,$2.69,380 Cal,"3009 collingsworth st, houston, tx, 77026, us",3009 Collingsworth St
French Fries,$2.69,370 Cal,"3009 collingsworth st, houston, tx, 77026, us",3009 Collingsworth St
Onion Rings,$2.69,360 Cal,"3009 collingsworth st, houston, tx, 77026, us",3009 Collingsworth St
Fiery Chicken Fries,$3.99,260 Cal,"3009 collingsworth st, houston, tx, 77026, us",3009 Collingsworth St
Fiery Mozzarella Fries,$4.29,450 Cal,"3009 collingsworth st, houston, tx, 77026, us",3009 Collingsworth St
Chicken Fries,$3.99,220 Cal,"3009 collingsworth st, houston, tx, 77026, us",3009 Collingsworth St
Mozzarella Fries,$3.99,480 Cal,"3009 collingsworth st, houston, tx, 77026, us",3009 Collingsworth St
Chicken Nuggets,$2.49,390 Cal,"3009 collingsworth st, houston, tx, 77026, us",3009 Collingsworth St
Mott's® Applesauce,$1.59,50 Cal,"3009 collingsworth st, houston, tx, 77026, us",3009 Collingsworth St
Crispy Tacos,$1.39,170 Cal,"3009 collingsworth st, houston, tx, 77026, us",3009 Collingsworth St
Fiery Bacon Whopper®,$6.19,800 Cal,"308 jordan lane, huntsville, al, 35805, us",308 Jordan Lane
Whopper,$5.89,670 Cal,"308 jordan lane, huntsville, al, 35805, us",308 Jordan Lane
Impossible™ Whopper,$6.89,630 Cal,"308 jordan lane, huntsville, al, 35805, us",308 Jordan Lane
Texas Double Whopper,$8.19,"1,090 Cal","308 jordan lane, huntsville, al, 35805, us",308 Jordan Lane
Double Whopper,$7.19,920 Cal,"308 jordan lane, huntsville, al, 35805, us",308 Jordan Lane
Triple Whopper,$8.19,"1,170 Cal","308 jordan lane, huntsville, al, 35805, us",308 Jordan Lane
Bacon King,$7.69,"1,200 Cal","308 jordan lane, huntsville, al, 35805, us",308 Jordan Lane
BBQ Bacon Whopper Jr.,$3.49,390 Cal,"308 jordan lane, huntsville, al, 35805, us",308 Jordan Lane
Double Whopper Jr.,$4.99,447 Cal,"308 jordan lane, huntsville, al, 35805, us",308 Jordan Lane
Whopper Jr.,$3.19,330 Cal,"308 jordan lane, huntsville, al, 35805, us",308 Jordan Lane
Bacon Double Cheeseburger,$3.49,440 Cal,"308 jordan lane, huntsville, al, 35805, us",308 Jordan Lane
Bacon Cheeseburger,$2.69,340 Cal,"308 jordan lane, huntsville, al, 35805, us",308 Jordan Lane
Double Cheeseburger,$2.79,400 Cal,"308 jordan lane, huntsville, al, 35805, us",308 Jordan Lane
Cheeseburger,$2.29,290 Cal,"308 jordan lane, huntsville, al, 35805, us",308 Jordan Lane
Rodeo Burger,$2.29,340 Cal,"308 jordan lane, huntsville, al, 35805, us",308 Jordan Lane
Hamburger,$1.89,250 Cal,"308 jordan lane, huntsville, al, 35805, us",308 Jordan Lane
Have-sies™,$2.99,380 Cal,"308 jordan lane, huntsville, al, 35805, us",308 Jordan Lane
French Fries,$2.89,370 Cal,"308 jordan lane, huntsville, al, 35805, us",308 Jordan Lane
Onion Rings,$2.89,360 Cal,"308 jordan lane, huntsville, al, 35805, us",308 Jordan Lane
Fiery Chicken Fries,$3.99,260 Cal,"308 jordan lane, huntsville, al, 35805, us",308 Jordan Lane
Fiery Mozzarella Fries,$4.59,450 Cal,"308 jordan lane, huntsville, al, 35805, us",308 Jordan Lane
Chicken Fries,$3.99,220 Cal,"308 jordan lane, huntsville, al, 35805, us",308 Jordan Lane
Mozzarella Fries,$3.99,480 Cal,"308 jordan lane, huntsville, al, 35805, us",308 Jordan Lane
Chicken Nuggets,$2.49,390 Cal,"308 jordan lane, huntsville, al, 35805, us",308 Jordan Lane
Mott's® Applesauce,$1.49,50 Cal,"308 jordan lane, huntsville, al, 35805, us",308 Jordan Lane
Fiery Bacon Whopper®,$9.99,800 Cal,"309 ih 37, corpus christi, tx, 78401, us",2817 South El Camino Real
Whopper,$7.89,670 Cal,"309 ih 37, corpus christi, tx, 78401, us",2817 South El Camino Real
Impossible™ Whopper,$8.89,630 Cal,"309 ih 37, corpus christi, tx, 78401, us",2817 South El Camino Real
Texas Double Whopper,$10.59,"1,090 Cal","309 ih 37, corpus christi, tx, 78401, us",2817 South El Camino Real
Double Whopper,$8.99,920 Cal,"309 ih 37, corpus christi, tx, 78401, us",2817 South El Camino Real
Triple Whopper,$10.19,"1,170 Cal","309 ih 37, corpus christi, tx, 78401, us",2817 South El Camino Real
Bacon King,$9.19,"1,200 Cal","309 ih 37, corpus christi, tx, 78401, us",2817 South El Camino Real
BBQ Bacon Whopper Jr.,$3.89,390 Cal,"309 ih 37, corpus christi, tx, 78401, us",2817 South El Camino Real
Double Whopper Jr.,$5.79,447 Cal,"309 ih 37, corpus christi, tx, 78401, us",2817 South El Camino Real
Whopper Jr.,$4.19,330 Cal,"309 ih 37, corpus christi, tx, 78401, us",2817 South El Camino Real
Bacon Double Cheeseburger,$4.39,440 Cal,"309 ih 37, corpus christi, tx, 78401, us",2817 South El Camino Real
Bacon Cheeseburger,$3.69,340 Cal,"309 ih 37, corpus christi, tx, 78401, us",2817 South El Camino Real
Double Cheeseburger,$3.69,400 Cal,"309 ih 37, corpus christi, tx, 78401, us",2817 South El Camino Real
Cheeseburger,$2.89,290 Cal,"309 ih 37, corpus christi, tx, 78401, us",2817 South El Camino Real
Rodeo Burger,$2.89,340 Cal,"309 ih 37, corpus christi, tx, 78401, us",2817 South El Camino Real
Hamburger,$2.49,250 Cal,"309 ih 37, corpus christi, tx, 78401, us",2817 South El Camino Real
Have-sies™,$4.59,380 Cal,"309 ih 37, corpus christi, tx, 78401, us",2817 South El Camino Real
French Fries,$4.59,370 Cal,"309 ih 37, corpus christi, tx, 78401, us",2817 South El Camino Real
Onion Rings,$4.59,360 Cal,"309 ih 37, corpus christi, tx, 78401, us",2817 South El Camino Real
Fiery Chicken Fries,$4.29,260 Cal,"309 ih 37, corpus christi, tx, 78401, us",2817 South El Camino Real
Fiery Mozzarella Fries,$4.29,450 Cal,"309 ih 37, corpus christi, tx, 78401, us",2817 South El Camino Real
Chicken Fries,$4.29,220 Cal,"309 ih 37, corpus christi, tx, 78401, us",2817 South El Camino Real
Mozzarella Fries,$3.79,480 Cal,"309 ih 37, corpus christi, tx, 78401, us",2817 South El Camino Real
Chicken Nuggets,$2.99,390 Cal,"309 ih 37, corpus christi, tx, 78401, us",2817 South El Camino Real
Mott's® Applesauce,$2.19,50 Cal,"309 ih 37, corpus christi, tx, 78401, us",2817 South El Camino Real
Fiery Bacon Whopper®,$8.59,800 Cal,"310 east trade street, charlotte, nc, 28202, us",6021 Central Avenue
Whopper,$7.49,670 Cal,"310 east trade street, charlotte, nc, 28202, us",6021 Central Avenue
Impossible™ Whopper,$7.99,630 Cal,"310 east trade street, charlotte, nc, 28202, us",6021 Central Avenue
Texas Double Whopper,$9.89,"1,090 Cal","310 east trade street, charlotte, nc, 28202, us",6021 Central Avenue
Double Whopper,$8.49,920 Cal,"310 east trade street, charlotte, nc, 28202, us",6021 Central Avenue
Triple Whopper,$9.49,"1,170 Cal","310 east trade street, charlotte, nc, 28202, us",6021 Central Avenue
Bacon King,$10.39,"1,200 Cal","310 east trade street, charlotte, nc, 28202, us",6021 Central Avenue
BBQ Bacon Whopper Jr.,$5.79,390 Cal,"310 east trade street, charlotte, nc, 28202, us",6021 Central Avenue
Double Whopper Jr.,$5.19,447 Cal,"310 east trade street, charlotte, nc, 28202, us",6021 Central Avenue
Whopper Jr.,$4.19,330 Cal,"310 east trade street, charlotte, nc, 28202, us",6021 Central Avenue
Bacon Double Cheeseburger,$4.59,440 Cal,"310 east trade street, charlotte, nc, 28202, us",6021 Central Avenue
Bacon Cheeseburger,$3.59,340 Cal,"310 east trade street, charlotte, nc, 28202, us",6021 Central Avenue
Double Cheeseburger,$3.79,400 Cal,"310 east trade street, charlotte, nc, 28202, us",6021 Central Avenue
Cheeseburger,$3.29,290 Cal,"310 east trade street, charlotte, nc, 28202, us",6021 Central Avenue
Rodeo Burger,$3.29,340 Cal,"310 east trade street, charlotte, nc, 28202, us",6021 Central Avenue
Hamburger,$2.89,250 Cal,"310 east trade street, charlotte, nc, 28202, us",6021 Central Avenue
Have-sies™,$4.39,380 Cal,"310 east trade street, charlotte, nc, 28202, us",6021 Central Avenue
French Fries,$4.09,370 Cal,"310 east trade street, charlotte, nc, 28202, us",6021 Central Avenue
Onion Rings,$4.09,360 Cal,"310 east trade street, charlotte, nc, 28202, us",6021 Central Avenue
Fiery Chicken Fries,$4.99,260 Cal,"310 east trade street, charlotte, nc, 28202, us",6021 Central Avenue
Fiery Mozzarella Fries,$5.29,450 Cal,"310 east trade street, charlotte, nc, 28202, us",6021 Central Avenue
Chicken Fries,$4.99,220 Cal,"310 east trade street, charlotte, nc, 28202, us",6021 Central Avenue
Mozzarella Fries,$4.99,480 Cal,"310 east trade street, charlotte, nc, 28202, us",6021 Central Avenue
Chicken Nuggets,$2.99,390 Cal,"310 east trade street, charlotte, nc, 28202, us",6021 Central Avenue
Mott's® Applesauce,$1.49,50 Cal,"310 east trade street, charlotte, nc, 28202, us",6021 Central Avenue
Crispy Tacos,$1.99,170 Cal,"310 east trade street, charlotte, nc, 28202, us",6021 Central Avenue
Fiery Bacon Whopper®,$5.00,800 Cal,"3100 highland road, baton rouge, la, 70802, us",3100 Highland Rd.
Whopper,$5.49,670 Cal,"3100 highland road, baton rouge, la, 70802, us",3100 Highland Rd.
Impossible™ Whopper,$6.69,630 Cal,"3100 highland road, baton rouge, la, 70802, us",3100 Highland Rd.
Texas Double Whopper,$7.69,"1,090 Cal","3100 highland road, baton rouge, la, 70802, us",3100 Highland Rd.
Double Whopper,$6.99,920 Cal,"3100 highland road, baton rouge, la, 70802, us",3100 Highland Rd.
Triple Whopper,$8.69,"1,170 Cal","3100 highland road, baton rouge, la, 70802, us",3100 Highland Rd.
Bacon King,$7.89,"1,200 Cal","3100 highland road, baton rouge, la, 70802, us",3100 Highland Rd.
BBQ Bacon Whopper Jr.,$4.29,390 Cal,"3100 highland road, baton rouge, la, 70802, us",3100 Highland Rd.
Double Whopper Jr.,$4.99,447 Cal,"3100 highland road, baton rouge, la, 70802, us",3100 Highland Rd.
Whopper Jr.,$3.29,330 Cal,"3100 highland road, baton rouge, la, 70802, us",3100 Highland Rd.
Bacon Double Cheeseburger,$4.09,440 Cal,"3100 highland road, baton rouge, la, 70802, us",3100 Highland Rd.
Bacon Cheeseburger,$3.09,340 Cal,"3100 highland road, baton rouge, la, 70802, us",3100 Highland Rd.
Double Cheeseburger,$3.09,400 Cal,"3100 highland road, baton rouge, la, 70802, us",3100 Highland Rd.
Cheeseburger,$2.39,290 Cal,"3100 highland road, baton rouge, la, 70802, us",3100 Highland Rd.
Rodeo Burger,$2.39,340 Cal,"3100 highland road, baton rouge, la, 70802, us",3100 Highland Rd.
Hamburger,$2.09,250 Cal,"3100 highland road, baton rouge, la, 70802, us",3100 Highland Rd.
Have-sies™,$2.99,380 Cal,"3100 highland road, baton rouge, la, 70802, us",3100 Highland Rd.
French Fries,$2.99,370 Cal,"3100 highland road, baton rouge, la, 70802, us",3100 Highland Rd.
Onion Rings,$2.99,360 Cal,"3100 highland road, baton rouge, la, 70802, us",3100 Highland Rd.
Fiery Chicken Fries,$3.99,260 Cal,"3100 highland road, baton rouge, la, 70802, us",3100 Highland Rd.
Fiery Mozzarella Fries,$4.29,450 Cal,"3100 highland road, baton rouge, la, 70802, us",3100 Highland Rd.
Chicken Fries,$3.99,220 Cal,"3100 highland road, baton rouge, la, 70802, us",3100 Highland Rd.
Mozzarella Fries,$3.79,480 Cal,"3100 highland road, baton rouge, la, 70802, us",3100 Highland Rd.
Chicken Nuggets,$2.49,390 Cal,"3100 highland road, baton rouge, la, 70802, us",3100 Highland Rd.
Mott's® Applesauce,$1.69,50 Cal,"3100 highland road, baton rouge, la, 70802, us",3100 Highland Rd.
Fiery Bacon Whopper®,$6.99,800 Cal,"3112 e berry st, fort worth, tx, 76119, us",3112 E Berry St
Whopper,$6.19,670 Cal,"3112 e berry st, fort worth, tx, 76119, us",3112 E Berry St
Impossible™ Whopper,$6.99,630 Cal,"3112 e berry st, fort worth, tx, 76119, us",3112 E Berry St
Texas Double Whopper,$8.99,"1,090 Cal","3112 e berry st, fort worth, tx, 76119, us",3112 E Berry St
Double Whopper,$8.69,920 Cal,"3112 e berry st, fort worth, tx, 76119, us",3112 E Berry St
Triple Whopper,$11.19,"1,170 Cal","3112 e berry st, fort worth, tx, 76119, us",3112 E Berry St
Bacon King,$8.99,"1,200 Cal","3112 e berry st, fort worth, tx, 76119, us",3112 E Berry St
BBQ Bacon Whopper Jr.,$3.89,390 Cal,"3112 e berry st, fort worth, tx, 76119, us",3112 E Berry St
Double Whopper Jr.,$3.99,447 Cal,"3112 e berry st, fort worth, tx, 76119, us",3112 E Berry St
Whopper Jr.,$2.99,330 Cal,"3112 e berry st, fort worth, tx, 76119, us",3112 E Berry St
Bacon Double Cheeseburger,$3.79,440 Cal,"3112 e berry st, fort worth, tx, 76119, us",3112 E Berry St
Bacon Cheeseburger,$2.49,340 Cal,"3112 e berry st, fort worth, tx, 76119, us",3112 E Berry St
Double Cheeseburger,$2.99,400 Cal,"3112 e berry st, fort worth, tx, 76119, us",3112 E Berry St
Cheeseburger,$1.89,290 Cal,"3112 e berry st, fort worth, tx, 76119, us",3112 E Berry St
Rodeo Burger,$1.99,340 Cal,"3112 e berry st, fort worth, tx, 76119, us",3112 E Berry St
Hamburger,$1.69,250 Cal,"3112 e berry st, fort worth, tx, 76119, us",3112 E Berry St
Have-sies™,$2.79,380 Cal,"3112 e berry st, fort worth, tx, 76119, us",3112 E Berry St
French Fries,$2.79,370 Cal,"3112 e berry st, fort worth, tx, 76119, us",3112 E Berry St
Onion Rings,$2.79,360 Cal,"3112 e berry st, fort worth, tx, 76119, us",3112 E Berry St
Fiery Chicken Fries,$3.99,260 Cal,"3112 e berry st, fort worth, tx, 76119, us",3112 E Berry St
Fiery Mozzarella Fries,$4.29,450 Cal,"3112 e berry st, fort worth, tx, 76119, us",3112 E Berry St
Chicken Fries,$3.99,220 Cal,"3112 e berry st, fort worth, tx, 76119, us",3112 E Berry St
Mozzarella Fries,$3.79,480 Cal,"3112 e berry st, fort worth, tx, 76119, us",3112 E Berry St
Chicken Nuggets,$2.49,390 Cal,"3112 e berry st, fort worth, tx, 76119, us",3112 E Berry St
Mott's® Applesauce,$1.59,50 Cal,"3112 e berry st, fort worth, tx, 76119, us",3112 E Berry St
Fiery Bacon Whopper®,$6.99,800 Cal,"3204 southeast loop 820, forest hill, tx, 76140, us",3204 SE Loop 820 TB
Whopper,$6.19,670 Cal,"3204 southeast loop 820, forest hill, tx, 76140, us",3204 SE Loop 820 TB
Impossible™ Whopper,$6.99,630 Cal,"3204 southeast loop 820, forest hill, tx, 76140, us",3204 SE Loop 820 TB
Texas Double Whopper,$8.99,"1,090 Cal","3204 southeast loop 820, forest hill, tx, 76140, us",3204 SE Loop 820 TB
Double Whopper,$8.69,920 Cal,"3204 southeast loop 820, forest hill, tx, 76140, us",3204 SE Loop 820 TB
Triple Whopper,$11.19,"1,170 Cal","3204 southeast loop 820, forest hill, tx, 76140, us",3204 SE Loop 820 TB
Bacon King,$8.99,"1,200 Cal","3204 southeast loop 820, forest hill, tx, 76140, us",3204 SE Loop 820 TB
BBQ Bacon Whopper Jr.,$3.89,390 Cal,"3204 southeast loop 820, forest hill, tx, 76140, us",3204 SE Loop 820 TB
Double Whopper Jr.,$3.99,447 Cal,"3204 southeast loop 820, forest hill, tx, 76140, us",3204 SE Loop 820 TB
Whopper Jr.,$2.99,330 Cal,"3204 southeast loop 820, forest hill, tx, 76140, us",3204 SE Loop 820 TB
Bacon Double Cheeseburger,$3.79,440 Cal,"3204 southeast loop 820, forest hill, tx, 76140, us",3204 SE Loop 820 TB
Bacon Cheeseburger,$2.49,340 Cal,"3204 southeast loop 820, forest hill, tx, 76140, us",3204 SE Loop 820 TB
Double Cheeseburger,$2.99,400 Cal,"3204 southeast loop 820, forest hill, tx, 76140, us",3204 SE Loop 820 TB
Cheeseburger,$1.89,290 Cal,"3204 southeast loop 820, forest hill, tx, 76140, us",3204 SE Loop 820 TB
Rodeo Burger,$1.99,340 Cal,"3204 southeast loop 820, forest hill, tx, 76140, us",3204 SE Loop 820 TB
Hamburger,$1.69,250 Cal,"3204 southeast loop 820, forest hill, tx, 76140, us",3204 SE Loop 820 TB
Have-sies™,$2.79,380 Cal,"3204 southeast loop 820, forest hill, tx, 76140, us",3204 SE Loop 820 TB
French Fries,$2.79,370 Cal,"3204 southeast loop 820, forest hill, tx, 76140, us",3204 SE Loop 820 TB
Onion Rings,$2.79,360 Cal,"3204 southeast loop 820, forest hill, tx, 76140, us",3204 SE Loop 820 TB
Fiery Chicken Fries,$3.99,260 Cal,"3204 southeast loop 820, forest hill, tx, 76140, us",3204 SE Loop 820 TB
Fiery Mozzarella Fries,$4.29,450 Cal,"3204 southeast loop 820, forest hill, tx, 76140, us",3204 SE Loop 820 TB
Chicken Fries,$3.99,220 Cal,"3204 southeast loop 820, forest hill, tx, 76140, us",3204 SE Loop 820 TB
Mozzarella Fries,$3.79,480 Cal,"3204 southeast loop 820, forest hill, tx, 76140, us",3204 SE Loop 820 TB
Chicken Nuggets,$2.49,390 Cal,"3204 southeast loop 820, forest hill, tx, 76140, us",3204 SE Loop 820 TB
Mott's® Applesauce,$1.59,50 Cal,"3204 southeast loop 820, forest hill, tx, 76140, us",3204 SE Loop 820 TB
Fiery Bacon Whopper®,$6.99,800 Cal,"3219 s 27th st, milwaukee, wi, 53215, us",1300 Mcdonald Avenue
Whopper,$7.79,670 Cal,"3219 s 27th st, milwaukee, wi, 53215, us",1300 Mcdonald Avenue
Impossible™ Whopper,$8.79,630 Cal,"3219 s 27th st, milwaukee, wi, 53215, us",1300 Mcdonald Avenue
Texas Double Whopper,$10.49,"1,090 Cal","3219 s 27th st, milwaukee, wi, 53215, us",1300 Mcdonald Avenue
Double Whopper,$8.99,920 Cal,"3219 s 27th st, milwaukee, wi, 53215, us",1300 Mcdonald Avenue
Triple Whopper,$10.09,"1,170 Cal","3219 s 27th st, milwaukee, wi, 53215, us",1300 Mcdonald Avenue
Bacon King,$9.09,"1,200 Cal","3219 s 27th st, milwaukee, wi, 53215, us",1300 Mcdonald Avenue
BBQ Bacon Whopper Jr.,$3.99,390 Cal,"3219 s 27th st, milwaukee, wi, 53215, us",1300 Mcdonald Avenue
Double Whopper Jr.,$4.19,447 Cal,"3219 s 27th st, milwaukee, wi, 53215, us",1300 Mcdonald Avenue
Whopper Jr.,$3.99,330 Cal,"3219 s 27th st, milwaukee, wi, 53215, us",1300 Mcdonald Avenue
Bacon Double Cheeseburger,$4.29,440 Cal,"3219 s 27th st, milwaukee, wi, 53215, us",1300 Mcdonald Avenue
Bacon Cheeseburger,$3.39,340 Cal,"3219 s 27th st, milwaukee, wi, 53215, us",1300 Mcdonald Avenue
Double Cheeseburger,$3.49,400 Cal,"3219 s 27th st, milwaukee, wi, 53215, us",1300 Mcdonald Avenue
Cheeseburger,$2.49,290 Cal,"3219 s 27th st, milwaukee, wi, 53215, us",1300 Mcdonald Avenue
Rodeo Burger,$2.49,340 Cal,"3219 s 27th st, milwaukee, wi, 53215, us",1300 Mcdonald Avenue
Hamburger,$2.09,250 Cal,"3219 s 27th st, milwaukee, wi, 53215, us",1300 Mcdonald Avenue
Have-sies™,$3.49,380 Cal,"3219 s 27th st, milwaukee, wi, 53215, us",1300 Mcdonald Avenue
French Fries,$3.49,370 Cal,"3219 s 27th st, milwaukee, wi, 53215, us",1300 Mcdonald Avenue
Onion Rings,$3.49,360 Cal,"3219 s 27th st, milwaukee, wi, 53215, us",1300 Mcdonald Avenue
Fiery Chicken Fries,$3.99,260 Cal,"3219 s 27th st, milwaukee, wi, 53215, us",1300 Mcdonald Avenue
Fiery Mozzarella Fries,$4.29,450 Cal,"3219 s 27th st, milwaukee, wi, 53215, us",1300 Mcdonald Avenue
Chicken Fries,$4.19,220 Cal,"3219 s 27th st, milwaukee, wi, 53215, us",1300 Mcdonald Avenue
Mozzarella Fries,$3.79,480 Cal,"3219 s 27th st, milwaukee, wi, 53215, us",1300 Mcdonald Avenue
Chicken Nuggets,$2.69,390 Cal,"3219 s 27th st, milwaukee, wi, 53215, us",1300 Mcdonald Avenue
Crispy Tacos,$1.39,170 Cal,"3219 s 27th st, milwaukee, wi, 53215, us",1300 Mcdonald Avenue
Fiery Bacon Whopper®,$7.39,800 Cal,"3220 library rd., castle shannon, pa, 15234, us",3220 Library Rd.
Whopper,$5.59,670 Cal,"3220 library rd., castle shannon, pa, 15234, us",3220 Library Rd.
Impossible™ Whopper,$6.59,630 Cal,"3220 library rd., castle shannon, pa, 15234, us",3220 Library Rd.
Texas Double Whopper,$8.39,"1,090 Cal","3220 library rd., castle shannon, pa, 15234, us",3220 Library Rd.
Double Whopper,$6.99,920 Cal,"3220 library rd., castle shannon, pa, 15234, us",3220 Library Rd.
Triple Whopper,$8.39,"1,170 Cal","3220 library rd., castle shannon, pa, 15234, us",3220 Library Rd.
Bacon King,$8.29,"1,200 Cal","3220 library rd., castle shannon, pa, 15234, us",3220 Library Rd.
BBQ Bacon Whopper Jr.,$3.79,390 Cal,"3220 library rd., castle shannon, pa, 15234, us",3220 Library Rd.
Double Whopper Jr.,$4.59,447 Cal,"3220 library rd., castle shannon, pa, 15234, us",3220 Library Rd.
Whopper Jr.,$3.29,330 Cal,"3220 library rd., castle shannon, pa, 15234, us",3220 Library Rd.
Bacon Double Cheeseburger,$3.99,440 Cal,"3220 library rd., castle shannon, pa, 15234, us",3220 Library Rd.
Bacon Cheeseburger,$2.99,340 Cal,"3220 library rd., castle shannon, pa, 15234, us",3220 Library Rd.
Double Cheeseburger,$3.29,400 Cal,"3220 library rd., castle shannon, pa, 15234, us",3220 Library Rd.
Cheeseburger,$2.19,290 Cal,"3220 library rd., castle shannon, pa, 15234, us",3220 Library Rd.
Rodeo Burger,$1.99,340 Cal,"3220 library rd., castle shannon, pa, 15234, us",3220 Library Rd.
Hamburger,$1.79,250 Cal,"3220 library rd., castle shannon, pa, 15234, us",3220 Library Rd.
Have-sies™,$2.99,380 Cal,"3220 library rd., castle shannon, pa, 15234, us",3220 Library Rd.
French Fries,$2.99,370 Cal,"3220 library rd., castle shannon, pa, 15234, us",3220 Library Rd.
Onion Rings,$2.99,360 Cal,"3220 library rd., castle shannon, pa, 15234, us",3220 Library Rd.
Fiery Chicken Fries,$4.29,260 Cal,"3220 library rd., castle shannon, pa, 15234, us",3220 Library Rd.
Fiery Mozzarella Fries,$4.29,450 Cal,"3220 library rd., castle shannon, pa, 15234, us",3220 Library Rd.
Chicken Fries,$4.29,220 Cal,"3220 library rd., castle shannon, pa, 15234, us",3220 Library Rd.
Mozzarella Fries,$3.89,480 Cal,"3220 library rd., castle shannon, pa, 15234, us",3220 Library Rd.
Chicken Nuggets,$2.49,390 Cal,"3220 library rd., castle shannon, pa, 15234, us",3220 Library Rd.
Mott's® Applesauce,$1.49,50 Cal,"3220 library rd., castle shannon, pa, 15234, us",3220 Library Rd.
Fiery Bacon Whopper®,$6.99,800 Cal,"3242 east 11th street, tulsa, ok, 74104, us",3242 East 11th Street
Whopper,$5.29,670 Cal,"3242 east 11th street, tulsa, ok, 74104, us",3242 East 11th Street
Impossible™ Whopper,$6.49,630 Cal,"3242 east 11th street, tulsa, ok, 74104, us",3242 East 11th Street
Texas Double Whopper,$7.89,"1,090 Cal","3242 east 11th street, tulsa, ok, 74104, us",3242 East 11th Street
Double Whopper,$6.79,920 Cal,"3242 east 11th street, tulsa, ok, 74104, us",3242 East 11th Street
Triple Whopper,$7.79,"1,170 Cal","3242 east 11th street, tulsa, ok, 74104, us",3242 East 11th Street
Bacon King,$7.99,"1,200 Cal","3242 east 11th street, tulsa, ok, 74104, us",3242 East 11th Street
BBQ Bacon Whopper Jr.,$3.49,390 Cal,"3242 east 11th street, tulsa, ok, 74104, us",3242 East 11th Street
Double Whopper Jr.,$4.09,447 Cal,"3242 east 11th street, tulsa, ok, 74104, us",3242 East 11th Street
Whopper Jr.,$2.89,330 Cal,"3242 east 11th street, tulsa, ok, 74104, us",3242 East 11th Street
Bacon Double Cheeseburger,$3.69,440 Cal,"3242 east 11th street, tulsa, ok, 74104, us",3242 East 11th Street
Bacon Cheeseburger,$2.79,340 Cal,"3242 east 11th street, tulsa, ok, 74104, us",3242 East 11th Street
Double Cheeseburger,$2.99,400 Cal,"3242 east 11th street, tulsa, ok, 74104, us",3242 East 11th Street
Cheeseburger,$2.09,290 Cal,"3242 east 11th street, tulsa, ok, 74104, us",3242 East 11th Street
Rodeo Burger,$1.99,340 Cal,"3242 east 11th street, tulsa, ok, 74104, us",3242 East 11th Street
Hamburger,$1.89,250 Cal,"3242 east 11th street, tulsa, ok, 74104, us",3242 East 11th Street
Have-sies™,$2.84,380 Cal,"3242 east 11th street, tulsa, ok, 74104, us",3242 East 11th Street
French Fries,$2.84,370 Cal,"3242 east 11th street, tulsa, ok, 74104, us",3242 East 11th Street
Onion Rings,$2.84,360 Cal,"3242 east 11th street, tulsa, ok, 74104, us",3242 East 11th Street
Fiery Chicken Fries,$3.99,260 Cal,"3242 east 11th street, tulsa, ok, 74104, us",3242 East 11th Street
Fiery Mozzarella Fries,$4.29,450 Cal,"3242 east 11th street, tulsa, ok, 74104, us",3242 East 11th Street
Chicken Fries,$3.99,220 Cal,"3242 east 11th street, tulsa, ok, 74104, us",3242 East 11th Street
Mozzarella Fries,$3.79,480 Cal,"3242 east 11th street, tulsa, ok, 74104, us",3242 East 11th Street
Chicken Nuggets,$2.49,390 Cal,"3242 east 11th street, tulsa, ok, 74104, us",3242 East 11th Street
Mott's® Applesauce,$1.59,50 Cal,"3242 east 11th street, tulsa, ok, 74104, us",3242 East 11th Street
Fiery Bacon Whopper®,$6.99,800 Cal,"3348 clays mill road, lexington, ky, 40503, us",3348 Clays Mill Road
Whopper,$5.39,670 Cal,"3348 clays mill road, lexington, ky, 40503, us",3348 Clays Mill Road
Impossible™ Whopper,$6.09,630 Cal,"3348 clays mill road, lexington, ky, 40503, us",3348 Clays Mill Road
Double Whopper,$6.99,920 Cal,"3348 clays mill road, lexington, ky, 40503, us",3348 Clays Mill Road
Triple Whopper,$8.99,"1,170 Cal","3348 clays mill road, lexington, ky, 40503, us",3348 Clays Mill Road
Bacon King,$8.29,"1,200 Cal","3348 clays mill road, lexington, ky, 40503, us",3348 Clays Mill Road
BBQ Bacon Whopper Jr.,$3.39,390 Cal,"3348 clays mill road, lexington, ky, 40503, us",3348 Clays Mill Road
Double Whopper Jr.,$3.79,447 Cal,"3348 clays mill road, lexington, ky, 40503, us",3348 Clays Mill Road
Whopper Jr.,$2.79,330 Cal,"3348 clays mill road, lexington, ky, 40503, us",3348 Clays Mill Road
Bacon Double Cheeseburger,$3.99,440 Cal,"3348 clays mill road, lexington, ky, 40503, us",3348 Clays Mill Road
Bacon Cheeseburger,$2.79,340 Cal,"3348 clays mill road, lexington, ky, 40503, us",3348 Clays Mill Road
Double Cheeseburger,$3.19,400 Cal,"3348 clays mill road, lexington, ky, 40503, us",3348 Clays Mill Road
Cheeseburger,$2.19,290 Cal,"3348 clays mill road, lexington, ky, 40503, us",3348 Clays Mill Road
Rodeo Burger,$1.99,340 Cal,"3348 clays mill road, lexington, ky, 40503, us",3348 Clays Mill Road
Hamburger,$1.89,250 Cal,"3348 clays mill road, lexington, ky, 40503, us",3348 Clays Mill Road
Have-sies™,$2.99,380 Cal,"3348 clays mill road, lexington, ky, 40503, us",3348 Clays Mill Road
French Fries,$2.99,370 Cal,"3348 clays mill road, lexington, ky, 40503, us",3348 Clays Mill Road
Onion Rings,$2.99,360 Cal,"3348 clays mill road, lexington, ky, 40503, us",3348 Clays Mill Road
Fiery Chicken Fries,$3.79,260 Cal,"3348 clays mill road, lexington, ky, 40503, us",3348 Clays Mill Road
Fiery Mozzarella Fries,$4.09,450 Cal,"3348 clays mill road, lexington, ky, 40503, us",3348 Clays Mill Road
Chicken Fries,$3.79,220 Cal,"3348 clays mill road, lexington, ky, 40503, us",3348 Clays Mill Road
Mozzarella Fries,$3.79,480 Cal,"3348 clays mill road, lexington, ky, 40503, us",3348 Clays Mill Road
Chicken Nuggets,$2.49,390 Cal,"3348 clays mill road, lexington, ky, 40503, us",3348 Clays Mill Road
Mott's® Applesauce,$1.49,50 Cal,"3348 clays mill road, lexington, ky, 40503, us",3348 Clays Mill Road
Fiery Bacon Whopper®,$6.69,800 Cal,"3401 amnicola highway, chattanooga, tn, 37406, us",3401 Amnicola Highway
Whopper,$5.59,670 Cal,"3401 amnicola highway, chattanooga, tn, 37406, us",3401 Amnicola Highway
Impossible™ Whopper,$6.69,630 Cal,"3401 amnicola highway, chattanooga, tn, 37406, us",3401 Amnicola Highway
Texas Double Whopper,$7.69,"1,090 Cal","3401 amnicola highway, chattanooga, tn, 37406, us",3401 Amnicola Highway
Double Whopper,$7.09,920 Cal,"3401 amnicola highway, chattanooga, tn, 37406, us",3401 Amnicola Highway
Triple Whopper,$8.89,"1,170 Cal","3401 amnicola highway, chattanooga, tn, 37406, us",3401 Amnicola Highway
Bacon King,$7.89,"1,200 Cal","3401 amnicola highway, chattanooga, tn, 37406, us",3401 Amnicola Highway
Double Whopper Jr.,$4.29,447 Cal,"3401 amnicola highway, chattanooga, tn, 37406, us",3401 Amnicola Highway
Whopper Jr.,$3.29,330 Cal,"3401 amnicola highway, chattanooga, tn, 37406, us",3401 Amnicola Highway
Bacon Double Cheeseburger,$4.09,440 Cal,"3401 amnicola highway, chattanooga, tn, 37406, us",3401 Amnicola Highway
Bacon Cheeseburger,$3.09,340 Cal,"3401 amnicola highway, chattanooga, tn, 37406, us",3401 Amnicola Highway
Double Cheeseburger,$3.09,400 Cal,"3401 amnicola highway, chattanooga, tn, 37406, us",3401 Amnicola Highway
Cheeseburger,$2.39,290 Cal,"3401 amnicola highway, chattanooga, tn, 37406, us",3401 Amnicola Highway
Rodeo Burger,$2.39,340 Cal,"3401 amnicola highway, chattanooga, tn, 37406, us",3401 Amnicola Highway
Hamburger,$2.09,250 Cal,"3401 amnicola highway, chattanooga, tn, 37406, us",3401 Amnicola Highway
Have-sies™,$2.99,380 Cal,"3401 amnicola highway, chattanooga, tn, 37406, us",3401 Amnicola Highway
French Fries,$2.99,370 Cal,"3401 amnicola highway, chattanooga, tn, 37406, us",3401 Amnicola Highway
Onion Rings,$2.99,360 Cal,"3401 amnicola highway, chattanooga, tn, 37406, us",3401 Amnicola Highway
Fiery Chicken Fries,$3.99,260 Cal,"3401 amnicola highway, chattanooga, tn, 37406, us",3401 Amnicola Highway
Fiery Mozzarella Fries,$4.09,450 Cal,"3401 amnicola highway, chattanooga, tn, 37406, us",3401 Amnicola Highway
Chicken Fries,$3.99,220 Cal,"3401 amnicola highway, chattanooga, tn, 37406, us",3401 Amnicola Highway
Mozzarella Fries,$3.79,480 Cal,"3401 amnicola highway, chattanooga, tn, 37406, us",3401 Amnicola Highway
Chicken Nuggets,$2.49,390 Cal,"3401 amnicola highway, chattanooga, tn, 37406, us",3401 Amnicola Highway
Mott's® Applesauce,$1.69,50 Cal,"3401 amnicola highway, chattanooga, tn, 37406, us",3401 Amnicola Highway
Fiery Bacon Whopper®,$6.99,800 Cal,"3403 north main street, columbia, sc, 29203, us",3403 North Main Street
Whopper,$6.19,670 Cal,"3403 north main street, columbia, sc, 29203, us",3403 North Main Street
Impossible™ Whopper,$6.99,630 Cal,"3403 north main street, columbia, sc, 29203, us",3403 North Main Street
Double Whopper,$7.19,920 Cal,"3403 north main street, columbia, sc, 29203, us",3403 North Main Street
Triple Whopper,$8.99,"1,170 Cal","3403 north main street, columbia, sc, 29203, us",3403 North Main Street
Bacon King,$8.19,"1,200 Cal","3403 north main street, columbia, sc, 29203, us",3403 North Main Street
BBQ Bacon Whopper Jr.,$4.75,390 Cal,"3403 north main street, columbia, sc, 29203, us",3403 North Main Street
Double Whopper Jr.,$4.29,447 Cal,"3403 north main street, columbia, sc, 29203, us",3403 North Main Street
Whopper Jr.,$3.79,330 Cal,"3403 north main street, columbia, sc, 29203, us",3403 North Main Street
Bacon Double Cheeseburger,$4.99,440 Cal,"3403 north main street, columbia, sc, 29203, us",3403 North Main Street
Bacon Cheeseburger,$3.99,340 Cal,"3403 north main street, columbia, sc, 29203, us",3403 North Main Street
Double Cheeseburger,$3.99,400 Cal,"3403 north main street, columbia, sc, 29203, us",3403 North Main Street
Cheeseburger,$2.99,290 Cal,"3403 north main street, columbia, sc, 29203, us",3403 North Main Street
Rodeo Burger,$2.29,340 Cal,"3403 north main street, columbia, sc, 29203, us",3403 North Main Street
Hamburger,$2.19,250 Cal,"3403 north main street, columbia, sc, 29203, us",3403 North Main Street
Have-sies™,$3.29,380 Cal,"3403 north main street, columbia, sc, 29203, us",3403 North Main Street
French Fries,$3.29,370 Cal,"3403 north main street, columbia, sc, 29203, us",3403 North Main Street
Onion Rings,$3.29,360 Cal,"3403 north main street, columbia, sc, 29203, us",3403 North Main Street
Fiery Chicken Fries,$4.29,260 Cal,"3403 north main street, columbia, sc, 29203, us",3403 North Main Street
Fiery Mozzarella Fries,$4.29,450 Cal,"3403 north main street, columbia, sc, 29203, us",3403 North Main Street
Chicken Fries,$4.99,220 Cal,"3403 north main street, columbia, sc, 29203, us",3403 North Main Street
Mozzarella Fries,$3.79,480 Cal,"3403 north main street, columbia, sc, 29203, us",3403 North Main Street
Chicken Nuggets,$2.49,390 Cal,"3403 north main street, columbia, sc, 29203, us",3403 North Main Street
Mott's® Applesauce,$1.56,50 Cal,"3403 north main street, columbia, sc, 29203, us",3403 North Main Street
Whopper,$6.09,670 Cal,"3419 north 5th street highway, reading, pa, 19605, us",3421 N. Fifth Street Highway
Impossible™ Whopper,$7.29,630 Cal,"3419 north 5th street highway, reading, pa, 19605, us",3421 N. Fifth Street Highway
Double Whopper,$7.49,920 Cal,"3419 north 5th street highway, reading, pa, 19605, us",3421 N. Fifth Street Highway
Triple Whopper,$8.89,"1,170 Cal","3419 north 5th street highway, reading, pa, 19605, us",3421 N. Fifth Street Highway
Bacon King,$8.69,"1,200 Cal","3419 north 5th street highway, reading, pa, 19605, us",3421 N. Fifth Street Highway
BBQ Bacon Whopper Jr.,$4.39,390 Cal,"3419 north 5th street highway, reading, pa, 19605, us",3421 N. Fifth Street Highway
Double Whopper Jr.,$4.59,447 Cal,"3419 north 5th street highway, reading, pa, 19605, us",3421 N. Fifth Street Highway
Whopper Jr.,$3.59,330 Cal,"3419 north 5th street highway, reading, pa, 19605, us",3421 N. Fifth Street Highway
Bacon Double Cheeseburger,$4.09,440 Cal,"3419 north 5th street highway, reading, pa, 19605, us",3421 N. Fifth Street Highway
Bacon Cheeseburger,$2.79,340 Cal,"3419 north 5th street highway, reading, pa, 19605, us",3421 N. Fifth Street Highway
Double Cheeseburger,$3.29,400 Cal,"3419 north 5th street highway, reading, pa, 19605, us",3421 N. Fifth Street Highway
Cheeseburger,$2.29,290 Cal,"3419 north 5th street highway, reading, pa, 19605, us",3421 N. Fifth Street Highway
Rodeo Burger,$2.09,340 Cal,"3419 north 5th street highway, reading, pa, 19605, us",3421 N. Fifth Street Highway
Hamburger,$2.09,250 Cal,"3419 north 5th street highway, reading, pa, 19605, us",3421 N. Fifth Street Highway
Have-sies™,$3.69,380 Cal,"3419 north 5th street highway, reading, pa, 19605, us",3421 N. Fifth Street Highway
French Fries,$3.59,370 Cal,"3419 north 5th street highway, reading, pa, 19605, us",3421 N. Fifth Street Highway
Onion Rings,$3.69,360 Cal,"3419 north 5th street highway, reading, pa, 19605, us",3421 N. Fifth Street Highway
Chicken Fries,$3.69,220 Cal,"3419 north 5th street highway, reading, pa, 19605, us",3421 N. Fifth Street Highway
Mozzarella Fries,$3.89,480 Cal,"3419 north 5th street highway, reading, pa, 19605, us",3421 N. Fifth Street Highway
Chicken Nuggets,$2.49,390 Cal,"3419 north 5th street highway, reading, pa, 19605, us",3421 N. Fifth Street Highway
Mott's® Applesauce,$2.19,50 Cal,"3419 north 5th street highway, reading, pa, 19605, us",3421 N. Fifth Street Highway
Whopper,$5.49,670 Cal,"344 eastern blvd, fayetteville, nc, 28301, us",344 Eastern Blvd
Impossible™ Whopper,$6.69,630 Cal,"344 eastern blvd, fayetteville, nc, 28301, us",344 Eastern Blvd
Double Whopper,$6.89,920 Cal,"344 eastern blvd, fayetteville, nc, 28301, us",344 Eastern Blvd
Triple Whopper,$8.29,"1,170 Cal","344 eastern blvd, fayetteville, nc, 28301, us",344 Eastern Blvd
Bacon King,$7.49,"1,200 Cal","344 eastern blvd, fayetteville, nc, 28301, us",344 Eastern Blvd
BBQ Bacon Whopper Jr.,$3.89,390 Cal,"344 eastern blvd, fayetteville, nc, 28301, us",344 Eastern Blvd
Double Whopper Jr.,$4.09,447 Cal,"344 eastern blvd, fayetteville, nc, 28301, us",344 Eastern Blvd
Whopper Jr.,$3.09,330 Cal,"344 eastern blvd, fayetteville, nc, 28301, us",344 Eastern Blvd
Bacon Double Cheeseburger,$4.09,440 Cal,"344 eastern blvd, fayetteville, nc, 28301, us",344 Eastern Blvd
Bacon Cheeseburger,$2.39,340 Cal,"344 eastern blvd, fayetteville, nc, 28301, us",344 Eastern Blvd
Double Cheeseburger,$3.29,400 Cal,"344 eastern blvd, fayetteville, nc, 28301, us",344 Eastern Blvd
Cheeseburger,$1.99,290 Cal,"344 eastern blvd, fayetteville, nc, 28301, us",344 Eastern Blvd
Rodeo Burger,$1.89,340 Cal,"344 eastern blvd, fayetteville, nc, 28301, us",344 Eastern Blvd
Hamburger,$1.79,250 Cal,"344 eastern blvd, fayetteville, nc, 28301, us",344 Eastern Blvd
Have-sies™,$3.29,380 Cal,"344 eastern blvd, fayetteville, nc, 28301, us",344 Eastern Blvd
French Fries,$3.19,370 Cal,"344 eastern blvd, fayetteville, nc, 28301, us",344 Eastern Blvd
Onion Rings,$3.29,360 Cal,"344 eastern blvd, fayetteville, nc, 28301, us",344 Eastern Blvd
Chicken Fries,$3.69,220 Cal,"344 eastern blvd, fayetteville, nc, 28301, us",344 Eastern Blvd
Mozzarella Fries,$3.89,480 Cal,"344 eastern blvd, fayetteville, nc, 28301, us",344 Eastern Blvd
Chicken Nuggets,$2.49,390 Cal,"344 eastern blvd, fayetteville, nc, 28301, us",344 Eastern Blvd
Mott's® Applesauce,$1.89,50 Cal,"344 eastern blvd, fayetteville, nc, 28301, us",344 Eastern Blvd
Fiery Bacon Whopper®,$6.69,800 Cal,"3801 moss street, lafayette, la, 70507, us",3801 Moss St.
Whopper,$5.59,670 Cal,"3801 moss street, lafayette, la, 70507, us",3801 Moss St.
Impossible™ Whopper,$6.69,630 Cal,"3801 moss street, lafayette, la, 70507, us",3801 Moss St.
Texas Double Whopper,$7.69,"1,090 Cal","3801 moss street, lafayette, la, 70507, us",3801 Moss St.
Double Whopper,$7.09,920 Cal,"3801 moss street, lafayette, la, 70507, us",3801 Moss St.
Triple Whopper,$8.89,"1,170 Cal","3801 moss street, lafayette, la, 70507, us",3801 Moss St.
Bacon King,$7.89,"1,200 Cal","3801 moss street, lafayette, la, 70507, us",3801 Moss St.
BBQ Bacon Whopper Jr.,$4.29,390 Cal,"3801 moss street, lafayette, la, 70507, us",3801 Moss St.
Double Whopper Jr.,$5.29,447 Cal,"3801 moss street, lafayette, la, 70507, us",3801 Moss St.
Whopper Jr.,$3.29,330 Cal,"3801 moss street, lafayette, la, 70507, us",3801 Moss St.
Bacon Double Cheeseburger,$4.09,440 Cal,"3801 moss street, lafayette, la, 70507, us",3801 Moss St.
Bacon Cheeseburger,$3.09,340 Cal,"3801 moss street, lafayette, la, 70507, us",3801 Moss St.
Double Cheeseburger,$3.09,400 Cal,"3801 moss street, lafayette, la, 70507, us",3801 Moss St.
Cheeseburger,$2.39,290 Cal,"3801 moss street, lafayette, la, 70507, us",3801 Moss St.
Rodeo Burger,$2.39,340 Cal,"3801 moss street, lafayette, la, 70507, us",3801 Moss St.
Hamburger,$2.09,250 Cal,"3801 moss street, lafayette, la, 70507, us",3801 Moss St.
Have-sies™,$2.99,380 Cal,"3801 moss street, lafayette, la, 70507, us",3801 Moss St.
French Fries,$2.99,370 Cal,"3801 moss street, lafayette, la, 70507, us",3801 Moss St.
Onion Rings,$2.99,360 Cal,"3801 moss street, lafayette, la, 70507, us",3801 Moss St.
Fiery Chicken Fries,$3.99,260 Cal,"3801 moss street, lafayette, la, 70507, us",3801 Moss St.
Fiery Mozzarella Fries,$4.09,450 Cal,"3801 moss street, lafayette, la, 70507, us",3801 Moss St.
Chicken Fries,$3.99,220 Cal,"3801 moss street, lafayette, la, 70507, us",3801 Moss St.
Mozzarella Fries,$3.79,480 Cal,"3801 moss street, lafayette, la, 70507, us",3801 Moss St.
Chicken Nuggets,$2.49,390 Cal,"3801 moss street, lafayette, la, 70507, us",3801 Moss St.
Mott's® Applesauce,$1.69,50 Cal,"3801 moss street, lafayette, la, 70507, us",3801 Moss St.
Fiery Bacon Whopper®,$6.69,800 Cal,"3875 airport boulevard, mobile, al, 36609, us",3875 Airport Blvd.
Whopper,$5.59,670 Cal,"3875 airport boulevard, mobile, al, 36609, us",3875 Airport Blvd.
Impossible™ Whopper,$6.69,630 Cal,"3875 airport boulevard, mobile, al, 36609, us",3875 Airport Blvd.
Texas Double Whopper,$7.69,"1,090 Cal","3875 airport boulevard, mobile, al, 36609, us",3875 Airport Blvd.
Double Whopper,$7.09,920 Cal,"3875 airport boulevard, mobile, al, 36609, us",3875 Airport Blvd.
Triple Whopper,$8.89,"1,170 Cal","3875 airport boulevard, mobile, al, 36609, us",3875 Airport Blvd.
Bacon King,$7.89,"1,200 Cal","3875 airport boulevard, mobile, al, 36609, us",3875 Airport Blvd.
BBQ Bacon Whopper Jr.,$4.29,390 Cal,"3875 airport boulevard, mobile, al, 36609, us",3875 Airport Blvd.
Double Whopper Jr.,$5.29,447 Cal,"3875 airport boulevard, mobile, al, 36609, us",3875 Airport Blvd.
Whopper Jr.,$3.29,330 Cal,"3875 airport boulevard, mobile, al, 36609, us",3875 Airport Blvd.
Bacon Double Cheeseburger,$4.09,440 Cal,"3875 airport boulevard, mobile, al, 36609, us",3875 Airport Blvd.
Bacon Cheeseburger,$3.09,340 Cal,"3875 airport boulevard, mobile, al, 36609, us",3875 Airport Blvd.
Double Cheeseburger,$3.09,400 Cal,"3875 airport boulevard, mobile, al, 36609, us",3875 Airport Blvd.
Cheeseburger,$2.39,290 Cal,"3875 airport boulevard, mobile, al, 36609, us",3875 Airport Blvd.
Rodeo Burger,$2.39,340 Cal,"3875 airport boulevard, mobile, al, 36609, us",3875 Airport Blvd.
Hamburger,$2.09,250 Cal,"3875 airport boulevard, mobile, al, 36609, us",3875 Airport Blvd.
Have-sies™,$2.99,380 Cal,"3875 airport boulevard, mobile, al, 36609, us",3875 Airport Blvd.
French Fries,$2.99,370 Cal,"3875 airport boulevard, mobile, al, 36609, us",3875 Airport Blvd.
Onion Rings,$2.99,360 Cal,"3875 airport boulevard, mobile, al, 36609, us",3875 Airport Blvd.
Fiery Chicken Fries,$3.99,260 Cal,"3875 airport boulevard, mobile, al, 36609, us",3875 Airport Blvd.
Fiery Mozzarella Fries,$4.09,450 Cal,"3875 airport boulevard, mobile, al, 36609, us",3875 Airport Blvd.
Chicken Fries,$3.99,220 Cal,"3875 airport boulevard, mobile, al, 36609, us",3875 Airport Blvd.
Mozzarella Fries,$3.79,480 Cal,"3875 airport boulevard, mobile, al, 36609, us",3875 Airport Blvd.
Chicken Nuggets,$2.49,390 Cal,"3875 airport boulevard, mobile, al, 36609, us",3875 Airport Blvd.
Mott's® Applesauce,$1.69,50 Cal,"3875 airport boulevard, mobile, al, 36609, us",3875 Airport Blvd.
Fiery Bacon Whopper®,$6.69,800 Cal,"3941 crosstown expressway, corpus christi, tx, 78416, us",3941 Crosstown Expressway
Whopper,$5.49,670 Cal,"3941 crosstown expressway, corpus christi, tx, 78416, us",3941 Crosstown Expressway
Impossible™ Whopper,$6.39,630 Cal,"3941 crosstown expressway, corpus christi, tx, 78416, us",3941 Crosstown Expressway
Texas Double Whopper,$7.79,"1,090 Cal","3941 crosstown expressway, corpus christi, tx, 78416, us",3941 Crosstown Expressway
Double Whopper,$6.49,920 Cal,"3941 crosstown expressway, corpus christi, tx, 78416, us",3941 Crosstown Expressway
Triple Whopper,$7.49,"1,170 Cal","3941 crosstown expressway, corpus christi, tx, 78416, us",3941 Crosstown Expressway
Bacon King,$7.39,"1,200 Cal","3941 crosstown expressway, corpus christi, tx, 78416, us",3941 Crosstown Expressway
BBQ Bacon Whopper Jr.,$4.19,390 Cal,"3941 crosstown expressway, corpus christi, tx, 78416, us",3941 Crosstown Expressway
Double Whopper Jr.,$3.49,447 Cal,"3941 crosstown expressway, corpus christi, tx, 78416, us",3941 Crosstown Expressway
Whopper Jr.,$2.69,330 Cal,"3941 crosstown expressway, corpus christi, tx, 78416, us",3941 Crosstown Expressway
Bacon Double Cheeseburger,$3.59,440 Cal,"3941 crosstown expressway, corpus christi, tx, 78416, us",3941 Crosstown Expressway
Bacon Cheeseburger,$2.49,340 Cal,"3941 crosstown expressway, corpus christi, tx, 78416, us",3941 Crosstown Expressway
Double Cheeseburger,$2.89,400 Cal,"3941 crosstown expressway, corpus christi, tx, 78416, us",3941 Crosstown Expressway
Cheeseburger,$1.99,290 Cal,"3941 crosstown expressway, corpus christi, tx, 78416, us",3941 Crosstown Expressway
Rodeo Burger,$1.89,340 Cal,"3941 crosstown expressway, corpus christi, tx, 78416, us",3941 Crosstown Expressway
Hamburger,$1.79,250 Cal,"3941 crosstown expressway, corpus christi, tx, 78416, us",3941 Crosstown Expressway
Have-sies™,$2.59,380 Cal,"3941 crosstown expressway, corpus christi, tx, 78416, us",3941 Crosstown Expressway
French Fries,$2.59,370 Cal,"3941 crosstown expressway, corpus christi, tx, 78416, us",3941 Crosstown Expressway
Onion Rings,$2.59,360 Cal,"3941 crosstown expressway, corpus christi, tx, 78416, us",3941 Crosstown Expressway
Fiery Chicken Fries,$3.99,260 Cal,"3941 crosstown expressway, corpus christi, tx, 78416, us",3941 Crosstown Expressway
Fiery Mozzarella Fries,$4.29,450 Cal,"3941 crosstown expressway, corpus christi, tx, 78416, us",3941 Crosstown Expressway
Chicken Fries,$3.99,220 Cal,"3941 crosstown expressway, corpus christi, tx, 78416, us",3941 Crosstown Expressway
Mozzarella Fries,$3.99,480 Cal,"3941 crosstown expressway, corpus christi, tx, 78416, us",3941 Crosstown Expressway
Chicken Nuggets,$2.49,390 Cal,"3941 crosstown expressway, corpus christi, tx, 78416, us",3941 Crosstown Expressway
Mott's® Applesauce,$1.59,50 Cal,"3941 crosstown expressway, corpus christi, tx, 78416, us",3941 Crosstown Expressway
Fiery Bacon Whopper®,$6.69,800 Cal,"3949 government boulevard, mobile, al, 36693, us",3949 Government Blvd.
Whopper,$5.59,670 Cal,"3949 government boulevard, mobile, al, 36693, us",3949 Government Blvd.
Impossible™ Whopper,$6.69,630 Cal,"3949 government boulevard, mobile, al, 36693, us",3949 Government Blvd.
Texas Double Whopper,$7.69,"1,090 Cal","3949 government boulevard, mobile, al, 36693, us",3949 Government Blvd.
Double Whopper,$7.09,920 Cal,"3949 government boulevard, mobile, al, 36693, us",3949 Government Blvd.
Triple Whopper,$8.89,"1,170 Cal","3949 government boulevard, mobile, al, 36693, us",3949 Government Blvd.
Bacon King,$7.89,"1,200 Cal","3949 government boulevard, mobile, al, 36693, us",3949 Government Blvd.
BBQ Bacon Whopper Jr.,$4.29,390 Cal,"3949 government boulevard, mobile, al, 36693, us",3949 Government Blvd.
Double Whopper Jr.,$5.29,447 Cal,"3949 government boulevard, mobile, al, 36693, us",3949 Government Blvd.
Whopper Jr.,$3.29,330 Cal,"3949 government boulevard, mobile, al, 36693, us",3949 Government Blvd.
Bacon Double Cheeseburger,$4.09,440 Cal,"3949 government boulevard, mobile, al, 36693, us",3949 Government Blvd.
Bacon Cheeseburger,$3.09,340 Cal,"3949 government boulevard, mobile, al, 36693, us",3949 Government Blvd.
Double Cheeseburger,$3.09,400 Cal,"3949 government boulevard, mobile, al, 36693, us",3949 Government Blvd.
Cheeseburger,$2.39,290 Cal,"3949 government boulevard, mobile, al, 36693, us",3949 Government Blvd.
Rodeo Burger,$2.39,340 Cal,"3949 government boulevard, mobile, al, 36693, us",3949 Government Blvd.
Hamburger,$2.09,250 Cal,"3949 government boulevard, mobile, al, 36693, us",3949 Government Blvd.
Have-sies™,$2.99,380 Cal,"3949 government boulevard, mobile, al, 36693, us",3949 Government Blvd.
French Fries,$2.99,370 Cal,"3949 government boulevard, mobile, al, 36693, us",3949 Government Blvd.
Onion Rings,$2.99,360 Cal,"3949 government boulevard, mobile, al, 36693, us",3949 Government Blvd.
Fiery Chicken Fries,$3.99,260 Cal,"3949 government boulevard, mobile, al, 36693, us",3949 Government Blvd.
Fiery Mozzarella Fries,$4.09,450 Cal,"3949 government boulevard, mobile, al, 36693, us",3949 Government Blvd.
Chicken Fries,$3.99,220 Cal,"3949 government boulevard, mobile, al, 36693, us",3949 Government Blvd.
Mozzarella Fries,$3.79,480 Cal,"3949 government boulevard, mobile, al, 36693, us",3949 Government Blvd.
Chicken Nuggets,$2.49,390 Cal,"3949 government boulevard, mobile, al, 36693, us",3949 Government Blvd.
Mott's® Applesauce,$1.69,50 Cal,"3949 government boulevard, mobile, al, 36693, us",3949 Government Blvd.
Fiery Bacon Whopper®,$8.19,800 Cal,"4004 rainbow boulevard, kansas city, ks, 66103, us",4004 Rainbow Boulevard
Whopper,$6.69,670 Cal,"4004 rainbow boulevard, kansas city, ks, 66103, us",4004 Rainbow Boulevard
Impossible™ Whopper,$7.69,630 Cal,"4004 rainbow boulevard, kansas city, ks, 66103, us",4004 Rainbow Boulevard
Texas Double Whopper,$10.59,"1,090 Cal","4004 rainbow boulevard, kansas city, ks, 66103, us",4004 Rainbow Boulevard
Double Whopper,$7.99,920 Cal,"4004 rainbow boulevard, kansas city, ks, 66103, us",4004 Rainbow Boulevard
Triple Whopper,$9.19,"1,170 Cal","4004 rainbow boulevard, kansas city, ks, 66103, us",4004 Rainbow Boulevard
Bacon King,$8.49,"1,200 Cal","4004 rainbow boulevard, kansas city, ks, 66103, us",4004 Rainbow Boulevard
BBQ Bacon Whopper Jr.,$4.99,390 Cal,"4004 rainbow boulevard, kansas city, ks, 66103, us",4004 Rainbow Boulevard
Double Whopper Jr.,$5.19,447 Cal,"4004 rainbow boulevard, kansas city, ks, 66103, us",4004 Rainbow Boulevard
Whopper Jr.,$3.99,330 Cal,"4004 rainbow boulevard, kansas city, ks, 66103, us",4004 Rainbow Boulevard
Bacon Double Cheeseburger,$5.29,440 Cal,"4004 rainbow boulevard, kansas city, ks, 66103, us",4004 Rainbow Boulevard
Bacon Cheeseburger,$2.99,340 Cal,"4004 rainbow boulevard, kansas city, ks, 66103, us",4004 Rainbow Boulevard
Double Cheeseburger,$3.39,400 Cal,"4004 rainbow boulevard, kansas city, ks, 66103, us",4004 Rainbow Boulevard
Cheeseburger,$2.59,290 Cal,"4004 rainbow boulevard, kansas city, ks, 66103, us",4004 Rainbow Boulevard
Rodeo Burger,$2.59,340 Cal,"4004 rainbow boulevard, kansas city, ks, 66103, us",4004 Rainbow Boulevard
Hamburger,$2.49,250 Cal,"4004 rainbow boulevard, kansas city, ks, 66103, us",4004 Rainbow Boulevard
Have-sies™,$3.29,380 Cal,"4004 rainbow boulevard, kansas city, ks, 66103, us",4004 Rainbow Boulevard
French Fries,$3.29,370 Cal,"4004 rainbow boulevard, kansas city, ks, 66103, us",4004 Rainbow Boulevard
Onion Rings,$3.29,360 Cal,"4004 rainbow boulevard, kansas city, ks, 66103, us",4004 Rainbow Boulevard
Fiery Chicken Fries,$4.59,260 Cal,"4004 rainbow boulevard, kansas city, ks, 66103, us",4004 Rainbow Boulevard
Fiery Mozzarella Fries,$4.69,450 Cal,"4004 rainbow boulevard, kansas city, ks, 66103, us",4004 Rainbow Boulevard
Chicken Fries,$4.49,220 Cal,"4004 rainbow boulevard, kansas city, ks, 66103, us",4004 Rainbow Boulevard
Mozzarella Fries,$4.39,480 Cal,"4004 rainbow boulevard, kansas city, ks, 66103, us",4004 Rainbow Boulevard
Chicken Nuggets,$2.99,390 Cal,"4004 rainbow boulevard, kansas city, ks, 66103, us",4004 Rainbow Boulevard
Mott's® Applesauce,$2.49,50 Cal,"4004 rainbow boulevard, kansas city, ks, 66103, us",4004 Rainbow Boulevard
Crispy Tacos,$1.90,170 Cal,"4004 rainbow boulevard, kansas city, ks, 66103, us",4004 Rainbow Boulevard
Fiery Bacon Whopper®,$7.39,800 Cal,"4029, riverdale, ut, 84405, us",4027 Riverdale Road
Whopper,$5.79,670 Cal,"4029, riverdale, ut, 84405, us",4027 Riverdale Road
Impossible™ Whopper,$6.79,630 Cal,"4029, riverdale, ut, 84405, us",4027 Riverdale Road
Texas Double Whopper,$9.19,"1,090 Cal","4029, riverdale, ut, 84405, us",4027 Riverdale Road
Double Whopper,$7.59,920 Cal,"4029, riverdale, ut, 84405, us",4027 Riverdale Road
Triple Whopper,$9.39,"1,170 Cal","4029, riverdale, ut, 84405, us",4027 Riverdale Road
Bacon King,$8.29,"1,200 Cal","4029, riverdale, ut, 84405, us",4027 Riverdale Road
BBQ Bacon Whopper Jr.,$3.79,390 Cal,"4029, riverdale, ut, 84405, us",4027 Riverdale Road
Double Whopper Jr.,$4.09,447 Cal,"4029, riverdale, ut, 84405, us",4027 Riverdale Road
Whopper Jr.,$3.29,330 Cal,"4029, riverdale, ut, 84405, us",4027 Riverdale Road
Bacon Double Cheeseburger,$4.19,440 Cal,"4029, riverdale, ut, 84405, us",4027 Riverdale Road
Bacon Cheeseburger,$3.29,340 Cal,"4029, riverdale, ut, 84405, us",4027 Riverdale Road
Double Cheeseburger,$3.29,400 Cal,"4029, riverdale, ut, 84405, us",4027 Riverdale Road
Cheeseburger,$2.29,290 Cal,"4029, riverdale, ut, 84405, us",4027 Riverdale Road
Rodeo Burger,$2.19,340 Cal,"4029, riverdale, ut, 84405, us",4027 Riverdale Road
Hamburger,$2.09,250 Cal,"4029, riverdale, ut, 84405, us",4027 Riverdale Road
Have-sies™,$3.29,380 Cal,"4029, riverdale, ut, 84405, us",4027 Riverdale Road
French Fries,$3.29,370 Cal,"4029, riverdale, ut, 84405, us",4027 Riverdale Road
Onion Rings,$3.29,360 Cal,"4029, riverdale, ut, 84405, us",4027 Riverdale Road
Fiery Chicken Fries,$3.99,260 Cal,"4029, riverdale, ut, 84405, us",4027 Riverdale Road
Fiery Mozzarella Fries,$4.29,450 Cal,"4029, riverdale, ut, 84405, us",4027 Riverdale Road
Chicken Fries,$3.99,220 Cal,"4029, riverdale, ut, 84405, us",4027 Riverdale Road
Mozzarella Fries,$3.99,480 Cal,"4029, riverdale, ut, 84405, us",4027 Riverdale Road
Chicken Nuggets,$2.49,390 Cal,"4029, riverdale, ut, 84405, us",4027 Riverdale Road
Mott's® Applesauce,$1.49,50 Cal,"4029, riverdale, ut, 84405, us",4027 Riverdale Road
Fiery Bacon Whopper®,$7.59,800 Cal,"409 west ridge pike, conshohocken, pa, 19428, us",409 West Ridge Pike
Whopper,$5.79,670 Cal,"409 west ridge pike, conshohocken, pa, 19428, us",409 West Ridge Pike
Impossible™ Whopper,$6.59,630 Cal,"409 west ridge pike, conshohocken, pa, 19428, us",409 West Ridge Pike
Double Whopper,$7.29,920 Cal,"409 west ridge pike, conshohocken, pa, 19428, us",409 West Ridge Pike
Triple Whopper,$8.79,"1,170 Cal","409 west ridge pike, conshohocken, pa, 19428, us",409 West Ridge Pike
Bacon King,$8.49,"1,200 Cal","409 west ridge pike, conshohocken, pa, 19428, us",409 West Ridge Pike
BBQ Bacon Whopper Jr.,$3.69,390 Cal,"409 west ridge pike, conshohocken, pa, 19428, us",409 West Ridge Pike
Double Whopper Jr.,$3.99,447 Cal,"409 west ridge pike, conshohocken, pa, 19428, us",409 West Ridge Pike
Whopper Jr.,$2.99,330 Cal,"409 west ridge pike, conshohocken, pa, 19428, us",409 West Ridge Pike
Bacon Double Cheeseburger,$3.99,440 Cal,"409 west ridge pike, conshohocken, pa, 19428, us",409 West Ridge Pike
Bacon Cheeseburger,$2.89,340 Cal,"409 west ridge pike, conshohocken, pa, 19428, us",409 West Ridge Pike
Double Cheeseburger,$3.19,400 Cal,"409 west ridge pike, conshohocken, pa, 19428, us",409 West Ridge Pike
Cheeseburger,$2.49,290 Cal,"409 west ridge pike, conshohocken, pa, 19428, us",409 West Ridge Pike
Rodeo Burger,$2.19,340 Cal,"409 west ridge pike, conshohocken, pa, 19428, us",409 West Ridge Pike
Hamburger,$2.09,250 Cal,"409 west ridge pike, conshohocken, pa, 19428, us",409 West Ridge Pike
Have-sies™,$2.99,380 Cal,"409 west ridge pike, conshohocken, pa, 19428, us",409 West Ridge Pike
French Fries,$2.99,370 Cal,"409 west ridge pike, conshohocken, pa, 19428, us",409 West Ridge Pike
Onion Rings,$2.99,360 Cal,"409 west ridge pike, conshohocken, pa, 19428, us",409 West Ridge Pike
Fiery Chicken Fries,$3.79,260 Cal,"409 west ridge pike, conshohocken, pa, 19428, us",409 West Ridge Pike
Fiery Mozzarella Fries,$4.29,450 Cal,"409 west ridge pike, conshohocken, pa, 19428, us",409 West Ridge Pike
Chicken Fries,$3.79,220 Cal,"409 west ridge pike, conshohocken, pa, 19428, us",409 West Ridge Pike
Mozzarella Fries,$3.99,480 Cal,"409 west ridge pike, conshohocken, pa, 19428, us",409 West Ridge Pike
Chicken Nuggets,$2.49,390 Cal,"409 west ridge pike, conshohocken, pa, 19428, us",409 West Ridge Pike
Mott's® Applesauce,$1.29,50 Cal,"409 west ridge pike, conshohocken, pa, 19428, us",409 West Ridge Pike
Whopper,$5.69,670 Cal,"410 east morris street, indianapolis, in, 46225, us",410 East Morris Street
Impossible™ Whopper,$6.89,630 Cal,"410 east morris street, indianapolis, in, 46225, us",410 East Morris Street
Double Whopper,$7.09,920 Cal,"410 east morris street, indianapolis, in, 46225, us",410 East Morris Street
Triple Whopper,$8.49,"1,170 Cal","410 east morris street, indianapolis, in, 46225, us",410 East Morris Street
Bacon King,$8.09,"1,200 Cal","410 east morris street, indianapolis, in, 46225, us",410 East Morris Street
BBQ Bacon Whopper Jr.,$4.39,390 Cal,"410 east morris street, indianapolis, in, 46225, us",410 East Morris Street
Double Whopper Jr.,$4.59,447 Cal,"410 east morris street, indianapolis, in, 46225, us",410 East Morris Street
Whopper Jr.,$3.59,330 Cal,"410 east morris street, indianapolis, in, 46225, us",410 East Morris Street
Bacon Double Cheeseburger,$4.09,440 Cal,"410 east morris street, indianapolis, in, 46225, us",410 East Morris Street
Bacon Cheeseburger,$2.69,340 Cal,"410 east morris street, indianapolis, in, 46225, us",410 East Morris Street
Double Cheeseburger,$3.29,400 Cal,"410 east morris street, indianapolis, in, 46225, us",410 East Morris Street
Cheeseburger,$2.19,290 Cal,"410 east morris street, indianapolis, in, 46225, us",410 East Morris Street
Rodeo Burger,$1.99,340 Cal,"410 east morris street, indianapolis, in, 46225, us",410 East Morris Street
Hamburger,$1.99,250 Cal,"410 east morris street, indianapolis, in, 46225, us",410 East Morris Street
Have-sies™,$3.29,380 Cal,"410 east morris street, indianapolis, in, 46225, us",410 East Morris Street
French Fries,$3.19,370 Cal,"410 east morris street, indianapolis, in, 46225, us",410 East Morris Street
Onion Rings,$3.29,360 Cal,"410 east morris street, indianapolis, in, 46225, us",410 East Morris Street
Chicken Fries,$3.69,220 Cal,"410 east morris street, indianapolis, in, 46225, us",410 East Morris Street
Mozzarella Fries,$3.89,480 Cal,"410 east morris street, indianapolis, in, 46225, us",410 East Morris Street
Chicken Nuggets,$2.49,390 Cal,"410 east morris street, indianapolis, in, 46225, us",410 East Morris Street
Mott's® Applesauce,$2.19,50 Cal,"410 east morris street, indianapolis, in, 46225, us",410 East Morris Street
BBQ Dipping Sauce,$0.25,50 Cal,"415 east highway 80, pooler, ga, 31322, us",415 East Highway 80
Buffalo Dipping Sauce,$0.25,82 Cal,"415 east highway 80, pooler, ga, 31322, us",415 East Highway 80
Honey Mustard Dipping Sauce,$0.25,89 Cal,"415 east highway 80, pooler, ga, 31322, us",415 East Highway 80
Hidden Valley Ranch Dipping Sauce,$0.25,135 Cal,"415 east highway 80, pooler, ga, 31322, us",415 East Highway 80
Sweet & Sour Dipping Sauce,$0.25,46 Cal,"415 east highway 80, pooler, ga, 31322, us",415 East Highway 80
Zesty Dipping Sauce,$0.25,152 Cal,"415 east highway 80, pooler, ga, 31322, us",415 East Highway 80
Have-sies™,$2.99,380 Cal,"415 east highway 80, pooler, ga, 31322, us",415 East Highway 80
French Fries,$2.99,370 Cal,"415 east highway 80, pooler, ga, 31322, us",415 East Highway 80
Onion Rings,$2.99,360 Cal,"415 east highway 80, pooler, ga, 31322, us",415 East Highway 80
Fiery Chicken Fries,$3.99,260 Cal,"415 east highway 80, pooler, ga, 31322, us",415 East Highway 80
Fiery Mozzarella Fries,$4.29,450 Cal,"415 east highway 80, pooler, ga, 31322, us",415 East Highway 80
Chicken Fries,$3.99,220 Cal,"415 east highway 80, pooler, ga, 31322, us",415 East Highway 80
Mozzarella Fries,$3.79,480 Cal,"415 east highway 80, pooler, ga, 31322, us",415 East Highway 80
Chicken Nuggets,$2.49,390 Cal,"415 east highway 80, pooler, ga, 31322, us",415 East Highway 80
Mott's® Applesauce,$1.49,50 Cal,"415 east highway 80, pooler, ga, 31322, us",415 East Highway 80
Fiery Bacon Whopper®,$6.99,800 Cal,"4200 saron road, lexington, ky, 40515, us",4200 Saron Road
Whopper,$5.39,670 Cal,"4200 saron road, lexington, ky, 40515, us",4200 Saron Road
Impossible™ Whopper,$6.09,630 Cal,"4200 saron road, lexington, ky, 40515, us",4200 Saron Road
Double Whopper,$6.99,920 Cal,"4200 saron road, lexington, ky, 40515, us",4200 Saron Road
Triple Whopper,$8.99,"1,170 Cal","4200 saron road, lexington, ky, 40515, us",4200 Saron Road
Bacon King,$8.29,"1,200 Cal","4200 saron road, lexington, ky, 40515, us",4200 Saron Road
BBQ Bacon Whopper Jr.,$3.39,390 Cal,"4200 saron road, lexington, ky, 40515, us",4200 Saron Road
Double Whopper Jr.,$3.79,447 Cal,"4200 saron road, lexington, ky, 40515, us",4200 Saron Road
Whopper Jr.,$2.79,330 Cal,"4200 saron road, lexington, ky, 40515, us",4200 Saron Road
Bacon Double Cheeseburger,$3.99,440 Cal,"4200 saron road, lexington, ky, 40515, us",4200 Saron Road
Bacon Cheeseburger,$2.79,340 Cal,"4200 saron road, lexington, ky, 40515, us",4200 Saron Road
Double Cheeseburger,$3.19,400 Cal,"4200 saron road, lexington, ky, 40515, us",4200 Saron Road
Cheeseburger,$2.19,290 Cal,"4200 saron road, lexington, ky, 40515, us",4200 Saron Road
Rodeo Burger,$1.99,340 Cal,"4200 saron road, lexington, ky, 40515, us",4200 Saron Road
Hamburger,$1.89,250 Cal,"4200 saron road, lexington, ky, 40515, us",4200 Saron Road
Have-sies™,$2.99,380 Cal,"4200 saron road, lexington, ky, 40515, us",4200 Saron Road
French Fries,$2.99,370 Cal,"4200 saron road, lexington, ky, 40515, us",4200 Saron Road
Onion Rings,$2.99,360 Cal,"4200 saron road, lexington, ky, 40515, us",4200 Saron Road
Fiery Chicken Fries,$3.79,260 Cal,"4200 saron road, lexington, ky, 40515, us",4200 Saron Road
Fiery Mozzarella Fries,$4.09,450 Cal,"4200 saron road, lexington, ky, 40515, us",4200 Saron Road
Chicken Fries,$3.79,220 Cal,"4200 saron road, lexington, ky, 40515, us",4200 Saron Road
Mozzarella Fries,$3.79,480 Cal,"4200 saron road, lexington, ky, 40515, us",4200 Saron Road
Chicken Nuggets,$2.49,390 Cal,"4200 saron road, lexington, ky, 40515, us",4200 Saron Road
Mott's® Applesauce,$1.49,50 Cal,"4200 saron road, lexington, ky, 40515, us",4200 Saron Road
Fiery Bacon Whopper®,$6.99,800 Cal,"4241 augusta rd, garden city, ga, 31408, us",4241 AUGUSTA RD
Whopper,$5.99,670 Cal,"4241 augusta rd, garden city, ga, 31408, us",4241 AUGUSTA RD
Impossible™ Whopper,$6.99,630 Cal,"4241 augusta rd, garden city, ga, 31408, us",4241 AUGUSTA RD
Texas Double Whopper,$7.99,"1,090 Cal","4241 augusta rd, garden city, ga, 31408, us",4241 AUGUSTA RD
Double Whopper,$7.19,920 Cal,"4241 augusta rd, garden city, ga, 31408, us",4241 AUGUSTA RD
Triple Whopper,$8.39,"1,170 Cal","4241 augusta rd, garden city, ga, 31408, us",4241 AUGUSTA RD
Bacon King,$7.69,"1,200 Cal","4241 augusta rd, garden city, ga, 31408, us",4241 AUGUSTA RD
BBQ Bacon Whopper Jr.,$3.49,390 Cal,"4241 augusta rd, garden city, ga, 31408, us",4241 AUGUSTA RD
Double Whopper Jr.,$3.69,447 Cal,"4241 augusta rd, garden city, ga, 31408, us",4241 AUGUSTA RD
Whopper Jr.,$2.99,330 Cal,"4241 augusta rd, garden city, ga, 31408, us",4241 AUGUSTA RD
Bacon Double Cheeseburger,$3.69,440 Cal,"4241 augusta rd, garden city, ga, 31408, us",4241 AUGUSTA RD
Bacon Cheeseburger,$2.79,340 Cal,"4241 augusta rd, garden city, ga, 31408, us",4241 AUGUSTA RD
Double Cheeseburger,$2.99,400 Cal,"4241 augusta rd, garden city, ga, 31408, us",4241 AUGUSTA RD
Cheeseburger,$2.39,290 Cal,"4241 augusta rd, garden city, ga, 31408, us",4241 AUGUSTA RD
Rodeo Burger,$2.39,340 Cal,"4241 augusta rd, garden city, ga, 31408, us",4241 AUGUSTA RD
Hamburger,$1.99,250 Cal,"4241 augusta rd, garden city, ga, 31408, us",4241 AUGUSTA RD
Have-sies™,$2.99,380 Cal,"4241 augusta rd, garden city, ga, 31408, us",4241 AUGUSTA RD
French Fries,$2.99,370 Cal,"4241 augusta rd, garden city, ga, 31408, us",4241 AUGUSTA RD
Onion Rings,$2.99,360 Cal,"4241 augusta rd, garden city, ga, 31408, us",4241 AUGUSTA RD
Fiery Chicken Fries,$3.99,260 Cal,"4241 augusta rd, garden city, ga, 31408, us",4241 AUGUSTA RD
Fiery Mozzarella Fries,$4.29,450 Cal,"4241 augusta rd, garden city, ga, 31408, us",4241 AUGUSTA RD
Chicken Fries,$3.99,220 Cal,"4241 augusta rd, garden city, ga, 31408, us",4241 AUGUSTA RD
Mozzarella Fries,$3.79,480 Cal,"4241 augusta rd, garden city, ga, 31408, us",4241 AUGUSTA RD
Chicken Nuggets,$2.49,390 Cal,"4241 augusta rd, garden city, ga, 31408, us",4241 AUGUSTA RD
Mott's® Applesauce,$1.49,50 Cal,"4241 augusta rd, garden city, ga, 31408, us",4241 AUGUSTA RD
Fiery Bacon Whopper®,$7.88,800 Cal,"425 south, el paso, tx, 79901, us",425 South El Paso Street
Whopper,$5.49,670 Cal,"425 south, el paso, tx, 79901, us",425 South El Paso Street
Impossible™ Whopper,$6.49,630 Cal,"425 south, el paso, tx, 79901, us",425 South El Paso Street
Texas Double Whopper,$8.69,"1,090 Cal","425 south, el paso, tx, 79901, us",425 South El Paso Street
Double Whopper,$7.79,920 Cal,"425 south, el paso, tx, 79901, us",425 South El Paso Street
Triple Whopper,$9.29,"1,170 Cal","425 south, el paso, tx, 79901, us",425 South El Paso Street
Bacon King,$9.19,"1,200 Cal","425 south, el paso, tx, 79901, us",425 South El Paso Street
BBQ Bacon Whopper Jr.,$4.18,390 Cal,"425 south, el paso, tx, 79901, us",425 South El Paso Street
Double Whopper Jr.,$4.79,447 Cal,"425 south, el paso, tx, 79901, us",425 South El Paso Street
Whopper Jr.,$3.29,330 Cal,"425 south, el paso, tx, 79901, us",425 South El Paso Street
Bacon Double Cheeseburger,$4.59,440 Cal,"425 south, el paso, tx, 79901, us",425 South El Paso Street
Bacon Cheeseburger,$3.29,340 Cal,"425 south, el paso, tx, 79901, us",425 South El Paso Street
Double Cheeseburger,$3.59,400 Cal,"425 south, el paso, tx, 79901, us",425 South El Paso Street
Cheeseburger,$2.49,290 Cal,"425 south, el paso, tx, 79901, us",425 South El Paso Street
Rodeo Burger,$2.59,340 Cal,"425 south, el paso, tx, 79901, us",425 South El Paso Street
Hamburger,$2.19,250 Cal,"425 south, el paso, tx, 79901, us",425 South El Paso Street
Have-sies™,$2.89,380 Cal,"425 south, el paso, tx, 79901, us",425 South El Paso Street
French Fries,$2.89,370 Cal,"425 south, el paso, tx, 79901, us",425 South El Paso Street
Onion Rings,$2.89,360 Cal,"425 south, el paso, tx, 79901, us",425 South El Paso Street
Fiery Chicken Fries,$3.99,260 Cal,"425 south, el paso, tx, 79901, us",425 South El Paso Street
Fiery Mozzarella Fries,$4.29,450 Cal,"425 south, el paso, tx, 79901, us",425 South El Paso Street
Chicken Fries,$3.99,220 Cal,"425 south, el paso, tx, 79901, us",425 South El Paso Street
Mozzarella Fries,$3.99,480 Cal,"425 south, el paso, tx, 79901, us",425 South El Paso Street
Chicken Nuggets,$2.49,390 Cal,"425 south, el paso, tx, 79901, us",425 South El Paso Street
Mott's® Applesauce,$1.49,50 Cal,"425 south, el paso, tx, 79901, us",425 South El Paso Street
Fiery Bacon Whopper®,$6.99,800 Cal,"4410 sunrise rd, round rock, tx, 78665, us",4410 Sunrise Rd
Whopper,$6.04,670 Cal,"4410 sunrise rd, round rock, tx, 78665, us",4410 Sunrise Rd
Impossible™ Whopper,$7.70,630 Cal,"4410 sunrise rd, round rock, tx, 78665, us",4410 Sunrise Rd
Texas Double Whopper,$8.25,"1,090 Cal","4410 sunrise rd, round rock, tx, 78665, us",4410 Sunrise Rd
Double Whopper,$7.17,920 Cal,"4410 sunrise rd, round rock, tx, 78665, us",4410 Sunrise Rd
Triple Whopper,$7.84,"1,170 Cal","4410 sunrise rd, round rock, tx, 78665, us",4410 Sunrise Rd
Bacon King,$8.53,"1,200 Cal","4410 sunrise rd, round rock, tx, 78665, us",4410 Sunrise Rd
BBQ Bacon Whopper Jr.,$3.49,390 Cal,"4410 sunrise rd, round rock, tx, 78665, us",4410 Sunrise Rd
Double Whopper Jr.,$4.29,447 Cal,"4410 sunrise rd, round rock, tx, 78665, us",4410 Sunrise Rd
Whopper Jr.,$3.59,330 Cal,"4410 sunrise rd, round rock, tx, 78665, us",4410 Sunrise Rd
Bacon Double Cheeseburger,$4.11,440 Cal,"4410 sunrise rd, round rock, tx, 78665, us",4410 Sunrise Rd
Bacon Cheeseburger,$2.73,340 Cal,"4410 sunrise rd, round rock, tx, 78665, us",4410 Sunrise Rd
Double Cheeseburger,$2.73,400 Cal,"4410 sunrise rd, round rock, tx, 78665, us",4410 Sunrise Rd
Cheeseburger,$1.63,290 Cal,"4410 sunrise rd, round rock, tx, 78665, us",4410 Sunrise Rd
Rodeo Burger,$1.54,340 Cal,"4410 sunrise rd, round rock, tx, 78665, us",4410 Sunrise Rd
Hamburger,$1.35,250 Cal,"4410 sunrise rd, round rock, tx, 78665, us",4410 Sunrise Rd
Have-sies™,$2.99,380 Cal,"4410 sunrise rd, round rock, tx, 78665, us",4410 Sunrise Rd
French Fries,$2.88,370 Cal,"4410 sunrise rd, round rock, tx, 78665, us",4410 Sunrise Rd
Onion Rings,$2.88,360 Cal,"4410 sunrise rd, round rock, tx, 78665, us",4410 Sunrise Rd
Fiery Chicken Fries,$3.99,260 Cal,"4410 sunrise rd, round rock, tx, 78665, us",4410 Sunrise Rd
Fiery Mozzarella Fries,$4.29,450 Cal,"4410 sunrise rd, round rock, tx, 78665, us",4410 Sunrise Rd
Chicken Fries,$3.99,220 Cal,"4410 sunrise rd, round rock, tx, 78665, us",4410 Sunrise Rd
Mozzarella Fries,$3.79,480 Cal,"4410 sunrise rd, round rock, tx, 78665, us",4410 Sunrise Rd
Chicken Nuggets,$2.49,390 Cal,"4410 sunrise rd, round rock, tx, 78665, us",4410 Sunrise Rd
Mott's® Applesauce,$2.35,50 Cal,"4410 sunrise rd, round rock, tx, 78665, us",4410 Sunrise Rd
Fiery Bacon Whopper®,$6.99,800 Cal,"451 w. new circle road, lexington, ky, 40511, us",451 W. New Circle Road
Whopper,$5.39,670 Cal,"451 w. new circle road, lexington, ky, 40511, us",451 W. New Circle Road
Impossible™ Whopper,$6.09,630 Cal,"451 w. new circle road, lexington, ky, 40511, us",451 W. New Circle Road
Double Whopper,$6.99,920 Cal,"451 w. new circle road, lexington, ky, 40511, us",451 W. New Circle Road
Triple Whopper,$8.99,"1,170 Cal","451 w. new circle road, lexington, ky, 40511, us",451 W. New Circle Road
Bacon King,$8.29,"1,200 Cal","451 w. new circle road, lexington, ky, 40511, us",451 W. New Circle Road
BBQ Bacon Whopper Jr.,$3.39,390 Cal,"451 w. new circle road, lexington, ky, 40511, us",451 W. New Circle Road
Double Whopper Jr.,$3.79,447 Cal,"451 w. new circle road, lexington, ky, 40511, us",451 W. New Circle Road
Whopper Jr.,$2.79,330 Cal,"451 w. new circle road, lexington, ky, 40511, us",451 W. New Circle Road
Bacon Double Cheeseburger,$3.99,440 Cal,"451 w. new circle road, lexington, ky, 40511, us",451 W. New Circle Road
Bacon Cheeseburger,$2.79,340 Cal,"451 w. new circle road, lexington, ky, 40511, us",451 W. New Circle Road
Double Cheeseburger,$3.19,400 Cal,"451 w. new circle road, lexington, ky, 40511, us",451 W. New Circle Road
Cheeseburger,$2.19,290 Cal,"451 w. new circle road, lexington, ky, 40511, us",451 W. New Circle Road
Rodeo Burger,$1.99,340 Cal,"451 w. new circle road, lexington, ky, 40511, us",451 W. New Circle Road
Hamburger,$1.89,250 Cal,"451 w. new circle road, lexington, ky, 40511, us",451 W. New Circle Road
Have-sies™,$2.99,380 Cal,"451 w. new circle road, lexington, ky, 40511, us",451 W. New Circle Road
French Fries,$2.99,370 Cal,"451 w. new circle road, lexington, ky, 40511, us",451 W. New Circle Road
Onion Rings,$2.99,360 Cal,"451 w. new circle road, lexington, ky, 40511, us",451 W. New Circle Road
Fiery Chicken Fries,$3.79,260 Cal,"451 w. new circle road, lexington, ky, 40511, us",451 W. New Circle Road
Fiery Mozzarella Fries,$4.09,450 Cal,"451 w. new circle road, lexington, ky, 40511, us",451 W. New Circle Road
Chicken Fries,$3.79,220 Cal,"451 w. new circle road, lexington, ky, 40511, us",451 W. New Circle Road
Mozzarella Fries,$3.79,480 Cal,"451 w. new circle road, lexington, ky, 40511, us",451 W. New Circle Road
Chicken Nuggets,$2.49,390 Cal,"451 w. new circle road, lexington, ky, 40511, us",451 W. New Circle Road
Mott's® Applesauce,$1.49,50 Cal,"451 w. new circle road, lexington, ky, 40511, us",451 W. New Circle Road
Fiery Bacon Whopper®,$7.09,800 Cal,"4520 west commerce, san antonio, tx, 78237, us",4520 West Commerce
Whopper,$5.99,670 Cal,"4520 west commerce, san antonio, tx, 78237, us",4520 West Commerce
Impossible™ Whopper,$6.99,630 Cal,"4520 west commerce, san antonio, tx, 78237, us",4520 West Commerce
Texas Double Whopper,$8.99,"1,090 Cal","4520 west commerce, san antonio, tx, 78237, us",4520 West Commerce
Double Whopper,$6.99,920 Cal,"4520 west commerce, san antonio, tx, 78237, us",4520 West Commerce
Triple Whopper,$7.99,"1,170 Cal","4520 west commerce, san antonio, tx, 78237, us",4520 West Commerce
Bacon King,$8.99,"1,200 Cal","4520 west commerce, san antonio, tx, 78237, us",4520 West Commerce
BBQ Bacon Whopper Jr.,$4.19,390 Cal,"4520 west commerce, san antonio, tx, 78237, us",4520 West Commerce
Double Whopper Jr.,$3.79,447 Cal,"4520 west commerce, san antonio, tx, 78237, us",4520 West Commerce
Whopper Jr.,$2.89,330 Cal,"4520 west commerce, san antonio, tx, 78237, us",4520 West Commerce
Bacon Double Cheeseburger,$3.59,440 Cal,"4520 west commerce, san antonio, tx, 78237, us",4520 West Commerce
Bacon Cheeseburger,$2.69,340 Cal,"4520 west commerce, san antonio, tx, 78237, us",4520 West Commerce
Double Cheeseburger,$2.89,400 Cal,"4520 west commerce, san antonio, tx, 78237, us",4520 West Commerce
Cheeseburger,$2.19,290 Cal,"4520 west commerce, san antonio, tx, 78237, us",4520 West Commerce
Rodeo Burger,$2.09,340 Cal,"4520 west commerce, san antonio, tx, 78237, us",4520 West Commerce
Hamburger,$1.79,250 Cal,"4520 west commerce, san antonio, tx, 78237, us",4520 West Commerce
Have-sies™,$2.89,380 Cal,"4520 west commerce, san antonio, tx, 78237, us",4520 West Commerce
French Fries,$2.89,370 Cal,"4520 west commerce, san antonio, tx, 78237, us",4520 West Commerce
Onion Rings,$2.89,360 Cal,"4520 west commerce, san antonio, tx, 78237, us",4520 West Commerce
Fiery Chicken Fries,$4.19,260 Cal,"4520 west commerce, san antonio, tx, 78237, us",4520 West Commerce
Fiery Mozzarella Fries,$4.49,450 Cal,"4520 west commerce, san antonio, tx, 78237, us",4520 West Commerce
Chicken Fries,$4.19,220 Cal,"4520 west commerce, san antonio, tx, 78237, us",4520 West Commerce
Mozzarella Fries,$4.19,480 Cal,"4520 west commerce, san antonio, tx, 78237, us",4520 West Commerce
Chicken Nuggets,$2.49,390 Cal,"4520 west commerce, san antonio, tx, 78237, us",4520 West Commerce
Fiery Bacon Whopper®,$7.99,800 Cal,"4600 fleur dr, des moines, ia, 50321, us",4600 Fleur Dr
Whopper,$5.99,670 Cal,"4600 fleur dr, des moines, ia, 50321, us",4600 Fleur Dr
Impossible™ Whopper,$7.19,630 Cal,"4600 fleur dr, des moines, ia, 50321, us",4600 Fleur Dr
Texas Double Whopper,$9.09,"1,090 Cal","4600 fleur dr, des moines, ia, 50321, us",4600 Fleur Dr
Double Whopper,$7.49,920 Cal,"4600 fleur dr, des moines, ia, 50321, us",4600 Fleur Dr
Triple Whopper,$8.49,"1,170 Cal","4600 fleur dr, des moines, ia, 50321, us",4600 Fleur Dr
Bacon King,$8.49,"1,200 Cal","4600 fleur dr, des moines, ia, 50321, us",4600 Fleur Dr
BBQ Bacon Whopper Jr.,$3.59,390 Cal,"4600 fleur dr, des moines, ia, 50321, us",4600 Fleur Dr
Double Whopper Jr.,$3.99,447 Cal,"4600 fleur dr, des moines, ia, 50321, us",4600 Fleur Dr
Whopper Jr.,$2.99,330 Cal,"4600 fleur dr, des moines, ia, 50321, us",4600 Fleur Dr
Bacon Double Cheeseburger,$4.09,440 Cal,"4600 fleur dr, des moines, ia, 50321, us",4600 Fleur Dr
Bacon Cheeseburger,$3.19,340 Cal,"4600 fleur dr, des moines, ia, 50321, us",4600 Fleur Dr
Double Cheeseburger,$3.49,400 Cal,"4600 fleur dr, des moines, ia, 50321, us",4600 Fleur Dr
Cheeseburger,$2.59,290 Cal,"4600 fleur dr, des moines, ia, 50321, us",4600 Fleur Dr
Rodeo Burger,$2.29,340 Cal,"4600 fleur dr, des moines, ia, 50321, us",4600 Fleur Dr
Hamburger,$1.99,250 Cal,"4600 fleur dr, des moines, ia, 50321, us",4600 Fleur Dr
Have-sies™,$3.39,380 Cal,"4600 fleur dr, des moines, ia, 50321, us",4600 Fleur Dr
French Fries,$3.39,370 Cal,"4600 fleur dr, des moines, ia, 50321, us",4600 Fleur Dr
Onion Rings,$3.39,360 Cal,"4600 fleur dr, des moines, ia, 50321, us",4600 Fleur Dr
Fiery Chicken Fries,$3.99,260 Cal,"4600 fleur dr, des moines, ia, 50321, us",4600 Fleur Dr
Fiery Mozzarella Fries,$4.09,450 Cal,"4600 fleur dr, des moines, ia, 50321, us",4600 Fleur Dr
Chicken Fries,$3.99,220 Cal,"4600 fleur dr, des moines, ia, 50321, us",4600 Fleur Dr
Mozzarella Fries,$3.79,480 Cal,"4600 fleur dr, des moines, ia, 50321, us",4600 Fleur Dr
Chicken Nuggets,$2.99,390 Cal,"4600 fleur dr, des moines, ia, 50321, us",4600 Fleur Dr
Mott's® Applesauce,$1.49,50 Cal,"4600 fleur dr, des moines, ia, 50321, us",4600 Fleur Dr
Fiery Bacon Whopper®,$6.59,800 Cal,"4639 irvington, houston, tx, 77009, us",4639 Irvington
Whopper,$5.49,670 Cal,"4639 irvington, houston, tx, 77009, us",4639 Irvington
Impossible™ Whopper,$6.49,630 Cal,"4639 irvington, houston, tx, 77009, us",4639 Irvington
Texas Double Whopper,$8.59,"1,090 Cal","4639 irvington, houston, tx, 77009, us",4639 Irvington
Double Whopper,$6.59,920 Cal,"4639 irvington, houston, tx, 77009, us",4639 Irvington
Triple Whopper,$7.69,"1,170 Cal","4639 irvington, houston, tx, 77009, us",4639 Irvington
Bacon King,$8.59,"1,200 Cal","4639 irvington, houston, tx, 77009, us",4639 Irvington
BBQ Bacon Whopper Jr.,$4.09,390 Cal,"4639 irvington, houston, tx, 77009, us",4639 Irvington
Double Whopper Jr.,$3.49,447 Cal,"4639 irvington, houston, tx, 77009, us",4639 Irvington
Whopper Jr.,$2.59,330 Cal,"4639 irvington, houston, tx, 77009, us",4639 Irvington
Bacon Double Cheeseburger,$3.59,440 Cal,"4639 irvington, houston, tx, 77009, us",4639 Irvington
Bacon Cheeseburger,$2.49,340 Cal,"4639 irvington, houston, tx, 77009, us",4639 Irvington
Double Cheeseburger,$2.89,400 Cal,"4639 irvington, houston, tx, 77009, us",4639 Irvington
Cheeseburger,$1.89,290 Cal,"4639 irvington, houston, tx, 77009, us",4639 Irvington
Rodeo Burger,$1.89,340 Cal,"4639 irvington, houston, tx, 77009, us",4639 Irvington
Hamburger,$1.69,250 Cal,"4639 irvington, houston, tx, 77009, us",4639 Irvington
Have-sies™,$2.69,380 Cal,"4639 irvington, houston, tx, 77009, us",4639 Irvington
French Fries,$2.69,370 Cal,"4639 irvington, houston, tx, 77009, us",4639 Irvington
Onion Rings,$2.69,360 Cal,"4639 irvington, houston, tx, 77009, us",4639 Irvington
Fiery Chicken Fries,$3.99,260 Cal,"4639 irvington, houston, tx, 77009, us",4639 Irvington
Fiery Mozzarella Fries,$4.29,450 Cal,"4639 irvington, houston, tx, 77009, us",4639 Irvington
Chicken Fries,$3.99,220 Cal,"4639 irvington, houston, tx, 77009, us",4639 Irvington
Mozzarella Fries,$3.99,480 Cal,"4639 irvington, houston, tx, 77009, us",4639 Irvington
Chicken Nuggets,$2.49,390 Cal,"4639 irvington, houston, tx, 77009, us",4639 Irvington
Mott's® Applesauce,$1.59,50 Cal,"4639 irvington, houston, tx, 77009, us",4639 Irvington
Crispy Tacos,$1.39,170 Cal,"4639 irvington, houston, tx, 77009, us",4639 Irvington
Whopper,$6.59,670 Cal,"4701 edgmont ave, brookhaven, pa, 19015, us",4701 Edgmont Ave
Impossible™ Whopper,$7.89,630 Cal,"4701 edgmont ave, brookhaven, pa, 19015, us",4701 Edgmont Ave
Texas Double Whopper,$9.99,"1,090 Cal","4701 edgmont ave, brookhaven, pa, 19015, us",4701 Edgmont Ave
Double Whopper,$7.99,920 Cal,"4701 edgmont ave, brookhaven, pa, 19015, us",4701 Edgmont Ave
Triple Whopper,$9.79,"1,170 Cal","4701 edgmont ave, brookhaven, pa, 19015, us",4701 Edgmont Ave
Bacon King,$9.19,"1,200 Cal","4701 edgmont ave, brookhaven, pa, 19015, us",4701 Edgmont Ave
BBQ Bacon Whopper Jr.,$4.39,390 Cal,"4701 edgmont ave, brookhaven, pa, 19015, us",4701 Edgmont Ave
Double Whopper Jr.,$5.69,447 Cal,"4701 edgmont ave, brookhaven, pa, 19015, us",4701 Edgmont Ave
Whopper Jr.,$4.29,330 Cal,"4701 edgmont ave, brookhaven, pa, 19015, us",4701 Edgmont Ave
Bacon Double Cheeseburger,$4.29,440 Cal,"4701 edgmont ave, brookhaven, pa, 19015, us",4701 Edgmont Ave
Bacon Cheeseburger,$3.29,340 Cal,"4701 edgmont ave, brookhaven, pa, 19015, us",4701 Edgmont Ave
Double Cheeseburger,$3.59,400 Cal,"4701 edgmont ave, brookhaven, pa, 19015, us",4701 Edgmont Ave
Cheeseburger,$2.59,290 Cal,"4701 edgmont ave, brookhaven, pa, 19015, us",4701 Edgmont Ave
Rodeo Burger,$2.39,340 Cal,"4701 edgmont ave, brookhaven, pa, 19015, us",4701 Edgmont Ave
Hamburger,$1.99,250 Cal,"4701 edgmont ave, brookhaven, pa, 19015, us",4701 Edgmont Ave
Have-sies™,$3.29,380 Cal,"4701 edgmont ave, brookhaven, pa, 19015, us",4701 Edgmont Ave
French Fries,$3.29,370 Cal,"4701 edgmont ave, brookhaven, pa, 19015, us",4701 Edgmont Ave
Onion Rings,$3.29,360 Cal,"4701 edgmont ave, brookhaven, pa, 19015, us",4701 Edgmont Ave
Chicken Fries,$5.59,220 Cal,"4701 edgmont ave, brookhaven, pa, 19015, us",4701 Edgmont Ave
Mozzarella Fries,$4.39,480 Cal,"4701 edgmont ave, brookhaven, pa, 19015, us",4701 Edgmont Ave
Chicken Nuggets,$2.49,390 Cal,"4701 edgmont ave, brookhaven, pa, 19015, us",4701 Edgmont Ave
Mott's® Applesauce,$2.09,50 Cal,"4701 edgmont ave, brookhaven, pa, 19015, us",4701 Edgmont Ave
Fiery Bacon Whopper®,$6.99,800 Cal,"4709 dorchester road, n charleston, sc, 29405, us",4709 Dorchester Road
Whopper,$6.20,670 Cal,"4709 dorchester road, n charleston, sc, 29405, us",4709 Dorchester Road
Impossible™ Whopper,$7.20,630 Cal,"4709 dorchester road, n charleston, sc, 29405, us",4709 Dorchester Road
Double Whopper,$7.70,920 Cal,"4709 dorchester road, n charleston, sc, 29405, us",4709 Dorchester Road
Triple Whopper,$8.60,"1,170 Cal","4709 dorchester road, n charleston, sc, 29405, us",4709 Dorchester Road
Bacon King,$10.20,"1,200 Cal","4709 dorchester road, n charleston, sc, 29405, us",4709 Dorchester Road
BBQ Bacon Whopper Jr.,$4.39,390 Cal,"4709 dorchester road, n charleston, sc, 29405, us",4709 Dorchester Road
Double Whopper Jr.,$4.40,447 Cal,"4709 dorchester road, n charleston, sc, 29405, us",4709 Dorchester Road
Whopper Jr.,$3.80,330 Cal,"4709 dorchester road, n charleston, sc, 29405, us",4709 Dorchester Road
Bacon Double Cheeseburger,$3.99,440 Cal,"4709 dorchester road, n charleston, sc, 29405, us",4709 Dorchester Road
Bacon Cheeseburger,$2.99,340 Cal,"4709 dorchester road, n charleston, sc, 29405, us",4709 Dorchester Road
Double Cheeseburger,$2.99,400 Cal,"4709 dorchester road, n charleston, sc, 29405, us",4709 Dorchester Road
Cheeseburger,$1.99,290 Cal,"4709 dorchester road, n charleston, sc, 29405, us",4709 Dorchester Road
Rodeo Burger,$1.00,340 Cal,"4709 dorchester road, n charleston, sc, 29405, us",4709 Dorchester Road
Hamburger,$1.39,250 Cal,"4709 dorchester road, n charleston, sc, 29405, us",4709 Dorchester Road
Have-sies™,$2.99,380 Cal,"4709 dorchester road, n charleston, sc, 29405, us",4709 Dorchester Road
French Fries,$2.70,370 Cal,"4709 dorchester road, n charleston, sc, 29405, us",4709 Dorchester Road
Onion Rings,$2.70,360 Cal,"4709 dorchester road, n charleston, sc, 29405, us",4709 Dorchester Road
Fiery Chicken Fries,$3.99,260 Cal,"4709 dorchester road, n charleston, sc, 29405, us",4709 Dorchester Road
Fiery Mozzarella Fries,$4.29,450 Cal,"4709 dorchester road, n charleston, sc, 29405, us",4709 Dorchester Road
Chicken Fries,$3.99,220 Cal,"4709 dorchester road, n charleston, sc, 29405, us",4709 Dorchester Road
Mozzarella Fries,$3.79,480 Cal,"4709 dorchester road, n charleston, sc, 29405, us",4709 Dorchester Road
Chicken Nuggets,$2.49,390 Cal,"4709 dorchester road, n charleston, sc, 29405, us",4709 Dorchester Road
Mott's® Applesauce,$1.49,50 Cal,"4709 dorchester road, n charleston, sc, 29405, us",4709 Dorchester Road
Fiery Bacon Whopper®,$6.99,800 Cal,"490 loucks road, york, pa, 17404, us",490 Loucks Rd
Whopper,$5.89,670 Cal,"490 loucks road, york, pa, 17404, us",490 Loucks Rd
Impossible™ Whopper,$6.89,630 Cal,"490 loucks road, york, pa, 17404, us",490 Loucks Rd
Texas Double Whopper,$7.89,"1,090 Cal","490 loucks road, york, pa, 17404, us",490 Loucks Rd
Double Whopper,$7.39,920 Cal,"490 loucks road, york, pa, 17404, us",490 Loucks Rd
Triple Whopper,$9.09,"1,170 Cal","490 loucks road, york, pa, 17404, us",490 Loucks Rd
Bacon King,$7.99,"1,200 Cal","490 loucks road, york, pa, 17404, us",490 Loucks Rd
BBQ Bacon Whopper Jr.,$4.39,390 Cal,"490 loucks road, york, pa, 17404, us",490 Loucks Rd
Double Whopper Jr.,$5.39,447 Cal,"490 loucks road, york, pa, 17404, us",490 Loucks Rd
Whopper Jr.,$3.39,330 Cal,"490 loucks road, york, pa, 17404, us",490 Loucks Rd
Bacon Double Cheeseburger,$4.09,440 Cal,"490 loucks road, york, pa, 17404, us",490 Loucks Rd
Bacon Cheeseburger,$3.09,340 Cal,"490 loucks road, york, pa, 17404, us",490 Loucks Rd
Double Cheeseburger,$3.09,400 Cal,"490 loucks road, york, pa, 17404, us",490 Loucks Rd
Cheeseburger,$2.59,290 Cal,"490 loucks road, york, pa, 17404, us",490 Loucks Rd
Rodeo Burger,$2.59,340 Cal,"490 loucks road, york, pa, 17404, us",490 Loucks Rd
Hamburger,$2.09,250 Cal,"490 loucks road, york, pa, 17404, us",490 Loucks Rd
Have-sies™,$2.99,380 Cal,"490 loucks road, york, pa, 17404, us",490 Loucks Rd
French Fries,$2.99,370 Cal,"490 loucks road, york, pa, 17404, us",490 Loucks Rd
Onion Rings,$2.99,360 Cal,"490 loucks road, york, pa, 17404, us",490 Loucks Rd
Fiery Chicken Fries,$3.99,260 Cal,"490 loucks road, york, pa, 17404, us",490 Loucks Rd
Fiery Mozzarella Fries,$4.29,450 Cal,"490 loucks road, york, pa, 17404, us",490 Loucks Rd
Chicken Fries,$3.99,220 Cal,"490 loucks road, york, pa, 17404, us",490 Loucks Rd
Mozzarella Fries,$3.99,480 Cal,"490 loucks road, york, pa, 17404, us",490 Loucks Rd
Chicken Nuggets,$2.49,390 Cal,"490 loucks road, york, pa, 17404, us",490 Loucks Rd
Mott's® Applesauce,$1.69,50 Cal,"490 loucks road, york, pa, 17404, us",490 Loucks Rd
Whopper,$5.89,670 Cal,"493 old hickory blvd, brentwood, tn, 37027, us",14999 Old Hickory Boulevard
Impossible™ Whopper,$7.09,630 Cal,"493 old hickory blvd, brentwood, tn, 37027, us",14999 Old Hickory Boulevard
Double Whopper,$7.29,920 Cal,"493 old hickory blvd, brentwood, tn, 37027, us",14999 Old Hickory Boulevard
Triple Whopper,$8.69,"1,170 Cal","493 old hickory blvd, brentwood, tn, 37027, us",14999 Old Hickory Boulevard
Bacon King,$8.69,"1,200 Cal","493 old hickory blvd, brentwood, tn, 37027, us",14999 Old Hickory Boulevard
BBQ Bacon Whopper Jr.,$4.49,390 Cal,"493 old hickory blvd, brentwood, tn, 37027, us",14999 Old Hickory Boulevard
Double Whopper Jr.,$4.69,447 Cal,"493 old hickory blvd, brentwood, tn, 37027, us",14999 Old Hickory Boulevard
Whopper Jr.,$3.69,330 Cal,"493 old hickory blvd, brentwood, tn, 37027, us",14999 Old Hickory Boulevard
Bacon Double Cheeseburger,$4.09,440 Cal,"493 old hickory blvd, brentwood, tn, 37027, us",14999 Old Hickory Boulevard
Bacon Cheeseburger,$2.69,340 Cal,"493 old hickory blvd, brentwood, tn, 37027, us",14999 Old Hickory Boulevard
Double Cheeseburger,$3.29,400 Cal,"493 old hickory blvd, brentwood, tn, 37027, us",14999 Old Hickory Boulevard
Cheeseburger,$2.19,290 Cal,"493 old hickory blvd, brentwood, tn, 37027, us",14999 Old Hickory Boulevard
Rodeo Burger,$1.99,340 Cal,"493 old hickory blvd, brentwood, tn, 37027, us",14999 Old Hickory Boulevard
Hamburger,$1.99,250 Cal,"493 old hickory blvd, brentwood, tn, 37027, us",14999 Old Hickory Boulevard
Have-sies™,$3.49,380 Cal,"493 old hickory blvd, brentwood, tn, 37027, us",14999 Old Hickory Boulevard
French Fries,$3.39,370 Cal,"493 old hickory blvd, brentwood, tn, 37027, us",14999 Old Hickory Boulevard
Onion Rings,$3.49,360 Cal,"493 old hickory blvd, brentwood, tn, 37027, us",14999 Old Hickory Boulevard
Chicken Fries,$3.69,220 Cal,"493 old hickory blvd, brentwood, tn, 37027, us",14999 Old Hickory Boulevard
Mozzarella Fries,$3.89,480 Cal,"493 old hickory blvd, brentwood, tn, 37027, us",14999 Old Hickory Boulevard
Chicken Nuggets,$2.49,390 Cal,"493 old hickory blvd, brentwood, tn, 37027, us",14999 Old Hickory Boulevard
Mott's® Applesauce,$2.19,50 Cal,"493 old hickory blvd, brentwood, tn, 37027, us",14999 Old Hickory Boulevard
Whopper,$6.09,670 Cal,"501 macdade blvd, holmes, pa, 19036, us",501 Macdade Blvd
Impossible™ Whopper,$7.29,630 Cal,"501 macdade blvd, holmes, pa, 19036, us",501 Macdade Blvd
Double Whopper,$7.49,920 Cal,"501 macdade blvd, holmes, pa, 19036, us",501 Macdade Blvd
Triple Whopper,$8.89,"1,170 Cal","501 macdade blvd, holmes, pa, 19036, us",501 Macdade Blvd
Bacon King,$8.69,"1,200 Cal","501 macdade blvd, holmes, pa, 19036, us",501 Macdade Blvd
BBQ Bacon Whopper Jr.,$4.39,390 Cal,"501 macdade blvd, holmes, pa, 19036, us",501 Macdade Blvd
Double Whopper Jr.,$4.59,447 Cal,"501 macdade blvd, holmes, pa, 19036, us",501 Macdade Blvd
Whopper Jr.,$3.59,330 Cal,"501 macdade blvd, holmes, pa, 19036, us",501 Macdade Blvd
Bacon Double Cheeseburger,$4.09,440 Cal,"501 macdade blvd, holmes, pa, 19036, us",501 Macdade Blvd
Bacon Cheeseburger,$2.79,340 Cal,"501 macdade blvd, holmes, pa, 19036, us",501 Macdade Blvd
Double Cheeseburger,$3.29,400 Cal,"501 macdade blvd, holmes, pa, 19036, us",501 Macdade Blvd
Cheeseburger,$2.29,290 Cal,"501 macdade blvd, holmes, pa, 19036, us",501 Macdade Blvd
Rodeo Burger,$2.09,340 Cal,"501 macdade blvd, holmes, pa, 19036, us",501 Macdade Blvd
Hamburger,$2.09,250 Cal,"501 macdade blvd, holmes, pa, 19036, us",501 Macdade Blvd
Have-sies™,$3.69,380 Cal,"501 macdade blvd, holmes, pa, 19036, us",501 Macdade Blvd
French Fries,$3.59,370 Cal,"501 macdade blvd, holmes, pa, 19036, us",501 Macdade Blvd
Onion Rings,$3.69,360 Cal,"501 macdade blvd, holmes, pa, 19036, us",501 Macdade Blvd
Chicken Fries,$3.69,220 Cal,"501 macdade blvd, holmes, pa, 19036, us",501 Macdade Blvd
Mozzarella Fries,$3.89,480 Cal,"501 macdade blvd, holmes, pa, 19036, us",501 Macdade Blvd
Chicken Nuggets,$2.49,390 Cal,"501 macdade blvd, holmes, pa, 19036, us",501 Macdade Blvd
Mott's® Applesauce,$2.19,50 Cal,"501 macdade blvd, holmes, pa, 19036, us",501 Macdade Blvd
Fiery Bacon Whopper®,$6.99,800 Cal,"501 south king's highway, myrtle beach, sc, 29577, us",501 South King's Highway
Whopper,$6.70,670 Cal,"501 south king's highway, myrtle beach, sc, 29577, us",501 South King's Highway
Impossible™ Whopper,$7.70,630 Cal,"501 south king's highway, myrtle beach, sc, 29577, us",501 South King's Highway
Double Whopper,$8.20,920 Cal,"501 south king's highway, myrtle beach, sc, 29577, us",501 South King's Highway
Triple Whopper,$9.10,"1,170 Cal","501 south king's highway, myrtle beach, sc, 29577, us",501 South King's Highway
Bacon King,$10.70,"1,200 Cal","501 south king's highway, myrtle beach, sc, 29577, us",501 South King's Highway
BBQ Bacon Whopper Jr.,$4.89,390 Cal,"501 south king's highway, myrtle beach, sc, 29577, us",501 South King's Highway
Double Whopper Jr.,$4.90,447 Cal,"501 south king's highway, myrtle beach, sc, 29577, us",501 South King's Highway
Whopper Jr.,$4.30,330 Cal,"501 south king's highway, myrtle beach, sc, 29577, us",501 South King's Highway
Bacon Double Cheeseburger,$3.99,440 Cal,"501 south king's highway, myrtle beach, sc, 29577, us",501 South King's Highway
Bacon Cheeseburger,$2.99,340 Cal,"501 south king's highway, myrtle beach, sc, 29577, us",501 South King's Highway
Double Cheeseburger,$2.99,400 Cal,"501 south king's highway, myrtle beach, sc, 29577, us",501 South King's Highway
Cheeseburger,$1.99,290 Cal,"501 south king's highway, myrtle beach, sc, 29577, us",501 South King's Highway
Rodeo Burger,$1.00,340 Cal,"501 south king's highway, myrtle beach, sc, 29577, us",501 South King's Highway
Hamburger,$1.39,250 Cal,"501 south king's highway, myrtle beach, sc, 29577, us",501 South King's Highway
Have-sies™,$2.99,380 Cal,"501 south king's highway, myrtle beach, sc, 29577, us",501 South King's Highway
French Fries,$2.70,370 Cal,"501 south king's highway, myrtle beach, sc, 29577, us",501 South King's Highway
Onion Rings,$2.70,360 Cal,"501 south king's highway, myrtle beach, sc, 29577, us",501 South King's Highway
Fiery Chicken Fries,$3.99,260 Cal,"501 south king's highway, myrtle beach, sc, 29577, us",501 South King's Highway
Fiery Mozzarella Fries,$4.29,450 Cal,"501 south king's highway, myrtle beach, sc, 29577, us",501 South King's Highway
Chicken Fries,$3.99,220 Cal,"501 south king's highway, myrtle beach, sc, 29577, us",501 South King's Highway
Mozzarella Fries,$3.79,480 Cal,"501 south king's highway, myrtle beach, sc, 29577, us",501 South King's Highway
Chicken Nuggets,$2.49,390 Cal,"501 south king's highway, myrtle beach, sc, 29577, us",501 South King's Highway
Mott's® Applesauce,$1.49,50 Cal,"501 south king's highway, myrtle beach, sc, 29577, us",501 South King's Highway
Fiery Bacon Whopper®,$6.99,800 Cal,"5068 old national highway, college park, ga, 30349, us",5068 Old National Hway
Whopper,$5.89,670 Cal,"5068 old national highway, college park, ga, 30349, us",5068 Old National Hway
Impossible™ Whopper,$6.89,630 Cal,"5068 old national highway, college park, ga, 30349, us",5068 Old National Hway
Texas Double Whopper,$7.79,"1,090 Cal","5068 old national highway, college park, ga, 30349, us",5068 Old National Hway
Double Whopper,$6.99,920 Cal,"5068 old national highway, college park, ga, 30349, us",5068 Old National Hway
Triple Whopper,$8.19,"1,170 Cal","5068 old national highway, college park, ga, 30349, us",5068 Old National Hway
Bacon King,$7.69,"1,200 Cal","5068 old national highway, college park, ga, 30349, us",5068 Old National Hway
BBQ Bacon Whopper Jr.,$3.49,390 Cal,"5068 old national highway, college park, ga, 30349, us",5068 Old National Hway
Double Whopper Jr.,$3.59,447 Cal,"5068 old national highway, college park, ga, 30349, us",5068 Old National Hway
Whopper Jr.,$2.99,330 Cal,"5068 old national highway, college park, ga, 30349, us",5068 Old National Hway
Bacon Double Cheeseburger,$3.39,440 Cal,"5068 old national highway, college park, ga, 30349, us",5068 Old National Hway
Bacon Cheeseburger,$2.69,340 Cal,"5068 old national highway, college park, ga, 30349, us",5068 Old National Hway
Double Cheeseburger,$2.89,400 Cal,"5068 old national highway, college park, ga, 30349, us",5068 Old National Hway
Cheeseburger,$2.29,290 Cal,"5068 old national highway, college park, ga, 30349, us",5068 Old National Hway
Rodeo Burger,$2.29,340 Cal,"5068 old national highway, college park, ga, 30349, us",5068 Old National Hway
Hamburger,$1.89,250 Cal,"5068 old national highway, college park, ga, 30349, us",5068 Old National Hway
Have-sies™,$2.99,380 Cal,"5068 old national highway, college park, ga, 30349, us",5068 Old National Hway
French Fries,$2.89,370 Cal,"5068 old national highway, college park, ga, 30349, us",5068 Old National Hway
Onion Rings,$2.89,360 Cal,"5068 old national highway, college park, ga, 30349, us",5068 Old National Hway
Fiery Chicken Fries,$3.99,260 Cal,"5068 old national highway, college park, ga, 30349, us",5068 Old National Hway
Fiery Mozzarella Fries,$4.29,450 Cal,"5068 old national highway, college park, ga, 30349, us",5068 Old National Hway
Chicken Fries,$3.99,220 Cal,"5068 old national highway, college park, ga, 30349, us",5068 Old National Hway
Mozzarella Fries,$3.79,480 Cal,"5068 old national highway, college park, ga, 30349, us",5068 Old National Hway
Chicken Nuggets,$2.49,390 Cal,"5068 old national highway, college park, ga, 30349, us",5068 Old National Hway
Mott's® Applesauce,$1.59,50 Cal,"5068 old national highway, college park, ga, 30349, us",5068 Old National Hway
Fiery Bacon Whopper®,$6.69,800 Cal,"5301 johnston st, lafayette, la, 70503, us",5301 Johnston St
Whopper,$5.59,670 Cal,"5301 johnston st, lafayette, la, 70503, us",5301 Johnston St
Impossible™ Whopper,$6.69,630 Cal,"5301 johnston st, lafayette, la, 70503, us",5301 Johnston St
Texas Double Whopper,$7.69,"1,090 Cal","5301 johnston st, lafayette, la, 70503, us",5301 Johnston St
Double Whopper,$7.09,920 Cal,"5301 johnston st, lafayette, la, 70503, us",5301 Johnston St
Triple Whopper,$8.89,"1,170 Cal","5301 johnston st, lafayette, la, 70503, us",5301 Johnston St
Bacon King,$7.89,"1,200 Cal","5301 johnston st, lafayette, la, 70503, us",5301 Johnston St
Double Whopper Jr.,$4.29,447 Cal,"5301 johnston st, lafayette, la, 70503, us",5301 Johnston St
Whopper Jr.,$3.29,330 Cal,"5301 johnston st, lafayette, la, 70503, us",5301 Johnston St
Bacon Double Cheeseburger,$4.09,440 Cal,"5301 johnston st, lafayette, la, 70503, us",5301 Johnston St
Bacon Cheeseburger,$3.09,340 Cal,"5301 johnston st, lafayette, la, 70503, us",5301 Johnston St
Double Cheeseburger,$3.09,400 Cal,"5301 johnston st, lafayette, la, 70503, us",5301 Johnston St
Cheeseburger,$2.39,290 Cal,"5301 johnston st, lafayette, la, 70503, us",5301 Johnston St
Rodeo Burger,$2.39,340 Cal,"5301 johnston st, lafayette, la, 70503, us",5301 Johnston St
Hamburger,$2.09,250 Cal,"5301 johnston st, lafayette, la, 70503, us",5301 Johnston St
Have-sies™,$2.99,380 Cal,"5301 johnston st, lafayette, la, 70503, us",5301 Johnston St
French Fries,$2.99,370 Cal,"5301 johnston st, lafayette, la, 70503, us",5301 Johnston St
Onion Rings,$2.99,360 Cal,"5301 johnston st, lafayette, la, 70503, us",5301 Johnston St
Fiery Chicken Fries,$3.99,260 Cal,"5301 johnston st, lafayette, la, 70503, us",5301 Johnston St
Fiery Mozzarella Fries,$4.09,450 Cal,"5301 johnston st, lafayette, la, 70503, us",5301 Johnston St
Chicken Fries,$3.99,220 Cal,"5301 johnston st, lafayette, la, 70503, us",5301 Johnston St
Mozzarella Fries,$3.79,480 Cal,"5301 johnston st, lafayette, la, 70503, us",5301 Johnston St
Chicken Nuggets,$2.49,390 Cal,"5301 johnston st, lafayette, la, 70503, us",5301 Johnston St
Mott's® Applesauce,$1.69,50 Cal,"5301 johnston st, lafayette, la, 70503, us",5301 Johnston St
Fiery Bacon Whopper®,$8.59,800 Cal,"5401 e. university ave, pleasant hill, ia, 50327, us",1915 Arden Way
Whopper,$6.99,670 Cal,"5401 e. university ave, pleasant hill, ia, 50327, us",1915 Arden Way
Impossible™ Whopper,$7.99,630 Cal,"5401 e. university ave, pleasant hill, ia, 50327, us",1915 Arden Way
Texas Double Whopper,$9.39,"1,090 Cal","5401 e. university ave, pleasant hill, ia, 50327, us",1915 Arden Way
Double Whopper,$8.29,920 Cal,"5401 e. university ave, pleasant hill, ia, 50327, us",1915 Arden Way
Triple Whopper,$9.49,"1,170 Cal","5401 e. university ave, pleasant hill, ia, 50327, us",1915 Arden Way
Bacon King,$8.79,"1,200 Cal","5401 e. university ave, pleasant hill, ia, 50327, us",1915 Arden Way
BBQ Bacon Whopper Jr.,$3.89,390 Cal,"5401 e. university ave, pleasant hill, ia, 50327, us",1915 Arden Way
Double Whopper Jr.,$5.69,447 Cal,"5401 e. university ave, pleasant hill, ia, 50327, us",1915 Arden Way
Whopper Jr.,$4.19,330 Cal,"5401 e. university ave, pleasant hill, ia, 50327, us",1915 Arden Way
Bacon Double Cheeseburger,$4.49,440 Cal,"5401 e. university ave, pleasant hill, ia, 50327, us",1915 Arden Way
Bacon Cheeseburger,$3.49,340 Cal,"5401 e. university ave, pleasant hill, ia, 50327, us",1915 Arden Way
Double Cheeseburger,$3.69,400 Cal,"5401 e. university ave, pleasant hill, ia, 50327, us",1915 Arden Way
Cheeseburger,$2.79,290 Cal,"5401 e. university ave, pleasant hill, ia, 50327, us",1915 Arden Way
Rodeo Burger,$2.79,340 Cal,"5401 e. university ave, pleasant hill, ia, 50327, us",1915 Arden Way
Hamburger,$2.39,250 Cal,"5401 e. university ave, pleasant hill, ia, 50327, us",1915 Arden Way
Have-sies™,$3.49,380 Cal,"5401 e. university ave, pleasant hill, ia, 50327, us",1915 Arden Way
French Fries,$3.89,370 Cal,"5401 e. university ave, pleasant hill, ia, 50327, us",1915 Arden Way
Onion Rings,$3.89,360 Cal,"5401 e. university ave, pleasant hill, ia, 50327, us",1915 Arden Way
Fiery Chicken Fries,$4.29,260 Cal,"5401 e. university ave, pleasant hill, ia, 50327, us",1915 Arden Way
Fiery Mozzarella Fries,$4.29,450 Cal,"5401 e. university ave, pleasant hill, ia, 50327, us",1915 Arden Way
Chicken Fries,$4.19,220 Cal,"5401 e. university ave, pleasant hill, ia, 50327, us",1915 Arden Way
Mozzarella Fries,$3.99,480 Cal,"5401 e. university ave, pleasant hill, ia, 50327, us",1915 Arden Way
Chicken Nuggets,$2.99,390 Cal,"5401 e. university ave, pleasant hill, ia, 50327, us",1915 Arden Way
Mott's® Applesauce,$1.69,50 Cal,"5401 e. university ave, pleasant hill, ia, 50327, us",1915 Arden Way
Fiery Bacon Whopper®,$8.49,800 Cal,"568 west dekalb pike, king of prussia, pa, 19406, us",849 University Avenue
Whopper,$8.19,670 Cal,"568 west dekalb pike, king of prussia, pa, 19406, us",849 University Avenue
Impossible™ Whopper,$9.49,630 Cal,"568 west dekalb pike, king of prussia, pa, 19406, us",849 University Avenue
Texas Double Whopper,$9.89,"1,090 Cal","568 west dekalb pike, king of prussia, pa, 19406, us",849 University Avenue
Double Whopper,$10.49,920 Cal,"568 west dekalb pike, king of prussia, pa, 19406, us",849 University Avenue
Triple Whopper,$11.19,"1,170 Cal","568 west dekalb pike, king of prussia, pa, 19406, us",849 University Avenue
Bacon King,$10.99,"1,200 Cal","568 west dekalb pike, king of prussia, pa, 19406, us",849 University Avenue
BBQ Bacon Whopper Jr.,$3.99,390 Cal,"568 west dekalb pike, king of prussia, pa, 19406, us",849 University Avenue
Double Whopper Jr.,$4.69,447 Cal,"568 west dekalb pike, king of prussia, pa, 19406, us",849 University Avenue
Whopper Jr.,$5.19,330 Cal,"568 west dekalb pike, king of prussia, pa, 19406, us",849 University Avenue
Bacon Double Cheeseburger,$4.89,440 Cal,"568 west dekalb pike, king of prussia, pa, 19406, us",849 University Avenue
Bacon Cheeseburger,$3.59,340 Cal,"568 west dekalb pike, king of prussia, pa, 19406, us",849 University Avenue
Double Cheeseburger,$3.99,400 Cal,"568 west dekalb pike, king of prussia, pa, 19406, us",849 University Avenue
Cheeseburger,$3.29,290 Cal,"568 west dekalb pike, king of prussia, pa, 19406, us",849 University Avenue
Rodeo Burger,$3.29,340 Cal,"568 west dekalb pike, king of prussia, pa, 19406, us",849 University Avenue
Hamburger,$2.99,250 Cal,"568 west dekalb pike, king of prussia, pa, 19406, us",849 University Avenue
Have-sies™,$3.89,380 Cal,"568 west dekalb pike, king of prussia, pa, 19406, us",849 University Avenue
French Fries,$4.09,370 Cal,"568 west dekalb pike, king of prussia, pa, 19406, us",849 University Avenue
Onion Rings,$4.09,360 Cal,"568 west dekalb pike, king of prussia, pa, 19406, us",849 University Avenue
Fiery Chicken Fries,$3.99,260 Cal,"568 west dekalb pike, king of prussia, pa, 19406, us",849 University Avenue
Fiery Mozzarella Fries,$4.79,450 Cal,"568 west dekalb pike, king of prussia, pa, 19406, us",849 University Avenue
Chicken Fries,$4.99,220 Cal,"568 west dekalb pike, king of prussia, pa, 19406, us",849 University Avenue
Mozzarella Fries,$3.79,480 Cal,"568 west dekalb pike, king of prussia, pa, 19406, us",849 University Avenue
Chicken Nuggets,$2.99,390 Cal,"568 west dekalb pike, king of prussia, pa, 19406, us",849 University Avenue
Mott's® Applesauce,$1.49,50 Cal,"568 west dekalb pike, king of prussia, pa, 19406, us",849 University Avenue
Crispy Tacos,$1.00,170 Cal,"568 west dekalb pike, king of prussia, pa, 19406, us",849 University Avenue
Fiery Bacon Whopper®,$7.39,800 Cal,"575 east 400 south street, salt lake city, ut, 84102, us",575 East 400 South Street
Whopper,$5.79,670 Cal,"575 east 400 south street, salt lake city, ut, 84102, us",575 East 400 South Street
Impossible™ Whopper,$6.79,630 Cal,"575 east 400 south street, salt lake city, ut, 84102, us",575 East 400 South Street
Texas Double Whopper,$9.19,"1,090 Cal","575 east 400 south street, salt lake city, ut, 84102, us",575 East 400 South Street
Double Whopper,$7.59,920 Cal,"575 east 400 south street, salt lake city, ut, 84102, us",575 East 400 South Street
Triple Whopper,$9.39,"1,170 Cal","575 east 400 south street, salt lake city, ut, 84102, us",575 East 400 South Street
Bacon King,$8.29,"1,200 Cal","575 east 400 south street, salt lake city, ut, 84102, us",575 East 400 South Street
BBQ Bacon Whopper Jr.,$3.79,390 Cal,"575 east 400 south street, salt lake city, ut, 84102, us",575 East 400 South Street
Double Whopper Jr.,$4.09,447 Cal,"575 east 400 south street, salt lake city, ut, 84102, us",575 East 400 South Street
Whopper Jr.,$3.29,330 Cal,"575 east 400 south street, salt lake city, ut, 84102, us",575 East 400 South Street
Bacon Double Cheeseburger,$4.19,440 Cal,"575 east 400 south street, salt lake city, ut, 84102, us",575 East 400 South Street
Bacon Cheeseburger,$3.29,340 Cal,"575 east 400 south street, salt lake city, ut, 84102, us",575 East 400 South Street
Double Cheeseburger,$3.29,400 Cal,"575 east 400 south street, salt lake city, ut, 84102, us",575 East 400 South Street
Cheeseburger,$2.29,290 Cal,"575 east 400 south street, salt lake city, ut, 84102, us",575 East 400 South Street
Rodeo Burger,$2.19,340 Cal,"575 east 400 south street, salt lake city, ut, 84102, us",575 East 400 South Street
Hamburger,$2.09,250 Cal,"575 east 400 south street, salt lake city, ut, 84102, us",575 East 400 South Street
Have-sies™,$3.29,380 Cal,"575 east 400 south street, salt lake city, ut, 84102, us",575 East 400 South Street
French Fries,$3.29,370 Cal,"575 east 400 south street, salt lake city, ut, 84102, us",575 East 400 South Street
Onion Rings,$3.29,360 Cal,"575 east 400 south street, salt lake city, ut, 84102, us",575 East 400 South Street
Fiery Chicken Fries,$3.99,260 Cal,"575 east 400 south street, salt lake city, ut, 84102, us",575 East 400 South Street
Fiery Mozzarella Fries,$4.29,450 Cal,"575 east 400 south street, salt lake city, ut, 84102, us",575 East 400 South Street
Chicken Fries,$3.99,220 Cal,"575 east 400 south street, salt lake city, ut, 84102, us",575 East 400 South Street
Mozzarella Fries,$3.99,480 Cal,"575 east 400 south street, salt lake city, ut, 84102, us",575 East 400 South Street
Chicken Nuggets,$2.49,390 Cal,"575 east 400 south street, salt lake city, ut, 84102, us",575 East 400 South Street
Mott's® Applesauce,$1.49,50 Cal,"575 east 400 south street, salt lake city, ut, 84102, us",575 East 400 South Street
Fiery Bacon Whopper®,$6.99,800 Cal,"6000 rivers ave, north charleston, sc, 29406, us",6000 Rivers Ave
Whopper,$6.20,670 Cal,"6000 rivers ave, north charleston, sc, 29406, us",6000 Rivers Ave
Impossible™ Whopper,$7.20,630 Cal,"6000 rivers ave, north charleston, sc, 29406, us",6000 Rivers Ave
Double Whopper,$7.70,920 Cal,"6000 rivers ave, north charleston, sc, 29406, us",6000 Rivers Ave
Triple Whopper,$8.60,"1,170 Cal","6000 rivers ave, north charleston, sc, 29406, us",6000 Rivers Ave
Bacon King,$10.20,"1,200 Cal","6000 rivers ave, north charleston, sc, 29406, us",6000 Rivers Ave
BBQ Bacon Whopper Jr.,$4.39,390 Cal,"6000 rivers ave, north charleston, sc, 29406, us",6000 Rivers Ave
Double Whopper Jr.,$4.40,447 Cal,"6000 rivers ave, north charleston, sc, 29406, us",6000 Rivers Ave
Whopper Jr.,$3.80,330 Cal,"6000 rivers ave, north charleston, sc, 29406, us",6000 Rivers Ave
Bacon Double Cheeseburger,$3.99,440 Cal,"6000 rivers ave, north charleston, sc, 29406, us",6000 Rivers Ave
Bacon Cheeseburger,$2.99,340 Cal,"6000 rivers ave, north charleston, sc, 29406, us",6000 Rivers Ave
Double Cheeseburger,$2.99,400 Cal,"6000 rivers ave, north charleston, sc, 29406, us",6000 Rivers Ave
Cheeseburger,$1.99,290 Cal,"6000 rivers ave, north charleston, sc, 29406, us",6000 Rivers Ave
Rodeo Burger,$1.00,340 Cal,"6000 rivers ave, north charleston, sc, 29406, us",6000 Rivers Ave
Hamburger,$1.39,250 Cal,"6000 rivers ave, north charleston, sc, 29406, us",6000 Rivers Ave
Have-sies™,$2.99,380 Cal,"6000 rivers ave, north charleston, sc, 29406, us",6000 Rivers Ave
French Fries,$2.70,370 Cal,"6000 rivers ave, north charleston, sc, 29406, us",6000 Rivers Ave
Onion Rings,$2.70,360 Cal,"6000 rivers ave, north charleston, sc, 29406, us",6000 Rivers Ave
Fiery Chicken Fries,$3.99,260 Cal,"6000 rivers ave, north charleston, sc, 29406, us",6000 Rivers Ave
Fiery Mozzarella Fries,$4.29,450 Cal,"6000 rivers ave, north charleston, sc, 29406, us",6000 Rivers Ave
Chicken Fries,$3.99,220 Cal,"6000 rivers ave, north charleston, sc, 29406, us",6000 Rivers Ave
Mozzarella Fries,$3.79,480 Cal,"6000 rivers ave, north charleston, sc, 29406, us",6000 Rivers Ave
Chicken Nuggets,$2.49,390 Cal,"6000 rivers ave, north charleston, sc, 29406, us",6000 Rivers Ave
Mott's® Applesauce,$1.49,50 Cal,"6000 rivers ave, north charleston, sc, 29406, us",6000 Rivers Ave
Fiery Bacon Whopper®,$6.99,800 Cal,"6003 gateway drive, plainfield, in, 46168, us",6003 Gateway Drive
Whopper,$5.89,670 Cal,"6003 gateway drive, plainfield, in, 46168, us",6003 Gateway Drive
Impossible™ Whopper,$7.09,630 Cal,"6003 gateway drive, plainfield, in, 46168, us",6003 Gateway Drive
Double Whopper,$6.99,920 Cal,"6003 gateway drive, plainfield, in, 46168, us",6003 Gateway Drive
Triple Whopper,$7.99,"1,170 Cal","6003 gateway drive, plainfield, in, 46168, us",6003 Gateway Drive
Bacon King,$7.79,"1,200 Cal","6003 gateway drive, plainfield, in, 46168, us",6003 Gateway Drive
BBQ Bacon Whopper Jr.,$4.69,390 Cal,"6003 gateway drive, plainfield, in, 46168, us",6003 Gateway Drive
Double Whopper Jr.,$5.09,447 Cal,"6003 gateway drive, plainfield, in, 46168, us",6003 Gateway Drive
Whopper Jr.,$4.19,330 Cal,"6003 gateway drive, plainfield, in, 46168, us",6003 Gateway Drive
Bacon Double Cheeseburger,$3.99,440 Cal,"6003 gateway drive, plainfield, in, 46168, us",6003 Gateway Drive
Bacon Cheeseburger,$2.69,340 Cal,"6003 gateway drive, plainfield, in, 46168, us",6003 Gateway Drive
Double Cheeseburger,$2.99,400 Cal,"6003 gateway drive, plainfield, in, 46168, us",6003 Gateway Drive
Cheeseburger,$1.99,290 Cal,"6003 gateway drive, plainfield, in, 46168, us",6003 Gateway Drive
Rodeo Burger,$1.99,340 Cal,"6003 gateway drive, plainfield, in, 46168, us",6003 Gateway Drive
Hamburger,$1.79,250 Cal,"6003 gateway drive, plainfield, in, 46168, us",6003 Gateway Drive
Have-sies™,$2.99,380 Cal,"6003 gateway drive, plainfield, in, 46168, us",6003 Gateway Drive
French Fries,$2.99,370 Cal,"6003 gateway drive, plainfield, in, 46168, us",6003 Gateway Drive
Onion Rings,$2.99,360 Cal,"6003 gateway drive, plainfield, in, 46168, us",6003 Gateway Drive
Fiery Mozzarella Fries,$2.49,450 Cal,"6003 gateway drive, plainfield, in, 46168, us",6003 Gateway Drive
Chicken Fries,$3.99,220 Cal,"6003 gateway drive, plainfield, in, 46168, us",6003 Gateway Drive
Mozzarella Fries,$3.99,480 Cal,"6003 gateway drive, plainfield, in, 46168, us",6003 Gateway Drive
Chicken Nuggets,$2.49,390 Cal,"6003 gateway drive, plainfield, in, 46168, us",6003 Gateway Drive
Mott's® Applesauce,$1.49,50 Cal,"6003 gateway drive, plainfield, in, 46168, us",6003 Gateway Drive
Fiery Bacon Whopper®,$6.99,800 Cal,"601 martin luther king blvd, savannah, ga, 31401, us",601 MLK BLVD
Whopper,$5.99,670 Cal,"601 martin luther king blvd, savannah, ga, 31401, us",601 MLK BLVD
Impossible™ Whopper,$6.99,630 Cal,"601 martin luther king blvd, savannah, ga, 31401, us",601 MLK BLVD
Texas Double Whopper,$7.99,"1,090 Cal","601 martin luther king blvd, savannah, ga, 31401, us",601 MLK BLVD
Double Whopper,$7.19,920 Cal,"601 martin luther king blvd, savannah, ga, 31401, us",601 MLK BLVD
Triple Whopper,$8.39,"1,170 Cal","601 martin luther king blvd, savannah, ga, 31401, us",601 MLK BLVD
Bacon King,$7.69,"1,200 Cal","601 martin luther king blvd, savannah, ga, 31401, us",601 MLK BLVD
BBQ Bacon Whopper Jr.,$3.49,390 Cal,"601 martin luther king blvd, savannah, ga, 31401, us",601 MLK BLVD
Double Whopper Jr.,$3.69,447 Cal,"601 martin luther king blvd, savannah, ga, 31401, us",601 MLK BLVD
Whopper Jr.,$2.99,330 Cal,"601 martin luther king blvd, savannah, ga, 31401, us",601 MLK BLVD
Bacon Double Cheeseburger,$3.69,440 Cal,"601 martin luther king blvd, savannah, ga, 31401, us",601 MLK BLVD
Bacon Cheeseburger,$2.79,340 Cal,"601 martin luther king blvd, savannah, ga, 31401, us",601 MLK BLVD
Double Cheeseburger,$2.99,400 Cal,"601 martin luther king blvd, savannah, ga, 31401, us",601 MLK BLVD
Cheeseburger,$2.39,290 Cal,"601 martin luther king blvd, savannah, ga, 31401, us",601 MLK BLVD
Rodeo Burger,$2.39,340 Cal,"601 martin luther king blvd, savannah, ga, 31401, us",601 MLK BLVD
Hamburger,$1.99,250 Cal,"601 martin luther king blvd, savannah, ga, 31401, us",601 MLK BLVD
Have-sies™,$2.99,380 Cal,"601 martin luther king blvd, savannah, ga, 31401, us",601 MLK BLVD
French Fries,$2.99,370 Cal,"601 martin luther king blvd, savannah, ga, 31401, us",601 MLK BLVD
Onion Rings,$2.99,360 Cal,"601 martin luther king blvd, savannah, ga, 31401, us",601 MLK BLVD
Fiery Chicken Fries,$3.99,260 Cal,"601 martin luther king blvd, savannah, ga, 31401, us",601 MLK BLVD
Fiery Mozzarella Fries,$4.29,450 Cal,"601 martin luther king blvd, savannah, ga, 31401, us",601 MLK BLVD
Chicken Fries,$3.99,220 Cal,"601 martin luther king blvd, savannah, ga, 31401, us",601 MLK BLVD
Mozzarella Fries,$3.79,480 Cal,"601 martin luther king blvd, savannah, ga, 31401, us",601 MLK BLVD
Chicken Nuggets,$2.49,390 Cal,"601 martin luther king blvd, savannah, ga, 31401, us",601 MLK BLVD
Mott's® Applesauce,$1.49,50 Cal,"601 martin luther king blvd, savannah, ga, 31401, us",601 MLK BLVD
Whopper,$5.49,670 Cal,"6029 wade hampton boulevard, taylors, sc, 29687, us",6029 Wade Hampton Boulevard
Impossible™ Whopper,$6.69,630 Cal,"6029 wade hampton boulevard, taylors, sc, 29687, us",6029 Wade Hampton Boulevard
Double Whopper,$6.89,920 Cal,"6029 wade hampton boulevard, taylors, sc, 29687, us",6029 Wade Hampton Boulevard
Triple Whopper,$8.29,"1,170 Cal","6029 wade hampton boulevard, taylors, sc, 29687, us",6029 Wade Hampton Boulevard
Bacon King,$7.49,"1,200 Cal","6029 wade hampton boulevard, taylors, sc, 29687, us",6029 Wade Hampton Boulevard
BBQ Bacon Whopper Jr.,$3.89,390 Cal,"6029 wade hampton boulevard, taylors, sc, 29687, us",6029 Wade Hampton Boulevard
Double Whopper Jr.,$4.09,447 Cal,"6029 wade hampton boulevard, taylors, sc, 29687, us",6029 Wade Hampton Boulevard
Whopper Jr.,$3.09,330 Cal,"6029 wade hampton boulevard, taylors, sc, 29687, us",6029 Wade Hampton Boulevard
Bacon Double Cheeseburger,$4.09,440 Cal,"6029 wade hampton boulevard, taylors, sc, 29687, us",6029 Wade Hampton Boulevard
Bacon Cheeseburger,$2.39,340 Cal,"6029 wade hampton boulevard, taylors, sc, 29687, us",6029 Wade Hampton Boulevard
Double Cheeseburger,$3.29,400 Cal,"6029 wade hampton boulevard, taylors, sc, 29687, us",6029 Wade Hampton Boulevard
Cheeseburger,$1.99,290 Cal,"6029 wade hampton boulevard, taylors, sc, 29687, us",6029 Wade Hampton Boulevard
Rodeo Burger,$1.89,340 Cal,"6029 wade hampton boulevard, taylors, sc, 29687, us",6029 Wade Hampton Boulevard
Hamburger,$1.79,250 Cal,"6029 wade hampton boulevard, taylors, sc, 29687, us",6029 Wade Hampton Boulevard
Have-sies™,$3.29,380 Cal,"6029 wade hampton boulevard, taylors, sc, 29687, us",6029 Wade Hampton Boulevard
French Fries,$3.19,370 Cal,"6029 wade hampton boulevard, taylors, sc, 29687, us",6029 Wade Hampton Boulevard
Onion Rings,$3.29,360 Cal,"6029 wade hampton boulevard, taylors, sc, 29687, us",6029 Wade Hampton Boulevard
Chicken Fries,$3.69,220 Cal,"6029 wade hampton boulevard, taylors, sc, 29687, us",6029 Wade Hampton Boulevard
Mozzarella Fries,$3.89,480 Cal,"6029 wade hampton boulevard, taylors, sc, 29687, us",6029 Wade Hampton Boulevard
Chicken Nuggets,$2.49,390 Cal,"6029 wade hampton boulevard, taylors, sc, 29687, us",6029 Wade Hampton Boulevard
Mott's® Applesauce,$1.89,50 Cal,"6029 wade hampton boulevard, taylors, sc, 29687, us",6029 Wade Hampton Boulevard
Fiery Bacon Whopper®,$6.59,800 Cal,"6135 eastex freeway #2, beaumont, tx, 77706, us","6135 Eastex Freeway, #2"
Whopper,$5.49,670 Cal,"6135 eastex freeway #2, beaumont, tx, 77706, us","6135 Eastex Freeway, #2"
Impossible™ Whopper,$6.49,630 Cal,"6135 eastex freeway #2, beaumont, tx, 77706, us","6135 Eastex Freeway, #2"
Texas Double Whopper,$8.49,"1,090 Cal","6135 eastex freeway #2, beaumont, tx, 77706, us","6135 Eastex Freeway, #2"
Double Whopper,$6.49,920 Cal,"6135 eastex freeway #2, beaumont, tx, 77706, us","6135 Eastex Freeway, #2"
Triple Whopper,$7.49,"1,170 Cal","6135 eastex freeway #2, beaumont, tx, 77706, us","6135 Eastex Freeway, #2"
Bacon King,$8.49,"1,200 Cal","6135 eastex freeway #2, beaumont, tx, 77706, us","6135 Eastex Freeway, #2"
BBQ Bacon Whopper Jr.,$4.19,390 Cal,"6135 eastex freeway #2, beaumont, tx, 77706, us","6135 Eastex Freeway, #2"
Double Whopper Jr.,$3.59,447 Cal,"6135 eastex freeway #2, beaumont, tx, 77706, us","6135 Eastex Freeway, #2"
Whopper Jr.,$2.69,330 Cal,"6135 eastex freeway #2, beaumont, tx, 77706, us","6135 Eastex Freeway, #2"
Bacon Double Cheeseburger,$3.59,440 Cal,"6135 eastex freeway #2, beaumont, tx, 77706, us","6135 Eastex Freeway, #2"
Bacon Cheeseburger,$2.49,340 Cal,"6135 eastex freeway #2, beaumont, tx, 77706, us","6135 Eastex Freeway, #2"
Double Cheeseburger,$2.89,400 Cal,"6135 eastex freeway #2, beaumont, tx, 77706, us","6135 Eastex Freeway, #2"
Cheeseburger,$1.89,290 Cal,"6135 eastex freeway #2, beaumont, tx, 77706, us","6135 Eastex Freeway, #2"
Rodeo Burger,$1.89,340 Cal,"6135 eastex freeway #2, beaumont, tx, 77706, us","6135 Eastex Freeway, #2"
Hamburger,$1.69,250 Cal,"6135 eastex freeway #2, beaumont, tx, 77706, us","6135 Eastex Freeway, #2"
Have-sies™,$2.69,380 Cal,"6135 eastex freeway #2, beaumont, tx, 77706, us","6135 Eastex Freeway, #2"
French Fries,$2.69,370 Cal,"6135 eastex freeway #2, beaumont, tx, 77706, us","6135 Eastex Freeway, #2"
Onion Rings,$2.69,360 Cal,"6135 eastex freeway #2, beaumont, tx, 77706, us","6135 Eastex Freeway, #2"
Fiery Chicken Fries,$3.99,260 Cal,"6135 eastex freeway #2, beaumont, tx, 77706, us","6135 Eastex Freeway, #2"
Fiery Mozzarella Fries,$4.29,450 Cal,"6135 eastex freeway #2, beaumont, tx, 77706, us","6135 Eastex Freeway, #2"
Chicken Fries,$3.99,220 Cal,"6135 eastex freeway #2, beaumont, tx, 77706, us","6135 Eastex Freeway, #2"
Mozzarella Fries,$3.99,480 Cal,"6135 eastex freeway #2, beaumont, tx, 77706, us","6135 Eastex Freeway, #2"
Chicken Nuggets,$2.49,390 Cal,"6135 eastex freeway #2, beaumont, tx, 77706, us","6135 Eastex Freeway, #2"
Mott's® Applesauce,$1.59,50 Cal,"6135 eastex freeway #2, beaumont, tx, 77706, us","6135 Eastex Freeway, #2"
Crispy Tacos,$1.39,170 Cal,"6135 eastex freeway #2, beaumont, tx, 77706, us","6135 Eastex Freeway, #2"
Fiery Bacon Whopper®,$6.59,800 Cal,"6425 phelan boulevard, beaumont, tx, 77706, us",6425 Phelan Boulevard
Whopper,$5.49,670 Cal,"6425 phelan boulevard, beaumont, tx, 77706, us",6425 Phelan Boulevard
Impossible™ Whopper,$6.49,630 Cal,"6425 phelan boulevard, beaumont, tx, 77706, us",6425 Phelan Boulevard
Texas Double Whopper,$8.49,"1,090 Cal","6425 phelan boulevard, beaumont, tx, 77706, us",6425 Phelan Boulevard
Double Whopper,$6.49,920 Cal,"6425 phelan boulevard, beaumont, tx, 77706, us",6425 Phelan Boulevard
Triple Whopper,$7.49,"1,170 Cal","6425 phelan boulevard, beaumont, tx, 77706, us",6425 Phelan Boulevard
Bacon King,$8.49,"1,200 Cal","6425 phelan boulevard, beaumont, tx, 77706, us",6425 Phelan Boulevard
BBQ Bacon Whopper Jr.,$4.19,390 Cal,"6425 phelan boulevard, beaumont, tx, 77706, us",6425 Phelan Boulevard
Double Whopper Jr.,$3.59,447 Cal,"6425 phelan boulevard, beaumont, tx, 77706, us",6425 Phelan Boulevard
Whopper Jr.,$2.69,330 Cal,"6425 phelan boulevard, beaumont, tx, 77706, us",6425 Phelan Boulevard
Bacon Double Cheeseburger,$3.59,440 Cal,"6425 phelan boulevard, beaumont, tx, 77706, us",6425 Phelan Boulevard
Bacon Cheeseburger,$2.49,340 Cal,"6425 phelan boulevard, beaumont, tx, 77706, us",6425 Phelan Boulevard
Double Cheeseburger,$2.89,400 Cal,"6425 phelan boulevard, beaumont, tx, 77706, us",6425 Phelan Boulevard
Cheeseburger,$1.89,290 Cal,"6425 phelan boulevard, beaumont, tx, 77706, us",6425 Phelan Boulevard
Rodeo Burger,$1.89,340 Cal,"6425 phelan boulevard, beaumont, tx, 77706, us",6425 Phelan Boulevard
Hamburger,$1.69,250 Cal,"6425 phelan boulevard, beaumont, tx, 77706, us",6425 Phelan Boulevard
Have-sies™,$2.69,380 Cal,"6425 phelan boulevard, beaumont, tx, 77706, us",6425 Phelan Boulevard
French Fries,$2.69,370 Cal,"6425 phelan boulevard, beaumont, tx, 77706, us",6425 Phelan Boulevard
Onion Rings,$2.69,360 Cal,"6425 phelan boulevard, beaumont, tx, 77706, us",6425 Phelan Boulevard
Fiery Chicken Fries,$3.99,260 Cal,"6425 phelan boulevard, beaumont, tx, 77706, us",6425 Phelan Boulevard
Fiery Mozzarella Fries,$4.29,450 Cal,"6425 phelan boulevard, beaumont, tx, 77706, us",6425 Phelan Boulevard
Chicken Fries,$3.99,220 Cal,"6425 phelan boulevard, beaumont, tx, 77706, us",6425 Phelan Boulevard
Mozzarella Fries,$3.99,480 Cal,"6425 phelan boulevard, beaumont, tx, 77706, us",6425 Phelan Boulevard
Chicken Nuggets,$2.49,390 Cal,"6425 phelan boulevard, beaumont, tx, 77706, us",6425 Phelan Boulevard
Mott's® Applesauce,$1.59,50 Cal,"6425 phelan boulevard, beaumont, tx, 77706, us",6425 Phelan Boulevard
Crispy Tacos,$1.39,170 Cal,"6425 phelan boulevard, beaumont, tx, 77706, us",6425 Phelan Boulevard
Fiery Bacon Whopper®,$7.09,800 Cal,"621 west chicago avenue, east chicago, in, 46312, us",621 West Chicago Avenue
Whopper,$5.99,670 Cal,"621 west chicago avenue, east chicago, in, 46312, us",621 West Chicago Avenue
Impossible™ Whopper,$6.99,630 Cal,"621 west chicago avenue, east chicago, in, 46312, us",621 West Chicago Avenue
Texas Double Whopper,$8.99,"1,090 Cal","621 west chicago avenue, east chicago, in, 46312, us",621 West Chicago Avenue
Double Whopper,$6.99,920 Cal,"621 west chicago avenue, east chicago, in, 46312, us",621 West Chicago Avenue
Triple Whopper,$7.99,"1,170 Cal","621 west chicago avenue, east chicago, in, 46312, us",621 West Chicago Avenue
Bacon King,$8.99,"1,200 Cal","621 west chicago avenue, east chicago, in, 46312, us",621 West Chicago Avenue
BBQ Bacon Whopper Jr.,$4.29,390 Cal,"621 west chicago avenue, east chicago, in, 46312, us",621 West Chicago Avenue
Double Whopper Jr.,$3.79,447 Cal,"621 west chicago avenue, east chicago, in, 46312, us",621 West Chicago Avenue
Whopper Jr.,$2.89,330 Cal,"621 west chicago avenue, east chicago, in, 46312, us",621 West Chicago Avenue
Bacon Double Cheeseburger,$3.79,440 Cal,"621 west chicago avenue, east chicago, in, 46312, us",621 West Chicago Avenue
Bacon Cheeseburger,$2.79,340 Cal,"621 west chicago avenue, east chicago, in, 46312, us",621 West Chicago Avenue
Double Cheeseburger,$2.99,400 Cal,"621 west chicago avenue, east chicago, in, 46312, us",621 West Chicago Avenue
Cheeseburger,$2.19,290 Cal,"621 west chicago avenue, east chicago, in, 46312, us",621 West Chicago Avenue
Rodeo Burger,$2.19,340 Cal,"621 west chicago avenue, east chicago, in, 46312, us",621 West Chicago Avenue
Hamburger,$1.89,250 Cal,"621 west chicago avenue, east chicago, in, 46312, us",621 West Chicago Avenue
Have-sies™,$2.79,380 Cal,"621 west chicago avenue, east chicago, in, 46312, us",621 West Chicago Avenue
French Fries,$2.79,370 Cal,"621 west chicago avenue, east chicago, in, 46312, us",621 West Chicago Avenue
Onion Rings,$2.79,360 Cal,"621 west chicago avenue, east chicago, in, 46312, us",621 West Chicago Avenue
Fiery Chicken Fries,$4.19,260 Cal,"621 west chicago avenue, east chicago, in, 46312, us",621 West Chicago Avenue
Fiery Mozzarella Fries,$4.39,450 Cal,"621 west chicago avenue, east chicago, in, 46312, us",621 West Chicago Avenue
Chicken Fries,$4.19,220 Cal,"621 west chicago avenue, east chicago, in, 46312, us",621 West Chicago Avenue
Mozzarella Fries,$4.09,480 Cal,"621 west chicago avenue, east chicago, in, 46312, us",621 West Chicago Avenue
Chicken Nuggets,$2.49,390 Cal,"621 west chicago avenue, east chicago, in, 46312, us",621 West Chicago Avenue
Mott's® Applesauce,$1.59,50 Cal,"621 west chicago avenue, east chicago, in, 46312, us",621 West Chicago Avenue
Crispy Tacos,$1.39,170 Cal,"621 west chicago avenue, east chicago, in, 46312, us",621 West Chicago Avenue
Fiery Bacon Whopper®,$6.59,800 Cal,"6220 east freeway, houston, tx, 77020, us",6220 East Freeway
Whopper,$5.49,670 Cal,"6220 east freeway, houston, tx, 77020, us",6220 East Freeway
Impossible™ Whopper,$6.49,630 Cal,"6220 east freeway, houston, tx, 77020, us",6220 East Freeway
Texas Double Whopper,$8.59,"1,090 Cal","6220 east freeway, houston, tx, 77020, us",6220 East Freeway
Double Whopper,$6.59,920 Cal,"6220 east freeway, houston, tx, 77020, us",6220 East Freeway
Triple Whopper,$7.69,"1,170 Cal","6220 east freeway, houston, tx, 77020, us",6220 East Freeway
Bacon King,$8.59,"1,200 Cal","6220 east freeway, houston, tx, 77020, us",6220 East Freeway
BBQ Bacon Whopper Jr.,$4.09,390 Cal,"6220 east freeway, houston, tx, 77020, us",6220 East Freeway
Double Whopper Jr.,$3.49,447 Cal,"6220 east freeway, houston, tx, 77020, us",6220 East Freeway
Whopper Jr.,$2.59,330 Cal,"6220 east freeway, houston, tx, 77020, us",6220 East Freeway
Bacon Double Cheeseburger,$3.59,440 Cal,"6220 east freeway, houston, tx, 77020, us",6220 East Freeway
Bacon Cheeseburger,$2.49,340 Cal,"6220 east freeway, houston, tx, 77020, us",6220 East Freeway
Double Cheeseburger,$2.89,400 Cal,"6220 east freeway, houston, tx, 77020, us",6220 East Freeway
Cheeseburger,$1.89,290 Cal,"6220 east freeway, houston, tx, 77020, us",6220 East Freeway
Rodeo Burger,$1.89,340 Cal,"6220 east freeway, houston, tx, 77020, us",6220 East Freeway
Hamburger,$1.69,250 Cal,"6220 east freeway, houston, tx, 77020, us",6220 East Freeway
Have-sies™,$2.69,380 Cal,"6220 east freeway, houston, tx, 77020, us",6220 East Freeway
French Fries,$2.69,370 Cal,"6220 east freeway, houston, tx, 77020, us",6220 East Freeway
Onion Rings,$2.69,360 Cal,"6220 east freeway, houston, tx, 77020, us",6220 East Freeway
Fiery Chicken Fries,$3.99,260 Cal,"6220 east freeway, houston, tx, 77020, us",6220 East Freeway
Fiery Mozzarella Fries,$4.29,450 Cal,"6220 east freeway, houston, tx, 77020, us",6220 East Freeway
Chicken Fries,$3.99,220 Cal,"6220 east freeway, houston, tx, 77020, us",6220 East Freeway
Mozzarella Fries,$3.99,480 Cal,"6220 east freeway, houston, tx, 77020, us",6220 East Freeway
Chicken Nuggets,$2.49,390 Cal,"6220 east freeway, houston, tx, 77020, us",6220 East Freeway
Mott's® Applesauce,$1.59,50 Cal,"6220 east freeway, houston, tx, 77020, us",6220 East Freeway
Crispy Tacos,$1.39,170 Cal,"6220 east freeway, houston, tx, 77020, us",6220 East Freeway
Fiery Bacon Whopper®,$8.99,800 Cal,"623 second street, manchester, nh, 03102, us",1541 East 12th Street
Whopper,$7.49,670 Cal,"623 second street, manchester, nh, 03102, us",1541 East 12th Street
Impossible™ Whopper,$8.49,630 Cal,"623 second street, manchester, nh, 03102, us",1541 East 12th Street
Texas Double Whopper,$9.99,"1,090 Cal","623 second street, manchester, nh, 03102, us",1541 East 12th Street
Double Whopper,$8.49,920 Cal,"623 second street, manchester, nh, 03102, us",1541 East 12th Street
Triple Whopper,$9.59,"1,170 Cal","623 second street, manchester, nh, 03102, us",1541 East 12th Street
Bacon King,$9.29,"1,200 Cal","623 second street, manchester, nh, 03102, us",1541 East 12th Street
BBQ Bacon Whopper Jr.,$4.99,390 Cal,"623 second street, manchester, nh, 03102, us",1541 East 12th Street
Double Whopper Jr.,$5.29,447 Cal,"623 second street, manchester, nh, 03102, us",1541 East 12th Street
Whopper Jr.,$4.49,330 Cal,"623 second street, manchester, nh, 03102, us",1541 East 12th Street
Bacon Double Cheeseburger,$4.19,440 Cal,"623 second street, manchester, nh, 03102, us",1541 East 12th Street
Bacon Cheeseburger,$3.49,340 Cal,"623 second street, manchester, nh, 03102, us",1541 East 12th Street
Double Cheeseburger,$3.89,400 Cal,"623 second street, manchester, nh, 03102, us",1541 East 12th Street
Cheeseburger,$2.99,290 Cal,"623 second street, manchester, nh, 03102, us",1541 East 12th Street
Rodeo Burger,$2.99,340 Cal,"623 second street, manchester, nh, 03102, us",1541 East 12th Street
Hamburger,$2.69,250 Cal,"623 second street, manchester, nh, 03102, us",1541 East 12th Street
Have-sies™,$3.59,380 Cal,"623 second street, manchester, nh, 03102, us",1541 East 12th Street
French Fries,$3.89,370 Cal,"623 second street, manchester, nh, 03102, us",1541 East 12th Street
Onion Rings,$3.89,360 Cal,"623 second street, manchester, nh, 03102, us",1541 East 12th Street
Fiery Chicken Fries,$4.79,260 Cal,"623 second street, manchester, nh, 03102, us",1541 East 12th Street
Fiery Mozzarella Fries,$4.99,450 Cal,"623 second street, manchester, nh, 03102, us",1541 East 12th Street
Chicken Fries,$4.79,220 Cal,"623 second street, manchester, nh, 03102, us",1541 East 12th Street
Mozzarella Fries,$4.99,480 Cal,"623 second street, manchester, nh, 03102, us",1541 East 12th Street
Chicken Nuggets,$2.99,390 Cal,"623 second street, manchester, nh, 03102, us",1541 East 12th Street
Mott's® Applesauce,$1.79,50 Cal,"623 second street, manchester, nh, 03102, us",1541 East 12th Street
Crispy Tacos,$1.50,170 Cal,"623 second street, manchester, nh, 03102, us",1541 East 12th Street
Fiery Bacon Whopper®,$6.99,800 Cal,"6337 crawfordsville rd, speedway, in, 46224, us",6337 CRAWFORDSVILLE RD
Whopper,$5.89,670 Cal,"6337 crawfordsville rd, speedway, in, 46224, us",6337 CRAWFORDSVILLE RD
Impossible™ Whopper,$7.09,630 Cal,"6337 crawfordsville rd, speedway, in, 46224, us",6337 CRAWFORDSVILLE RD
Double Whopper,$6.99,920 Cal,"6337 crawfordsville rd, speedway, in, 46224, us",6337 CRAWFORDSVILLE RD
Triple Whopper,$7.99,"1,170 Cal","6337 crawfordsville rd, speedway, in, 46224, us",6337 CRAWFORDSVILLE RD
Bacon King,$7.79,"1,200 Cal","6337 crawfordsville rd, speedway, in, 46224, us",6337 CRAWFORDSVILLE RD
BBQ Bacon Whopper Jr.,$4.69,390 Cal,"6337 crawfordsville rd, speedway, in, 46224, us",6337 CRAWFORDSVILLE RD
Double Whopper Jr.,$5.09,447 Cal,"6337 crawfordsville rd, speedway, in, 46224, us",6337 CRAWFORDSVILLE RD
Whopper Jr.,$4.19,330 Cal,"6337 crawfordsville rd, speedway, in, 46224, us",6337 CRAWFORDSVILLE RD
Bacon Double Cheeseburger,$3.99,440 Cal,"6337 crawfordsville rd, speedway, in, 46224, us",6337 CRAWFORDSVILLE RD
Bacon Cheeseburger,$2.69,340 Cal,"6337 crawfordsville rd, speedway, in, 46224, us",6337 CRAWFORDSVILLE RD
Double Cheeseburger,$2.99,400 Cal,"6337 crawfordsville rd, speedway, in, 46224, us",6337 CRAWFORDSVILLE RD
Cheeseburger,$1.99,290 Cal,"6337 crawfordsville rd, speedway, in, 46224, us",6337 CRAWFORDSVILLE RD
Rodeo Burger,$1.99,340 Cal,"6337 crawfordsville rd, speedway, in, 46224, us",6337 CRAWFORDSVILLE RD
Hamburger,$1.79,250 Cal,"6337 crawfordsville rd, speedway, in, 46224, us",6337 CRAWFORDSVILLE RD
Have-sies™,$2.99,380 Cal,"6337 crawfordsville rd, speedway, in, 46224, us",6337 CRAWFORDSVILLE RD
French Fries,$2.99,370 Cal,"6337 crawfordsville rd, speedway, in, 46224, us",6337 CRAWFORDSVILLE RD
Onion Rings,$2.99,360 Cal,"6337 crawfordsville rd, speedway, in, 46224, us",6337 CRAWFORDSVILLE RD
Fiery Chicken Fries,$3.99,260 Cal,"6337 crawfordsville rd, speedway, in, 46224, us",6337 CRAWFORDSVILLE RD
Chicken Fries,$3.99,220 Cal,"6337 crawfordsville rd, speedway, in, 46224, us",6337 CRAWFORDSVILLE RD
Mozzarella Fries,$3.99,480 Cal,"6337 crawfordsville rd, speedway, in, 46224, us",6337 CRAWFORDSVILLE RD
Chicken Nuggets,$2.49,390 Cal,"6337 crawfordsville rd, speedway, in, 46224, us",6337 CRAWFORDSVILLE RD
Mott's® Applesauce,$1.49,50 Cal,"6337 crawfordsville rd, speedway, in, 46224, us",6337 CRAWFORDSVILLE RD
Fiery Bacon Whopper®,$6.69,800 Cal,"659 government st, mobile, al, 36602, us",659 Government St
Whopper,$5.59,670 Cal,"659 government st, mobile, al, 36602, us",659 Government St
Impossible™ Whopper,$6.69,630 Cal,"659 government st, mobile, al, 36602, us",659 Government St
Texas Double Whopper,$7.69,"1,090 Cal","659 government st, mobile, al, 36602, us",659 Government St
Double Whopper,$7.09,920 Cal,"659 government st, mobile, al, 36602, us",659 Government St
Triple Whopper,$8.89,"1,170 Cal","659 government st, mobile, al, 36602, us",659 Government St
Bacon King,$7.89,"1,200 Cal","659 government st, mobile, al, 36602, us",659 Government St
BBQ Bacon Whopper Jr.,$4.29,390 Cal,"659 government st, mobile, al, 36602, us",659 Government St
Double Whopper Jr.,$5.29,447 Cal,"659 government st, mobile, al, 36602, us",659 Government St
Whopper Jr.,$3.29,330 Cal,"659 government st, mobile, al, 36602, us",659 Government St
Bacon Double Cheeseburger,$4.09,440 Cal,"659 government st, mobile, al, 36602, us",659 Government St
Bacon Cheeseburger,$3.09,340 Cal,"659 government st, mobile, al, 36602, us",659 Government St
Double Cheeseburger,$3.09,400 Cal,"659 government st, mobile, al, 36602, us",659 Government St
Cheeseburger,$2.39,290 Cal,"659 government st, mobile, al, 36602, us",659 Government St
Rodeo Burger,$2.39,340 Cal,"659 government st, mobile, al, 36602, us",659 Government St
Hamburger,$2.09,250 Cal,"659 government st, mobile, al, 36602, us",659 Government St
Have-sies™,$2.99,380 Cal,"659 government st, mobile, al, 36602, us",659 Government St
French Fries,$2.99,370 Cal,"659 government st, mobile, al, 36602, us",659 Government St
Onion Rings,$2.99,360 Cal,"659 government st, mobile, al, 36602, us",659 Government St
Fiery Chicken Fries,$3.99,260 Cal,"659 government st, mobile, al, 36602, us",659 Government St
Fiery Mozzarella Fries,$4.09,450 Cal,"659 government st, mobile, al, 36602, us",659 Government St
Chicken Fries,$3.99,220 Cal,"659 government st, mobile, al, 36602, us",659 Government St
Mozzarella Fries,$3.79,480 Cal,"659 government st, mobile, al, 36602, us",659 Government St
Chicken Nuggets,$2.49,390 Cal,"659 government st, mobile, al, 36602, us",659 Government St
Mott's® Applesauce,$1.69,50 Cal,"659 government st, mobile, al, 36602, us",659 Government St
Fiery Bacon Whopper®,$7.79,800 Cal,"6904 kennedy ave., hammond, in, 46323, us",6904 Kennedy Ave.
Whopper,$6.89,670 Cal,"6904 kennedy ave., hammond, in, 46323, us",6904 Kennedy Ave.
Impossible™ Whopper,$7.89,630 Cal,"6904 kennedy ave., hammond, in, 46323, us",6904 Kennedy Ave.
Texas Double Whopper,$9.99,"1,090 Cal","6904 kennedy ave., hammond, in, 46323, us",6904 Kennedy Ave.
Double Whopper,$8.29,920 Cal,"6904 kennedy ave., hammond, in, 46323, us",6904 Kennedy Ave.
Triple Whopper,$10.19,"1,170 Cal","6904 kennedy ave., hammond, in, 46323, us",6904 Kennedy Ave.
Bacon King,$8.89,"1,200 Cal","6904 kennedy ave., hammond, in, 46323, us",6904 Kennedy Ave.
BBQ Bacon Whopper Jr.,$4.59,390 Cal,"6904 kennedy ave., hammond, in, 46323, us",6904 Kennedy Ave.
Double Whopper Jr.,$4.69,447 Cal,"6904 kennedy ave., hammond, in, 46323, us",6904 Kennedy Ave.
Whopper Jr.,$3.99,330 Cal,"6904 kennedy ave., hammond, in, 46323, us",6904 Kennedy Ave.
Bacon Double Cheeseburger,$4.30,440 Cal,"6904 kennedy ave., hammond, in, 46323, us",6904 Kennedy Ave.
Bacon Cheeseburger,$3.15,340 Cal,"6904 kennedy ave., hammond, in, 46323, us",6904 Kennedy Ave.
Double Cheeseburger,$3.69,400 Cal,"6904 kennedy ave., hammond, in, 46323, us",6904 Kennedy Ave.
Cheeseburger,$2.39,290 Cal,"6904 kennedy ave., hammond, in, 46323, us",6904 Kennedy Ave.
Rodeo Burger,$2.19,340 Cal,"6904 kennedy ave., hammond, in, 46323, us",6904 Kennedy Ave.
Hamburger,$1.99,250 Cal,"6904 kennedy ave., hammond, in, 46323, us",6904 Kennedy Ave.
Have-sies™,$3.29,380 Cal,"6904 kennedy ave., hammond, in, 46323, us",6904 Kennedy Ave.
French Fries,$3.59,370 Cal,"6904 kennedy ave., hammond, in, 46323, us",6904 Kennedy Ave.
Onion Rings,$3.29,360 Cal,"6904 kennedy ave., hammond, in, 46323, us",6904 Kennedy Ave.
Fiery Chicken Fries,$3.99,260 Cal,"6904 kennedy ave., hammond, in, 46323, us",6904 Kennedy Ave.
Fiery Mozzarella Fries,$4.29,450 Cal,"6904 kennedy ave., hammond, in, 46323, us",6904 Kennedy Ave.
Chicken Fries,$3.99,220 Cal,"6904 kennedy ave., hammond, in, 46323, us",6904 Kennedy Ave.
Mozzarella Fries,$3.79,480 Cal,"6904 kennedy ave., hammond, in, 46323, us",6904 Kennedy Ave.
Chicken Nuggets,$2.49,390 Cal,"6904 kennedy ave., hammond, in, 46323, us",6904 Kennedy Ave.
Mott's® Applesauce,$1.49,50 Cal,"6904 kennedy ave., hammond, in, 46323, us",6904 Kennedy Ave.
Crispy Tacos,$1.29,170 Cal,"6904 kennedy ave., hammond, in, 46323, us",6904 Kennedy Ave.
Fiery Bacon Whopper®,$7.99,800 Cal,"6909 odana road, madison, wi, 53719, us",6909 Odana Road
Whopper,$7.09,670 Cal,"6909 odana road, madison, wi, 53719, us",6909 Odana Road
Impossible™ Whopper,$8.09,630 Cal,"6909 odana road, madison, wi, 53719, us",6909 Odana Road
Texas Double Whopper,$10.19,"1,090 Cal","6909 odana road, madison, wi, 53719, us",6909 Odana Road
Double Whopper,$8.49,920 Cal,"6909 odana road, madison, wi, 53719, us",6909 Odana Road
Triple Whopper,$10.39,"1,170 Cal","6909 odana road, madison, wi, 53719, us",6909 Odana Road
Bacon King,$9.09,"1,200 Cal","6909 odana road, madison, wi, 53719, us",6909 Odana Road
BBQ Bacon Whopper Jr.,$4.79,390 Cal,"6909 odana road, madison, wi, 53719, us",6909 Odana Road
Double Whopper Jr.,$4.79,447 Cal,"6909 odana road, madison, wi, 53719, us",6909 Odana Road
Whopper Jr.,$4.09,330 Cal,"6909 odana road, madison, wi, 53719, us",6909 Odana Road
Bacon Double Cheeseburger,$4.99,440 Cal,"6909 odana road, madison, wi, 53719, us",6909 Odana Road
Bacon Cheeseburger,$3.99,340 Cal,"6909 odana road, madison, wi, 53719, us",6909 Odana Road
Double Cheeseburger,$3.99,400 Cal,"6909 odana road, madison, wi, 53719, us",6909 Odana Road
Cheeseburger,$2.99,290 Cal,"6909 odana road, madison, wi, 53719, us",6909 Odana Road
Rodeo Burger,$2.39,340 Cal,"6909 odana road, madison, wi, 53719, us",6909 Odana Road
Hamburger,$2.19,250 Cal,"6909 odana road, madison, wi, 53719, us",6909 Odana Road
Have-sies™,$3.39,380 Cal,"6909 odana road, madison, wi, 53719, us",6909 Odana Road
French Fries,$3.79,370 Cal,"6909 odana road, madison, wi, 53719, us",6909 Odana Road
Onion Rings,$3.39,360 Cal,"6909 odana road, madison, wi, 53719, us",6909 Odana Road
Fiery Chicken Fries,$3.99,260 Cal,"6909 odana road, madison, wi, 53719, us",6909 Odana Road
Fiery Mozzarella Fries,$4.29,450 Cal,"6909 odana road, madison, wi, 53719, us",6909 Odana Road
Chicken Fries,$3.99,220 Cal,"6909 odana road, madison, wi, 53719, us",6909 Odana Road
Mozzarella Fries,$3.79,480 Cal,"6909 odana road, madison, wi, 53719, us",6909 Odana Road
Chicken Nuggets,$2.49,390 Cal,"6909 odana road, madison, wi, 53719, us",6909 Odana Road
Mott's® Applesauce,$1.49,50 Cal,"6909 odana road, madison, wi, 53719, us",6909 Odana Road
Whopper,$5.69,670 Cal,"696 hanes mall blvd, winston salem, nc, 27103, us",696 Hanes Mall Blvd
Impossible™ Whopper,$6.89,630 Cal,"696 hanes mall blvd, winston salem, nc, 27103, us",696 Hanes Mall Blvd
Double Whopper,$7.09,920 Cal,"696 hanes mall blvd, winston salem, nc, 27103, us",696 Hanes Mall Blvd
Triple Whopper,$8.49,"1,170 Cal","696 hanes mall blvd, winston salem, nc, 27103, us",696 Hanes Mall Blvd
Bacon King,$7.79,"1,200 Cal","696 hanes mall blvd, winston salem, nc, 27103, us",696 Hanes Mall Blvd
BBQ Bacon Whopper Jr.,$4.39,390 Cal,"696 hanes mall blvd, winston salem, nc, 27103, us",696 Hanes Mall Blvd
Double Whopper Jr.,$4.59,447 Cal,"696 hanes mall blvd, winston salem, nc, 27103, us",696 Hanes Mall Blvd
Whopper Jr.,$3.59,330 Cal,"696 hanes mall blvd, winston salem, nc, 27103, us",696 Hanes Mall Blvd
Bacon Double Cheeseburger,$4.09,440 Cal,"696 hanes mall blvd, winston salem, nc, 27103, us",696 Hanes Mall Blvd
Bacon Cheeseburger,$2.69,340 Cal,"696 hanes mall blvd, winston salem, nc, 27103, us",696 Hanes Mall Blvd
Double Cheeseburger,$3.29,400 Cal,"696 hanes mall blvd, winston salem, nc, 27103, us",696 Hanes Mall Blvd
Cheeseburger,$2.19,290 Cal,"696 hanes mall blvd, winston salem, nc, 27103, us",696 Hanes Mall Blvd
Rodeo Burger,$1.99,340 Cal,"696 hanes mall blvd, winston salem, nc, 27103, us",696 Hanes Mall Blvd
Hamburger,$1.99,250 Cal,"696 hanes mall blvd, winston salem, nc, 27103, us",696 Hanes Mall Blvd
Have-sies™,$3.29,380 Cal,"696 hanes mall blvd, winston salem, nc, 27103, us",696 Hanes Mall Blvd
French Fries,$3.19,370 Cal,"696 hanes mall blvd, winston salem, nc, 27103, us",696 Hanes Mall Blvd
Onion Rings,$3.29,360 Cal,"696 hanes mall blvd, winston salem, nc, 27103, us",696 Hanes Mall Blvd
Chicken Fries,$3.69,220 Cal,"696 hanes mall blvd, winston salem, nc, 27103, us",696 Hanes Mall Blvd
Mozzarella Fries,$3.89,480 Cal,"696 hanes mall blvd, winston salem, nc, 27103, us",696 Hanes Mall Blvd
Chicken Nuggets,$2.49,390 Cal,"696 hanes mall blvd, winston salem, nc, 27103, us",696 Hanes Mall Blvd
Mott's® Applesauce,$2.19,50 Cal,"696 hanes mall blvd, winston salem, nc, 27103, us",696 Hanes Mall Blvd
Fiery Bacon Whopper®,$6.99,800 Cal,"6971 west 38th street, indianapolis, in, 46214, us",6971 WEST 38TH STREE
Whopper,$5.89,670 Cal,"6971 west 38th street, indianapolis, in, 46214, us",6971 WEST 38TH STREE
Impossible™ Whopper,$7.09,630 Cal,"6971 west 38th street, indianapolis, in, 46214, us",6971 WEST 38TH STREE
Double Whopper,$6.99,920 Cal,"6971 west 38th street, indianapolis, in, 46214, us",6971 WEST 38TH STREE
Triple Whopper,$7.99,"1,170 Cal","6971 west 38th street, indianapolis, in, 46214, us",6971 WEST 38TH STREE
Bacon King,$7.79,"1,200 Cal","6971 west 38th street, indianapolis, in, 46214, us",6971 WEST 38TH STREE
BBQ Bacon Whopper Jr.,$4.69,390 Cal,"6971 west 38th street, indianapolis, in, 46214, us",6971 WEST 38TH STREE
Double Whopper Jr.,$5.09,447 Cal,"6971 west 38th street, indianapolis, in, 46214, us",6971 WEST 38TH STREE
Whopper Jr.,$4.19,330 Cal,"6971 west 38th street, indianapolis, in, 46214, us",6971 WEST 38TH STREE
Bacon Double Cheeseburger,$3.99,440 Cal,"6971 west 38th street, indianapolis, in, 46214, us",6971 WEST 38TH STREE
Bacon Cheeseburger,$2.69,340 Cal,"6971 west 38th street, indianapolis, in, 46214, us",6971 WEST 38TH STREE
Double Cheeseburger,$2.99,400 Cal,"6971 west 38th street, indianapolis, in, 46214, us",6971 WEST 38TH STREE
Cheeseburger,$1.99,290 Cal,"6971 west 38th street, indianapolis, in, 46214, us",6971 WEST 38TH STREE
Rodeo Burger,$1.99,340 Cal,"6971 west 38th street, indianapolis, in, 46214, us",6971 WEST 38TH STREE
Hamburger,$1.79,250 Cal,"6971 west 38th street, indianapolis, in, 46214, us",6971 WEST 38TH STREE
Have-sies™,$2.99,380 Cal,"6971 west 38th street, indianapolis, in, 46214, us",6971 WEST 38TH STREE
French Fries,$2.99,370 Cal,"6971 west 38th street, indianapolis, in, 46214, us",6971 WEST 38TH STREE
Onion Rings,$2.99,360 Cal,"6971 west 38th street, indianapolis, in, 46214, us",6971 WEST 38TH STREE
Fiery Chicken Fries,$3.99,260 Cal,"6971 west 38th street, indianapolis, in, 46214, us",6971 WEST 38TH STREE
Chicken Fries,$3.99,220 Cal,"6971 west 38th street, indianapolis, in, 46214, us",6971 WEST 38TH STREE
Mozzarella Fries,$3.99,480 Cal,"6971 west 38th street, indianapolis, in, 46214, us",6971 WEST 38TH STREE
Chicken Nuggets,$2.49,390 Cal,"6971 west 38th street, indianapolis, in, 46214, us",6971 WEST 38TH STREE
Mott's® Applesauce,$1.49,50 Cal,"6971 west 38th street, indianapolis, in, 46214, us",6971 WEST 38TH STREE
Fiery Bacon Whopper®,$6.59,800 Cal,"7011 gulf freeway, houston, tx, 77087, us",7011 Gulf Freeway
Whopper,$5.49,670 Cal,"7011 gulf freeway, houston, tx, 77087, us",7011 Gulf Freeway
Impossible™ Whopper,$6.49,630 Cal,"7011 gulf freeway, houston, tx, 77087, us",7011 Gulf Freeway
Texas Double Whopper,$8.59,"1,090 Cal","7011 gulf freeway, houston, tx, 77087, us",7011 Gulf Freeway
Double Whopper,$6.59,920 Cal,"7011 gulf freeway, houston, tx, 77087, us",7011 Gulf Freeway
Triple Whopper,$7.69,"1,170 Cal","7011 gulf freeway, houston, tx, 77087, us",7011 Gulf Freeway
Bacon King,$8.59,"1,200 Cal","7011 gulf freeway, houston, tx, 77087, us",7011 Gulf Freeway
BBQ Bacon Whopper Jr.,$4.09,390 Cal,"7011 gulf freeway, houston, tx, 77087, us",7011 Gulf Freeway
Double Whopper Jr.,$3.49,447 Cal,"7011 gulf freeway, houston, tx, 77087, us",7011 Gulf Freeway
Whopper Jr.,$2.59,330 Cal,"7011 gulf freeway, houston, tx, 77087, us",7011 Gulf Freeway
Bacon Double Cheeseburger,$3.59,440 Cal,"7011 gulf freeway, houston, tx, 77087, us",7011 Gulf Freeway
Bacon Cheeseburger,$2.49,340 Cal,"7011 gulf freeway, houston, tx, 77087, us",7011 Gulf Freeway
Double Cheeseburger,$2.89,400 Cal,"7011 gulf freeway, houston, tx, 77087, us",7011 Gulf Freeway
Cheeseburger,$1.89,290 Cal,"7011 gulf freeway, houston, tx, 77087, us",7011 Gulf Freeway
Rodeo Burger,$1.89,340 Cal,"7011 gulf freeway, houston, tx, 77087, us",7011 Gulf Freeway
Hamburger,$1.69,250 Cal,"7011 gulf freeway, houston, tx, 77087, us",7011 Gulf Freeway
Have-sies™,$2.69,380 Cal,"7011 gulf freeway, houston, tx, 77087, us",7011 Gulf Freeway
French Fries,$2.69,370 Cal,"7011 gulf freeway, houston, tx, 77087, us",7011 Gulf Freeway
Onion Rings,$2.69,360 Cal,"7011 gulf freeway, houston, tx, 77087, us",7011 Gulf Freeway
Fiery Chicken Fries,$3.99,260 Cal,"7011 gulf freeway, houston, tx, 77087, us",7011 Gulf Freeway
Fiery Mozzarella Fries,$4.29,450 Cal,"7011 gulf freeway, houston, tx, 77087, us",7011 Gulf Freeway
Chicken Fries,$3.99,220 Cal,"7011 gulf freeway, houston, tx, 77087, us",7011 Gulf Freeway
Mozzarella Fries,$3.99,480 Cal,"7011 gulf freeway, houston, tx, 77087, us",7011 Gulf Freeway
Chicken Nuggets,$2.49,390 Cal,"7011 gulf freeway, houston, tx, 77087, us",7011 Gulf Freeway
Mott's® Applesauce,$1.59,50 Cal,"7011 gulf freeway, houston, tx, 77087, us",7011 Gulf Freeway
Fiery Bacon Whopper®,$6.69,800 Cal,"7050, theodore, al, 36582, us",7050 Theodore Dawes Rd.
Whopper,$5.59,670 Cal,"7050, theodore, al, 36582, us",7050 Theodore Dawes Rd.
Impossible™ Whopper,$6.69,630 Cal,"7050, theodore, al, 36582, us",7050 Theodore Dawes Rd.
Texas Double Whopper,$7.69,"1,090 Cal","7050, theodore, al, 36582, us",7050 Theodore Dawes Rd.
Double Whopper,$7.09,920 Cal,"7050, theodore, al, 36582, us",7050 Theodore Dawes Rd.
Triple Whopper,$8.89,"1,170 Cal","7050, theodore, al, 36582, us",7050 Theodore Dawes Rd.
Bacon King,$7.89,"1,200 Cal","7050, theodore, al, 36582, us",7050 Theodore Dawes Rd.
Double Whopper Jr.,$4.29,447 Cal,"7050, theodore, al, 36582, us",7050 Theodore Dawes Rd.
Whopper Jr.,$3.29,330 Cal,"7050, theodore, al, 36582, us",7050 Theodore Dawes Rd.
Bacon Double Cheeseburger,$4.09,440 Cal,"7050, theodore, al, 36582, us",7050 Theodore Dawes Rd.
Bacon Cheeseburger,$3.09,340 Cal,"7050, theodore, al, 36582, us",7050 Theodore Dawes Rd.
Double Cheeseburger,$3.09,400 Cal,"7050, theodore, al, 36582, us",7050 Theodore Dawes Rd.
Cheeseburger,$2.39,290 Cal,"7050, theodore, al, 36582, us",7050 Theodore Dawes Rd.
Rodeo Burger,$2.39,340 Cal,"7050, theodore, al, 36582, us",7050 Theodore Dawes Rd.
Hamburger,$2.09,250 Cal,"7050, theodore, al, 36582, us",7050 Theodore Dawes Rd.
Have-sies™,$2.99,380 Cal,"7050, theodore, al, 36582, us",7050 Theodore Dawes Rd.
French Fries,$2.99,370 Cal,"7050, theodore, al, 36582, us",7050 Theodore Dawes Rd.
Onion Rings,$2.99,360 Cal,"7050, theodore, al, 36582, us",7050 Theodore Dawes Rd.
Fiery Chicken Fries,$3.99,260 Cal,"7050, theodore, al, 36582, us",7050 Theodore Dawes Rd.
Fiery Mozzarella Fries,$4.09,450 Cal,"7050, theodore, al, 36582, us",7050 Theodore Dawes Rd.
Chicken Fries,$3.99,220 Cal,"7050, theodore, al, 36582, us",7050 Theodore Dawes Rd.
Mozzarella Fries,$3.79,480 Cal,"7050, theodore, al, 36582, us",7050 Theodore Dawes Rd.
Chicken Nuggets,$2.49,390 Cal,"7050, theodore, al, 36582, us",7050 Theodore Dawes Rd.
Mott's® Applesauce,$1.69,50 Cal,"7050, theodore, al, 36582, us",7050 Theodore Dawes Rd.
Whopper,$5.69,670 Cal,"7116 highway 70 south, nashville, tn, 37221, us",7116 Highway 70 South
Impossible™ Whopper,$6.89,630 Cal,"7116 highway 70 south, nashville, tn, 37221, us",7116 Highway 70 South
Double Whopper,$7.09,920 Cal,"7116 highway 70 south, nashville, tn, 37221, us",7116 Highway 70 South
Triple Whopper,$8.49,"1,170 Cal","7116 highway 70 south, nashville, tn, 37221, us",7116 Highway 70 South
Bacon King,$8.49,"1,200 Cal","7116 highway 70 south, nashville, tn, 37221, us",7116 Highway 70 South
BBQ Bacon Whopper Jr.,$4.39,390 Cal,"7116 highway 70 south, nashville, tn, 37221, us",7116 Highway 70 South
Double Whopper Jr.,$4.59,447 Cal,"7116 highway 70 south, nashville, tn, 37221, us",7116 Highway 70 South
Whopper Jr.,$3.59,330 Cal,"7116 highway 70 south, nashville, tn, 37221, us",7116 Highway 70 South
Bacon Double Cheeseburger,$4.09,440 Cal,"7116 highway 70 south, nashville, tn, 37221, us",7116 Highway 70 South
Bacon Cheeseburger,$2.69,340 Cal,"7116 highway 70 south, nashville, tn, 37221, us",7116 Highway 70 South
Double Cheeseburger,$3.29,400 Cal,"7116 highway 70 south, nashville, tn, 37221, us",7116 Highway 70 South
Cheeseburger,$2.19,290 Cal,"7116 highway 70 south, nashville, tn, 37221, us",7116 Highway 70 South
Rodeo Burger,$1.99,340 Cal,"7116 highway 70 south, nashville, tn, 37221, us",7116 Highway 70 South
Hamburger,$1.99,250 Cal,"7116 highway 70 south, nashville, tn, 37221, us",7116 Highway 70 South
Have-sies™,$3.49,380 Cal,"7116 highway 70 south, nashville, tn, 37221, us",7116 Highway 70 South
French Fries,$3.39,370 Cal,"7116 highway 70 south, nashville, tn, 37221, us",7116 Highway 70 South
Onion Rings,$3.49,360 Cal,"7116 highway 70 south, nashville, tn, 37221, us",7116 Highway 70 South
Chicken Fries,$3.69,220 Cal,"7116 highway 70 south, nashville, tn, 37221, us",7116 Highway 70 South
Mozzarella Fries,$3.89,480 Cal,"7116 highway 70 south, nashville, tn, 37221, us",7116 Highway 70 South
Chicken Nuggets,$2.49,390 Cal,"7116 highway 70 south, nashville, tn, 37221, us",7116 Highway 70 South
Mott's® Applesauce,$2.19,50 Cal,"7116 highway 70 south, nashville, tn, 37221, us",7116 Highway 70 South
Fiery Bacon Whopper®,$6.99,800 Cal,"730 lane allen rd, lexington, ky, 40504, us",730 Lane Allen Rd
Whopper,$5.39,670 Cal,"730 lane allen rd, lexington, ky, 40504, us",730 Lane Allen Rd
Impossible™ Whopper,$6.09,630 Cal,"730 lane allen rd, lexington, ky, 40504, us",730 Lane Allen Rd
Double Whopper,$6.99,920 Cal,"730 lane allen rd, lexington, ky, 40504, us",730 Lane Allen Rd
Triple Whopper,$8.99,"1,170 Cal","730 lane allen rd, lexington, ky, 40504, us",730 Lane Allen Rd
Bacon King,$8.29,"1,200 Cal","730 lane allen rd, lexington, ky, 40504, us",730 Lane Allen Rd
BBQ Bacon Whopper Jr.,$3.39,390 Cal,"730 lane allen rd, lexington, ky, 40504, us",730 Lane Allen Rd
Double Whopper Jr.,$3.79,447 Cal,"730 lane allen rd, lexington, ky, 40504, us",730 Lane Allen Rd
Whopper Jr.,$2.79,330 Cal,"730 lane allen rd, lexington, ky, 40504, us",730 Lane Allen Rd
Bacon Double Cheeseburger,$3.99,440 Cal,"730 lane allen rd, lexington, ky, 40504, us",730 Lane Allen Rd
Bacon Cheeseburger,$2.79,340 Cal,"730 lane allen rd, lexington, ky, 40504, us",730 Lane Allen Rd
Double Cheeseburger,$3.19,400 Cal,"730 lane allen rd, lexington, ky, 40504, us",730 Lane Allen Rd
Cheeseburger,$2.19,290 Cal,"730 lane allen rd, lexington, ky, 40504, us",730 Lane Allen Rd
Rodeo Burger,$1.99,340 Cal,"730 lane allen rd, lexington, ky, 40504, us",730 Lane Allen Rd
Hamburger,$1.89,250 Cal,"730 lane allen rd, lexington, ky, 40504, us",730 Lane Allen Rd
Have-sies™,$2.99,380 Cal,"730 lane allen rd, lexington, ky, 40504, us",730 Lane Allen Rd
French Fries,$2.99,370 Cal,"730 lane allen rd, lexington, ky, 40504, us",730 Lane Allen Rd
Onion Rings,$2.99,360 Cal,"730 lane allen rd, lexington, ky, 40504, us",730 Lane Allen Rd
Fiery Chicken Fries,$3.79,260 Cal,"730 lane allen rd, lexington, ky, 40504, us",730 Lane Allen Rd
Fiery Mozzarella Fries,$4.09,450 Cal,"730 lane allen rd, lexington, ky, 40504, us",730 Lane Allen Rd
Chicken Fries,$3.79,220 Cal,"730 lane allen rd, lexington, ky, 40504, us",730 Lane Allen Rd
Mozzarella Fries,$3.79,480 Cal,"730 lane allen rd, lexington, ky, 40504, us",730 Lane Allen Rd
Chicken Nuggets,$2.49,390 Cal,"730 lane allen rd, lexington, ky, 40504, us",730 Lane Allen Rd
Mott's® Applesauce,$1.49,50 Cal,"730 lane allen rd, lexington, ky, 40504, us",730 Lane Allen Rd
Fiery Bacon Whopper®,$6.69,800 Cal,"7638 perkins road, baton rouge, la, 70810, us",7638 Perkins Rd.
Whopper,$5.59,670 Cal,"7638 perkins road, baton rouge, la, 70810, us",7638 Perkins Rd.
Impossible™ Whopper,$6.69,630 Cal,"7638 perkins road, baton rouge, la, 70810, us",7638 Perkins Rd.
Texas Double Whopper,$7.69,"1,090 Cal","7638 perkins road, baton rouge, la, 70810, us",7638 Perkins Rd.
Double Whopper,$7.09,920 Cal,"7638 perkins road, baton rouge, la, 70810, us",7638 Perkins Rd.
Triple Whopper,$8.89,"1,170 Cal","7638 perkins road, baton rouge, la, 70810, us",7638 Perkins Rd.
Bacon King,$7.89,"1,200 Cal","7638 perkins road, baton rouge, la, 70810, us",7638 Perkins Rd.
BBQ Bacon Whopper Jr.,$4.29,390 Cal,"7638 perkins road, baton rouge, la, 70810, us",7638 Perkins Rd.
Double Whopper Jr.,$5.29,447 Cal,"7638 perkins road, baton rouge, la, 70810, us",7638 Perkins Rd.
Whopper Jr.,$3.29,330 Cal,"7638 perkins road, baton rouge, la, 70810, us",7638 Perkins Rd.
Bacon Double Cheeseburger,$4.09,440 Cal,"7638 perkins road, baton rouge, la, 70810, us",7638 Perkins Rd.
Bacon Cheeseburger,$3.09,340 Cal,"7638 perkins road, baton rouge, la, 70810, us",7638 Perkins Rd.
Double Cheeseburger,$3.09,400 Cal,"7638 perkins road, baton rouge, la, 70810, us",7638 Perkins Rd.
Cheeseburger,$2.39,290 Cal,"7638 perkins road, baton rouge, la, 70810, us",7638 Perkins Rd.
Rodeo Burger,$2.39,340 Cal,"7638 perkins road, baton rouge, la, 70810, us",7638 Perkins Rd.
Hamburger,$2.09,250 Cal,"7638 perkins road, baton rouge, la, 70810, us",7638 Perkins Rd.
Have-sies™,$2.99,380 Cal,"7638 perkins road, baton rouge, la, 70810, us",7638 Perkins Rd.
French Fries,$2.99,370 Cal,"7638 perkins road, baton rouge, la, 70810, us",7638 Perkins Rd.
Onion Rings,$2.99,360 Cal,"7638 perkins road, baton rouge, la, 70810, us",7638 Perkins Rd.
Fiery Chicken Fries,$3.99,260 Cal,"7638 perkins road, baton rouge, la, 70810, us",7638 Perkins Rd.
Fiery Mozzarella Fries,$4.09,450 Cal,"7638 perkins road, baton rouge, la, 70810, us",7638 Perkins Rd.
Chicken Fries,$3.99,220 Cal,"7638 perkins road, baton rouge, la, 70810, us",7638 Perkins Rd.
Mozzarella Fries,$3.79,480 Cal,"7638 perkins road, baton rouge, la, 70810, us",7638 Perkins Rd.
Chicken Nuggets,$2.49,390 Cal,"7638 perkins road, baton rouge, la, 70810, us",7638 Perkins Rd.
Mott's® Applesauce,$1.69,50 Cal,"7638 perkins road, baton rouge, la, 70810, us",7638 Perkins Rd.
Fiery Bacon Whopper®,$6.79,800 Cal,"7938 calumet avenue, munster, in, 46321, us",7938 Calumet Avenue
Whopper,$5.69,670 Cal,"7938 calumet avenue, munster, in, 46321, us",7938 Calumet Avenue
Impossible™ Whopper,$6.69,630 Cal,"7938 calumet avenue, munster, in, 46321, us",7938 Calumet Avenue
Texas Double Whopper,$8.99,"1,090 Cal","7938 calumet avenue, munster, in, 46321, us",7938 Calumet Avenue
Double Whopper,$6.69,920 Cal,"7938 calumet avenue, munster, in, 46321, us",7938 Calumet Avenue
Triple Whopper,$7.89,"1,170 Cal","7938 calumet avenue, munster, in, 46321, us",7938 Calumet Avenue
Bacon King,$8.69,"1,200 Cal","7938 calumet avenue, munster, in, 46321, us",7938 Calumet Avenue
BBQ Bacon Whopper Jr.,$4.29,390 Cal,"7938 calumet avenue, munster, in, 46321, us",7938 Calumet Avenue
Double Whopper Jr.,$3.79,447 Cal,"7938 calumet avenue, munster, in, 46321, us",7938 Calumet Avenue
Whopper Jr.,$2.89,330 Cal,"7938 calumet avenue, munster, in, 46321, us",7938 Calumet Avenue
Bacon Double Cheeseburger,$3.69,440 Cal,"7938 calumet avenue, munster, in, 46321, us",7938 Calumet Avenue
Bacon Cheeseburger,$2.59,340 Cal,"7938 calumet avenue, munster, in, 46321, us",7938 Calumet Avenue
Double Cheeseburger,$2.99,400 Cal,"7938 calumet avenue, munster, in, 46321, us",7938 Calumet Avenue
Cheeseburger,$1.99,290 Cal,"7938 calumet avenue, munster, in, 46321, us",7938 Calumet Avenue
Rodeo Burger,$1.99,340 Cal,"7938 calumet avenue, munster, in, 46321, us",7938 Calumet Avenue
Hamburger,$1.79,250 Cal,"7938 calumet avenue, munster, in, 46321, us",7938 Calumet Avenue
Have-sies™,$2.79,380 Cal,"7938 calumet avenue, munster, in, 46321, us",7938 Calumet Avenue
French Fries,$2.79,370 Cal,"7938 calumet avenue, munster, in, 46321, us",7938 Calumet Avenue
Onion Rings,$2.79,360 Cal,"7938 calumet avenue, munster, in, 46321, us",7938 Calumet Avenue
Fiery Chicken Fries,$4.19,260 Cal,"7938 calumet avenue, munster, in, 46321, us",7938 Calumet Avenue
Fiery Mozzarella Fries,$4.39,450 Cal,"7938 calumet avenue, munster, in, 46321, us",7938 Calumet Avenue
Chicken Fries,$4.19,220 Cal,"7938 calumet avenue, munster, in, 46321, us",7938 Calumet Avenue
Mozzarella Fries,$4.09,480 Cal,"7938 calumet avenue, munster, in, 46321, us",7938 Calumet Avenue
Chicken Nuggets,$2.49,390 Cal,"7938 calumet avenue, munster, in, 46321, us",7938 Calumet Avenue
Mott's® Applesauce,$1.59,50 Cal,"7938 calumet avenue, munster, in, 46321, us",7938 Calumet Avenue
Crispy Tacos,$1.39,170 Cal,"7938 calumet avenue, munster, in, 46321, us",7938 Calumet Avenue
Fiery Bacon Whopper®,$6.99,800 Cal,"7939 east 41 street, south, tulsa, ok, 74145, us","7939 East 41 Street, South"
Whopper,$5.29,670 Cal,"7939 east 41 street, south, tulsa, ok, 74145, us","7939 East 41 Street, South"
Impossible™ Whopper,$6.49,630 Cal,"7939 east 41 street, south, tulsa, ok, 74145, us","7939 East 41 Street, South"
Texas Double Whopper,$7.89,"1,090 Cal","7939 east 41 street, south, tulsa, ok, 74145, us","7939 East 41 Street, South"
Double Whopper,$6.79,920 Cal,"7939 east 41 street, south, tulsa, ok, 74145, us","7939 East 41 Street, South"
Triple Whopper,$7.79,"1,170 Cal","7939 east 41 street, south, tulsa, ok, 74145, us","7939 East 41 Street, South"
Bacon King,$7.99,"1,200 Cal","7939 east 41 street, south, tulsa, ok, 74145, us","7939 East 41 Street, South"
BBQ Bacon Whopper Jr.,$3.49,390 Cal,"7939 east 41 street, south, tulsa, ok, 74145, us","7939 East 41 Street, South"
Double Whopper Jr.,$4.09,447 Cal,"7939 east 41 street, south, tulsa, ok, 74145, us","7939 East 41 Street, South"
Whopper Jr.,$2.89,330 Cal,"7939 east 41 street, south, tulsa, ok, 74145, us","7939 East 41 Street, South"
Bacon Double Cheeseburger,$3.69,440 Cal,"7939 east 41 street, south, tulsa, ok, 74145, us","7939 East 41 Street, South"
Bacon Cheeseburger,$2.79,340 Cal,"7939 east 41 street, south, tulsa, ok, 74145, us","7939 East 41 Street, South"
Double Cheeseburger,$2.99,400 Cal,"7939 east 41 street, south, tulsa, ok, 74145, us","7939 East 41 Street, South"
Cheeseburger,$2.09,290 Cal,"7939 east 41 street, south, tulsa, ok, 74145, us","7939 East 41 Street, South"
Rodeo Burger,$1.99,340 Cal,"7939 east 41 street, south, tulsa, ok, 74145, us","7939 East 41 Street, South"
Hamburger,$1.89,250 Cal,"7939 east 41 street, south, tulsa, ok, 74145, us","7939 East 41 Street, South"
Have-sies™,$2.84,380 Cal,"7939 east 41 street, south, tulsa, ok, 74145, us","7939 East 41 Street, South"
French Fries,$2.84,370 Cal,"7939 east 41 street, south, tulsa, ok, 74145, us","7939 East 41 Street, South"
Onion Rings,$2.84,360 Cal,"7939 east 41 street, south, tulsa, ok, 74145, us","7939 East 41 Street, South"
Fiery Chicken Fries,$3.99,260 Cal,"7939 east 41 street, south, tulsa, ok, 74145, us","7939 East 41 Street, South"
Fiery Mozzarella Fries,$4.29,450 Cal,"7939 east 41 street, south, tulsa, ok, 74145, us","7939 East 41 Street, South"
Chicken Fries,$3.99,220 Cal,"7939 east 41 street, south, tulsa, ok, 74145, us","7939 East 41 Street, South"
Mozzarella Fries,$3.79,480 Cal,"7939 east 41 street, south, tulsa, ok, 74145, us","7939 East 41 Street, South"
Chicken Nuggets,$2.49,390 Cal,"7939 east 41 street, south, tulsa, ok, 74145, us","7939 East 41 Street, South"
Mott's® Applesauce,$1.59,50 Cal,"7939 east 41 street, south, tulsa, ok, 74145, us","7939 East 41 Street, South"
Fiery Bacon Whopper®,$8.99,800 Cal,"801 3rd avenue west, birmingham, al, 35204, us",1278 El Camino Real
Whopper,$7.39,670 Cal,"801 3rd avenue west, birmingham, al, 35204, us",1278 El Camino Real
Impossible™ Whopper,$8.29,630 Cal,"801 3rd avenue west, birmingham, al, 35204, us",1278 El Camino Real
Texas Double Whopper,$9.39,"1,090 Cal","801 3rd avenue west, birmingham, al, 35204, us",1278 El Camino Real
Double Whopper,$8.39,920 Cal,"801 3rd avenue west, birmingham, al, 35204, us",1278 El Camino Real
Triple Whopper,$9.39,"1,170 Cal","801 3rd avenue west, birmingham, al, 35204, us",1278 El Camino Real
Bacon King,$9.39,"1,200 Cal","801 3rd avenue west, birmingham, al, 35204, us",1278 El Camino Real
BBQ Bacon Whopper Jr.,$4.59,390 Cal,"801 3rd avenue west, birmingham, al, 35204, us",1278 El Camino Real
Double Whopper Jr.,$5.29,447 Cal,"801 3rd avenue west, birmingham, al, 35204, us",1278 El Camino Real
Whopper Jr.,$4.29,330 Cal,"801 3rd avenue west, birmingham, al, 35204, us",1278 El Camino Real
Bacon Double Cheeseburger,$4.59,440 Cal,"801 3rd avenue west, birmingham, al, 35204, us",1278 El Camino Real
Bacon Cheeseburger,$3.99,340 Cal,"801 3rd avenue west, birmingham, al, 35204, us",1278 El Camino Real
Double Cheeseburger,$3.59,400 Cal,"801 3rd avenue west, birmingham, al, 35204, us",1278 El Camino Real
Cheeseburger,$3.09,290 Cal,"801 3rd avenue west, birmingham, al, 35204, us",1278 El Camino Real
Rodeo Burger,$3.59,340 Cal,"801 3rd avenue west, birmingham, al, 35204, us",1278 El Camino Real
Hamburger,$2.59,250 Cal,"801 3rd avenue west, birmingham, al, 35204, us",1278 El Camino Real
Have-sies™,$3.39,380 Cal,"801 3rd avenue west, birmingham, al, 35204, us",1278 El Camino Real
French Fries,$3.39,370 Cal,"801 3rd avenue west, birmingham, al, 35204, us",1278 El Camino Real
Onion Rings,$3.39,360 Cal,"801 3rd avenue west, birmingham, al, 35204, us",1278 El Camino Real
Fiery Chicken Fries,$5.29,260 Cal,"801 3rd avenue west, birmingham, al, 35204, us",1278 El Camino Real
Fiery Mozzarella Fries,$5.29,450 Cal,"801 3rd avenue west, birmingham, al, 35204, us",1278 El Camino Real
Chicken Fries,$5.19,220 Cal,"801 3rd avenue west, birmingham, al, 35204, us",1278 El Camino Real
Mozzarella Fries,$3.99,480 Cal,"801 3rd avenue west, birmingham, al, 35204, us",1278 El Camino Real
Chicken Nuggets,$2.99,390 Cal,"801 3rd avenue west, birmingham, al, 35204, us",1278 El Camino Real
Mott's® Applesauce,$1.49,50 Cal,"801 3rd avenue west, birmingham, al, 35204, us",1278 El Camino Real
Crispy Tacos,$1.79,170 Cal,"801 3rd avenue west, birmingham, al, 35204, us",1278 El Camino Real
Fiery Bacon Whopper®,$6.19,800 Cal,"803 n. main, layton, ut, 84041, us",803 N. Main
Whopper,$6.19,670 Cal,"803 n. main, layton, ut, 84041, us",803 N. Main
Impossible™ Whopper,$7.19,630 Cal,"803 n. main, layton, ut, 84041, us",803 N. Main
Texas Double Whopper,$8.99,"1,090 Cal","803 n. main, layton, ut, 84041, us",803 N. Main
Double Whopper,$7.69,920 Cal,"803 n. main, layton, ut, 84041, us",803 N. Main
Triple Whopper,$7.99,"1,170 Cal","803 n. main, layton, ut, 84041, us",803 N. Main
Bacon King,$8.19,"1,200 Cal","803 n. main, layton, ut, 84041, us",803 N. Main
BBQ Bacon Whopper Jr.,$4.49,390 Cal,"803 n. main, layton, ut, 84041, us",803 N. Main
Double Whopper Jr.,$4.99,447 Cal,"803 n. main, layton, ut, 84041, us",803 N. Main
Whopper Jr.,$3.59,330 Cal,"803 n. main, layton, ut, 84041, us",803 N. Main
Bacon Double Cheeseburger,$3.99,440 Cal,"803 n. main, layton, ut, 84041, us",803 N. Main
Bacon Cheeseburger,$2.69,340 Cal,"803 n. main, layton, ut, 84041, us",803 N. Main
Double Cheeseburger,$2.99,400 Cal,"803 n. main, layton, ut, 84041, us",803 N. Main
Cheeseburger,$1.99,290 Cal,"803 n. main, layton, ut, 84041, us",803 N. Main
Rodeo Burger,$2.19,340 Cal,"803 n. main, layton, ut, 84041, us",803 N. Main
Hamburger,$1.89,250 Cal,"803 n. main, layton, ut, 84041, us",803 N. Main
Have-sies™,$2.99,380 Cal,"803 n. main, layton, ut, 84041, us",803 N. Main
French Fries,$3.19,370 Cal,"803 n. main, layton, ut, 84041, us",803 N. Main
Onion Rings,$3.19,360 Cal,"803 n. main, layton, ut, 84041, us",803 N. Main
Fiery Chicken Fries,$3.99,260 Cal,"803 n. main, layton, ut, 84041, us",803 N. Main
Fiery Mozzarella Fries,$4.59,450 Cal,"803 n. main, layton, ut, 84041, us",803 N. Main
Chicken Fries,$3.99,220 Cal,"803 n. main, layton, ut, 84041, us",803 N. Main
Mozzarella Fries,$3.99,480 Cal,"803 n. main, layton, ut, 84041, us",803 N. Main
Chicken Nuggets,$2.49,390 Cal,"803 n. main, layton, ut, 84041, us",803 N. Main
Mott's® Applesauce,$1.19,50 Cal,"803 n. main, layton, ut, 84041, us",803 N. Main
Fiery Bacon Whopper®,$9.69,800 Cal,"810 north main street, oregon, wi, 53575, us",434 East Ellendale Avenue
Whopper,$8.19,670 Cal,"810 north main street, oregon, wi, 53575, us",434 East Ellendale Avenue
Impossible™ Whopper,$9.19,630 Cal,"810 north main street, oregon, wi, 53575, us",434 East Ellendale Avenue
Texas Double Whopper,$10.89,"1,090 Cal","810 north main street, oregon, wi, 53575, us",434 East Ellendale Avenue
Double Whopper,$9.39,920 Cal,"810 north main street, oregon, wi, 53575, us",434 East Ellendale Avenue
Triple Whopper,$10.59,"1,170 Cal","810 north main street, oregon, wi, 53575, us",434 East Ellendale Avenue
Bacon King,$8.89,"1,200 Cal","810 north main street, oregon, wi, 53575, us",434 East Ellendale Avenue
BBQ Bacon Whopper Jr.,$6.19,390 Cal,"810 north main street, oregon, wi, 53575, us",434 East Ellendale Avenue
Double Whopper Jr.,$4.79,447 Cal,"810 north main street, oregon, wi, 53575, us",434 East Ellendale Avenue
Whopper Jr.,$3.59,330 Cal,"810 north main street, oregon, wi, 53575, us",434 East Ellendale Avenue
Bacon Double Cheeseburger,$3.89,440 Cal,"810 north main street, oregon, wi, 53575, us",434 East Ellendale Avenue
Bacon Cheeseburger,$3.49,340 Cal,"810 north main street, oregon, wi, 53575, us",434 East Ellendale Avenue
Double Cheeseburger,$3.49,400 Cal,"810 north main street, oregon, wi, 53575, us",434 East Ellendale Avenue
Cheeseburger,$2.69,290 Cal,"810 north main street, oregon, wi, 53575, us",434 East Ellendale Avenue
Rodeo Burger,$2.59,340 Cal,"810 north main street, oregon, wi, 53575, us",434 East Ellendale Avenue
Hamburger,$2.39,250 Cal,"810 north main street, oregon, wi, 53575, us",434 East Ellendale Avenue
Have-sies™,$3.59,380 Cal,"810 north main street, oregon, wi, 53575, us",434 East Ellendale Avenue
French Fries,$3.69,370 Cal,"810 north main street, oregon, wi, 53575, us",434 East Ellendale Avenue
Onion Rings,$3.69,360 Cal,"810 north main street, oregon, wi, 53575, us",434 East Ellendale Avenue
Fiery Chicken Fries,$5.39,260 Cal,"810 north main street, oregon, wi, 53575, us",434 East Ellendale Avenue
Fiery Mozzarella Fries,$4.29,450 Cal,"810 north main street, oregon, wi, 53575, us",434 East Ellendale Avenue
Chicken Fries,$5.39,220 Cal,"810 north main street, oregon, wi, 53575, us",434 East Ellendale Avenue
Mozzarella Fries,$3.99,480 Cal,"810 north main street, oregon, wi, 53575, us",434 East Ellendale Avenue
Chicken Nuggets,$2.49,390 Cal,"810 north main street, oregon, wi, 53575, us",434 East Ellendale Avenue
Mott's® Applesauce,$1.49,50 Cal,"810 north main street, oregon, wi, 53575, us",434 East Ellendale Avenue
Fiery Bacon Whopper®,$6.99,800 Cal,"8131 pat booker rd, live oak, tx, 78233, us",8131 Pat Booker Rd
Whopper,$6.04,670 Cal,"8131 pat booker rd, live oak, tx, 78233, us",8131 Pat Booker Rd
Impossible™ Whopper,$7.70,630 Cal,"8131 pat booker rd, live oak, tx, 78233, us",8131 Pat Booker Rd
Texas Double Whopper,$8.25,"1,090 Cal","8131 pat booker rd, live oak, tx, 78233, us",8131 Pat Booker Rd
Double Whopper,$7.17,920 Cal,"8131 pat booker rd, live oak, tx, 78233, us",8131 Pat Booker Rd
Triple Whopper,$7.84,"1,170 Cal","8131 pat booker rd, live oak, tx, 78233, us",8131 Pat Booker Rd
Bacon King,$8.53,"1,200 Cal","8131 pat booker rd, live oak, tx, 78233, us",8131 Pat Booker Rd
BBQ Bacon Whopper Jr.,$3.49,390 Cal,"8131 pat booker rd, live oak, tx, 78233, us",8131 Pat Booker Rd
Double Whopper Jr.,$4.29,447 Cal,"8131 pat booker rd, live oak, tx, 78233, us",8131 Pat Booker Rd
Whopper Jr.,$3.59,330 Cal,"8131 pat booker rd, live oak, tx, 78233, us",8131 Pat Booker Rd
Bacon Double Cheeseburger,$4.11,440 Cal,"8131 pat booker rd, live oak, tx, 78233, us",8131 Pat Booker Rd
Bacon Cheeseburger,$2.73,340 Cal,"8131 pat booker rd, live oak, tx, 78233, us",8131 Pat Booker Rd
Double Cheeseburger,$2.73,400 Cal,"8131 pat booker rd, live oak, tx, 78233, us",8131 Pat Booker Rd
Cheeseburger,$1.63,290 Cal,"8131 pat booker rd, live oak, tx, 78233, us",8131 Pat Booker Rd
Rodeo Burger,$1.54,340 Cal,"8131 pat booker rd, live oak, tx, 78233, us",8131 Pat Booker Rd
Hamburger,$1.35,250 Cal,"8131 pat booker rd, live oak, tx, 78233, us",8131 Pat Booker Rd
Have-sies™,$2.99,380 Cal,"8131 pat booker rd, live oak, tx, 78233, us",8131 Pat Booker Rd
French Fries,$2.88,370 Cal,"8131 pat booker rd, live oak, tx, 78233, us",8131 Pat Booker Rd
Onion Rings,$2.88,360 Cal,"8131 pat booker rd, live oak, tx, 78233, us",8131 Pat Booker Rd
Fiery Chicken Fries,$3.99,260 Cal,"8131 pat booker rd, live oak, tx, 78233, us",8131 Pat Booker Rd
Fiery Mozzarella Fries,$4.29,450 Cal,"8131 pat booker rd, live oak, tx, 78233, us",8131 Pat Booker Rd
Chicken Fries,$3.99,220 Cal,"8131 pat booker rd, live oak, tx, 78233, us",8131 Pat Booker Rd
Mozzarella Fries,$3.79,480 Cal,"8131 pat booker rd, live oak, tx, 78233, us",8131 Pat Booker Rd
Chicken Nuggets,$2.49,390 Cal,"8131 pat booker rd, live oak, tx, 78233, us",8131 Pat Booker Rd
Mott's® Applesauce,$1.71,50 Cal,"8131 pat booker rd, live oak, tx, 78233, us",8131 Pat Booker Rd
Whopper,$5.69,670 Cal,"819 memorial blvd, murfreesboro, tn, 37129, us",819 Memorial Blvd
Impossible™ Whopper,$6.89,630 Cal,"819 memorial blvd, murfreesboro, tn, 37129, us",819 Memorial Blvd
Double Whopper,$7.09,920 Cal,"819 memorial blvd, murfreesboro, tn, 37129, us",819 Memorial Blvd
Triple Whopper,$8.49,"1,170 Cal","819 memorial blvd, murfreesboro, tn, 37129, us",819 Memorial Blvd
Bacon King,$8.49,"1,200 Cal","819 memorial blvd, murfreesboro, tn, 37129, us",819 Memorial Blvd
BBQ Bacon Whopper Jr.,$4.39,390 Cal,"819 memorial blvd, murfreesboro, tn, 37129, us",819 Memorial Blvd
Double Whopper Jr.,$4.59,447 Cal,"819 memorial blvd, murfreesboro, tn, 37129, us",819 Memorial Blvd
Whopper Jr.,$3.59,330 Cal,"819 memorial blvd, murfreesboro, tn, 37129, us",819 Memorial Blvd
Bacon Double Cheeseburger,$4.09,440 Cal,"819 memorial blvd, murfreesboro, tn, 37129, us",819 Memorial Blvd
Bacon Cheeseburger,$2.69,340 Cal,"819 memorial blvd, murfreesboro, tn, 37129, us",819 Memorial Blvd
Double Cheeseburger,$3.29,400 Cal,"819 memorial blvd, murfreesboro, tn, 37129, us",819 Memorial Blvd
Cheeseburger,$2.19,290 Cal,"819 memorial blvd, murfreesboro, tn, 37129, us",819 Memorial Blvd
Rodeo Burger,$1.99,340 Cal,"819 memorial blvd, murfreesboro, tn, 37129, us",819 Memorial Blvd
Hamburger,$1.99,250 Cal,"819 memorial blvd, murfreesboro, tn, 37129, us",819 Memorial Blvd
Have-sies™,$3.49,380 Cal,"819 memorial blvd, murfreesboro, tn, 37129, us",819 Memorial Blvd
French Fries,$3.39,370 Cal,"819 memorial blvd, murfreesboro, tn, 37129, us",819 Memorial Blvd
Onion Rings,$3.49,360 Cal,"819 memorial blvd, murfreesboro, tn, 37129, us",819 Memorial Blvd
Chicken Fries,$3.69,220 Cal,"819 memorial blvd, murfreesboro, tn, 37129, us",819 Memorial Blvd
Mozzarella Fries,$3.89,480 Cal,"819 memorial blvd, murfreesboro, tn, 37129, us",819 Memorial Blvd
Chicken Nuggets,$2.49,390 Cal,"819 memorial blvd, murfreesboro, tn, 37129, us",819 Memorial Blvd
Mott's® Applesauce,$2.19,50 Cal,"819 memorial blvd, murfreesboro, tn, 37129, us",819 Memorial Blvd
Fiery Bacon Whopper®,$6.99,800 Cal,"819 south 3rd street, wilmington, nc, 28401, us",550 Cutting Boulevard
Whopper,$7.79,670 Cal,"819 south 3rd street, wilmington, nc, 28401, us",550 Cutting Boulevard
Impossible™ Whopper,$8.79,630 Cal,"819 south 3rd street, wilmington, nc, 28401, us",550 Cutting Boulevard
Texas Double Whopper,$10.49,"1,090 Cal","819 south 3rd street, wilmington, nc, 28401, us",550 Cutting Boulevard
Double Whopper,$8.99,920 Cal,"819 south 3rd street, wilmington, nc, 28401, us",550 Cutting Boulevard
Triple Whopper,$10.09,"1,170 Cal","819 south 3rd street, wilmington, nc, 28401, us",550 Cutting Boulevard
Bacon King,$9.09,"1,200 Cal","819 south 3rd street, wilmington, nc, 28401, us",550 Cutting Boulevard
BBQ Bacon Whopper Jr.,$3.99,390 Cal,"819 south 3rd street, wilmington, nc, 28401, us",550 Cutting Boulevard
Double Whopper Jr.,$4.19,447 Cal,"819 south 3rd street, wilmington, nc, 28401, us",550 Cutting Boulevard
Whopper Jr.,$3.99,330 Cal,"819 south 3rd street, wilmington, nc, 28401, us",550 Cutting Boulevard
Bacon Double Cheeseburger,$4.29,440 Cal,"819 south 3rd street, wilmington, nc, 28401, us",550 Cutting Boulevard
Bacon Cheeseburger,$3.39,340 Cal,"819 south 3rd street, wilmington, nc, 28401, us",550 Cutting Boulevard
Double Cheeseburger,$3.49,400 Cal,"819 south 3rd street, wilmington, nc, 28401, us",550 Cutting Boulevard
Cheeseburger,$2.49,290 Cal,"819 south 3rd street, wilmington, nc, 28401, us",550 Cutting Boulevard
Rodeo Burger,$2.49,340 Cal,"819 south 3rd street, wilmington, nc, 28401, us",550 Cutting Boulevard
Hamburger,$2.09,250 Cal,"819 south 3rd street, wilmington, nc, 28401, us",550 Cutting Boulevard
Have-sies™,$3.49,380 Cal,"819 south 3rd street, wilmington, nc, 28401, us",550 Cutting Boulevard
French Fries,$3.49,370 Cal,"819 south 3rd street, wilmington, nc, 28401, us",550 Cutting Boulevard
Onion Rings,$3.49,360 Cal,"819 south 3rd street, wilmington, nc, 28401, us",550 Cutting Boulevard
Fiery Chicken Fries,$3.99,260 Cal,"819 south 3rd street, wilmington, nc, 28401, us",550 Cutting Boulevard
Fiery Mozzarella Fries,$4.29,450 Cal,"819 south 3rd street, wilmington, nc, 28401, us",550 Cutting Boulevard
Chicken Fries,$4.19,220 Cal,"819 south 3rd street, wilmington, nc, 28401, us",550 Cutting Boulevard
Mozzarella Fries,$3.79,480 Cal,"819 south 3rd street, wilmington, nc, 28401, us",550 Cutting Boulevard
Chicken Nuggets,$2.69,390 Cal,"819 south 3rd street, wilmington, nc, 28401, us",550 Cutting Boulevard
Crispy Tacos,$1.39,170 Cal,"819 south 3rd street, wilmington, nc, 28401, us",550 Cutting Boulevard
Fiery Bacon Whopper®,$7.39,800 Cal,"8378 w overland rd., boise, id, 83709, us",8378 W Overland Rd.
Whopper,$5.79,670 Cal,"8378 w overland rd., boise, id, 83709, us",8378 W Overland Rd.
Impossible™ Whopper,$6.79,630 Cal,"8378 w overland rd., boise, id, 83709, us",8378 W Overland Rd.
Texas Double Whopper,$9.19,"1,090 Cal","8378 w overland rd., boise, id, 83709, us",8378 W Overland Rd.
Double Whopper,$7.59,920 Cal,"8378 w overland rd., boise, id, 83709, us",8378 W Overland Rd.
Triple Whopper,$9.39,"1,170 Cal","8378 w overland rd., boise, id, 83709, us",8378 W Overland Rd.
Bacon King,$8.29,"1,200 Cal","8378 w overland rd., boise, id, 83709, us",8378 W Overland Rd.
BBQ Bacon Whopper Jr.,$3.79,390 Cal,"8378 w overland rd., boise, id, 83709, us",8378 W Overland Rd.
Double Whopper Jr.,$4.09,447 Cal,"8378 w overland rd., boise, id, 83709, us",8378 W Overland Rd.
Whopper Jr.,$3.29,330 Cal,"8378 w overland rd., boise, id, 83709, us",8378 W Overland Rd.
Bacon Double Cheeseburger,$4.19,440 Cal,"8378 w overland rd., boise, id, 83709, us",8378 W Overland Rd.
Bacon Cheeseburger,$3.29,340 Cal,"8378 w overland rd., boise, id, 83709, us",8378 W Overland Rd.
Double Cheeseburger,$3.29,400 Cal,"8378 w overland rd., boise, id, 83709, us",8378 W Overland Rd.
Cheeseburger,$2.29,290 Cal,"8378 w overland rd., boise, id, 83709, us",8378 W Overland Rd.
Rodeo Burger,$2.19,340 Cal,"8378 w overland rd., boise, id, 83709, us",8378 W Overland Rd.
Hamburger,$2.09,250 Cal,"8378 w overland rd., boise, id, 83709, us",8378 W Overland Rd.
Have-sies™,$3.29,380 Cal,"8378 w overland rd., boise, id, 83709, us",8378 W Overland Rd.
French Fries,$3.29,370 Cal,"8378 w overland rd., boise, id, 83709, us",8378 W Overland Rd.
Onion Rings,$3.29,360 Cal,"8378 w overland rd., boise, id, 83709, us",8378 W Overland Rd.
Chicken Fries,$3.99,220 Cal,"8378 w overland rd., boise, id, 83709, us",8378 W Overland Rd.
Mozzarella Fries,$3.99,480 Cal,"8378 w overland rd., boise, id, 83709, us",8378 W Overland Rd.
Chicken Nuggets,$2.49,390 Cal,"8378 w overland rd., boise, id, 83709, us",8378 W Overland Rd.
Mott's® Applesauce,$1.49,50 Cal,"8378 w overland rd., boise, id, 83709, us",8378 W Overland Rd.
Whopper,$5.49,670 Cal,"85 tunnel road, asheville, nc, 28805, us",85 Tunnel Road
Impossible™ Whopper,$6.69,630 Cal,"85 tunnel road, asheville, nc, 28805, us",85 Tunnel Road
Double Whopper,$6.89,920 Cal,"85 tunnel road, asheville, nc, 28805, us",85 Tunnel Road
Triple Whopper,$8.29,"1,170 Cal","85 tunnel road, asheville, nc, 28805, us",85 Tunnel Road
Bacon King,$7.49,"1,200 Cal","85 tunnel road, asheville, nc, 28805, us",85 Tunnel Road
BBQ Bacon Whopper Jr.,$3.89,390 Cal,"85 tunnel road, asheville, nc, 28805, us",85 Tunnel Road
Double Whopper Jr.,$4.09,447 Cal,"85 tunnel road, asheville, nc, 28805, us",85 Tunnel Road
Whopper Jr.,$3.09,330 Cal,"85 tunnel road, asheville, nc, 28805, us",85 Tunnel Road
Bacon Double Cheeseburger,$4.09,440 Cal,"85 tunnel road, asheville, nc, 28805, us",85 Tunnel Road
Bacon Cheeseburger,$2.39,340 Cal,"85 tunnel road, asheville, nc, 28805, us",85 Tunnel Road
Double Cheeseburger,$3.29,400 Cal,"85 tunnel road, asheville, nc, 28805, us",85 Tunnel Road
Cheeseburger,$1.99,290 Cal,"85 tunnel road, asheville, nc, 28805, us",85 Tunnel Road
Rodeo Burger,$1.89,340 Cal,"85 tunnel road, asheville, nc, 28805, us",85 Tunnel Road
Hamburger,$1.79,250 Cal,"85 tunnel road, asheville, nc, 28805, us",85 Tunnel Road
Have-sies™,$3.29,380 Cal,"85 tunnel road, asheville, nc, 28805, us",85 Tunnel Road
French Fries,$3.19,370 Cal,"85 tunnel road, asheville, nc, 28805, us",85 Tunnel Road
Onion Rings,$3.29,360 Cal,"85 tunnel road, asheville, nc, 28805, us",85 Tunnel Road
Chicken Fries,$3.69,220 Cal,"85 tunnel road, asheville, nc, 28805, us",85 Tunnel Road
Mozzarella Fries,$3.89,480 Cal,"85 tunnel road, asheville, nc, 28805, us",85 Tunnel Road
Chicken Nuggets,$2.49,390 Cal,"85 tunnel road, asheville, nc, 28805, us",85 Tunnel Road
Mott's® Applesauce,$1.89,50 Cal,"85 tunnel road, asheville, nc, 28805, us",85 Tunnel Road
Fiery Bacon Whopper®,$6.59,800 Cal,"9009 clinton drive, houston, tx, 77029, us",9009 Clinton Drive
Whopper,$5.49,670 Cal,"9009 clinton drive, houston, tx, 77029, us",9009 Clinton Drive
Impossible™ Whopper,$6.49,630 Cal,"9009 clinton drive, houston, tx, 77029, us",9009 Clinton Drive
Texas Double Whopper,$8.59,"1,090 Cal","9009 clinton drive, houston, tx, 77029, us",9009 Clinton Drive
Double Whopper,$6.59,920 Cal,"9009 clinton drive, houston, tx, 77029, us",9009 Clinton Drive
Triple Whopper,$7.69,"1,170 Cal","9009 clinton drive, houston, tx, 77029, us",9009 Clinton Drive
Bacon King,$8.59,"1,200 Cal","9009 clinton drive, houston, tx, 77029, us",9009 Clinton Drive
BBQ Bacon Whopper Jr.,$4.09,390 Cal,"9009 clinton drive, houston, tx, 77029, us",9009 Clinton Drive
Double Whopper Jr.,$3.49,447 Cal,"9009 clinton drive, houston, tx, 77029, us",9009 Clinton Drive
Whopper Jr.,$2.59,330 Cal,"9009 clinton drive, houston, tx, 77029, us",9009 Clinton Drive
Bacon Double Cheeseburger,$3.59,440 Cal,"9009 clinton drive, houston, tx, 77029, us",9009 Clinton Drive
Bacon Cheeseburger,$2.49,340 Cal,"9009 clinton drive, houston, tx, 77029, us",9009 Clinton Drive
Double Cheeseburger,$2.89,400 Cal,"9009 clinton drive, houston, tx, 77029, us",9009 Clinton Drive
Cheeseburger,$1.89,290 Cal,"9009 clinton drive, houston, tx, 77029, us",9009 Clinton Drive
Rodeo Burger,$1.89,340 Cal,"9009 clinton drive, houston, tx, 77029, us",9009 Clinton Drive
Hamburger,$1.69,250 Cal,"9009 clinton drive, houston, tx, 77029, us",9009 Clinton Drive
Have-sies™,$2.69,380 Cal,"9009 clinton drive, houston, tx, 77029, us",9009 Clinton Drive
French Fries,$2.69,370 Cal,"9009 clinton drive, houston, tx, 77029, us",9009 Clinton Drive
Onion Rings,$2.69,360 Cal,"9009 clinton drive, houston, tx, 77029, us",9009 Clinton Drive
Fiery Chicken Fries,$3.99,260 Cal,"9009 clinton drive, houston, tx, 77029, us",9009 Clinton Drive
Fiery Mozzarella Fries,$4.29,450 Cal,"9009 clinton drive, houston, tx, 77029, us",9009 Clinton Drive
Chicken Fries,$3.99,220 Cal,"9009 clinton drive, houston, tx, 77029, us",9009 Clinton Drive
Mozzarella Fries,$3.99,480 Cal,"9009 clinton drive, houston, tx, 77029, us",9009 Clinton Drive
Chicken Nuggets,$2.49,390 Cal,"9009 clinton drive, houston, tx, 77029, us",9009 Clinton Drive
Mott's® Applesauce,$1.59,50 Cal,"9009 clinton drive, houston, tx, 77029, us",9009 Clinton Drive
Crispy Tacos,$1.39,170 Cal,"9009 clinton drive, houston, tx, 77029, us",9009 Clinton Drive
