menu_item,menu_item_price,menu_item_calories,input_address,restaurant_address
Fiery Bacon Whopper®,$8.99,800 Cal,"10055 cedar avenue, bloomington, ca, 92316, us",10055 Cedar Avenue
Whopper,$7.99,670 Cal,"10055 cedar avenue, bloomington, ca, 92316, us",10055 Cedar Avenue
Impossible™ Whopper,$8.49,630 Cal,"10055 cedar avenue, bloomington, ca, 92316, us",10055 Cedar Avenue
Texas Double Whopper,$10.29,"1,090 Cal","10055 cedar avenue, bloomington, ca, 92316, us",10055 Cedar Avenue
Double Whopper,$9.19,920 Cal,"10055 cedar avenue, bloomington, ca, 92316, us",10055 Cedar Avenue
Triple Whopper,$10.39,"1,170 Cal","10055 cedar avenue, bloomington, ca, 92316, us",10055 Cedar Avenue
Bacon King,$9.49,"1,200 Cal","10055 cedar avenue, bloomington, ca, 92316, us",10055 Cedar Avenue
BBQ Bacon Whopper Jr.,$4.79,390 Cal,"10055 cedar avenue, bloomington, ca, 92316, us",10055 Cedar Avenue
Double Whopper Jr.,$5.99,447 Cal,"10055 cedar avenue, bloomington, ca, 92316, us",10055 Cedar Avenue
Whopper Jr.,$4.59,330 Cal,"10055 cedar avenue, bloomington, ca, 92316, us",10055 Cedar Avenue
Bacon Double Cheeseburger,$4.39,440 Cal,"10055 cedar avenue, bloomington, ca, 92316, us",10055 Cedar Avenue
Bacon Cheeseburger,$3.19,340 Cal,"10055 cedar avenue, bloomington, ca, 92316, us",10055 Cedar Avenue
Double Cheeseburger,$3.59,400 Cal,"10055 cedar avenue, bloomington, ca, 92316, us",10055 Cedar Avenue
Cheeseburger,$2.79,290 Cal,"10055 cedar avenue, bloomington, ca, 92316, us",10055 Cedar Avenue
Rodeo Burger,$2.79,340 Cal,"10055 cedar avenue, bloomington, ca, 92316, us",10055 Cedar Avenue
Hamburger,$1.89,250 Cal,"10055 cedar avenue, bloomington, ca, 92316, us",10055 Cedar Avenue
Have-sies™,$3.79,380 Cal,"10055 cedar avenue, bloomington, ca, 92316, us",10055 Cedar Avenue
French Fries,$3.99,370 Cal,"10055 cedar avenue, bloomington, ca, 92316, us",10055 Cedar Avenue
Onion Rings,$3.99,360 Cal,"10055 cedar avenue, bloomington, ca, 92316, us",10055 Cedar Avenue
Fiery Chicken Fries,$4.89,260 Cal,"10055 cedar avenue, bloomington, ca, 92316, us",10055 Cedar Avenue
Fiery Mozzarella Fries,$4.89,450 Cal,"10055 cedar avenue, bloomington, ca, 92316, us",10055 Cedar Avenue
Chicken Fries,$4.99,220 Cal,"10055 cedar avenue, bloomington, ca, 92316, us",10055 Cedar Avenue
Mozzarella Fries,$4.89,480 Cal,"10055 cedar avenue, bloomington, ca, 92316, us",10055 Cedar Avenue
Chicken Nuggets,$3.49,390 Cal,"10055 cedar avenue, bloomington, ca, 92316, us",10055 Cedar Avenue
Mott's® Applesauce,$2.29,50 Cal,"10055 cedar avenue, bloomington, ca, 92316, us",10055 Cedar Avenue
Fiery Bacon Whopper®,$6.99,800 Cal,"1030 mclaughlin ave., san jose, ca, 95122, us",1030 Mclaughlin Ave.
Whopper,$7.79,670 Cal,"1030 mclaughlin ave., san jose, ca, 95122, us",1030 Mclaughlin Ave.
Impossible™ Whopper,$8.79,630 Cal,"1030 mclaughlin ave., san jose, ca, 95122, us",1030 Mclaughlin Ave.
Texas Double Whopper,$10.49,"1,090 Cal","1030 mclaughlin ave., san jose, ca, 95122, us",1030 Mclaughlin Ave.
Double Whopper,$8.99,920 Cal,"1030 mclaughlin ave., san jose, ca, 95122, us",1030 Mclaughlin Ave.
Triple Whopper,$10.09,"1,170 Cal","1030 mclaughlin ave., san jose, ca, 95122, us",1030 Mclaughlin Ave.
Bacon King,$9.09,"1,200 Cal","1030 mclaughlin ave., san jose, ca, 95122, us",1030 Mclaughlin Ave.
BBQ Bacon Whopper Jr.,$3.99,390 Cal,"1030 mclaughlin ave., san jose, ca, 95122, us",1030 Mclaughlin Ave.
Double Whopper Jr.,$4.19,447 Cal,"1030 mclaughlin ave., san jose, ca, 95122, us",1030 Mclaughlin Ave.
Whopper Jr.,$3.99,330 Cal,"1030 mclaughlin ave., san jose, ca, 95122, us",1030 Mclaughlin Ave.
Bacon Double Cheeseburger,$4.29,440 Cal,"1030 mclaughlin ave., san jose, ca, 95122, us",1030 Mclaughlin Ave.
Bacon Cheeseburger,$3.39,340 Cal,"1030 mclaughlin ave., san jose, ca, 95122, us",1030 Mclaughlin Ave.
Double Cheeseburger,$3.49,400 Cal,"1030 mclaughlin ave., san jose, ca, 95122, us",1030 Mclaughlin Ave.
Cheeseburger,$2.49,290 Cal,"1030 mclaughlin ave., san jose, ca, 95122, us",1030 Mclaughlin Ave.
Rodeo Burger,$2.49,340 Cal,"1030 mclaughlin ave., san jose, ca, 95122, us",1030 Mclaughlin Ave.
Hamburger,$2.09,250 Cal,"1030 mclaughlin ave., san jose, ca, 95122, us",1030 Mclaughlin Ave.
Have-sies™,$3.49,380 Cal,"1030 mclaughlin ave., san jose, ca, 95122, us",1030 Mclaughlin Ave.
French Fries,$3.49,370 Cal,"1030 mclaughlin ave., san jose, ca, 95122, us",1030 Mclaughlin Ave.
Onion Rings,$3.49,360 Cal,"1030 mclaughlin ave., san jose, ca, 95122, us",1030 Mclaughlin Ave.
Fiery Chicken Fries,$3.99,260 Cal,"1030 mclaughlin ave., san jose, ca, 95122, us",1030 Mclaughlin Ave.
Fiery Mozzarella Fries,$4.29,450 Cal,"1030 mclaughlin ave., san jose, ca, 95122, us",1030 Mclaughlin Ave.
Chicken Fries,$4.19,220 Cal,"1030 mclaughlin ave., san jose, ca, 95122, us",1030 Mclaughlin Ave.
Mozzarella Fries,$3.79,480 Cal,"1030 mclaughlin ave., san jose, ca, 95122, us",1030 Mclaughlin Ave.
Chicken Nuggets,$2.69,390 Cal,"1030 mclaughlin ave., san jose, ca, 95122, us",1030 Mclaughlin Ave.
Crispy Tacos,$1.39,170 Cal,"1030 mclaughlin ave., san jose, ca, 95122, us",1030 Mclaughlin Ave.
Fiery Bacon Whopper®,$8.59,800 Cal,"1042 north carpenter road, modesto, ca, 95351, us",1042 North Carpenter Road
Whopper,$7.49,670 Cal,"1042 north carpenter road, modesto, ca, 95351, us",1042 North Carpenter Road
Impossible™ Whopper,$7.99,630 Cal,"1042 north carpenter road, modesto, ca, 95351, us",1042 North Carpenter Road
Texas Double Whopper,$9.89,"1,090 Cal","1042 north carpenter road, modesto, ca, 95351, us",1042 North Carpenter Road
Double Whopper,$8.49,920 Cal,"1042 north carpenter road, modesto, ca, 95351, us",1042 North Carpenter Road
Triple Whopper,$9.49,"1,170 Cal","1042 north carpenter road, modesto, ca, 95351, us",1042 North Carpenter Road
Bacon King,$10.39,"1,200 Cal","1042 north carpenter road, modesto, ca, 95351, us",1042 North Carpenter Road
BBQ Bacon Whopper Jr.,$5.79,390 Cal,"1042 north carpenter road, modesto, ca, 95351, us",1042 North Carpenter Road
Double Whopper Jr.,$5.19,447 Cal,"1042 north carpenter road, modesto, ca, 95351, us",1042 North Carpenter Road
Whopper Jr.,$4.19,330 Cal,"1042 north carpenter road, modesto, ca, 95351, us",1042 North Carpenter Road
Bacon Double Cheeseburger,$4.59,440 Cal,"1042 north carpenter road, modesto, ca, 95351, us",1042 North Carpenter Road
Bacon Cheeseburger,$3.59,340 Cal,"1042 north carpenter road, modesto, ca, 95351, us",1042 North Carpenter Road
Double Cheeseburger,$3.79,400 Cal,"1042 north carpenter road, modesto, ca, 95351, us",1042 North Carpenter Road
Cheeseburger,$3.29,290 Cal,"1042 north carpenter road, modesto, ca, 95351, us",1042 North Carpenter Road
Rodeo Burger,$3.29,340 Cal,"1042 north carpenter road, modesto, ca, 95351, us",1042 North Carpenter Road
Hamburger,$2.89,250 Cal,"1042 north carpenter road, modesto, ca, 95351, us",1042 North Carpenter Road
Have-sies™,$4.39,380 Cal,"1042 north carpenter road, modesto, ca, 95351, us",1042 North Carpenter Road
French Fries,$4.09,370 Cal,"1042 north carpenter road, modesto, ca, 95351, us",1042 North Carpenter Road
Onion Rings,$4.09,360 Cal,"1042 north carpenter road, modesto, ca, 95351, us",1042 North Carpenter Road
Fiery Chicken Fries,$4.99,260 Cal,"1042 north carpenter road, modesto, ca, 95351, us",1042 North Carpenter Road
Fiery Mozzarella Fries,$5.29,450 Cal,"1042 north carpenter road, modesto, ca, 95351, us",1042 North Carpenter Road
Chicken Fries,$4.99,220 Cal,"1042 north carpenter road, modesto, ca, 95351, us",1042 North Carpenter Road
Mozzarella Fries,$4.99,480 Cal,"1042 north carpenter road, modesto, ca, 95351, us",1042 North Carpenter Road
Chicken Nuggets,$2.99,390 Cal,"1042 north carpenter road, modesto, ca, 95351, us",1042 North Carpenter Road
Mott's® Applesauce,$1.49,50 Cal,"1042 north carpenter road, modesto, ca, 95351, us",1042 North Carpenter Road
Crispy Tacos,$1.49,170 Cal,"1042 north carpenter road, modesto, ca, 95351, us",1042 North Carpenter Road
Fiery Bacon Whopper®,$9.99,800 Cal,"111, colma, ca, 94014, us",111 Colma Boulevard
Whopper,$7.89,670 Cal,"111, colma, ca, 94014, us",111 Colma Boulevard
Impossible™ Whopper,$8.89,630 Cal,"111, colma, ca, 94014, us",111 Colma Boulevard
Texas Double Whopper,$10.59,"1,090 Cal","111, colma, ca, 94014, us",111 Colma Boulevard
Double Whopper,$8.99,920 Cal,"111, colma, ca, 94014, us",111 Colma Boulevard
Triple Whopper,$10.19,"1,170 Cal","111, colma, ca, 94014, us",111 Colma Boulevard
Bacon King,$9.19,"1,200 Cal","111, colma, ca, 94014, us",111 Colma Boulevard
BBQ Bacon Whopper Jr.,$3.89,390 Cal,"111, colma, ca, 94014, us",111 Colma Boulevard
Double Whopper Jr.,$5.79,447 Cal,"111, colma, ca, 94014, us",111 Colma Boulevard
Whopper Jr.,$4.19,330 Cal,"111, colma, ca, 94014, us",111 Colma Boulevard
Bacon Double Cheeseburger,$4.39,440 Cal,"111, colma, ca, 94014, us",111 Colma Boulevard
Bacon Cheeseburger,$3.69,340 Cal,"111, colma, ca, 94014, us",111 Colma Boulevard
Double Cheeseburger,$3.69,400 Cal,"111, colma, ca, 94014, us",111 Colma Boulevard
Cheeseburger,$2.89,290 Cal,"111, colma, ca, 94014, us",111 Colma Boulevard
Rodeo Burger,$2.89,340 Cal,"111, colma, ca, 94014, us",111 Colma Boulevard
Hamburger,$2.49,250 Cal,"111, colma, ca, 94014, us",111 Colma Boulevard
Have-sies™,$4.59,380 Cal,"111, colma, ca, 94014, us",111 Colma Boulevard
French Fries,$4.59,370 Cal,"111, colma, ca, 94014, us",111 Colma Boulevard
Onion Rings,$4.59,360 Cal,"111, colma, ca, 94014, us",111 Colma Boulevard
Fiery Chicken Fries,$4.29,260 Cal,"111, colma, ca, 94014, us",111 Colma Boulevard
Fiery Mozzarella Fries,$4.29,450 Cal,"111, colma, ca, 94014, us",111 Colma Boulevard
Chicken Fries,$4.29,220 Cal,"111, colma, ca, 94014, us",111 Colma Boulevard
Mozzarella Fries,$3.79,480 Cal,"111, colma, ca, 94014, us",111 Colma Boulevard
Chicken Nuggets,$2.99,390 Cal,"111, colma, ca, 94014, us",111 Colma Boulevard
Mott's® Applesauce,$2.19,50 Cal,"111, colma, ca, 94014, us",111 Colma Boulevard
Fiery Bacon Whopper®,$8.99,800 Cal,"1153 north h street, lompoc, ca, 93436, us",1153 North H Street
Whopper,$7.99,670 Cal,"1153 north h street, lompoc, ca, 93436, us",1153 North H Street
Impossible™ Whopper,$8.49,630 Cal,"1153 north h street, lompoc, ca, 93436, us",1153 North H Street
Texas Double Whopper,$10.29,"1,090 Cal","1153 north h street, lompoc, ca, 93436, us",1153 North H Street
Double Whopper,$9.19,920 Cal,"1153 north h street, lompoc, ca, 93436, us",1153 North H Street
Triple Whopper,$10.39,"1,170 Cal","1153 north h street, lompoc, ca, 93436, us",1153 North H Street
Bacon King,$9.49,"1,200 Cal","1153 north h street, lompoc, ca, 93436, us",1153 North H Street
BBQ Bacon Whopper Jr.,$5.49,390 Cal,"1153 north h street, lompoc, ca, 93436, us",1153 North H Street
Double Whopper Jr.,$5.99,447 Cal,"1153 north h street, lompoc, ca, 93436, us",1153 North H Street
Whopper Jr.,$4.59,330 Cal,"1153 north h street, lompoc, ca, 93436, us",1153 North H Street
Bacon Double Cheeseburger,$4.39,440 Cal,"1153 north h street, lompoc, ca, 93436, us",1153 North H Street
Bacon Cheeseburger,$3.19,340 Cal,"1153 north h street, lompoc, ca, 93436, us",1153 North H Street
Double Cheeseburger,$3.59,400 Cal,"1153 north h street, lompoc, ca, 93436, us",1153 North H Street
Cheeseburger,$2.79,290 Cal,"1153 north h street, lompoc, ca, 93436, us",1153 North H Street
Rodeo Burger,$2.79,340 Cal,"1153 north h street, lompoc, ca, 93436, us",1153 North H Street
Hamburger,$1.89,250 Cal,"1153 north h street, lompoc, ca, 93436, us",1153 North H Street
Have-sies™,$3.79,380 Cal,"1153 north h street, lompoc, ca, 93436, us",1153 North H Street
French Fries,$3.99,370 Cal,"1153 north h street, lompoc, ca, 93436, us",1153 North H Street
Onion Rings,$3.99,360 Cal,"1153 north h street, lompoc, ca, 93436, us",1153 North H Street
Fiery Chicken Fries,$4.89,260 Cal,"1153 north h street, lompoc, ca, 93436, us",1153 North H Street
Fiery Mozzarella Fries,$4.89,450 Cal,"1153 north h street, lompoc, ca, 93436, us",1153 North H Street
Chicken Fries,$4.89,220 Cal,"1153 north h street, lompoc, ca, 93436, us",1153 North H Street
Mozzarella Fries,$4.89,480 Cal,"1153 north h street, lompoc, ca, 93436, us",1153 North H Street
Chicken Nuggets,$3.49,390 Cal,"1153 north h street, lompoc, ca, 93436, us",1153 North H Street
Mott's® Applesauce,$2.29,50 Cal,"1153 north h street, lompoc, ca, 93436, us",1153 North H Street
Fiery Bacon Whopper®,$8.99,800 Cal,"1181 old oakland road, san jose, ca, 95112, us",6477 Almaden Rd Spc D-1a
Whopper,$7.99,670 Cal,"1181 old oakland road, san jose, ca, 95112, us",6477 Almaden Rd Spc D-1a
Impossible™ Whopper,$9.09,630 Cal,"1181 old oakland road, san jose, ca, 95112, us",6477 Almaden Rd Spc D-1a
Texas Double Whopper,$10.49,"1,090 Cal","1181 old oakland road, san jose, ca, 95112, us",6477 Almaden Rd Spc D-1a
Double Whopper,$8.99,920 Cal,"1181 old oakland road, san jose, ca, 95112, us",6477 Almaden Rd Spc D-1a
Triple Whopper,$9.99,"1,170 Cal","1181 old oakland road, san jose, ca, 95112, us",6477 Almaden Rd Spc D-1a
Bacon King,$10.99,"1,200 Cal","1181 old oakland road, san jose, ca, 95112, us",6477 Almaden Rd Spc D-1a
BBQ Bacon Whopper Jr.,$3.49,390 Cal,"1181 old oakland road, san jose, ca, 95112, us",6477 Almaden Rd Spc D-1a
Double Whopper Jr.,$4.49,447 Cal,"1181 old oakland road, san jose, ca, 95112, us",6477 Almaden Rd Spc D-1a
Whopper Jr.,$4.49,330 Cal,"1181 old oakland road, san jose, ca, 95112, us",6477 Almaden Rd Spc D-1a
Bacon Double Cheeseburger,$3.29,440 Cal,"1181 old oakland road, san jose, ca, 95112, us",6477 Almaden Rd Spc D-1a
Bacon Cheeseburger,$2.79,340 Cal,"1181 old oakland road, san jose, ca, 95112, us",6477 Almaden Rd Spc D-1a
Double Cheeseburger,$2.99,400 Cal,"1181 old oakland road, san jose, ca, 95112, us",6477 Almaden Rd Spc D-1a
Cheeseburger,$2.64,290 Cal,"1181 old oakland road, san jose, ca, 95112, us",6477 Almaden Rd Spc D-1a
Rodeo Burger,$2.49,340 Cal,"1181 old oakland road, san jose, ca, 95112, us",6477 Almaden Rd Spc D-1a
Hamburger,$2.29,250 Cal,"1181 old oakland road, san jose, ca, 95112, us",6477 Almaden Rd Spc D-1a
Have-sies™,$4.89,380 Cal,"1181 old oakland road, san jose, ca, 95112, us",6477 Almaden Rd Spc D-1a
French Fries,$4.69,370 Cal,"1181 old oakland road, san jose, ca, 95112, us",6477 Almaden Rd Spc D-1a
Onion Rings,$4.69,360 Cal,"1181 old oakland road, san jose, ca, 95112, us",6477 Almaden Rd Spc D-1a
Fiery Chicken Fries,$5.99,260 Cal,"1181 old oakland road, san jose, ca, 95112, us",6477 Almaden Rd Spc D-1a
Fiery Mozzarella Fries,$5.99,450 Cal,"1181 old oakland road, san jose, ca, 95112, us",6477 Almaden Rd Spc D-1a
Chicken Fries,$5.99,220 Cal,"1181 old oakland road, san jose, ca, 95112, us",6477 Almaden Rd Spc D-1a
Mozzarella Fries,$5.99,480 Cal,"1181 old oakland road, san jose, ca, 95112, us",6477 Almaden Rd Spc D-1a
Chicken Nuggets,$2.99,390 Cal,"1181 old oakland road, san jose, ca, 95112, us",6477 Almaden Rd Spc D-1a
Mott's® Applesauce,$1.69,50 Cal,"1181 old oakland road, san jose, ca, 95112, us",6477 Almaden Rd Spc D-1a
Crispy Tacos,$1.49,170 Cal,"1181 old oakland road, san jose, ca, 95112, us",6477 Almaden Rd Spc D-1a
Fiery Bacon Whopper®,$8.99,800 Cal,"2170 monterey road, san jose, ca, 95112, us",2170 Monterey Road
Whopper,$7.99,670 Cal,"2170 monterey road, san jose, ca, 95112, us",2170 Monterey Road
Impossible™ Whopper,$9.09,630 Cal,"2170 monterey road, san jose, ca, 95112, us",2170 Monterey Road
Texas Double Whopper,$10.49,"1,090 Cal","2170 monterey road, san jose, ca, 95112, us",2170 Monterey Road
Double Whopper,$8.99,920 Cal,"2170 monterey road, san jose, ca, 95112, us",2170 Monterey Road
Triple Whopper,$9.99,"1,170 Cal","2170 monterey road, san jose, ca, 95112, us",2170 Monterey Road
Bacon King,$10.99,"1,200 Cal","2170 monterey road, san jose, ca, 95112, us",2170 Monterey Road
BBQ Bacon Whopper Jr.,$3.49,390 Cal,"2170 monterey road, san jose, ca, 95112, us",2170 Monterey Road
Double Whopper Jr.,$4.49,447 Cal,"2170 monterey road, san jose, ca, 95112, us",2170 Monterey Road
Whopper Jr.,$4.49,330 Cal,"2170 monterey road, san jose, ca, 95112, us",2170 Monterey Road
Bacon Double Cheeseburger,$3.29,440 Cal,"2170 monterey road, san jose, ca, 95112, us",2170 Monterey Road
Bacon Cheeseburger,$2.79,340 Cal,"2170 monterey road, san jose, ca, 95112, us",2170 Monterey Road
Double Cheeseburger,$2.99,400 Cal,"2170 monterey road, san jose, ca, 95112, us",2170 Monterey Road
Cheeseburger,$2.64,290 Cal,"2170 monterey road, san jose, ca, 95112, us",2170 Monterey Road
Rodeo Burger,$2.49,340 Cal,"2170 monterey road, san jose, ca, 95112, us",2170 Monterey Road
Hamburger,$2.29,250 Cal,"2170 monterey road, san jose, ca, 95112, us",2170 Monterey Road
Have-sies™,$4.89,380 Cal,"2170 monterey road, san jose, ca, 95112, us",2170 Monterey Road
French Fries,$4.69,370 Cal,"2170 monterey road, san jose, ca, 95112, us",2170 Monterey Road
Onion Rings,$4.69,360 Cal,"2170 monterey road, san jose, ca, 95112, us",2170 Monterey Road
Fiery Chicken Fries,$5.99,260 Cal,"2170 monterey road, san jose, ca, 95112, us",2170 Monterey Road
Fiery Mozzarella Fries,$5.99,450 Cal,"2170 monterey road, san jose, ca, 95112, us",2170 Monterey Road
Chicken Fries,$5.99,220 Cal,"2170 monterey road, san jose, ca, 95112, us",2170 Monterey Road
Mozzarella Fries,$5.99,480 Cal,"2170 monterey road, san jose, ca, 95112, us",2170 Monterey Road
Chicken Nuggets,$2.99,390 Cal,"2170 monterey road, san jose, ca, 95112, us",2170 Monterey Road
Mott's® Applesauce,$1.69,50 Cal,"2170 monterey road, san jose, ca, 95112, us",2170 Monterey Road
Crispy Tacos,$1.49,170 Cal,"2170 monterey road, san jose, ca, 95112, us",2170 Monterey Road
Fiery Bacon Whopper®,$9.69,800 Cal,"1201 south, anaheim, ca, 92805, us",1201 South Anaheim Blvd
Whopper,$7.99,670 Cal,"1201 south, anaheim, ca, 92805, us",1201 South Anaheim Blvd
Impossible™ Whopper,$8.99,630 Cal,"1201 south, anaheim, ca, 92805, us",1201 South Anaheim Blvd
Texas Double Whopper,$10.99,"1,090 Cal","1201 south, anaheim, ca, 92805, us",1201 South Anaheim Blvd
Double Whopper,$8.99,920 Cal,"1201 south, anaheim, ca, 92805, us",1201 South Anaheim Blvd
Triple Whopper,$11.99,"1,170 Cal","1201 south, anaheim, ca, 92805, us",1201 South Anaheim Blvd
Bacon King,$9.99,"1,200 Cal","1201 south, anaheim, ca, 92805, us",1201 South Anaheim Blvd
Double Whopper Jr.,$4.99,447 Cal,"1201 south, anaheim, ca, 92805, us",1201 South Anaheim Blvd
Whopper Jr.,$4.99,330 Cal,"1201 south, anaheim, ca, 92805, us",1201 South Anaheim Blvd
Bacon Double Cheeseburger,$4.59,440 Cal,"1201 south, anaheim, ca, 92805, us",1201 South Anaheim Blvd
Bacon Cheeseburger,$3.99,340 Cal,"1201 south, anaheim, ca, 92805, us",1201 South Anaheim Blvd
Double Cheeseburger,$3.99,400 Cal,"1201 south, anaheim, ca, 92805, us",1201 South Anaheim Blvd
Cheeseburger,$2.99,290 Cal,"1201 south, anaheim, ca, 92805, us",1201 South Anaheim Blvd
Rodeo Burger,$3.29,340 Cal,"1201 south, anaheim, ca, 92805, us",1201 South Anaheim Blvd
Hamburger,$2.69,250 Cal,"1201 south, anaheim, ca, 92805, us",1201 South Anaheim Blvd
Have-sies™,$3.99,380 Cal,"1201 south, anaheim, ca, 92805, us",1201 South Anaheim Blvd
French Fries,$3.99,370 Cal,"1201 south, anaheim, ca, 92805, us",1201 South Anaheim Blvd
Onion Rings,$3.99,360 Cal,"1201 south, anaheim, ca, 92805, us",1201 South Anaheim Blvd
Chicken Fries,$5.99,220 Cal,"1201 south, anaheim, ca, 92805, us",1201 South Anaheim Blvd
Mozzarella Fries,$6.49,480 Cal,"1201 south, anaheim, ca, 92805, us",1201 South Anaheim Blvd
Chicken Nuggets,$2.99,390 Cal,"1201 south, anaheim, ca, 92805, us",1201 South Anaheim Blvd
Mott's® Applesauce,$2.49,50 Cal,"1201 south, anaheim, ca, 92805, us",1201 South Anaheim Blvd
Crispy Tacos,$1.50,170 Cal,"1201 south, anaheim, ca, 92805, us",1201 South Anaheim Blvd
Fiery Bacon Whopper®,$9.99,800 Cal,"1210 11th ave, san diego, ca, 92101, us",3900 Geary Boulevard
Whopper,$7.99,670 Cal,"1210 11th ave, san diego, ca, 92101, us",3900 Geary Boulevard
Impossible™ Whopper,$8.99,630 Cal,"1210 11th ave, san diego, ca, 92101, us",3900 Geary Boulevard
Texas Double Whopper,$10.79,"1,090 Cal","1210 11th ave, san diego, ca, 92101, us",3900 Geary Boulevard
Double Whopper,$9.49,920 Cal,"1210 11th ave, san diego, ca, 92101, us",3900 Geary Boulevard
Triple Whopper,$10.69,"1,170 Cal","1210 11th ave, san diego, ca, 92101, us",3900 Geary Boulevard
Bacon King,$9.99,"1,200 Cal","1210 11th ave, san diego, ca, 92101, us",3900 Geary Boulevard
BBQ Bacon Whopper Jr.,$3.89,390 Cal,"1210 11th ave, san diego, ca, 92101, us",3900 Geary Boulevard
Double Whopper Jr.,$6.29,447 Cal,"1210 11th ave, san diego, ca, 92101, us",3900 Geary Boulevard
Whopper Jr.,$4.19,330 Cal,"1210 11th ave, san diego, ca, 92101, us",3900 Geary Boulevard
Bacon Double Cheeseburger,$3.99,440 Cal,"1210 11th ave, san diego, ca, 92101, us",3900 Geary Boulevard
Bacon Cheeseburger,$3.29,340 Cal,"1210 11th ave, san diego, ca, 92101, us",3900 Geary Boulevard
Double Cheeseburger,$3.59,400 Cal,"1210 11th ave, san diego, ca, 92101, us",3900 Geary Boulevard
Cheeseburger,$2.79,290 Cal,"1210 11th ave, san diego, ca, 92101, us",3900 Geary Boulevard
Rodeo Burger,$2.79,340 Cal,"1210 11th ave, san diego, ca, 92101, us",3900 Geary Boulevard
Hamburger,$2.39,250 Cal,"1210 11th ave, san diego, ca, 92101, us",3900 Geary Boulevard
Have-sies™,$4.59,380 Cal,"1210 11th ave, san diego, ca, 92101, us",3900 Geary Boulevard
French Fries,$4.59,370 Cal,"1210 11th ave, san diego, ca, 92101, us",3900 Geary Boulevard
Onion Rings,$4.59,360 Cal,"1210 11th ave, san diego, ca, 92101, us",3900 Geary Boulevard
Fiery Chicken Fries,$4.29,260 Cal,"1210 11th ave, san diego, ca, 92101, us",3900 Geary Boulevard
Fiery Mozzarella Fries,$4.29,450 Cal,"1210 11th ave, san diego, ca, 92101, us",3900 Geary Boulevard
Chicken Fries,$4.29,220 Cal,"1210 11th ave, san diego, ca, 92101, us",3900 Geary Boulevard
Mozzarella Fries,$3.49,480 Cal,"1210 11th ave, san diego, ca, 92101, us",3900 Geary Boulevard
Chicken Nuggets,$2.99,390 Cal,"1210 11th ave, san diego, ca, 92101, us",3900 Geary Boulevard
Mott's® Applesauce,$2.19,50 Cal,"1210 11th ave, san diego, ca, 92101, us",3900 Geary Boulevard
Fiery Bacon Whopper®,$9.39,800 Cal,"1220 south 28th street, san diego, ca, 92113, us",1220 South 28th Street
Whopper,$7.09,670 Cal,"1220 south 28th street, san diego, ca, 92113, us",1220 South 28th Street
Impossible™ Whopper,$8.29,630 Cal,"1220 south 28th street, san diego, ca, 92113, us",1220 South 28th Street
Texas Double Whopper,$10.29,"1,090 Cal","1220 south 28th street, san diego, ca, 92113, us",1220 South 28th Street
Double Whopper,$8.59,920 Cal,"1220 south 28th street, san diego, ca, 92113, us",1220 South 28th Street
Triple Whopper,$10.09,"1,170 Cal","1220 south 28th street, san diego, ca, 92113, us",1220 South 28th Street
Bacon King,$8.99,"1,200 Cal","1220 south 28th street, san diego, ca, 92113, us",1220 South 28th Street
Double Whopper Jr.,$5.09,447 Cal,"1220 south 28th street, san diego, ca, 92113, us",1220 South 28th Street
Whopper Jr.,$3.69,330 Cal,"1220 south 28th street, san diego, ca, 92113, us",1220 South 28th Street
Bacon Double Cheeseburger,$4.99,440 Cal,"1220 south 28th street, san diego, ca, 92113, us",1220 South 28th Street
Bacon Cheeseburger,$3.99,340 Cal,"1220 south 28th street, san diego, ca, 92113, us",1220 South 28th Street
Double Cheeseburger,$3.99,400 Cal,"1220 south 28th street, san diego, ca, 92113, us",1220 South 28th Street
Cheeseburger,$3.29,290 Cal,"1220 south 28th street, san diego, ca, 92113, us",1220 South 28th Street
Rodeo Burger,$3.39,340 Cal,"1220 south 28th street, san diego, ca, 92113, us",1220 South 28th Street
Hamburger,$2.99,250 Cal,"1220 south 28th street, san diego, ca, 92113, us",1220 South 28th Street
Have-sies™,$3.99,380 Cal,"1220 south 28th street, san diego, ca, 92113, us",1220 South 28th Street
French Fries,$3.99,370 Cal,"1220 south 28th street, san diego, ca, 92113, us",1220 South 28th Street
Onion Rings,$3.99,360 Cal,"1220 south 28th street, san diego, ca, 92113, us",1220 South 28th Street
Fiery Chicken Fries,$4.49,260 Cal,"1220 south 28th street, san diego, ca, 92113, us",1220 South 28th Street
Chicken Fries,$4.49,220 Cal,"1220 south 28th street, san diego, ca, 92113, us",1220 South 28th Street
Mozzarella Fries,$4.49,480 Cal,"1220 south 28th street, san diego, ca, 92113, us",1220 South 28th Street
Chicken Nuggets,$3.49,390 Cal,"1220 south 28th street, san diego, ca, 92113, us",1220 South 28th Street
Mott's® Applesauce,$1.59,50 Cal,"1220 south 28th street, san diego, ca, 92113, us",1220 South 28th Street
Fiery Bacon Whopper®,$5.19,800 Cal,"1255 north blackstone street, tulare, ca, 93274, us",1255 North Blackstone Street
Whopper,$7.19,670 Cal,"1255 north blackstone street, tulare, ca, 93274, us",1255 North Blackstone Street
Impossible™ Whopper,$8.19,630 Cal,"1255 north blackstone street, tulare, ca, 93274, us",1255 North Blackstone Street
Texas Double Whopper,$8.99,"1,090 Cal","1255 north blackstone street, tulare, ca, 93274, us",1255 North Blackstone Street
Double Whopper,$8.29,920 Cal,"1255 north blackstone street, tulare, ca, 93274, us",1255 North Blackstone Street
Triple Whopper,$9.19,"1,170 Cal","1255 north blackstone street, tulare, ca, 93274, us",1255 North Blackstone Street
Bacon King,$8.99,"1,200 Cal","1255 north blackstone street, tulare, ca, 93274, us",1255 North Blackstone Street
BBQ Bacon Whopper Jr.,$3.89,390 Cal,"1255 north blackstone street, tulare, ca, 93274, us",1255 North Blackstone Street
Double Whopper Jr.,$5.69,447 Cal,"1255 north blackstone street, tulare, ca, 93274, us",1255 North Blackstone Street
Whopper Jr.,$3.99,330 Cal,"1255 north blackstone street, tulare, ca, 93274, us",1255 North Blackstone Street
Bacon Double Cheeseburger,$4.29,440 Cal,"1255 north blackstone street, tulare, ca, 93274, us",1255 North Blackstone Street
Bacon Cheeseburger,$3.29,340 Cal,"1255 north blackstone street, tulare, ca, 93274, us",1255 North Blackstone Street
Double Cheeseburger,$3.49,400 Cal,"1255 north blackstone street, tulare, ca, 93274, us",1255 North Blackstone Street
Cheeseburger,$2.69,290 Cal,"1255 north blackstone street, tulare, ca, 93274, us",1255 North Blackstone Street
Rodeo Burger,$2.69,340 Cal,"1255 north blackstone street, tulare, ca, 93274, us",1255 North Blackstone Street
Hamburger,$2.19,250 Cal,"1255 north blackstone street, tulare, ca, 93274, us",1255 North Blackstone Street
Have-sies™,$3.29,380 Cal,"1255 north blackstone street, tulare, ca, 93274, us",1255 North Blackstone Street
French Fries,$3.59,370 Cal,"1255 north blackstone street, tulare, ca, 93274, us",1255 North Blackstone Street
Onion Rings,$3.59,360 Cal,"1255 north blackstone street, tulare, ca, 93274, us",1255 North Blackstone Street
Fiery Chicken Fries,$4.29,260 Cal,"1255 north blackstone street, tulare, ca, 93274, us",1255 North Blackstone Street
Fiery Mozzarella Fries,$4.29,450 Cal,"1255 north blackstone street, tulare, ca, 93274, us",1255 North Blackstone Street
Chicken Fries,$4.29,220 Cal,"1255 north blackstone street, tulare, ca, 93274, us",1255 North Blackstone Street
Mozzarella Fries,$3.99,480 Cal,"1255 north blackstone street, tulare, ca, 93274, us",1255 North Blackstone Street
Chicken Nuggets,$2.99,390 Cal,"1255 north blackstone street, tulare, ca, 93274, us",1255 North Blackstone Street
Mott's® Applesauce,$1.69,50 Cal,"1255 north blackstone street, tulare, ca, 93274, us",1255 North Blackstone Street
Fiery Bacon Whopper®,$8.19,800 Cal,"1265 third avenue, chula vista, ca, 91911, us",3310 21st St
Whopper,$6.99,670 Cal,"1265 third avenue, chula vista, ca, 91911, us",3310 21st St
Impossible™ Whopper,$8.49,630 Cal,"1265 third avenue, chula vista, ca, 91911, us",3310 21st St
Double Whopper,$8.99,920 Cal,"1265 third avenue, chula vista, ca, 91911, us",3310 21st St
Triple Whopper,$9.99,"1,170 Cal","1265 third avenue, chula vista, ca, 91911, us",3310 21st St
Bacon King,$8.99,"1,200 Cal","1265 third avenue, chula vista, ca, 91911, us",3310 21st St
BBQ Bacon Whopper Jr.,$5.39,390 Cal,"1265 third avenue, chula vista, ca, 91911, us",3310 21st St
Double Whopper Jr.,$4.99,447 Cal,"1265 third avenue, chula vista, ca, 91911, us",3310 21st St
Whopper Jr.,$3.99,330 Cal,"1265 third avenue, chula vista, ca, 91911, us",3310 21st St
Bacon Double Cheeseburger,$5.29,440 Cal,"1265 third avenue, chula vista, ca, 91911, us",3310 21st St
Bacon Cheeseburger,$4.29,340 Cal,"1265 third avenue, chula vista, ca, 91911, us",3310 21st St
Double Cheeseburger,$3.99,400 Cal,"1265 third avenue, chula vista, ca, 91911, us",3310 21st St
Cheeseburger,$2.99,290 Cal,"1265 third avenue, chula vista, ca, 91911, us",3310 21st St
Rodeo Burger,$2.99,340 Cal,"1265 third avenue, chula vista, ca, 91911, us",3310 21st St
Hamburger,$2.49,250 Cal,"1265 third avenue, chula vista, ca, 91911, us",3310 21st St
Have-sies™,$3.49,380 Cal,"1265 third avenue, chula vista, ca, 91911, us",3310 21st St
French Fries,$3.29,370 Cal,"1265 third avenue, chula vista, ca, 91911, us",3310 21st St
Onion Rings,$3.29,360 Cal,"1265 third avenue, chula vista, ca, 91911, us",3310 21st St
Fiery Chicken Fries,$4.49,260 Cal,"1265 third avenue, chula vista, ca, 91911, us",3310 21st St
Fiery Mozzarella Fries,$4.29,450 Cal,"1265 third avenue, chula vista, ca, 91911, us",3310 21st St
Chicken Fries,$4.49,220 Cal,"1265 third avenue, chula vista, ca, 91911, us",3310 21st St
Mozzarella Fries,$3.99,480 Cal,"1265 third avenue, chula vista, ca, 91911, us",3310 21st St
Chicken Nuggets,$2.49,390 Cal,"1265 third avenue, chula vista, ca, 91911, us",3310 21st St
Fiery Bacon Whopper®,$8.99,800 Cal,"127 west 4th street, long beach, ca, 90802, us",127 West 4th Street
Whopper,$7.99,670 Cal,"127 west 4th street, long beach, ca, 90802, us",127 West 4th Street
Impossible™ Whopper,$8.49,630 Cal,"127 west 4th street, long beach, ca, 90802, us",127 West 4th Street
Texas Double Whopper,$10.29,"1,090 Cal","127 west 4th street, long beach, ca, 90802, us",127 West 4th Street
Double Whopper,$9.19,920 Cal,"127 west 4th street, long beach, ca, 90802, us",127 West 4th Street
Triple Whopper,$10.39,"1,170 Cal","127 west 4th street, long beach, ca, 90802, us",127 West 4th Street
Bacon King,$9.49,"1,200 Cal","127 west 4th street, long beach, ca, 90802, us",127 West 4th Street
BBQ Bacon Whopper Jr.,$5.49,390 Cal,"127 west 4th street, long beach, ca, 90802, us",127 West 4th Street
Double Whopper Jr.,$5.99,447 Cal,"127 west 4th street, long beach, ca, 90802, us",127 West 4th Street
Whopper Jr.,$4.59,330 Cal,"127 west 4th street, long beach, ca, 90802, us",127 West 4th Street
Bacon Double Cheeseburger,$4.39,440 Cal,"127 west 4th street, long beach, ca, 90802, us",127 West 4th Street
Bacon Cheeseburger,$3.19,340 Cal,"127 west 4th street, long beach, ca, 90802, us",127 West 4th Street
Double Cheeseburger,$3.59,400 Cal,"127 west 4th street, long beach, ca, 90802, us",127 West 4th Street
Cheeseburger,$2.79,290 Cal,"127 west 4th street, long beach, ca, 90802, us",127 West 4th Street
Rodeo Burger,$2.79,340 Cal,"127 west 4th street, long beach, ca, 90802, us",127 West 4th Street
Hamburger,$1.89,250 Cal,"127 west 4th street, long beach, ca, 90802, us",127 West 4th Street
Have-sies™,$3.79,380 Cal,"127 west 4th street, long beach, ca, 90802, us",127 West 4th Street
French Fries,$3.99,370 Cal,"127 west 4th street, long beach, ca, 90802, us",127 West 4th Street
Onion Rings,$3.99,360 Cal,"127 west 4th street, long beach, ca, 90802, us",127 West 4th Street
Fiery Chicken Fries,$4.89,260 Cal,"127 west 4th street, long beach, ca, 90802, us",127 West 4th Street
Fiery Mozzarella Fries,$4.89,450 Cal,"127 west 4th street, long beach, ca, 90802, us",127 West 4th Street
Chicken Fries,$4.89,220 Cal,"127 west 4th street, long beach, ca, 90802, us",127 West 4th Street
Mozzarella Fries,$4.89,480 Cal,"127 west 4th street, long beach, ca, 90802, us",127 West 4th Street
Chicken Nuggets,$3.49,390 Cal,"127 west 4th street, long beach, ca, 90802, us",127 West 4th Street
Mott's® Applesauce,$2.29,50 Cal,"127 west 4th street, long beach, ca, 90802, us",127 West 4th Street
Fiery Bacon Whopper®,$8.99,800 Cal,"1278 el camino real, san bruno, ca, 94066, us",1278 El Camino Real
Whopper,$7.39,670 Cal,"1278 el camino real, san bruno, ca, 94066, us",1278 El Camino Real
Impossible™ Whopper,$8.29,630 Cal,"1278 el camino real, san bruno, ca, 94066, us",1278 El Camino Real
Texas Double Whopper,$9.39,"1,090 Cal","1278 el camino real, san bruno, ca, 94066, us",1278 El Camino Real
Double Whopper,$8.39,920 Cal,"1278 el camino real, san bruno, ca, 94066, us",1278 El Camino Real
Triple Whopper,$9.39,"1,170 Cal","1278 el camino real, san bruno, ca, 94066, us",1278 El Camino Real
Bacon King,$9.39,"1,200 Cal","1278 el camino real, san bruno, ca, 94066, us",1278 El Camino Real
BBQ Bacon Whopper Jr.,$4.59,390 Cal,"1278 el camino real, san bruno, ca, 94066, us",1278 El Camino Real
Double Whopper Jr.,$5.29,447 Cal,"1278 el camino real, san bruno, ca, 94066, us",1278 El Camino Real
Whopper Jr.,$4.29,330 Cal,"1278 el camino real, san bruno, ca, 94066, us",1278 El Camino Real
Bacon Double Cheeseburger,$4.59,440 Cal,"1278 el camino real, san bruno, ca, 94066, us",1278 El Camino Real
Bacon Cheeseburger,$3.99,340 Cal,"1278 el camino real, san bruno, ca, 94066, us",1278 El Camino Real
Double Cheeseburger,$3.59,400 Cal,"1278 el camino real, san bruno, ca, 94066, us",1278 El Camino Real
Cheeseburger,$3.09,290 Cal,"1278 el camino real, san bruno, ca, 94066, us",1278 El Camino Real
Rodeo Burger,$3.59,340 Cal,"1278 el camino real, san bruno, ca, 94066, us",1278 El Camino Real
Hamburger,$2.59,250 Cal,"1278 el camino real, san bruno, ca, 94066, us",1278 El Camino Real
Have-sies™,$3.39,380 Cal,"1278 el camino real, san bruno, ca, 94066, us",1278 El Camino Real
French Fries,$3.39,370 Cal,"1278 el camino real, san bruno, ca, 94066, us",1278 El Camino Real
Onion Rings,$3.39,360 Cal,"1278 el camino real, san bruno, ca, 94066, us",1278 El Camino Real
Fiery Chicken Fries,$5.29,260 Cal,"1278 el camino real, san bruno, ca, 94066, us",1278 El Camino Real
Fiery Mozzarella Fries,$5.29,450 Cal,"1278 el camino real, san bruno, ca, 94066, us",1278 El Camino Real
Chicken Fries,$5.19,220 Cal,"1278 el camino real, san bruno, ca, 94066, us",1278 El Camino Real
Mozzarella Fries,$3.99,480 Cal,"1278 el camino real, san bruno, ca, 94066, us",1278 El Camino Real
Chicken Nuggets,$2.99,390 Cal,"1278 el camino real, san bruno, ca, 94066, us",1278 El Camino Real
Mott's® Applesauce,$1.49,50 Cal,"1278 el camino real, san bruno, ca, 94066, us",1278 El Camino Real
Crispy Tacos,$1.79,170 Cal,"1278 el camino real, san bruno, ca, 94066, us",1278 El Camino Real
Fiery Bacon Whopper®,$9.69,800 Cal,"12781 van nuys boulevard, pacoima, ca, 91331, us",12781 Van Nuys Boulevard
Whopper,$8.99,670 Cal,"12781 van nuys boulevard, pacoima, ca, 91331, us",12781 Van Nuys Boulevard
Impossible™ Whopper,$10.49,630 Cal,"12781 van nuys boulevard, pacoima, ca, 91331, us",12781 Van Nuys Boulevard
Texas Double Whopper,$11.79,"1,090 Cal","12781 van nuys boulevard, pacoima, ca, 91331, us",12781 Van Nuys Boulevard
Double Whopper,$9.99,920 Cal,"12781 van nuys boulevard, pacoima, ca, 91331, us",12781 Van Nuys Boulevard
Triple Whopper,$10.99,"1,170 Cal","12781 van nuys boulevard, pacoima, ca, 91331, us",12781 Van Nuys Boulevard
Bacon King,$10.79,"1,200 Cal","12781 van nuys boulevard, pacoima, ca, 91331, us",12781 Van Nuys Boulevard
BBQ Bacon Whopper Jr.,$7.59,390 Cal,"12781 van nuys boulevard, pacoima, ca, 91331, us",12781 Van Nuys Boulevard
Double Whopper Jr.,$7.29,447 Cal,"12781 van nuys boulevard, pacoima, ca, 91331, us",12781 Van Nuys Boulevard
Whopper Jr.,$6.69,330 Cal,"12781 van nuys boulevard, pacoima, ca, 91331, us",12781 Van Nuys Boulevard
Bacon Double Cheeseburger,$5.19,440 Cal,"12781 van nuys boulevard, pacoima, ca, 91331, us",12781 Van Nuys Boulevard
Bacon Cheeseburger,$3.99,340 Cal,"12781 van nuys boulevard, pacoima, ca, 91331, us",12781 Van Nuys Boulevard
Double Cheeseburger,$3.99,400 Cal,"12781 van nuys boulevard, pacoima, ca, 91331, us",12781 Van Nuys Boulevard
Cheeseburger,$3.79,290 Cal,"12781 van nuys boulevard, pacoima, ca, 91331, us",12781 Van Nuys Boulevard
Rodeo Burger,$3.99,340 Cal,"12781 van nuys boulevard, pacoima, ca, 91331, us",12781 Van Nuys Boulevard
Hamburger,$3.59,250 Cal,"12781 van nuys boulevard, pacoima, ca, 91331, us",12781 Van Nuys Boulevard
Have-sies™,$5.09,380 Cal,"12781 van nuys boulevard, pacoima, ca, 91331, us",12781 Van Nuys Boulevard
French Fries,$4.19,370 Cal,"12781 van nuys boulevard, pacoima, ca, 91331, us",12781 Van Nuys Boulevard
Onion Rings,$4.49,360 Cal,"12781 van nuys boulevard, pacoima, ca, 91331, us",12781 Van Nuys Boulevard
Fiery Chicken Fries,$5.59,260 Cal,"12781 van nuys boulevard, pacoima, ca, 91331, us",12781 Van Nuys Boulevard
Fiery Mozzarella Fries,$4.29,450 Cal,"12781 van nuys boulevard, pacoima, ca, 91331, us",12781 Van Nuys Boulevard
Chicken Fries,$5.59,220 Cal,"12781 van nuys boulevard, pacoima, ca, 91331, us",12781 Van Nuys Boulevard
Mozzarella Fries,$3.79,480 Cal,"12781 van nuys boulevard, pacoima, ca, 91331, us",12781 Van Nuys Boulevard
Chicken Nuggets,$2.99,390 Cal,"12781 van nuys boulevard, pacoima, ca, 91331, us",12781 Van Nuys Boulevard
Mott's® Applesauce,$3.19,50 Cal,"12781 van nuys boulevard, pacoima, ca, 91331, us",12781 Van Nuys Boulevard
Crispy Tacos,$2.09,170 Cal,"12781 van nuys boulevard, pacoima, ca, 91331, us",12781 Van Nuys Boulevard
Fiery Bacon Whopper®,$8.59,800 Cal,"12999 san pablo avenue, richmond, ca, 94805, us",12999 San Pablo Avenue
Whopper,$7.59,670 Cal,"12999 san pablo avenue, richmond, ca, 94805, us",12999 San Pablo Avenue
Impossible™ Whopper,$8.59,630 Cal,"12999 san pablo avenue, richmond, ca, 94805, us",12999 San Pablo Avenue
Texas Double Whopper,$9.89,"1,090 Cal","12999 san pablo avenue, richmond, ca, 94805, us",12999 San Pablo Avenue
Double Whopper,$8.89,920 Cal,"12999 san pablo avenue, richmond, ca, 94805, us",12999 San Pablo Avenue
Triple Whopper,$10.19,"1,170 Cal","12999 san pablo avenue, richmond, ca, 94805, us",12999 San Pablo Avenue
Bacon King,$8.99,"1,200 Cal","12999 san pablo avenue, richmond, ca, 94805, us",12999 San Pablo Avenue
BBQ Bacon Whopper Jr.,$3.89,390 Cal,"12999 san pablo avenue, richmond, ca, 94805, us",12999 San Pablo Avenue
Double Whopper Jr.,$5.69,447 Cal,"12999 san pablo avenue, richmond, ca, 94805, us",12999 San Pablo Avenue
Whopper Jr.,$4.19,330 Cal,"12999 san pablo avenue, richmond, ca, 94805, us",12999 San Pablo Avenue
Bacon Double Cheeseburger,$4.39,440 Cal,"12999 san pablo avenue, richmond, ca, 94805, us",12999 San Pablo Avenue
Bacon Cheeseburger,$3.49,340 Cal,"12999 san pablo avenue, richmond, ca, 94805, us",12999 San Pablo Avenue
Double Cheeseburger,$3.69,400 Cal,"12999 san pablo avenue, richmond, ca, 94805, us",12999 San Pablo Avenue
Cheeseburger,$2.69,290 Cal,"12999 san pablo avenue, richmond, ca, 94805, us",12999 San Pablo Avenue
Rodeo Burger,$2.69,340 Cal,"12999 san pablo avenue, richmond, ca, 94805, us",12999 San Pablo Avenue
Hamburger,$2.39,250 Cal,"12999 san pablo avenue, richmond, ca, 94805, us",12999 San Pablo Avenue
Have-sies™,$4.59,380 Cal,"12999 san pablo avenue, richmond, ca, 94805, us",12999 San Pablo Avenue
French Fries,$3.69,370 Cal,"12999 san pablo avenue, richmond, ca, 94805, us",12999 San Pablo Avenue
Onion Rings,$3.69,360 Cal,"12999 san pablo avenue, richmond, ca, 94805, us",12999 San Pablo Avenue
Fiery Chicken Fries,$4.29,260 Cal,"12999 san pablo avenue, richmond, ca, 94805, us",12999 San Pablo Avenue
Fiery Mozzarella Fries,$4.29,450 Cal,"12999 san pablo avenue, richmond, ca, 94805, us",12999 San Pablo Avenue
Chicken Fries,$4.19,220 Cal,"12999 san pablo avenue, richmond, ca, 94805, us",12999 San Pablo Avenue
Mozzarella Fries,$3.99,480 Cal,"12999 san pablo avenue, richmond, ca, 94805, us",12999 San Pablo Avenue
Chicken Nuggets,$2.99,390 Cal,"12999 san pablo avenue, richmond, ca, 94805, us",12999 San Pablo Avenue
Mott's® Applesauce,$1.49,50 Cal,"12999 san pablo avenue, richmond, ca, 94805, us",12999 San Pablo Avenue
Fiery Bacon Whopper®,$6.99,800 Cal,"1300 mcdonald avenue, richmond, ca, 94801, us",550 Cutting Boulevard
Whopper,$7.79,670 Cal,"1300 mcdonald avenue, richmond, ca, 94801, us",550 Cutting Boulevard
Impossible™ Whopper,$8.79,630 Cal,"1300 mcdonald avenue, richmond, ca, 94801, us",550 Cutting Boulevard
Texas Double Whopper,$10.49,"1,090 Cal","1300 mcdonald avenue, richmond, ca, 94801, us",550 Cutting Boulevard
Double Whopper,$8.99,920 Cal,"1300 mcdonald avenue, richmond, ca, 94801, us",550 Cutting Boulevard
Triple Whopper,$10.09,"1,170 Cal","1300 mcdonald avenue, richmond, ca, 94801, us",550 Cutting Boulevard
Bacon King,$9.09,"1,200 Cal","1300 mcdonald avenue, richmond, ca, 94801, us",550 Cutting Boulevard
BBQ Bacon Whopper Jr.,$3.99,390 Cal,"1300 mcdonald avenue, richmond, ca, 94801, us",550 Cutting Boulevard
Double Whopper Jr.,$4.19,447 Cal,"1300 mcdonald avenue, richmond, ca, 94801, us",550 Cutting Boulevard
Whopper Jr.,$3.99,330 Cal,"1300 mcdonald avenue, richmond, ca, 94801, us",550 Cutting Boulevard
Bacon Double Cheeseburger,$4.29,440 Cal,"1300 mcdonald avenue, richmond, ca, 94801, us",550 Cutting Boulevard
Bacon Cheeseburger,$3.39,340 Cal,"1300 mcdonald avenue, richmond, ca, 94801, us",550 Cutting Boulevard
Double Cheeseburger,$3.49,400 Cal,"1300 mcdonald avenue, richmond, ca, 94801, us",550 Cutting Boulevard
Cheeseburger,$2.49,290 Cal,"1300 mcdonald avenue, richmond, ca, 94801, us",550 Cutting Boulevard
Rodeo Burger,$2.49,340 Cal,"1300 mcdonald avenue, richmond, ca, 94801, us",550 Cutting Boulevard
Hamburger,$2.09,250 Cal,"1300 mcdonald avenue, richmond, ca, 94801, us",550 Cutting Boulevard
Have-sies™,$3.49,380 Cal,"1300 mcdonald avenue, richmond, ca, 94801, us",550 Cutting Boulevard
French Fries,$3.49,370 Cal,"1300 mcdonald avenue, richmond, ca, 94801, us",550 Cutting Boulevard
Onion Rings,$3.49,360 Cal,"1300 mcdonald avenue, richmond, ca, 94801, us",550 Cutting Boulevard
Fiery Chicken Fries,$3.99,260 Cal,"1300 mcdonald avenue, richmond, ca, 94801, us",550 Cutting Boulevard
Fiery Mozzarella Fries,$4.29,450 Cal,"1300 mcdonald avenue, richmond, ca, 94801, us",550 Cutting Boulevard
Chicken Fries,$4.19,220 Cal,"1300 mcdonald avenue, richmond, ca, 94801, us",550 Cutting Boulevard
Mozzarella Fries,$3.79,480 Cal,"1300 mcdonald avenue, richmond, ca, 94801, us",550 Cutting Boulevard
Chicken Nuggets,$2.69,390 Cal,"1300 mcdonald avenue, richmond, ca, 94801, us",550 Cutting Boulevard
Crispy Tacos,$1.39,170 Cal,"1300 mcdonald avenue, richmond, ca, 94801, us",550 Cutting Boulevard
Fiery Bacon Whopper®,$9.29,800 Cal,"1302 soquel avenue, santa cruz, ca, 95062, us",1302 Soquel Avenue
Whopper,$7.59,670 Cal,"1302 soquel avenue, santa cruz, ca, 95062, us",1302 Soquel Avenue
Impossible™ Whopper,$8.59,630 Cal,"1302 soquel avenue, santa cruz, ca, 95062, us",1302 Soquel Avenue
Texas Double Whopper,$10.19,"1,090 Cal","1302 soquel avenue, santa cruz, ca, 95062, us",1302 Soquel Avenue
Double Whopper,$8.89,920 Cal,"1302 soquel avenue, santa cruz, ca, 95062, us",1302 Soquel Avenue
Triple Whopper,$9.89,"1,170 Cal","1302 soquel avenue, santa cruz, ca, 95062, us",1302 Soquel Avenue
Bacon King,$8.89,"1,200 Cal","1302 soquel avenue, santa cruz, ca, 95062, us",1302 Soquel Avenue
BBQ Bacon Whopper Jr.,$3.89,390 Cal,"1302 soquel avenue, santa cruz, ca, 95062, us",1302 Soquel Avenue
Double Whopper Jr.,$5.69,447 Cal,"1302 soquel avenue, santa cruz, ca, 95062, us",1302 Soquel Avenue
Whopper Jr.,$3.99,330 Cal,"1302 soquel avenue, santa cruz, ca, 95062, us",1302 Soquel Avenue
Bacon Double Cheeseburger,$4.19,440 Cal,"1302 soquel avenue, santa cruz, ca, 95062, us",1302 Soquel Avenue
Bacon Cheeseburger,$3.29,340 Cal,"1302 soquel avenue, santa cruz, ca, 95062, us",1302 Soquel Avenue
Double Cheeseburger,$3.49,400 Cal,"1302 soquel avenue, santa cruz, ca, 95062, us",1302 Soquel Avenue
Cheeseburger,$2.69,290 Cal,"1302 soquel avenue, santa cruz, ca, 95062, us",1302 Soquel Avenue
Rodeo Burger,$2.69,340 Cal,"1302 soquel avenue, santa cruz, ca, 95062, us",1302 Soquel Avenue
Hamburger,$2.29,250 Cal,"1302 soquel avenue, santa cruz, ca, 95062, us",1302 Soquel Avenue
Have-sies™,$3.79,380 Cal,"1302 soquel avenue, santa cruz, ca, 95062, us",1302 Soquel Avenue
French Fries,$3.79,370 Cal,"1302 soquel avenue, santa cruz, ca, 95062, us",1302 Soquel Avenue
Onion Rings,$3.79,360 Cal,"1302 soquel avenue, santa cruz, ca, 95062, us",1302 Soquel Avenue
Fiery Chicken Fries,$4.29,260 Cal,"1302 soquel avenue, santa cruz, ca, 95062, us",1302 Soquel Avenue
Fiery Mozzarella Fries,$4.29,450 Cal,"1302 soquel avenue, santa cruz, ca, 95062, us",1302 Soquel Avenue
Chicken Fries,$4.29,220 Cal,"1302 soquel avenue, santa cruz, ca, 95062, us",1302 Soquel Avenue
Mozzarella Fries,$3.79,480 Cal,"1302 soquel avenue, santa cruz, ca, 95062, us",1302 Soquel Avenue
Chicken Nuggets,$2.99,390 Cal,"1302 soquel avenue, santa cruz, ca, 95062, us",1302 Soquel Avenue
Mott's® Applesauce,$1.69,50 Cal,"1302 soquel avenue, santa cruz, ca, 95062, us",1302 Soquel Avenue
Fiery Bacon Whopper®,$8.99,800 Cal,"1305 n bascom ave, san jose, ca, 95128, us",1305 N Bascom Ave
Whopper,$7.99,670 Cal,"1305 n bascom ave, san jose, ca, 95128, us",1305 N Bascom Ave
Impossible™ Whopper,$9.09,630 Cal,"1305 n bascom ave, san jose, ca, 95128, us",1305 N Bascom Ave
Texas Double Whopper,$10.49,"1,090 Cal","1305 n bascom ave, san jose, ca, 95128, us",1305 N Bascom Ave
Double Whopper,$8.99,920 Cal,"1305 n bascom ave, san jose, ca, 95128, us",1305 N Bascom Ave
Triple Whopper,$9.99,"1,170 Cal","1305 n bascom ave, san jose, ca, 95128, us",1305 N Bascom Ave
Bacon King,$10.99,"1,200 Cal","1305 n bascom ave, san jose, ca, 95128, us",1305 N Bascom Ave
BBQ Bacon Whopper Jr.,$3.49,390 Cal,"1305 n bascom ave, san jose, ca, 95128, us",1305 N Bascom Ave
Double Whopper Jr.,$4.49,447 Cal,"1305 n bascom ave, san jose, ca, 95128, us",1305 N Bascom Ave
Whopper Jr.,$4.49,330 Cal,"1305 n bascom ave, san jose, ca, 95128, us",1305 N Bascom Ave
Bacon Double Cheeseburger,$3.29,440 Cal,"1305 n bascom ave, san jose, ca, 95128, us",1305 N Bascom Ave
Bacon Cheeseburger,$2.79,340 Cal,"1305 n bascom ave, san jose, ca, 95128, us",1305 N Bascom Ave
Double Cheeseburger,$2.99,400 Cal,"1305 n bascom ave, san jose, ca, 95128, us",1305 N Bascom Ave
Cheeseburger,$2.64,290 Cal,"1305 n bascom ave, san jose, ca, 95128, us",1305 N Bascom Ave
Rodeo Burger,$2.49,340 Cal,"1305 n bascom ave, san jose, ca, 95128, us",1305 N Bascom Ave
Hamburger,$2.29,250 Cal,"1305 n bascom ave, san jose, ca, 95128, us",1305 N Bascom Ave
Have-sies™,$4.89,380 Cal,"1305 n bascom ave, san jose, ca, 95128, us",1305 N Bascom Ave
French Fries,$4.69,370 Cal,"1305 n bascom ave, san jose, ca, 95128, us",1305 N Bascom Ave
Onion Rings,$4.69,360 Cal,"1305 n bascom ave, san jose, ca, 95128, us",1305 N Bascom Ave
Fiery Chicken Fries,$5.99,260 Cal,"1305 n bascom ave, san jose, ca, 95128, us",1305 N Bascom Ave
Fiery Mozzarella Fries,$5.99,450 Cal,"1305 n bascom ave, san jose, ca, 95128, us",1305 N Bascom Ave
Chicken Fries,$5.99,220 Cal,"1305 n bascom ave, san jose, ca, 95128, us",1305 N Bascom Ave
Mozzarella Fries,$5.99,480 Cal,"1305 n bascom ave, san jose, ca, 95128, us",1305 N Bascom Ave
Chicken Nuggets,$2.99,390 Cal,"1305 n bascom ave, san jose, ca, 95128, us",1305 N Bascom Ave
Mott's® Applesauce,$1.69,50 Cal,"1305 n bascom ave, san jose, ca, 95128, us",1305 N Bascom Ave
Crispy Tacos,$1.49,170 Cal,"1305 n bascom ave, san jose, ca, 95128, us",1305 N Bascom Ave
Fiery Bacon Whopper®,$8.99,800 Cal,"1320 industrial park avenue, redlands, ca, 92374, us",1320 Industrial Park Avenue
Whopper,$7.99,670 Cal,"1320 industrial park avenue, redlands, ca, 92374, us",1320 Industrial Park Avenue
Impossible™ Whopper,$8.49,630 Cal,"1320 industrial park avenue, redlands, ca, 92374, us",1320 Industrial Park Avenue
Texas Double Whopper,$10.29,"1,090 Cal","1320 industrial park avenue, redlands, ca, 92374, us",1320 Industrial Park Avenue
Double Whopper,$9.19,920 Cal,"1320 industrial park avenue, redlands, ca, 92374, us",1320 Industrial Park Avenue
Triple Whopper,$10.39,"1,170 Cal","1320 industrial park avenue, redlands, ca, 92374, us",1320 Industrial Park Avenue
Bacon King,$9.49,"1,200 Cal","1320 industrial park avenue, redlands, ca, 92374, us",1320 Industrial Park Avenue
BBQ Bacon Whopper Jr.,$4.79,390 Cal,"1320 industrial park avenue, redlands, ca, 92374, us",1320 Industrial Park Avenue
Double Whopper Jr.,$5.99,447 Cal,"1320 industrial park avenue, redlands, ca, 92374, us",1320 Industrial Park Avenue
Whopper Jr.,$4.59,330 Cal,"1320 industrial park avenue, redlands, ca, 92374, us",1320 Industrial Park Avenue
Bacon Double Cheeseburger,$4.39,440 Cal,"1320 industrial park avenue, redlands, ca, 92374, us",1320 Industrial Park Avenue
Bacon Cheeseburger,$3.19,340 Cal,"1320 industrial park avenue, redlands, ca, 92374, us",1320 Industrial Park Avenue
Double Cheeseburger,$3.59,400 Cal,"1320 industrial park avenue, redlands, ca, 92374, us",1320 Industrial Park Avenue
Cheeseburger,$2.79,290 Cal,"1320 industrial park avenue, redlands, ca, 92374, us",1320 Industrial Park Avenue
Rodeo Burger,$2.79,340 Cal,"1320 industrial park avenue, redlands, ca, 92374, us",1320 Industrial Park Avenue
Hamburger,$1.89,250 Cal,"1320 industrial park avenue, redlands, ca, 92374, us",1320 Industrial Park Avenue
Have-sies™,$3.79,380 Cal,"1320 industrial park avenue, redlands, ca, 92374, us",1320 Industrial Park Avenue
French Fries,$3.99,370 Cal,"1320 industrial park avenue, redlands, ca, 92374, us",1320 Industrial Park Avenue
Onion Rings,$3.99,360 Cal,"1320 industrial park avenue, redlands, ca, 92374, us",1320 Industrial Park Avenue
Fiery Chicken Fries,$4.89,260 Cal,"1320 industrial park avenue, redlands, ca, 92374, us",1320 Industrial Park Avenue
Fiery Mozzarella Fries,$4.89,450 Cal,"1320 industrial park avenue, redlands, ca, 92374, us",1320 Industrial Park Avenue
Chicken Fries,$4.99,220 Cal,"1320 industrial park avenue, redlands, ca, 92374, us",1320 Industrial Park Avenue
Mozzarella Fries,$4.89,480 Cal,"1320 industrial park avenue, redlands, ca, 92374, us",1320 Industrial Park Avenue
Chicken Nuggets,$3.49,390 Cal,"1320 industrial park avenue, redlands, ca, 92374, us",1320 Industrial Park Avenue
Mott's® Applesauce,$2.29,50 Cal,"1320 industrial park avenue, redlands, ca, 92374, us",1320 Industrial Park Avenue
Fiery Bacon Whopper®,$8.99,800 Cal,"1329 south harbor boulevard, fullerton, ca, 92832, us",1329 South Harbor Boulevard
Whopper,$7.99,670 Cal,"1329 south harbor boulevard, fullerton, ca, 92832, us",1329 South Harbor Boulevard
Impossible™ Whopper,$8.49,630 Cal,"1329 south harbor boulevard, fullerton, ca, 92832, us",1329 South Harbor Boulevard
Texas Double Whopper,$10.29,"1,090 Cal","1329 south harbor boulevard, fullerton, ca, 92832, us",1329 South Harbor Boulevard
Double Whopper,$9.19,920 Cal,"1329 south harbor boulevard, fullerton, ca, 92832, us",1329 South Harbor Boulevard
Triple Whopper,$10.39,"1,170 Cal","1329 south harbor boulevard, fullerton, ca, 92832, us",1329 South Harbor Boulevard
Bacon King,$9.49,"1,200 Cal","1329 south harbor boulevard, fullerton, ca, 92832, us",1329 South Harbor Boulevard
BBQ Bacon Whopper Jr.,$4.79,390 Cal,"1329 south harbor boulevard, fullerton, ca, 92832, us",1329 South Harbor Boulevard
Double Whopper Jr.,$5.59,447 Cal,"1329 south harbor boulevard, fullerton, ca, 92832, us",1329 South Harbor Boulevard
Whopper Jr.,$4.59,330 Cal,"1329 south harbor boulevard, fullerton, ca, 92832, us",1329 South Harbor Boulevard
Bacon Double Cheeseburger,$4.39,440 Cal,"1329 south harbor boulevard, fullerton, ca, 92832, us",1329 South Harbor Boulevard
Bacon Cheeseburger,$3.29,340 Cal,"1329 south harbor boulevard, fullerton, ca, 92832, us",1329 South Harbor Boulevard
Double Cheeseburger,$3.59,400 Cal,"1329 south harbor boulevard, fullerton, ca, 92832, us",1329 South Harbor Boulevard
Cheeseburger,$2.79,290 Cal,"1329 south harbor boulevard, fullerton, ca, 92832, us",1329 South Harbor Boulevard
Rodeo Burger,$2.79,340 Cal,"1329 south harbor boulevard, fullerton, ca, 92832, us",1329 South Harbor Boulevard
Hamburger,$2.19,250 Cal,"1329 south harbor boulevard, fullerton, ca, 92832, us",1329 South Harbor Boulevard
Have-sies™,$3.79,380 Cal,"1329 south harbor boulevard, fullerton, ca, 92832, us",1329 South Harbor Boulevard
French Fries,$3.99,370 Cal,"1329 south harbor boulevard, fullerton, ca, 92832, us",1329 South Harbor Boulevard
Onion Rings,$3.99,360 Cal,"1329 south harbor boulevard, fullerton, ca, 92832, us",1329 South Harbor Boulevard
Fiery Chicken Fries,$2.49,260 Cal,"1329 south harbor boulevard, fullerton, ca, 92832, us",1329 South Harbor Boulevard
Fiery Mozzarella Fries,$4.89,450 Cal,"1329 south harbor boulevard, fullerton, ca, 92832, us",1329 South Harbor Boulevard
Chicken Fries,$4.99,220 Cal,"1329 south harbor boulevard, fullerton, ca, 92832, us",1329 South Harbor Boulevard
Mozzarella Fries,$4.89,480 Cal,"1329 south harbor boulevard, fullerton, ca, 92832, us",1329 South Harbor Boulevard
Chicken Nuggets,$3.49,390 Cal,"1329 south harbor boulevard, fullerton, ca, 92832, us",1329 South Harbor Boulevard
Mott's® Applesauce,$2.29,50 Cal,"1329 south harbor boulevard, fullerton, ca, 92832, us",1329 South Harbor Boulevard
Crispy Tacos,$2.09,170 Cal,"1329 south harbor boulevard, fullerton, ca, 92832, us",1329 South Harbor Boulevard
Fiery Bacon Whopper®,$8.99,800 Cal,"1358 madonna road, san luis obispo, ca, 93405, us",1358 Madonna Road
Whopper,$7.99,670 Cal,"1358 madonna road, san luis obispo, ca, 93405, us",1358 Madonna Road
Impossible™ Whopper,$8.49,630 Cal,"1358 madonna road, san luis obispo, ca, 93405, us",1358 Madonna Road
Texas Double Whopper,$10.29,"1,090 Cal","1358 madonna road, san luis obispo, ca, 93405, us",1358 Madonna Road
Double Whopper,$9.19,920 Cal,"1358 madonna road, san luis obispo, ca, 93405, us",1358 Madonna Road
Triple Whopper,$10.39,"1,170 Cal","1358 madonna road, san luis obispo, ca, 93405, us",1358 Madonna Road
Bacon King,$9.49,"1,200 Cal","1358 madonna road, san luis obispo, ca, 93405, us",1358 Madonna Road
BBQ Bacon Whopper Jr.,$5.49,390 Cal,"1358 madonna road, san luis obispo, ca, 93405, us",1358 Madonna Road
Double Whopper Jr.,$5.99,447 Cal,"1358 madonna road, san luis obispo, ca, 93405, us",1358 Madonna Road
Whopper Jr.,$4.59,330 Cal,"1358 madonna road, san luis obispo, ca, 93405, us",1358 Madonna Road
Bacon Double Cheeseburger,$4.39,440 Cal,"1358 madonna road, san luis obispo, ca, 93405, us",1358 Madonna Road
Bacon Cheeseburger,$3.19,340 Cal,"1358 madonna road, san luis obispo, ca, 93405, us",1358 Madonna Road
Double Cheeseburger,$3.59,400 Cal,"1358 madonna road, san luis obispo, ca, 93405, us",1358 Madonna Road
Cheeseburger,$2.79,290 Cal,"1358 madonna road, san luis obispo, ca, 93405, us",1358 Madonna Road
Rodeo Burger,$2.79,340 Cal,"1358 madonna road, san luis obispo, ca, 93405, us",1358 Madonna Road
Hamburger,$1.89,250 Cal,"1358 madonna road, san luis obispo, ca, 93405, us",1358 Madonna Road
Have-sies™,$3.79,380 Cal,"1358 madonna road, san luis obispo, ca, 93405, us",1358 Madonna Road
French Fries,$3.99,370 Cal,"1358 madonna road, san luis obispo, ca, 93405, us",1358 Madonna Road
Onion Rings,$3.99,360 Cal,"1358 madonna road, san luis obispo, ca, 93405, us",1358 Madonna Road
Fiery Chicken Fries,$4.89,260 Cal,"1358 madonna road, san luis obispo, ca, 93405, us",1358 Madonna Road
Fiery Mozzarella Fries,$4.89,450 Cal,"1358 madonna road, san luis obispo, ca, 93405, us",1358 Madonna Road
Chicken Fries,$4.89,220 Cal,"1358 madonna road, san luis obispo, ca, 93405, us",1358 Madonna Road
Mozzarella Fries,$4.89,480 Cal,"1358 madonna road, san luis obispo, ca, 93405, us",1358 Madonna Road
Chicken Nuggets,$3.49,390 Cal,"1358 madonna road, san luis obispo, ca, 93405, us",1358 Madonna Road
Mott's® Applesauce,$2.29,50 Cal,"1358 madonna road, san luis obispo, ca, 93405, us",1358 Madonna Road
Fiery Bacon Whopper®,$8.99,800 Cal,"1361 west foothill boulevard, rialto, ca, 92376, us",1361 West Foothill Boulevard
Whopper,$7.99,670 Cal,"1361 west foothill boulevard, rialto, ca, 92376, us",1361 West Foothill Boulevard
Impossible™ Whopper,$8.49,630 Cal,"1361 west foothill boulevard, rialto, ca, 92376, us",1361 West Foothill Boulevard
Texas Double Whopper,$10.29,"1,090 Cal","1361 west foothill boulevard, rialto, ca, 92376, us",1361 West Foothill Boulevard
Double Whopper,$9.19,920 Cal,"1361 west foothill boulevard, rialto, ca, 92376, us",1361 West Foothill Boulevard
Triple Whopper,$10.19,"1,170 Cal","1361 west foothill boulevard, rialto, ca, 92376, us",1361 West Foothill Boulevard
Bacon King,$9.49,"1,200 Cal","1361 west foothill boulevard, rialto, ca, 92376, us",1361 West Foothill Boulevard
BBQ Bacon Whopper Jr.,$5.49,390 Cal,"1361 west foothill boulevard, rialto, ca, 92376, us",1361 West Foothill Boulevard
Double Whopper Jr.,$5.99,447 Cal,"1361 west foothill boulevard, rialto, ca, 92376, us",1361 West Foothill Boulevard
Whopper Jr.,$4.59,330 Cal,"1361 west foothill boulevard, rialto, ca, 92376, us",1361 West Foothill Boulevard
Bacon Double Cheeseburger,$4.39,440 Cal,"1361 west foothill boulevard, rialto, ca, 92376, us",1361 West Foothill Boulevard
Bacon Cheeseburger,$3.19,340 Cal,"1361 west foothill boulevard, rialto, ca, 92376, us",1361 West Foothill Boulevard
Double Cheeseburger,$3.59,400 Cal,"1361 west foothill boulevard, rialto, ca, 92376, us",1361 West Foothill Boulevard
Cheeseburger,$2.79,290 Cal,"1361 west foothill boulevard, rialto, ca, 92376, us",1361 West Foothill Boulevard
Rodeo Burger,$2.69,340 Cal,"1361 west foothill boulevard, rialto, ca, 92376, us",1361 West Foothill Boulevard
Hamburger,$1.89,250 Cal,"1361 west foothill boulevard, rialto, ca, 92376, us",1361 West Foothill Boulevard
Have-sies™,$3.79,380 Cal,"1361 west foothill boulevard, rialto, ca, 92376, us",1361 West Foothill Boulevard
French Fries,$3.99,370 Cal,"1361 west foothill boulevard, rialto, ca, 92376, us",1361 West Foothill Boulevard
Onion Rings,$3.99,360 Cal,"1361 west foothill boulevard, rialto, ca, 92376, us",1361 West Foothill Boulevard
Fiery Chicken Fries,$4.89,260 Cal,"1361 west foothill boulevard, rialto, ca, 92376, us",1361 West Foothill Boulevard
Fiery Mozzarella Fries,$4.89,450 Cal,"1361 west foothill boulevard, rialto, ca, 92376, us",1361 West Foothill Boulevard
Chicken Fries,$4.89,220 Cal,"1361 west foothill boulevard, rialto, ca, 92376, us",1361 West Foothill Boulevard
Mozzarella Fries,$4.89,480 Cal,"1361 west foothill boulevard, rialto, ca, 92376, us",1361 West Foothill Boulevard
Chicken Nuggets,$3.49,390 Cal,"1361 west foothill boulevard, rialto, ca, 92376, us",1361 West Foothill Boulevard
Mott's® Applesauce,$2.29,50 Cal,"1361 west foothill boulevard, rialto, ca, 92376, us",1361 West Foothill Boulevard
Fiery Bacon Whopper®,$8.99,800 Cal,"503 east foothill, rialto, ca, 92376, us",503 East Foothill
Whopper,$7.99,670 Cal,"503 east foothill, rialto, ca, 92376, us",503 East Foothill
Impossible™ Whopper,$8.49,630 Cal,"503 east foothill, rialto, ca, 92376, us",503 East Foothill
Texas Double Whopper,$10.29,"1,090 Cal","503 east foothill, rialto, ca, 92376, us",503 East Foothill
Double Whopper,$9.19,920 Cal,"503 east foothill, rialto, ca, 92376, us",503 East Foothill
Triple Whopper,$10.39,"1,170 Cal","503 east foothill, rialto, ca, 92376, us",503 East Foothill
Bacon King,$9.49,"1,200 Cal","503 east foothill, rialto, ca, 92376, us",503 East Foothill
BBQ Bacon Whopper Jr.,$4.79,390 Cal,"503 east foothill, rialto, ca, 92376, us",503 East Foothill
Double Whopper Jr.,$5.99,447 Cal,"503 east foothill, rialto, ca, 92376, us",503 East Foothill
Whopper Jr.,$4.59,330 Cal,"503 east foothill, rialto, ca, 92376, us",503 East Foothill
Bacon Double Cheeseburger,$4.39,440 Cal,"503 east foothill, rialto, ca, 92376, us",503 East Foothill
Bacon Cheeseburger,$3.19,340 Cal,"503 east foothill, rialto, ca, 92376, us",503 East Foothill
Double Cheeseburger,$3.59,400 Cal,"503 east foothill, rialto, ca, 92376, us",503 East Foothill
Cheeseburger,$2.79,290 Cal,"503 east foothill, rialto, ca, 92376, us",503 East Foothill
Rodeo Burger,$2.79,340 Cal,"503 east foothill, rialto, ca, 92376, us",503 East Foothill
Hamburger,$1.89,250 Cal,"503 east foothill, rialto, ca, 92376, us",503 East Foothill
Have-sies™,$3.79,380 Cal,"503 east foothill, rialto, ca, 92376, us",503 East Foothill
French Fries,$3.99,370 Cal,"503 east foothill, rialto, ca, 92376, us",503 East Foothill
Onion Rings,$3.99,360 Cal,"503 east foothill, rialto, ca, 92376, us",503 East Foothill
Fiery Chicken Fries,$4.89,260 Cal,"503 east foothill, rialto, ca, 92376, us",503 East Foothill
Fiery Mozzarella Fries,$4.89,450 Cal,"503 east foothill, rialto, ca, 92376, us",503 East Foothill
Chicken Fries,$4.99,220 Cal,"503 east foothill, rialto, ca, 92376, us",503 East Foothill
Mozzarella Fries,$4.89,480 Cal,"503 east foothill, rialto, ca, 92376, us",503 East Foothill
Chicken Nuggets,$3.49,390 Cal,"503 east foothill, rialto, ca, 92376, us",503 East Foothill
Mott's® Applesauce,$2.29,50 Cal,"503 east foothill, rialto, ca, 92376, us",503 East Foothill
Fiery Bacon Whopper®,$9.99,800 Cal,"14601 red hill avenue, tustin, ca, 92780, us",13221 Jamboree
Whopper,$7.99,670 Cal,"14601 red hill avenue, tustin, ca, 92780, us",13221 Jamboree
Impossible™ Whopper,$8.99,630 Cal,"14601 red hill avenue, tustin, ca, 92780, us",13221 Jamboree
Texas Double Whopper,$10.79,"1,090 Cal","14601 red hill avenue, tustin, ca, 92780, us",13221 Jamboree
Double Whopper,$8.99,920 Cal,"14601 red hill avenue, tustin, ca, 92780, us",13221 Jamboree
Triple Whopper,$9.69,"1,170 Cal","14601 red hill avenue, tustin, ca, 92780, us",13221 Jamboree
Bacon King,$10.79,"1,200 Cal","14601 red hill avenue, tustin, ca, 92780, us",13221 Jamboree
BBQ Bacon Whopper Jr.,$7.09,390 Cal,"14601 red hill avenue, tustin, ca, 92780, us",13221 Jamboree
Whopper Jr.,$6.59,330 Cal,"14601 red hill avenue, tustin, ca, 92780, us",13221 Jamboree
Bacon Double Cheeseburger,$5.19,440 Cal,"14601 red hill avenue, tustin, ca, 92780, us",13221 Jamboree
Bacon Cheeseburger,$3.99,340 Cal,"14601 red hill avenue, tustin, ca, 92780, us",13221 Jamboree
Double Cheeseburger,$3.99,400 Cal,"14601 red hill avenue, tustin, ca, 92780, us",13221 Jamboree
Cheeseburger,$3.29,290 Cal,"14601 red hill avenue, tustin, ca, 92780, us",13221 Jamboree
Rodeo Burger,$3.69,340 Cal,"14601 red hill avenue, tustin, ca, 92780, us",13221 Jamboree
Hamburger,$2.79,250 Cal,"14601 red hill avenue, tustin, ca, 92780, us",13221 Jamboree
Have-sies™,$4.19,380 Cal,"14601 red hill avenue, tustin, ca, 92780, us",13221 Jamboree
French Fries,$4.09,370 Cal,"14601 red hill avenue, tustin, ca, 92780, us",13221 Jamboree
Onion Rings,$4.19,360 Cal,"14601 red hill avenue, tustin, ca, 92780, us",13221 Jamboree
Fiery Chicken Fries,$6.19,260 Cal,"14601 red hill avenue, tustin, ca, 92780, us",13221 Jamboree
Fiery Mozzarella Fries,$4.79,450 Cal,"14601 red hill avenue, tustin, ca, 92780, us",13221 Jamboree
Chicken Fries,$6.19,220 Cal,"14601 red hill avenue, tustin, ca, 92780, us",13221 Jamboree
Mozzarella Fries,$4.79,480 Cal,"14601 red hill avenue, tustin, ca, 92780, us",13221 Jamboree
Chicken Nuggets,$2.99,390 Cal,"14601 red hill avenue, tustin, ca, 92780, us",13221 Jamboree
Mott's® Applesauce,$2.09,50 Cal,"14601 red hill avenue, tustin, ca, 92780, us",13221 Jamboree
Fiery Bacon Whopper®,$9.99,800 Cal,"1501 west 6th street, los angeles, ca, 90017, us",1501 W 6th St
Whopper,$7.99,670 Cal,"1501 west 6th street, los angeles, ca, 90017, us",1501 W 6th St
Impossible™ Whopper,$8.99,630 Cal,"1501 west 6th street, los angeles, ca, 90017, us",1501 W 6th St
Texas Double Whopper,$10.79,"1,090 Cal","1501 west 6th street, los angeles, ca, 90017, us",1501 W 6th St
Double Whopper,$8.99,920 Cal,"1501 west 6th street, los angeles, ca, 90017, us",1501 W 6th St
Triple Whopper,$9.69,"1,170 Cal","1501 west 6th street, los angeles, ca, 90017, us",1501 W 6th St
Bacon King,$10.79,"1,200 Cal","1501 west 6th street, los angeles, ca, 90017, us",1501 W 6th St
BBQ Bacon Whopper Jr.,$7.09,390 Cal,"1501 west 6th street, los angeles, ca, 90017, us",1501 W 6th St
Whopper Jr.,$6.59,330 Cal,"1501 west 6th street, los angeles, ca, 90017, us",1501 W 6th St
Bacon Double Cheeseburger,$5.19,440 Cal,"1501 west 6th street, los angeles, ca, 90017, us",1501 W 6th St
Bacon Cheeseburger,$3.99,340 Cal,"1501 west 6th street, los angeles, ca, 90017, us",1501 W 6th St
Double Cheeseburger,$3.99,400 Cal,"1501 west 6th street, los angeles, ca, 90017, us",1501 W 6th St
Cheeseburger,$3.29,290 Cal,"1501 west 6th street, los angeles, ca, 90017, us",1501 W 6th St
Rodeo Burger,$3.69,340 Cal,"1501 west 6th street, los angeles, ca, 90017, us",1501 W 6th St
Hamburger,$2.79,250 Cal,"1501 west 6th street, los angeles, ca, 90017, us",1501 W 6th St
Have-sies™,$4.19,380 Cal,"1501 west 6th street, los angeles, ca, 90017, us",1501 W 6th St
French Fries,$4.09,370 Cal,"1501 west 6th street, los angeles, ca, 90017, us",1501 W 6th St
Onion Rings,$4.19,360 Cal,"1501 west 6th street, los angeles, ca, 90017, us",1501 W 6th St
Fiery Chicken Fries,$6.19,260 Cal,"1501 west 6th street, los angeles, ca, 90017, us",1501 W 6th St
Fiery Mozzarella Fries,$4.79,450 Cal,"1501 west 6th street, los angeles, ca, 90017, us",1501 W 6th St
Chicken Fries,$6.19,220 Cal,"1501 west 6th street, los angeles, ca, 90017, us",1501 W 6th St
Mozzarella Fries,$4.79,480 Cal,"1501 west 6th street, los angeles, ca, 90017, us",1501 W 6th St
Chicken Nuggets,$2.99,390 Cal,"1501 west 6th street, los angeles, ca, 90017, us",1501 W 6th St
Mott's® Applesauce,$2.09,50 Cal,"1501 west 6th street, los angeles, ca, 90017, us",1501 W 6th St
Fiery Bacon Whopper®,$6.99,800 Cal,"15050 e. 14th street, san leandro, ca, 94578, us",15050 E. 14th Street
Whopper,$7.59,670 Cal,"15050 e. 14th street, san leandro, ca, 94578, us",15050 E. 14th Street
Impossible™ Whopper,$8.59,630 Cal,"15050 e. 14th street, san leandro, ca, 94578, us",15050 E. 14th Street
Texas Double Whopper,$9.89,"1,090 Cal","15050 e. 14th street, san leandro, ca, 94578, us",15050 E. 14th Street
Double Whopper,$8.89,920 Cal,"15050 e. 14th street, san leandro, ca, 94578, us",15050 E. 14th Street
Triple Whopper,$9.89,"1,170 Cal","15050 e. 14th street, san leandro, ca, 94578, us",15050 E. 14th Street
Bacon King,$8.99,"1,200 Cal","15050 e. 14th street, san leandro, ca, 94578, us",15050 E. 14th Street
BBQ Bacon Whopper Jr.,$3.89,390 Cal,"15050 e. 14th street, san leandro, ca, 94578, us",15050 E. 14th Street
Double Whopper Jr.,$4.99,447 Cal,"15050 e. 14th street, san leandro, ca, 94578, us",15050 E. 14th Street
Whopper Jr.,$4.19,330 Cal,"15050 e. 14th street, san leandro, ca, 94578, us",15050 E. 14th Street
Bacon Double Cheeseburger,$4.39,440 Cal,"15050 e. 14th street, san leandro, ca, 94578, us",15050 E. 14th Street
Bacon Cheeseburger,$3.49,340 Cal,"15050 e. 14th street, san leandro, ca, 94578, us",15050 E. 14th Street
Double Cheeseburger,$3.69,400 Cal,"15050 e. 14th street, san leandro, ca, 94578, us",15050 E. 14th Street
Cheeseburger,$2.69,290 Cal,"15050 e. 14th street, san leandro, ca, 94578, us",15050 E. 14th Street
Rodeo Burger,$2.69,340 Cal,"15050 e. 14th street, san leandro, ca, 94578, us",15050 E. 14th Street
Hamburger,$2.39,250 Cal,"15050 e. 14th street, san leandro, ca, 94578, us",15050 E. 14th Street
Have-sies™,$4.59,380 Cal,"15050 e. 14th street, san leandro, ca, 94578, us",15050 E. 14th Street
French Fries,$3.69,370 Cal,"15050 e. 14th street, san leandro, ca, 94578, us",15050 E. 14th Street
Onion Rings,$3.69,360 Cal,"15050 e. 14th street, san leandro, ca, 94578, us",15050 E. 14th Street
Fiery Chicken Fries,$4.29,260 Cal,"15050 e. 14th street, san leandro, ca, 94578, us",15050 E. 14th Street
Fiery Mozzarella Fries,$4.29,450 Cal,"15050 e. 14th street, san leandro, ca, 94578, us",15050 E. 14th Street
Chicken Fries,$4.19,220 Cal,"15050 e. 14th street, san leandro, ca, 94578, us",15050 E. 14th Street
Mozzarella Fries,$3.99,480 Cal,"15050 e. 14th street, san leandro, ca, 94578, us",15050 E. 14th Street
Chicken Nuggets,$2.99,390 Cal,"15050 e. 14th street, san leandro, ca, 94578, us",15050 E. 14th Street
Mott's® Applesauce,$1.49,50 Cal,"15050 e. 14th street, san leandro, ca, 94578, us",15050 E. 14th Street
Fiery Bacon Whopper®,$8.99,800 Cal,"1540 north eastern avenue, los angeles, ca, 90063, us",1540 North Eastern Avenue
Whopper,$7.99,670 Cal,"1540 north eastern avenue, los angeles, ca, 90063, us",1540 North Eastern Avenue
Impossible™ Whopper,$8.49,630 Cal,"1540 north eastern avenue, los angeles, ca, 90063, us",1540 North Eastern Avenue
Texas Double Whopper,$10.29,"1,090 Cal","1540 north eastern avenue, los angeles, ca, 90063, us",1540 North Eastern Avenue
Double Whopper,$9.19,920 Cal,"1540 north eastern avenue, los angeles, ca, 90063, us",1540 North Eastern Avenue
Triple Whopper,$10.39,"1,170 Cal","1540 north eastern avenue, los angeles, ca, 90063, us",1540 North Eastern Avenue
Bacon King,$9.49,"1,200 Cal","1540 north eastern avenue, los angeles, ca, 90063, us",1540 North Eastern Avenue
BBQ Bacon Whopper Jr.,$4.79,390 Cal,"1540 north eastern avenue, los angeles, ca, 90063, us",1540 North Eastern Avenue
Double Whopper Jr.,$5.59,447 Cal,"1540 north eastern avenue, los angeles, ca, 90063, us",1540 North Eastern Avenue
Whopper Jr.,$4.59,330 Cal,"1540 north eastern avenue, los angeles, ca, 90063, us",1540 North Eastern Avenue
Bacon Double Cheeseburger,$4.39,440 Cal,"1540 north eastern avenue, los angeles, ca, 90063, us",1540 North Eastern Avenue
Bacon Cheeseburger,$3.29,340 Cal,"1540 north eastern avenue, los angeles, ca, 90063, us",1540 North Eastern Avenue
Double Cheeseburger,$3.59,400 Cal,"1540 north eastern avenue, los angeles, ca, 90063, us",1540 North Eastern Avenue
Cheeseburger,$2.79,290 Cal,"1540 north eastern avenue, los angeles, ca, 90063, us",1540 North Eastern Avenue
Rodeo Burger,$2.79,340 Cal,"1540 north eastern avenue, los angeles, ca, 90063, us",1540 North Eastern Avenue
Hamburger,$2.19,250 Cal,"1540 north eastern avenue, los angeles, ca, 90063, us",1540 North Eastern Avenue
Have-sies™,$3.79,380 Cal,"1540 north eastern avenue, los angeles, ca, 90063, us",1540 North Eastern Avenue
French Fries,$3.99,370 Cal,"1540 north eastern avenue, los angeles, ca, 90063, us",1540 North Eastern Avenue
Onion Rings,$3.99,360 Cal,"1540 north eastern avenue, los angeles, ca, 90063, us",1540 North Eastern Avenue
Fiery Chicken Fries,$4.89,260 Cal,"1540 north eastern avenue, los angeles, ca, 90063, us",1540 North Eastern Avenue
Fiery Mozzarella Fries,$4.89,450 Cal,"1540 north eastern avenue, los angeles, ca, 90063, us",1540 North Eastern Avenue
Chicken Fries,$4.99,220 Cal,"1540 north eastern avenue, los angeles, ca, 90063, us",1540 North Eastern Avenue
Mozzarella Fries,$4.89,480 Cal,"1540 north eastern avenue, los angeles, ca, 90063, us",1540 North Eastern Avenue
Chicken Nuggets,$3.49,390 Cal,"1540 north eastern avenue, los angeles, ca, 90063, us",1540 North Eastern Avenue
Mott's® Applesauce,$2.29,50 Cal,"1540 north eastern avenue, los angeles, ca, 90063, us",1540 North Eastern Avenue
Crispy Tacos,$2.09,170 Cal,"1540 north eastern avenue, los angeles, ca, 90063, us",1540 North Eastern Avenue
Fiery Bacon Whopper®,$8.59,800 Cal,"1571 fitzgerald drive, pinole, ca, 94564, us",1571 Fitzgerald Drive
Whopper,$7.59,670 Cal,"1571 fitzgerald drive, pinole, ca, 94564, us",1571 Fitzgerald Drive
Impossible™ Whopper,$8.59,630 Cal,"1571 fitzgerald drive, pinole, ca, 94564, us",1571 Fitzgerald Drive
Texas Double Whopper,$9.89,"1,090 Cal","1571 fitzgerald drive, pinole, ca, 94564, us",1571 Fitzgerald Drive
Double Whopper,$8.89,920 Cal,"1571 fitzgerald drive, pinole, ca, 94564, us",1571 Fitzgerald Drive
Triple Whopper,$10.19,"1,170 Cal","1571 fitzgerald drive, pinole, ca, 94564, us",1571 Fitzgerald Drive
Bacon King,$8.99,"1,200 Cal","1571 fitzgerald drive, pinole, ca, 94564, us",1571 Fitzgerald Drive
BBQ Bacon Whopper Jr.,$3.89,390 Cal,"1571 fitzgerald drive, pinole, ca, 94564, us",1571 Fitzgerald Drive
Double Whopper Jr.,$5.69,447 Cal,"1571 fitzgerald drive, pinole, ca, 94564, us",1571 Fitzgerald Drive
Whopper Jr.,$4.19,330 Cal,"1571 fitzgerald drive, pinole, ca, 94564, us",1571 Fitzgerald Drive
Bacon Double Cheeseburger,$4.39,440 Cal,"1571 fitzgerald drive, pinole, ca, 94564, us",1571 Fitzgerald Drive
Bacon Cheeseburger,$3.49,340 Cal,"1571 fitzgerald drive, pinole, ca, 94564, us",1571 Fitzgerald Drive
Double Cheeseburger,$3.69,400 Cal,"1571 fitzgerald drive, pinole, ca, 94564, us",1571 Fitzgerald Drive
Cheeseburger,$2.69,290 Cal,"1571 fitzgerald drive, pinole, ca, 94564, us",1571 Fitzgerald Drive
Rodeo Burger,$2.69,340 Cal,"1571 fitzgerald drive, pinole, ca, 94564, us",1571 Fitzgerald Drive
Hamburger,$2.39,250 Cal,"1571 fitzgerald drive, pinole, ca, 94564, us",1571 Fitzgerald Drive
Have-sies™,$4.59,380 Cal,"1571 fitzgerald drive, pinole, ca, 94564, us",1571 Fitzgerald Drive
French Fries,$3.69,370 Cal,"1571 fitzgerald drive, pinole, ca, 94564, us",1571 Fitzgerald Drive
Onion Rings,$3.69,360 Cal,"1571 fitzgerald drive, pinole, ca, 94564, us",1571 Fitzgerald Drive
Fiery Chicken Fries,$4.29,260 Cal,"1571 fitzgerald drive, pinole, ca, 94564, us",1571 Fitzgerald Drive
Fiery Mozzarella Fries,$4.29,450 Cal,"1571 fitzgerald drive, pinole, ca, 94564, us",1571 Fitzgerald Drive
Chicken Fries,$4.19,220 Cal,"1571 fitzgerald drive, pinole, ca, 94564, us",1571 Fitzgerald Drive
Mozzarella Fries,$3.99,480 Cal,"1571 fitzgerald drive, pinole, ca, 94564, us",1571 Fitzgerald Drive
Chicken Nuggets,$2.99,390 Cal,"1571 fitzgerald drive, pinole, ca, 94564, us",1571 Fitzgerald Drive
Mott's® Applesauce,$1.49,50 Cal,"1571 fitzgerald drive, pinole, ca, 94564, us",1571 Fitzgerald Drive
Fiery Bacon Whopper®,$6.99,800 Cal,"1688 north, perris, ca, 92571, us",1688 North Perris Road
Whopper,$7.59,670 Cal,"1688 north, perris, ca, 92571, us",1688 North Perris Road
Impossible™ Whopper,$8.59,630 Cal,"1688 north, perris, ca, 92571, us",1688 North Perris Road
Texas Double Whopper,$10.39,"1,090 Cal","1688 north, perris, ca, 92571, us",1688 North Perris Road
Double Whopper,$8.59,920 Cal,"1688 north, perris, ca, 92571, us",1688 North Perris Road
Triple Whopper,$9.49,"1,170 Cal","1688 north, perris, ca, 92571, us",1688 North Perris Road
Bacon King,$10.39,"1,200 Cal","1688 north, perris, ca, 92571, us",1688 North Perris Road
BBQ Bacon Whopper Jr.,$6.89,390 Cal,"1688 north, perris, ca, 92571, us",1688 North Perris Road
Whopper Jr.,$6.19,330 Cal,"1688 north, perris, ca, 92571, us",1688 North Perris Road
Bacon Double Cheeseburger,$4.99,440 Cal,"1688 north, perris, ca, 92571, us",1688 North Perris Road
Bacon Cheeseburger,$3.99,340 Cal,"1688 north, perris, ca, 92571, us",1688 North Perris Road
Double Cheeseburger,$3.99,400 Cal,"1688 north, perris, ca, 92571, us",1688 North Perris Road
Cheeseburger,$3.49,290 Cal,"1688 north, perris, ca, 92571, us",1688 North Perris Road
Rodeo Burger,$3.49,340 Cal,"1688 north, perris, ca, 92571, us",1688 North Perris Road
Hamburger,$2.59,250 Cal,"1688 north, perris, ca, 92571, us",1688 North Perris Road
Have-sies™,$4.19,380 Cal,"1688 north, perris, ca, 92571, us",1688 North Perris Road
French Fries,$3.89,370 Cal,"1688 north, perris, ca, 92571, us",1688 North Perris Road
Onion Rings,$3.99,360 Cal,"1688 north, perris, ca, 92571, us",1688 North Perris Road
Fiery Chicken Fries,$3.99,260 Cal,"1688 north, perris, ca, 92571, us",1688 North Perris Road
Fiery Mozzarella Fries,$4.29,450 Cal,"1688 north, perris, ca, 92571, us",1688 North Perris Road
Chicken Fries,$5.99,220 Cal,"1688 north, perris, ca, 92571, us",1688 North Perris Road
Mozzarella Fries,$4.79,480 Cal,"1688 north, perris, ca, 92571, us",1688 North Perris Road
Chicken Nuggets,$2.99,390 Cal,"1688 north, perris, ca, 92571, us",1688 North Perris Road
Mott's® Applesauce,$1.89,50 Cal,"1688 north, perris, ca, 92571, us",1688 North Perris Road
Fiery Bacon Whopper®,$9.99,800 Cal,"1690 valencia street, san francisco, ca, 94110, us",1690 Valencia Street
Whopper,$7.99,670 Cal,"1690 valencia street, san francisco, ca, 94110, us",1690 Valencia Street
Impossible™ Whopper,$8.99,630 Cal,"1690 valencia street, san francisco, ca, 94110, us",1690 Valencia Street
Texas Double Whopper,$10.79,"1,090 Cal","1690 valencia street, san francisco, ca, 94110, us",1690 Valencia Street
Double Whopper,$9.49,920 Cal,"1690 valencia street, san francisco, ca, 94110, us",1690 Valencia Street
Triple Whopper,$10.69,"1,170 Cal","1690 valencia street, san francisco, ca, 94110, us",1690 Valencia Street
Bacon King,$9.99,"1,200 Cal","1690 valencia street, san francisco, ca, 94110, us",1690 Valencia Street
BBQ Bacon Whopper Jr.,$3.89,390 Cal,"1690 valencia street, san francisco, ca, 94110, us",1690 Valencia Street
Double Whopper Jr.,$5.99,447 Cal,"1690 valencia street, san francisco, ca, 94110, us",1690 Valencia Street
Whopper Jr.,$4.19,330 Cal,"1690 valencia street, san francisco, ca, 94110, us",1690 Valencia Street
Bacon Double Cheeseburger,$3.99,440 Cal,"1690 valencia street, san francisco, ca, 94110, us",1690 Valencia Street
Bacon Cheeseburger,$3.29,340 Cal,"1690 valencia street, san francisco, ca, 94110, us",1690 Valencia Street
Double Cheeseburger,$3.59,400 Cal,"1690 valencia street, san francisco, ca, 94110, us",1690 Valencia Street
Cheeseburger,$2.79,290 Cal,"1690 valencia street, san francisco, ca, 94110, us",1690 Valencia Street
Rodeo Burger,$2.79,340 Cal,"1690 valencia street, san francisco, ca, 94110, us",1690 Valencia Street
Hamburger,$2.39,250 Cal,"1690 valencia street, san francisco, ca, 94110, us",1690 Valencia Street
Have-sies™,$4.59,380 Cal,"1690 valencia street, san francisco, ca, 94110, us",1690 Valencia Street
French Fries,$4.59,370 Cal,"1690 valencia street, san francisco, ca, 94110, us",1690 Valencia Street
Onion Rings,$4.59,360 Cal,"1690 valencia street, san francisco, ca, 94110, us",1690 Valencia Street
Fiery Chicken Fries,$4.29,260 Cal,"1690 valencia street, san francisco, ca, 94110, us",1690 Valencia Street
Fiery Mozzarella Fries,$4.29,450 Cal,"1690 valencia street, san francisco, ca, 94110, us",1690 Valencia Street
Chicken Fries,$4.29,220 Cal,"1690 valencia street, san francisco, ca, 94110, us",1690 Valencia Street
Mozzarella Fries,$3.99,480 Cal,"1690 valencia street, san francisco, ca, 94110, us",1690 Valencia Street
Chicken Nuggets,$2.99,390 Cal,"1690 valencia street, san francisco, ca, 94110, us",1690 Valencia Street
Mott's® Applesauce,$2.19,50 Cal,"1690 valencia street, san francisco, ca, 94110, us",1690 Valencia Street
Crispy Tacos,$1.79,170 Cal,"1690 valencia street, san francisco, ca, 94110, us",1690 Valencia Street
Fiery Bacon Whopper®,$9.99,800 Cal,"1701 fillmore st, san francisco, ca, 94115, us",1701 FILLMORE ST
Whopper,$7.99,670 Cal,"1701 fillmore st, san francisco, ca, 94115, us",1701 FILLMORE ST
Impossible™ Whopper,$8.99,630 Cal,"1701 fillmore st, san francisco, ca, 94115, us",1701 FILLMORE ST
Double Whopper,$9.49,920 Cal,"1701 fillmore st, san francisco, ca, 94115, us",1701 FILLMORE ST
Triple Whopper,$10.69,"1,170 Cal","1701 fillmore st, san francisco, ca, 94115, us",1701 FILLMORE ST
Bacon King,$9.99,"1,200 Cal","1701 fillmore st, san francisco, ca, 94115, us",1701 FILLMORE ST
BBQ Bacon Whopper Jr.,$3.89,390 Cal,"1701 fillmore st, san francisco, ca, 94115, us",1701 FILLMORE ST
Double Whopper Jr.,$5.99,447 Cal,"1701 fillmore st, san francisco, ca, 94115, us",1701 FILLMORE ST
Whopper Jr.,$4.19,330 Cal,"1701 fillmore st, san francisco, ca, 94115, us",1701 FILLMORE ST
Bacon Double Cheeseburger,$3.99,440 Cal,"1701 fillmore st, san francisco, ca, 94115, us",1701 FILLMORE ST
Bacon Cheeseburger,$3.29,340 Cal,"1701 fillmore st, san francisco, ca, 94115, us",1701 FILLMORE ST
Double Cheeseburger,$3.59,400 Cal,"1701 fillmore st, san francisco, ca, 94115, us",1701 FILLMORE ST
Cheeseburger,$2.79,290 Cal,"1701 fillmore st, san francisco, ca, 94115, us",1701 FILLMORE ST
Rodeo Burger,$2.79,340 Cal,"1701 fillmore st, san francisco, ca, 94115, us",1701 FILLMORE ST
Hamburger,$2.39,250 Cal,"1701 fillmore st, san francisco, ca, 94115, us",1701 FILLMORE ST
Have-sies™,$4.59,380 Cal,"1701 fillmore st, san francisco, ca, 94115, us",1701 FILLMORE ST
French Fries,$4.59,370 Cal,"1701 fillmore st, san francisco, ca, 94115, us",1701 FILLMORE ST
Onion Rings,$4.59,360 Cal,"1701 fillmore st, san francisco, ca, 94115, us",1701 FILLMORE ST
Fiery Chicken Fries,$4.29,260 Cal,"1701 fillmore st, san francisco, ca, 94115, us",1701 FILLMORE ST
Fiery Mozzarella Fries,$4.29,450 Cal,"1701 fillmore st, san francisco, ca, 94115, us",1701 FILLMORE ST
Chicken Fries,$4.29,220 Cal,"1701 fillmore st, san francisco, ca, 94115, us",1701 FILLMORE ST
Mozzarella Fries,$3.99,480 Cal,"1701 fillmore st, san francisco, ca, 94115, us",1701 FILLMORE ST
Chicken Nuggets,$2.99,390 Cal,"1701 fillmore st, san francisco, ca, 94115, us",1701 FILLMORE ST
Crispy Tacos,$1.79,170 Cal,"1701 fillmore st, san francisco, ca, 94115, us",1701 FILLMORE ST
Fiery Bacon Whopper®,$9.99,800 Cal,"175 west calaveras boulevard, milpitas, ca, 95035, us",175 West Calaveras Boulevard
Whopper,$7.89,670 Cal,"175 west calaveras boulevard, milpitas, ca, 95035, us",175 West Calaveras Boulevard
Impossible™ Whopper,$8.89,630 Cal,"175 west calaveras boulevard, milpitas, ca, 95035, us",175 West Calaveras Boulevard
Texas Double Whopper,$10.59,"1,090 Cal","175 west calaveras boulevard, milpitas, ca, 95035, us",175 West Calaveras Boulevard
Double Whopper,$8.99,920 Cal,"175 west calaveras boulevard, milpitas, ca, 95035, us",175 West Calaveras Boulevard
Triple Whopper,$10.19,"1,170 Cal","175 west calaveras boulevard, milpitas, ca, 95035, us",175 West Calaveras Boulevard
Bacon King,$9.19,"1,200 Cal","175 west calaveras boulevard, milpitas, ca, 95035, us",175 West Calaveras Boulevard
BBQ Bacon Whopper Jr.,$3.89,390 Cal,"175 west calaveras boulevard, milpitas, ca, 95035, us",175 West Calaveras Boulevard
Double Whopper Jr.,$5.69,447 Cal,"175 west calaveras boulevard, milpitas, ca, 95035, us",175 West Calaveras Boulevard
Whopper Jr.,$4.19,330 Cal,"175 west calaveras boulevard, milpitas, ca, 95035, us",175 West Calaveras Boulevard
Bacon Double Cheeseburger,$4.19,440 Cal,"175 west calaveras boulevard, milpitas, ca, 95035, us",175 West Calaveras Boulevard
Bacon Cheeseburger,$3.29,340 Cal,"175 west calaveras boulevard, milpitas, ca, 95035, us",175 West Calaveras Boulevard
Double Cheeseburger,$3.59,400 Cal,"175 west calaveras boulevard, milpitas, ca, 95035, us",175 West Calaveras Boulevard
Cheeseburger,$2.79,290 Cal,"175 west calaveras boulevard, milpitas, ca, 95035, us",175 West Calaveras Boulevard
Rodeo Burger,$2.79,340 Cal,"175 west calaveras boulevard, milpitas, ca, 95035, us",175 West Calaveras Boulevard
Hamburger,$2.39,250 Cal,"175 west calaveras boulevard, milpitas, ca, 95035, us",175 West Calaveras Boulevard
Have-sies™,$4.59,380 Cal,"175 west calaveras boulevard, milpitas, ca, 95035, us",175 West Calaveras Boulevard
French Fries,$4.59,370 Cal,"175 west calaveras boulevard, milpitas, ca, 95035, us",175 West Calaveras Boulevard
Onion Rings,$4.59,360 Cal,"175 west calaveras boulevard, milpitas, ca, 95035, us",175 West Calaveras Boulevard
Fiery Chicken Fries,$4.29,260 Cal,"175 west calaveras boulevard, milpitas, ca, 95035, us",175 West Calaveras Boulevard
Fiery Mozzarella Fries,$4.29,450 Cal,"175 west calaveras boulevard, milpitas, ca, 95035, us",175 West Calaveras Boulevard
Chicken Fries,$4.29,220 Cal,"175 west calaveras boulevard, milpitas, ca, 95035, us",175 West Calaveras Boulevard
Mozzarella Fries,$3.99,480 Cal,"175 west calaveras boulevard, milpitas, ca, 95035, us",175 West Calaveras Boulevard
Chicken Nuggets,$2.99,390 Cal,"175 west calaveras boulevard, milpitas, ca, 95035, us",175 West Calaveras Boulevard
Mott's® Applesauce,$1.49,50 Cal,"175 west calaveras boulevard, milpitas, ca, 95035, us",175 West Calaveras Boulevard
Fiery Bacon Whopper®,$6.99,800 Cal,"1773 w grand ave, grover beach, ca, 93433, us",1773 Grand Avenue
Whopper,$6.99,670 Cal,"1773 w grand ave, grover beach, ca, 93433, us",1773 Grand Avenue
Impossible™ Whopper,$7.99,630 Cal,"1773 w grand ave, grover beach, ca, 93433, us",1773 Grand Avenue
Texas Double Whopper,$11.49,"1,090 Cal","1773 w grand ave, grover beach, ca, 93433, us",1773 Grand Avenue
Double Whopper,$9.49,920 Cal,"1773 w grand ave, grover beach, ca, 93433, us",1773 Grand Avenue
Triple Whopper,$11.99,"1,170 Cal","1773 w grand ave, grover beach, ca, 93433, us",1773 Grand Avenue
Bacon King,$11.99,"1,200 Cal","1773 w grand ave, grover beach, ca, 93433, us",1773 Grand Avenue
BBQ Bacon Whopper Jr.,$4.49,390 Cal,"1773 w grand ave, grover beach, ca, 93433, us",1773 Grand Avenue
Double Whopper Jr.,$5.49,447 Cal,"1773 w grand ave, grover beach, ca, 93433, us",1773 Grand Avenue
Whopper Jr.,$3.99,330 Cal,"1773 w grand ave, grover beach, ca, 93433, us",1773 Grand Avenue
Bacon Double Cheeseburger,$4.99,440 Cal,"1773 w grand ave, grover beach, ca, 93433, us",1773 Grand Avenue
Bacon Cheeseburger,$2.99,340 Cal,"1773 w grand ave, grover beach, ca, 93433, us",1773 Grand Avenue
Double Cheeseburger,$3.99,400 Cal,"1773 w grand ave, grover beach, ca, 93433, us",1773 Grand Avenue
Cheeseburger,$2.49,290 Cal,"1773 w grand ave, grover beach, ca, 93433, us",1773 Grand Avenue
Rodeo Burger,$1.99,340 Cal,"1773 w grand ave, grover beach, ca, 93433, us",1773 Grand Avenue
Hamburger,$1.99,250 Cal,"1773 w grand ave, grover beach, ca, 93433, us",1773 Grand Avenue
Have-sies™,$3.99,380 Cal,"1773 w grand ave, grover beach, ca, 93433, us",1773 Grand Avenue
French Fries,$3.99,370 Cal,"1773 w grand ave, grover beach, ca, 93433, us",1773 Grand Avenue
Onion Rings,$3.99,360 Cal,"1773 w grand ave, grover beach, ca, 93433, us",1773 Grand Avenue
Fiery Chicken Fries,$4.29,260 Cal,"1773 w grand ave, grover beach, ca, 93433, us",1773 Grand Avenue
Fiery Mozzarella Fries,$4.29,450 Cal,"1773 w grand ave, grover beach, ca, 93433, us",1773 Grand Avenue
Chicken Fries,$3.99,220 Cal,"1773 w grand ave, grover beach, ca, 93433, us",1773 Grand Avenue
Mozzarella Fries,$3.79,480 Cal,"1773 w grand ave, grover beach, ca, 93433, us",1773 Grand Avenue
Chicken Nuggets,$2.99,390 Cal,"1773 w grand ave, grover beach, ca, 93433, us",1773 Grand Avenue
Mott's® Applesauce,$0.99,50 Cal,"1773 w grand ave, grover beach, ca, 93433, us",1773 Grand Avenue
Crispy Tacos,$1.59,170 Cal,"1773 w grand ave, grover beach, ca, 93433, us",1773 Grand Avenue
Fiery Bacon Whopper®,$6.99,800 Cal,"180 niblick rd, paso robles, ca, 93446, us",180 Niblick Rd
Whopper,$7.88,670 Cal,"180 niblick rd, paso robles, ca, 93446, us",180 Niblick Rd
Impossible™ Whopper,$9.33,630 Cal,"180 niblick rd, paso robles, ca, 93446, us",180 Niblick Rd
Texas Double Whopper,$12.75,"1,090 Cal","180 niblick rd, paso robles, ca, 93446, us",180 Niblick Rd
Double Whopper,$10.10,920 Cal,"180 niblick rd, paso robles, ca, 93446, us",180 Niblick Rd
Triple Whopper,$11.09,"1,170 Cal","180 niblick rd, paso robles, ca, 93446, us",180 Niblick Rd
Bacon King,$10.21,"1,200 Cal","180 niblick rd, paso robles, ca, 93446, us",180 Niblick Rd
BBQ Bacon Whopper Jr.,$3.83,390 Cal,"180 niblick rd, paso robles, ca, 93446, us",180 Niblick Rd
Double Whopper Jr.,$6.03,447 Cal,"180 niblick rd, paso robles, ca, 93446, us",180 Niblick Rd
Whopper Jr.,$4.83,330 Cal,"180 niblick rd, paso robles, ca, 93446, us",180 Niblick Rd
Bacon Double Cheeseburger,$4.59,440 Cal,"180 niblick rd, paso robles, ca, 93446, us",180 Niblick Rd
Bacon Cheeseburger,$3.99,340 Cal,"180 niblick rd, paso robles, ca, 93446, us",180 Niblick Rd
Double Cheeseburger,$3.99,400 Cal,"180 niblick rd, paso robles, ca, 93446, us",180 Niblick Rd
Cheeseburger,$2.35,290 Cal,"180 niblick rd, paso robles, ca, 93446, us",180 Niblick Rd
Rodeo Burger,$3.99,340 Cal,"180 niblick rd, paso robles, ca, 93446, us",180 Niblick Rd
Hamburger,$2.10,250 Cal,"180 niblick rd, paso robles, ca, 93446, us",180 Niblick Rd
Have-sies™,$2.99,380 Cal,"180 niblick rd, paso robles, ca, 93446, us",180 Niblick Rd
French Fries,$4.16,370 Cal,"180 niblick rd, paso robles, ca, 93446, us",180 Niblick Rd
Onion Rings,$4.16,360 Cal,"180 niblick rd, paso robles, ca, 93446, us",180 Niblick Rd
Fiery Chicken Fries,$4.29,260 Cal,"180 niblick rd, paso robles, ca, 93446, us",180 Niblick Rd
Fiery Mozzarella Fries,$4.29,450 Cal,"180 niblick rd, paso robles, ca, 93446, us",180 Niblick Rd
Chicken Fries,$4.59,220 Cal,"180 niblick rd, paso robles, ca, 93446, us",180 Niblick Rd
Mozzarella Fries,$3.79,480 Cal,"180 niblick rd, paso robles, ca, 93446, us",180 Niblick Rd
Chicken Nuggets,$2.86,390 Cal,"180 niblick rd, paso robles, ca, 93446, us",180 Niblick Rd
Mott's® Applesauce,$2.29,50 Cal,"180 niblick rd, paso robles, ca, 93446, us",180 Niblick Rd
Crispy Tacos,$2.09,170 Cal,"180 niblick rd, paso robles, ca, 93446, us",180 Niblick Rd
Fiery Bacon Whopper®,$8.59,800 Cal,"1801 decoto road, union city, ca, 94587, us",1801 Decoto Road
Whopper,$7.59,670 Cal,"1801 decoto road, union city, ca, 94587, us",1801 Decoto Road
Impossible™ Whopper,$8.59,630 Cal,"1801 decoto road, union city, ca, 94587, us",1801 Decoto Road
Texas Double Whopper,$9.89,"1,090 Cal","1801 decoto road, union city, ca, 94587, us",1801 Decoto Road
Double Whopper,$8.89,920 Cal,"1801 decoto road, union city, ca, 94587, us",1801 Decoto Road
Triple Whopper,$10.19,"1,170 Cal","1801 decoto road, union city, ca, 94587, us",1801 Decoto Road
Bacon King,$8.99,"1,200 Cal","1801 decoto road, union city, ca, 94587, us",1801 Decoto Road
BBQ Bacon Whopper Jr.,$3.89,390 Cal,"1801 decoto road, union city, ca, 94587, us",1801 Decoto Road
Double Whopper Jr.,$5.69,447 Cal,"1801 decoto road, union city, ca, 94587, us",1801 Decoto Road
Whopper Jr.,$4.19,330 Cal,"1801 decoto road, union city, ca, 94587, us",1801 Decoto Road
Bacon Double Cheeseburger,$4.39,440 Cal,"1801 decoto road, union city, ca, 94587, us",1801 Decoto Road
Bacon Cheeseburger,$3.49,340 Cal,"1801 decoto road, union city, ca, 94587, us",1801 Decoto Road
Double Cheeseburger,$3.69,400 Cal,"1801 decoto road, union city, ca, 94587, us",1801 Decoto Road
Cheeseburger,$2.69,290 Cal,"1801 decoto road, union city, ca, 94587, us",1801 Decoto Road
Rodeo Burger,$2.69,340 Cal,"1801 decoto road, union city, ca, 94587, us",1801 Decoto Road
Hamburger,$2.39,250 Cal,"1801 decoto road, union city, ca, 94587, us",1801 Decoto Road
Have-sies™,$4.59,380 Cal,"1801 decoto road, union city, ca, 94587, us",1801 Decoto Road
French Fries,$3.69,370 Cal,"1801 decoto road, union city, ca, 94587, us",1801 Decoto Road
Onion Rings,$3.69,360 Cal,"1801 decoto road, union city, ca, 94587, us",1801 Decoto Road
Chicken Fries,$4.19,220 Cal,"1801 decoto road, union city, ca, 94587, us",1801 Decoto Road
Mozzarella Fries,$3.99,480 Cal,"1801 decoto road, union city, ca, 94587, us",1801 Decoto Road
Chicken Nuggets,$2.99,390 Cal,"1801 decoto road, union city, ca, 94587, us",1801 Decoto Road
Mott's® Applesauce,$1.49,50 Cal,"1801 decoto road, union city, ca, 94587, us",1801 Decoto Road
Fiery Bacon Whopper®,$8.59,800 Cal,"31361 alavarado niles road, union city, ca, 94587, us",31361 Alavarado Niles Road
Whopper,$7.59,670 Cal,"31361 alavarado niles road, union city, ca, 94587, us",31361 Alavarado Niles Road
Impossible™ Whopper,$8.59,630 Cal,"31361 alavarado niles road, union city, ca, 94587, us",31361 Alavarado Niles Road
Texas Double Whopper,$9.89,"1,090 Cal","31361 alavarado niles road, union city, ca, 94587, us",31361 Alavarado Niles Road
Double Whopper,$8.89,920 Cal,"31361 alavarado niles road, union city, ca, 94587, us",31361 Alavarado Niles Road
Triple Whopper,$10.19,"1,170 Cal","31361 alavarado niles road, union city, ca, 94587, us",31361 Alavarado Niles Road
Bacon King,$8.99,"1,200 Cal","31361 alavarado niles road, union city, ca, 94587, us",31361 Alavarado Niles Road
BBQ Bacon Whopper Jr.,$3.89,390 Cal,"31361 alavarado niles road, union city, ca, 94587, us",31361 Alavarado Niles Road
Double Whopper Jr.,$5.69,447 Cal,"31361 alavarado niles road, union city, ca, 94587, us",31361 Alavarado Niles Road
Whopper Jr.,$4.19,330 Cal,"31361 alavarado niles road, union city, ca, 94587, us",31361 Alavarado Niles Road
Bacon Double Cheeseburger,$4.39,440 Cal,"31361 alavarado niles road, union city, ca, 94587, us",31361 Alavarado Niles Road
Bacon Cheeseburger,$3.49,340 Cal,"31361 alavarado niles road, union city, ca, 94587, us",31361 Alavarado Niles Road
Double Cheeseburger,$3.69,400 Cal,"31361 alavarado niles road, union city, ca, 94587, us",31361 Alavarado Niles Road
Cheeseburger,$2.69,290 Cal,"31361 alavarado niles road, union city, ca, 94587, us",31361 Alavarado Niles Road
Rodeo Burger,$2.69,340 Cal,"31361 alavarado niles road, union city, ca, 94587, us",31361 Alavarado Niles Road
Hamburger,$2.39,250 Cal,"31361 alavarado niles road, union city, ca, 94587, us",31361 Alavarado Niles Road
Have-sies™,$4.59,380 Cal,"31361 alavarado niles road, union city, ca, 94587, us",31361 Alavarado Niles Road
French Fries,$3.69,370 Cal,"31361 alavarado niles road, union city, ca, 94587, us",31361 Alavarado Niles Road
Onion Rings,$3.69,360 Cal,"31361 alavarado niles road, union city, ca, 94587, us",31361 Alavarado Niles Road
Chicken Fries,$4.19,220 Cal,"31361 alavarado niles road, union city, ca, 94587, us",31361 Alavarado Niles Road
Mozzarella Fries,$3.99,480 Cal,"31361 alavarado niles road, union city, ca, 94587, us",31361 Alavarado Niles Road
Chicken Nuggets,$2.99,390 Cal,"31361 alavarado niles road, union city, ca, 94587, us",31361 Alavarado Niles Road
Mott's® Applesauce,$1.49,50 Cal,"31361 alavarado niles road, union city, ca, 94587, us",31361 Alavarado Niles Road
Fiery Bacon Whopper®,$8.99,800 Cal,"181 south arniell road, camarillo, ca, 93010, us",181 South Arniell Road
Whopper,$7.99,670 Cal,"181 south arniell road, camarillo, ca, 93010, us",181 South Arniell Road
Impossible™ Whopper,$8.49,630 Cal,"181 south arniell road, camarillo, ca, 93010, us",181 South Arniell Road
Texas Double Whopper,$10.29,"1,090 Cal","181 south arniell road, camarillo, ca, 93010, us",181 South Arniell Road
Double Whopper,$9.19,920 Cal,"181 south arniell road, camarillo, ca, 93010, us",181 South Arniell Road
Triple Whopper,$10.39,"1,170 Cal","181 south arniell road, camarillo, ca, 93010, us",181 South Arniell Road
Bacon King,$9.49,"1,200 Cal","181 south arniell road, camarillo, ca, 93010, us",181 South Arniell Road
BBQ Bacon Whopper Jr.,$4.79,390 Cal,"181 south arniell road, camarillo, ca, 93010, us",181 South Arniell Road
Double Whopper Jr.,$5.99,447 Cal,"181 south arniell road, camarillo, ca, 93010, us",181 South Arniell Road
Whopper Jr.,$4.59,330 Cal,"181 south arniell road, camarillo, ca, 93010, us",181 South Arniell Road
Bacon Double Cheeseburger,$4.39,440 Cal,"181 south arniell road, camarillo, ca, 93010, us",181 South Arniell Road
Bacon Cheeseburger,$3.19,340 Cal,"181 south arniell road, camarillo, ca, 93010, us",181 South Arniell Road
Double Cheeseburger,$3.59,400 Cal,"181 south arniell road, camarillo, ca, 93010, us",181 South Arniell Road
Cheeseburger,$2.79,290 Cal,"181 south arniell road, camarillo, ca, 93010, us",181 South Arniell Road
Rodeo Burger,$2.79,340 Cal,"181 south arniell road, camarillo, ca, 93010, us",181 South Arniell Road
Hamburger,$1.89,250 Cal,"181 south arniell road, camarillo, ca, 93010, us",181 South Arniell Road
Have-sies™,$3.79,380 Cal,"181 south arniell road, camarillo, ca, 93010, us",181 South Arniell Road
French Fries,$3.99,370 Cal,"181 south arniell road, camarillo, ca, 93010, us",181 South Arniell Road
Onion Rings,$3.99,360 Cal,"181 south arniell road, camarillo, ca, 93010, us",181 South Arniell Road
Fiery Chicken Fries,$4.89,260 Cal,"181 south arniell road, camarillo, ca, 93010, us",181 South Arniell Road
Fiery Mozzarella Fries,$4.89,450 Cal,"181 south arniell road, camarillo, ca, 93010, us",181 South Arniell Road
Chicken Fries,$4.99,220 Cal,"181 south arniell road, camarillo, ca, 93010, us",181 South Arniell Road
Mozzarella Fries,$4.89,480 Cal,"181 south arniell road, camarillo, ca, 93010, us",181 South Arniell Road
Chicken Nuggets,$3.49,390 Cal,"181 south arniell road, camarillo, ca, 93010, us",181 South Arniell Road
Mott's® Applesauce,$2.29,50 Cal,"181 south arniell road, camarillo, ca, 93010, us",181 South Arniell Road
Fiery Bacon Whopper®,$8.99,800 Cal,"1830 west 8th street, los angeles, ca, 90057, us",1830 West 8th Street
Whopper,$7.99,670 Cal,"1830 west 8th street, los angeles, ca, 90057, us",1830 West 8th Street
Impossible™ Whopper,$8.49,630 Cal,"1830 west 8th street, los angeles, ca, 90057, us",1830 West 8th Street
Texas Double Whopper,$10.29,"1,090 Cal","1830 west 8th street, los angeles, ca, 90057, us",1830 West 8th Street
Double Whopper,$9.19,920 Cal,"1830 west 8th street, los angeles, ca, 90057, us",1830 West 8th Street
Triple Whopper,$10.39,"1,170 Cal","1830 west 8th street, los angeles, ca, 90057, us",1830 West 8th Street
Bacon King,$9.49,"1,200 Cal","1830 west 8th street, los angeles, ca, 90057, us",1830 West 8th Street
BBQ Bacon Whopper Jr.,$5.49,390 Cal,"1830 west 8th street, los angeles, ca, 90057, us",1830 West 8th Street
Double Whopper Jr.,$5.99,447 Cal,"1830 west 8th street, los angeles, ca, 90057, us",1830 West 8th Street
Whopper Jr.,$4.59,330 Cal,"1830 west 8th street, los angeles, ca, 90057, us",1830 West 8th Street
Bacon Double Cheeseburger,$4.39,440 Cal,"1830 west 8th street, los angeles, ca, 90057, us",1830 West 8th Street
Bacon Cheeseburger,$3.19,340 Cal,"1830 west 8th street, los angeles, ca, 90057, us",1830 West 8th Street
Double Cheeseburger,$3.59,400 Cal,"1830 west 8th street, los angeles, ca, 90057, us",1830 West 8th Street
Cheeseburger,$2.79,290 Cal,"1830 west 8th street, los angeles, ca, 90057, us",1830 West 8th Street
Rodeo Burger,$2.79,340 Cal,"1830 west 8th street, los angeles, ca, 90057, us",1830 West 8th Street
Hamburger,$1.89,250 Cal,"1830 west 8th street, los angeles, ca, 90057, us",1830 West 8th Street
Have-sies™,$3.79,380 Cal,"1830 west 8th street, los angeles, ca, 90057, us",1830 West 8th Street
French Fries,$3.99,370 Cal,"1830 west 8th street, los angeles, ca, 90057, us",1830 West 8th Street
Onion Rings,$3.99,360 Cal,"1830 west 8th street, los angeles, ca, 90057, us",1830 West 8th Street
Fiery Chicken Fries,$4.89,260 Cal,"1830 west 8th street, los angeles, ca, 90057, us",1830 West 8th Street
Fiery Mozzarella Fries,$4.89,450 Cal,"1830 west 8th street, los angeles, ca, 90057, us",1830 West 8th Street
Chicken Fries,$4.89,220 Cal,"1830 west 8th street, los angeles, ca, 90057, us",1830 West 8th Street
Mozzarella Fries,$4.89,480 Cal,"1830 west 8th street, los angeles, ca, 90057, us",1830 West 8th Street
Chicken Nuggets,$3.49,390 Cal,"1830 west 8th street, los angeles, ca, 90057, us",1830 West 8th Street
Mott's® Applesauce,$2.29,50 Cal,"1830 west 8th street, los angeles, ca, 90057, us",1830 West 8th Street
Fiery Bacon Whopper®,$8.99,800 Cal,"1845 s. vermont ave., los angeles, ca, 90006, us",1845 S. Vermont Ave.
Whopper,$7.99,670 Cal,"1845 s. vermont ave., los angeles, ca, 90006, us",1845 S. Vermont Ave.
Impossible™ Whopper,$8.49,630 Cal,"1845 s. vermont ave., los angeles, ca, 90006, us",1845 S. Vermont Ave.
Texas Double Whopper,$10.29,"1,090 Cal","1845 s. vermont ave., los angeles, ca, 90006, us",1845 S. Vermont Ave.
Double Whopper,$9.19,920 Cal,"1845 s. vermont ave., los angeles, ca, 90006, us",1845 S. Vermont Ave.
Triple Whopper,$10.39,"1,170 Cal","1845 s. vermont ave., los angeles, ca, 90006, us",1845 S. Vermont Ave.
Bacon King,$9.49,"1,200 Cal","1845 s. vermont ave., los angeles, ca, 90006, us",1845 S. Vermont Ave.
BBQ Bacon Whopper Jr.,$5.49,390 Cal,"1845 s. vermont ave., los angeles, ca, 90006, us",1845 S. Vermont Ave.
Double Whopper Jr.,$5.99,447 Cal,"1845 s. vermont ave., los angeles, ca, 90006, us",1845 S. Vermont Ave.
Whopper Jr.,$4.59,330 Cal,"1845 s. vermont ave., los angeles, ca, 90006, us",1845 S. Vermont Ave.
Bacon Double Cheeseburger,$4.39,440 Cal,"1845 s. vermont ave., los angeles, ca, 90006, us",1845 S. Vermont Ave.
Bacon Cheeseburger,$3.19,340 Cal,"1845 s. vermont ave., los angeles, ca, 90006, us",1845 S. Vermont Ave.
Double Cheeseburger,$3.59,400 Cal,"1845 s. vermont ave., los angeles, ca, 90006, us",1845 S. Vermont Ave.
Cheeseburger,$2.79,290 Cal,"1845 s. vermont ave., los angeles, ca, 90006, us",1845 S. Vermont Ave.
Rodeo Burger,$2.79,340 Cal,"1845 s. vermont ave., los angeles, ca, 90006, us",1845 S. Vermont Ave.
Hamburger,$1.89,250 Cal,"1845 s. vermont ave., los angeles, ca, 90006, us",1845 S. Vermont Ave.
Have-sies™,$3.79,380 Cal,"1845 s. vermont ave., los angeles, ca, 90006, us",1845 S. Vermont Ave.
French Fries,$3.99,370 Cal,"1845 s. vermont ave., los angeles, ca, 90006, us",1845 S. Vermont Ave.
Onion Rings,$3.99,360 Cal,"1845 s. vermont ave., los angeles, ca, 90006, us",1845 S. Vermont Ave.
Fiery Chicken Fries,$4.89,260 Cal,"1845 s. vermont ave., los angeles, ca, 90006, us",1845 S. Vermont Ave.
Fiery Mozzarella Fries,$4.89,450 Cal,"1845 s. vermont ave., los angeles, ca, 90006, us",1845 S. Vermont Ave.
Chicken Fries,$4.89,220 Cal,"1845 s. vermont ave., los angeles, ca, 90006, us",1845 S. Vermont Ave.
Mozzarella Fries,$4.89,480 Cal,"1845 s. vermont ave., los angeles, ca, 90006, us",1845 S. Vermont Ave.
Chicken Nuggets,$3.49,390 Cal,"1845 s. vermont ave., los angeles, ca, 90006, us",1845 S. Vermont Ave.
Mott's® Applesauce,$2.29,50 Cal,"1845 s. vermont ave., los angeles, ca, 90006, us",1845 S. Vermont Ave.
Fiery Bacon Whopper®,$8.59,800 Cal,"1915 arden way, sacramento, ca, 95815, us",1915 Arden Way
Whopper,$6.99,670 Cal,"1915 arden way, sacramento, ca, 95815, us",1915 Arden Way
Impossible™ Whopper,$7.99,630 Cal,"1915 arden way, sacramento, ca, 95815, us",1915 Arden Way
Texas Double Whopper,$9.39,"1,090 Cal","1915 arden way, sacramento, ca, 95815, us",1915 Arden Way
Double Whopper,$8.29,920 Cal,"1915 arden way, sacramento, ca, 95815, us",1915 Arden Way
Triple Whopper,$9.49,"1,170 Cal","1915 arden way, sacramento, ca, 95815, us",1915 Arden Way
Bacon King,$8.79,"1,200 Cal","1915 arden way, sacramento, ca, 95815, us",1915 Arden Way
BBQ Bacon Whopper Jr.,$3.89,390 Cal,"1915 arden way, sacramento, ca, 95815, us",1915 Arden Way
Double Whopper Jr.,$5.69,447 Cal,"1915 arden way, sacramento, ca, 95815, us",1915 Arden Way
Whopper Jr.,$4.19,330 Cal,"1915 arden way, sacramento, ca, 95815, us",1915 Arden Way
Bacon Double Cheeseburger,$4.49,440 Cal,"1915 arden way, sacramento, ca, 95815, us",1915 Arden Way
Bacon Cheeseburger,$3.49,340 Cal,"1915 arden way, sacramento, ca, 95815, us",1915 Arden Way
Double Cheeseburger,$3.69,400 Cal,"1915 arden way, sacramento, ca, 95815, us",1915 Arden Way
Cheeseburger,$2.79,290 Cal,"1915 arden way, sacramento, ca, 95815, us",1915 Arden Way
Rodeo Burger,$2.79,340 Cal,"1915 arden way, sacramento, ca, 95815, us",1915 Arden Way
Hamburger,$2.39,250 Cal,"1915 arden way, sacramento, ca, 95815, us",1915 Arden Way
Have-sies™,$3.49,380 Cal,"1915 arden way, sacramento, ca, 95815, us",1915 Arden Way
French Fries,$3.89,370 Cal,"1915 arden way, sacramento, ca, 95815, us",1915 Arden Way
Onion Rings,$3.89,360 Cal,"1915 arden way, sacramento, ca, 95815, us",1915 Arden Way
Fiery Chicken Fries,$4.29,260 Cal,"1915 arden way, sacramento, ca, 95815, us",1915 Arden Way
Fiery Mozzarella Fries,$4.29,450 Cal,"1915 arden way, sacramento, ca, 95815, us",1915 Arden Way
Chicken Fries,$4.19,220 Cal,"1915 arden way, sacramento, ca, 95815, us",1915 Arden Way
Mozzarella Fries,$3.99,480 Cal,"1915 arden way, sacramento, ca, 95815, us",1915 Arden Way
Chicken Nuggets,$2.99,390 Cal,"1915 arden way, sacramento, ca, 95815, us",1915 Arden Way
Mott's® Applesauce,$1.69,50 Cal,"1915 arden way, sacramento, ca, 95815, us",1915 Arden Way
Fiery Bacon Whopper®,$9.59,800 Cal,"1949 columbus avenue, bakersfield, ca, 93305, us",35 Powell Street
Whopper,$7.99,670 Cal,"1949 columbus avenue, bakersfield, ca, 93305, us",35 Powell Street
Impossible™ Whopper,$8.99,630 Cal,"1949 columbus avenue, bakersfield, ca, 93305, us",35 Powell Street
Texas Double Whopper,$10.79,"1,090 Cal","1949 columbus avenue, bakersfield, ca, 93305, us",35 Powell Street
Double Whopper,$9.49,920 Cal,"1949 columbus avenue, bakersfield, ca, 93305, us",35 Powell Street
Triple Whopper,$10.49,"1,170 Cal","1949 columbus avenue, bakersfield, ca, 93305, us",35 Powell Street
Bacon King,$9.99,"1,200 Cal","1949 columbus avenue, bakersfield, ca, 93305, us",35 Powell Street
BBQ Bacon Whopper Jr.,$5.49,390 Cal,"1949 columbus avenue, bakersfield, ca, 93305, us",35 Powell Street
Double Whopper Jr.,$4.99,447 Cal,"1949 columbus avenue, bakersfield, ca, 93305, us",35 Powell Street
Whopper Jr.,$4.49,330 Cal,"1949 columbus avenue, bakersfield, ca, 93305, us",35 Powell Street
Bacon Double Cheeseburger,$5.99,440 Cal,"1949 columbus avenue, bakersfield, ca, 93305, us",35 Powell Street
Bacon Cheeseburger,$3.99,340 Cal,"1949 columbus avenue, bakersfield, ca, 93305, us",35 Powell Street
Double Cheeseburger,$3.99,400 Cal,"1949 columbus avenue, bakersfield, ca, 93305, us",35 Powell Street
Cheeseburger,$3.99,290 Cal,"1949 columbus avenue, bakersfield, ca, 93305, us",35 Powell Street
Rodeo Burger,$3.49,340 Cal,"1949 columbus avenue, bakersfield, ca, 93305, us",35 Powell Street
Hamburger,$3.59,250 Cal,"1949 columbus avenue, bakersfield, ca, 93305, us",35 Powell Street
Have-sies™,$4.99,380 Cal,"1949 columbus avenue, bakersfield, ca, 93305, us",35 Powell Street
French Fries,$4.69,370 Cal,"1949 columbus avenue, bakersfield, ca, 93305, us",35 Powell Street
Onion Rings,$4.79,360 Cal,"1949 columbus avenue, bakersfield, ca, 93305, us",35 Powell Street
Fiery Chicken Fries,$5.99,260 Cal,"1949 columbus avenue, bakersfield, ca, 93305, us",35 Powell Street
Fiery Mozzarella Fries,$5.99,450 Cal,"1949 columbus avenue, bakersfield, ca, 93305, us",35 Powell Street
Chicken Fries,$5.99,220 Cal,"1949 columbus avenue, bakersfield, ca, 93305, us",35 Powell Street
Mozzarella Fries,$4.99,480 Cal,"1949 columbus avenue, bakersfield, ca, 93305, us",35 Powell Street
Chicken Nuggets,$2.99,390 Cal,"1949 columbus avenue, bakersfield, ca, 93305, us",35 Powell Street
Crispy Tacos,$3.29,170 Cal,"1949 columbus avenue, bakersfield, ca, 93305, us",35 Powell Street
Fiery Bacon Whopper®,$8.39,800 Cal,"3405 union ave, bakersfield, ca, 93305, us",3405 Union Ave
Whopper,$6.79,670 Cal,"3405 union ave, bakersfield, ca, 93305, us",3405 Union Ave
Impossible™ Whopper,$7.79,630 Cal,"3405 union ave, bakersfield, ca, 93305, us",3405 Union Ave
Texas Double Whopper,$8.99,"1,090 Cal","3405 union ave, bakersfield, ca, 93305, us",3405 Union Ave
Double Whopper,$7.99,920 Cal,"3405 union ave, bakersfield, ca, 93305, us",3405 Union Ave
Triple Whopper,$9.19,"1,170 Cal","3405 union ave, bakersfield, ca, 93305, us",3405 Union Ave
Bacon King,$8.79,"1,200 Cal","3405 union ave, bakersfield, ca, 93305, us",3405 Union Ave
BBQ Bacon Whopper Jr.,$3.89,390 Cal,"3405 union ave, bakersfield, ca, 93305, us",3405 Union Ave
Double Whopper Jr.,$5.79,447 Cal,"3405 union ave, bakersfield, ca, 93305, us",3405 Union Ave
Whopper Jr.,$3.99,330 Cal,"3405 union ave, bakersfield, ca, 93305, us",3405 Union Ave
Bacon Double Cheeseburger,$4.39,440 Cal,"3405 union ave, bakersfield, ca, 93305, us",3405 Union Ave
Bacon Cheeseburger,$3.49,340 Cal,"3405 union ave, bakersfield, ca, 93305, us",3405 Union Ave
Double Cheeseburger,$3.49,400 Cal,"3405 union ave, bakersfield, ca, 93305, us",3405 Union Ave
Cheeseburger,$2.59,290 Cal,"3405 union ave, bakersfield, ca, 93305, us",3405 Union Ave
Rodeo Burger,$2.59,340 Cal,"3405 union ave, bakersfield, ca, 93305, us",3405 Union Ave
Hamburger,$1.99,250 Cal,"3405 union ave, bakersfield, ca, 93305, us",3405 Union Ave
Have-sies™,$3.29,380 Cal,"3405 union ave, bakersfield, ca, 93305, us",3405 Union Ave
French Fries,$3.79,370 Cal,"3405 union ave, bakersfield, ca, 93305, us",3405 Union Ave
Onion Rings,$3.79,360 Cal,"3405 union ave, bakersfield, ca, 93305, us",3405 Union Ave
Fiery Chicken Fries,$4.29,260 Cal,"3405 union ave, bakersfield, ca, 93305, us",3405 Union Ave
Fiery Mozzarella Fries,$4.29,450 Cal,"3405 union ave, bakersfield, ca, 93305, us",3405 Union Ave
Chicken Fries,$4.29,220 Cal,"3405 union ave, bakersfield, ca, 93305, us",3405 Union Ave
Mozzarella Fries,$3.99,480 Cal,"3405 union ave, bakersfield, ca, 93305, us",3405 Union Ave
Chicken Nuggets,$2.99,390 Cal,"3405 union ave, bakersfield, ca, 93305, us",3405 Union Ave
Mott's® Applesauce,$1.69,50 Cal,"3405 union ave, bakersfield, ca, 93305, us",3405 Union Ave
Fiery Bacon Whopper®,$8.99,800 Cal,"19662 nordhoff street, northridge, ca, 91324, us",19640 Nordhoff St
Whopper,$7.99,670 Cal,"19662 nordhoff street, northridge, ca, 91324, us",19640 Nordhoff St
Impossible™ Whopper,$8.49,630 Cal,"19662 nordhoff street, northridge, ca, 91324, us",19640 Nordhoff St
Texas Double Whopper,$10.29,"1,090 Cal","19662 nordhoff street, northridge, ca, 91324, us",19640 Nordhoff St
Double Whopper,$9.19,920 Cal,"19662 nordhoff street, northridge, ca, 91324, us",19640 Nordhoff St
Triple Whopper,$10.39,"1,170 Cal","19662 nordhoff street, northridge, ca, 91324, us",19640 Nordhoff St
Bacon King,$9.49,"1,200 Cal","19662 nordhoff street, northridge, ca, 91324, us",19640 Nordhoff St
BBQ Bacon Whopper Jr.,$5.49,390 Cal,"19662 nordhoff street, northridge, ca, 91324, us",19640 Nordhoff St
Double Whopper Jr.,$5.99,447 Cal,"19662 nordhoff street, northridge, ca, 91324, us",19640 Nordhoff St
Whopper Jr.,$4.59,330 Cal,"19662 nordhoff street, northridge, ca, 91324, us",19640 Nordhoff St
Bacon Double Cheeseburger,$4.39,440 Cal,"19662 nordhoff street, northridge, ca, 91324, us",19640 Nordhoff St
Bacon Cheeseburger,$3.19,340 Cal,"19662 nordhoff street, northridge, ca, 91324, us",19640 Nordhoff St
Double Cheeseburger,$3.59,400 Cal,"19662 nordhoff street, northridge, ca, 91324, us",19640 Nordhoff St
Cheeseburger,$2.79,290 Cal,"19662 nordhoff street, northridge, ca, 91324, us",19640 Nordhoff St
Rodeo Burger,$2.79,340 Cal,"19662 nordhoff street, northridge, ca, 91324, us",19640 Nordhoff St
Hamburger,$1.89,250 Cal,"19662 nordhoff street, northridge, ca, 91324, us",19640 Nordhoff St
Have-sies™,$3.79,380 Cal,"19662 nordhoff street, northridge, ca, 91324, us",19640 Nordhoff St
French Fries,$3.99,370 Cal,"19662 nordhoff street, northridge, ca, 91324, us",19640 Nordhoff St
Onion Rings,$3.99,360 Cal,"19662 nordhoff street, northridge, ca, 91324, us",19640 Nordhoff St
Fiery Chicken Fries,$4.89,260 Cal,"19662 nordhoff street, northridge, ca, 91324, us",19640 Nordhoff St
Fiery Mozzarella Fries,$4.89,450 Cal,"19662 nordhoff street, northridge, ca, 91324, us",19640 Nordhoff St
Chicken Fries,$4.89,220 Cal,"19662 nordhoff street, northridge, ca, 91324, us",19640 Nordhoff St
Mozzarella Fries,$4.89,480 Cal,"19662 nordhoff street, northridge, ca, 91324, us",19640 Nordhoff St
Chicken Nuggets,$3.49,390 Cal,"19662 nordhoff street, northridge, ca, 91324, us",19640 Nordhoff St
Mott's® Applesauce,$2.29,50 Cal,"19662 nordhoff street, northridge, ca, 91324, us",19640 Nordhoff St
Fiery Bacon Whopper®,$9.99,800 Cal,"200 north harbor boulevard, santa ana, ca, 92703, us",510 South Euclid Street
Whopper,$7.99,670 Cal,"200 north harbor boulevard, santa ana, ca, 92703, us",510 South Euclid Street
Impossible™ Whopper,$8.99,630 Cal,"200 north harbor boulevard, santa ana, ca, 92703, us",510 South Euclid Street
Texas Double Whopper,$10.79,"1,090 Cal","200 north harbor boulevard, santa ana, ca, 92703, us",510 South Euclid Street
Double Whopper,$8.99,920 Cal,"200 north harbor boulevard, santa ana, ca, 92703, us",510 South Euclid Street
Triple Whopper,$9.69,"1,170 Cal","200 north harbor boulevard, santa ana, ca, 92703, us",510 South Euclid Street
Bacon King,$10.79,"1,200 Cal","200 north harbor boulevard, santa ana, ca, 92703, us",510 South Euclid Street
BBQ Bacon Whopper Jr.,$7.09,390 Cal,"200 north harbor boulevard, santa ana, ca, 92703, us",510 South Euclid Street
Whopper Jr.,$6.59,330 Cal,"200 north harbor boulevard, santa ana, ca, 92703, us",510 South Euclid Street
Bacon Double Cheeseburger,$5.19,440 Cal,"200 north harbor boulevard, santa ana, ca, 92703, us",510 South Euclid Street
Bacon Cheeseburger,$3.99,340 Cal,"200 north harbor boulevard, santa ana, ca, 92703, us",510 South Euclid Street
Double Cheeseburger,$3.99,400 Cal,"200 north harbor boulevard, santa ana, ca, 92703, us",510 South Euclid Street
Cheeseburger,$3.29,290 Cal,"200 north harbor boulevard, santa ana, ca, 92703, us",510 South Euclid Street
Rodeo Burger,$3.69,340 Cal,"200 north harbor boulevard, santa ana, ca, 92703, us",510 South Euclid Street
Hamburger,$2.79,250 Cal,"200 north harbor boulevard, santa ana, ca, 92703, us",510 South Euclid Street
Have-sies™,$4.19,380 Cal,"200 north harbor boulevard, santa ana, ca, 92703, us",510 South Euclid Street
French Fries,$4.09,370 Cal,"200 north harbor boulevard, santa ana, ca, 92703, us",510 South Euclid Street
Onion Rings,$4.19,360 Cal,"200 north harbor boulevard, santa ana, ca, 92703, us",510 South Euclid Street
Fiery Chicken Fries,$6.19,260 Cal,"200 north harbor boulevard, santa ana, ca, 92703, us",510 South Euclid Street
Fiery Mozzarella Fries,$4.79,450 Cal,"200 north harbor boulevard, santa ana, ca, 92703, us",510 South Euclid Street
Chicken Fries,$6.19,220 Cal,"200 north harbor boulevard, santa ana, ca, 92703, us",510 South Euclid Street
Mozzarella Fries,$4.79,480 Cal,"200 north harbor boulevard, santa ana, ca, 92703, us",510 South Euclid Street
Chicken Nuggets,$2.99,390 Cal,"200 north harbor boulevard, santa ana, ca, 92703, us",510 South Euclid Street
Mott's® Applesauce,$2.09,50 Cal,"200 north harbor boulevard, santa ana, ca, 92703, us",510 South Euclid Street
Fiery Bacon Whopper®,$9.99,800 Cal,"2001 - 41st avenue, capitola, ca, 95010, us",3900 Geary Boulevard
Whopper,$7.99,670 Cal,"2001 - 41st avenue, capitola, ca, 95010, us",3900 Geary Boulevard
Impossible™ Whopper,$8.99,630 Cal,"2001 - 41st avenue, capitola, ca, 95010, us",3900 Geary Boulevard
Texas Double Whopper,$10.79,"1,090 Cal","2001 - 41st avenue, capitola, ca, 95010, us",3900 Geary Boulevard
Double Whopper,$9.49,920 Cal,"2001 - 41st avenue, capitola, ca, 95010, us",3900 Geary Boulevard
Triple Whopper,$10.69,"1,170 Cal","2001 - 41st avenue, capitola, ca, 95010, us",3900 Geary Boulevard
Bacon King,$9.99,"1,200 Cal","2001 - 41st avenue, capitola, ca, 95010, us",3900 Geary Boulevard
BBQ Bacon Whopper Jr.,$3.89,390 Cal,"2001 - 41st avenue, capitola, ca, 95010, us",3900 Geary Boulevard
Double Whopper Jr.,$6.29,447 Cal,"2001 - 41st avenue, capitola, ca, 95010, us",3900 Geary Boulevard
Whopper Jr.,$4.19,330 Cal,"2001 - 41st avenue, capitola, ca, 95010, us",3900 Geary Boulevard
Bacon Double Cheeseburger,$3.99,440 Cal,"2001 - 41st avenue, capitola, ca, 95010, us",3900 Geary Boulevard
Bacon Cheeseburger,$3.29,340 Cal,"2001 - 41st avenue, capitola, ca, 95010, us",3900 Geary Boulevard
Double Cheeseburger,$3.59,400 Cal,"2001 - 41st avenue, capitola, ca, 95010, us",3900 Geary Boulevard
Cheeseburger,$2.79,290 Cal,"2001 - 41st avenue, capitola, ca, 95010, us",3900 Geary Boulevard
Rodeo Burger,$2.79,340 Cal,"2001 - 41st avenue, capitola, ca, 95010, us",3900 Geary Boulevard
Hamburger,$2.39,250 Cal,"2001 - 41st avenue, capitola, ca, 95010, us",3900 Geary Boulevard
Have-sies™,$4.59,380 Cal,"2001 - 41st avenue, capitola, ca, 95010, us",3900 Geary Boulevard
French Fries,$4.59,370 Cal,"2001 - 41st avenue, capitola, ca, 95010, us",3900 Geary Boulevard
Onion Rings,$4.59,360 Cal,"2001 - 41st avenue, capitola, ca, 95010, us",3900 Geary Boulevard
Fiery Chicken Fries,$4.29,260 Cal,"2001 - 41st avenue, capitola, ca, 95010, us",3900 Geary Boulevard
Fiery Mozzarella Fries,$4.29,450 Cal,"2001 - 41st avenue, capitola, ca, 95010, us",3900 Geary Boulevard
Chicken Fries,$4.29,220 Cal,"2001 - 41st avenue, capitola, ca, 95010, us",3900 Geary Boulevard
Mozzarella Fries,$3.49,480 Cal,"2001 - 41st avenue, capitola, ca, 95010, us",3900 Geary Boulevard
Chicken Nuggets,$2.99,390 Cal,"2001 - 41st avenue, capitola, ca, 95010, us",3900 Geary Boulevard
Mott's® Applesauce,$2.19,50 Cal,"2001 - 41st avenue, capitola, ca, 95010, us",3900 Geary Boulevard
Fiery Bacon Whopper®,$8.99,800 Cal,"2001 north, oxnard, ca, 93036, us",2001 North Oxnard Boulevard
Whopper,$7.99,670 Cal,"2001 north, oxnard, ca, 93036, us",2001 North Oxnard Boulevard
Impossible™ Whopper,$8.49,630 Cal,"2001 north, oxnard, ca, 93036, us",2001 North Oxnard Boulevard
Texas Double Whopper,$10.29,"1,090 Cal","2001 north, oxnard, ca, 93036, us",2001 North Oxnard Boulevard
Double Whopper,$9.19,920 Cal,"2001 north, oxnard, ca, 93036, us",2001 North Oxnard Boulevard
Triple Whopper,$10.39,"1,170 Cal","2001 north, oxnard, ca, 93036, us",2001 North Oxnard Boulevard
Bacon King,$9.49,"1,200 Cal","2001 north, oxnard, ca, 93036, us",2001 North Oxnard Boulevard
BBQ Bacon Whopper Jr.,$4.79,390 Cal,"2001 north, oxnard, ca, 93036, us",2001 North Oxnard Boulevard
Double Whopper Jr.,$5.99,447 Cal,"2001 north, oxnard, ca, 93036, us",2001 North Oxnard Boulevard
Whopper Jr.,$4.59,330 Cal,"2001 north, oxnard, ca, 93036, us",2001 North Oxnard Boulevard
Bacon Double Cheeseburger,$4.39,440 Cal,"2001 north, oxnard, ca, 93036, us",2001 North Oxnard Boulevard
Bacon Cheeseburger,$3.19,340 Cal,"2001 north, oxnard, ca, 93036, us",2001 North Oxnard Boulevard
Double Cheeseburger,$3.59,400 Cal,"2001 north, oxnard, ca, 93036, us",2001 North Oxnard Boulevard
Cheeseburger,$2.79,290 Cal,"2001 north, oxnard, ca, 93036, us",2001 North Oxnard Boulevard
Rodeo Burger,$2.79,340 Cal,"2001 north, oxnard, ca, 93036, us",2001 North Oxnard Boulevard
Hamburger,$1.89,250 Cal,"2001 north, oxnard, ca, 93036, us",2001 North Oxnard Boulevard
Have-sies™,$3.79,380 Cal,"2001 north, oxnard, ca, 93036, us",2001 North Oxnard Boulevard
French Fries,$3.99,370 Cal,"2001 north, oxnard, ca, 93036, us",2001 North Oxnard Boulevard
Onion Rings,$3.99,360 Cal,"2001 north, oxnard, ca, 93036, us",2001 North Oxnard Boulevard
Fiery Chicken Fries,$4.89,260 Cal,"2001 north, oxnard, ca, 93036, us",2001 North Oxnard Boulevard
Fiery Mozzarella Fries,$4.89,450 Cal,"2001 north, oxnard, ca, 93036, us",2001 North Oxnard Boulevard
Chicken Fries,$4.99,220 Cal,"2001 north, oxnard, ca, 93036, us",2001 North Oxnard Boulevard
Mozzarella Fries,$4.89,480 Cal,"2001 north, oxnard, ca, 93036, us",2001 North Oxnard Boulevard
Chicken Nuggets,$3.49,390 Cal,"2001 north, oxnard, ca, 93036, us",2001 North Oxnard Boulevard
Mott's® Applesauce,$2.29,50 Cal,"2001 north, oxnard, ca, 93036, us",2001 North Oxnard Boulevard
Whopper,$7.79,670 Cal,"2008 glenoaks boulevard, san fernando, ca, 91340, us",2008 Glenoaks Boulevard
Impossible™ Whopper,$8.79,630 Cal,"2008 glenoaks boulevard, san fernando, ca, 91340, us",2008 Glenoaks Boulevard
Texas Double Whopper,$10.59,"1,090 Cal","2008 glenoaks boulevard, san fernando, ca, 91340, us",2008 Glenoaks Boulevard
Double Whopper,$8.79,920 Cal,"2008 glenoaks boulevard, san fernando, ca, 91340, us",2008 Glenoaks Boulevard
Triple Whopper,$9.49,"1,170 Cal","2008 glenoaks boulevard, san fernando, ca, 91340, us",2008 Glenoaks Boulevard
Bacon King,$10.59,"1,200 Cal","2008 glenoaks boulevard, san fernando, ca, 91340, us",2008 Glenoaks Boulevard
BBQ Bacon Whopper Jr.,$6.89,390 Cal,"2008 glenoaks boulevard, san fernando, ca, 91340, us",2008 Glenoaks Boulevard
Whopper Jr.,$6.39,330 Cal,"2008 glenoaks boulevard, san fernando, ca, 91340, us",2008 Glenoaks Boulevard
Bacon Double Cheeseburger,$4.99,440 Cal,"2008 glenoaks boulevard, san fernando, ca, 91340, us",2008 Glenoaks Boulevard
Bacon Cheeseburger,$3.99,340 Cal,"2008 glenoaks boulevard, san fernando, ca, 91340, us",2008 Glenoaks Boulevard
Double Cheeseburger,$3.99,400 Cal,"2008 glenoaks boulevard, san fernando, ca, 91340, us",2008 Glenoaks Boulevard
Cheeseburger,$3.49,290 Cal,"2008 glenoaks boulevard, san fernando, ca, 91340, us",2008 Glenoaks Boulevard
Rodeo Burger,$3.49,340 Cal,"2008 glenoaks boulevard, san fernando, ca, 91340, us",2008 Glenoaks Boulevard
Hamburger,$2.59,250 Cal,"2008 glenoaks boulevard, san fernando, ca, 91340, us",2008 Glenoaks Boulevard
Have-sies™,$4.19,380 Cal,"2008 glenoaks boulevard, san fernando, ca, 91340, us",2008 Glenoaks Boulevard
French Fries,$3.89,370 Cal,"2008 glenoaks boulevard, san fernando, ca, 91340, us",2008 Glenoaks Boulevard
Onion Rings,$3.99,360 Cal,"2008 glenoaks boulevard, san fernando, ca, 91340, us",2008 Glenoaks Boulevard
Chicken Fries,$5.99,220 Cal,"2008 glenoaks boulevard, san fernando, ca, 91340, us",2008 Glenoaks Boulevard
Mozzarella Fries,$4.79,480 Cal,"2008 glenoaks boulevard, san fernando, ca, 91340, us",2008 Glenoaks Boulevard
Chicken Nuggets,$2.99,390 Cal,"2008 glenoaks boulevard, san fernando, ca, 91340, us",2008 Glenoaks Boulevard
Mott's® Applesauce,$1.89,50 Cal,"2008 glenoaks boulevard, san fernando, ca, 91340, us",2008 Glenoaks Boulevard
Fiery Bacon Whopper®,$9.59,800 Cal,"2015 mission street, santa cruz, ca, 95060, us",35 Powell Street
Whopper,$7.99,670 Cal,"2015 mission street, santa cruz, ca, 95060, us",35 Powell Street
Impossible™ Whopper,$8.99,630 Cal,"2015 mission street, santa cruz, ca, 95060, us",35 Powell Street
Texas Double Whopper,$10.79,"1,090 Cal","2015 mission street, santa cruz, ca, 95060, us",35 Powell Street
Double Whopper,$9.49,920 Cal,"2015 mission street, santa cruz, ca, 95060, us",35 Powell Street
Triple Whopper,$10.49,"1,170 Cal","2015 mission street, santa cruz, ca, 95060, us",35 Powell Street
Bacon King,$9.99,"1,200 Cal","2015 mission street, santa cruz, ca, 95060, us",35 Powell Street
BBQ Bacon Whopper Jr.,$5.49,390 Cal,"2015 mission street, santa cruz, ca, 95060, us",35 Powell Street
Double Whopper Jr.,$4.99,447 Cal,"2015 mission street, santa cruz, ca, 95060, us",35 Powell Street
Whopper Jr.,$4.49,330 Cal,"2015 mission street, santa cruz, ca, 95060, us",35 Powell Street
Bacon Double Cheeseburger,$5.99,440 Cal,"2015 mission street, santa cruz, ca, 95060, us",35 Powell Street
Bacon Cheeseburger,$3.99,340 Cal,"2015 mission street, santa cruz, ca, 95060, us",35 Powell Street
Double Cheeseburger,$3.99,400 Cal,"2015 mission street, santa cruz, ca, 95060, us",35 Powell Street
Cheeseburger,$3.99,290 Cal,"2015 mission street, santa cruz, ca, 95060, us",35 Powell Street
Rodeo Burger,$3.49,340 Cal,"2015 mission street, santa cruz, ca, 95060, us",35 Powell Street
Hamburger,$3.59,250 Cal,"2015 mission street, santa cruz, ca, 95060, us",35 Powell Street
Have-sies™,$4.99,380 Cal,"2015 mission street, santa cruz, ca, 95060, us",35 Powell Street
French Fries,$4.69,370 Cal,"2015 mission street, santa cruz, ca, 95060, us",35 Powell Street
Onion Rings,$4.79,360 Cal,"2015 mission street, santa cruz, ca, 95060, us",35 Powell Street
Fiery Chicken Fries,$5.99,260 Cal,"2015 mission street, santa cruz, ca, 95060, us",35 Powell Street
Fiery Mozzarella Fries,$5.99,450 Cal,"2015 mission street, santa cruz, ca, 95060, us",35 Powell Street
Chicken Fries,$5.99,220 Cal,"2015 mission street, santa cruz, ca, 95060, us",35 Powell Street
Mozzarella Fries,$4.99,480 Cal,"2015 mission street, santa cruz, ca, 95060, us",35 Powell Street
Chicken Nuggets,$2.99,390 Cal,"2015 mission street, santa cruz, ca, 95060, us",35 Powell Street
Crispy Tacos,$3.29,170 Cal,"2015 mission street, santa cruz, ca, 95060, us",35 Powell Street
Fiery Bacon Whopper®,$8.99,800 Cal,"205 east redlands, san bernardino, ca, 92408, us",205 East Redlands
Whopper,$7.99,670 Cal,"205 east redlands, san bernardino, ca, 92408, us",205 East Redlands
Impossible™ Whopper,$8.49,630 Cal,"205 east redlands, san bernardino, ca, 92408, us",205 East Redlands
Texas Double Whopper,$10.29,"1,090 Cal","205 east redlands, san bernardino, ca, 92408, us",205 East Redlands
Double Whopper,$9.19,920 Cal,"205 east redlands, san bernardino, ca, 92408, us",205 East Redlands
Triple Whopper,$10.39,"1,170 Cal","205 east redlands, san bernardino, ca, 92408, us",205 East Redlands
Bacon King,$9.49,"1,200 Cal","205 east redlands, san bernardino, ca, 92408, us",205 East Redlands
BBQ Bacon Whopper Jr.,$4.79,390 Cal,"205 east redlands, san bernardino, ca, 92408, us",205 East Redlands
Double Whopper Jr.,$5.99,447 Cal,"205 east redlands, san bernardino, ca, 92408, us",205 East Redlands
Whopper Jr.,$4.59,330 Cal,"205 east redlands, san bernardino, ca, 92408, us",205 East Redlands
Bacon Double Cheeseburger,$4.39,440 Cal,"205 east redlands, san bernardino, ca, 92408, us",205 East Redlands
Bacon Cheeseburger,$3.19,340 Cal,"205 east redlands, san bernardino, ca, 92408, us",205 East Redlands
Double Cheeseburger,$3.59,400 Cal,"205 east redlands, san bernardino, ca, 92408, us",205 East Redlands
Cheeseburger,$2.79,290 Cal,"205 east redlands, san bernardino, ca, 92408, us",205 East Redlands
Rodeo Burger,$2.79,340 Cal,"205 east redlands, san bernardino, ca, 92408, us",205 East Redlands
Hamburger,$1.89,250 Cal,"205 east redlands, san bernardino, ca, 92408, us",205 East Redlands
Have-sies™,$3.79,380 Cal,"205 east redlands, san bernardino, ca, 92408, us",205 East Redlands
French Fries,$3.99,370 Cal,"205 east redlands, san bernardino, ca, 92408, us",205 East Redlands
Onion Rings,$3.99,360 Cal,"205 east redlands, san bernardino, ca, 92408, us",205 East Redlands
Fiery Chicken Fries,$4.89,260 Cal,"205 east redlands, san bernardino, ca, 92408, us",205 East Redlands
Fiery Mozzarella Fries,$4.89,450 Cal,"205 east redlands, san bernardino, ca, 92408, us",205 East Redlands
Chicken Fries,$4.99,220 Cal,"205 east redlands, san bernardino, ca, 92408, us",205 East Redlands
Mozzarella Fries,$4.89,480 Cal,"205 east redlands, san bernardino, ca, 92408, us",205 East Redlands
Chicken Nuggets,$3.49,390 Cal,"205 east redlands, san bernardino, ca, 92408, us",205 East Redlands
Mott's® Applesauce,$2.29,50 Cal,"205 east redlands, san bernardino, ca, 92408, us",205 East Redlands
Fiery Bacon Whopper®,$8.99,800 Cal,"2050 south broadway, santa maria, ca, 93454, us",2050 South Broadway
Whopper,$7.99,670 Cal,"2050 south broadway, santa maria, ca, 93454, us",2050 South Broadway
Impossible™ Whopper,$8.49,630 Cal,"2050 south broadway, santa maria, ca, 93454, us",2050 South Broadway
Texas Double Whopper,$10.29,"1,090 Cal","2050 south broadway, santa maria, ca, 93454, us",2050 South Broadway
Double Whopper,$9.19,920 Cal,"2050 south broadway, santa maria, ca, 93454, us",2050 South Broadway
Triple Whopper,$10.39,"1,170 Cal","2050 south broadway, santa maria, ca, 93454, us",2050 South Broadway
Bacon King,$9.49,"1,200 Cal","2050 south broadway, santa maria, ca, 93454, us",2050 South Broadway
BBQ Bacon Whopper Jr.,$5.49,390 Cal,"2050 south broadway, santa maria, ca, 93454, us",2050 South Broadway
Double Whopper Jr.,$5.99,447 Cal,"2050 south broadway, santa maria, ca, 93454, us",2050 South Broadway
Whopper Jr.,$4.59,330 Cal,"2050 south broadway, santa maria, ca, 93454, us",2050 South Broadway
Bacon Double Cheeseburger,$4.39,440 Cal,"2050 south broadway, santa maria, ca, 93454, us",2050 South Broadway
Bacon Cheeseburger,$3.19,340 Cal,"2050 south broadway, santa maria, ca, 93454, us",2050 South Broadway
Double Cheeseburger,$3.59,400 Cal,"2050 south broadway, santa maria, ca, 93454, us",2050 South Broadway
Cheeseburger,$2.79,290 Cal,"2050 south broadway, santa maria, ca, 93454, us",2050 South Broadway
Rodeo Burger,$2.79,340 Cal,"2050 south broadway, santa maria, ca, 93454, us",2050 South Broadway
Hamburger,$1.89,250 Cal,"2050 south broadway, santa maria, ca, 93454, us",2050 South Broadway
Have-sies™,$3.79,380 Cal,"2050 south broadway, santa maria, ca, 93454, us",2050 South Broadway
French Fries,$3.99,370 Cal,"2050 south broadway, santa maria, ca, 93454, us",2050 South Broadway
Onion Rings,$3.99,360 Cal,"2050 south broadway, santa maria, ca, 93454, us",2050 South Broadway
Fiery Chicken Fries,$4.89,260 Cal,"2050 south broadway, santa maria, ca, 93454, us",2050 South Broadway
Fiery Mozzarella Fries,$4.89,450 Cal,"2050 south broadway, santa maria, ca, 93454, us",2050 South Broadway
Chicken Fries,$4.89,220 Cal,"2050 south broadway, santa maria, ca, 93454, us",2050 South Broadway
Mozzarella Fries,$4.89,480 Cal,"2050 south broadway, santa maria, ca, 93454, us",2050 South Broadway
Chicken Nuggets,$3.49,390 Cal,"2050 south broadway, santa maria, ca, 93454, us",2050 South Broadway
Mott's® Applesauce,$2.29,50 Cal,"2050 south broadway, santa maria, ca, 93454, us",2050 South Broadway
Fiery Bacon Whopper®,$8.99,800 Cal,"20838 devonshire st., chatsworth, ca, 91311, us",19640 Nordhoff St
Whopper,$7.99,670 Cal,"20838 devonshire st., chatsworth, ca, 91311, us",19640 Nordhoff St
Impossible™ Whopper,$8.49,630 Cal,"20838 devonshire st., chatsworth, ca, 91311, us",19640 Nordhoff St
Texas Double Whopper,$10.29,"1,090 Cal","20838 devonshire st., chatsworth, ca, 91311, us",19640 Nordhoff St
Double Whopper,$9.19,920 Cal,"20838 devonshire st., chatsworth, ca, 91311, us",19640 Nordhoff St
Triple Whopper,$10.39,"1,170 Cal","20838 devonshire st., chatsworth, ca, 91311, us",19640 Nordhoff St
Bacon King,$9.49,"1,200 Cal","20838 devonshire st., chatsworth, ca, 91311, us",19640 Nordhoff St
BBQ Bacon Whopper Jr.,$5.49,390 Cal,"20838 devonshire st., chatsworth, ca, 91311, us",19640 Nordhoff St
Double Whopper Jr.,$5.99,447 Cal,"20838 devonshire st., chatsworth, ca, 91311, us",19640 Nordhoff St
Whopper Jr.,$4.59,330 Cal,"20838 devonshire st., chatsworth, ca, 91311, us",19640 Nordhoff St
Bacon Double Cheeseburger,$4.39,440 Cal,"20838 devonshire st., chatsworth, ca, 91311, us",19640 Nordhoff St
Bacon Cheeseburger,$3.19,340 Cal,"20838 devonshire st., chatsworth, ca, 91311, us",19640 Nordhoff St
Double Cheeseburger,$3.59,400 Cal,"20838 devonshire st., chatsworth, ca, 91311, us",19640 Nordhoff St
Cheeseburger,$2.79,290 Cal,"20838 devonshire st., chatsworth, ca, 91311, us",19640 Nordhoff St
Rodeo Burger,$2.79,340 Cal,"20838 devonshire st., chatsworth, ca, 91311, us",19640 Nordhoff St
Hamburger,$1.89,250 Cal,"20838 devonshire st., chatsworth, ca, 91311, us",19640 Nordhoff St
Have-sies™,$3.79,380 Cal,"20838 devonshire st., chatsworth, ca, 91311, us",19640 Nordhoff St
French Fries,$3.99,370 Cal,"20838 devonshire st., chatsworth, ca, 91311, us",19640 Nordhoff St
Onion Rings,$3.99,360 Cal,"20838 devonshire st., chatsworth, ca, 91311, us",19640 Nordhoff St
Fiery Chicken Fries,$4.89,260 Cal,"20838 devonshire st., chatsworth, ca, 91311, us",19640 Nordhoff St
Fiery Mozzarella Fries,$4.89,450 Cal,"20838 devonshire st., chatsworth, ca, 91311, us",19640 Nordhoff St
Chicken Fries,$4.89,220 Cal,"20838 devonshire st., chatsworth, ca, 91311, us",19640 Nordhoff St
Mozzarella Fries,$4.89,480 Cal,"20838 devonshire st., chatsworth, ca, 91311, us",19640 Nordhoff St
Chicken Nuggets,$3.49,390 Cal,"20838 devonshire st., chatsworth, ca, 91311, us",19640 Nordhoff St
Mott's® Applesauce,$2.29,50 Cal,"20838 devonshire st., chatsworth, ca, 91311, us",19640 Nordhoff St
Fiery Bacon Whopper®,$8.99,800 Cal,"20950 figueroa street, carson, ca, 90745, us",20950 Figueroa Street
Whopper,$7.99,670 Cal,"20950 figueroa street, carson, ca, 90745, us",20950 Figueroa Street
Impossible™ Whopper,$8.49,630 Cal,"20950 figueroa street, carson, ca, 90745, us",20950 Figueroa Street
Texas Double Whopper,$10.29,"1,090 Cal","20950 figueroa street, carson, ca, 90745, us",20950 Figueroa Street
Double Whopper,$9.19,920 Cal,"20950 figueroa street, carson, ca, 90745, us",20950 Figueroa Street
Triple Whopper,$10.39,"1,170 Cal","20950 figueroa street, carson, ca, 90745, us",20950 Figueroa Street
Bacon King,$9.49,"1,200 Cal","20950 figueroa street, carson, ca, 90745, us",20950 Figueroa Street
BBQ Bacon Whopper Jr.,$5.49,390 Cal,"20950 figueroa street, carson, ca, 90745, us",20950 Figueroa Street
Double Whopper Jr.,$5.99,447 Cal,"20950 figueroa street, carson, ca, 90745, us",20950 Figueroa Street
Whopper Jr.,$4.59,330 Cal,"20950 figueroa street, carson, ca, 90745, us",20950 Figueroa Street
Bacon Double Cheeseburger,$4.39,440 Cal,"20950 figueroa street, carson, ca, 90745, us",20950 Figueroa Street
Bacon Cheeseburger,$3.19,340 Cal,"20950 figueroa street, carson, ca, 90745, us",20950 Figueroa Street
Double Cheeseburger,$3.59,400 Cal,"20950 figueroa street, carson, ca, 90745, us",20950 Figueroa Street
Cheeseburger,$2.79,290 Cal,"20950 figueroa street, carson, ca, 90745, us",20950 Figueroa Street
Rodeo Burger,$2.79,340 Cal,"20950 figueroa street, carson, ca, 90745, us",20950 Figueroa Street
Hamburger,$1.89,250 Cal,"20950 figueroa street, carson, ca, 90745, us",20950 Figueroa Street
Have-sies™,$3.79,380 Cal,"20950 figueroa street, carson, ca, 90745, us",20950 Figueroa Street
French Fries,$3.99,370 Cal,"20950 figueroa street, carson, ca, 90745, us",20950 Figueroa Street
Onion Rings,$3.99,360 Cal,"20950 figueroa street, carson, ca, 90745, us",20950 Figueroa Street
Fiery Chicken Fries,$4.89,260 Cal,"20950 figueroa street, carson, ca, 90745, us",20950 Figueroa Street
Fiery Mozzarella Fries,$4.89,450 Cal,"20950 figueroa street, carson, ca, 90745, us",20950 Figueroa Street
Chicken Fries,$4.89,220 Cal,"20950 figueroa street, carson, ca, 90745, us",20950 Figueroa Street
Mozzarella Fries,$4.89,480 Cal,"20950 figueroa street, carson, ca, 90745, us",20950 Figueroa Street
Chicken Nuggets,$3.49,390 Cal,"20950 figueroa street, carson, ca, 90745, us",20950 Figueroa Street
Mott's® Applesauce,$2.29,50 Cal,"20950 figueroa street, carson, ca, 90745, us",20950 Figueroa Street
Fiery Bacon Whopper®,$8.99,800 Cal,"2100 east 17th street, santa ana, ca, 92701, us",1541 East 12th Street
Whopper,$7.49,670 Cal,"2100 east 17th street, santa ana, ca, 92701, us",1541 East 12th Street
Impossible™ Whopper,$8.49,630 Cal,"2100 east 17th street, santa ana, ca, 92701, us",1541 East 12th Street
Texas Double Whopper,$9.99,"1,090 Cal","2100 east 17th street, santa ana, ca, 92701, us",1541 East 12th Street
Double Whopper,$8.49,920 Cal,"2100 east 17th street, santa ana, ca, 92701, us",1541 East 12th Street
Triple Whopper,$9.59,"1,170 Cal","2100 east 17th street, santa ana, ca, 92701, us",1541 East 12th Street
Bacon King,$9.29,"1,200 Cal","2100 east 17th street, santa ana, ca, 92701, us",1541 East 12th Street
BBQ Bacon Whopper Jr.,$4.99,390 Cal,"2100 east 17th street, santa ana, ca, 92701, us",1541 East 12th Street
Double Whopper Jr.,$5.29,447 Cal,"2100 east 17th street, santa ana, ca, 92701, us",1541 East 12th Street
Whopper Jr.,$4.49,330 Cal,"2100 east 17th street, santa ana, ca, 92701, us",1541 East 12th Street
Bacon Double Cheeseburger,$4.19,440 Cal,"2100 east 17th street, santa ana, ca, 92701, us",1541 East 12th Street
Bacon Cheeseburger,$3.49,340 Cal,"2100 east 17th street, santa ana, ca, 92701, us",1541 East 12th Street
Double Cheeseburger,$3.89,400 Cal,"2100 east 17th street, santa ana, ca, 92701, us",1541 East 12th Street
Cheeseburger,$2.99,290 Cal,"2100 east 17th street, santa ana, ca, 92701, us",1541 East 12th Street
Rodeo Burger,$2.99,340 Cal,"2100 east 17th street, santa ana, ca, 92701, us",1541 East 12th Street
Hamburger,$2.69,250 Cal,"2100 east 17th street, santa ana, ca, 92701, us",1541 East 12th Street
Have-sies™,$3.59,380 Cal,"2100 east 17th street, santa ana, ca, 92701, us",1541 East 12th Street
French Fries,$3.89,370 Cal,"2100 east 17th street, santa ana, ca, 92701, us",1541 East 12th Street
Onion Rings,$3.89,360 Cal,"2100 east 17th street, santa ana, ca, 92701, us",1541 East 12th Street
Fiery Chicken Fries,$4.79,260 Cal,"2100 east 17th street, santa ana, ca, 92701, us",1541 East 12th Street
Fiery Mozzarella Fries,$4.99,450 Cal,"2100 east 17th street, santa ana, ca, 92701, us",1541 East 12th Street
Chicken Fries,$4.79,220 Cal,"2100 east 17th street, santa ana, ca, 92701, us",1541 East 12th Street
Mozzarella Fries,$4.99,480 Cal,"2100 east 17th street, santa ana, ca, 92701, us",1541 East 12th Street
Chicken Nuggets,$2.99,390 Cal,"2100 east 17th street, santa ana, ca, 92701, us",1541 East 12th Street
Mott's® Applesauce,$1.79,50 Cal,"2100 east 17th street, santa ana, ca, 92701, us",1541 East 12th Street
Crispy Tacos,$1.50,170 Cal,"2100 east 17th street, santa ana, ca, 92701, us",1541 East 12th Street
Fiery Bacon Whopper®,$8.59,800 Cal,"2101 sylvan avenue, modesto, ca, 95355, us",2101 Sylvan Avenue
Whopper,$7.49,670 Cal,"2101 sylvan avenue, modesto, ca, 95355, us",2101 Sylvan Avenue
Impossible™ Whopper,$7.99,630 Cal,"2101 sylvan avenue, modesto, ca, 95355, us",2101 Sylvan Avenue
Texas Double Whopper,$9.89,"1,090 Cal","2101 sylvan avenue, modesto, ca, 95355, us",2101 Sylvan Avenue
Double Whopper,$8.49,920 Cal,"2101 sylvan avenue, modesto, ca, 95355, us",2101 Sylvan Avenue
Triple Whopper,$9.49,"1,170 Cal","2101 sylvan avenue, modesto, ca, 95355, us",2101 Sylvan Avenue
Bacon King,$10.39,"1,200 Cal","2101 sylvan avenue, modesto, ca, 95355, us",2101 Sylvan Avenue
BBQ Bacon Whopper Jr.,$5.79,390 Cal,"2101 sylvan avenue, modesto, ca, 95355, us",2101 Sylvan Avenue
Double Whopper Jr.,$5.19,447 Cal,"2101 sylvan avenue, modesto, ca, 95355, us",2101 Sylvan Avenue
Whopper Jr.,$4.19,330 Cal,"2101 sylvan avenue, modesto, ca, 95355, us",2101 Sylvan Avenue
Bacon Double Cheeseburger,$4.59,440 Cal,"2101 sylvan avenue, modesto, ca, 95355, us",2101 Sylvan Avenue
Bacon Cheeseburger,$3.59,340 Cal,"2101 sylvan avenue, modesto, ca, 95355, us",2101 Sylvan Avenue
Double Cheeseburger,$3.79,400 Cal,"2101 sylvan avenue, modesto, ca, 95355, us",2101 Sylvan Avenue
Cheeseburger,$3.29,290 Cal,"2101 sylvan avenue, modesto, ca, 95355, us",2101 Sylvan Avenue
Rodeo Burger,$3.29,340 Cal,"2101 sylvan avenue, modesto, ca, 95355, us",2101 Sylvan Avenue
Hamburger,$2.89,250 Cal,"2101 sylvan avenue, modesto, ca, 95355, us",2101 Sylvan Avenue
Have-sies™,$4.39,380 Cal,"2101 sylvan avenue, modesto, ca, 95355, us",2101 Sylvan Avenue
French Fries,$4.09,370 Cal,"2101 sylvan avenue, modesto, ca, 95355, us",2101 Sylvan Avenue
Onion Rings,$4.09,360 Cal,"2101 sylvan avenue, modesto, ca, 95355, us",2101 Sylvan Avenue
Fiery Chicken Fries,$4.99,260 Cal,"2101 sylvan avenue, modesto, ca, 95355, us",2101 Sylvan Avenue
Fiery Mozzarella Fries,$5.29,450 Cal,"2101 sylvan avenue, modesto, ca, 95355, us",2101 Sylvan Avenue
Chicken Fries,$4.99,220 Cal,"2101 sylvan avenue, modesto, ca, 95355, us",2101 Sylvan Avenue
Mozzarella Fries,$4.99,480 Cal,"2101 sylvan avenue, modesto, ca, 95355, us",2101 Sylvan Avenue
Chicken Nuggets,$2.99,390 Cal,"2101 sylvan avenue, modesto, ca, 95355, us",2101 Sylvan Avenue
Mott's® Applesauce,$1.49,50 Cal,"2101 sylvan avenue, modesto, ca, 95355, us",2101 Sylvan Avenue
Crispy Tacos,$1.49,170 Cal,"2101 sylvan avenue, modesto, ca, 95355, us",2101 Sylvan Avenue
Fiery Bacon Whopper®,$8.99,800 Cal,"2102 middlefield road, redwood city, ca, 94063, us",2102 Middlefield Road
Whopper,$7.39,670 Cal,"2102 middlefield road, redwood city, ca, 94063, us",2102 Middlefield Road
Impossible™ Whopper,$8.29,630 Cal,"2102 middlefield road, redwood city, ca, 94063, us",2102 Middlefield Road
Texas Double Whopper,$9.39,"1,090 Cal","2102 middlefield road, redwood city, ca, 94063, us",2102 Middlefield Road
Double Whopper,$8.39,920 Cal,"2102 middlefield road, redwood city, ca, 94063, us",2102 Middlefield Road
Triple Whopper,$9.39,"1,170 Cal","2102 middlefield road, redwood city, ca, 94063, us",2102 Middlefield Road
Bacon King,$9.39,"1,200 Cal","2102 middlefield road, redwood city, ca, 94063, us",2102 Middlefield Road
BBQ Bacon Whopper Jr.,$4.59,390 Cal,"2102 middlefield road, redwood city, ca, 94063, us",2102 Middlefield Road
Double Whopper Jr.,$5.29,447 Cal,"2102 middlefield road, redwood city, ca, 94063, us",2102 Middlefield Road
Whopper Jr.,$4.29,330 Cal,"2102 middlefield road, redwood city, ca, 94063, us",2102 Middlefield Road
Bacon Double Cheeseburger,$4.59,440 Cal,"2102 middlefield road, redwood city, ca, 94063, us",2102 Middlefield Road
Bacon Cheeseburger,$3.99,340 Cal,"2102 middlefield road, redwood city, ca, 94063, us",2102 Middlefield Road
Double Cheeseburger,$3.59,400 Cal,"2102 middlefield road, redwood city, ca, 94063, us",2102 Middlefield Road
Cheeseburger,$3.09,290 Cal,"2102 middlefield road, redwood city, ca, 94063, us",2102 Middlefield Road
Rodeo Burger,$3.59,340 Cal,"2102 middlefield road, redwood city, ca, 94063, us",2102 Middlefield Road
Hamburger,$2.59,250 Cal,"2102 middlefield road, redwood city, ca, 94063, us",2102 Middlefield Road
Have-sies™,$3.39,380 Cal,"2102 middlefield road, redwood city, ca, 94063, us",2102 Middlefield Road
French Fries,$3.39,370 Cal,"2102 middlefield road, redwood city, ca, 94063, us",2102 Middlefield Road
Onion Rings,$3.39,360 Cal,"2102 middlefield road, redwood city, ca, 94063, us",2102 Middlefield Road
Fiery Chicken Fries,$5.29,260 Cal,"2102 middlefield road, redwood city, ca, 94063, us",2102 Middlefield Road
Fiery Mozzarella Fries,$5.29,450 Cal,"2102 middlefield road, redwood city, ca, 94063, us",2102 Middlefield Road
Chicken Fries,$5.19,220 Cal,"2102 middlefield road, redwood city, ca, 94063, us",2102 Middlefield Road
Mozzarella Fries,$3.99,480 Cal,"2102 middlefield road, redwood city, ca, 94063, us",2102 Middlefield Road
Chicken Nuggets,$2.99,390 Cal,"2102 middlefield road, redwood city, ca, 94063, us",2102 Middlefield Road
Mott's® Applesauce,$1.49,50 Cal,"2102 middlefield road, redwood city, ca, 94063, us",2102 Middlefield Road
Crispy Tacos,$1.79,170 Cal,"2102 middlefield road, redwood city, ca, 94063, us",2102 Middlefield Road
Fiery Bacon Whopper®,$8.99,800 Cal,"575 el camino real, redwood city, ca, 94063, us",575 El Camino Real
Whopper,$7.39,670 Cal,"575 el camino real, redwood city, ca, 94063, us",575 El Camino Real
Impossible™ Whopper,$8.29,630 Cal,"575 el camino real, redwood city, ca, 94063, us",575 El Camino Real
Texas Double Whopper,$9.39,"1,090 Cal","575 el camino real, redwood city, ca, 94063, us",575 El Camino Real
Double Whopper,$8.39,920 Cal,"575 el camino real, redwood city, ca, 94063, us",575 El Camino Real
Triple Whopper,$9.39,"1,170 Cal","575 el camino real, redwood city, ca, 94063, us",575 El Camino Real
Bacon King,$9.39,"1,200 Cal","575 el camino real, redwood city, ca, 94063, us",575 El Camino Real
BBQ Bacon Whopper Jr.,$4.59,390 Cal,"575 el camino real, redwood city, ca, 94063, us",575 El Camino Real
Double Whopper Jr.,$5.29,447 Cal,"575 el camino real, redwood city, ca, 94063, us",575 El Camino Real
Whopper Jr.,$4.29,330 Cal,"575 el camino real, redwood city, ca, 94063, us",575 El Camino Real
Bacon Double Cheeseburger,$4.59,440 Cal,"575 el camino real, redwood city, ca, 94063, us",575 El Camino Real
Bacon Cheeseburger,$3.99,340 Cal,"575 el camino real, redwood city, ca, 94063, us",575 El Camino Real
Double Cheeseburger,$3.59,400 Cal,"575 el camino real, redwood city, ca, 94063, us",575 El Camino Real
Cheeseburger,$3.09,290 Cal,"575 el camino real, redwood city, ca, 94063, us",575 El Camino Real
Rodeo Burger,$3.59,340 Cal,"575 el camino real, redwood city, ca, 94063, us",575 El Camino Real
Hamburger,$2.59,250 Cal,"575 el camino real, redwood city, ca, 94063, us",575 El Camino Real
Have-sies™,$3.39,380 Cal,"575 el camino real, redwood city, ca, 94063, us",575 El Camino Real
French Fries,$3.39,370 Cal,"575 el camino real, redwood city, ca, 94063, us",575 El Camino Real
Onion Rings,$3.39,360 Cal,"575 el camino real, redwood city, ca, 94063, us",575 El Camino Real
Fiery Chicken Fries,$5.29,260 Cal,"575 el camino real, redwood city, ca, 94063, us",575 El Camino Real
Fiery Mozzarella Fries,$5.29,450 Cal,"575 el camino real, redwood city, ca, 94063, us",575 El Camino Real
Chicken Fries,$5.19,220 Cal,"575 el camino real, redwood city, ca, 94063, us",575 El Camino Real
Mozzarella Fries,$3.99,480 Cal,"575 el camino real, redwood city, ca, 94063, us",575 El Camino Real
Chicken Nuggets,$2.99,390 Cal,"575 el camino real, redwood city, ca, 94063, us",575 El Camino Real
Mott's® Applesauce,$1.49,50 Cal,"575 el camino real, redwood city, ca, 94063, us",575 El Camino Real
Crispy Tacos,$1.79,170 Cal,"575 el camino real, redwood city, ca, 94063, us",575 El Camino Real
Fiery Bacon Whopper®,$9.99,800 Cal,"220 alameda del prado, novato, ca, 94949, us",220 Alameda Del Prado
Whopper,$7.89,670 Cal,"220 alameda del prado, novato, ca, 94949, us",220 Alameda Del Prado
Impossible™ Whopper,$8.89,630 Cal,"220 alameda del prado, novato, ca, 94949, us",220 Alameda Del Prado
Texas Double Whopper,$10.59,"1,090 Cal","220 alameda del prado, novato, ca, 94949, us",220 Alameda Del Prado
Double Whopper,$8.99,920 Cal,"220 alameda del prado, novato, ca, 94949, us",220 Alameda Del Prado
Triple Whopper,$10.19,"1,170 Cal","220 alameda del prado, novato, ca, 94949, us",220 Alameda Del Prado
Bacon King,$9.19,"1,200 Cal","220 alameda del prado, novato, ca, 94949, us",220 Alameda Del Prado
BBQ Bacon Whopper Jr.,$3.89,390 Cal,"220 alameda del prado, novato, ca, 94949, us",220 Alameda Del Prado
Double Whopper Jr.,$5.79,447 Cal,"220 alameda del prado, novato, ca, 94949, us",220 Alameda Del Prado
Whopper Jr.,$4.19,330 Cal,"220 alameda del prado, novato, ca, 94949, us",220 Alameda Del Prado
Bacon Double Cheeseburger,$4.39,440 Cal,"220 alameda del prado, novato, ca, 94949, us",220 Alameda Del Prado
Bacon Cheeseburger,$3.69,340 Cal,"220 alameda del prado, novato, ca, 94949, us",220 Alameda Del Prado
Double Cheeseburger,$3.69,400 Cal,"220 alameda del prado, novato, ca, 94949, us",220 Alameda Del Prado
Cheeseburger,$2.89,290 Cal,"220 alameda del prado, novato, ca, 94949, us",220 Alameda Del Prado
Rodeo Burger,$2.89,340 Cal,"220 alameda del prado, novato, ca, 94949, us",220 Alameda Del Prado
Hamburger,$2.49,250 Cal,"220 alameda del prado, novato, ca, 94949, us",220 Alameda Del Prado
Have-sies™,$4.59,380 Cal,"220 alameda del prado, novato, ca, 94949, us",220 Alameda Del Prado
French Fries,$4.59,370 Cal,"220 alameda del prado, novato, ca, 94949, us",220 Alameda Del Prado
Onion Rings,$4.59,360 Cal,"220 alameda del prado, novato, ca, 94949, us",220 Alameda Del Prado
Fiery Chicken Fries,$4.29,260 Cal,"220 alameda del prado, novato, ca, 94949, us",220 Alameda Del Prado
Fiery Mozzarella Fries,$4.29,450 Cal,"220 alameda del prado, novato, ca, 94949, us",220 Alameda Del Prado
Chicken Fries,$4.29,220 Cal,"220 alameda del prado, novato, ca, 94949, us",220 Alameda Del Prado
Mozzarella Fries,$3.79,480 Cal,"220 alameda del prado, novato, ca, 94949, us",220 Alameda Del Prado
Chicken Nuggets,$2.99,390 Cal,"220 alameda del prado, novato, ca, 94949, us",220 Alameda Del Prado
Mott's® Applesauce,$2.19,50 Cal,"220 alameda del prado, novato, ca, 94949, us",220 Alameda Del Prado
Fiery Bacon Whopper®,$8.49,800 Cal,"2210 e lincoln ave, anaheim, ca, 92806, us",2210 E Lincoln Ave
Whopper,$6.69,670 Cal,"2210 e lincoln ave, anaheim, ca, 92806, us",2210 E Lincoln Ave
Impossible™ Whopper,$7.69,630 Cal,"2210 e lincoln ave, anaheim, ca, 92806, us",2210 E Lincoln Ave
Texas Double Whopper,$9.59,"1,090 Cal","2210 e lincoln ave, anaheim, ca, 92806, us",2210 E Lincoln Ave
Double Whopper,$8.29,920 Cal,"2210 e lincoln ave, anaheim, ca, 92806, us",2210 E Lincoln Ave
Triple Whopper,$9.19,"1,170 Cal","2210 e lincoln ave, anaheim, ca, 92806, us",2210 E Lincoln Ave
Bacon King,$9.19,"1,200 Cal","2210 e lincoln ave, anaheim, ca, 92806, us",2210 E Lincoln Ave
BBQ Bacon Whopper Jr.,$4.99,390 Cal,"2210 e lincoln ave, anaheim, ca, 92806, us",2210 E Lincoln Ave
Double Whopper Jr.,$4.99,447 Cal,"2210 e lincoln ave, anaheim, ca, 92806, us",2210 E Lincoln Ave
Whopper Jr.,$4.39,330 Cal,"2210 e lincoln ave, anaheim, ca, 92806, us",2210 E Lincoln Ave
Bacon Double Cheeseburger,$4.99,440 Cal,"2210 e lincoln ave, anaheim, ca, 92806, us",2210 E Lincoln Ave
Bacon Cheeseburger,$3.79,340 Cal,"2210 e lincoln ave, anaheim, ca, 92806, us",2210 E Lincoln Ave
Double Cheeseburger,$3.99,400 Cal,"2210 e lincoln ave, anaheim, ca, 92806, us",2210 E Lincoln Ave
Cheeseburger,$2.99,290 Cal,"2210 e lincoln ave, anaheim, ca, 92806, us",2210 E Lincoln Ave
Rodeo Burger,$2.99,340 Cal,"2210 e lincoln ave, anaheim, ca, 92806, us",2210 E Lincoln Ave
Hamburger,$2.49,250 Cal,"2210 e lincoln ave, anaheim, ca, 92806, us",2210 E Lincoln Ave
Have-sies™,$3.99,380 Cal,"2210 e lincoln ave, anaheim, ca, 92806, us",2210 E Lincoln Ave
French Fries,$3.99,370 Cal,"2210 e lincoln ave, anaheim, ca, 92806, us",2210 E Lincoln Ave
Onion Rings,$3.99,360 Cal,"2210 e lincoln ave, anaheim, ca, 92806, us",2210 E Lincoln Ave
Fiery Chicken Fries,$4.99,260 Cal,"2210 e lincoln ave, anaheim, ca, 92806, us",2210 E Lincoln Ave
Fiery Mozzarella Fries,$5.29,450 Cal,"2210 e lincoln ave, anaheim, ca, 92806, us",2210 E Lincoln Ave
Chicken Fries,$4.99,220 Cal,"2210 e lincoln ave, anaheim, ca, 92806, us",2210 E Lincoln Ave
Mozzarella Fries,$4.99,480 Cal,"2210 e lincoln ave, anaheim, ca, 92806, us",2210 E Lincoln Ave
Chicken Nuggets,$2.99,390 Cal,"2210 e lincoln ave, anaheim, ca, 92806, us",2210 E Lincoln Ave
Mott's® Applesauce,$1.00,50 Cal,"2210 e lincoln ave, anaheim, ca, 92806, us",2210 E Lincoln Ave
Crispy Tacos,$1.79,170 Cal,"2210 e lincoln ave, anaheim, ca, 92806, us",2210 E Lincoln Ave
Fiery Bacon Whopper®,$8.59,800 Cal,"2320 mchenry ave, modesto, ca, 95350, us",2320 McHenry Ave
Whopper,$7.49,670 Cal,"2320 mchenry ave, modesto, ca, 95350, us",2320 McHenry Ave
Impossible™ Whopper,$7.99,630 Cal,"2320 mchenry ave, modesto, ca, 95350, us",2320 McHenry Ave
Texas Double Whopper,$9.89,"1,090 Cal","2320 mchenry ave, modesto, ca, 95350, us",2320 McHenry Ave
Double Whopper,$8.49,920 Cal,"2320 mchenry ave, modesto, ca, 95350, us",2320 McHenry Ave
Triple Whopper,$9.49,"1,170 Cal","2320 mchenry ave, modesto, ca, 95350, us",2320 McHenry Ave
Bacon King,$10.39,"1,200 Cal","2320 mchenry ave, modesto, ca, 95350, us",2320 McHenry Ave
BBQ Bacon Whopper Jr.,$5.79,390 Cal,"2320 mchenry ave, modesto, ca, 95350, us",2320 McHenry Ave
Double Whopper Jr.,$5.19,447 Cal,"2320 mchenry ave, modesto, ca, 95350, us",2320 McHenry Ave
Whopper Jr.,$4.19,330 Cal,"2320 mchenry ave, modesto, ca, 95350, us",2320 McHenry Ave
Bacon Double Cheeseburger,$4.59,440 Cal,"2320 mchenry ave, modesto, ca, 95350, us",2320 McHenry Ave
Bacon Cheeseburger,$3.59,340 Cal,"2320 mchenry ave, modesto, ca, 95350, us",2320 McHenry Ave
Double Cheeseburger,$3.79,400 Cal,"2320 mchenry ave, modesto, ca, 95350, us",2320 McHenry Ave
Cheeseburger,$3.29,290 Cal,"2320 mchenry ave, modesto, ca, 95350, us",2320 McHenry Ave
Rodeo Burger,$3.29,340 Cal,"2320 mchenry ave, modesto, ca, 95350, us",2320 McHenry Ave
Hamburger,$2.89,250 Cal,"2320 mchenry ave, modesto, ca, 95350, us",2320 McHenry Ave
Have-sies™,$4.39,380 Cal,"2320 mchenry ave, modesto, ca, 95350, us",2320 McHenry Ave
French Fries,$4.09,370 Cal,"2320 mchenry ave, modesto, ca, 95350, us",2320 McHenry Ave
Onion Rings,$4.09,360 Cal,"2320 mchenry ave, modesto, ca, 95350, us",2320 McHenry Ave
Fiery Chicken Fries,$4.99,260 Cal,"2320 mchenry ave, modesto, ca, 95350, us",2320 McHenry Ave
Fiery Mozzarella Fries,$5.29,450 Cal,"2320 mchenry ave, modesto, ca, 95350, us",2320 McHenry Ave
Chicken Fries,$4.99,220 Cal,"2320 mchenry ave, modesto, ca, 95350, us",2320 McHenry Ave
Mozzarella Fries,$4.99,480 Cal,"2320 mchenry ave, modesto, ca, 95350, us",2320 McHenry Ave
Chicken Nuggets,$2.99,390 Cal,"2320 mchenry ave, modesto, ca, 95350, us",2320 McHenry Ave
Mott's® Applesauce,$1.49,50 Cal,"2320 mchenry ave, modesto, ca, 95350, us",2320 McHenry Ave
Crispy Tacos,$1.49,170 Cal,"2320 mchenry ave, modesto, ca, 95350, us",2320 McHenry Ave
Fiery Bacon Whopper®,$9.99,800 Cal,"2390 almaden road, san jose, ca, 95125, us",2390 Almaden Road
Whopper,$7.99,670 Cal,"2390 almaden road, san jose, ca, 95125, us",2390 Almaden Road
Impossible™ Whopper,$8.99,630 Cal,"2390 almaden road, san jose, ca, 95125, us",2390 Almaden Road
Texas Double Whopper,$10.49,"1,090 Cal","2390 almaden road, san jose, ca, 95125, us",2390 Almaden Road
Double Whopper,$9.49,920 Cal,"2390 almaden road, san jose, ca, 95125, us",2390 Almaden Road
Triple Whopper,$10.49,"1,170 Cal","2390 almaden road, san jose, ca, 95125, us",2390 Almaden Road
Bacon King,$9.99,"1,200 Cal","2390 almaden road, san jose, ca, 95125, us",2390 Almaden Road
BBQ Bacon Whopper Jr.,$5.99,390 Cal,"2390 almaden road, san jose, ca, 95125, us",2390 Almaden Road
Double Whopper Jr.,$5.99,447 Cal,"2390 almaden road, san jose, ca, 95125, us",2390 Almaden Road
Whopper Jr.,$4.99,330 Cal,"2390 almaden road, san jose, ca, 95125, us",2390 Almaden Road
Bacon Double Cheeseburger,$4.99,440 Cal,"2390 almaden road, san jose, ca, 95125, us",2390 Almaden Road
Bacon Cheeseburger,$3.99,340 Cal,"2390 almaden road, san jose, ca, 95125, us",2390 Almaden Road
Double Cheeseburger,$3.99,400 Cal,"2390 almaden road, san jose, ca, 95125, us",2390 Almaden Road
Cheeseburger,$2.99,290 Cal,"2390 almaden road, san jose, ca, 95125, us",2390 Almaden Road
Rodeo Burger,$2.99,340 Cal,"2390 almaden road, san jose, ca, 95125, us",2390 Almaden Road
Hamburger,$2.69,250 Cal,"2390 almaden road, san jose, ca, 95125, us",2390 Almaden Road
Have-sies™,$4.49,380 Cal,"2390 almaden road, san jose, ca, 95125, us",2390 Almaden Road
French Fries,$3.99,370 Cal,"2390 almaden road, san jose, ca, 95125, us",2390 Almaden Road
Onion Rings,$4.49,360 Cal,"2390 almaden road, san jose, ca, 95125, us",2390 Almaden Road
Fiery Chicken Fries,$5.99,260 Cal,"2390 almaden road, san jose, ca, 95125, us",2390 Almaden Road
Chicken Fries,$5.99,220 Cal,"2390 almaden road, san jose, ca, 95125, us",2390 Almaden Road
Mozzarella Fries,$5.49,480 Cal,"2390 almaden road, san jose, ca, 95125, us",2390 Almaden Road
Chicken Nuggets,$2.99,390 Cal,"2390 almaden road, san jose, ca, 95125, us",2390 Almaden Road
Mott's® Applesauce,$1.39,50 Cal,"2390 almaden road, san jose, ca, 95125, us",2390 Almaden Road
Crispy Tacos,$1.99,170 Cal,"2390 almaden road, san jose, ca, 95125, us",2390 Almaden Road
Fiery Bacon Whopper®,$8.99,800 Cal,"2403 east chapman avenue, fullerton, ca, 92831, us",2403 East Chapman Avenue
Whopper,$7.99,670 Cal,"2403 east chapman avenue, fullerton, ca, 92831, us",2403 East Chapman Avenue
Impossible™ Whopper,$8.49,630 Cal,"2403 east chapman avenue, fullerton, ca, 92831, us",2403 East Chapman Avenue
Texas Double Whopper,$10.29,"1,090 Cal","2403 east chapman avenue, fullerton, ca, 92831, us",2403 East Chapman Avenue
Double Whopper,$9.19,920 Cal,"2403 east chapman avenue, fullerton, ca, 92831, us",2403 East Chapman Avenue
Triple Whopper,$10.39,"1,170 Cal","2403 east chapman avenue, fullerton, ca, 92831, us",2403 East Chapman Avenue
Bacon King,$9.49,"1,200 Cal","2403 east chapman avenue, fullerton, ca, 92831, us",2403 East Chapman Avenue
BBQ Bacon Whopper Jr.,$4.79,390 Cal,"2403 east chapman avenue, fullerton, ca, 92831, us",2403 East Chapman Avenue
Double Whopper Jr.,$5.59,447 Cal,"2403 east chapman avenue, fullerton, ca, 92831, us",2403 East Chapman Avenue
Whopper Jr.,$4.59,330 Cal,"2403 east chapman avenue, fullerton, ca, 92831, us",2403 East Chapman Avenue
Bacon Double Cheeseburger,$4.39,440 Cal,"2403 east chapman avenue, fullerton, ca, 92831, us",2403 East Chapman Avenue
Bacon Cheeseburger,$3.29,340 Cal,"2403 east chapman avenue, fullerton, ca, 92831, us",2403 East Chapman Avenue
Double Cheeseburger,$3.59,400 Cal,"2403 east chapman avenue, fullerton, ca, 92831, us",2403 East Chapman Avenue
Cheeseburger,$2.79,290 Cal,"2403 east chapman avenue, fullerton, ca, 92831, us",2403 East Chapman Avenue
Rodeo Burger,$2.79,340 Cal,"2403 east chapman avenue, fullerton, ca, 92831, us",2403 East Chapman Avenue
Hamburger,$2.19,250 Cal,"2403 east chapman avenue, fullerton, ca, 92831, us",2403 East Chapman Avenue
Have-sies™,$3.79,380 Cal,"2403 east chapman avenue, fullerton, ca, 92831, us",2403 East Chapman Avenue
French Fries,$3.99,370 Cal,"2403 east chapman avenue, fullerton, ca, 92831, us",2403 East Chapman Avenue
Onion Rings,$3.99,360 Cal,"2403 east chapman avenue, fullerton, ca, 92831, us",2403 East Chapman Avenue
Fiery Chicken Fries,$2.49,260 Cal,"2403 east chapman avenue, fullerton, ca, 92831, us",2403 East Chapman Avenue
Fiery Mozzarella Fries,$4.89,450 Cal,"2403 east chapman avenue, fullerton, ca, 92831, us",2403 East Chapman Avenue
Chicken Fries,$4.99,220 Cal,"2403 east chapman avenue, fullerton, ca, 92831, us",2403 East Chapman Avenue
Mozzarella Fries,$4.89,480 Cal,"2403 east chapman avenue, fullerton, ca, 92831, us",2403 East Chapman Avenue
Chicken Nuggets,$3.49,390 Cal,"2403 east chapman avenue, fullerton, ca, 92831, us",2403 East Chapman Avenue
Mott's® Applesauce,$2.29,50 Cal,"2403 east chapman avenue, fullerton, ca, 92831, us",2403 East Chapman Avenue
Crispy Tacos,$2.09,170 Cal,"2403 east chapman avenue, fullerton, ca, 92831, us",2403 East Chapman Avenue
Fiery Bacon Whopper®,$5.19,800 Cal,"2410 north cedar, fresno, ca, 93703, us",2410 North Cedar
Whopper,$7.19,670 Cal,"2410 north cedar, fresno, ca, 93703, us",2410 North Cedar
Impossible™ Whopper,$8.19,630 Cal,"2410 north cedar, fresno, ca, 93703, us",2410 North Cedar
Texas Double Whopper,$8.99,"1,090 Cal","2410 north cedar, fresno, ca, 93703, us",2410 North Cedar
Double Whopper,$8.29,920 Cal,"2410 north cedar, fresno, ca, 93703, us",2410 North Cedar
Triple Whopper,$9.19,"1,170 Cal","2410 north cedar, fresno, ca, 93703, us",2410 North Cedar
Bacon King,$8.99,"1,200 Cal","2410 north cedar, fresno, ca, 93703, us",2410 North Cedar
BBQ Bacon Whopper Jr.,$3.89,390 Cal,"2410 north cedar, fresno, ca, 93703, us",2410 North Cedar
Double Whopper Jr.,$5.69,447 Cal,"2410 north cedar, fresno, ca, 93703, us",2410 North Cedar
Whopper Jr.,$3.99,330 Cal,"2410 north cedar, fresno, ca, 93703, us",2410 North Cedar
Bacon Double Cheeseburger,$4.29,440 Cal,"2410 north cedar, fresno, ca, 93703, us",2410 North Cedar
Bacon Cheeseburger,$3.29,340 Cal,"2410 north cedar, fresno, ca, 93703, us",2410 North Cedar
Double Cheeseburger,$3.49,400 Cal,"2410 north cedar, fresno, ca, 93703, us",2410 North Cedar
Cheeseburger,$2.69,290 Cal,"2410 north cedar, fresno, ca, 93703, us",2410 North Cedar
Rodeo Burger,$2.69,340 Cal,"2410 north cedar, fresno, ca, 93703, us",2410 North Cedar
Hamburger,$2.19,250 Cal,"2410 north cedar, fresno, ca, 93703, us",2410 North Cedar
Have-sies™,$3.29,380 Cal,"2410 north cedar, fresno, ca, 93703, us",2410 North Cedar
French Fries,$3.59,370 Cal,"2410 north cedar, fresno, ca, 93703, us",2410 North Cedar
Onion Rings,$3.59,360 Cal,"2410 north cedar, fresno, ca, 93703, us",2410 North Cedar
Fiery Chicken Fries,$4.29,260 Cal,"2410 north cedar, fresno, ca, 93703, us",2410 North Cedar
Fiery Mozzarella Fries,$4.29,450 Cal,"2410 north cedar, fresno, ca, 93703, us",2410 North Cedar
Chicken Fries,$4.29,220 Cal,"2410 north cedar, fresno, ca, 93703, us",2410 North Cedar
Mozzarella Fries,$3.99,480 Cal,"2410 north cedar, fresno, ca, 93703, us",2410 North Cedar
Chicken Nuggets,$2.99,390 Cal,"2410 north cedar, fresno, ca, 93703, us",2410 North Cedar
Mott's® Applesauce,$1.69,50 Cal,"2410 north cedar, fresno, ca, 93703, us",2410 North Cedar
Fiery Bacon Whopper®,$8.99,800 Cal,"245 bayshore blvd., san francisco, ca, 94124, us",245 Bayshore Blvd.
Whopper,$7.39,670 Cal,"245 bayshore blvd., san francisco, ca, 94124, us",245 Bayshore Blvd.
Impossible™ Whopper,$8.29,630 Cal,"245 bayshore blvd., san francisco, ca, 94124, us",245 Bayshore Blvd.
Texas Double Whopper,$9.39,"1,090 Cal","245 bayshore blvd., san francisco, ca, 94124, us",245 Bayshore Blvd.
Double Whopper,$8.39,920 Cal,"245 bayshore blvd., san francisco, ca, 94124, us",245 Bayshore Blvd.
Triple Whopper,$9.39,"1,170 Cal","245 bayshore blvd., san francisco, ca, 94124, us",245 Bayshore Blvd.
Bacon King,$9.39,"1,200 Cal","245 bayshore blvd., san francisco, ca, 94124, us",245 Bayshore Blvd.
BBQ Bacon Whopper Jr.,$4.59,390 Cal,"245 bayshore blvd., san francisco, ca, 94124, us",245 Bayshore Blvd.
Double Whopper Jr.,$5.29,447 Cal,"245 bayshore blvd., san francisco, ca, 94124, us",245 Bayshore Blvd.
Whopper Jr.,$4.29,330 Cal,"245 bayshore blvd., san francisco, ca, 94124, us",245 Bayshore Blvd.
Bacon Double Cheeseburger,$4.59,440 Cal,"245 bayshore blvd., san francisco, ca, 94124, us",245 Bayshore Blvd.
Bacon Cheeseburger,$3.99,340 Cal,"245 bayshore blvd., san francisco, ca, 94124, us",245 Bayshore Blvd.
Double Cheeseburger,$3.59,400 Cal,"245 bayshore blvd., san francisco, ca, 94124, us",245 Bayshore Blvd.
Cheeseburger,$3.09,290 Cal,"245 bayshore blvd., san francisco, ca, 94124, us",245 Bayshore Blvd.
Rodeo Burger,$3.59,340 Cal,"245 bayshore blvd., san francisco, ca, 94124, us",245 Bayshore Blvd.
Hamburger,$2.59,250 Cal,"245 bayshore blvd., san francisco, ca, 94124, us",245 Bayshore Blvd.
Have-sies™,$3.39,380 Cal,"245 bayshore blvd., san francisco, ca, 94124, us",245 Bayshore Blvd.
French Fries,$3.39,370 Cal,"245 bayshore blvd., san francisco, ca, 94124, us",245 Bayshore Blvd.
Onion Rings,$3.39,360 Cal,"245 bayshore blvd., san francisco, ca, 94124, us",245 Bayshore Blvd.
Fiery Chicken Fries,$5.29,260 Cal,"245 bayshore blvd., san francisco, ca, 94124, us",245 Bayshore Blvd.
Fiery Mozzarella Fries,$5.29,450 Cal,"245 bayshore blvd., san francisco, ca, 94124, us",245 Bayshore Blvd.
Chicken Fries,$5.19,220 Cal,"245 bayshore blvd., san francisco, ca, 94124, us",245 Bayshore Blvd.
Mozzarella Fries,$3.99,480 Cal,"245 bayshore blvd., san francisco, ca, 94124, us",245 Bayshore Blvd.
Chicken Nuggets,$2.99,390 Cal,"245 bayshore blvd., san francisco, ca, 94124, us",245 Bayshore Blvd.
Mott's® Applesauce,$1.49,50 Cal,"245 bayshore blvd., san francisco, ca, 94124, us",245 Bayshore Blvd.
Crispy Tacos,$1.79,170 Cal,"245 bayshore blvd., san francisco, ca, 94124, us",245 Bayshore Blvd.
Fiery Bacon Whopper®,$9.99,800 Cal,"24530 lyons avenue, newhall, ca, 91321, us",24530 Lyons Avenue
Whopper,$7.99,670 Cal,"24530 lyons avenue, newhall, ca, 91321, us",24530 Lyons Avenue
Impossible™ Whopper,$8.99,630 Cal,"24530 lyons avenue, newhall, ca, 91321, us",24530 Lyons Avenue
Texas Double Whopper,$10.79,"1,090 Cal","24530 lyons avenue, newhall, ca, 91321, us",24530 Lyons Avenue
Double Whopper,$8.99,920 Cal,"24530 lyons avenue, newhall, ca, 91321, us",24530 Lyons Avenue
Triple Whopper,$9.69,"1,170 Cal","24530 lyons avenue, newhall, ca, 91321, us",24530 Lyons Avenue
Bacon King,$10.79,"1,200 Cal","24530 lyons avenue, newhall, ca, 91321, us",24530 Lyons Avenue
BBQ Bacon Whopper Jr.,$7.09,390 Cal,"24530 lyons avenue, newhall, ca, 91321, us",24530 Lyons Avenue
Whopper Jr.,$6.59,330 Cal,"24530 lyons avenue, newhall, ca, 91321, us",24530 Lyons Avenue
Bacon Double Cheeseburger,$5.19,440 Cal,"24530 lyons avenue, newhall, ca, 91321, us",24530 Lyons Avenue
Bacon Cheeseburger,$3.99,340 Cal,"24530 lyons avenue, newhall, ca, 91321, us",24530 Lyons Avenue
Double Cheeseburger,$3.99,400 Cal,"24530 lyons avenue, newhall, ca, 91321, us",24530 Lyons Avenue
Cheeseburger,$3.29,290 Cal,"24530 lyons avenue, newhall, ca, 91321, us",24530 Lyons Avenue
Rodeo Burger,$3.69,340 Cal,"24530 lyons avenue, newhall, ca, 91321, us",24530 Lyons Avenue
Hamburger,$2.79,250 Cal,"24530 lyons avenue, newhall, ca, 91321, us",24530 Lyons Avenue
Have-sies™,$4.19,380 Cal,"24530 lyons avenue, newhall, ca, 91321, us",24530 Lyons Avenue
French Fries,$4.09,370 Cal,"24530 lyons avenue, newhall, ca, 91321, us",24530 Lyons Avenue
Onion Rings,$4.19,360 Cal,"24530 lyons avenue, newhall, ca, 91321, us",24530 Lyons Avenue
Fiery Chicken Fries,$6.19,260 Cal,"24530 lyons avenue, newhall, ca, 91321, us",24530 Lyons Avenue
Fiery Mozzarella Fries,$4.79,450 Cal,"24530 lyons avenue, newhall, ca, 91321, us",24530 Lyons Avenue
Chicken Fries,$6.19,220 Cal,"24530 lyons avenue, newhall, ca, 91321, us",24530 Lyons Avenue
Mozzarella Fries,$4.79,480 Cal,"24530 lyons avenue, newhall, ca, 91321, us",24530 Lyons Avenue
Chicken Nuggets,$2.99,390 Cal,"24530 lyons avenue, newhall, ca, 91321, us",24530 Lyons Avenue
Mott's® Applesauce,$2.09,50 Cal,"24530 lyons avenue, newhall, ca, 91321, us",24530 Lyons Avenue
Fiery Bacon Whopper®,$9.59,800 Cal,"24800 sunnymead blvd, moreno valley, ca, 92553, us",24800 Sunnymead Blvd
Whopper,$7.59,670 Cal,"24800 sunnymead blvd, moreno valley, ca, 92553, us",24800 Sunnymead Blvd
Impossible™ Whopper,$8.59,630 Cal,"24800 sunnymead blvd, moreno valley, ca, 92553, us",24800 Sunnymead Blvd
Texas Double Whopper,$10.39,"1,090 Cal","24800 sunnymead blvd, moreno valley, ca, 92553, us",24800 Sunnymead Blvd
Double Whopper,$8.59,920 Cal,"24800 sunnymead blvd, moreno valley, ca, 92553, us",24800 Sunnymead Blvd
Triple Whopper,$9.49,"1,170 Cal","24800 sunnymead blvd, moreno valley, ca, 92553, us",24800 Sunnymead Blvd
Bacon King,$10.39,"1,200 Cal","24800 sunnymead blvd, moreno valley, ca, 92553, us",24800 Sunnymead Blvd
BBQ Bacon Whopper Jr.,$6.89,390 Cal,"24800 sunnymead blvd, moreno valley, ca, 92553, us",24800 Sunnymead Blvd
Double Whopper Jr.,$6.89,447 Cal,"24800 sunnymead blvd, moreno valley, ca, 92553, us",24800 Sunnymead Blvd
Whopper Jr.,$6.19,330 Cal,"24800 sunnymead blvd, moreno valley, ca, 92553, us",24800 Sunnymead Blvd
Bacon Double Cheeseburger,$4.99,440 Cal,"24800 sunnymead blvd, moreno valley, ca, 92553, us",24800 Sunnymead Blvd
Bacon Cheeseburger,$3.99,340 Cal,"24800 sunnymead blvd, moreno valley, ca, 92553, us",24800 Sunnymead Blvd
Double Cheeseburger,$3.99,400 Cal,"24800 sunnymead blvd, moreno valley, ca, 92553, us",24800 Sunnymead Blvd
Cheeseburger,$3.49,290 Cal,"24800 sunnymead blvd, moreno valley, ca, 92553, us",24800 Sunnymead Blvd
Rodeo Burger,$3.49,340 Cal,"24800 sunnymead blvd, moreno valley, ca, 92553, us",24800 Sunnymead Blvd
Hamburger,$2.59,250 Cal,"24800 sunnymead blvd, moreno valley, ca, 92553, us",24800 Sunnymead Blvd
Have-sies™,$4.19,380 Cal,"24800 sunnymead blvd, moreno valley, ca, 92553, us",24800 Sunnymead Blvd
French Fries,$3.89,370 Cal,"24800 sunnymead blvd, moreno valley, ca, 92553, us",24800 Sunnymead Blvd
Onion Rings,$3.99,360 Cal,"24800 sunnymead blvd, moreno valley, ca, 92553, us",24800 Sunnymead Blvd
Fiery Chicken Fries,$5.99,260 Cal,"24800 sunnymead blvd, moreno valley, ca, 92553, us",24800 Sunnymead Blvd
Fiery Mozzarella Fries,$4.79,450 Cal,"24800 sunnymead blvd, moreno valley, ca, 92553, us",24800 Sunnymead Blvd
Chicken Fries,$5.99,220 Cal,"24800 sunnymead blvd, moreno valley, ca, 92553, us",24800 Sunnymead Blvd
Mozzarella Fries,$4.79,480 Cal,"24800 sunnymead blvd, moreno valley, ca, 92553, us",24800 Sunnymead Blvd
Chicken Nuggets,$2.99,390 Cal,"24800 sunnymead blvd, moreno valley, ca, 92553, us",24800 Sunnymead Blvd
Mott's® Applesauce,$1.89,50 Cal,"24800 sunnymead blvd, moreno valley, ca, 92553, us",24800 Sunnymead Blvd
Crispy Tacos,$1.59,170 Cal,"24800 sunnymead blvd, moreno valley, ca, 92553, us",24800 Sunnymead Blvd
Fiery Bacon Whopper®,$9.99,800 Cal,"2500 s. ventura road, oxnard, ca, 93033, us",2817 South El Camino Real
Whopper,$7.89,670 Cal,"2500 s. ventura road, oxnard, ca, 93033, us",2817 South El Camino Real
Impossible™ Whopper,$8.89,630 Cal,"2500 s. ventura road, oxnard, ca, 93033, us",2817 South El Camino Real
Texas Double Whopper,$10.59,"1,090 Cal","2500 s. ventura road, oxnard, ca, 93033, us",2817 South El Camino Real
Double Whopper,$8.99,920 Cal,"2500 s. ventura road, oxnard, ca, 93033, us",2817 South El Camino Real
Triple Whopper,$10.19,"1,170 Cal","2500 s. ventura road, oxnard, ca, 93033, us",2817 South El Camino Real
Bacon King,$9.19,"1,200 Cal","2500 s. ventura road, oxnard, ca, 93033, us",2817 South El Camino Real
BBQ Bacon Whopper Jr.,$3.89,390 Cal,"2500 s. ventura road, oxnard, ca, 93033, us",2817 South El Camino Real
Double Whopper Jr.,$5.79,447 Cal,"2500 s. ventura road, oxnard, ca, 93033, us",2817 South El Camino Real
Whopper Jr.,$4.19,330 Cal,"2500 s. ventura road, oxnard, ca, 93033, us",2817 South El Camino Real
Bacon Double Cheeseburger,$4.39,440 Cal,"2500 s. ventura road, oxnard, ca, 93033, us",2817 South El Camino Real
Bacon Cheeseburger,$3.69,340 Cal,"2500 s. ventura road, oxnard, ca, 93033, us",2817 South El Camino Real
Double Cheeseburger,$3.69,400 Cal,"2500 s. ventura road, oxnard, ca, 93033, us",2817 South El Camino Real
Cheeseburger,$2.89,290 Cal,"2500 s. ventura road, oxnard, ca, 93033, us",2817 South El Camino Real
Rodeo Burger,$2.89,340 Cal,"2500 s. ventura road, oxnard, ca, 93033, us",2817 South El Camino Real
Hamburger,$2.49,250 Cal,"2500 s. ventura road, oxnard, ca, 93033, us",2817 South El Camino Real
Have-sies™,$4.59,380 Cal,"2500 s. ventura road, oxnard, ca, 93033, us",2817 South El Camino Real
French Fries,$4.59,370 Cal,"2500 s. ventura road, oxnard, ca, 93033, us",2817 South El Camino Real
Onion Rings,$4.59,360 Cal,"2500 s. ventura road, oxnard, ca, 93033, us",2817 South El Camino Real
Fiery Chicken Fries,$4.29,260 Cal,"2500 s. ventura road, oxnard, ca, 93033, us",2817 South El Camino Real
Fiery Mozzarella Fries,$4.29,450 Cal,"2500 s. ventura road, oxnard, ca, 93033, us",2817 South El Camino Real
Chicken Fries,$4.29,220 Cal,"2500 s. ventura road, oxnard, ca, 93033, us",2817 South El Camino Real
Mozzarella Fries,$3.79,480 Cal,"2500 s. ventura road, oxnard, ca, 93033, us",2817 South El Camino Real
Chicken Nuggets,$2.99,390 Cal,"2500 s. ventura road, oxnard, ca, 93033, us",2817 South El Camino Real
Mott's® Applesauce,$2.19,50 Cal,"2500 s. ventura road, oxnard, ca, 93033, us",2817 South El Camino Real
Fiery Bacon Whopper®,$8.39,800 Cal,"2508 white lane, bakersfield, ca, 93304, us",2508 White Lane
Whopper,$6.79,670 Cal,"2508 white lane, bakersfield, ca, 93304, us",2508 White Lane
Impossible™ Whopper,$7.79,630 Cal,"2508 white lane, bakersfield, ca, 93304, us",2508 White Lane
Texas Double Whopper,$8.99,"1,090 Cal","2508 white lane, bakersfield, ca, 93304, us",2508 White Lane
Double Whopper,$7.99,920 Cal,"2508 white lane, bakersfield, ca, 93304, us",2508 White Lane
Triple Whopper,$9.19,"1,170 Cal","2508 white lane, bakersfield, ca, 93304, us",2508 White Lane
Bacon King,$8.79,"1,200 Cal","2508 white lane, bakersfield, ca, 93304, us",2508 White Lane
BBQ Bacon Whopper Jr.,$3.89,390 Cal,"2508 white lane, bakersfield, ca, 93304, us",2508 White Lane
Double Whopper Jr.,$5.79,447 Cal,"2508 white lane, bakersfield, ca, 93304, us",2508 White Lane
Whopper Jr.,$3.99,330 Cal,"2508 white lane, bakersfield, ca, 93304, us",2508 White Lane
Bacon Double Cheeseburger,$4.39,440 Cal,"2508 white lane, bakersfield, ca, 93304, us",2508 White Lane
Bacon Cheeseburger,$3.49,340 Cal,"2508 white lane, bakersfield, ca, 93304, us",2508 White Lane
Double Cheeseburger,$3.49,400 Cal,"2508 white lane, bakersfield, ca, 93304, us",2508 White Lane
Cheeseburger,$2.59,290 Cal,"2508 white lane, bakersfield, ca, 93304, us",2508 White Lane
Rodeo Burger,$2.59,340 Cal,"2508 white lane, bakersfield, ca, 93304, us",2508 White Lane
Hamburger,$1.99,250 Cal,"2508 white lane, bakersfield, ca, 93304, us",2508 White Lane
Have-sies™,$3.29,380 Cal,"2508 white lane, bakersfield, ca, 93304, us",2508 White Lane
French Fries,$3.79,370 Cal,"2508 white lane, bakersfield, ca, 93304, us",2508 White Lane
Onion Rings,$3.79,360 Cal,"2508 white lane, bakersfield, ca, 93304, us",2508 White Lane
Fiery Chicken Fries,$4.29,260 Cal,"2508 white lane, bakersfield, ca, 93304, us",2508 White Lane
Fiery Mozzarella Fries,$4.29,450 Cal,"2508 white lane, bakersfield, ca, 93304, us",2508 White Lane
Chicken Fries,$4.29,220 Cal,"2508 white lane, bakersfield, ca, 93304, us",2508 White Lane
Mozzarella Fries,$3.99,480 Cal,"2508 white lane, bakersfield, ca, 93304, us",2508 White Lane
Chicken Nuggets,$2.99,390 Cal,"2508 white lane, bakersfield, ca, 93304, us",2508 White Lane
Mott's® Applesauce,$1.69,50 Cal,"2508 white lane, bakersfield, ca, 93304, us",2508 White Lane
Fiery Bacon Whopper®,$10.69,800 Cal,"2532 channing avenue, san jose, ca, 95131, us",2532 Channing Avenue
Whopper,$8.09,670 Cal,"2532 channing avenue, san jose, ca, 95131, us",2532 Channing Avenue
Impossible™ Whopper,$9.09,630 Cal,"2532 channing avenue, san jose, ca, 95131, us",2532 Channing Avenue
Texas Double Whopper,$11.09,"1,090 Cal","2532 channing avenue, san jose, ca, 95131, us",2532 Channing Avenue
Double Whopper,$9.09,920 Cal,"2532 channing avenue, san jose, ca, 95131, us",2532 Channing Avenue
Triple Whopper,$10.09,"1,170 Cal","2532 channing avenue, san jose, ca, 95131, us",2532 Channing Avenue
Bacon King,$10.59,"1,200 Cal","2532 channing avenue, san jose, ca, 95131, us",2532 Channing Avenue
BBQ Bacon Whopper Jr.,$7.69,390 Cal,"2532 channing avenue, san jose, ca, 95131, us",2532 Channing Avenue
Double Whopper Jr.,$7.09,447 Cal,"2532 channing avenue, san jose, ca, 95131, us",2532 Channing Avenue
Whopper Jr.,$6.09,330 Cal,"2532 channing avenue, san jose, ca, 95131, us",2532 Channing Avenue
Bacon Double Cheeseburger,$5.49,440 Cal,"2532 channing avenue, san jose, ca, 95131, us",2532 Channing Avenue
Bacon Cheeseburger,$3.49,340 Cal,"2532 channing avenue, san jose, ca, 95131, us",2532 Channing Avenue
Double Cheeseburger,$3.99,400 Cal,"2532 channing avenue, san jose, ca, 95131, us",2532 Channing Avenue
Cheeseburger,$2.99,290 Cal,"2532 channing avenue, san jose, ca, 95131, us",2532 Channing Avenue
Rodeo Burger,$3.49,340 Cal,"2532 channing avenue, san jose, ca, 95131, us",2532 Channing Avenue
Hamburger,$1.99,250 Cal,"2532 channing avenue, san jose, ca, 95131, us",2532 Channing Avenue
Have-sies™,$2.79,380 Cal,"2532 channing avenue, san jose, ca, 95131, us",2532 Channing Avenue
French Fries,$2.79,370 Cal,"2532 channing avenue, san jose, ca, 95131, us",2532 Channing Avenue
Onion Rings,$2.79,360 Cal,"2532 channing avenue, san jose, ca, 95131, us",2532 Channing Avenue
Fiery Chicken Fries,$5.79,260 Cal,"2532 channing avenue, san jose, ca, 95131, us",2532 Channing Avenue
Chicken Fries,$5.69,220 Cal,"2532 channing avenue, san jose, ca, 95131, us",2532 Channing Avenue
Mozzarella Fries,$4.29,480 Cal,"2532 channing avenue, san jose, ca, 95131, us",2532 Channing Avenue
Chicken Nuggets,$2.99,390 Cal,"2532 channing avenue, san jose, ca, 95131, us",2532 Channing Avenue
Mott's® Applesauce,$1.49,50 Cal,"2532 channing avenue, san jose, ca, 95131, us",2532 Channing Avenue
Crispy Tacos,$1.19,170 Cal,"2532 channing avenue, san jose, ca, 95131, us",2532 Channing Avenue
Fiery Bacon Whopper®,$8.59,800 Cal,"2542 guerneville road, santa rosa, ca, 95401, us",2542 Guerneville Road
Whopper,$7.59,670 Cal,"2542 guerneville road, santa rosa, ca, 95401, us",2542 Guerneville Road
Impossible™ Whopper,$8.49,630 Cal,"2542 guerneville road, santa rosa, ca, 95401, us",2542 Guerneville Road
Texas Double Whopper,$9.29,"1,090 Cal","2542 guerneville road, santa rosa, ca, 95401, us",2542 Guerneville Road
Double Whopper,$8.59,920 Cal,"2542 guerneville road, santa rosa, ca, 95401, us",2542 Guerneville Road
Triple Whopper,$9.59,"1,170 Cal","2542 guerneville road, santa rosa, ca, 95401, us",2542 Guerneville Road
Bacon King,$9.29,"1,200 Cal","2542 guerneville road, santa rosa, ca, 95401, us",2542 Guerneville Road
BBQ Bacon Whopper Jr.,$4.49,390 Cal,"2542 guerneville road, santa rosa, ca, 95401, us",2542 Guerneville Road
Double Whopper Jr.,$5.19,447 Cal,"2542 guerneville road, santa rosa, ca, 95401, us",2542 Guerneville Road
Whopper Jr.,$4.09,330 Cal,"2542 guerneville road, santa rosa, ca, 95401, us",2542 Guerneville Road
Bacon Double Cheeseburger,$4.19,440 Cal,"2542 guerneville road, santa rosa, ca, 95401, us",2542 Guerneville Road
Bacon Cheeseburger,$3.69,340 Cal,"2542 guerneville road, santa rosa, ca, 95401, us",2542 Guerneville Road
Double Cheeseburger,$3.99,400 Cal,"2542 guerneville road, santa rosa, ca, 95401, us",2542 Guerneville Road
Cheeseburger,$3.29,290 Cal,"2542 guerneville road, santa rosa, ca, 95401, us",2542 Guerneville Road
Rodeo Burger,$3.29,340 Cal,"2542 guerneville road, santa rosa, ca, 95401, us",2542 Guerneville Road
Hamburger,$2.49,250 Cal,"2542 guerneville road, santa rosa, ca, 95401, us",2542 Guerneville Road
Have-sies™,$3.99,380 Cal,"2542 guerneville road, santa rosa, ca, 95401, us",2542 Guerneville Road
French Fries,$3.99,370 Cal,"2542 guerneville road, santa rosa, ca, 95401, us",2542 Guerneville Road
Onion Rings,$3.99,360 Cal,"2542 guerneville road, santa rosa, ca, 95401, us",2542 Guerneville Road
Fiery Chicken Fries,$4.29,260 Cal,"2542 guerneville road, santa rosa, ca, 95401, us",2542 Guerneville Road
Fiery Mozzarella Fries,$4.99,450 Cal,"2542 guerneville road, santa rosa, ca, 95401, us",2542 Guerneville Road
Chicken Fries,$4.29,220 Cal,"2542 guerneville road, santa rosa, ca, 95401, us",2542 Guerneville Road
Mozzarella Fries,$4.99,480 Cal,"2542 guerneville road, santa rosa, ca, 95401, us",2542 Guerneville Road
Chicken Nuggets,$2.99,390 Cal,"2542 guerneville road, santa rosa, ca, 95401, us",2542 Guerneville Road
Mott's® Applesauce,$1.99,50 Cal,"2542 guerneville road, santa rosa, ca, 95401, us",2542 Guerneville Road
Crispy Tacos,$1.29,170 Cal,"2542 guerneville road, santa rosa, ca, 95401, us",2542 Guerneville Road
Fiery Bacon Whopper®,$8.99,800 Cal,"2600, long beach, ca, 90806, us",2600 Long Beach Blvd.
Whopper,$7.99,670 Cal,"2600, long beach, ca, 90806, us",2600 Long Beach Blvd.
Impossible™ Whopper,$8.49,630 Cal,"2600, long beach, ca, 90806, us",2600 Long Beach Blvd.
Texas Double Whopper,$10.29,"1,090 Cal","2600, long beach, ca, 90806, us",2600 Long Beach Blvd.
Double Whopper,$9.19,920 Cal,"2600, long beach, ca, 90806, us",2600 Long Beach Blvd.
Triple Whopper,$10.39,"1,170 Cal","2600, long beach, ca, 90806, us",2600 Long Beach Blvd.
Bacon King,$9.49,"1,200 Cal","2600, long beach, ca, 90806, us",2600 Long Beach Blvd.
BBQ Bacon Whopper Jr.,$5.49,390 Cal,"2600, long beach, ca, 90806, us",2600 Long Beach Blvd.
Double Whopper Jr.,$5.99,447 Cal,"2600, long beach, ca, 90806, us",2600 Long Beach Blvd.
Whopper Jr.,$4.59,330 Cal,"2600, long beach, ca, 90806, us",2600 Long Beach Blvd.
Bacon Double Cheeseburger,$4.39,440 Cal,"2600, long beach, ca, 90806, us",2600 Long Beach Blvd.
Bacon Cheeseburger,$3.19,340 Cal,"2600, long beach, ca, 90806, us",2600 Long Beach Blvd.
Double Cheeseburger,$3.59,400 Cal,"2600, long beach, ca, 90806, us",2600 Long Beach Blvd.
Cheeseburger,$2.79,290 Cal,"2600, long beach, ca, 90806, us",2600 Long Beach Blvd.
Rodeo Burger,$2.79,340 Cal,"2600, long beach, ca, 90806, us",2600 Long Beach Blvd.
Hamburger,$1.89,250 Cal,"2600, long beach, ca, 90806, us",2600 Long Beach Blvd.
Have-sies™,$3.79,380 Cal,"2600, long beach, ca, 90806, us",2600 Long Beach Blvd.
French Fries,$3.99,370 Cal,"2600, long beach, ca, 90806, us",2600 Long Beach Blvd.
Onion Rings,$3.99,360 Cal,"2600, long beach, ca, 90806, us",2600 Long Beach Blvd.
Fiery Chicken Fries,$4.89,260 Cal,"2600, long beach, ca, 90806, us",2600 Long Beach Blvd.
Fiery Mozzarella Fries,$4.89,450 Cal,"2600, long beach, ca, 90806, us",2600 Long Beach Blvd.
Chicken Fries,$4.89,220 Cal,"2600, long beach, ca, 90806, us",2600 Long Beach Blvd.
Mozzarella Fries,$4.89,480 Cal,"2600, long beach, ca, 90806, us",2600 Long Beach Blvd.
Chicken Nuggets,$3.49,390 Cal,"2600, long beach, ca, 90806, us",2600 Long Beach Blvd.
Mott's® Applesauce,$2.29,50 Cal,"2600, long beach, ca, 90806, us",2600 Long Beach Blvd.
Fiery Bacon Whopper®,$8.59,800 Cal,"2714 el centro road, sacramento, ca, 95833, us",2714 El Centro Road
Whopper,$6.99,670 Cal,"2714 el centro road, sacramento, ca, 95833, us",2714 El Centro Road
Impossible™ Whopper,$7.99,630 Cal,"2714 el centro road, sacramento, ca, 95833, us",2714 El Centro Road
Texas Double Whopper,$9.39,"1,090 Cal","2714 el centro road, sacramento, ca, 95833, us",2714 El Centro Road
Double Whopper,$8.29,920 Cal,"2714 el centro road, sacramento, ca, 95833, us",2714 El Centro Road
Triple Whopper,$9.49,"1,170 Cal","2714 el centro road, sacramento, ca, 95833, us",2714 El Centro Road
Bacon King,$8.79,"1,200 Cal","2714 el centro road, sacramento, ca, 95833, us",2714 El Centro Road
BBQ Bacon Whopper Jr.,$3.89,390 Cal,"2714 el centro road, sacramento, ca, 95833, us",2714 El Centro Road
Whopper Jr.,$4.19,330 Cal,"2714 el centro road, sacramento, ca, 95833, us",2714 El Centro Road
Bacon Double Cheeseburger,$4.49,440 Cal,"2714 el centro road, sacramento, ca, 95833, us",2714 El Centro Road
Bacon Cheeseburger,$3.49,340 Cal,"2714 el centro road, sacramento, ca, 95833, us",2714 El Centro Road
Double Cheeseburger,$3.69,400 Cal,"2714 el centro road, sacramento, ca, 95833, us",2714 El Centro Road
Cheeseburger,$2.79,290 Cal,"2714 el centro road, sacramento, ca, 95833, us",2714 El Centro Road
Rodeo Burger,$2.79,340 Cal,"2714 el centro road, sacramento, ca, 95833, us",2714 El Centro Road
Hamburger,$2.39,250 Cal,"2714 el centro road, sacramento, ca, 95833, us",2714 El Centro Road
Have-sies™,$3.49,380 Cal,"2714 el centro road, sacramento, ca, 95833, us",2714 El Centro Road
French Fries,$3.89,370 Cal,"2714 el centro road, sacramento, ca, 95833, us",2714 El Centro Road
Onion Rings,$3.89,360 Cal,"2714 el centro road, sacramento, ca, 95833, us",2714 El Centro Road
Fiery Chicken Fries,$4.29,260 Cal,"2714 el centro road, sacramento, ca, 95833, us",2714 El Centro Road
Fiery Mozzarella Fries,$4.29,450 Cal,"2714 el centro road, sacramento, ca, 95833, us",2714 El Centro Road
Chicken Fries,$4.19,220 Cal,"2714 el centro road, sacramento, ca, 95833, us",2714 El Centro Road
Mozzarella Fries,$3.99,480 Cal,"2714 el centro road, sacramento, ca, 95833, us",2714 El Centro Road
Chicken Nuggets,$2.99,390 Cal,"2714 el centro road, sacramento, ca, 95833, us",2714 El Centro Road
Mott's® Applesauce,$1.69,50 Cal,"2714 el centro road, sacramento, ca, 95833, us",2714 El Centro Road
Fiery Bacon Whopper®,$10.69,800 Cal,"2757 castro valley boulevard, castro valley, ca, 94546, us",2757 Castro Valley Boulevard
Whopper,$7.09,670 Cal,"2757 castro valley boulevard, castro valley, ca, 94546, us",2757 Castro Valley Boulevard
Impossible™ Whopper,$9.39,630 Cal,"2757 castro valley boulevard, castro valley, ca, 94546, us",2757 Castro Valley Boulevard
Texas Double Whopper,$10.39,"1,090 Cal","2757 castro valley boulevard, castro valley, ca, 94546, us",2757 Castro Valley Boulevard
Double Whopper,$8.09,920 Cal,"2757 castro valley boulevard, castro valley, ca, 94546, us",2757 Castro Valley Boulevard
Triple Whopper,$10.09,"1,170 Cal","2757 castro valley boulevard, castro valley, ca, 94546, us",2757 Castro Valley Boulevard
Bacon King,$9.89,"1,200 Cal","2757 castro valley boulevard, castro valley, ca, 94546, us",2757 Castro Valley Boulevard
BBQ Bacon Whopper Jr.,$7.69,390 Cal,"2757 castro valley boulevard, castro valley, ca, 94546, us",2757 Castro Valley Boulevard
Double Whopper Jr.,$7.09,447 Cal,"2757 castro valley boulevard, castro valley, ca, 94546, us",2757 Castro Valley Boulevard
Whopper Jr.,$3.89,330 Cal,"2757 castro valley boulevard, castro valley, ca, 94546, us",2757 Castro Valley Boulevard
Bacon Double Cheeseburger,$3.69,440 Cal,"2757 castro valley boulevard, castro valley, ca, 94546, us",2757 Castro Valley Boulevard
Bacon Cheeseburger,$3.09,340 Cal,"2757 castro valley boulevard, castro valley, ca, 94546, us",2757 Castro Valley Boulevard
Double Cheeseburger,$3.09,400 Cal,"2757 castro valley boulevard, castro valley, ca, 94546, us",2757 Castro Valley Boulevard
Cheeseburger,$2.59,290 Cal,"2757 castro valley boulevard, castro valley, ca, 94546, us",2757 Castro Valley Boulevard
Rodeo Burger,$2.99,340 Cal,"2757 castro valley boulevard, castro valley, ca, 94546, us",2757 Castro Valley Boulevard
Hamburger,$2.19,250 Cal,"2757 castro valley boulevard, castro valley, ca, 94546, us",2757 Castro Valley Boulevard
Have-sies™,$2.79,380 Cal,"2757 castro valley boulevard, castro valley, ca, 94546, us",2757 Castro Valley Boulevard
French Fries,$2.79,370 Cal,"2757 castro valley boulevard, castro valley, ca, 94546, us",2757 Castro Valley Boulevard
Onion Rings,$2.79,360 Cal,"2757 castro valley boulevard, castro valley, ca, 94546, us",2757 Castro Valley Boulevard
Fiery Chicken Fries,$5.79,260 Cal,"2757 castro valley boulevard, castro valley, ca, 94546, us",2757 Castro Valley Boulevard
Fiery Mozzarella Fries,$4.29,450 Cal,"2757 castro valley boulevard, castro valley, ca, 94546, us",2757 Castro Valley Boulevard
Chicken Fries,$5.69,220 Cal,"2757 castro valley boulevard, castro valley, ca, 94546, us",2757 Castro Valley Boulevard
Mozzarella Fries,$4.29,480 Cal,"2757 castro valley boulevard, castro valley, ca, 94546, us",2757 Castro Valley Boulevard
Chicken Nuggets,$2.99,390 Cal,"2757 castro valley boulevard, castro valley, ca, 94546, us",2757 Castro Valley Boulevard
Mott's® Applesauce,$1.49,50 Cal,"2757 castro valley boulevard, castro valley, ca, 94546, us",2757 Castro Valley Boulevard
Crispy Tacos,$1.19,170 Cal,"2757 castro valley boulevard, castro valley, ca, 94546, us",2757 Castro Valley Boulevard
Fiery Bacon Whopper®,$9.99,800 Cal,"2817 south el camino real, san mateo, ca, 94403, us",2817 South El Camino Real
Whopper,$7.89,670 Cal,"2817 south el camino real, san mateo, ca, 94403, us",2817 South El Camino Real
Impossible™ Whopper,$8.89,630 Cal,"2817 south el camino real, san mateo, ca, 94403, us",2817 South El Camino Real
Texas Double Whopper,$10.59,"1,090 Cal","2817 south el camino real, san mateo, ca, 94403, us",2817 South El Camino Real
Double Whopper,$8.99,920 Cal,"2817 south el camino real, san mateo, ca, 94403, us",2817 South El Camino Real
Triple Whopper,$10.19,"1,170 Cal","2817 south el camino real, san mateo, ca, 94403, us",2817 South El Camino Real
Bacon King,$9.19,"1,200 Cal","2817 south el camino real, san mateo, ca, 94403, us",2817 South El Camino Real
BBQ Bacon Whopper Jr.,$3.89,390 Cal,"2817 south el camino real, san mateo, ca, 94403, us",2817 South El Camino Real
Double Whopper Jr.,$5.79,447 Cal,"2817 south el camino real, san mateo, ca, 94403, us",2817 South El Camino Real
Whopper Jr.,$4.19,330 Cal,"2817 south el camino real, san mateo, ca, 94403, us",2817 South El Camino Real
Bacon Double Cheeseburger,$4.39,440 Cal,"2817 south el camino real, san mateo, ca, 94403, us",2817 South El Camino Real
Bacon Cheeseburger,$3.69,340 Cal,"2817 south el camino real, san mateo, ca, 94403, us",2817 South El Camino Real
Double Cheeseburger,$3.69,400 Cal,"2817 south el camino real, san mateo, ca, 94403, us",2817 South El Camino Real
Cheeseburger,$2.89,290 Cal,"2817 south el camino real, san mateo, ca, 94403, us",2817 South El Camino Real
Rodeo Burger,$2.89,340 Cal,"2817 south el camino real, san mateo, ca, 94403, us",2817 South El Camino Real
Hamburger,$2.49,250 Cal,"2817 south el camino real, san mateo, ca, 94403, us",2817 South El Camino Real
Have-sies™,$4.59,380 Cal,"2817 south el camino real, san mateo, ca, 94403, us",2817 South El Camino Real
French Fries,$4.59,370 Cal,"2817 south el camino real, san mateo, ca, 94403, us",2817 South El Camino Real
Onion Rings,$4.59,360 Cal,"2817 south el camino real, san mateo, ca, 94403, us",2817 South El Camino Real
Fiery Chicken Fries,$4.29,260 Cal,"2817 south el camino real, san mateo, ca, 94403, us",2817 South El Camino Real
Fiery Mozzarella Fries,$4.29,450 Cal,"2817 south el camino real, san mateo, ca, 94403, us",2817 South El Camino Real
Chicken Fries,$4.29,220 Cal,"2817 south el camino real, san mateo, ca, 94403, us",2817 South El Camino Real
Mozzarella Fries,$3.79,480 Cal,"2817 south el camino real, san mateo, ca, 94403, us",2817 South El Camino Real
Chicken Nuggets,$2.99,390 Cal,"2817 south el camino real, san mateo, ca, 94403, us",2817 South El Camino Real
Mott's® Applesauce,$2.19,50 Cal,"2817 south el camino real, san mateo, ca, 94403, us",2817 South El Camino Real
Fiery Bacon Whopper®,$8.99,800 Cal,"2850 south bristol street, santa ana, ca, 92704, us",2850 South Bristol Street
Whopper,$7.99,670 Cal,"2850 south bristol street, santa ana, ca, 92704, us",2850 South Bristol Street
Impossible™ Whopper,$8.49,630 Cal,"2850 south bristol street, santa ana, ca, 92704, us",2850 South Bristol Street
Texas Double Whopper,$10.29,"1,090 Cal","2850 south bristol street, santa ana, ca, 92704, us",2850 South Bristol Street
Double Whopper,$9.19,920 Cal,"2850 south bristol street, santa ana, ca, 92704, us",2850 South Bristol Street
Triple Whopper,$10.39,"1,170 Cal","2850 south bristol street, santa ana, ca, 92704, us",2850 South Bristol Street
Bacon King,$9.49,"1,200 Cal","2850 south bristol street, santa ana, ca, 92704, us",2850 South Bristol Street
BBQ Bacon Whopper Jr.,$4.79,390 Cal,"2850 south bristol street, santa ana, ca, 92704, us",2850 South Bristol Street
Double Whopper Jr.,$5.59,447 Cal,"2850 south bristol street, santa ana, ca, 92704, us",2850 South Bristol Street
Whopper Jr.,$4.59,330 Cal,"2850 south bristol street, santa ana, ca, 92704, us",2850 South Bristol Street
Bacon Double Cheeseburger,$4.39,440 Cal,"2850 south bristol street, santa ana, ca, 92704, us",2850 South Bristol Street
Bacon Cheeseburger,$3.29,340 Cal,"2850 south bristol street, santa ana, ca, 92704, us",2850 South Bristol Street
Double Cheeseburger,$3.59,400 Cal,"2850 south bristol street, santa ana, ca, 92704, us",2850 South Bristol Street
Cheeseburger,$2.79,290 Cal,"2850 south bristol street, santa ana, ca, 92704, us",2850 South Bristol Street
Rodeo Burger,$2.79,340 Cal,"2850 south bristol street, santa ana, ca, 92704, us",2850 South Bristol Street
Hamburger,$2.19,250 Cal,"2850 south bristol street, santa ana, ca, 92704, us",2850 South Bristol Street
Have-sies™,$3.79,380 Cal,"2850 south bristol street, santa ana, ca, 92704, us",2850 South Bristol Street
French Fries,$3.99,370 Cal,"2850 south bristol street, santa ana, ca, 92704, us",2850 South Bristol Street
Onion Rings,$3.99,360 Cal,"2850 south bristol street, santa ana, ca, 92704, us",2850 South Bristol Street
Fiery Chicken Fries,$2.49,260 Cal,"2850 south bristol street, santa ana, ca, 92704, us",2850 South Bristol Street
Fiery Mozzarella Fries,$4.89,450 Cal,"2850 south bristol street, santa ana, ca, 92704, us",2850 South Bristol Street
Chicken Fries,$4.99,220 Cal,"2850 south bristol street, santa ana, ca, 92704, us",2850 South Bristol Street
Mozzarella Fries,$4.89,480 Cal,"2850 south bristol street, santa ana, ca, 92704, us",2850 South Bristol Street
Chicken Nuggets,$3.49,390 Cal,"2850 south bristol street, santa ana, ca, 92704, us",2850 South Bristol Street
Mott's® Applesauce,$2.29,50 Cal,"2850 south bristol street, santa ana, ca, 92704, us",2850 South Bristol Street
Crispy Tacos,$2.09,170 Cal,"2850 south bristol street, santa ana, ca, 92704, us",2850 South Bristol Street
Fiery Bacon Whopper®,$8.59,800 Cal,"2855 north main street, walnut creek, ca, 94597, us",2855 North Main Street
Whopper,$7.49,670 Cal,"2855 north main street, walnut creek, ca, 94597, us",2855 North Main Street
Impossible™ Whopper,$7.99,630 Cal,"2855 north main street, walnut creek, ca, 94597, us",2855 North Main Street
Texas Double Whopper,$9.89,"1,090 Cal","2855 north main street, walnut creek, ca, 94597, us",2855 North Main Street
Double Whopper,$8.49,920 Cal,"2855 north main street, walnut creek, ca, 94597, us",2855 North Main Street
Triple Whopper,$9.49,"1,170 Cal","2855 north main street, walnut creek, ca, 94597, us",2855 North Main Street
Bacon King,$10.39,"1,200 Cal","2855 north main street, walnut creek, ca, 94597, us",2855 North Main Street
BBQ Bacon Whopper Jr.,$5.79,390 Cal,"2855 north main street, walnut creek, ca, 94597, us",2855 North Main Street
Double Whopper Jr.,$5.19,447 Cal,"2855 north main street, walnut creek, ca, 94597, us",2855 North Main Street
Whopper Jr.,$4.19,330 Cal,"2855 north main street, walnut creek, ca, 94597, us",2855 North Main Street
Bacon Double Cheeseburger,$4.59,440 Cal,"2855 north main street, walnut creek, ca, 94597, us",2855 North Main Street
Bacon Cheeseburger,$3.59,340 Cal,"2855 north main street, walnut creek, ca, 94597, us",2855 North Main Street
Double Cheeseburger,$3.79,400 Cal,"2855 north main street, walnut creek, ca, 94597, us",2855 North Main Street
Cheeseburger,$3.29,290 Cal,"2855 north main street, walnut creek, ca, 94597, us",2855 North Main Street
Rodeo Burger,$3.29,340 Cal,"2855 north main street, walnut creek, ca, 94597, us",2855 North Main Street
Hamburger,$2.89,250 Cal,"2855 north main street, walnut creek, ca, 94597, us",2855 North Main Street
Have-sies™,$4.39,380 Cal,"2855 north main street, walnut creek, ca, 94597, us",2855 North Main Street
French Fries,$4.09,370 Cal,"2855 north main street, walnut creek, ca, 94597, us",2855 North Main Street
Onion Rings,$4.09,360 Cal,"2855 north main street, walnut creek, ca, 94597, us",2855 North Main Street
Fiery Chicken Fries,$4.99,260 Cal,"2855 north main street, walnut creek, ca, 94597, us",2855 North Main Street
Fiery Mozzarella Fries,$5.29,450 Cal,"2855 north main street, walnut creek, ca, 94597, us",2855 North Main Street
Chicken Fries,$4.99,220 Cal,"2855 north main street, walnut creek, ca, 94597, us",2855 North Main Street
Mozzarella Fries,$4.99,480 Cal,"2855 north main street, walnut creek, ca, 94597, us",2855 North Main Street
Chicken Nuggets,$2.99,390 Cal,"2855 north main street, walnut creek, ca, 94597, us",2855 North Main Street
Mott's® Applesauce,$1.49,50 Cal,"2855 north main street, walnut creek, ca, 94597, us",2855 North Main Street
Crispy Tacos,$1.99,170 Cal,"2855 north main street, walnut creek, ca, 94597, us",2855 North Main Street
Fiery Bacon Whopper®,$8.99,800 Cal,"2955 north bellflower boulevard, long beach, ca, 90815, us",2955 North Bellflower Boulevard
Whopper,$7.99,670 Cal,"2955 north bellflower boulevard, long beach, ca, 90815, us",2955 North Bellflower Boulevard
Impossible™ Whopper,$8.49,630 Cal,"2955 north bellflower boulevard, long beach, ca, 90815, us",2955 North Bellflower Boulevard
Texas Double Whopper,$10.29,"1,090 Cal","2955 north bellflower boulevard, long beach, ca, 90815, us",2955 North Bellflower Boulevard
Double Whopper,$9.19,920 Cal,"2955 north bellflower boulevard, long beach, ca, 90815, us",2955 North Bellflower Boulevard
Triple Whopper,$10.39,"1,170 Cal","2955 north bellflower boulevard, long beach, ca, 90815, us",2955 North Bellflower Boulevard
Bacon King,$9.49,"1,200 Cal","2955 north bellflower boulevard, long beach, ca, 90815, us",2955 North Bellflower Boulevard
BBQ Bacon Whopper Jr.,$4.79,390 Cal,"2955 north bellflower boulevard, long beach, ca, 90815, us",2955 North Bellflower Boulevard
Double Whopper Jr.,$5.59,447 Cal,"2955 north bellflower boulevard, long beach, ca, 90815, us",2955 North Bellflower Boulevard
Whopper Jr.,$4.59,330 Cal,"2955 north bellflower boulevard, long beach, ca, 90815, us",2955 North Bellflower Boulevard
Bacon Double Cheeseburger,$4.39,440 Cal,"2955 north bellflower boulevard, long beach, ca, 90815, us",2955 North Bellflower Boulevard
Bacon Cheeseburger,$3.29,340 Cal,"2955 north bellflower boulevard, long beach, ca, 90815, us",2955 North Bellflower Boulevard
Double Cheeseburger,$3.59,400 Cal,"2955 north bellflower boulevard, long beach, ca, 90815, us",2955 North Bellflower Boulevard
Cheeseburger,$2.79,290 Cal,"2955 north bellflower boulevard, long beach, ca, 90815, us",2955 North Bellflower Boulevard
Rodeo Burger,$2.79,340 Cal,"2955 north bellflower boulevard, long beach, ca, 90815, us",2955 North Bellflower Boulevard
Hamburger,$2.19,250 Cal,"2955 north bellflower boulevard, long beach, ca, 90815, us",2955 North Bellflower Boulevard
Have-sies™,$3.79,380 Cal,"2955 north bellflower boulevard, long beach, ca, 90815, us",2955 North Bellflower Boulevard
French Fries,$3.99,370 Cal,"2955 north bellflower boulevard, long beach, ca, 90815, us",2955 North Bellflower Boulevard
Onion Rings,$3.99,360 Cal,"2955 north bellflower boulevard, long beach, ca, 90815, us",2955 North Bellflower Boulevard
Fiery Chicken Fries,$2.49,260 Cal,"2955 north bellflower boulevard, long beach, ca, 90815, us",2955 North Bellflower Boulevard
Fiery Mozzarella Fries,$4.89,450 Cal,"2955 north bellflower boulevard, long beach, ca, 90815, us",2955 North Bellflower Boulevard
Chicken Fries,$4.99,220 Cal,"2955 north bellflower boulevard, long beach, ca, 90815, us",2955 North Bellflower Boulevard
Mozzarella Fries,$4.89,480 Cal,"2955 north bellflower boulevard, long beach, ca, 90815, us",2955 North Bellflower Boulevard
Chicken Nuggets,$3.49,390 Cal,"2955 north bellflower boulevard, long beach, ca, 90815, us",2955 North Bellflower Boulevard
Mott's® Applesauce,$2.29,50 Cal,"2955 north bellflower boulevard, long beach, ca, 90815, us",2955 North Bellflower Boulevard
Crispy Tacos,$2.09,170 Cal,"2955 north bellflower boulevard, long beach, ca, 90815, us",2955 North Bellflower Boulevard
Fiery Bacon Whopper®,$9.59,800 Cal,"29671 mission blvd., hayward, ca, 94544, us",29671 Mission Blvd.
Whopper,$7.99,670 Cal,"29671 mission blvd., hayward, ca, 94544, us",29671 Mission Blvd.
Impossible™ Whopper,$9.39,630 Cal,"29671 mission blvd., hayward, ca, 94544, us",29671 Mission Blvd.
Texas Double Whopper,$11.59,"1,090 Cal","29671 mission blvd., hayward, ca, 94544, us",29671 Mission Blvd.
Double Whopper,$9.99,920 Cal,"29671 mission blvd., hayward, ca, 94544, us",29671 Mission Blvd.
Triple Whopper,$11.99,"1,170 Cal","29671 mission blvd., hayward, ca, 94544, us",29671 Mission Blvd.
Bacon King,$10.99,"1,200 Cal","29671 mission blvd., hayward, ca, 94544, us",29671 Mission Blvd.
BBQ Bacon Whopper Jr.,$5.59,390 Cal,"29671 mission blvd., hayward, ca, 94544, us",29671 Mission Blvd.
Double Whopper Jr.,$4.59,447 Cal,"29671 mission blvd., hayward, ca, 94544, us",29671 Mission Blvd.
Whopper Jr.,$4.59,330 Cal,"29671 mission blvd., hayward, ca, 94544, us",29671 Mission Blvd.
Bacon Double Cheeseburger,$4.99,440 Cal,"29671 mission blvd., hayward, ca, 94544, us",29671 Mission Blvd.
Bacon Cheeseburger,$3.99,340 Cal,"29671 mission blvd., hayward, ca, 94544, us",29671 Mission Blvd.
Double Cheeseburger,$3.99,400 Cal,"29671 mission blvd., hayward, ca, 94544, us",29671 Mission Blvd.
Cheeseburger,$2.99,290 Cal,"29671 mission blvd., hayward, ca, 94544, us",29671 Mission Blvd.
Rodeo Burger,$2.99,340 Cal,"29671 mission blvd., hayward, ca, 94544, us",29671 Mission Blvd.
Hamburger,$2.59,250 Cal,"29671 mission blvd., hayward, ca, 94544, us",29671 Mission Blvd.
Have-sies™,$4.99,380 Cal,"29671 mission blvd., hayward, ca, 94544, us",29671 Mission Blvd.
French Fries,$4.19,370 Cal,"29671 mission blvd., hayward, ca, 94544, us",29671 Mission Blvd.
Onion Rings,$4.99,360 Cal,"29671 mission blvd., hayward, ca, 94544, us",29671 Mission Blvd.
Fiery Chicken Fries,$6.49,260 Cal,"29671 mission blvd., hayward, ca, 94544, us",29671 Mission Blvd.
Fiery Mozzarella Fries,$4.99,450 Cal,"29671 mission blvd., hayward, ca, 94544, us",29671 Mission Blvd.
Chicken Fries,$6.49,220 Cal,"29671 mission blvd., hayward, ca, 94544, us",29671 Mission Blvd.
Mozzarella Fries,$4.99,480 Cal,"29671 mission blvd., hayward, ca, 94544, us",29671 Mission Blvd.
Chicken Nuggets,$2.99,390 Cal,"29671 mission blvd., hayward, ca, 94544, us",29671 Mission Blvd.
Mott's® Applesauce,$2.29,50 Cal,"29671 mission blvd., hayward, ca, 94544, us",29671 Mission Blvd.
Fiery Bacon Whopper®,$8.99,800 Cal,"3235 west little league drive, san bernardino, ca, 92407, us",3235 West Little League Drive
Whopper,$7.99,670 Cal,"3235 west little league drive, san bernardino, ca, 92407, us",3235 West Little League Drive
Impossible™ Whopper,$8.49,630 Cal,"3235 west little league drive, san bernardino, ca, 92407, us",3235 West Little League Drive
Texas Double Whopper,$10.29,"1,090 Cal","3235 west little league drive, san bernardino, ca, 92407, us",3235 West Little League Drive
Double Whopper,$9.19,920 Cal,"3235 west little league drive, san bernardino, ca, 92407, us",3235 West Little League Drive
Triple Whopper,$10.39,"1,170 Cal","3235 west little league drive, san bernardino, ca, 92407, us",3235 West Little League Drive
Bacon King,$9.49,"1,200 Cal","3235 west little league drive, san bernardino, ca, 92407, us",3235 West Little League Drive
BBQ Bacon Whopper Jr.,$4.79,390 Cal,"3235 west little league drive, san bernardino, ca, 92407, us",3235 West Little League Drive
Double Whopper Jr.,$5.99,447 Cal,"3235 west little league drive, san bernardino, ca, 92407, us",3235 West Little League Drive
Whopper Jr.,$4.59,330 Cal,"3235 west little league drive, san bernardino, ca, 92407, us",3235 West Little League Drive
Bacon Double Cheeseburger,$4.39,440 Cal,"3235 west little league drive, san bernardino, ca, 92407, us",3235 West Little League Drive
Bacon Cheeseburger,$3.19,340 Cal,"3235 west little league drive, san bernardino, ca, 92407, us",3235 West Little League Drive
Double Cheeseburger,$3.59,400 Cal,"3235 west little league drive, san bernardino, ca, 92407, us",3235 West Little League Drive
Cheeseburger,$2.79,290 Cal,"3235 west little league drive, san bernardino, ca, 92407, us",3235 West Little League Drive
Rodeo Burger,$2.79,340 Cal,"3235 west little league drive, san bernardino, ca, 92407, us",3235 West Little League Drive
Hamburger,$1.89,250 Cal,"3235 west little league drive, san bernardino, ca, 92407, us",3235 West Little League Drive
Have-sies™,$3.79,380 Cal,"3235 west little league drive, san bernardino, ca, 92407, us",3235 West Little League Drive
French Fries,$3.99,370 Cal,"3235 west little league drive, san bernardino, ca, 92407, us",3235 West Little League Drive
Onion Rings,$3.99,360 Cal,"3235 west little league drive, san bernardino, ca, 92407, us",3235 West Little League Drive
Fiery Chicken Fries,$4.89,260 Cal,"3235 west little league drive, san bernardino, ca, 92407, us",3235 West Little League Drive
Fiery Mozzarella Fries,$4.89,450 Cal,"3235 west little league drive, san bernardino, ca, 92407, us",3235 West Little League Drive
Chicken Fries,$4.99,220 Cal,"3235 west little league drive, san bernardino, ca, 92407, us",3235 West Little League Drive
Mozzarella Fries,$4.89,480 Cal,"3235 west little league drive, san bernardino, ca, 92407, us",3235 West Little League Drive
Chicken Nuggets,$3.49,390 Cal,"3235 west little league drive, san bernardino, ca, 92407, us",3235 West Little League Drive
Mott's® Applesauce,$2.29,50 Cal,"3235 west little league drive, san bernardino, ca, 92407, us",3235 West Little League Drive
Fiery Bacon Whopper®,$9.89,800 Cal,"329 north capital avenue, san jose, ca, 95133, us",329 North Capital Avenue
Whopper,$8.49,670 Cal,"329 north capital avenue, san jose, ca, 95133, us",329 North Capital Avenue
Impossible™ Whopper,$8.99,630 Cal,"329 north capital avenue, san jose, ca, 95133, us",329 North Capital Avenue
Texas Double Whopper,$10.49,"1,090 Cal","329 north capital avenue, san jose, ca, 95133, us",329 North Capital Avenue
Double Whopper,$9.49,920 Cal,"329 north capital avenue, san jose, ca, 95133, us",329 North Capital Avenue
Triple Whopper,$10.49,"1,170 Cal","329 north capital avenue, san jose, ca, 95133, us",329 North Capital Avenue
Bacon King,$9.19,"1,200 Cal","329 north capital avenue, san jose, ca, 95133, us",329 North Capital Avenue
BBQ Bacon Whopper Jr.,$6.49,390 Cal,"329 north capital avenue, san jose, ca, 95133, us",329 North Capital Avenue
Double Whopper Jr.,$6.29,447 Cal,"329 north capital avenue, san jose, ca, 95133, us",329 North Capital Avenue
Whopper Jr.,$4.69,330 Cal,"329 north capital avenue, san jose, ca, 95133, us",329 North Capital Avenue
Bacon Double Cheeseburger,$4.99,440 Cal,"329 north capital avenue, san jose, ca, 95133, us",329 North Capital Avenue
Bacon Cheeseburger,$3.99,340 Cal,"329 north capital avenue, san jose, ca, 95133, us",329 North Capital Avenue
Double Cheeseburger,$3.99,400 Cal,"329 north capital avenue, san jose, ca, 95133, us",329 North Capital Avenue
Cheeseburger,$2.99,290 Cal,"329 north capital avenue, san jose, ca, 95133, us",329 North Capital Avenue
Rodeo Burger,$3.99,340 Cal,"329 north capital avenue, san jose, ca, 95133, us",329 North Capital Avenue
Hamburger,$2.79,250 Cal,"329 north capital avenue, san jose, ca, 95133, us",329 North Capital Avenue
Have-sies™,$4.39,380 Cal,"329 north capital avenue, san jose, ca, 95133, us",329 North Capital Avenue
French Fries,$4.39,370 Cal,"329 north capital avenue, san jose, ca, 95133, us",329 North Capital Avenue
Onion Rings,$4.39,360 Cal,"329 north capital avenue, san jose, ca, 95133, us",329 North Capital Avenue
Fiery Chicken Fries,$6.49,260 Cal,"329 north capital avenue, san jose, ca, 95133, us",329 North Capital Avenue
Chicken Fries,$6.49,220 Cal,"329 north capital avenue, san jose, ca, 95133, us",329 North Capital Avenue
Mozzarella Fries,$4.99,480 Cal,"329 north capital avenue, san jose, ca, 95133, us",329 North Capital Avenue
Chicken Nuggets,$2.99,390 Cal,"329 north capital avenue, san jose, ca, 95133, us",329 North Capital Avenue
Crispy Tacos,$1.50,170 Cal,"329 north capital avenue, san jose, ca, 95133, us",329 North Capital Avenue
Fiery Bacon Whopper®,$8.59,800 Cal,"3399 port chicago hwy, concord, ca, 94520, us",677 Contra Costa Boulevard
Whopper,$7.49,670 Cal,"3399 port chicago hwy, concord, ca, 94520, us",677 Contra Costa Boulevard
Impossible™ Whopper,$7.99,630 Cal,"3399 port chicago hwy, concord, ca, 94520, us",677 Contra Costa Boulevard
Texas Double Whopper,$9.89,"1,090 Cal","3399 port chicago hwy, concord, ca, 94520, us",677 Contra Costa Boulevard
Double Whopper,$8.49,920 Cal,"3399 port chicago hwy, concord, ca, 94520, us",677 Contra Costa Boulevard
Triple Whopper,$9.49,"1,170 Cal","3399 port chicago hwy, concord, ca, 94520, us",677 Contra Costa Boulevard
Bacon King,$10.39,"1,200 Cal","3399 port chicago hwy, concord, ca, 94520, us",677 Contra Costa Boulevard
BBQ Bacon Whopper Jr.,$5.79,390 Cal,"3399 port chicago hwy, concord, ca, 94520, us",677 Contra Costa Boulevard
Double Whopper Jr.,$5.19,447 Cal,"3399 port chicago hwy, concord, ca, 94520, us",677 Contra Costa Boulevard
Whopper Jr.,$4.19,330 Cal,"3399 port chicago hwy, concord, ca, 94520, us",677 Contra Costa Boulevard
Bacon Double Cheeseburger,$4.59,440 Cal,"3399 port chicago hwy, concord, ca, 94520, us",677 Contra Costa Boulevard
Bacon Cheeseburger,$3.59,340 Cal,"3399 port chicago hwy, concord, ca, 94520, us",677 Contra Costa Boulevard
Double Cheeseburger,$3.79,400 Cal,"3399 port chicago hwy, concord, ca, 94520, us",677 Contra Costa Boulevard
Cheeseburger,$3.29,290 Cal,"3399 port chicago hwy, concord, ca, 94520, us",677 Contra Costa Boulevard
Rodeo Burger,$3.29,340 Cal,"3399 port chicago hwy, concord, ca, 94520, us",677 Contra Costa Boulevard
Hamburger,$2.89,250 Cal,"3399 port chicago hwy, concord, ca, 94520, us",677 Contra Costa Boulevard
Have-sies™,$4.39,380 Cal,"3399 port chicago hwy, concord, ca, 94520, us",677 Contra Costa Boulevard
French Fries,$4.09,370 Cal,"3399 port chicago hwy, concord, ca, 94520, us",677 Contra Costa Boulevard
Onion Rings,$4.09,360 Cal,"3399 port chicago hwy, concord, ca, 94520, us",677 Contra Costa Boulevard
Fiery Chicken Fries,$4.99,260 Cal,"3399 port chicago hwy, concord, ca, 94520, us",677 Contra Costa Boulevard
Fiery Mozzarella Fries,$5.29,450 Cal,"3399 port chicago hwy, concord, ca, 94520, us",677 Contra Costa Boulevard
Chicken Fries,$4.99,220 Cal,"3399 port chicago hwy, concord, ca, 94520, us",677 Contra Costa Boulevard
Mozzarella Fries,$4.99,480 Cal,"3399 port chicago hwy, concord, ca, 94520, us",677 Contra Costa Boulevard
Chicken Nuggets,$2.99,390 Cal,"3399 port chicago hwy, concord, ca, 94520, us",677 Contra Costa Boulevard
Mott's® Applesauce,$1.49,50 Cal,"3399 port chicago hwy, concord, ca, 94520, us",677 Contra Costa Boulevard
Crispy Tacos,$1.99,170 Cal,"3399 port chicago hwy, concord, ca, 94520, us",677 Contra Costa Boulevard
Fiery Bacon Whopper®,$9.89,800 Cal,"34943, newark, ca, 94560, us",34943 Newark Boulevard
Whopper,$8.49,670 Cal,"34943, newark, ca, 94560, us",34943 Newark Boulevard
Impossible™ Whopper,$8.99,630 Cal,"34943, newark, ca, 94560, us",34943 Newark Boulevard
Texas Double Whopper,$10.49,"1,090 Cal","34943, newark, ca, 94560, us",34943 Newark Boulevard
Double Whopper,$9.49,920 Cal,"34943, newark, ca, 94560, us",34943 Newark Boulevard
Triple Whopper,$10.49,"1,170 Cal","34943, newark, ca, 94560, us",34943 Newark Boulevard
Bacon King,$9.19,"1,200 Cal","34943, newark, ca, 94560, us",34943 Newark Boulevard
BBQ Bacon Whopper Jr.,$6.49,390 Cal,"34943, newark, ca, 94560, us",34943 Newark Boulevard
Double Whopper Jr.,$6.29,447 Cal,"34943, newark, ca, 94560, us",34943 Newark Boulevard
Whopper Jr.,$4.69,330 Cal,"34943, newark, ca, 94560, us",34943 Newark Boulevard
Bacon Double Cheeseburger,$4.99,440 Cal,"34943, newark, ca, 94560, us",34943 Newark Boulevard
Bacon Cheeseburger,$3.99,340 Cal,"34943, newark, ca, 94560, us",34943 Newark Boulevard
Double Cheeseburger,$3.99,400 Cal,"34943, newark, ca, 94560, us",34943 Newark Boulevard
Cheeseburger,$2.99,290 Cal,"34943, newark, ca, 94560, us",34943 Newark Boulevard
Rodeo Burger,$3.99,340 Cal,"34943, newark, ca, 94560, us",34943 Newark Boulevard
Hamburger,$2.79,250 Cal,"34943, newark, ca, 94560, us",34943 Newark Boulevard
Have-sies™,$4.39,380 Cal,"34943, newark, ca, 94560, us",34943 Newark Boulevard
French Fries,$4.39,370 Cal,"34943, newark, ca, 94560, us",34943 Newark Boulevard
Onion Rings,$4.39,360 Cal,"34943, newark, ca, 94560, us",34943 Newark Boulevard
Chicken Fries,$6.49,220 Cal,"34943, newark, ca, 94560, us",34943 Newark Boulevard
Mozzarella Fries,$4.99,480 Cal,"34943, newark, ca, 94560, us",34943 Newark Boulevard
Chicken Nuggets,$2.99,390 Cal,"34943, newark, ca, 94560, us",34943 Newark Boulevard
Crispy Tacos,$1.50,170 Cal,"34943, newark, ca, 94560, us",34943 Newark Boulevard
Fiery Bacon Whopper®,$9.59,800 Cal,"35 powell street, san francisco, ca, 94102, us",35 Powell Street
Whopper,$7.99,670 Cal,"35 powell street, san francisco, ca, 94102, us",35 Powell Street
Impossible™ Whopper,$8.99,630 Cal,"35 powell street, san francisco, ca, 94102, us",35 Powell Street
Texas Double Whopper,$10.79,"1,090 Cal","35 powell street, san francisco, ca, 94102, us",35 Powell Street
Double Whopper,$9.49,920 Cal,"35 powell street, san francisco, ca, 94102, us",35 Powell Street
Triple Whopper,$10.49,"1,170 Cal","35 powell street, san francisco, ca, 94102, us",35 Powell Street
Bacon King,$9.99,"1,200 Cal","35 powell street, san francisco, ca, 94102, us",35 Powell Street
BBQ Bacon Whopper Jr.,$5.49,390 Cal,"35 powell street, san francisco, ca, 94102, us",35 Powell Street
Double Whopper Jr.,$4.99,447 Cal,"35 powell street, san francisco, ca, 94102, us",35 Powell Street
Whopper Jr.,$4.49,330 Cal,"35 powell street, san francisco, ca, 94102, us",35 Powell Street
Bacon Double Cheeseburger,$5.99,440 Cal,"35 powell street, san francisco, ca, 94102, us",35 Powell Street
Bacon Cheeseburger,$3.99,340 Cal,"35 powell street, san francisco, ca, 94102, us",35 Powell Street
Double Cheeseburger,$3.99,400 Cal,"35 powell street, san francisco, ca, 94102, us",35 Powell Street
Cheeseburger,$3.99,290 Cal,"35 powell street, san francisco, ca, 94102, us",35 Powell Street
Rodeo Burger,$3.49,340 Cal,"35 powell street, san francisco, ca, 94102, us",35 Powell Street
Hamburger,$3.59,250 Cal,"35 powell street, san francisco, ca, 94102, us",35 Powell Street
Have-sies™,$4.99,380 Cal,"35 powell street, san francisco, ca, 94102, us",35 Powell Street
French Fries,$4.69,370 Cal,"35 powell street, san francisco, ca, 94102, us",35 Powell Street
Onion Rings,$4.79,360 Cal,"35 powell street, san francisco, ca, 94102, us",35 Powell Street
Fiery Chicken Fries,$5.99,260 Cal,"35 powell street, san francisco, ca, 94102, us",35 Powell Street
Fiery Mozzarella Fries,$5.99,450 Cal,"35 powell street, san francisco, ca, 94102, us",35 Powell Street
Chicken Fries,$5.99,220 Cal,"35 powell street, san francisco, ca, 94102, us",35 Powell Street
Mozzarella Fries,$4.99,480 Cal,"35 powell street, san francisco, ca, 94102, us",35 Powell Street
Chicken Nuggets,$2.99,390 Cal,"35 powell street, san francisco, ca, 94102, us",35 Powell Street
Crispy Tacos,$3.29,170 Cal,"35 powell street, san francisco, ca, 94102, us",35 Powell Street
Fiery Bacon Whopper®,$9.49,800 Cal,"3606 sonoma boulevard, vallejo, ca, 94590, us",3606 Sonoma Boulevard
Whopper,$7.69,670 Cal,"3606 sonoma boulevard, vallejo, ca, 94590, us",3606 Sonoma Boulevard
Impossible™ Whopper,$8.59,630 Cal,"3606 sonoma boulevard, vallejo, ca, 94590, us",3606 Sonoma Boulevard
Texas Double Whopper,$10.69,"1,090 Cal","3606 sonoma boulevard, vallejo, ca, 94590, us",3606 Sonoma Boulevard
Double Whopper,$9.09,920 Cal,"3606 sonoma boulevard, vallejo, ca, 94590, us",3606 Sonoma Boulevard
Triple Whopper,$10.09,"1,170 Cal","3606 sonoma boulevard, vallejo, ca, 94590, us",3606 Sonoma Boulevard
Bacon King,$10.19,"1,200 Cal","3606 sonoma boulevard, vallejo, ca, 94590, us",3606 Sonoma Boulevard
BBQ Bacon Whopper Jr.,$4.59,390 Cal,"3606 sonoma boulevard, vallejo, ca, 94590, us",3606 Sonoma Boulevard
Double Whopper Jr.,$5.29,447 Cal,"3606 sonoma boulevard, vallejo, ca, 94590, us",3606 Sonoma Boulevard
Whopper Jr.,$4.29,330 Cal,"3606 sonoma boulevard, vallejo, ca, 94590, us",3606 Sonoma Boulevard
Bacon Double Cheeseburger,$4.79,440 Cal,"3606 sonoma boulevard, vallejo, ca, 94590, us",3606 Sonoma Boulevard
Bacon Cheeseburger,$3.79,340 Cal,"3606 sonoma boulevard, vallejo, ca, 94590, us",3606 Sonoma Boulevard
Double Cheeseburger,$3.99,400 Cal,"3606 sonoma boulevard, vallejo, ca, 94590, us",3606 Sonoma Boulevard
Cheeseburger,$3.19,290 Cal,"3606 sonoma boulevard, vallejo, ca, 94590, us",3606 Sonoma Boulevard
Rodeo Burger,$3.19,340 Cal,"3606 sonoma boulevard, vallejo, ca, 94590, us",3606 Sonoma Boulevard
Hamburger,$2.79,250 Cal,"3606 sonoma boulevard, vallejo, ca, 94590, us",3606 Sonoma Boulevard
Have-sies™,$3.89,380 Cal,"3606 sonoma boulevard, vallejo, ca, 94590, us",3606 Sonoma Boulevard
French Fries,$3.79,370 Cal,"3606 sonoma boulevard, vallejo, ca, 94590, us",3606 Sonoma Boulevard
Onion Rings,$3.99,360 Cal,"3606 sonoma boulevard, vallejo, ca, 94590, us",3606 Sonoma Boulevard
Fiery Chicken Fries,$4.89,260 Cal,"3606 sonoma boulevard, vallejo, ca, 94590, us",3606 Sonoma Boulevard
Chicken Fries,$4.89,220 Cal,"3606 sonoma boulevard, vallejo, ca, 94590, us",3606 Sonoma Boulevard
Mozzarella Fries,$3.79,480 Cal,"3606 sonoma boulevard, vallejo, ca, 94590, us",3606 Sonoma Boulevard
Chicken Nuggets,$2.99,390 Cal,"3606 sonoma boulevard, vallejo, ca, 94590, us",3606 Sonoma Boulevard
Mott's® Applesauce,$1.79,50 Cal,"3606 sonoma boulevard, vallejo, ca, 94590, us",3606 Sonoma Boulevard
Crispy Tacos,$1.69,170 Cal,"3606 sonoma boulevard, vallejo, ca, 94590, us",3606 Sonoma Boulevard
Fiery Bacon Whopper®,$8.99,800 Cal,"3630 tyler street, riverside, ca, 92505, us",3630 Tyler Street
Whopper,$7.99,670 Cal,"3630 tyler street, riverside, ca, 92505, us",3630 Tyler Street
Impossible™ Whopper,$8.49,630 Cal,"3630 tyler street, riverside, ca, 92505, us",3630 Tyler Street
Texas Double Whopper,$10.29,"1,090 Cal","3630 tyler street, riverside, ca, 92505, us",3630 Tyler Street
Double Whopper,$9.19,920 Cal,"3630 tyler street, riverside, ca, 92505, us",3630 Tyler Street
Triple Whopper,$10.39,"1,170 Cal","3630 tyler street, riverside, ca, 92505, us",3630 Tyler Street
Bacon King,$9.49,"1,200 Cal","3630 tyler street, riverside, ca, 92505, us",3630 Tyler Street
BBQ Bacon Whopper Jr.,$4.79,390 Cal,"3630 tyler street, riverside, ca, 92505, us",3630 Tyler Street
Double Whopper Jr.,$5.59,447 Cal,"3630 tyler street, riverside, ca, 92505, us",3630 Tyler Street
Whopper Jr.,$4.59,330 Cal,"3630 tyler street, riverside, ca, 92505, us",3630 Tyler Street
Bacon Double Cheeseburger,$4.39,440 Cal,"3630 tyler street, riverside, ca, 92505, us",3630 Tyler Street
Bacon Cheeseburger,$3.29,340 Cal,"3630 tyler street, riverside, ca, 92505, us",3630 Tyler Street
Double Cheeseburger,$3.59,400 Cal,"3630 tyler street, riverside, ca, 92505, us",3630 Tyler Street
Cheeseburger,$2.79,290 Cal,"3630 tyler street, riverside, ca, 92505, us",3630 Tyler Street
Rodeo Burger,$2.79,340 Cal,"3630 tyler street, riverside, ca, 92505, us",3630 Tyler Street
Hamburger,$2.19,250 Cal,"3630 tyler street, riverside, ca, 92505, us",3630 Tyler Street
Have-sies™,$3.79,380 Cal,"3630 tyler street, riverside, ca, 92505, us",3630 Tyler Street
French Fries,$3.99,370 Cal,"3630 tyler street, riverside, ca, 92505, us",3630 Tyler Street
Onion Rings,$3.99,360 Cal,"3630 tyler street, riverside, ca, 92505, us",3630 Tyler Street
Fiery Chicken Fries,$4.89,260 Cal,"3630 tyler street, riverside, ca, 92505, us",3630 Tyler Street
Fiery Mozzarella Fries,$4.89,450 Cal,"3630 tyler street, riverside, ca, 92505, us",3630 Tyler Street
Chicken Fries,$4.99,220 Cal,"3630 tyler street, riverside, ca, 92505, us",3630 Tyler Street
Mozzarella Fries,$4.89,480 Cal,"3630 tyler street, riverside, ca, 92505, us",3630 Tyler Street
Chicken Nuggets,$2.99,390 Cal,"3630 tyler street, riverside, ca, 92505, us",3630 Tyler Street
Mott's® Applesauce,$2.29,50 Cal,"3630 tyler street, riverside, ca, 92505, us",3630 Tyler Street
Crispy Tacos,$2.09,170 Cal,"3630 tyler street, riverside, ca, 92505, us",3630 Tyler Street
Fiery Bacon Whopper®,$9.39,800 Cal,"3676 market street, san diego, ca, 92102, us",3676 Market Street
Whopper,$7.09,670 Cal,"3676 market street, san diego, ca, 92102, us",3676 Market Street
Impossible™ Whopper,$8.29,630 Cal,"3676 market street, san diego, ca, 92102, us",3676 Market Street
Texas Double Whopper,$10.29,"1,090 Cal","3676 market street, san diego, ca, 92102, us",3676 Market Street
Double Whopper,$8.59,920 Cal,"3676 market street, san diego, ca, 92102, us",3676 Market Street
Triple Whopper,$10.09,"1,170 Cal","3676 market street, san diego, ca, 92102, us",3676 Market Street
Bacon King,$8.99,"1,200 Cal","3676 market street, san diego, ca, 92102, us",3676 Market Street
Double Whopper Jr.,$5.09,447 Cal,"3676 market street, san diego, ca, 92102, us",3676 Market Street
Whopper Jr.,$3.69,330 Cal,"3676 market street, san diego, ca, 92102, us",3676 Market Street
Bacon Double Cheeseburger,$4.99,440 Cal,"3676 market street, san diego, ca, 92102, us",3676 Market Street
Bacon Cheeseburger,$3.99,340 Cal,"3676 market street, san diego, ca, 92102, us",3676 Market Street
Double Cheeseburger,$3.99,400 Cal,"3676 market street, san diego, ca, 92102, us",3676 Market Street
Cheeseburger,$3.29,290 Cal,"3676 market street, san diego, ca, 92102, us",3676 Market Street
Rodeo Burger,$3.39,340 Cal,"3676 market street, san diego, ca, 92102, us",3676 Market Street
Hamburger,$2.99,250 Cal,"3676 market street, san diego, ca, 92102, us",3676 Market Street
Have-sies™,$3.99,380 Cal,"3676 market street, san diego, ca, 92102, us",3676 Market Street
French Fries,$3.99,370 Cal,"3676 market street, san diego, ca, 92102, us",3676 Market Street
Onion Rings,$3.99,360 Cal,"3676 market street, san diego, ca, 92102, us",3676 Market Street
Fiery Chicken Fries,$4.49,260 Cal,"3676 market street, san diego, ca, 92102, us",3676 Market Street
Chicken Fries,$4.49,220 Cal,"3676 market street, san diego, ca, 92102, us",3676 Market Street
Mozzarella Fries,$4.49,480 Cal,"3676 market street, san diego, ca, 92102, us",3676 Market Street
Chicken Nuggets,$3.49,390 Cal,"3676 market street, san diego, ca, 92102, us",3676 Market Street
Mott's® Applesauce,$1.59,50 Cal,"3676 market street, san diego, ca, 92102, us",3676 Market Street
Fiery Bacon Whopper®,$8.99,800 Cal,"3747 rosecrans street, san diego, ca, 92110, us",3747 Rosecrans Street
Whopper,$7.99,670 Cal,"3747 rosecrans street, san diego, ca, 92110, us",3747 Rosecrans Street
Impossible™ Whopper,$8.49,630 Cal,"3747 rosecrans street, san diego, ca, 92110, us",3747 Rosecrans Street
Texas Double Whopper,$10.29,"1,090 Cal","3747 rosecrans street, san diego, ca, 92110, us",3747 Rosecrans Street
Double Whopper,$9.19,920 Cal,"3747 rosecrans street, san diego, ca, 92110, us",3747 Rosecrans Street
Triple Whopper,$10.39,"1,170 Cal","3747 rosecrans street, san diego, ca, 92110, us",3747 Rosecrans Street
Bacon King,$9.49,"1,200 Cal","3747 rosecrans street, san diego, ca, 92110, us",3747 Rosecrans Street
BBQ Bacon Whopper Jr.,$4.79,390 Cal,"3747 rosecrans street, san diego, ca, 92110, us",3747 Rosecrans Street
Double Whopper Jr.,$5.99,447 Cal,"3747 rosecrans street, san diego, ca, 92110, us",3747 Rosecrans Street
Whopper Jr.,$4.59,330 Cal,"3747 rosecrans street, san diego, ca, 92110, us",3747 Rosecrans Street
Bacon Double Cheeseburger,$4.39,440 Cal,"3747 rosecrans street, san diego, ca, 92110, us",3747 Rosecrans Street
Bacon Cheeseburger,$3.19,340 Cal,"3747 rosecrans street, san diego, ca, 92110, us",3747 Rosecrans Street
Double Cheeseburger,$3.59,400 Cal,"3747 rosecrans street, san diego, ca, 92110, us",3747 Rosecrans Street
Cheeseburger,$2.79,290 Cal,"3747 rosecrans street, san diego, ca, 92110, us",3747 Rosecrans Street
Rodeo Burger,$2.79,340 Cal,"3747 rosecrans street, san diego, ca, 92110, us",3747 Rosecrans Street
Hamburger,$1.89,250 Cal,"3747 rosecrans street, san diego, ca, 92110, us",3747 Rosecrans Street
Have-sies™,$3.79,380 Cal,"3747 rosecrans street, san diego, ca, 92110, us",3747 Rosecrans Street
French Fries,$3.99,370 Cal,"3747 rosecrans street, san diego, ca, 92110, us",3747 Rosecrans Street
Onion Rings,$3.99,360 Cal,"3747 rosecrans street, san diego, ca, 92110, us",3747 Rosecrans Street
Fiery Chicken Fries,$4.89,260 Cal,"3747 rosecrans street, san diego, ca, 92110, us",3747 Rosecrans Street
Fiery Mozzarella Fries,$4.89,450 Cal,"3747 rosecrans street, san diego, ca, 92110, us",3747 Rosecrans Street
Chicken Fries,$4.99,220 Cal,"3747 rosecrans street, san diego, ca, 92110, us",3747 Rosecrans Street
Mozzarella Fries,$4.89,480 Cal,"3747 rosecrans street, san diego, ca, 92110, us",3747 Rosecrans Street
Chicken Nuggets,$3.49,390 Cal,"3747 rosecrans street, san diego, ca, 92110, us",3747 Rosecrans Street
Mott's® Applesauce,$2.29,50 Cal,"3747 rosecrans street, san diego, ca, 92110, us",3747 Rosecrans Street
Fiery Bacon Whopper®,$10.69,800 Cal,"3750 el camino real, santa clara, ca, 95051, us",3750 El Camino Real
Whopper,$8.09,670 Cal,"3750 el camino real, santa clara, ca, 95051, us",3750 El Camino Real
Impossible™ Whopper,$9.09,630 Cal,"3750 el camino real, santa clara, ca, 95051, us",3750 El Camino Real
Texas Double Whopper,$11.09,"1,090 Cal","3750 el camino real, santa clara, ca, 95051, us",3750 El Camino Real
Double Whopper,$9.09,920 Cal,"3750 el camino real, santa clara, ca, 95051, us",3750 El Camino Real
Triple Whopper,$10.09,"1,170 Cal","3750 el camino real, santa clara, ca, 95051, us",3750 El Camino Real
Bacon King,$10.59,"1,200 Cal","3750 el camino real, santa clara, ca, 95051, us",3750 El Camino Real
BBQ Bacon Whopper Jr.,$7.69,390 Cal,"3750 el camino real, santa clara, ca, 95051, us",3750 El Camino Real
Double Whopper Jr.,$7.09,447 Cal,"3750 el camino real, santa clara, ca, 95051, us",3750 El Camino Real
Whopper Jr.,$6.09,330 Cal,"3750 el camino real, santa clara, ca, 95051, us",3750 El Camino Real
Bacon Double Cheeseburger,$5.49,440 Cal,"3750 el camino real, santa clara, ca, 95051, us",3750 El Camino Real
Bacon Cheeseburger,$3.49,340 Cal,"3750 el camino real, santa clara, ca, 95051, us",3750 El Camino Real
Double Cheeseburger,$3.99,400 Cal,"3750 el camino real, santa clara, ca, 95051, us",3750 El Camino Real
Cheeseburger,$2.99,290 Cal,"3750 el camino real, santa clara, ca, 95051, us",3750 El Camino Real
Rodeo Burger,$3.49,340 Cal,"3750 el camino real, santa clara, ca, 95051, us",3750 El Camino Real
Hamburger,$1.99,250 Cal,"3750 el camino real, santa clara, ca, 95051, us",3750 El Camino Real
Have-sies™,$2.79,380 Cal,"3750 el camino real, santa clara, ca, 95051, us",3750 El Camino Real
French Fries,$2.79,370 Cal,"3750 el camino real, santa clara, ca, 95051, us",3750 El Camino Real
Onion Rings,$2.79,360 Cal,"3750 el camino real, santa clara, ca, 95051, us",3750 El Camino Real
Fiery Chicken Fries,$5.79,260 Cal,"3750 el camino real, santa clara, ca, 95051, us",3750 El Camino Real
Chicken Fries,$5.69,220 Cal,"3750 el camino real, santa clara, ca, 95051, us",3750 El Camino Real
Mozzarella Fries,$4.29,480 Cal,"3750 el camino real, santa clara, ca, 95051, us",3750 El Camino Real
Chicken Nuggets,$2.99,390 Cal,"3750 el camino real, santa clara, ca, 95051, us",3750 El Camino Real
Mott's® Applesauce,$1.49,50 Cal,"3750 el camino real, santa clara, ca, 95051, us",3750 El Camino Real
Crispy Tacos,$1.19,170 Cal,"3750 el camino real, santa clara, ca, 95051, us",3750 El Camino Real
Fiery Bacon Whopper®,$8.99,800 Cal,"385 south kiely, san jose, ca, 95129, us",5154 Moorpark Avenue
Whopper,$7.99,670 Cal,"385 south kiely, san jose, ca, 95129, us",5154 Moorpark Avenue
Impossible™ Whopper,$9.09,630 Cal,"385 south kiely, san jose, ca, 95129, us",5154 Moorpark Avenue
Texas Double Whopper,$10.49,"1,090 Cal","385 south kiely, san jose, ca, 95129, us",5154 Moorpark Avenue
Double Whopper,$8.99,920 Cal,"385 south kiely, san jose, ca, 95129, us",5154 Moorpark Avenue
Triple Whopper,$9.99,"1,170 Cal","385 south kiely, san jose, ca, 95129, us",5154 Moorpark Avenue
Bacon King,$10.99,"1,200 Cal","385 south kiely, san jose, ca, 95129, us",5154 Moorpark Avenue
BBQ Bacon Whopper Jr.,$3.49,390 Cal,"385 south kiely, san jose, ca, 95129, us",5154 Moorpark Avenue
Double Whopper Jr.,$4.49,447 Cal,"385 south kiely, san jose, ca, 95129, us",5154 Moorpark Avenue
Whopper Jr.,$4.49,330 Cal,"385 south kiely, san jose, ca, 95129, us",5154 Moorpark Avenue
Bacon Double Cheeseburger,$3.29,440 Cal,"385 south kiely, san jose, ca, 95129, us",5154 Moorpark Avenue
Bacon Cheeseburger,$2.79,340 Cal,"385 south kiely, san jose, ca, 95129, us",5154 Moorpark Avenue
Double Cheeseburger,$2.99,400 Cal,"385 south kiely, san jose, ca, 95129, us",5154 Moorpark Avenue
Cheeseburger,$2.64,290 Cal,"385 south kiely, san jose, ca, 95129, us",5154 Moorpark Avenue
Rodeo Burger,$2.49,340 Cal,"385 south kiely, san jose, ca, 95129, us",5154 Moorpark Avenue
Hamburger,$2.29,250 Cal,"385 south kiely, san jose, ca, 95129, us",5154 Moorpark Avenue
Have-sies™,$4.89,380 Cal,"385 south kiely, san jose, ca, 95129, us",5154 Moorpark Avenue
French Fries,$4.69,370 Cal,"385 south kiely, san jose, ca, 95129, us",5154 Moorpark Avenue
Onion Rings,$4.69,360 Cal,"385 south kiely, san jose, ca, 95129, us",5154 Moorpark Avenue
Fiery Chicken Fries,$5.99,260 Cal,"385 south kiely, san jose, ca, 95129, us",5154 Moorpark Avenue
Fiery Mozzarella Fries,$5.99,450 Cal,"385 south kiely, san jose, ca, 95129, us",5154 Moorpark Avenue
Chicken Fries,$5.99,220 Cal,"385 south kiely, san jose, ca, 95129, us",5154 Moorpark Avenue
Mozzarella Fries,$5.99,480 Cal,"385 south kiely, san jose, ca, 95129, us",5154 Moorpark Avenue
Chicken Nuggets,$2.99,390 Cal,"385 south kiely, san jose, ca, 95129, us",5154 Moorpark Avenue
Mott's® Applesauce,$1.69,50 Cal,"385 south kiely, san jose, ca, 95129, us",5154 Moorpark Avenue
Crispy Tacos,$1.49,170 Cal,"385 south kiely, san jose, ca, 95129, us",5154 Moorpark Avenue
Fiery Bacon Whopper®,$8.99,800 Cal,"5154 moorpark ave, san jose, ca, 95129, us",5154 Moorpark Avenue
Whopper,$7.99,670 Cal,"5154 moorpark ave, san jose, ca, 95129, us",5154 Moorpark Avenue
Impossible™ Whopper,$9.09,630 Cal,"5154 moorpark ave, san jose, ca, 95129, us",5154 Moorpark Avenue
Texas Double Whopper,$10.49,"1,090 Cal","5154 moorpark ave, san jose, ca, 95129, us",5154 Moorpark Avenue
Double Whopper,$8.99,920 Cal,"5154 moorpark ave, san jose, ca, 95129, us",5154 Moorpark Avenue
Triple Whopper,$9.99,"1,170 Cal","5154 moorpark ave, san jose, ca, 95129, us",5154 Moorpark Avenue
Bacon King,$10.99,"1,200 Cal","5154 moorpark ave, san jose, ca, 95129, us",5154 Moorpark Avenue
BBQ Bacon Whopper Jr.,$3.49,390 Cal,"5154 moorpark ave, san jose, ca, 95129, us",5154 Moorpark Avenue
Double Whopper Jr.,$4.49,447 Cal,"5154 moorpark ave, san jose, ca, 95129, us",5154 Moorpark Avenue
Whopper Jr.,$4.49,330 Cal,"5154 moorpark ave, san jose, ca, 95129, us",5154 Moorpark Avenue
Bacon Double Cheeseburger,$3.29,440 Cal,"5154 moorpark ave, san jose, ca, 95129, us",5154 Moorpark Avenue
Bacon Cheeseburger,$2.79,340 Cal,"5154 moorpark ave, san jose, ca, 95129, us",5154 Moorpark Avenue
Double Cheeseburger,$2.99,400 Cal,"5154 moorpark ave, san jose, ca, 95129, us",5154 Moorpark Avenue
Cheeseburger,$2.64,290 Cal,"5154 moorpark ave, san jose, ca, 95129, us",5154 Moorpark Avenue
Rodeo Burger,$2.49,340 Cal,"5154 moorpark ave, san jose, ca, 95129, us",5154 Moorpark Avenue
Hamburger,$2.29,250 Cal,"5154 moorpark ave, san jose, ca, 95129, us",5154 Moorpark Avenue
Have-sies™,$4.89,380 Cal,"5154 moorpark ave, san jose, ca, 95129, us",5154 Moorpark Avenue
French Fries,$4.69,370 Cal,"5154 moorpark ave, san jose, ca, 95129, us",5154 Moorpark Avenue
Onion Rings,$4.69,360 Cal,"5154 moorpark ave, san jose, ca, 95129, us",5154 Moorpark Avenue
Fiery Chicken Fries,$5.99,260 Cal,"5154 moorpark ave, san jose, ca, 95129, us",5154 Moorpark Avenue
Fiery Mozzarella Fries,$5.99,450 Cal,"5154 moorpark ave, san jose, ca, 95129, us",5154 Moorpark Avenue
Chicken Fries,$5.99,220 Cal,"5154 moorpark ave, san jose, ca, 95129, us",5154 Moorpark Avenue
Mozzarella Fries,$5.99,480 Cal,"5154 moorpark ave, san jose, ca, 95129, us",5154 Moorpark Avenue
Chicken Nuggets,$2.99,390 Cal,"5154 moorpark ave, san jose, ca, 95129, us",5154 Moorpark Avenue
Mott's® Applesauce,$1.69,50 Cal,"5154 moorpark ave, san jose, ca, 95129, us",5154 Moorpark Avenue
Crispy Tacos,$1.49,170 Cal,"5154 moorpark ave, san jose, ca, 95129, us",5154 Moorpark Avenue
Fiery Bacon Whopper®,$9.99,800 Cal,"3900 geary boulevard, san francisco, ca, 94118, us",3900 Geary Boulevard
Whopper,$7.99,670 Cal,"3900 geary boulevard, san francisco, ca, 94118, us",3900 Geary Boulevard
Impossible™ Whopper,$8.99,630 Cal,"3900 geary boulevard, san francisco, ca, 94118, us",3900 Geary Boulevard
Texas Double Whopper,$10.79,"1,090 Cal","3900 geary boulevard, san francisco, ca, 94118, us",3900 Geary Boulevard
Double Whopper,$9.49,920 Cal,"3900 geary boulevard, san francisco, ca, 94118, us",3900 Geary Boulevard
Triple Whopper,$10.69,"1,170 Cal","3900 geary boulevard, san francisco, ca, 94118, us",3900 Geary Boulevard
Bacon King,$9.99,"1,200 Cal","3900 geary boulevard, san francisco, ca, 94118, us",3900 Geary Boulevard
BBQ Bacon Whopper Jr.,$3.89,390 Cal,"3900 geary boulevard, san francisco, ca, 94118, us",3900 Geary Boulevard
Double Whopper Jr.,$6.29,447 Cal,"3900 geary boulevard, san francisco, ca, 94118, us",3900 Geary Boulevard
Whopper Jr.,$4.19,330 Cal,"3900 geary boulevard, san francisco, ca, 94118, us",3900 Geary Boulevard
Bacon Double Cheeseburger,$3.99,440 Cal,"3900 geary boulevard, san francisco, ca, 94118, us",3900 Geary Boulevard
Bacon Cheeseburger,$3.29,340 Cal,"3900 geary boulevard, san francisco, ca, 94118, us",3900 Geary Boulevard
Double Cheeseburger,$3.59,400 Cal,"3900 geary boulevard, san francisco, ca, 94118, us",3900 Geary Boulevard
Cheeseburger,$2.79,290 Cal,"3900 geary boulevard, san francisco, ca, 94118, us",3900 Geary Boulevard
Rodeo Burger,$2.79,340 Cal,"3900 geary boulevard, san francisco, ca, 94118, us",3900 Geary Boulevard
Hamburger,$2.39,250 Cal,"3900 geary boulevard, san francisco, ca, 94118, us",3900 Geary Boulevard
Have-sies™,$4.59,380 Cal,"3900 geary boulevard, san francisco, ca, 94118, us",3900 Geary Boulevard
French Fries,$4.59,370 Cal,"3900 geary boulevard, san francisco, ca, 94118, us",3900 Geary Boulevard
Onion Rings,$4.59,360 Cal,"3900 geary boulevard, san francisco, ca, 94118, us",3900 Geary Boulevard
Fiery Chicken Fries,$4.29,260 Cal,"3900 geary boulevard, san francisco, ca, 94118, us",3900 Geary Boulevard
Fiery Mozzarella Fries,$4.29,450 Cal,"3900 geary boulevard, san francisco, ca, 94118, us",3900 Geary Boulevard
Chicken Fries,$4.29,220 Cal,"3900 geary boulevard, san francisco, ca, 94118, us",3900 Geary Boulevard
Mozzarella Fries,$3.49,480 Cal,"3900 geary boulevard, san francisco, ca, 94118, us",3900 Geary Boulevard
Chicken Nuggets,$2.99,390 Cal,"3900 geary boulevard, san francisco, ca, 94118, us",3900 Geary Boulevard
Mott's® Applesauce,$2.19,50 Cal,"3900 geary boulevard, san francisco, ca, 94118, us",3900 Geary Boulevard
Fiery Bacon Whopper®,$10.69,800 Cal,"3996 washington boulevard, fremont, ca, 94538, us",3996 Washington Boulevard
Whopper,$8.99,670 Cal,"3996 washington boulevard, fremont, ca, 94538, us",3996 Washington Boulevard
Impossible™ Whopper,$9.89,630 Cal,"3996 washington boulevard, fremont, ca, 94538, us",3996 Washington Boulevard
Texas Double Whopper,$12.99,"1,090 Cal","3996 washington boulevard, fremont, ca, 94538, us",3996 Washington Boulevard
Double Whopper,$9.99,920 Cal,"3996 washington boulevard, fremont, ca, 94538, us",3996 Washington Boulevard
Triple Whopper,$10.99,"1,170 Cal","3996 washington boulevard, fremont, ca, 94538, us",3996 Washington Boulevard
Bacon King,$10.49,"1,200 Cal","3996 washington boulevard, fremont, ca, 94538, us",3996 Washington Boulevard
BBQ Bacon Whopper Jr.,$8.19,390 Cal,"3996 washington boulevard, fremont, ca, 94538, us",3996 Washington Boulevard
Double Whopper Jr.,$7.49,447 Cal,"3996 washington boulevard, fremont, ca, 94538, us",3996 Washington Boulevard
Whopper Jr.,$6.49,330 Cal,"3996 washington boulevard, fremont, ca, 94538, us",3996 Washington Boulevard
Bacon Double Cheeseburger,$5.49,440 Cal,"3996 washington boulevard, fremont, ca, 94538, us",3996 Washington Boulevard
Bacon Cheeseburger,$3.49,340 Cal,"3996 washington boulevard, fremont, ca, 94538, us",3996 Washington Boulevard
Double Cheeseburger,$3.99,400 Cal,"3996 washington boulevard, fremont, ca, 94538, us",3996 Washington Boulevard
Cheeseburger,$2.99,290 Cal,"3996 washington boulevard, fremont, ca, 94538, us",3996 Washington Boulevard
Rodeo Burger,$3.49,340 Cal,"3996 washington boulevard, fremont, ca, 94538, us",3996 Washington Boulevard
Hamburger,$1.99,250 Cal,"3996 washington boulevard, fremont, ca, 94538, us",3996 Washington Boulevard
Have-sies™,$2.79,380 Cal,"3996 washington boulevard, fremont, ca, 94538, us",3996 Washington Boulevard
French Fries,$2.79,370 Cal,"3996 washington boulevard, fremont, ca, 94538, us",3996 Washington Boulevard
Onion Rings,$2.79,360 Cal,"3996 washington boulevard, fremont, ca, 94538, us",3996 Washington Boulevard
Fiery Chicken Fries,$5.79,260 Cal,"3996 washington boulevard, fremont, ca, 94538, us",3996 Washington Boulevard
Chicken Fries,$5.69,220 Cal,"3996 washington boulevard, fremont, ca, 94538, us",3996 Washington Boulevard
Mozzarella Fries,$4.29,480 Cal,"3996 washington boulevard, fremont, ca, 94538, us",3996 Washington Boulevard
Chicken Nuggets,$2.99,390 Cal,"3996 washington boulevard, fremont, ca, 94538, us",3996 Washington Boulevard
Mott's® Applesauce,$1.49,50 Cal,"3996 washington boulevard, fremont, ca, 94538, us",3996 Washington Boulevard
Crispy Tacos,$1.19,170 Cal,"3996 washington boulevard, fremont, ca, 94538, us",3996 Washington Boulevard
Fiery Bacon Whopper®,$8.59,800 Cal,"4087 west clinton avenue, fresno, ca, 93722, us",4087 West Clinton Avenue
Whopper,$7.39,670 Cal,"4087 west clinton avenue, fresno, ca, 93722, us",4087 West Clinton Avenue
Impossible™ Whopper,$7.89,630 Cal,"4087 west clinton avenue, fresno, ca, 93722, us",4087 West Clinton Avenue
Texas Double Whopper,$9.79,"1,090 Cal","4087 west clinton avenue, fresno, ca, 93722, us",4087 West Clinton Avenue
Double Whopper,$8.39,920 Cal,"4087 west clinton avenue, fresno, ca, 93722, us",4087 West Clinton Avenue
Triple Whopper,$9.39,"1,170 Cal","4087 west clinton avenue, fresno, ca, 93722, us",4087 West Clinton Avenue
Bacon King,$10.29,"1,200 Cal","4087 west clinton avenue, fresno, ca, 93722, us",4087 West Clinton Avenue
BBQ Bacon Whopper Jr.,$5.69,390 Cal,"4087 west clinton avenue, fresno, ca, 93722, us",4087 West Clinton Avenue
Double Whopper Jr.,$5.09,447 Cal,"4087 west clinton avenue, fresno, ca, 93722, us",4087 West Clinton Avenue
Whopper Jr.,$4.09,330 Cal,"4087 west clinton avenue, fresno, ca, 93722, us",4087 West Clinton Avenue
Bacon Double Cheeseburger,$4.49,440 Cal,"4087 west clinton avenue, fresno, ca, 93722, us",4087 West Clinton Avenue
Bacon Cheeseburger,$3.59,340 Cal,"4087 west clinton avenue, fresno, ca, 93722, us",4087 West Clinton Avenue
Double Cheeseburger,$3.79,400 Cal,"4087 west clinton avenue, fresno, ca, 93722, us",4087 West Clinton Avenue
Cheeseburger,$3.29,290 Cal,"4087 west clinton avenue, fresno, ca, 93722, us",4087 West Clinton Avenue
Rodeo Burger,$3.29,340 Cal,"4087 west clinton avenue, fresno, ca, 93722, us",4087 West Clinton Avenue
Hamburger,$2.79,250 Cal,"4087 west clinton avenue, fresno, ca, 93722, us",4087 West Clinton Avenue
Have-sies™,$4.39,380 Cal,"4087 west clinton avenue, fresno, ca, 93722, us",4087 West Clinton Avenue
French Fries,$4.09,370 Cal,"4087 west clinton avenue, fresno, ca, 93722, us",4087 West Clinton Avenue
Onion Rings,$4.09,360 Cal,"4087 west clinton avenue, fresno, ca, 93722, us",4087 West Clinton Avenue
Fiery Chicken Fries,$4.99,260 Cal,"4087 west clinton avenue, fresno, ca, 93722, us",4087 West Clinton Avenue
Fiery Mozzarella Fries,$5.29,450 Cal,"4087 west clinton avenue, fresno, ca, 93722, us",4087 West Clinton Avenue
Chicken Fries,$4.99,220 Cal,"4087 west clinton avenue, fresno, ca, 93722, us",4087 West Clinton Avenue
Mozzarella Fries,$4.99,480 Cal,"4087 west clinton avenue, fresno, ca, 93722, us",4087 West Clinton Avenue
Chicken Nuggets,$2.99,390 Cal,"4087 west clinton avenue, fresno, ca, 93722, us",4087 West Clinton Avenue
Mott's® Applesauce,$1.49,50 Cal,"4087 west clinton avenue, fresno, ca, 93722, us",4087 West Clinton Avenue
Crispy Tacos,$1.49,170 Cal,"4087 west clinton avenue, fresno, ca, 93722, us",4087 West Clinton Avenue
Fiery Bacon Whopper®,$9.29,800 Cal,"41 s. sanborn road, salinas, ca, 93905, us",41 S. Sanborn Road
Whopper,$7.59,670 Cal,"41 s. sanborn road, salinas, ca, 93905, us",41 S. Sanborn Road
Impossible™ Whopper,$8.59,630 Cal,"41 s. sanborn road, salinas, ca, 93905, us",41 S. Sanborn Road
Texas Double Whopper,$10.19,"1,090 Cal","41 s. sanborn road, salinas, ca, 93905, us",41 S. Sanborn Road
Double Whopper,$8.89,920 Cal,"41 s. sanborn road, salinas, ca, 93905, us",41 S. Sanborn Road
Triple Whopper,$9.89,"1,170 Cal","41 s. sanborn road, salinas, ca, 93905, us",41 S. Sanborn Road
Bacon King,$8.89,"1,200 Cal","41 s. sanborn road, salinas, ca, 93905, us",41 S. Sanborn Road
BBQ Bacon Whopper Jr.,$3.89,390 Cal,"41 s. sanborn road, salinas, ca, 93905, us",41 S. Sanborn Road
Double Whopper Jr.,$5.69,447 Cal,"41 s. sanborn road, salinas, ca, 93905, us",41 S. Sanborn Road
Whopper Jr.,$3.99,330 Cal,"41 s. sanborn road, salinas, ca, 93905, us",41 S. Sanborn Road
Bacon Double Cheeseburger,$4.19,440 Cal,"41 s. sanborn road, salinas, ca, 93905, us",41 S. Sanborn Road
Bacon Cheeseburger,$3.29,340 Cal,"41 s. sanborn road, salinas, ca, 93905, us",41 S. Sanborn Road
Double Cheeseburger,$3.49,400 Cal,"41 s. sanborn road, salinas, ca, 93905, us",41 S. Sanborn Road
Cheeseburger,$2.69,290 Cal,"41 s. sanborn road, salinas, ca, 93905, us",41 S. Sanborn Road
Rodeo Burger,$2.69,340 Cal,"41 s. sanborn road, salinas, ca, 93905, us",41 S. Sanborn Road
Hamburger,$2.29,250 Cal,"41 s. sanborn road, salinas, ca, 93905, us",41 S. Sanborn Road
Have-sies™,$3.79,380 Cal,"41 s. sanborn road, salinas, ca, 93905, us",41 S. Sanborn Road
French Fries,$3.79,370 Cal,"41 s. sanborn road, salinas, ca, 93905, us",41 S. Sanborn Road
Onion Rings,$3.79,360 Cal,"41 s. sanborn road, salinas, ca, 93905, us",41 S. Sanborn Road
Fiery Chicken Fries,$4.29,260 Cal,"41 s. sanborn road, salinas, ca, 93905, us",41 S. Sanborn Road
Fiery Mozzarella Fries,$4.29,450 Cal,"41 s. sanborn road, salinas, ca, 93905, us",41 S. Sanborn Road
Chicken Fries,$4.29,220 Cal,"41 s. sanborn road, salinas, ca, 93905, us",41 S. Sanborn Road
Mozzarella Fries,$3.79,480 Cal,"41 s. sanborn road, salinas, ca, 93905, us",41 S. Sanborn Road
Chicken Nuggets,$2.99,390 Cal,"41 s. sanborn road, salinas, ca, 93905, us",41 S. Sanborn Road
Mott's® Applesauce,$1.69,50 Cal,"41 s. sanborn road, salinas, ca, 93905, us",41 S. Sanborn Road
Fiery Bacon Whopper®,$8.59,800 Cal,"4424 broadway, oakland, ca, 94611, us",4424 Broadway
Whopper,$7.59,670 Cal,"4424 broadway, oakland, ca, 94611, us",4424 Broadway
Impossible™ Whopper,$8.59,630 Cal,"4424 broadway, oakland, ca, 94611, us",4424 Broadway
Texas Double Whopper,$9.89,"1,090 Cal","4424 broadway, oakland, ca, 94611, us",4424 Broadway
Double Whopper,$8.89,920 Cal,"4424 broadway, oakland, ca, 94611, us",4424 Broadway
Triple Whopper,$10.19,"1,170 Cal","4424 broadway, oakland, ca, 94611, us",4424 Broadway
Bacon King,$8.99,"1,200 Cal","4424 broadway, oakland, ca, 94611, us",4424 Broadway
BBQ Bacon Whopper Jr.,$3.89,390 Cal,"4424 broadway, oakland, ca, 94611, us",4424 Broadway
Double Whopper Jr.,$5.69,447 Cal,"4424 broadway, oakland, ca, 94611, us",4424 Broadway
Whopper Jr.,$4.19,330 Cal,"4424 broadway, oakland, ca, 94611, us",4424 Broadway
Bacon Double Cheeseburger,$4.39,440 Cal,"4424 broadway, oakland, ca, 94611, us",4424 Broadway
Bacon Cheeseburger,$3.49,340 Cal,"4424 broadway, oakland, ca, 94611, us",4424 Broadway
Double Cheeseburger,$3.69,400 Cal,"4424 broadway, oakland, ca, 94611, us",4424 Broadway
Cheeseburger,$2.69,290 Cal,"4424 broadway, oakland, ca, 94611, us",4424 Broadway
Rodeo Burger,$2.69,340 Cal,"4424 broadway, oakland, ca, 94611, us",4424 Broadway
Hamburger,$2.39,250 Cal,"4424 broadway, oakland, ca, 94611, us",4424 Broadway
Have-sies™,$4.59,380 Cal,"4424 broadway, oakland, ca, 94611, us",4424 Broadway
French Fries,$3.69,370 Cal,"4424 broadway, oakland, ca, 94611, us",4424 Broadway
Onion Rings,$3.69,360 Cal,"4424 broadway, oakland, ca, 94611, us",4424 Broadway
Fiery Chicken Fries,$4.29,260 Cal,"4424 broadway, oakland, ca, 94611, us",4424 Broadway
Fiery Mozzarella Fries,$4.29,450 Cal,"4424 broadway, oakland, ca, 94611, us",4424 Broadway
Chicken Fries,$4.19,220 Cal,"4424 broadway, oakland, ca, 94611, us",4424 Broadway
Mozzarella Fries,$3.99,480 Cal,"4424 broadway, oakland, ca, 94611, us",4424 Broadway
Chicken Nuggets,$2.99,390 Cal,"4424 broadway, oakland, ca, 94611, us",4424 Broadway
Mott's® Applesauce,$1.49,50 Cal,"4424 broadway, oakland, ca, 94611, us",4424 Broadway
Fiery Bacon Whopper®,$8.79,800 Cal,"4571 north pershing avenue, stockton, ca, 95207, us",4571 North Pershing Avenue
Whopper,$7.39,670 Cal,"4571 north pershing avenue, stockton, ca, 95207, us",4571 North Pershing Avenue
Impossible™ Whopper,$8.39,630 Cal,"4571 north pershing avenue, stockton, ca, 95207, us",4571 North Pershing Avenue
Texas Double Whopper,$9.69,"1,090 Cal","4571 north pershing avenue, stockton, ca, 95207, us",4571 North Pershing Avenue
Double Whopper,$8.49,920 Cal,"4571 north pershing avenue, stockton, ca, 95207, us",4571 North Pershing Avenue
Triple Whopper,$9.69,"1,170 Cal","4571 north pershing avenue, stockton, ca, 95207, us",4571 North Pershing Avenue
Bacon King,$9.19,"1,200 Cal","4571 north pershing avenue, stockton, ca, 95207, us",4571 North Pershing Avenue
BBQ Bacon Whopper Jr.,$3.89,390 Cal,"4571 north pershing avenue, stockton, ca, 95207, us",4571 North Pershing Avenue
Double Whopper Jr.,$5.69,447 Cal,"4571 north pershing avenue, stockton, ca, 95207, us",4571 North Pershing Avenue
Whopper Jr.,$4.19,330 Cal,"4571 north pershing avenue, stockton, ca, 95207, us",4571 North Pershing Avenue
Bacon Double Cheeseburger,$4.49,440 Cal,"4571 north pershing avenue, stockton, ca, 95207, us",4571 North Pershing Avenue
Bacon Cheeseburger,$3.69,340 Cal,"4571 north pershing avenue, stockton, ca, 95207, us",4571 North Pershing Avenue
Double Cheeseburger,$3.69,400 Cal,"4571 north pershing avenue, stockton, ca, 95207, us",4571 North Pershing Avenue
Cheeseburger,$2.79,290 Cal,"4571 north pershing avenue, stockton, ca, 95207, us",4571 North Pershing Avenue
Rodeo Burger,$2.59,340 Cal,"4571 north pershing avenue, stockton, ca, 95207, us",4571 North Pershing Avenue
Hamburger,$2.39,250 Cal,"4571 north pershing avenue, stockton, ca, 95207, us",4571 North Pershing Avenue
Have-sies™,$3.59,380 Cal,"4571 north pershing avenue, stockton, ca, 95207, us",4571 North Pershing Avenue
French Fries,$3.99,370 Cal,"4571 north pershing avenue, stockton, ca, 95207, us",4571 North Pershing Avenue
Onion Rings,$3.99,360 Cal,"4571 north pershing avenue, stockton, ca, 95207, us",4571 North Pershing Avenue
Fiery Chicken Fries,$4.29,260 Cal,"4571 north pershing avenue, stockton, ca, 95207, us",4571 North Pershing Avenue
Fiery Mozzarella Fries,$4.29,450 Cal,"4571 north pershing avenue, stockton, ca, 95207, us",4571 North Pershing Avenue
Chicken Fries,$4.29,220 Cal,"4571 north pershing avenue, stockton, ca, 95207, us",4571 North Pershing Avenue
Mozzarella Fries,$3.79,480 Cal,"4571 north pershing avenue, stockton, ca, 95207, us",4571 North Pershing Avenue
Chicken Nuggets,$2.99,390 Cal,"4571 north pershing avenue, stockton, ca, 95207, us",4571 North Pershing Avenue
Mott's® Applesauce,$1.69,50 Cal,"4571 north pershing avenue, stockton, ca, 95207, us",4571 North Pershing Avenue
Fiery Bacon Whopper®,$8.59,800 Cal,"4610 east king's canyon rd., fresno, ca, 93702, us",575 North Clovis Avenue
Whopper,$7.39,670 Cal,"4610 east king's canyon rd., fresno, ca, 93702, us",575 North Clovis Avenue
Impossible™ Whopper,$7.89,630 Cal,"4610 east king's canyon rd., fresno, ca, 93702, us",575 North Clovis Avenue
Texas Double Whopper,$9.79,"1,090 Cal","4610 east king's canyon rd., fresno, ca, 93702, us",575 North Clovis Avenue
Double Whopper,$8.39,920 Cal,"4610 east king's canyon rd., fresno, ca, 93702, us",575 North Clovis Avenue
Triple Whopper,$9.39,"1,170 Cal","4610 east king's canyon rd., fresno, ca, 93702, us",575 North Clovis Avenue
Bacon King,$10.29,"1,200 Cal","4610 east king's canyon rd., fresno, ca, 93702, us",575 North Clovis Avenue
BBQ Bacon Whopper Jr.,$5.69,390 Cal,"4610 east king's canyon rd., fresno, ca, 93702, us",575 North Clovis Avenue
Double Whopper Jr.,$5.09,447 Cal,"4610 east king's canyon rd., fresno, ca, 93702, us",575 North Clovis Avenue
Whopper Jr.,$4.09,330 Cal,"4610 east king's canyon rd., fresno, ca, 93702, us",575 North Clovis Avenue
Bacon Double Cheeseburger,$4.49,440 Cal,"4610 east king's canyon rd., fresno, ca, 93702, us",575 North Clovis Avenue
Bacon Cheeseburger,$3.59,340 Cal,"4610 east king's canyon rd., fresno, ca, 93702, us",575 North Clovis Avenue
Double Cheeseburger,$3.79,400 Cal,"4610 east king's canyon rd., fresno, ca, 93702, us",575 North Clovis Avenue
Cheeseburger,$3.29,290 Cal,"4610 east king's canyon rd., fresno, ca, 93702, us",575 North Clovis Avenue
Rodeo Burger,$3.29,340 Cal,"4610 east king's canyon rd., fresno, ca, 93702, us",575 North Clovis Avenue
Hamburger,$2.79,250 Cal,"4610 east king's canyon rd., fresno, ca, 93702, us",575 North Clovis Avenue
Have-sies™,$4.39,380 Cal,"4610 east king's canyon rd., fresno, ca, 93702, us",575 North Clovis Avenue
French Fries,$4.09,370 Cal,"4610 east king's canyon rd., fresno, ca, 93702, us",575 North Clovis Avenue
Onion Rings,$4.09,360 Cal,"4610 east king's canyon rd., fresno, ca, 93702, us",575 North Clovis Avenue
Fiery Chicken Fries,$4.99,260 Cal,"4610 east king's canyon rd., fresno, ca, 93702, us",575 North Clovis Avenue
Fiery Mozzarella Fries,$5.29,450 Cal,"4610 east king's canyon rd., fresno, ca, 93702, us",575 North Clovis Avenue
Chicken Fries,$4.99,220 Cal,"4610 east king's canyon rd., fresno, ca, 93702, us",575 North Clovis Avenue
Mozzarella Fries,$4.99,480 Cal,"4610 east king's canyon rd., fresno, ca, 93702, us",575 North Clovis Avenue
Chicken Nuggets,$2.99,390 Cal,"4610 east king's canyon rd., fresno, ca, 93702, us",575 North Clovis Avenue
Mott's® Applesauce,$1.49,50 Cal,"4610 east king's canyon rd., fresno, ca, 93702, us",575 North Clovis Avenue
Crispy Tacos,$1.49,170 Cal,"4610 east king's canyon rd., fresno, ca, 93702, us",575 North Clovis Avenue
Fiery Bacon Whopper®,$8.59,800 Cal,"4960 auburn blvd., sacramento, ca, 95841, us",4960 Auburn Blvd.
Whopper,$6.99,670 Cal,"4960 auburn blvd., sacramento, ca, 95841, us",4960 Auburn Blvd.
Impossible™ Whopper,$7.99,630 Cal,"4960 auburn blvd., sacramento, ca, 95841, us",4960 Auburn Blvd.
Texas Double Whopper,$9.39,"1,090 Cal","4960 auburn blvd., sacramento, ca, 95841, us",4960 Auburn Blvd.
Double Whopper,$8.29,920 Cal,"4960 auburn blvd., sacramento, ca, 95841, us",4960 Auburn Blvd.
Triple Whopper,$9.49,"1,170 Cal","4960 auburn blvd., sacramento, ca, 95841, us",4960 Auburn Blvd.
Bacon King,$8.79,"1,200 Cal","4960 auburn blvd., sacramento, ca, 95841, us",4960 Auburn Blvd.
BBQ Bacon Whopper Jr.,$3.89,390 Cal,"4960 auburn blvd., sacramento, ca, 95841, us",4960 Auburn Blvd.
Double Whopper Jr.,$5.69,447 Cal,"4960 auburn blvd., sacramento, ca, 95841, us",4960 Auburn Blvd.
Whopper Jr.,$4.19,330 Cal,"4960 auburn blvd., sacramento, ca, 95841, us",4960 Auburn Blvd.
Bacon Double Cheeseburger,$4.49,440 Cal,"4960 auburn blvd., sacramento, ca, 95841, us",4960 Auburn Blvd.
Bacon Cheeseburger,$3.49,340 Cal,"4960 auburn blvd., sacramento, ca, 95841, us",4960 Auburn Blvd.
Double Cheeseburger,$3.69,400 Cal,"4960 auburn blvd., sacramento, ca, 95841, us",4960 Auburn Blvd.
Cheeseburger,$2.79,290 Cal,"4960 auburn blvd., sacramento, ca, 95841, us",4960 Auburn Blvd.
Rodeo Burger,$2.79,340 Cal,"4960 auburn blvd., sacramento, ca, 95841, us",4960 Auburn Blvd.
Hamburger,$2.39,250 Cal,"4960 auburn blvd., sacramento, ca, 95841, us",4960 Auburn Blvd.
Have-sies™,$3.49,380 Cal,"4960 auburn blvd., sacramento, ca, 95841, us",4960 Auburn Blvd.
French Fries,$3.89,370 Cal,"4960 auburn blvd., sacramento, ca, 95841, us",4960 Auburn Blvd.
Onion Rings,$3.89,360 Cal,"4960 auburn blvd., sacramento, ca, 95841, us",4960 Auburn Blvd.
Fiery Chicken Fries,$4.29,260 Cal,"4960 auburn blvd., sacramento, ca, 95841, us",4960 Auburn Blvd.
Fiery Mozzarella Fries,$4.29,450 Cal,"4960 auburn blvd., sacramento, ca, 95841, us",4960 Auburn Blvd.
Chicken Fries,$4.19,220 Cal,"4960 auburn blvd., sacramento, ca, 95841, us",4960 Auburn Blvd.
Mozzarella Fries,$3.99,480 Cal,"4960 auburn blvd., sacramento, ca, 95841, us",4960 Auburn Blvd.
Chicken Nuggets,$2.99,390 Cal,"4960 auburn blvd., sacramento, ca, 95841, us",4960 Auburn Blvd.
Mott's® Applesauce,$1.69,50 Cal,"4960 auburn blvd., sacramento, ca, 95841, us",4960 Auburn Blvd.
Fiery Bacon Whopper®,$9.59,800 Cal,"500 south de maree, visalia, ca, 93277, us",35 Powell Street
Whopper,$7.99,670 Cal,"500 south de maree, visalia, ca, 93277, us",35 Powell Street
Impossible™ Whopper,$8.99,630 Cal,"500 south de maree, visalia, ca, 93277, us",35 Powell Street
Texas Double Whopper,$10.79,"1,090 Cal","500 south de maree, visalia, ca, 93277, us",35 Powell Street
Double Whopper,$9.49,920 Cal,"500 south de maree, visalia, ca, 93277, us",35 Powell Street
Triple Whopper,$10.49,"1,170 Cal","500 south de maree, visalia, ca, 93277, us",35 Powell Street
Bacon King,$9.99,"1,200 Cal","500 south de maree, visalia, ca, 93277, us",35 Powell Street
BBQ Bacon Whopper Jr.,$5.49,390 Cal,"500 south de maree, visalia, ca, 93277, us",35 Powell Street
Double Whopper Jr.,$4.99,447 Cal,"500 south de maree, visalia, ca, 93277, us",35 Powell Street
Whopper Jr.,$4.49,330 Cal,"500 south de maree, visalia, ca, 93277, us",35 Powell Street
Bacon Double Cheeseburger,$5.99,440 Cal,"500 south de maree, visalia, ca, 93277, us",35 Powell Street
Bacon Cheeseburger,$3.99,340 Cal,"500 south de maree, visalia, ca, 93277, us",35 Powell Street
Double Cheeseburger,$3.99,400 Cal,"500 south de maree, visalia, ca, 93277, us",35 Powell Street
Cheeseburger,$3.99,290 Cal,"500 south de maree, visalia, ca, 93277, us",35 Powell Street
Rodeo Burger,$3.49,340 Cal,"500 south de maree, visalia, ca, 93277, us",35 Powell Street
Hamburger,$3.59,250 Cal,"500 south de maree, visalia, ca, 93277, us",35 Powell Street
Have-sies™,$4.99,380 Cal,"500 south de maree, visalia, ca, 93277, us",35 Powell Street
French Fries,$4.69,370 Cal,"500 south de maree, visalia, ca, 93277, us",35 Powell Street
Onion Rings,$4.79,360 Cal,"500 south de maree, visalia, ca, 93277, us",35 Powell Street
Fiery Chicken Fries,$5.99,260 Cal,"500 south de maree, visalia, ca, 93277, us",35 Powell Street
Fiery Mozzarella Fries,$5.99,450 Cal,"500 south de maree, visalia, ca, 93277, us",35 Powell Street
Chicken Fries,$5.99,220 Cal,"500 south de maree, visalia, ca, 93277, us",35 Powell Street
Mozzarella Fries,$4.99,480 Cal,"500 south de maree, visalia, ca, 93277, us",35 Powell Street
Chicken Nuggets,$2.99,390 Cal,"500 south de maree, visalia, ca, 93277, us",35 Powell Street
Crispy Tacos,$3.29,170 Cal,"500 south de maree, visalia, ca, 93277, us",35 Powell Street
Fiery Bacon Whopper®,$9.29,800 Cal,"5020 redwood drive, rohnert park, ca, 94928, us",5020 Redwood Drive
Whopper,$7.59,670 Cal,"5020 redwood drive, rohnert park, ca, 94928, us",5020 Redwood Drive
Impossible™ Whopper,$8.59,630 Cal,"5020 redwood drive, rohnert park, ca, 94928, us",5020 Redwood Drive
Texas Double Whopper,$10.19,"1,090 Cal","5020 redwood drive, rohnert park, ca, 94928, us",5020 Redwood Drive
Double Whopper,$8.89,920 Cal,"5020 redwood drive, rohnert park, ca, 94928, us",5020 Redwood Drive
Triple Whopper,$9.89,"1,170 Cal","5020 redwood drive, rohnert park, ca, 94928, us",5020 Redwood Drive
Bacon King,$9.19,"1,200 Cal","5020 redwood drive, rohnert park, ca, 94928, us",5020 Redwood Drive
BBQ Bacon Whopper Jr.,$3.89,390 Cal,"5020 redwood drive, rohnert park, ca, 94928, us",5020 Redwood Drive
Double Whopper Jr.,$5.69,447 Cal,"5020 redwood drive, rohnert park, ca, 94928, us",5020 Redwood Drive
Whopper Jr.,$4.19,330 Cal,"5020 redwood drive, rohnert park, ca, 94928, us",5020 Redwood Drive
Bacon Double Cheeseburger,$4.49,440 Cal,"5020 redwood drive, rohnert park, ca, 94928, us",5020 Redwood Drive
Bacon Cheeseburger,$3.69,340 Cal,"5020 redwood drive, rohnert park, ca, 94928, us",5020 Redwood Drive
Double Cheeseburger,$3.69,400 Cal,"5020 redwood drive, rohnert park, ca, 94928, us",5020 Redwood Drive
Cheeseburger,$2.79,290 Cal,"5020 redwood drive, rohnert park, ca, 94928, us",5020 Redwood Drive
Rodeo Burger,$2.79,340 Cal,"5020 redwood drive, rohnert park, ca, 94928, us",5020 Redwood Drive
Hamburger,$2.19,250 Cal,"5020 redwood drive, rohnert park, ca, 94928, us",5020 Redwood Drive
Have-sies™,$3.79,380 Cal,"5020 redwood drive, rohnert park, ca, 94928, us",5020 Redwood Drive
French Fries,$3.89,370 Cal,"5020 redwood drive, rohnert park, ca, 94928, us",5020 Redwood Drive
Onion Rings,$3.79,360 Cal,"5020 redwood drive, rohnert park, ca, 94928, us",5020 Redwood Drive
Fiery Chicken Fries,$4.29,260 Cal,"5020 redwood drive, rohnert park, ca, 94928, us",5020 Redwood Drive
Fiery Mozzarella Fries,$4.29,450 Cal,"5020 redwood drive, rohnert park, ca, 94928, us",5020 Redwood Drive
Chicken Fries,$4.29,220 Cal,"5020 redwood drive, rohnert park, ca, 94928, us",5020 Redwood Drive
Mozzarella Fries,$3.79,480 Cal,"5020 redwood drive, rohnert park, ca, 94928, us",5020 Redwood Drive
Chicken Nuggets,$2.99,390 Cal,"5020 redwood drive, rohnert park, ca, 94928, us",5020 Redwood Drive
Mott's® Applesauce,$1.69,50 Cal,"5020 redwood drive, rohnert park, ca, 94928, us",5020 Redwood Drive
Fiery Bacon Whopper®,$9.29,800 Cal,"6125 commerce boulevard, rohnert park, ca, 94928, us",6125 Commerce Boulevard
Whopper,$7.59,670 Cal,"6125 commerce boulevard, rohnert park, ca, 94928, us",6125 Commerce Boulevard
Impossible™ Whopper,$8.59,630 Cal,"6125 commerce boulevard, rohnert park, ca, 94928, us",6125 Commerce Boulevard
Texas Double Whopper,$10.19,"1,090 Cal","6125 commerce boulevard, rohnert park, ca, 94928, us",6125 Commerce Boulevard
Double Whopper,$8.89,920 Cal,"6125 commerce boulevard, rohnert park, ca, 94928, us",6125 Commerce Boulevard
Triple Whopper,$9.89,"1,170 Cal","6125 commerce boulevard, rohnert park, ca, 94928, us",6125 Commerce Boulevard
Bacon King,$9.19,"1,200 Cal","6125 commerce boulevard, rohnert park, ca, 94928, us",6125 Commerce Boulevard
BBQ Bacon Whopper Jr.,$3.89,390 Cal,"6125 commerce boulevard, rohnert park, ca, 94928, us",6125 Commerce Boulevard
Double Whopper Jr.,$5.69,447 Cal,"6125 commerce boulevard, rohnert park, ca, 94928, us",6125 Commerce Boulevard
Whopper Jr.,$4.19,330 Cal,"6125 commerce boulevard, rohnert park, ca, 94928, us",6125 Commerce Boulevard
Bacon Double Cheeseburger,$4.49,440 Cal,"6125 commerce boulevard, rohnert park, ca, 94928, us",6125 Commerce Boulevard
Bacon Cheeseburger,$3.69,340 Cal,"6125 commerce boulevard, rohnert park, ca, 94928, us",6125 Commerce Boulevard
Double Cheeseburger,$3.69,400 Cal,"6125 commerce boulevard, rohnert park, ca, 94928, us",6125 Commerce Boulevard
Cheeseburger,$2.79,290 Cal,"6125 commerce boulevard, rohnert park, ca, 94928, us",6125 Commerce Boulevard
Rodeo Burger,$2.79,340 Cal,"6125 commerce boulevard, rohnert park, ca, 94928, us",6125 Commerce Boulevard
Hamburger,$2.19,250 Cal,"6125 commerce boulevard, rohnert park, ca, 94928, us",6125 Commerce Boulevard
Have-sies™,$3.79,380 Cal,"6125 commerce boulevard, rohnert park, ca, 94928, us",6125 Commerce Boulevard
French Fries,$3.89,370 Cal,"6125 commerce boulevard, rohnert park, ca, 94928, us",6125 Commerce Boulevard
Onion Rings,$3.79,360 Cal,"6125 commerce boulevard, rohnert park, ca, 94928, us",6125 Commerce Boulevard
Fiery Chicken Fries,$4.29,260 Cal,"6125 commerce boulevard, rohnert park, ca, 94928, us",6125 Commerce Boulevard
Fiery Mozzarella Fries,$4.29,450 Cal,"6125 commerce boulevard, rohnert park, ca, 94928, us",6125 Commerce Boulevard
Chicken Fries,$4.29,220 Cal,"6125 commerce boulevard, rohnert park, ca, 94928, us",6125 Commerce Boulevard
Mozzarella Fries,$3.79,480 Cal,"6125 commerce boulevard, rohnert park, ca, 94928, us",6125 Commerce Boulevard
Chicken Nuggets,$2.99,390 Cal,"6125 commerce boulevard, rohnert park, ca, 94928, us",6125 Commerce Boulevard
Mott's® Applesauce,$1.69,50 Cal,"6125 commerce boulevard, rohnert park, ca, 94928, us",6125 Commerce Boulevard
Fiery Bacon Whopper®,$9.99,800 Cal,"510 south euclid street, anaheim, ca, 92802, us",510 South Euclid Street
Whopper,$7.99,670 Cal,"510 south euclid street, anaheim, ca, 92802, us",510 South Euclid Street
Impossible™ Whopper,$8.99,630 Cal,"510 south euclid street, anaheim, ca, 92802, us",510 South Euclid Street
Texas Double Whopper,$10.79,"1,090 Cal","510 south euclid street, anaheim, ca, 92802, us",510 South Euclid Street
Double Whopper,$8.99,920 Cal,"510 south euclid street, anaheim, ca, 92802, us",510 South Euclid Street
Triple Whopper,$9.69,"1,170 Cal","510 south euclid street, anaheim, ca, 92802, us",510 South Euclid Street
Bacon King,$10.79,"1,200 Cal","510 south euclid street, anaheim, ca, 92802, us",510 South Euclid Street
BBQ Bacon Whopper Jr.,$7.09,390 Cal,"510 south euclid street, anaheim, ca, 92802, us",510 South Euclid Street
Whopper Jr.,$6.59,330 Cal,"510 south euclid street, anaheim, ca, 92802, us",510 South Euclid Street
Bacon Double Cheeseburger,$5.19,440 Cal,"510 south euclid street, anaheim, ca, 92802, us",510 South Euclid Street
Bacon Cheeseburger,$3.99,340 Cal,"510 south euclid street, anaheim, ca, 92802, us",510 South Euclid Street
Double Cheeseburger,$3.99,400 Cal,"510 south euclid street, anaheim, ca, 92802, us",510 South Euclid Street
Cheeseburger,$3.29,290 Cal,"510 south euclid street, anaheim, ca, 92802, us",510 South Euclid Street
Rodeo Burger,$3.69,340 Cal,"510 south euclid street, anaheim, ca, 92802, us",510 South Euclid Street
Hamburger,$2.79,250 Cal,"510 south euclid street, anaheim, ca, 92802, us",510 South Euclid Street
Have-sies™,$4.19,380 Cal,"510 south euclid street, anaheim, ca, 92802, us",510 South Euclid Street
French Fries,$4.09,370 Cal,"510 south euclid street, anaheim, ca, 92802, us",510 South Euclid Street
Onion Rings,$4.19,360 Cal,"510 south euclid street, anaheim, ca, 92802, us",510 South Euclid Street
Fiery Chicken Fries,$6.19,260 Cal,"510 south euclid street, anaheim, ca, 92802, us",510 South Euclid Street
Fiery Mozzarella Fries,$4.79,450 Cal,"510 south euclid street, anaheim, ca, 92802, us",510 South Euclid Street
Chicken Fries,$6.19,220 Cal,"510 south euclid street, anaheim, ca, 92802, us",510 South Euclid Street
Mozzarella Fries,$4.79,480 Cal,"510 south euclid street, anaheim, ca, 92802, us",510 South Euclid Street
Chicken Nuggets,$2.99,390 Cal,"510 south euclid street, anaheim, ca, 92802, us",510 South Euclid Street
Mott's® Applesauce,$2.09,50 Cal,"510 south euclid street, anaheim, ca, 92802, us",510 South Euclid Street
Fiery Bacon Whopper®,$8.39,800 Cal,"5120 olive drive, bakersfield, ca, 93308, us",5120 Olive Drive
Whopper,$6.59,670 Cal,"5120 olive drive, bakersfield, ca, 93308, us",5120 Olive Drive
Impossible™ Whopper,$7.49,630 Cal,"5120 olive drive, bakersfield, ca, 93308, us",5120 Olive Drive
Texas Double Whopper,$8.79,"1,090 Cal","5120 olive drive, bakersfield, ca, 93308, us",5120 Olive Drive
Double Whopper,$7.89,920 Cal,"5120 olive drive, bakersfield, ca, 93308, us",5120 Olive Drive
Triple Whopper,$8.89,"1,170 Cal","5120 olive drive, bakersfield, ca, 93308, us",5120 Olive Drive
Bacon King,$8.49,"1,200 Cal","5120 olive drive, bakersfield, ca, 93308, us",5120 Olive Drive
BBQ Bacon Whopper Jr.,$4.99,390 Cal,"5120 olive drive, bakersfield, ca, 93308, us",5120 Olive Drive
Whopper Jr.,$3.59,330 Cal,"5120 olive drive, bakersfield, ca, 93308, us",5120 Olive Drive
Bacon Double Cheeseburger,$4.09,440 Cal,"5120 olive drive, bakersfield, ca, 93308, us",5120 Olive Drive
Bacon Cheeseburger,$3.29,340 Cal,"5120 olive drive, bakersfield, ca, 93308, us",5120 Olive Drive
Double Cheeseburger,$3.29,400 Cal,"5120 olive drive, bakersfield, ca, 93308, us",5120 Olive Drive
Cheeseburger,$2.39,290 Cal,"5120 olive drive, bakersfield, ca, 93308, us",5120 Olive Drive
Rodeo Burger,$2.59,340 Cal,"5120 olive drive, bakersfield, ca, 93308, us",5120 Olive Drive
Hamburger,$1.99,250 Cal,"5120 olive drive, bakersfield, ca, 93308, us",5120 Olive Drive
Have-sies™,$2.99,380 Cal,"5120 olive drive, bakersfield, ca, 93308, us",5120 Olive Drive
French Fries,$3.59,370 Cal,"5120 olive drive, bakersfield, ca, 93308, us",5120 Olive Drive
Onion Rings,$3.59,360 Cal,"5120 olive drive, bakersfield, ca, 93308, us",5120 Olive Drive
Fiery Chicken Fries,$4.29,260 Cal,"5120 olive drive, bakersfield, ca, 93308, us",5120 Olive Drive
Fiery Mozzarella Fries,$4.29,450 Cal,"5120 olive drive, bakersfield, ca, 93308, us",5120 Olive Drive
Chicken Fries,$4.09,220 Cal,"5120 olive drive, bakersfield, ca, 93308, us",5120 Olive Drive
Mozzarella Fries,$3.79,480 Cal,"5120 olive drive, bakersfield, ca, 93308, us",5120 Olive Drive
Chicken Nuggets,$2.69,390 Cal,"5120 olive drive, bakersfield, ca, 93308, us",5120 Olive Drive
Mott's® Applesauce,$1.69,50 Cal,"5120 olive drive, bakersfield, ca, 93308, us",5120 Olive Drive
Fiery Bacon Whopper®,$8.59,800 Cal,"5121 foothills boulevard, roseville, ca, 95747, us",5121 Foothills Boulevard
Whopper,$6.99,670 Cal,"5121 foothills boulevard, roseville, ca, 95747, us",5121 Foothills Boulevard
Impossible™ Whopper,$7.99,630 Cal,"5121 foothills boulevard, roseville, ca, 95747, us",5121 Foothills Boulevard
Texas Double Whopper,$9.39,"1,090 Cal","5121 foothills boulevard, roseville, ca, 95747, us",5121 Foothills Boulevard
Double Whopper,$8.29,920 Cal,"5121 foothills boulevard, roseville, ca, 95747, us",5121 Foothills Boulevard
Triple Whopper,$9.49,"1,170 Cal","5121 foothills boulevard, roseville, ca, 95747, us",5121 Foothills Boulevard
Bacon King,$8.79,"1,200 Cal","5121 foothills boulevard, roseville, ca, 95747, us",5121 Foothills Boulevard
BBQ Bacon Whopper Jr.,$3.89,390 Cal,"5121 foothills boulevard, roseville, ca, 95747, us",5121 Foothills Boulevard
Double Whopper Jr.,$5.69,447 Cal,"5121 foothills boulevard, roseville, ca, 95747, us",5121 Foothills Boulevard
Whopper Jr.,$4.19,330 Cal,"5121 foothills boulevard, roseville, ca, 95747, us",5121 Foothills Boulevard
Bacon Double Cheeseburger,$4.49,440 Cal,"5121 foothills boulevard, roseville, ca, 95747, us",5121 Foothills Boulevard
Bacon Cheeseburger,$3.49,340 Cal,"5121 foothills boulevard, roseville, ca, 95747, us",5121 Foothills Boulevard
Double Cheeseburger,$3.69,400 Cal,"5121 foothills boulevard, roseville, ca, 95747, us",5121 Foothills Boulevard
Cheeseburger,$2.79,290 Cal,"5121 foothills boulevard, roseville, ca, 95747, us",5121 Foothills Boulevard
Rodeo Burger,$2.79,340 Cal,"5121 foothills boulevard, roseville, ca, 95747, us",5121 Foothills Boulevard
Hamburger,$2.39,250 Cal,"5121 foothills boulevard, roseville, ca, 95747, us",5121 Foothills Boulevard
Have-sies™,$3.49,380 Cal,"5121 foothills boulevard, roseville, ca, 95747, us",5121 Foothills Boulevard
French Fries,$3.89,370 Cal,"5121 foothills boulevard, roseville, ca, 95747, us",5121 Foothills Boulevard
Onion Rings,$3.89,360 Cal,"5121 foothills boulevard, roseville, ca, 95747, us",5121 Foothills Boulevard
Fiery Chicken Fries,$4.29,260 Cal,"5121 foothills boulevard, roseville, ca, 95747, us",5121 Foothills Boulevard
Fiery Mozzarella Fries,$4.29,450 Cal,"5121 foothills boulevard, roseville, ca, 95747, us",5121 Foothills Boulevard
Chicken Fries,$4.19,220 Cal,"5121 foothills boulevard, roseville, ca, 95747, us",5121 Foothills Boulevard
Mozzarella Fries,$3.99,480 Cal,"5121 foothills boulevard, roseville, ca, 95747, us",5121 Foothills Boulevard
Chicken Nuggets,$2.99,390 Cal,"5121 foothills boulevard, roseville, ca, 95747, us",5121 Foothills Boulevard
Mott's® Applesauce,$1.69,50 Cal,"5121 foothills boulevard, roseville, ca, 95747, us",5121 Foothills Boulevard
Fiery Bacon Whopper®,$8.59,800 Cal,"5400 ygnacio valley road, concord, ca, 94521, us",5400 Ygnacio Valley Road
Whopper,$7.89,670 Cal,"5400 ygnacio valley road, concord, ca, 94521, us",5400 Ygnacio Valley Road
Impossible™ Whopper,$8.39,630 Cal,"5400 ygnacio valley road, concord, ca, 94521, us",5400 Ygnacio Valley Road
Texas Double Whopper,$10.29,"1,090 Cal","5400 ygnacio valley road, concord, ca, 94521, us",5400 Ygnacio Valley Road
Double Whopper,$8.89,920 Cal,"5400 ygnacio valley road, concord, ca, 94521, us",5400 Ygnacio Valley Road
Triple Whopper,$9.89,"1,170 Cal","5400 ygnacio valley road, concord, ca, 94521, us",5400 Ygnacio Valley Road
Bacon King,$10.79,"1,200 Cal","5400 ygnacio valley road, concord, ca, 94521, us",5400 Ygnacio Valley Road
BBQ Bacon Whopper Jr.,$6.19,390 Cal,"5400 ygnacio valley road, concord, ca, 94521, us",5400 Ygnacio Valley Road
Double Whopper Jr.,$5.59,447 Cal,"5400 ygnacio valley road, concord, ca, 94521, us",5400 Ygnacio Valley Road
Whopper Jr.,$4.59,330 Cal,"5400 ygnacio valley road, concord, ca, 94521, us",5400 Ygnacio Valley Road
Bacon Double Cheeseburger,$4.99,440 Cal,"5400 ygnacio valley road, concord, ca, 94521, us",5400 Ygnacio Valley Road
Bacon Cheeseburger,$3.59,340 Cal,"5400 ygnacio valley road, concord, ca, 94521, us",5400 Ygnacio Valley Road
Double Cheeseburger,$3.79,400 Cal,"5400 ygnacio valley road, concord, ca, 94521, us",5400 Ygnacio Valley Road
Cheeseburger,$3.29,290 Cal,"5400 ygnacio valley road, concord, ca, 94521, us",5400 Ygnacio Valley Road
Rodeo Burger,$3.29,340 Cal,"5400 ygnacio valley road, concord, ca, 94521, us",5400 Ygnacio Valley Road
Hamburger,$3.29,250 Cal,"5400 ygnacio valley road, concord, ca, 94521, us",5400 Ygnacio Valley Road
Have-sies™,$4.39,380 Cal,"5400 ygnacio valley road, concord, ca, 94521, us",5400 Ygnacio Valley Road
French Fries,$4.09,370 Cal,"5400 ygnacio valley road, concord, ca, 94521, us",5400 Ygnacio Valley Road
Onion Rings,$4.09,360 Cal,"5400 ygnacio valley road, concord, ca, 94521, us",5400 Ygnacio Valley Road
Fiery Chicken Fries,$4.99,260 Cal,"5400 ygnacio valley road, concord, ca, 94521, us",5400 Ygnacio Valley Road
Fiery Mozzarella Fries,$5.29,450 Cal,"5400 ygnacio valley road, concord, ca, 94521, us",5400 Ygnacio Valley Road
Chicken Fries,$4.99,220 Cal,"5400 ygnacio valley road, concord, ca, 94521, us",5400 Ygnacio Valley Road
Mozzarella Fries,$4.99,480 Cal,"5400 ygnacio valley road, concord, ca, 94521, us",5400 Ygnacio Valley Road
Chicken Nuggets,$2.99,390 Cal,"5400 ygnacio valley road, concord, ca, 94521, us",5400 Ygnacio Valley Road
Mott's® Applesauce,$1.49,50 Cal,"5400 ygnacio valley road, concord, ca, 94521, us",5400 Ygnacio Valley Road
Crispy Tacos,$1.99,170 Cal,"5400 ygnacio valley road, concord, ca, 94521, us",5400 Ygnacio Valley Road
Fiery Bacon Whopper®,$8.59,800 Cal,"56 mission circle, santa rosa, ca, 95409, us",56 Mission Circle
Whopper,$7.59,670 Cal,"56 mission circle, santa rosa, ca, 95409, us",56 Mission Circle
Impossible™ Whopper,$8.49,630 Cal,"56 mission circle, santa rosa, ca, 95409, us",56 Mission Circle
Texas Double Whopper,$9.29,"1,090 Cal","56 mission circle, santa rosa, ca, 95409, us",56 Mission Circle
Double Whopper,$8.59,920 Cal,"56 mission circle, santa rosa, ca, 95409, us",56 Mission Circle
Triple Whopper,$9.59,"1,170 Cal","56 mission circle, santa rosa, ca, 95409, us",56 Mission Circle
Bacon King,$9.29,"1,200 Cal","56 mission circle, santa rosa, ca, 95409, us",56 Mission Circle
BBQ Bacon Whopper Jr.,$4.49,390 Cal,"56 mission circle, santa rosa, ca, 95409, us",56 Mission Circle
Double Whopper Jr.,$5.19,447 Cal,"56 mission circle, santa rosa, ca, 95409, us",56 Mission Circle
Whopper Jr.,$4.09,330 Cal,"56 mission circle, santa rosa, ca, 95409, us",56 Mission Circle
Bacon Double Cheeseburger,$4.19,440 Cal,"56 mission circle, santa rosa, ca, 95409, us",56 Mission Circle
Bacon Cheeseburger,$3.69,340 Cal,"56 mission circle, santa rosa, ca, 95409, us",56 Mission Circle
Double Cheeseburger,$3.99,400 Cal,"56 mission circle, santa rosa, ca, 95409, us",56 Mission Circle
Cheeseburger,$3.29,290 Cal,"56 mission circle, santa rosa, ca, 95409, us",56 Mission Circle
Rodeo Burger,$3.29,340 Cal,"56 mission circle, santa rosa, ca, 95409, us",56 Mission Circle
Hamburger,$2.49,250 Cal,"56 mission circle, santa rosa, ca, 95409, us",56 Mission Circle
Have-sies™,$3.99,380 Cal,"56 mission circle, santa rosa, ca, 95409, us",56 Mission Circle
French Fries,$3.99,370 Cal,"56 mission circle, santa rosa, ca, 95409, us",56 Mission Circle
Onion Rings,$3.99,360 Cal,"56 mission circle, santa rosa, ca, 95409, us",56 Mission Circle
Fiery Chicken Fries,$4.29,260 Cal,"56 mission circle, santa rosa, ca, 95409, us",56 Mission Circle
Fiery Mozzarella Fries,$4.99,450 Cal,"56 mission circle, santa rosa, ca, 95409, us",56 Mission Circle
Chicken Fries,$4.29,220 Cal,"56 mission circle, santa rosa, ca, 95409, us",56 Mission Circle
Mozzarella Fries,$4.99,480 Cal,"56 mission circle, santa rosa, ca, 95409, us",56 Mission Circle
Chicken Nuggets,$2.99,390 Cal,"56 mission circle, santa rosa, ca, 95409, us",56 Mission Circle
Mott's® Applesauce,$1.99,50 Cal,"56 mission circle, santa rosa, ca, 95409, us",56 Mission Circle
Crispy Tacos,$1.29,170 Cal,"56 mission circle, santa rosa, ca, 95409, us",56 Mission Circle
Fiery Bacon Whopper®,$8.59,800 Cal,"5610 freeport boulevard, sacramento, ca, 95822, us",5150 Stockton Blvd.
Whopper,$6.99,670 Cal,"5610 freeport boulevard, sacramento, ca, 95822, us",5150 Stockton Blvd.
Impossible™ Whopper,$7.99,630 Cal,"5610 freeport boulevard, sacramento, ca, 95822, us",5150 Stockton Blvd.
Texas Double Whopper,$9.39,"1,090 Cal","5610 freeport boulevard, sacramento, ca, 95822, us",5150 Stockton Blvd.
Double Whopper,$8.29,920 Cal,"5610 freeport boulevard, sacramento, ca, 95822, us",5150 Stockton Blvd.
Triple Whopper,$9.49,"1,170 Cal","5610 freeport boulevard, sacramento, ca, 95822, us",5150 Stockton Blvd.
Bacon King,$8.79,"1,200 Cal","5610 freeport boulevard, sacramento, ca, 95822, us",5150 Stockton Blvd.
BBQ Bacon Whopper Jr.,$3.89,390 Cal,"5610 freeport boulevard, sacramento, ca, 95822, us",5150 Stockton Blvd.
Double Whopper Jr.,$5.69,447 Cal,"5610 freeport boulevard, sacramento, ca, 95822, us",5150 Stockton Blvd.
Whopper Jr.,$4.19,330 Cal,"5610 freeport boulevard, sacramento, ca, 95822, us",5150 Stockton Blvd.
Bacon Double Cheeseburger,$4.49,440 Cal,"5610 freeport boulevard, sacramento, ca, 95822, us",5150 Stockton Blvd.
Bacon Cheeseburger,$3.49,340 Cal,"5610 freeport boulevard, sacramento, ca, 95822, us",5150 Stockton Blvd.
Double Cheeseburger,$3.69,400 Cal,"5610 freeport boulevard, sacramento, ca, 95822, us",5150 Stockton Blvd.
Cheeseburger,$2.79,290 Cal,"5610 freeport boulevard, sacramento, ca, 95822, us",5150 Stockton Blvd.
Rodeo Burger,$2.79,340 Cal,"5610 freeport boulevard, sacramento, ca, 95822, us",5150 Stockton Blvd.
Hamburger,$2.39,250 Cal,"5610 freeport boulevard, sacramento, ca, 95822, us",5150 Stockton Blvd.
Have-sies™,$3.49,380 Cal,"5610 freeport boulevard, sacramento, ca, 95822, us",5150 Stockton Blvd.
French Fries,$3.89,370 Cal,"5610 freeport boulevard, sacramento, ca, 95822, us",5150 Stockton Blvd.
Onion Rings,$3.89,360 Cal,"5610 freeport boulevard, sacramento, ca, 95822, us",5150 Stockton Blvd.
Fiery Chicken Fries,$3.99,260 Cal,"5610 freeport boulevard, sacramento, ca, 95822, us",5150 Stockton Blvd.
Fiery Mozzarella Fries,$4.29,450 Cal,"5610 freeport boulevard, sacramento, ca, 95822, us",5150 Stockton Blvd.
Chicken Fries,$4.19,220 Cal,"5610 freeport boulevard, sacramento, ca, 95822, us",5150 Stockton Blvd.
Mozzarella Fries,$3.99,480 Cal,"5610 freeport boulevard, sacramento, ca, 95822, us",5150 Stockton Blvd.
Chicken Nuggets,$2.99,390 Cal,"5610 freeport boulevard, sacramento, ca, 95822, us",5150 Stockton Blvd.
Mott's® Applesauce,$1.69,50 Cal,"5610 freeport boulevard, sacramento, ca, 95822, us",5150 Stockton Blvd.
Fiery Bacon Whopper®,$8.59,800 Cal,"5701 christie avenue, emeryville, ca, 94608, us",5701 Christie Avenue
Whopper,$8.09,670 Cal,"5701 christie avenue, emeryville, ca, 94608, us",5701 Christie Avenue
Impossible™ Whopper,$8.59,630 Cal,"5701 christie avenue, emeryville, ca, 94608, us",5701 Christie Avenue
Texas Double Whopper,$10.49,"1,090 Cal","5701 christie avenue, emeryville, ca, 94608, us",5701 Christie Avenue
Double Whopper,$9.09,920 Cal,"5701 christie avenue, emeryville, ca, 94608, us",5701 Christie Avenue
Triple Whopper,$10.09,"1,170 Cal","5701 christie avenue, emeryville, ca, 94608, us",5701 Christie Avenue
Bacon King,$10.99,"1,200 Cal","5701 christie avenue, emeryville, ca, 94608, us",5701 Christie Avenue
BBQ Bacon Whopper Jr.,$6.39,390 Cal,"5701 christie avenue, emeryville, ca, 94608, us",5701 Christie Avenue
Double Whopper Jr.,$5.79,447 Cal,"5701 christie avenue, emeryville, ca, 94608, us",5701 Christie Avenue
Whopper Jr.,$4.79,330 Cal,"5701 christie avenue, emeryville, ca, 94608, us",5701 Christie Avenue
Bacon Double Cheeseburger,$5.19,440 Cal,"5701 christie avenue, emeryville, ca, 94608, us",5701 Christie Avenue
Bacon Cheeseburger,$3.59,340 Cal,"5701 christie avenue, emeryville, ca, 94608, us",5701 Christie Avenue
Double Cheeseburger,$3.79,400 Cal,"5701 christie avenue, emeryville, ca, 94608, us",5701 Christie Avenue
Cheeseburger,$3.29,290 Cal,"5701 christie avenue, emeryville, ca, 94608, us",5701 Christie Avenue
Rodeo Burger,$3.29,340 Cal,"5701 christie avenue, emeryville, ca, 94608, us",5701 Christie Avenue
Hamburger,$3.49,250 Cal,"5701 christie avenue, emeryville, ca, 94608, us",5701 Christie Avenue
Have-sies™,$4.39,380 Cal,"5701 christie avenue, emeryville, ca, 94608, us",5701 Christie Avenue
French Fries,$4.09,370 Cal,"5701 christie avenue, emeryville, ca, 94608, us",5701 Christie Avenue
Onion Rings,$4.09,360 Cal,"5701 christie avenue, emeryville, ca, 94608, us",5701 Christie Avenue
Fiery Chicken Fries,$4.99,260 Cal,"5701 christie avenue, emeryville, ca, 94608, us",5701 Christie Avenue
Fiery Mozzarella Fries,$5.29,450 Cal,"5701 christie avenue, emeryville, ca, 94608, us",5701 Christie Avenue
Chicken Fries,$4.99,220 Cal,"5701 christie avenue, emeryville, ca, 94608, us",5701 Christie Avenue
Mozzarella Fries,$4.99,480 Cal,"5701 christie avenue, emeryville, ca, 94608, us",5701 Christie Avenue
Chicken Nuggets,$2.99,390 Cal,"5701 christie avenue, emeryville, ca, 94608, us",5701 Christie Avenue
Mott's® Applesauce,$1.49,50 Cal,"5701 christie avenue, emeryville, ca, 94608, us",5701 Christie Avenue
Crispy Tacos,$1.99,170 Cal,"5701 christie avenue, emeryville, ca, 94608, us",5701 Christie Avenue
Fiery Bacon Whopper®,$8.99,800 Cal,"575 north clovis avenue, fresno, ca, 93727, us",1278 El Camino Real
Whopper,$7.39,670 Cal,"575 north clovis avenue, fresno, ca, 93727, us",1278 El Camino Real
Impossible™ Whopper,$8.29,630 Cal,"575 north clovis avenue, fresno, ca, 93727, us",1278 El Camino Real
Texas Double Whopper,$9.39,"1,090 Cal","575 north clovis avenue, fresno, ca, 93727, us",1278 El Camino Real
Double Whopper,$8.39,920 Cal,"575 north clovis avenue, fresno, ca, 93727, us",1278 El Camino Real
Triple Whopper,$9.39,"1,170 Cal","575 north clovis avenue, fresno, ca, 93727, us",1278 El Camino Real
Bacon King,$9.39,"1,200 Cal","575 north clovis avenue, fresno, ca, 93727, us",1278 El Camino Real
BBQ Bacon Whopper Jr.,$4.59,390 Cal,"575 north clovis avenue, fresno, ca, 93727, us",1278 El Camino Real
Double Whopper Jr.,$5.29,447 Cal,"575 north clovis avenue, fresno, ca, 93727, us",1278 El Camino Real
Whopper Jr.,$4.29,330 Cal,"575 north clovis avenue, fresno, ca, 93727, us",1278 El Camino Real
Bacon Double Cheeseburger,$4.59,440 Cal,"575 north clovis avenue, fresno, ca, 93727, us",1278 El Camino Real
Bacon Cheeseburger,$3.99,340 Cal,"575 north clovis avenue, fresno, ca, 93727, us",1278 El Camino Real
Double Cheeseburger,$3.59,400 Cal,"575 north clovis avenue, fresno, ca, 93727, us",1278 El Camino Real
Cheeseburger,$3.09,290 Cal,"575 north clovis avenue, fresno, ca, 93727, us",1278 El Camino Real
Rodeo Burger,$3.59,340 Cal,"575 north clovis avenue, fresno, ca, 93727, us",1278 El Camino Real
Hamburger,$2.59,250 Cal,"575 north clovis avenue, fresno, ca, 93727, us",1278 El Camino Real
Have-sies™,$3.39,380 Cal,"575 north clovis avenue, fresno, ca, 93727, us",1278 El Camino Real
French Fries,$3.39,370 Cal,"575 north clovis avenue, fresno, ca, 93727, us",1278 El Camino Real
Onion Rings,$3.39,360 Cal,"575 north clovis avenue, fresno, ca, 93727, us",1278 El Camino Real
Fiery Chicken Fries,$5.29,260 Cal,"575 north clovis avenue, fresno, ca, 93727, us",1278 El Camino Real
Fiery Mozzarella Fries,$5.29,450 Cal,"575 north clovis avenue, fresno, ca, 93727, us",1278 El Camino Real
Chicken Fries,$5.19,220 Cal,"575 north clovis avenue, fresno, ca, 93727, us",1278 El Camino Real
Mozzarella Fries,$3.99,480 Cal,"575 north clovis avenue, fresno, ca, 93727, us",1278 El Camino Real
Chicken Nuggets,$2.99,390 Cal,"575 north clovis avenue, fresno, ca, 93727, us",1278 El Camino Real
Mott's® Applesauce,$1.49,50 Cal,"575 north clovis avenue, fresno, ca, 93727, us",1278 El Camino Real
Crispy Tacos,$1.79,170 Cal,"575 north clovis avenue, fresno, ca, 93727, us",1278 El Camino Real
Fiery Bacon Whopper®,$8.99,800 Cal,"5790 van buren boulevard, riverside, ca, 92503, us",5790 VAN BUREN BOULEVARD
Whopper,$7.99,670 Cal,"5790 van buren boulevard, riverside, ca, 92503, us",5790 VAN BUREN BOULEVARD
Impossible™ Whopper,$8.49,630 Cal,"5790 van buren boulevard, riverside, ca, 92503, us",5790 VAN BUREN BOULEVARD
Texas Double Whopper,$10.29,"1,090 Cal","5790 van buren boulevard, riverside, ca, 92503, us",5790 VAN BUREN BOULEVARD
Double Whopper,$9.19,920 Cal,"5790 van buren boulevard, riverside, ca, 92503, us",5790 VAN BUREN BOULEVARD
Triple Whopper,$10.39,"1,170 Cal","5790 van buren boulevard, riverside, ca, 92503, us",5790 VAN BUREN BOULEVARD
Bacon King,$9.49,"1,200 Cal","5790 van buren boulevard, riverside, ca, 92503, us",5790 VAN BUREN BOULEVARD
BBQ Bacon Whopper Jr.,$4.79,390 Cal,"5790 van buren boulevard, riverside, ca, 92503, us",5790 VAN BUREN BOULEVARD
Double Whopper Jr.,$5.99,447 Cal,"5790 van buren boulevard, riverside, ca, 92503, us",5790 VAN BUREN BOULEVARD
Whopper Jr.,$4.59,330 Cal,"5790 van buren boulevard, riverside, ca, 92503, us",5790 VAN BUREN BOULEVARD
Bacon Double Cheeseburger,$4.39,440 Cal,"5790 van buren boulevard, riverside, ca, 92503, us",5790 VAN BUREN BOULEVARD
Bacon Cheeseburger,$3.19,340 Cal,"5790 van buren boulevard, riverside, ca, 92503, us",5790 VAN BUREN BOULEVARD
Double Cheeseburger,$3.59,400 Cal,"5790 van buren boulevard, riverside, ca, 92503, us",5790 VAN BUREN BOULEVARD
Cheeseburger,$2.79,290 Cal,"5790 van buren boulevard, riverside, ca, 92503, us",5790 VAN BUREN BOULEVARD
Rodeo Burger,$2.79,340 Cal,"5790 van buren boulevard, riverside, ca, 92503, us",5790 VAN BUREN BOULEVARD
Hamburger,$1.89,250 Cal,"5790 van buren boulevard, riverside, ca, 92503, us",5790 VAN BUREN BOULEVARD
Have-sies™,$3.79,380 Cal,"5790 van buren boulevard, riverside, ca, 92503, us",5790 VAN BUREN BOULEVARD
French Fries,$3.99,370 Cal,"5790 van buren boulevard, riverside, ca, 92503, us",5790 VAN BUREN BOULEVARD
Onion Rings,$3.99,360 Cal,"5790 van buren boulevard, riverside, ca, 92503, us",5790 VAN BUREN BOULEVARD
Fiery Chicken Fries,$4.89,260 Cal,"5790 van buren boulevard, riverside, ca, 92503, us",5790 VAN BUREN BOULEVARD
Fiery Mozzarella Fries,$4.89,450 Cal,"5790 van buren boulevard, riverside, ca, 92503, us",5790 VAN BUREN BOULEVARD
Chicken Fries,$4.99,220 Cal,"5790 van buren boulevard, riverside, ca, 92503, us",5790 VAN BUREN BOULEVARD
Mozzarella Fries,$4.89,480 Cal,"5790 van buren boulevard, riverside, ca, 92503, us",5790 VAN BUREN BOULEVARD
Chicken Nuggets,$3.49,390 Cal,"5790 van buren boulevard, riverside, ca, 92503, us",5790 VAN BUREN BOULEVARD
Mott's® Applesauce,$2.29,50 Cal,"5790 van buren boulevard, riverside, ca, 92503, us",5790 VAN BUREN BOULEVARD
Fiery Bacon Whopper®,$8.59,800 Cal,"5869 antelope rd, sacramento, ca, 95621, us",5869 Antelope Rd
Whopper,$6.99,670 Cal,"5869 antelope rd, sacramento, ca, 95621, us",5869 Antelope Rd
Impossible™ Whopper,$7.99,630 Cal,"5869 antelope rd, sacramento, ca, 95621, us",5869 Antelope Rd
Texas Double Whopper,$9.39,"1,090 Cal","5869 antelope rd, sacramento, ca, 95621, us",5869 Antelope Rd
Double Whopper,$8.29,920 Cal,"5869 antelope rd, sacramento, ca, 95621, us",5869 Antelope Rd
Triple Whopper,$9.49,"1,170 Cal","5869 antelope rd, sacramento, ca, 95621, us",5869 Antelope Rd
Bacon King,$8.79,"1,200 Cal","5869 antelope rd, sacramento, ca, 95621, us",5869 Antelope Rd
BBQ Bacon Whopper Jr.,$3.89,390 Cal,"5869 antelope rd, sacramento, ca, 95621, us",5869 Antelope Rd
Double Whopper Jr.,$5.39,447 Cal,"5869 antelope rd, sacramento, ca, 95621, us",5869 Antelope Rd
Whopper Jr.,$4.19,330 Cal,"5869 antelope rd, sacramento, ca, 95621, us",5869 Antelope Rd
Bacon Double Cheeseburger,$4.49,440 Cal,"5869 antelope rd, sacramento, ca, 95621, us",5869 Antelope Rd
Bacon Cheeseburger,$3.49,340 Cal,"5869 antelope rd, sacramento, ca, 95621, us",5869 Antelope Rd
Double Cheeseburger,$3.69,400 Cal,"5869 antelope rd, sacramento, ca, 95621, us",5869 Antelope Rd
Cheeseburger,$2.79,290 Cal,"5869 antelope rd, sacramento, ca, 95621, us",5869 Antelope Rd
Rodeo Burger,$2.79,340 Cal,"5869 antelope rd, sacramento, ca, 95621, us",5869 Antelope Rd
Hamburger,$2.39,250 Cal,"5869 antelope rd, sacramento, ca, 95621, us",5869 Antelope Rd
Have-sies™,$3.49,380 Cal,"5869 antelope rd, sacramento, ca, 95621, us",5869 Antelope Rd
French Fries,$3.89,370 Cal,"5869 antelope rd, sacramento, ca, 95621, us",5869 Antelope Rd
Onion Rings,$3.89,360 Cal,"5869 antelope rd, sacramento, ca, 95621, us",5869 Antelope Rd
Fiery Chicken Fries,$4.29,260 Cal,"5869 antelope rd, sacramento, ca, 95621, us",5869 Antelope Rd
Fiery Mozzarella Fries,$4.29,450 Cal,"5869 antelope rd, sacramento, ca, 95621, us",5869 Antelope Rd
Chicken Fries,$4.29,220 Cal,"5869 antelope rd, sacramento, ca, 95621, us",5869 Antelope Rd
Mozzarella Fries,$3.99,480 Cal,"5869 antelope rd, sacramento, ca, 95621, us",5869 Antelope Rd
Chicken Nuggets,$2.99,390 Cal,"5869 antelope rd, sacramento, ca, 95621, us",5869 Antelope Rd
Crispy Tacos,$1.19,170 Cal,"5869 antelope rd, sacramento, ca, 95621, us",5869 Antelope Rd
Fiery Bacon Whopper®,$8.99,800 Cal,"5950 telegraph road, ventura, ca, 93003, us",5950 Telegraph Road
Whopper,$7.99,670 Cal,"5950 telegraph road, ventura, ca, 93003, us",5950 Telegraph Road
Impossible™ Whopper,$8.49,630 Cal,"5950 telegraph road, ventura, ca, 93003, us",5950 Telegraph Road
Texas Double Whopper,$10.29,"1,090 Cal","5950 telegraph road, ventura, ca, 93003, us",5950 Telegraph Road
Double Whopper,$9.19,920 Cal,"5950 telegraph road, ventura, ca, 93003, us",5950 Telegraph Road
Triple Whopper,$10.39,"1,170 Cal","5950 telegraph road, ventura, ca, 93003, us",5950 Telegraph Road
Bacon King,$9.49,"1,200 Cal","5950 telegraph road, ventura, ca, 93003, us",5950 Telegraph Road
BBQ Bacon Whopper Jr.,$4.79,390 Cal,"5950 telegraph road, ventura, ca, 93003, us",5950 Telegraph Road
Double Whopper Jr.,$5.99,447 Cal,"5950 telegraph road, ventura, ca, 93003, us",5950 Telegraph Road
Whopper Jr.,$4.59,330 Cal,"5950 telegraph road, ventura, ca, 93003, us",5950 Telegraph Road
Bacon Double Cheeseburger,$4.39,440 Cal,"5950 telegraph road, ventura, ca, 93003, us",5950 Telegraph Road
Bacon Cheeseburger,$3.19,340 Cal,"5950 telegraph road, ventura, ca, 93003, us",5950 Telegraph Road
Double Cheeseburger,$3.59,400 Cal,"5950 telegraph road, ventura, ca, 93003, us",5950 Telegraph Road
Cheeseburger,$2.79,290 Cal,"5950 telegraph road, ventura, ca, 93003, us",5950 Telegraph Road
Rodeo Burger,$2.79,340 Cal,"5950 telegraph road, ventura, ca, 93003, us",5950 Telegraph Road
Hamburger,$1.89,250 Cal,"5950 telegraph road, ventura, ca, 93003, us",5950 Telegraph Road
Have-sies™,$3.79,380 Cal,"5950 telegraph road, ventura, ca, 93003, us",5950 Telegraph Road
French Fries,$3.99,370 Cal,"5950 telegraph road, ventura, ca, 93003, us",5950 Telegraph Road
Onion Rings,$3.99,360 Cal,"5950 telegraph road, ventura, ca, 93003, us",5950 Telegraph Road
Fiery Chicken Fries,$4.89,260 Cal,"5950 telegraph road, ventura, ca, 93003, us",5950 Telegraph Road
Fiery Mozzarella Fries,$4.89,450 Cal,"5950 telegraph road, ventura, ca, 93003, us",5950 Telegraph Road
Chicken Fries,$4.99,220 Cal,"5950 telegraph road, ventura, ca, 93003, us",5950 Telegraph Road
Mozzarella Fries,$4.89,480 Cal,"5950 telegraph road, ventura, ca, 93003, us",5950 Telegraph Road
Chicken Nuggets,$3.49,390 Cal,"5950 telegraph road, ventura, ca, 93003, us",5950 Telegraph Road
Mott's® Applesauce,$2.29,50 Cal,"5950 telegraph road, ventura, ca, 93003, us",5950 Telegraph Road
Fiery Bacon Whopper®,$8.99,800 Cal,"599 broadway, chula vista, ca, 91910, us",599 Broadway
Whopper,$7.99,670 Cal,"599 broadway, chula vista, ca, 91910, us",599 Broadway
Impossible™ Whopper,$8.49,630 Cal,"599 broadway, chula vista, ca, 91910, us",599 Broadway
Texas Double Whopper,$10.29,"1,090 Cal","599 broadway, chula vista, ca, 91910, us",599 Broadway
Double Whopper,$9.19,920 Cal,"599 broadway, chula vista, ca, 91910, us",599 Broadway
Triple Whopper,$10.39,"1,170 Cal","599 broadway, chula vista, ca, 91910, us",599 Broadway
Bacon King,$9.49,"1,200 Cal","599 broadway, chula vista, ca, 91910, us",599 Broadway
BBQ Bacon Whopper Jr.,$4.79,390 Cal,"599 broadway, chula vista, ca, 91910, us",599 Broadway
Double Whopper Jr.,$5.59,447 Cal,"599 broadway, chula vista, ca, 91910, us",599 Broadway
Whopper Jr.,$4.59,330 Cal,"599 broadway, chula vista, ca, 91910, us",599 Broadway
Bacon Double Cheeseburger,$4.39,440 Cal,"599 broadway, chula vista, ca, 91910, us",599 Broadway
Bacon Cheeseburger,$3.29,340 Cal,"599 broadway, chula vista, ca, 91910, us",599 Broadway
Double Cheeseburger,$3.59,400 Cal,"599 broadway, chula vista, ca, 91910, us",599 Broadway
Cheeseburger,$2.79,290 Cal,"599 broadway, chula vista, ca, 91910, us",599 Broadway
Rodeo Burger,$2.79,340 Cal,"599 broadway, chula vista, ca, 91910, us",599 Broadway
Hamburger,$2.19,250 Cal,"599 broadway, chula vista, ca, 91910, us",599 Broadway
Have-sies™,$3.79,380 Cal,"599 broadway, chula vista, ca, 91910, us",599 Broadway
French Fries,$3.99,370 Cal,"599 broadway, chula vista, ca, 91910, us",599 Broadway
Onion Rings,$3.99,360 Cal,"599 broadway, chula vista, ca, 91910, us",599 Broadway
Fiery Chicken Fries,$2.49,260 Cal,"599 broadway, chula vista, ca, 91910, us",599 Broadway
Fiery Mozzarella Fries,$4.89,450 Cal,"599 broadway, chula vista, ca, 91910, us",599 Broadway
Chicken Fries,$4.99,220 Cal,"599 broadway, chula vista, ca, 91910, us",599 Broadway
Mozzarella Fries,$4.89,480 Cal,"599 broadway, chula vista, ca, 91910, us",599 Broadway
Chicken Nuggets,$3.49,390 Cal,"599 broadway, chula vista, ca, 91910, us",599 Broadway
Mott's® Applesauce,$2.29,50 Cal,"599 broadway, chula vista, ca, 91910, us",599 Broadway
Crispy Tacos,$2.09,170 Cal,"599 broadway, chula vista, ca, 91910, us",599 Broadway
Fiery Bacon Whopper®,$8.99,800 Cal,"899 east h street, chula vista, ca, 91910, us",899 East H Street
Whopper,$7.99,670 Cal,"899 east h street, chula vista, ca, 91910, us",899 East H Street
Impossible™ Whopper,$8.49,630 Cal,"899 east h street, chula vista, ca, 91910, us",899 East H Street
Texas Double Whopper,$10.29,"1,090 Cal","899 east h street, chula vista, ca, 91910, us",899 East H Street
Double Whopper,$9.19,920 Cal,"899 east h street, chula vista, ca, 91910, us",899 East H Street
Triple Whopper,$10.39,"1,170 Cal","899 east h street, chula vista, ca, 91910, us",899 East H Street
Bacon King,$9.49,"1,200 Cal","899 east h street, chula vista, ca, 91910, us",899 East H Street
BBQ Bacon Whopper Jr.,$4.79,390 Cal,"899 east h street, chula vista, ca, 91910, us",899 East H Street
Double Whopper Jr.,$5.59,447 Cal,"899 east h street, chula vista, ca, 91910, us",899 East H Street
Whopper Jr.,$4.59,330 Cal,"899 east h street, chula vista, ca, 91910, us",899 East H Street
Bacon Double Cheeseburger,$4.39,440 Cal,"899 east h street, chula vista, ca, 91910, us",899 East H Street
Bacon Cheeseburger,$3.29,340 Cal,"899 east h street, chula vista, ca, 91910, us",899 East H Street
Double Cheeseburger,$3.59,400 Cal,"899 east h street, chula vista, ca, 91910, us",899 East H Street
Cheeseburger,$2.79,290 Cal,"899 east h street, chula vista, ca, 91910, us",899 East H Street
Rodeo Burger,$2.79,340 Cal,"899 east h street, chula vista, ca, 91910, us",899 East H Street
Hamburger,$2.19,250 Cal,"899 east h street, chula vista, ca, 91910, us",899 East H Street
Have-sies™,$3.79,380 Cal,"899 east h street, chula vista, ca, 91910, us",899 East H Street
French Fries,$3.99,370 Cal,"899 east h street, chula vista, ca, 91910, us",899 East H Street
Onion Rings,$3.99,360 Cal,"899 east h street, chula vista, ca, 91910, us",899 East H Street
Fiery Chicken Fries,$2.49,260 Cal,"899 east h street, chula vista, ca, 91910, us",899 East H Street
Fiery Mozzarella Fries,$4.89,450 Cal,"899 east h street, chula vista, ca, 91910, us",899 East H Street
Chicken Fries,$4.99,220 Cal,"899 east h street, chula vista, ca, 91910, us",899 East H Street
Mozzarella Fries,$4.89,480 Cal,"899 east h street, chula vista, ca, 91910, us",899 East H Street
Chicken Nuggets,$3.49,390 Cal,"899 east h street, chula vista, ca, 91910, us",899 East H Street
Mott's® Applesauce,$2.29,50 Cal,"899 east h street, chula vista, ca, 91910, us",899 East H Street
Crispy Tacos,$2.09,170 Cal,"899 east h street, chula vista, ca, 91910, us",899 East H Street
Fiery Bacon Whopper®,$8.99,800 Cal,"97 bonita road, chula vista, ca, 91910, us",97 Bonita Road
Whopper,$7.99,670 Cal,"97 bonita road, chula vista, ca, 91910, us",97 Bonita Road
Impossible™ Whopper,$8.49,630 Cal,"97 bonita road, chula vista, ca, 91910, us",97 Bonita Road
Texas Double Whopper,$10.29,"1,090 Cal","97 bonita road, chula vista, ca, 91910, us",97 Bonita Road
Double Whopper,$9.19,920 Cal,"97 bonita road, chula vista, ca, 91910, us",97 Bonita Road
Triple Whopper,$10.39,"1,170 Cal","97 bonita road, chula vista, ca, 91910, us",97 Bonita Road
Bacon King,$9.49,"1,200 Cal","97 bonita road, chula vista, ca, 91910, us",97 Bonita Road
BBQ Bacon Whopper Jr.,$4.79,390 Cal,"97 bonita road, chula vista, ca, 91910, us",97 Bonita Road
Double Whopper Jr.,$5.99,447 Cal,"97 bonita road, chula vista, ca, 91910, us",97 Bonita Road
Whopper Jr.,$4.59,330 Cal,"97 bonita road, chula vista, ca, 91910, us",97 Bonita Road
Bacon Double Cheeseburger,$4.39,440 Cal,"97 bonita road, chula vista, ca, 91910, us",97 Bonita Road
Bacon Cheeseburger,$3.19,340 Cal,"97 bonita road, chula vista, ca, 91910, us",97 Bonita Road
Double Cheeseburger,$3.59,400 Cal,"97 bonita road, chula vista, ca, 91910, us",97 Bonita Road
Cheeseburger,$2.79,290 Cal,"97 bonita road, chula vista, ca, 91910, us",97 Bonita Road
Rodeo Burger,$2.79,340 Cal,"97 bonita road, chula vista, ca, 91910, us",97 Bonita Road
Hamburger,$1.89,250 Cal,"97 bonita road, chula vista, ca, 91910, us",97 Bonita Road
Have-sies™,$3.79,380 Cal,"97 bonita road, chula vista, ca, 91910, us",97 Bonita Road
French Fries,$3.99,370 Cal,"97 bonita road, chula vista, ca, 91910, us",97 Bonita Road
Onion Rings,$3.99,360 Cal,"97 bonita road, chula vista, ca, 91910, us",97 Bonita Road
Fiery Chicken Fries,$4.89,260 Cal,"97 bonita road, chula vista, ca, 91910, us",97 Bonita Road
Fiery Mozzarella Fries,$4.89,450 Cal,"97 bonita road, chula vista, ca, 91910, us",97 Bonita Road
Chicken Fries,$4.99,220 Cal,"97 bonita road, chula vista, ca, 91910, us",97 Bonita Road
Mozzarella Fries,$4.89,480 Cal,"97 bonita road, chula vista, ca, 91910, us",97 Bonita Road
Chicken Nuggets,$3.49,390 Cal,"97 bonita road, chula vista, ca, 91910, us",97 Bonita Road
Mott's® Applesauce,$2.29,50 Cal,"97 bonita road, chula vista, ca, 91910, us",97 Bonita Road
Fiery Bacon Whopper®,$10.78,800 Cal,"601 east dyer road, santa ana, ca, 92705, us",601 East Dyer Road
Whopper,$7.99,670 Cal,"601 east dyer road, santa ana, ca, 92705, us",601 East Dyer Road
Impossible™ Whopper,$8.39,630 Cal,"601 east dyer road, santa ana, ca, 92705, us",601 East Dyer Road
Texas Double Whopper,$12.39,"1,090 Cal","601 east dyer road, santa ana, ca, 92705, us",601 East Dyer Road
Double Whopper,$10.49,920 Cal,"601 east dyer road, santa ana, ca, 92705, us",601 East Dyer Road
Triple Whopper,$12.99,"1,170 Cal","601 east dyer road, santa ana, ca, 92705, us",601 East Dyer Road
Bacon King,$12.39,"1,200 Cal","601 east dyer road, santa ana, ca, 92705, us",601 East Dyer Road
BBQ Bacon Whopper Jr.,$5.69,390 Cal,"601 east dyer road, santa ana, ca, 92705, us",601 East Dyer Road
Double Whopper Jr.,$5.29,447 Cal,"601 east dyer road, santa ana, ca, 92705, us",601 East Dyer Road
Whopper Jr.,$4.29,330 Cal,"601 east dyer road, santa ana, ca, 92705, us",601 East Dyer Road
Bacon Double Cheeseburger,$4.99,440 Cal,"601 east dyer road, santa ana, ca, 92705, us",601 East Dyer Road
Bacon Cheeseburger,$3.99,340 Cal,"601 east dyer road, santa ana, ca, 92705, us",601 East Dyer Road
Double Cheeseburger,$3.99,400 Cal,"601 east dyer road, santa ana, ca, 92705, us",601 East Dyer Road
Cheeseburger,$3.49,290 Cal,"601 east dyer road, santa ana, ca, 92705, us",601 East Dyer Road
Rodeo Burger,$3.99,340 Cal,"601 east dyer road, santa ana, ca, 92705, us",601 East Dyer Road
Hamburger,$3.49,250 Cal,"601 east dyer road, santa ana, ca, 92705, us",601 East Dyer Road
Have-sies™,$5.29,380 Cal,"601 east dyer road, santa ana, ca, 92705, us",601 East Dyer Road
French Fries,$4.99,370 Cal,"601 east dyer road, santa ana, ca, 92705, us",601 East Dyer Road
Onion Rings,$5.39,360 Cal,"601 east dyer road, santa ana, ca, 92705, us",601 East Dyer Road
Fiery Chicken Fries,$5.89,260 Cal,"601 east dyer road, santa ana, ca, 92705, us",601 East Dyer Road
Fiery Mozzarella Fries,$5.69,450 Cal,"601 east dyer road, santa ana, ca, 92705, us",601 East Dyer Road
Chicken Fries,$5.89,220 Cal,"601 east dyer road, santa ana, ca, 92705, us",601 East Dyer Road
Mozzarella Fries,$5.69,480 Cal,"601 east dyer road, santa ana, ca, 92705, us",601 East Dyer Road
Chicken Nuggets,$2.99,390 Cal,"601 east dyer road, santa ana, ca, 92705, us",601 East Dyer Road
Mott's® Applesauce,$2.59,50 Cal,"601 east dyer road, santa ana, ca, 92705, us",601 East Dyer Road
Crispy Tacos,$1.79,170 Cal,"601 east dyer road, santa ana, ca, 92705, us",601 East Dyer Road
Fiery Bacon Whopper®,$6.99,800 Cal,"619 west charter way, stockton, ca, 95206, us",619 West Charter Way
Whopper,$7.39,670 Cal,"619 west charter way, stockton, ca, 95206, us",619 West Charter Way
Impossible™ Whopper,$8.39,630 Cal,"619 west charter way, stockton, ca, 95206, us",619 West Charter Way
Texas Double Whopper,$9.69,"1,090 Cal","619 west charter way, stockton, ca, 95206, us",619 West Charter Way
Double Whopper,$8.49,920 Cal,"619 west charter way, stockton, ca, 95206, us",619 West Charter Way
Triple Whopper,$9.69,"1,170 Cal","619 west charter way, stockton, ca, 95206, us",619 West Charter Way
Bacon King,$9.19,"1,200 Cal","619 west charter way, stockton, ca, 95206, us",619 West Charter Way
BBQ Bacon Whopper Jr.,$3.89,390 Cal,"619 west charter way, stockton, ca, 95206, us",619 West Charter Way
Double Whopper Jr.,$4.99,447 Cal,"619 west charter way, stockton, ca, 95206, us",619 West Charter Way
Whopper Jr.,$4.19,330 Cal,"619 west charter way, stockton, ca, 95206, us",619 West Charter Way
Bacon Double Cheeseburger,$4.49,440 Cal,"619 west charter way, stockton, ca, 95206, us",619 West Charter Way
Bacon Cheeseburger,$3.69,340 Cal,"619 west charter way, stockton, ca, 95206, us",619 West Charter Way
Double Cheeseburger,$3.69,400 Cal,"619 west charter way, stockton, ca, 95206, us",619 West Charter Way
Cheeseburger,$2.79,290 Cal,"619 west charter way, stockton, ca, 95206, us",619 West Charter Way
Rodeo Burger,$2.59,340 Cal,"619 west charter way, stockton, ca, 95206, us",619 West Charter Way
Hamburger,$2.39,250 Cal,"619 west charter way, stockton, ca, 95206, us",619 West Charter Way
Have-sies™,$3.59,380 Cal,"619 west charter way, stockton, ca, 95206, us",619 West Charter Way
French Fries,$3.99,370 Cal,"619 west charter way, stockton, ca, 95206, us",619 West Charter Way
Onion Rings,$3.99,360 Cal,"619 west charter way, stockton, ca, 95206, us",619 West Charter Way
Fiery Chicken Fries,$3.99,260 Cal,"619 west charter way, stockton, ca, 95206, us",619 West Charter Way
Fiery Mozzarella Fries,$4.29,450 Cal,"619 west charter way, stockton, ca, 95206, us",619 West Charter Way
Chicken Fries,$4.29,220 Cal,"619 west charter way, stockton, ca, 95206, us",619 West Charter Way
Mozzarella Fries,$3.79,480 Cal,"619 west charter way, stockton, ca, 95206, us",619 West Charter Way
Chicken Nuggets,$2.99,390 Cal,"619 west charter way, stockton, ca, 95206, us",619 West Charter Way
Mott's® Applesauce,$1.69,50 Cal,"619 west charter way, stockton, ca, 95206, us",619 West Charter Way
Fiery Bacon Whopper®,$8.99,800 Cal,"6217 niles street, bakersfield, ca, 93306, us",6217 Niles Street
Whopper,$6.79,670 Cal,"6217 niles street, bakersfield, ca, 93306, us",6217 Niles Street
Impossible™ Whopper,$7.79,630 Cal,"6217 niles street, bakersfield, ca, 93306, us",6217 Niles Street
Texas Double Whopper,$8.79,"1,090 Cal","6217 niles street, bakersfield, ca, 93306, us",6217 Niles Street
Double Whopper,$7.89,920 Cal,"6217 niles street, bakersfield, ca, 93306, us",6217 Niles Street
Triple Whopper,$8.89,"1,170 Cal","6217 niles street, bakersfield, ca, 93306, us",6217 Niles Street
Bacon King,$9.19,"1,200 Cal","6217 niles street, bakersfield, ca, 93306, us",6217 Niles Street
BBQ Bacon Whopper Jr.,$3.99,390 Cal,"6217 niles street, bakersfield, ca, 93306, us",6217 Niles Street
Whopper Jr.,$3.59,330 Cal,"6217 niles street, bakersfield, ca, 93306, us",6217 Niles Street
Bacon Double Cheeseburger,$4.09,440 Cal,"6217 niles street, bakersfield, ca, 93306, us",6217 Niles Street
Bacon Cheeseburger,$3.29,340 Cal,"6217 niles street, bakersfield, ca, 93306, us",6217 Niles Street
Double Cheeseburger,$3.39,400 Cal,"6217 niles street, bakersfield, ca, 93306, us",6217 Niles Street
Cheeseburger,$2.49,290 Cal,"6217 niles street, bakersfield, ca, 93306, us",6217 Niles Street
Rodeo Burger,$2.59,340 Cal,"6217 niles street, bakersfield, ca, 93306, us",6217 Niles Street
Hamburger,$1.59,250 Cal,"6217 niles street, bakersfield, ca, 93306, us",6217 Niles Street
Have-sies™,$2.99,380 Cal,"6217 niles street, bakersfield, ca, 93306, us",6217 Niles Street
French Fries,$3.59,370 Cal,"6217 niles street, bakersfield, ca, 93306, us",6217 Niles Street
Onion Rings,$3.59,360 Cal,"6217 niles street, bakersfield, ca, 93306, us",6217 Niles Street
Fiery Chicken Fries,$3.99,260 Cal,"6217 niles street, bakersfield, ca, 93306, us",6217 Niles Street
Fiery Mozzarella Fries,$4.29,450 Cal,"6217 niles street, bakersfield, ca, 93306, us",6217 Niles Street
Chicken Fries,$4.09,220 Cal,"6217 niles street, bakersfield, ca, 93306, us",6217 Niles Street
Mozzarella Fries,$3.79,480 Cal,"6217 niles street, bakersfield, ca, 93306, us",6217 Niles Street
Chicken Nuggets,$2.69,390 Cal,"6217 niles street, bakersfield, ca, 93306, us",6217 Niles Street
Mott's® Applesauce,$1.69,50 Cal,"6217 niles street, bakersfield, ca, 93306, us",6217 Niles Street
Fiery Bacon Whopper®,$8.59,800 Cal,"6351 hembree lane, windsor, ca, 95492, us",5701 Christie Avenue
Whopper,$8.09,670 Cal,"6351 hembree lane, windsor, ca, 95492, us",5701 Christie Avenue
Impossible™ Whopper,$8.59,630 Cal,"6351 hembree lane, windsor, ca, 95492, us",5701 Christie Avenue
Texas Double Whopper,$10.49,"1,090 Cal","6351 hembree lane, windsor, ca, 95492, us",5701 Christie Avenue
Double Whopper,$9.09,920 Cal,"6351 hembree lane, windsor, ca, 95492, us",5701 Christie Avenue
Triple Whopper,$10.09,"1,170 Cal","6351 hembree lane, windsor, ca, 95492, us",5701 Christie Avenue
Bacon King,$10.99,"1,200 Cal","6351 hembree lane, windsor, ca, 95492, us",5701 Christie Avenue
BBQ Bacon Whopper Jr.,$6.39,390 Cal,"6351 hembree lane, windsor, ca, 95492, us",5701 Christie Avenue
Double Whopper Jr.,$5.79,447 Cal,"6351 hembree lane, windsor, ca, 95492, us",5701 Christie Avenue
Whopper Jr.,$4.79,330 Cal,"6351 hembree lane, windsor, ca, 95492, us",5701 Christie Avenue
Bacon Double Cheeseburger,$5.19,440 Cal,"6351 hembree lane, windsor, ca, 95492, us",5701 Christie Avenue
Bacon Cheeseburger,$3.59,340 Cal,"6351 hembree lane, windsor, ca, 95492, us",5701 Christie Avenue
Double Cheeseburger,$3.79,400 Cal,"6351 hembree lane, windsor, ca, 95492, us",5701 Christie Avenue
Cheeseburger,$3.29,290 Cal,"6351 hembree lane, windsor, ca, 95492, us",5701 Christie Avenue
Rodeo Burger,$3.29,340 Cal,"6351 hembree lane, windsor, ca, 95492, us",5701 Christie Avenue
Hamburger,$3.49,250 Cal,"6351 hembree lane, windsor, ca, 95492, us",5701 Christie Avenue
Have-sies™,$4.39,380 Cal,"6351 hembree lane, windsor, ca, 95492, us",5701 Christie Avenue
French Fries,$4.09,370 Cal,"6351 hembree lane, windsor, ca, 95492, us",5701 Christie Avenue
Onion Rings,$4.09,360 Cal,"6351 hembree lane, windsor, ca, 95492, us",5701 Christie Avenue
Fiery Chicken Fries,$4.99,260 Cal,"6351 hembree lane, windsor, ca, 95492, us",5701 Christie Avenue
Fiery Mozzarella Fries,$5.29,450 Cal,"6351 hembree lane, windsor, ca, 95492, us",5701 Christie Avenue
Chicken Fries,$4.99,220 Cal,"6351 hembree lane, windsor, ca, 95492, us",5701 Christie Avenue
Mozzarella Fries,$4.99,480 Cal,"6351 hembree lane, windsor, ca, 95492, us",5701 Christie Avenue
Chicken Nuggets,$2.99,390 Cal,"6351 hembree lane, windsor, ca, 95492, us",5701 Christie Avenue
Mott's® Applesauce,$1.49,50 Cal,"6351 hembree lane, windsor, ca, 95492, us",5701 Christie Avenue
Crispy Tacos,$1.99,170 Cal,"6351 hembree lane, windsor, ca, 95492, us",5701 Christie Avenue
Fiery Bacon Whopper®,$8.59,800 Cal,"6603 betty dr, visalia, ca, 93291, us",5701 Christie Avenue
Whopper,$8.09,670 Cal,"6603 betty dr, visalia, ca, 93291, us",5701 Christie Avenue
Impossible™ Whopper,$8.59,630 Cal,"6603 betty dr, visalia, ca, 93291, us",5701 Christie Avenue
Texas Double Whopper,$10.49,"1,090 Cal","6603 betty dr, visalia, ca, 93291, us",5701 Christie Avenue
Double Whopper,$9.09,920 Cal,"6603 betty dr, visalia, ca, 93291, us",5701 Christie Avenue
Triple Whopper,$10.09,"1,170 Cal","6603 betty dr, visalia, ca, 93291, us",5701 Christie Avenue
Bacon King,$10.99,"1,200 Cal","6603 betty dr, visalia, ca, 93291, us",5701 Christie Avenue
BBQ Bacon Whopper Jr.,$6.39,390 Cal,"6603 betty dr, visalia, ca, 93291, us",5701 Christie Avenue
Double Whopper Jr.,$5.79,447 Cal,"6603 betty dr, visalia, ca, 93291, us",5701 Christie Avenue
Whopper Jr.,$4.79,330 Cal,"6603 betty dr, visalia, ca, 93291, us",5701 Christie Avenue
Bacon Double Cheeseburger,$5.19,440 Cal,"6603 betty dr, visalia, ca, 93291, us",5701 Christie Avenue
Bacon Cheeseburger,$3.59,340 Cal,"6603 betty dr, visalia, ca, 93291, us",5701 Christie Avenue
Double Cheeseburger,$3.79,400 Cal,"6603 betty dr, visalia, ca, 93291, us",5701 Christie Avenue
Cheeseburger,$3.29,290 Cal,"6603 betty dr, visalia, ca, 93291, us",5701 Christie Avenue
Rodeo Burger,$3.29,340 Cal,"6603 betty dr, visalia, ca, 93291, us",5701 Christie Avenue
Hamburger,$3.49,250 Cal,"6603 betty dr, visalia, ca, 93291, us",5701 Christie Avenue
Have-sies™,$4.39,380 Cal,"6603 betty dr, visalia, ca, 93291, us",5701 Christie Avenue
French Fries,$4.09,370 Cal,"6603 betty dr, visalia, ca, 93291, us",5701 Christie Avenue
Onion Rings,$4.09,360 Cal,"6603 betty dr, visalia, ca, 93291, us",5701 Christie Avenue
Fiery Chicken Fries,$4.99,260 Cal,"6603 betty dr, visalia, ca, 93291, us",5701 Christie Avenue
Fiery Mozzarella Fries,$5.29,450 Cal,"6603 betty dr, visalia, ca, 93291, us",5701 Christie Avenue
Chicken Fries,$4.99,220 Cal,"6603 betty dr, visalia, ca, 93291, us",5701 Christie Avenue
Mozzarella Fries,$4.99,480 Cal,"6603 betty dr, visalia, ca, 93291, us",5701 Christie Avenue
Chicken Nuggets,$2.99,390 Cal,"6603 betty dr, visalia, ca, 93291, us",5701 Christie Avenue
Mott's® Applesauce,$1.49,50 Cal,"6603 betty dr, visalia, ca, 93291, us",5701 Christie Avenue
Crispy Tacos,$1.99,170 Cal,"6603 betty dr, visalia, ca, 93291, us",5701 Christie Avenue
Fiery Bacon Whopper®,$8.99,800 Cal,"6835 valley way, riverside, ca, 92509, us",6835 Valley Way
Whopper,$7.99,670 Cal,"6835 valley way, riverside, ca, 92509, us",6835 Valley Way
Impossible™ Whopper,$8.49,630 Cal,"6835 valley way, riverside, ca, 92509, us",6835 Valley Way
Texas Double Whopper,$10.29,"1,090 Cal","6835 valley way, riverside, ca, 92509, us",6835 Valley Way
Double Whopper,$9.19,920 Cal,"6835 valley way, riverside, ca, 92509, us",6835 Valley Way
Triple Whopper,$10.39,"1,170 Cal","6835 valley way, riverside, ca, 92509, us",6835 Valley Way
Bacon King,$9.49,"1,200 Cal","6835 valley way, riverside, ca, 92509, us",6835 Valley Way
BBQ Bacon Whopper Jr.,$4.79,390 Cal,"6835 valley way, riverside, ca, 92509, us",6835 Valley Way
Double Whopper Jr.,$5.99,447 Cal,"6835 valley way, riverside, ca, 92509, us",6835 Valley Way
Whopper Jr.,$4.59,330 Cal,"6835 valley way, riverside, ca, 92509, us",6835 Valley Way
Bacon Double Cheeseburger,$4.39,440 Cal,"6835 valley way, riverside, ca, 92509, us",6835 Valley Way
Bacon Cheeseburger,$3.19,340 Cal,"6835 valley way, riverside, ca, 92509, us",6835 Valley Way
Double Cheeseburger,$3.59,400 Cal,"6835 valley way, riverside, ca, 92509, us",6835 Valley Way
Cheeseburger,$2.79,290 Cal,"6835 valley way, riverside, ca, 92509, us",6835 Valley Way
Rodeo Burger,$2.79,340 Cal,"6835 valley way, riverside, ca, 92509, us",6835 Valley Way
Hamburger,$1.89,250 Cal,"6835 valley way, riverside, ca, 92509, us",6835 Valley Way
Have-sies™,$3.79,380 Cal,"6835 valley way, riverside, ca, 92509, us",6835 Valley Way
French Fries,$3.99,370 Cal,"6835 valley way, riverside, ca, 92509, us",6835 Valley Way
Onion Rings,$3.99,360 Cal,"6835 valley way, riverside, ca, 92509, us",6835 Valley Way
Fiery Chicken Fries,$4.89,260 Cal,"6835 valley way, riverside, ca, 92509, us",6835 Valley Way
Fiery Mozzarella Fries,$4.89,450 Cal,"6835 valley way, riverside, ca, 92509, us",6835 Valley Way
Chicken Fries,$4.99,220 Cal,"6835 valley way, riverside, ca, 92509, us",6835 Valley Way
Mozzarella Fries,$4.89,480 Cal,"6835 valley way, riverside, ca, 92509, us",6835 Valley Way
Chicken Nuggets,$3.49,390 Cal,"6835 valley way, riverside, ca, 92509, us",6835 Valley Way
Mott's® Applesauce,$2.29,50 Cal,"6835 valley way, riverside, ca, 92509, us",6835 Valley Way
Fiery Bacon Whopper®,$8.99,800 Cal,"7 muir road, martinez, ca, 94553, us",7 Muir Road
Whopper,$7.49,670 Cal,"7 muir road, martinez, ca, 94553, us",7 Muir Road
Impossible™ Whopper,$8.49,630 Cal,"7 muir road, martinez, ca, 94553, us",7 Muir Road
Texas Double Whopper,$9.99,"1,090 Cal","7 muir road, martinez, ca, 94553, us",7 Muir Road
Double Whopper,$8.49,920 Cal,"7 muir road, martinez, ca, 94553, us",7 Muir Road
Triple Whopper,$9.59,"1,170 Cal","7 muir road, martinez, ca, 94553, us",7 Muir Road
Bacon King,$9.29,"1,200 Cal","7 muir road, martinez, ca, 94553, us",7 Muir Road
BBQ Bacon Whopper Jr.,$4.99,390 Cal,"7 muir road, martinez, ca, 94553, us",7 Muir Road
Double Whopper Jr.,$5.29,447 Cal,"7 muir road, martinez, ca, 94553, us",7 Muir Road
Whopper Jr.,$4.49,330 Cal,"7 muir road, martinez, ca, 94553, us",7 Muir Road
Bacon Double Cheeseburger,$4.19,440 Cal,"7 muir road, martinez, ca, 94553, us",7 Muir Road
Bacon Cheeseburger,$3.49,340 Cal,"7 muir road, martinez, ca, 94553, us",7 Muir Road
Double Cheeseburger,$3.89,400 Cal,"7 muir road, martinez, ca, 94553, us",7 Muir Road
Cheeseburger,$2.99,290 Cal,"7 muir road, martinez, ca, 94553, us",7 Muir Road
Rodeo Burger,$2.99,340 Cal,"7 muir road, martinez, ca, 94553, us",7 Muir Road
Hamburger,$2.69,250 Cal,"7 muir road, martinez, ca, 94553, us",7 Muir Road
Have-sies™,$3.59,380 Cal,"7 muir road, martinez, ca, 94553, us",7 Muir Road
French Fries,$3.89,370 Cal,"7 muir road, martinez, ca, 94553, us",7 Muir Road
Onion Rings,$3.89,360 Cal,"7 muir road, martinez, ca, 94553, us",7 Muir Road
Fiery Chicken Fries,$4.79,260 Cal,"7 muir road, martinez, ca, 94553, us",7 Muir Road
Fiery Mozzarella Fries,$4.99,450 Cal,"7 muir road, martinez, ca, 94553, us",7 Muir Road
Chicken Fries,$4.79,220 Cal,"7 muir road, martinez, ca, 94553, us",7 Muir Road
Mozzarella Fries,$4.99,480 Cal,"7 muir road, martinez, ca, 94553, us",7 Muir Road
Chicken Nuggets,$2.99,390 Cal,"7 muir road, martinez, ca, 94553, us",7 Muir Road
Mott's® Applesauce,$1.79,50 Cal,"7 muir road, martinez, ca, 94553, us",7 Muir Road
Crispy Tacos,$1.50,170 Cal,"7 muir road, martinez, ca, 94553, us",7 Muir Road
Fiery Bacon Whopper®,$8.99,800 Cal,"700 east cesar e chavez avenue, los angeles, ca, 90012, us",700 Cesar Chavez Avenue
Whopper,$7.99,670 Cal,"700 east cesar e chavez avenue, los angeles, ca, 90012, us",700 Cesar Chavez Avenue
Impossible™ Whopper,$8.49,630 Cal,"700 east cesar e chavez avenue, los angeles, ca, 90012, us",700 Cesar Chavez Avenue
Texas Double Whopper,$10.29,"1,090 Cal","700 east cesar e chavez avenue, los angeles, ca, 90012, us",700 Cesar Chavez Avenue
Double Whopper,$9.19,920 Cal,"700 east cesar e chavez avenue, los angeles, ca, 90012, us",700 Cesar Chavez Avenue
Triple Whopper,$10.39,"1,170 Cal","700 east cesar e chavez avenue, los angeles, ca, 90012, us",700 Cesar Chavez Avenue
Bacon King,$9.49,"1,200 Cal","700 east cesar e chavez avenue, los angeles, ca, 90012, us",700 Cesar Chavez Avenue
BBQ Bacon Whopper Jr.,$4.79,390 Cal,"700 east cesar e chavez avenue, los angeles, ca, 90012, us",700 Cesar Chavez Avenue
Double Whopper Jr.,$5.59,447 Cal,"700 east cesar e chavez avenue, los angeles, ca, 90012, us",700 Cesar Chavez Avenue
Whopper Jr.,$4.59,330 Cal,"700 east cesar e chavez avenue, los angeles, ca, 90012, us",700 Cesar Chavez Avenue
Bacon Double Cheeseburger,$4.39,440 Cal,"700 east cesar e chavez avenue, los angeles, ca, 90012, us",700 Cesar Chavez Avenue
Bacon Cheeseburger,$3.29,340 Cal,"700 east cesar e chavez avenue, los angeles, ca, 90012, us",700 Cesar Chavez Avenue
Double Cheeseburger,$3.59,400 Cal,"700 east cesar e chavez avenue, los angeles, ca, 90012, us",700 Cesar Chavez Avenue
Cheeseburger,$2.79,290 Cal,"700 east cesar e chavez avenue, los angeles, ca, 90012, us",700 Cesar Chavez Avenue
Rodeo Burger,$2.79,340 Cal,"700 east cesar e chavez avenue, los angeles, ca, 90012, us",700 Cesar Chavez Avenue
Hamburger,$2.19,250 Cal,"700 east cesar e chavez avenue, los angeles, ca, 90012, us",700 Cesar Chavez Avenue
Have-sies™,$3.79,380 Cal,"700 east cesar e chavez avenue, los angeles, ca, 90012, us",700 Cesar Chavez Avenue
French Fries,$3.99,370 Cal,"700 east cesar e chavez avenue, los angeles, ca, 90012, us",700 Cesar Chavez Avenue
Onion Rings,$3.99,360 Cal,"700 east cesar e chavez avenue, los angeles, ca, 90012, us",700 Cesar Chavez Avenue
Fiery Chicken Fries,$4.89,260 Cal,"700 east cesar e chavez avenue, los angeles, ca, 90012, us",700 Cesar Chavez Avenue
Fiery Mozzarella Fries,$4.89,450 Cal,"700 east cesar e chavez avenue, los angeles, ca, 90012, us",700 Cesar Chavez Avenue
Chicken Fries,$4.99,220 Cal,"700 east cesar e chavez avenue, los angeles, ca, 90012, us",700 Cesar Chavez Avenue
Mozzarella Fries,$4.89,480 Cal,"700 east cesar e chavez avenue, los angeles, ca, 90012, us",700 Cesar Chavez Avenue
Chicken Nuggets,$3.49,390 Cal,"700 east cesar e chavez avenue, los angeles, ca, 90012, us",700 Cesar Chavez Avenue
Mott's® Applesauce,$2.29,50 Cal,"700 east cesar e chavez avenue, los angeles, ca, 90012, us",700 Cesar Chavez Avenue
Crispy Tacos,$2.09,170 Cal,"700 east cesar e chavez avenue, los angeles, ca, 90012, us",700 Cesar Chavez Avenue
Fiery Bacon Whopper®,$8.59,800 Cal,"702 north wilson way, stockton, ca, 95205, us",702 North Wilson Way
Whopper,$7.59,670 Cal,"702 north wilson way, stockton, ca, 95205, us",702 North Wilson Way
Impossible™ Whopper,$8.09,630 Cal,"702 north wilson way, stockton, ca, 95205, us",702 North Wilson Way
Texas Double Whopper,$9.99,"1,090 Cal","702 north wilson way, stockton, ca, 95205, us",702 North Wilson Way
Double Whopper,$8.59,920 Cal,"702 north wilson way, stockton, ca, 95205, us",702 North Wilson Way
Triple Whopper,$9.59,"1,170 Cal","702 north wilson way, stockton, ca, 95205, us",702 North Wilson Way
Bacon King,$10.49,"1,200 Cal","702 north wilson way, stockton, ca, 95205, us",702 North Wilson Way
BBQ Bacon Whopper Jr.,$5.89,390 Cal,"702 north wilson way, stockton, ca, 95205, us",702 North Wilson Way
Double Whopper Jr.,$5.29,447 Cal,"702 north wilson way, stockton, ca, 95205, us",702 North Wilson Way
Whopper Jr.,$4.29,330 Cal,"702 north wilson way, stockton, ca, 95205, us",702 North Wilson Way
Bacon Double Cheeseburger,$4.69,440 Cal,"702 north wilson way, stockton, ca, 95205, us",702 North Wilson Way
Bacon Cheeseburger,$3.59,340 Cal,"702 north wilson way, stockton, ca, 95205, us",702 North Wilson Way
Double Cheeseburger,$3.79,400 Cal,"702 north wilson way, stockton, ca, 95205, us",702 North Wilson Way
Cheeseburger,$3.29,290 Cal,"702 north wilson way, stockton, ca, 95205, us",702 North Wilson Way
Rodeo Burger,$3.29,340 Cal,"702 north wilson way, stockton, ca, 95205, us",702 North Wilson Way
Hamburger,$2.99,250 Cal,"702 north wilson way, stockton, ca, 95205, us",702 North Wilson Way
Have-sies™,$4.39,380 Cal,"702 north wilson way, stockton, ca, 95205, us",702 North Wilson Way
French Fries,$4.09,370 Cal,"702 north wilson way, stockton, ca, 95205, us",702 North Wilson Way
Onion Rings,$4.09,360 Cal,"702 north wilson way, stockton, ca, 95205, us",702 North Wilson Way
Fiery Chicken Fries,$4.99,260 Cal,"702 north wilson way, stockton, ca, 95205, us",702 North Wilson Way
Fiery Mozzarella Fries,$5.29,450 Cal,"702 north wilson way, stockton, ca, 95205, us",702 North Wilson Way
Chicken Fries,$4.99,220 Cal,"702 north wilson way, stockton, ca, 95205, us",702 North Wilson Way
Mozzarella Fries,$4.99,480 Cal,"702 north wilson way, stockton, ca, 95205, us",702 North Wilson Way
Chicken Nuggets,$2.99,390 Cal,"702 north wilson way, stockton, ca, 95205, us",702 North Wilson Way
Mott's® Applesauce,$1.49,50 Cal,"702 north wilson way, stockton, ca, 95205, us",702 North Wilson Way
Crispy Tacos,$1.49,170 Cal,"702 north wilson way, stockton, ca, 95205, us",702 North Wilson Way
Fiery Bacon Whopper®,$8.79,800 Cal,"7200 bancroft road, oakland, ca, 94605, us",7200 Bancroft Road
Whopper,$7.59,670 Cal,"7200 bancroft road, oakland, ca, 94605, us",7200 Bancroft Road
Impossible™ Whopper,$8.59,630 Cal,"7200 bancroft road, oakland, ca, 94605, us",7200 Bancroft Road
Texas Double Whopper,$9.89,"1,090 Cal","7200 bancroft road, oakland, ca, 94605, us",7200 Bancroft Road
Double Whopper,$8.89,920 Cal,"7200 bancroft road, oakland, ca, 94605, us",7200 Bancroft Road
Triple Whopper,$10.19,"1,170 Cal","7200 bancroft road, oakland, ca, 94605, us",7200 Bancroft Road
Bacon King,$8.99,"1,200 Cal","7200 bancroft road, oakland, ca, 94605, us",7200 Bancroft Road
BBQ Bacon Whopper Jr.,$3.89,390 Cal,"7200 bancroft road, oakland, ca, 94605, us",7200 Bancroft Road
Double Whopper Jr.,$5.69,447 Cal,"7200 bancroft road, oakland, ca, 94605, us",7200 Bancroft Road
Whopper Jr.,$4.19,330 Cal,"7200 bancroft road, oakland, ca, 94605, us",7200 Bancroft Road
Bacon Double Cheeseburger,$4.39,440 Cal,"7200 bancroft road, oakland, ca, 94605, us",7200 Bancroft Road
Bacon Cheeseburger,$3.49,340 Cal,"7200 bancroft road, oakland, ca, 94605, us",7200 Bancroft Road
Double Cheeseburger,$3.69,400 Cal,"7200 bancroft road, oakland, ca, 94605, us",7200 Bancroft Road
Cheeseburger,$2.69,290 Cal,"7200 bancroft road, oakland, ca, 94605, us",7200 Bancroft Road
Rodeo Burger,$2.69,340 Cal,"7200 bancroft road, oakland, ca, 94605, us",7200 Bancroft Road
Hamburger,$2.39,250 Cal,"7200 bancroft road, oakland, ca, 94605, us",7200 Bancroft Road
Have-sies™,$4.59,380 Cal,"7200 bancroft road, oakland, ca, 94605, us",7200 Bancroft Road
French Fries,$3.69,370 Cal,"7200 bancroft road, oakland, ca, 94605, us",7200 Bancroft Road
Onion Rings,$3.69,360 Cal,"7200 bancroft road, oakland, ca, 94605, us",7200 Bancroft Road
Fiery Chicken Fries,$4.29,260 Cal,"7200 bancroft road, oakland, ca, 94605, us",7200 Bancroft Road
Fiery Mozzarella Fries,$4.29,450 Cal,"7200 bancroft road, oakland, ca, 94605, us",7200 Bancroft Road
Chicken Fries,$4.19,220 Cal,"7200 bancroft road, oakland, ca, 94605, us",7200 Bancroft Road
Mozzarella Fries,$3.99,480 Cal,"7200 bancroft road, oakland, ca, 94605, us",7200 Bancroft Road
Chicken Nuggets,$2.99,390 Cal,"7200 bancroft road, oakland, ca, 94605, us",7200 Bancroft Road
Mott's® Applesauce,$1.49,50 Cal,"7200 bancroft road, oakland, ca, 94605, us",7200 Bancroft Road
Fiery Bacon Whopper®,$8.59,800 Cal,"7201 fair oaks boulevard, carmichael, ca, 95608, us",7201 Fair Oaks Boulevard
Whopper,$6.99,670 Cal,"7201 fair oaks boulevard, carmichael, ca, 95608, us",7201 Fair Oaks Boulevard
Impossible™ Whopper,$7.99,630 Cal,"7201 fair oaks boulevard, carmichael, ca, 95608, us",7201 Fair Oaks Boulevard
Texas Double Whopper,$9.39,"1,090 Cal","7201 fair oaks boulevard, carmichael, ca, 95608, us",7201 Fair Oaks Boulevard
Double Whopper,$8.29,920 Cal,"7201 fair oaks boulevard, carmichael, ca, 95608, us",7201 Fair Oaks Boulevard
Triple Whopper,$9.49,"1,170 Cal","7201 fair oaks boulevard, carmichael, ca, 95608, us",7201 Fair Oaks Boulevard
Bacon King,$8.79,"1,200 Cal","7201 fair oaks boulevard, carmichael, ca, 95608, us",7201 Fair Oaks Boulevard
BBQ Bacon Whopper Jr.,$3.89,390 Cal,"7201 fair oaks boulevard, carmichael, ca, 95608, us",7201 Fair Oaks Boulevard
Double Whopper Jr.,$5.69,447 Cal,"7201 fair oaks boulevard, carmichael, ca, 95608, us",7201 Fair Oaks Boulevard
Whopper Jr.,$4.19,330 Cal,"7201 fair oaks boulevard, carmichael, ca, 95608, us",7201 Fair Oaks Boulevard
Bacon Double Cheeseburger,$4.49,440 Cal,"7201 fair oaks boulevard, carmichael, ca, 95608, us",7201 Fair Oaks Boulevard
Bacon Cheeseburger,$3.49,340 Cal,"7201 fair oaks boulevard, carmichael, ca, 95608, us",7201 Fair Oaks Boulevard
Double Cheeseburger,$3.69,400 Cal,"7201 fair oaks boulevard, carmichael, ca, 95608, us",7201 Fair Oaks Boulevard
Cheeseburger,$2.79,290 Cal,"7201 fair oaks boulevard, carmichael, ca, 95608, us",7201 Fair Oaks Boulevard
Rodeo Burger,$2.79,340 Cal,"7201 fair oaks boulevard, carmichael, ca, 95608, us",7201 Fair Oaks Boulevard
Hamburger,$2.39,250 Cal,"7201 fair oaks boulevard, carmichael, ca, 95608, us",7201 Fair Oaks Boulevard
Have-sies™,$3.49,380 Cal,"7201 fair oaks boulevard, carmichael, ca, 95608, us",7201 Fair Oaks Boulevard
French Fries,$3.89,370 Cal,"7201 fair oaks boulevard, carmichael, ca, 95608, us",7201 Fair Oaks Boulevard
Onion Rings,$3.89,360 Cal,"7201 fair oaks boulevard, carmichael, ca, 95608, us",7201 Fair Oaks Boulevard
Fiery Chicken Fries,$4.29,260 Cal,"7201 fair oaks boulevard, carmichael, ca, 95608, us",7201 Fair Oaks Boulevard
Fiery Mozzarella Fries,$4.29,450 Cal,"7201 fair oaks boulevard, carmichael, ca, 95608, us",7201 Fair Oaks Boulevard
Chicken Fries,$4.19,220 Cal,"7201 fair oaks boulevard, carmichael, ca, 95608, us",7201 Fair Oaks Boulevard
Mozzarella Fries,$3.99,480 Cal,"7201 fair oaks boulevard, carmichael, ca, 95608, us",7201 Fair Oaks Boulevard
Chicken Nuggets,$2.99,390 Cal,"7201 fair oaks boulevard, carmichael, ca, 95608, us",7201 Fair Oaks Boulevard
Mott's® Applesauce,$1.69,50 Cal,"7201 fair oaks boulevard, carmichael, ca, 95608, us",7201 Fair Oaks Boulevard
Fiery Bacon Whopper®,$8.59,800 Cal,"7218 stockton boulevard, sacramento, ca, 95823, us",7218 Stockton Boulevard
Whopper,$6.99,670 Cal,"7218 stockton boulevard, sacramento, ca, 95823, us",7218 Stockton Boulevard
Impossible™ Whopper,$7.99,630 Cal,"7218 stockton boulevard, sacramento, ca, 95823, us",7218 Stockton Boulevard
Texas Double Whopper,$9.39,"1,090 Cal","7218 stockton boulevard, sacramento, ca, 95823, us",7218 Stockton Boulevard
Double Whopper,$8.29,920 Cal,"7218 stockton boulevard, sacramento, ca, 95823, us",7218 Stockton Boulevard
Triple Whopper,$9.49,"1,170 Cal","7218 stockton boulevard, sacramento, ca, 95823, us",7218 Stockton Boulevard
Bacon King,$8.79,"1,200 Cal","7218 stockton boulevard, sacramento, ca, 95823, us",7218 Stockton Boulevard
BBQ Bacon Whopper Jr.,$3.89,390 Cal,"7218 stockton boulevard, sacramento, ca, 95823, us",7218 Stockton Boulevard
Double Whopper Jr.,$5.69,447 Cal,"7218 stockton boulevard, sacramento, ca, 95823, us",7218 Stockton Boulevard
Whopper Jr.,$4.19,330 Cal,"7218 stockton boulevard, sacramento, ca, 95823, us",7218 Stockton Boulevard
Bacon Double Cheeseburger,$4.49,440 Cal,"7218 stockton boulevard, sacramento, ca, 95823, us",7218 Stockton Boulevard
Bacon Cheeseburger,$3.49,340 Cal,"7218 stockton boulevard, sacramento, ca, 95823, us",7218 Stockton Boulevard
Double Cheeseburger,$3.69,400 Cal,"7218 stockton boulevard, sacramento, ca, 95823, us",7218 Stockton Boulevard
Cheeseburger,$2.79,290 Cal,"7218 stockton boulevard, sacramento, ca, 95823, us",7218 Stockton Boulevard
Rodeo Burger,$2.79,340 Cal,"7218 stockton boulevard, sacramento, ca, 95823, us",7218 Stockton Boulevard
Hamburger,$2.39,250 Cal,"7218 stockton boulevard, sacramento, ca, 95823, us",7218 Stockton Boulevard
Have-sies™,$3.49,380 Cal,"7218 stockton boulevard, sacramento, ca, 95823, us",7218 Stockton Boulevard
French Fries,$3.89,370 Cal,"7218 stockton boulevard, sacramento, ca, 95823, us",7218 Stockton Boulevard
Onion Rings,$3.89,360 Cal,"7218 stockton boulevard, sacramento, ca, 95823, us",7218 Stockton Boulevard
Fiery Chicken Fries,$4.29,260 Cal,"7218 stockton boulevard, sacramento, ca, 95823, us",7218 Stockton Boulevard
Fiery Mozzarella Fries,$4.29,450 Cal,"7218 stockton boulevard, sacramento, ca, 95823, us",7218 Stockton Boulevard
Chicken Fries,$4.19,220 Cal,"7218 stockton boulevard, sacramento, ca, 95823, us",7218 Stockton Boulevard
Mozzarella Fries,$3.99,480 Cal,"7218 stockton boulevard, sacramento, ca, 95823, us",7218 Stockton Boulevard
Chicken Nuggets,$2.99,390 Cal,"7218 stockton boulevard, sacramento, ca, 95823, us",7218 Stockton Boulevard
Mott's® Applesauce,$1.69,50 Cal,"7218 stockton boulevard, sacramento, ca, 95823, us",7218 Stockton Boulevard
Fiery Bacon Whopper®,$8.59,800 Cal,"7225 greenhaven drive, sacramento, ca, 95831, us",7225 Greenhaven Drive
Whopper,$6.99,670 Cal,"7225 greenhaven drive, sacramento, ca, 95831, us",7225 Greenhaven Drive
Impossible™ Whopper,$7.99,630 Cal,"7225 greenhaven drive, sacramento, ca, 95831, us",7225 Greenhaven Drive
Texas Double Whopper,$9.39,"1,090 Cal","7225 greenhaven drive, sacramento, ca, 95831, us",7225 Greenhaven Drive
Double Whopper,$8.29,920 Cal,"7225 greenhaven drive, sacramento, ca, 95831, us",7225 Greenhaven Drive
Triple Whopper,$9.49,"1,170 Cal","7225 greenhaven drive, sacramento, ca, 95831, us",7225 Greenhaven Drive
Bacon King,$8.79,"1,200 Cal","7225 greenhaven drive, sacramento, ca, 95831, us",7225 Greenhaven Drive
BBQ Bacon Whopper Jr.,$3.89,390 Cal,"7225 greenhaven drive, sacramento, ca, 95831, us",7225 Greenhaven Drive
Double Whopper Jr.,$5.69,447 Cal,"7225 greenhaven drive, sacramento, ca, 95831, us",7225 Greenhaven Drive
Whopper Jr.,$4.19,330 Cal,"7225 greenhaven drive, sacramento, ca, 95831, us",7225 Greenhaven Drive
Bacon Double Cheeseburger,$4.49,440 Cal,"7225 greenhaven drive, sacramento, ca, 95831, us",7225 Greenhaven Drive
Bacon Cheeseburger,$3.49,340 Cal,"7225 greenhaven drive, sacramento, ca, 95831, us",7225 Greenhaven Drive
Double Cheeseburger,$3.69,400 Cal,"7225 greenhaven drive, sacramento, ca, 95831, us",7225 Greenhaven Drive
Cheeseburger,$2.79,290 Cal,"7225 greenhaven drive, sacramento, ca, 95831, us",7225 Greenhaven Drive
Rodeo Burger,$2.79,340 Cal,"7225 greenhaven drive, sacramento, ca, 95831, us",7225 Greenhaven Drive
Hamburger,$2.39,250 Cal,"7225 greenhaven drive, sacramento, ca, 95831, us",7225 Greenhaven Drive
Have-sies™,$3.49,380 Cal,"7225 greenhaven drive, sacramento, ca, 95831, us",7225 Greenhaven Drive
French Fries,$3.89,370 Cal,"7225 greenhaven drive, sacramento, ca, 95831, us",7225 Greenhaven Drive
Onion Rings,$3.89,360 Cal,"7225 greenhaven drive, sacramento, ca, 95831, us",7225 Greenhaven Drive
Fiery Chicken Fries,$4.29,260 Cal,"7225 greenhaven drive, sacramento, ca, 95831, us",7225 Greenhaven Drive
Chicken Fries,$4.19,220 Cal,"7225 greenhaven drive, sacramento, ca, 95831, us",7225 Greenhaven Drive
Mozzarella Fries,$3.99,480 Cal,"7225 greenhaven drive, sacramento, ca, 95831, us",7225 Greenhaven Drive
Chicken Nuggets,$2.99,390 Cal,"7225 greenhaven drive, sacramento, ca, 95831, us",7225 Greenhaven Drive
Mott's® Applesauce,$1.69,50 Cal,"7225 greenhaven drive, sacramento, ca, 95831, us",7225 Greenhaven Drive
Fiery Bacon Whopper®,$8.59,800 Cal,"763 ikea ct #120, west sacramento, ca, 95605, us",763 Ikea Ct #120
Whopper,$6.99,670 Cal,"763 ikea ct #120, west sacramento, ca, 95605, us",763 Ikea Ct #120
Impossible™ Whopper,$7.99,630 Cal,"763 ikea ct #120, west sacramento, ca, 95605, us",763 Ikea Ct #120
Texas Double Whopper,$9.39,"1,090 Cal","763 ikea ct #120, west sacramento, ca, 95605, us",763 Ikea Ct #120
Double Whopper,$8.29,920 Cal,"763 ikea ct #120, west sacramento, ca, 95605, us",763 Ikea Ct #120
Triple Whopper,$9.49,"1,170 Cal","763 ikea ct #120, west sacramento, ca, 95605, us",763 Ikea Ct #120
Bacon King,$8.79,"1,200 Cal","763 ikea ct #120, west sacramento, ca, 95605, us",763 Ikea Ct #120
BBQ Bacon Whopper Jr.,$3.89,390 Cal,"763 ikea ct #120, west sacramento, ca, 95605, us",763 Ikea Ct #120
Double Whopper Jr.,$5.69,447 Cal,"763 ikea ct #120, west sacramento, ca, 95605, us",763 Ikea Ct #120
Whopper Jr.,$4.19,330 Cal,"763 ikea ct #120, west sacramento, ca, 95605, us",763 Ikea Ct #120
Bacon Double Cheeseburger,$4.49,440 Cal,"763 ikea ct #120, west sacramento, ca, 95605, us",763 Ikea Ct #120
Bacon Cheeseburger,$3.49,340 Cal,"763 ikea ct #120, west sacramento, ca, 95605, us",763 Ikea Ct #120
Double Cheeseburger,$3.69,400 Cal,"763 ikea ct #120, west sacramento, ca, 95605, us",763 Ikea Ct #120
Cheeseburger,$2.79,290 Cal,"763 ikea ct #120, west sacramento, ca, 95605, us",763 Ikea Ct #120
Rodeo Burger,$2.79,340 Cal,"763 ikea ct #120, west sacramento, ca, 95605, us",763 Ikea Ct #120
Hamburger,$2.39,250 Cal,"763 ikea ct #120, west sacramento, ca, 95605, us",763 Ikea Ct #120
Have-sies™,$3.49,380 Cal,"763 ikea ct #120, west sacramento, ca, 95605, us",763 Ikea Ct #120
French Fries,$3.89,370 Cal,"763 ikea ct #120, west sacramento, ca, 95605, us",763 Ikea Ct #120
Onion Rings,$3.89,360 Cal,"763 ikea ct #120, west sacramento, ca, 95605, us",763 Ikea Ct #120
Fiery Chicken Fries,$4.29,260 Cal,"763 ikea ct #120, west sacramento, ca, 95605, us",763 Ikea Ct #120
Fiery Mozzarella Fries,$4.29,450 Cal,"763 ikea ct #120, west sacramento, ca, 95605, us",763 Ikea Ct #120
Chicken Fries,$4.19,220 Cal,"763 ikea ct #120, west sacramento, ca, 95605, us",763 Ikea Ct #120
Mozzarella Fries,$3.99,480 Cal,"763 ikea ct #120, west sacramento, ca, 95605, us",763 Ikea Ct #120
Chicken Nuggets,$2.99,390 Cal,"763 ikea ct #120, west sacramento, ca, 95605, us",763 Ikea Ct #120
Mott's® Applesauce,$1.69,50 Cal,"763 ikea ct #120, west sacramento, ca, 95605, us",763 Ikea Ct #120
Fiery Bacon Whopper®,$10.69,800 Cal,"773 north mathilda avenue, sunnyvale, ca, 94085, us",773 North Mathilda Avenue
Whopper,$8.09,670 Cal,"773 north mathilda avenue, sunnyvale, ca, 94085, us",773 North Mathilda Avenue
Impossible™ Whopper,$9.09,630 Cal,"773 north mathilda avenue, sunnyvale, ca, 94085, us",773 North Mathilda Avenue
Texas Double Whopper,$11.09,"1,090 Cal","773 north mathilda avenue, sunnyvale, ca, 94085, us",773 North Mathilda Avenue
Double Whopper,$9.09,920 Cal,"773 north mathilda avenue, sunnyvale, ca, 94085, us",773 North Mathilda Avenue
Triple Whopper,$10.09,"1,170 Cal","773 north mathilda avenue, sunnyvale, ca, 94085, us",773 North Mathilda Avenue
Bacon King,$10.59,"1,200 Cal","773 north mathilda avenue, sunnyvale, ca, 94085, us",773 North Mathilda Avenue
BBQ Bacon Whopper Jr.,$7.69,390 Cal,"773 north mathilda avenue, sunnyvale, ca, 94085, us",773 North Mathilda Avenue
Double Whopper Jr.,$7.09,447 Cal,"773 north mathilda avenue, sunnyvale, ca, 94085, us",773 North Mathilda Avenue
Whopper Jr.,$6.09,330 Cal,"773 north mathilda avenue, sunnyvale, ca, 94085, us",773 North Mathilda Avenue
Bacon Double Cheeseburger,$5.49,440 Cal,"773 north mathilda avenue, sunnyvale, ca, 94085, us",773 North Mathilda Avenue
Bacon Cheeseburger,$3.49,340 Cal,"773 north mathilda avenue, sunnyvale, ca, 94085, us",773 North Mathilda Avenue
Double Cheeseburger,$3.99,400 Cal,"773 north mathilda avenue, sunnyvale, ca, 94085, us",773 North Mathilda Avenue
Cheeseburger,$2.99,290 Cal,"773 north mathilda avenue, sunnyvale, ca, 94085, us",773 North Mathilda Avenue
Rodeo Burger,$3.49,340 Cal,"773 north mathilda avenue, sunnyvale, ca, 94085, us",773 North Mathilda Avenue
Hamburger,$1.99,250 Cal,"773 north mathilda avenue, sunnyvale, ca, 94085, us",773 North Mathilda Avenue
Have-sies™,$2.79,380 Cal,"773 north mathilda avenue, sunnyvale, ca, 94085, us",773 North Mathilda Avenue
French Fries,$2.79,370 Cal,"773 north mathilda avenue, sunnyvale, ca, 94085, us",773 North Mathilda Avenue
Onion Rings,$2.79,360 Cal,"773 north mathilda avenue, sunnyvale, ca, 94085, us",773 North Mathilda Avenue
Fiery Chicken Fries,$5.79,260 Cal,"773 north mathilda avenue, sunnyvale, ca, 94085, us",773 North Mathilda Avenue
Chicken Fries,$5.69,220 Cal,"773 north mathilda avenue, sunnyvale, ca, 94085, us",773 North Mathilda Avenue
Mozzarella Fries,$4.29,480 Cal,"773 north mathilda avenue, sunnyvale, ca, 94085, us",773 North Mathilda Avenue
Chicken Nuggets,$2.99,390 Cal,"773 north mathilda avenue, sunnyvale, ca, 94085, us",773 North Mathilda Avenue
Mott's® Applesauce,$1.49,50 Cal,"773 north mathilda avenue, sunnyvale, ca, 94085, us",773 North Mathilda Avenue
Crispy Tacos,$1.19,170 Cal,"773 north mathilda avenue, sunnyvale, ca, 94085, us",773 North Mathilda Avenue
Fiery Bacon Whopper®,$8.59,800 Cal,"7760 sunrise blvd, citrus heights, ca, 95610, us",7760 Sunrise Blvd
Whopper,$7.59,670 Cal,"7760 sunrise blvd, citrus heights, ca, 95610, us",7760 Sunrise Blvd
Impossible™ Whopper,$8.09,630 Cal,"7760 sunrise blvd, citrus heights, ca, 95610, us",7760 Sunrise Blvd
Texas Double Whopper,$9.99,"1,090 Cal","7760 sunrise blvd, citrus heights, ca, 95610, us",7760 Sunrise Blvd
Double Whopper,$8.59,920 Cal,"7760 sunrise blvd, citrus heights, ca, 95610, us",7760 Sunrise Blvd
Triple Whopper,$9.59,"1,170 Cal","7760 sunrise blvd, citrus heights, ca, 95610, us",7760 Sunrise Blvd
Bacon King,$10.49,"1,200 Cal","7760 sunrise blvd, citrus heights, ca, 95610, us",7760 Sunrise Blvd
BBQ Bacon Whopper Jr.,$5.89,390 Cal,"7760 sunrise blvd, citrus heights, ca, 95610, us",7760 Sunrise Blvd
Double Whopper Jr.,$5.29,447 Cal,"7760 sunrise blvd, citrus heights, ca, 95610, us",7760 Sunrise Blvd
Whopper Jr.,$4.29,330 Cal,"7760 sunrise blvd, citrus heights, ca, 95610, us",7760 Sunrise Blvd
Bacon Double Cheeseburger,$4.69,440 Cal,"7760 sunrise blvd, citrus heights, ca, 95610, us",7760 Sunrise Blvd
Bacon Cheeseburger,$3.59,340 Cal,"7760 sunrise blvd, citrus heights, ca, 95610, us",7760 Sunrise Blvd
Double Cheeseburger,$3.79,400 Cal,"7760 sunrise blvd, citrus heights, ca, 95610, us",7760 Sunrise Blvd
Cheeseburger,$3.29,290 Cal,"7760 sunrise blvd, citrus heights, ca, 95610, us",7760 Sunrise Blvd
Rodeo Burger,$3.29,340 Cal,"7760 sunrise blvd, citrus heights, ca, 95610, us",7760 Sunrise Blvd
Hamburger,$2.99,250 Cal,"7760 sunrise blvd, citrus heights, ca, 95610, us",7760 Sunrise Blvd
Have-sies™,$4.39,380 Cal,"7760 sunrise blvd, citrus heights, ca, 95610, us",7760 Sunrise Blvd
French Fries,$4.09,370 Cal,"7760 sunrise blvd, citrus heights, ca, 95610, us",7760 Sunrise Blvd
Onion Rings,$4.09,360 Cal,"7760 sunrise blvd, citrus heights, ca, 95610, us",7760 Sunrise Blvd
Fiery Chicken Fries,$4.99,260 Cal,"7760 sunrise blvd, citrus heights, ca, 95610, us",7760 Sunrise Blvd
Fiery Mozzarella Fries,$5.29,450 Cal,"7760 sunrise blvd, citrus heights, ca, 95610, us",7760 Sunrise Blvd
Chicken Fries,$4.99,220 Cal,"7760 sunrise blvd, citrus heights, ca, 95610, us",7760 Sunrise Blvd
Mozzarella Fries,$4.99,480 Cal,"7760 sunrise blvd, citrus heights, ca, 95610, us",7760 Sunrise Blvd
Chicken Nuggets,$2.99,390 Cal,"7760 sunrise blvd, citrus heights, ca, 95610, us",7760 Sunrise Blvd
Mott's® Applesauce,$1.49,50 Cal,"7760 sunrise blvd, citrus heights, ca, 95610, us",7760 Sunrise Blvd
Crispy Tacos,$1.99,170 Cal,"7760 sunrise blvd, citrus heights, ca, 95610, us",7760 Sunrise Blvd
Fiery Bacon Whopper®,$10.78,800 Cal,"814 n brookhurst st, anaheim, ca, 92801, us",814 N Brookhurst St
Whopper,$7.99,670 Cal,"814 n brookhurst st, anaheim, ca, 92801, us",814 N Brookhurst St
Impossible™ Whopper,$8.39,630 Cal,"814 n brookhurst st, anaheim, ca, 92801, us",814 N Brookhurst St
Texas Double Whopper,$12.39,"1,090 Cal","814 n brookhurst st, anaheim, ca, 92801, us",814 N Brookhurst St
Double Whopper,$10.49,920 Cal,"814 n brookhurst st, anaheim, ca, 92801, us",814 N Brookhurst St
Triple Whopper,$12.99,"1,170 Cal","814 n brookhurst st, anaheim, ca, 92801, us",814 N Brookhurst St
Bacon King,$12.39,"1,200 Cal","814 n brookhurst st, anaheim, ca, 92801, us",814 N Brookhurst St
BBQ Bacon Whopper Jr.,$5.69,390 Cal,"814 n brookhurst st, anaheim, ca, 92801, us",814 N Brookhurst St
Double Whopper Jr.,$5.29,447 Cal,"814 n brookhurst st, anaheim, ca, 92801, us",814 N Brookhurst St
Whopper Jr.,$4.29,330 Cal,"814 n brookhurst st, anaheim, ca, 92801, us",814 N Brookhurst St
Bacon Double Cheeseburger,$4.99,440 Cal,"814 n brookhurst st, anaheim, ca, 92801, us",814 N Brookhurst St
Bacon Cheeseburger,$3.99,340 Cal,"814 n brookhurst st, anaheim, ca, 92801, us",814 N Brookhurst St
Double Cheeseburger,$3.99,400 Cal,"814 n brookhurst st, anaheim, ca, 92801, us",814 N Brookhurst St
Cheeseburger,$3.49,290 Cal,"814 n brookhurst st, anaheim, ca, 92801, us",814 N Brookhurst St
Rodeo Burger,$3.99,340 Cal,"814 n brookhurst st, anaheim, ca, 92801, us",814 N Brookhurst St
Hamburger,$3.49,250 Cal,"814 n brookhurst st, anaheim, ca, 92801, us",814 N Brookhurst St
Have-sies™,$5.29,380 Cal,"814 n brookhurst st, anaheim, ca, 92801, us",814 N Brookhurst St
French Fries,$4.99,370 Cal,"814 n brookhurst st, anaheim, ca, 92801, us",814 N Brookhurst St
Onion Rings,$5.39,360 Cal,"814 n brookhurst st, anaheim, ca, 92801, us",814 N Brookhurst St
Fiery Chicken Fries,$5.89,260 Cal,"814 n brookhurst st, anaheim, ca, 92801, us",814 N Brookhurst St
Fiery Mozzarella Fries,$5.69,450 Cal,"814 n brookhurst st, anaheim, ca, 92801, us",814 N Brookhurst St
Chicken Fries,$5.89,220 Cal,"814 n brookhurst st, anaheim, ca, 92801, us",814 N Brookhurst St
Mozzarella Fries,$5.69,480 Cal,"814 n brookhurst st, anaheim, ca, 92801, us",814 N Brookhurst St
Chicken Nuggets,$2.99,390 Cal,"814 n brookhurst st, anaheim, ca, 92801, us",814 N Brookhurst St
Mott's® Applesauce,$2.59,50 Cal,"814 n brookhurst st, anaheim, ca, 92801, us",814 N Brookhurst St
Crispy Tacos,$1.79,170 Cal,"814 n brookhurst st, anaheim, ca, 92801, us",814 N Brookhurst St
Fiery Bacon Whopper®,$8.99,800 Cal,"815 highland avenue, national city, ca, 91950, us",815 Highland Avenue
Whopper,$7.99,670 Cal,"815 highland avenue, national city, ca, 91950, us",815 Highland Avenue
Impossible™ Whopper,$8.49,630 Cal,"815 highland avenue, national city, ca, 91950, us",815 Highland Avenue
Texas Double Whopper,$10.29,"1,090 Cal","815 highland avenue, national city, ca, 91950, us",815 Highland Avenue
Double Whopper,$9.19,920 Cal,"815 highland avenue, national city, ca, 91950, us",815 Highland Avenue
Triple Whopper,$10.39,"1,170 Cal","815 highland avenue, national city, ca, 91950, us",815 Highland Avenue
Bacon King,$9.49,"1,200 Cal","815 highland avenue, national city, ca, 91950, us",815 Highland Avenue
BBQ Bacon Whopper Jr.,$4.79,390 Cal,"815 highland avenue, national city, ca, 91950, us",815 Highland Avenue
Double Whopper Jr.,$5.99,447 Cal,"815 highland avenue, national city, ca, 91950, us",815 Highland Avenue
Whopper Jr.,$4.59,330 Cal,"815 highland avenue, national city, ca, 91950, us",815 Highland Avenue
Bacon Double Cheeseburger,$4.39,440 Cal,"815 highland avenue, national city, ca, 91950, us",815 Highland Avenue
Bacon Cheeseburger,$3.19,340 Cal,"815 highland avenue, national city, ca, 91950, us",815 Highland Avenue
Double Cheeseburger,$3.59,400 Cal,"815 highland avenue, national city, ca, 91950, us",815 Highland Avenue
Cheeseburger,$2.79,290 Cal,"815 highland avenue, national city, ca, 91950, us",815 Highland Avenue
Rodeo Burger,$2.79,340 Cal,"815 highland avenue, national city, ca, 91950, us",815 Highland Avenue
Hamburger,$1.89,250 Cal,"815 highland avenue, national city, ca, 91950, us",815 Highland Avenue
Have-sies™,$3.79,380 Cal,"815 highland avenue, national city, ca, 91950, us",815 Highland Avenue
French Fries,$3.99,370 Cal,"815 highland avenue, national city, ca, 91950, us",815 Highland Avenue
Onion Rings,$3.99,360 Cal,"815 highland avenue, national city, ca, 91950, us",815 Highland Avenue
Fiery Chicken Fries,$4.89,260 Cal,"815 highland avenue, national city, ca, 91950, us",815 Highland Avenue
Fiery Mozzarella Fries,$4.89,450 Cal,"815 highland avenue, national city, ca, 91950, us",815 Highland Avenue
Chicken Fries,$4.99,220 Cal,"815 highland avenue, national city, ca, 91950, us",815 Highland Avenue
Mozzarella Fries,$4.89,480 Cal,"815 highland avenue, national city, ca, 91950, us",815 Highland Avenue
Chicken Nuggets,$3.49,390 Cal,"815 highland avenue, national city, ca, 91950, us",815 Highland Avenue
Mott's® Applesauce,$2.29,50 Cal,"815 highland avenue, national city, ca, 91950, us",815 Highland Avenue
Fiery Bacon Whopper®,$9.99,800 Cal,"819 van ness avenue, san francisco, ca, 94109, us",819 Van Ness Avenue
Whopper,$7.99,670 Cal,"819 van ness avenue, san francisco, ca, 94109, us",819 Van Ness Avenue
Impossible™ Whopper,$8.99,630 Cal,"819 van ness avenue, san francisco, ca, 94109, us",819 Van Ness Avenue
Texas Double Whopper,$10.79,"1,090 Cal","819 van ness avenue, san francisco, ca, 94109, us",819 Van Ness Avenue
Double Whopper,$9.49,920 Cal,"819 van ness avenue, san francisco, ca, 94109, us",819 Van Ness Avenue
Triple Whopper,$10.69,"1,170 Cal","819 van ness avenue, san francisco, ca, 94109, us",819 Van Ness Avenue
Bacon King,$9.99,"1,200 Cal","819 van ness avenue, san francisco, ca, 94109, us",819 Van Ness Avenue
BBQ Bacon Whopper Jr.,$3.89,390 Cal,"819 van ness avenue, san francisco, ca, 94109, us",819 Van Ness Avenue
Double Whopper Jr.,$6.29,447 Cal,"819 van ness avenue, san francisco, ca, 94109, us",819 Van Ness Avenue
Whopper Jr.,$4.19,330 Cal,"819 van ness avenue, san francisco, ca, 94109, us",819 Van Ness Avenue
Bacon Double Cheeseburger,$3.99,440 Cal,"819 van ness avenue, san francisco, ca, 94109, us",819 Van Ness Avenue
Bacon Cheeseburger,$3.29,340 Cal,"819 van ness avenue, san francisco, ca, 94109, us",819 Van Ness Avenue
Double Cheeseburger,$3.59,400 Cal,"819 van ness avenue, san francisco, ca, 94109, us",819 Van Ness Avenue
Cheeseburger,$2.79,290 Cal,"819 van ness avenue, san francisco, ca, 94109, us",819 Van Ness Avenue
Rodeo Burger,$2.79,340 Cal,"819 van ness avenue, san francisco, ca, 94109, us",819 Van Ness Avenue
Hamburger,$2.39,250 Cal,"819 van ness avenue, san francisco, ca, 94109, us",819 Van Ness Avenue
Have-sies™,$4.59,380 Cal,"819 van ness avenue, san francisco, ca, 94109, us",819 Van Ness Avenue
French Fries,$4.59,370 Cal,"819 van ness avenue, san francisco, ca, 94109, us",819 Van Ness Avenue
Onion Rings,$4.59,360 Cal,"819 van ness avenue, san francisco, ca, 94109, us",819 Van Ness Avenue
Fiery Chicken Fries,$4.29,260 Cal,"819 van ness avenue, san francisco, ca, 94109, us",819 Van Ness Avenue
Fiery Mozzarella Fries,$4.29,450 Cal,"819 van ness avenue, san francisco, ca, 94109, us",819 Van Ness Avenue
Chicken Fries,$4.29,220 Cal,"819 van ness avenue, san francisco, ca, 94109, us",819 Van Ness Avenue
Mozzarella Fries,$3.49,480 Cal,"819 van ness avenue, san francisco, ca, 94109, us",819 Van Ness Avenue
Chicken Nuggets,$2.99,390 Cal,"819 van ness avenue, san francisco, ca, 94109, us",819 Van Ness Avenue
Mott's® Applesauce,$2.19,50 Cal,"819 van ness avenue, san francisco, ca, 94109, us",819 Van Ness Avenue
Fiery Bacon Whopper®,$8.59,800 Cal,"8200 stockdale hwy, bakersfield, ca, 93309, us",4424 Broadway
Whopper,$7.59,670 Cal,"8200 stockdale hwy, bakersfield, ca, 93309, us",4424 Broadway
Impossible™ Whopper,$8.59,630 Cal,"8200 stockdale hwy, bakersfield, ca, 93309, us",4424 Broadway
Texas Double Whopper,$9.89,"1,090 Cal","8200 stockdale hwy, bakersfield, ca, 93309, us",4424 Broadway
Double Whopper,$8.89,920 Cal,"8200 stockdale hwy, bakersfield, ca, 93309, us",4424 Broadway
Triple Whopper,$10.19,"1,170 Cal","8200 stockdale hwy, bakersfield, ca, 93309, us",4424 Broadway
Bacon King,$8.99,"1,200 Cal","8200 stockdale hwy, bakersfield, ca, 93309, us",4424 Broadway
BBQ Bacon Whopper Jr.,$3.89,390 Cal,"8200 stockdale hwy, bakersfield, ca, 93309, us",4424 Broadway
Double Whopper Jr.,$5.69,447 Cal,"8200 stockdale hwy, bakersfield, ca, 93309, us",4424 Broadway
Whopper Jr.,$4.19,330 Cal,"8200 stockdale hwy, bakersfield, ca, 93309, us",4424 Broadway
Bacon Double Cheeseburger,$4.39,440 Cal,"8200 stockdale hwy, bakersfield, ca, 93309, us",4424 Broadway
Bacon Cheeseburger,$3.49,340 Cal,"8200 stockdale hwy, bakersfield, ca, 93309, us",4424 Broadway
Double Cheeseburger,$3.69,400 Cal,"8200 stockdale hwy, bakersfield, ca, 93309, us",4424 Broadway
Cheeseburger,$2.69,290 Cal,"8200 stockdale hwy, bakersfield, ca, 93309, us",4424 Broadway
Rodeo Burger,$2.69,340 Cal,"8200 stockdale hwy, bakersfield, ca, 93309, us",4424 Broadway
Hamburger,$2.39,250 Cal,"8200 stockdale hwy, bakersfield, ca, 93309, us",4424 Broadway
Have-sies™,$4.59,380 Cal,"8200 stockdale hwy, bakersfield, ca, 93309, us",4424 Broadway
French Fries,$3.69,370 Cal,"8200 stockdale hwy, bakersfield, ca, 93309, us",4424 Broadway
Onion Rings,$3.69,360 Cal,"8200 stockdale hwy, bakersfield, ca, 93309, us",4424 Broadway
Fiery Chicken Fries,$4.29,260 Cal,"8200 stockdale hwy, bakersfield, ca, 93309, us",4424 Broadway
Fiery Mozzarella Fries,$4.29,450 Cal,"8200 stockdale hwy, bakersfield, ca, 93309, us",4424 Broadway
Chicken Fries,$4.19,220 Cal,"8200 stockdale hwy, bakersfield, ca, 93309, us",4424 Broadway
Mozzarella Fries,$3.99,480 Cal,"8200 stockdale hwy, bakersfield, ca, 93309, us",4424 Broadway
Chicken Nuggets,$2.99,390 Cal,"8200 stockdale hwy, bakersfield, ca, 93309, us",4424 Broadway
Mott's® Applesauce,$1.49,50 Cal,"8200 stockdale hwy, bakersfield, ca, 93309, us",4424 Broadway
Fiery Bacon Whopper®,$6.99,800 Cal,"8304 el camino real, atascadero, ca, 93422, us",180 Niblick Rd
Whopper,$7.88,670 Cal,"8304 el camino real, atascadero, ca, 93422, us",180 Niblick Rd
Impossible™ Whopper,$9.33,630 Cal,"8304 el camino real, atascadero, ca, 93422, us",180 Niblick Rd
Texas Double Whopper,$12.75,"1,090 Cal","8304 el camino real, atascadero, ca, 93422, us",180 Niblick Rd
Double Whopper,$10.10,920 Cal,"8304 el camino real, atascadero, ca, 93422, us",180 Niblick Rd
Triple Whopper,$11.09,"1,170 Cal","8304 el camino real, atascadero, ca, 93422, us",180 Niblick Rd
Bacon King,$10.21,"1,200 Cal","8304 el camino real, atascadero, ca, 93422, us",180 Niblick Rd
BBQ Bacon Whopper Jr.,$3.83,390 Cal,"8304 el camino real, atascadero, ca, 93422, us",180 Niblick Rd
Double Whopper Jr.,$6.03,447 Cal,"8304 el camino real, atascadero, ca, 93422, us",180 Niblick Rd
Whopper Jr.,$4.83,330 Cal,"8304 el camino real, atascadero, ca, 93422, us",180 Niblick Rd
Bacon Double Cheeseburger,$4.59,440 Cal,"8304 el camino real, atascadero, ca, 93422, us",180 Niblick Rd
Bacon Cheeseburger,$3.99,340 Cal,"8304 el camino real, atascadero, ca, 93422, us",180 Niblick Rd
Double Cheeseburger,$3.99,400 Cal,"8304 el camino real, atascadero, ca, 93422, us",180 Niblick Rd
Cheeseburger,$2.35,290 Cal,"8304 el camino real, atascadero, ca, 93422, us",180 Niblick Rd
Rodeo Burger,$3.99,340 Cal,"8304 el camino real, atascadero, ca, 93422, us",180 Niblick Rd
Hamburger,$2.10,250 Cal,"8304 el camino real, atascadero, ca, 93422, us",180 Niblick Rd
Have-sies™,$2.99,380 Cal,"8304 el camino real, atascadero, ca, 93422, us",180 Niblick Rd
French Fries,$4.16,370 Cal,"8304 el camino real, atascadero, ca, 93422, us",180 Niblick Rd
Onion Rings,$4.16,360 Cal,"8304 el camino real, atascadero, ca, 93422, us",180 Niblick Rd
Fiery Chicken Fries,$4.29,260 Cal,"8304 el camino real, atascadero, ca, 93422, us",180 Niblick Rd
Fiery Mozzarella Fries,$4.29,450 Cal,"8304 el camino real, atascadero, ca, 93422, us",180 Niblick Rd
Chicken Fries,$4.59,220 Cal,"8304 el camino real, atascadero, ca, 93422, us",180 Niblick Rd
Mozzarella Fries,$3.79,480 Cal,"8304 el camino real, atascadero, ca, 93422, us",180 Niblick Rd
Chicken Nuggets,$2.86,390 Cal,"8304 el camino real, atascadero, ca, 93422, us",180 Niblick Rd
Mott's® Applesauce,$2.29,50 Cal,"8304 el camino real, atascadero, ca, 93422, us",180 Niblick Rd
Crispy Tacos,$2.09,170 Cal,"8304 el camino real, atascadero, ca, 93422, us",180 Niblick Rd
Fiery Bacon Whopper®,$8.59,800 Cal,"844 willow avenue, hercules, ca, 94547, us",844 Willow Avenue
Whopper,$7.59,670 Cal,"844 willow avenue, hercules, ca, 94547, us",844 Willow Avenue
Impossible™ Whopper,$8.59,630 Cal,"844 willow avenue, hercules, ca, 94547, us",844 Willow Avenue
Texas Double Whopper,$9.89,"1,090 Cal","844 willow avenue, hercules, ca, 94547, us",844 Willow Avenue
Double Whopper,$8.89,920 Cal,"844 willow avenue, hercules, ca, 94547, us",844 Willow Avenue
Triple Whopper,$10.19,"1,170 Cal","844 willow avenue, hercules, ca, 94547, us",844 Willow Avenue
Bacon King,$8.99,"1,200 Cal","844 willow avenue, hercules, ca, 94547, us",844 Willow Avenue
BBQ Bacon Whopper Jr.,$3.89,390 Cal,"844 willow avenue, hercules, ca, 94547, us",844 Willow Avenue
Double Whopper Jr.,$5.69,447 Cal,"844 willow avenue, hercules, ca, 94547, us",844 Willow Avenue
Whopper Jr.,$4.19,330 Cal,"844 willow avenue, hercules, ca, 94547, us",844 Willow Avenue
Bacon Double Cheeseburger,$4.39,440 Cal,"844 willow avenue, hercules, ca, 94547, us",844 Willow Avenue
Bacon Cheeseburger,$3.49,340 Cal,"844 willow avenue, hercules, ca, 94547, us",844 Willow Avenue
Double Cheeseburger,$3.69,400 Cal,"844 willow avenue, hercules, ca, 94547, us",844 Willow Avenue
Cheeseburger,$2.69,290 Cal,"844 willow avenue, hercules, ca, 94547, us",844 Willow Avenue
Rodeo Burger,$2.69,340 Cal,"844 willow avenue, hercules, ca, 94547, us",844 Willow Avenue
Hamburger,$2.39,250 Cal,"844 willow avenue, hercules, ca, 94547, us",844 Willow Avenue
Have-sies™,$4.59,380 Cal,"844 willow avenue, hercules, ca, 94547, us",844 Willow Avenue
French Fries,$3.69,370 Cal,"844 willow avenue, hercules, ca, 94547, us",844 Willow Avenue
Onion Rings,$3.69,360 Cal,"844 willow avenue, hercules, ca, 94547, us",844 Willow Avenue
Fiery Chicken Fries,$4.29,260 Cal,"844 willow avenue, hercules, ca, 94547, us",844 Willow Avenue
Fiery Mozzarella Fries,$4.29,450 Cal,"844 willow avenue, hercules, ca, 94547, us",844 Willow Avenue
Chicken Fries,$4.19,220 Cal,"844 willow avenue, hercules, ca, 94547, us",844 Willow Avenue
Mozzarella Fries,$3.99,480 Cal,"844 willow avenue, hercules, ca, 94547, us",844 Willow Avenue
Chicken Nuggets,$2.99,390 Cal,"844 willow avenue, hercules, ca, 94547, us",844 Willow Avenue
Mott's® Applesauce,$1.49,50 Cal,"844 willow avenue, hercules, ca, 94547, us",844 Willow Avenue
Fiery Bacon Whopper®,$8.49,800 Cal,"849 university avenue, berkeley, ca, 94710, us",849 University Avenue
Whopper,$8.19,670 Cal,"849 university avenue, berkeley, ca, 94710, us",849 University Avenue
Impossible™ Whopper,$9.49,630 Cal,"849 university avenue, berkeley, ca, 94710, us",849 University Avenue
Texas Double Whopper,$9.89,"1,090 Cal","849 university avenue, berkeley, ca, 94710, us",849 University Avenue
Double Whopper,$10.49,920 Cal,"849 university avenue, berkeley, ca, 94710, us",849 University Avenue
Triple Whopper,$11.19,"1,170 Cal","849 university avenue, berkeley, ca, 94710, us",849 University Avenue
Bacon King,$10.99,"1,200 Cal","849 university avenue, berkeley, ca, 94710, us",849 University Avenue
BBQ Bacon Whopper Jr.,$3.99,390 Cal,"849 university avenue, berkeley, ca, 94710, us",849 University Avenue
Double Whopper Jr.,$4.69,447 Cal,"849 university avenue, berkeley, ca, 94710, us",849 University Avenue
Whopper Jr.,$5.19,330 Cal,"849 university avenue, berkeley, ca, 94710, us",849 University Avenue
Bacon Double Cheeseburger,$4.89,440 Cal,"849 university avenue, berkeley, ca, 94710, us",849 University Avenue
Bacon Cheeseburger,$3.59,340 Cal,"849 university avenue, berkeley, ca, 94710, us",849 University Avenue
Double Cheeseburger,$3.99,400 Cal,"849 university avenue, berkeley, ca, 94710, us",849 University Avenue
Cheeseburger,$3.29,290 Cal,"849 university avenue, berkeley, ca, 94710, us",849 University Avenue
Rodeo Burger,$3.29,340 Cal,"849 university avenue, berkeley, ca, 94710, us",849 University Avenue
Hamburger,$2.99,250 Cal,"849 university avenue, berkeley, ca, 94710, us",849 University Avenue
Have-sies™,$3.89,380 Cal,"849 university avenue, berkeley, ca, 94710, us",849 University Avenue
French Fries,$4.09,370 Cal,"849 university avenue, berkeley, ca, 94710, us",849 University Avenue
Onion Rings,$4.09,360 Cal,"849 university avenue, berkeley, ca, 94710, us",849 University Avenue
Fiery Chicken Fries,$3.99,260 Cal,"849 university avenue, berkeley, ca, 94710, us",849 University Avenue
Fiery Mozzarella Fries,$4.79,450 Cal,"849 university avenue, berkeley, ca, 94710, us",849 University Avenue
Chicken Fries,$4.99,220 Cal,"849 university avenue, berkeley, ca, 94710, us",849 University Avenue
Mozzarella Fries,$3.79,480 Cal,"849 university avenue, berkeley, ca, 94710, us",849 University Avenue
Chicken Nuggets,$2.99,390 Cal,"849 university avenue, berkeley, ca, 94710, us",849 University Avenue
Mott's® Applesauce,$1.49,50 Cal,"849 university avenue, berkeley, ca, 94710, us",849 University Avenue
Crispy Tacos,$1.00,170 Cal,"849 university avenue, berkeley, ca, 94710, us",849 University Avenue
Fiery Bacon Whopper®,$9.99,800 Cal,"898 john daly boulevard, daly city, ca, 94015, us",898 John Daly Boulevard
Whopper,$7.89,670 Cal,"898 john daly boulevard, daly city, ca, 94015, us",898 John Daly Boulevard
Impossible™ Whopper,$8.89,630 Cal,"898 john daly boulevard, daly city, ca, 94015, us",898 John Daly Boulevard
Texas Double Whopper,$10.59,"1,090 Cal","898 john daly boulevard, daly city, ca, 94015, us",898 John Daly Boulevard
Double Whopper,$8.99,920 Cal,"898 john daly boulevard, daly city, ca, 94015, us",898 John Daly Boulevard
Triple Whopper,$10.19,"1,170 Cal","898 john daly boulevard, daly city, ca, 94015, us",898 John Daly Boulevard
Bacon King,$9.19,"1,200 Cal","898 john daly boulevard, daly city, ca, 94015, us",898 John Daly Boulevard
BBQ Bacon Whopper Jr.,$3.89,390 Cal,"898 john daly boulevard, daly city, ca, 94015, us",898 John Daly Boulevard
Double Whopper Jr.,$5.79,447 Cal,"898 john daly boulevard, daly city, ca, 94015, us",898 John Daly Boulevard
Whopper Jr.,$4.19,330 Cal,"898 john daly boulevard, daly city, ca, 94015, us",898 John Daly Boulevard
Bacon Double Cheeseburger,$4.39,440 Cal,"898 john daly boulevard, daly city, ca, 94015, us",898 John Daly Boulevard
Bacon Cheeseburger,$3.69,340 Cal,"898 john daly boulevard, daly city, ca, 94015, us",898 John Daly Boulevard
Double Cheeseburger,$3.69,400 Cal,"898 john daly boulevard, daly city, ca, 94015, us",898 John Daly Boulevard
Cheeseburger,$2.89,290 Cal,"898 john daly boulevard, daly city, ca, 94015, us",898 John Daly Boulevard
Rodeo Burger,$2.89,340 Cal,"898 john daly boulevard, daly city, ca, 94015, us",898 John Daly Boulevard
Hamburger,$2.49,250 Cal,"898 john daly boulevard, daly city, ca, 94015, us",898 John Daly Boulevard
Have-sies™,$4.59,380 Cal,"898 john daly boulevard, daly city, ca, 94015, us",898 John Daly Boulevard
French Fries,$4.59,370 Cal,"898 john daly boulevard, daly city, ca, 94015, us",898 John Daly Boulevard
Onion Rings,$4.59,360 Cal,"898 john daly boulevard, daly city, ca, 94015, us",898 John Daly Boulevard
Fiery Chicken Fries,$4.29,260 Cal,"898 john daly boulevard, daly city, ca, 94015, us",898 John Daly Boulevard
Fiery Mozzarella Fries,$4.29,450 Cal,"898 john daly boulevard, daly city, ca, 94015, us",898 John Daly Boulevard
Chicken Fries,$4.29,220 Cal,"898 john daly boulevard, daly city, ca, 94015, us",898 John Daly Boulevard
Mozzarella Fries,$3.79,480 Cal,"898 john daly boulevard, daly city, ca, 94015, us",898 John Daly Boulevard
Chicken Nuggets,$2.99,390 Cal,"898 john daly boulevard, daly city, ca, 94015, us",898 John Daly Boulevard
Mott's® Applesauce,$2.19,50 Cal,"898 john daly boulevard, daly city, ca, 94015, us",898 John Daly Boulevard
Fiery Bacon Whopper®,$10.78,800 Cal,"9025 balboa, northridge, ca, 91325, us",9025 Balboa
Whopper,$7.99,670 Cal,"9025 balboa, northridge, ca, 91325, us",9025 Balboa
Impossible™ Whopper,$8.39,630 Cal,"9025 balboa, northridge, ca, 91325, us",9025 Balboa
Texas Double Whopper,$12.39,"1,090 Cal","9025 balboa, northridge, ca, 91325, us",9025 Balboa
Double Whopper,$10.49,920 Cal,"9025 balboa, northridge, ca, 91325, us",9025 Balboa
Triple Whopper,$12.99,"1,170 Cal","9025 balboa, northridge, ca, 91325, us",9025 Balboa
Bacon King,$12.39,"1,200 Cal","9025 balboa, northridge, ca, 91325, us",9025 Balboa
BBQ Bacon Whopper Jr.,$5.69,390 Cal,"9025 balboa, northridge, ca, 91325, us",9025 Balboa
Double Whopper Jr.,$5.29,447 Cal,"9025 balboa, northridge, ca, 91325, us",9025 Balboa
Whopper Jr.,$4.29,330 Cal,"9025 balboa, northridge, ca, 91325, us",9025 Balboa
Bacon Double Cheeseburger,$4.99,440 Cal,"9025 balboa, northridge, ca, 91325, us",9025 Balboa
Bacon Cheeseburger,$3.99,340 Cal,"9025 balboa, northridge, ca, 91325, us",9025 Balboa
Double Cheeseburger,$3.99,400 Cal,"9025 balboa, northridge, ca, 91325, us",9025 Balboa
Cheeseburger,$3.49,290 Cal,"9025 balboa, northridge, ca, 91325, us",9025 Balboa
Rodeo Burger,$3.99,340 Cal,"9025 balboa, northridge, ca, 91325, us",9025 Balboa
Hamburger,$3.49,250 Cal,"9025 balboa, northridge, ca, 91325, us",9025 Balboa
Have-sies™,$5.29,380 Cal,"9025 balboa, northridge, ca, 91325, us",9025 Balboa
French Fries,$4.99,370 Cal,"9025 balboa, northridge, ca, 91325, us",9025 Balboa
Onion Rings,$5.39,360 Cal,"9025 balboa, northridge, ca, 91325, us",9025 Balboa
Fiery Chicken Fries,$5.89,260 Cal,"9025 balboa, northridge, ca, 91325, us",9025 Balboa
Fiery Mozzarella Fries,$5.69,450 Cal,"9025 balboa, northridge, ca, 91325, us",9025 Balboa
Chicken Fries,$5.89,220 Cal,"9025 balboa, northridge, ca, 91325, us",9025 Balboa
Mozzarella Fries,$5.69,480 Cal,"9025 balboa, northridge, ca, 91325, us",9025 Balboa
Chicken Nuggets,$2.99,390 Cal,"9025 balboa, northridge, ca, 91325, us",9025 Balboa
Mott's® Applesauce,$2.59,50 Cal,"9025 balboa, northridge, ca, 91325, us",9025 Balboa
Crispy Tacos,$1.79,170 Cal,"9025 balboa, northridge, ca, 91325, us",9025 Balboa
Fiery Bacon Whopper®,$8.59,800 Cal,"9181 east stockton boulevard, elk grove, ca, 95624, us",9181 East Stockton Boulevard
Whopper,$6.99,670 Cal,"9181 east stockton boulevard, elk grove, ca, 95624, us",9181 East Stockton Boulevard
Impossible™ Whopper,$7.99,630 Cal,"9181 east stockton boulevard, elk grove, ca, 95624, us",9181 East Stockton Boulevard
Texas Double Whopper,$9.39,"1,090 Cal","9181 east stockton boulevard, elk grove, ca, 95624, us",9181 East Stockton Boulevard
Double Whopper,$8.29,920 Cal,"9181 east stockton boulevard, elk grove, ca, 95624, us",9181 East Stockton Boulevard
Triple Whopper,$9.49,"1,170 Cal","9181 east stockton boulevard, elk grove, ca, 95624, us",9181 East Stockton Boulevard
Bacon King,$8.79,"1,200 Cal","9181 east stockton boulevard, elk grove, ca, 95624, us",9181 East Stockton Boulevard
BBQ Bacon Whopper Jr.,$3.89,390 Cal,"9181 east stockton boulevard, elk grove, ca, 95624, us",9181 East Stockton Boulevard
Double Whopper Jr.,$5.69,447 Cal,"9181 east stockton boulevard, elk grove, ca, 95624, us",9181 East Stockton Boulevard
Whopper Jr.,$4.19,330 Cal,"9181 east stockton boulevard, elk grove, ca, 95624, us",9181 East Stockton Boulevard
Bacon Double Cheeseburger,$4.49,440 Cal,"9181 east stockton boulevard, elk grove, ca, 95624, us",9181 East Stockton Boulevard
Bacon Cheeseburger,$3.49,340 Cal,"9181 east stockton boulevard, elk grove, ca, 95624, us",9181 East Stockton Boulevard
Double Cheeseburger,$3.69,400 Cal,"9181 east stockton boulevard, elk grove, ca, 95624, us",9181 East Stockton Boulevard
Cheeseburger,$2.79,290 Cal,"9181 east stockton boulevard, elk grove, ca, 95624, us",9181 East Stockton Boulevard
Rodeo Burger,$2.79,340 Cal,"9181 east stockton boulevard, elk grove, ca, 95624, us",9181 East Stockton Boulevard
Hamburger,$2.39,250 Cal,"9181 east stockton boulevard, elk grove, ca, 95624, us",9181 East Stockton Boulevard
Have-sies™,$3.49,380 Cal,"9181 east stockton boulevard, elk grove, ca, 95624, us",9181 East Stockton Boulevard
French Fries,$3.89,370 Cal,"9181 east stockton boulevard, elk grove, ca, 95624, us",9181 East Stockton Boulevard
Onion Rings,$3.89,360 Cal,"9181 east stockton boulevard, elk grove, ca, 95624, us",9181 East Stockton Boulevard
Fiery Chicken Fries,$4.29,260 Cal,"9181 east stockton boulevard, elk grove, ca, 95624, us",9181 East Stockton Boulevard
Fiery Mozzarella Fries,$4.29,450 Cal,"9181 east stockton boulevard, elk grove, ca, 95624, us",9181 East Stockton Boulevard
Chicken Fries,$4.29,220 Cal,"9181 east stockton boulevard, elk grove, ca, 95624, us",9181 East Stockton Boulevard
Mozzarella Fries,$3.99,480 Cal,"9181 east stockton boulevard, elk grove, ca, 95624, us",9181 East Stockton Boulevard
Chicken Nuggets,$2.99,390 Cal,"9181 east stockton boulevard, elk grove, ca, 95624, us",9181 East Stockton Boulevard
Mott's® Applesauce,$1.69,50 Cal,"9181 east stockton boulevard, elk grove, ca, 95624, us",9181 East Stockton Boulevard
Fiery Bacon Whopper®,$9.99,800 Cal,"936 blossom hill road, san jose, ca, 95123, us",936 Blossom Hill Road
Whopper,$7.89,670 Cal,"936 blossom hill road, san jose, ca, 95123, us",936 Blossom Hill Road
Impossible™ Whopper,$8.89,630 Cal,"936 blossom hill road, san jose, ca, 95123, us",936 Blossom Hill Road
Texas Double Whopper,$10.59,"1,090 Cal","936 blossom hill road, san jose, ca, 95123, us",936 Blossom Hill Road
Double Whopper,$8.99,920 Cal,"936 blossom hill road, san jose, ca, 95123, us",936 Blossom Hill Road
Triple Whopper,$10.19,"1,170 Cal","936 blossom hill road, san jose, ca, 95123, us",936 Blossom Hill Road
Bacon King,$9.19,"1,200 Cal","936 blossom hill road, san jose, ca, 95123, us",936 Blossom Hill Road
BBQ Bacon Whopper Jr.,$3.89,390 Cal,"936 blossom hill road, san jose, ca, 95123, us",936 Blossom Hill Road
Double Whopper Jr.,$5.69,447 Cal,"936 blossom hill road, san jose, ca, 95123, us",936 Blossom Hill Road
Whopper Jr.,$4.19,330 Cal,"936 blossom hill road, san jose, ca, 95123, us",936 Blossom Hill Road
Bacon Double Cheeseburger,$4.19,440 Cal,"936 blossom hill road, san jose, ca, 95123, us",936 Blossom Hill Road
Bacon Cheeseburger,$3.29,340 Cal,"936 blossom hill road, san jose, ca, 95123, us",936 Blossom Hill Road
Double Cheeseburger,$3.59,400 Cal,"936 blossom hill road, san jose, ca, 95123, us",936 Blossom Hill Road
Cheeseburger,$2.79,290 Cal,"936 blossom hill road, san jose, ca, 95123, us",936 Blossom Hill Road
Rodeo Burger,$2.79,340 Cal,"936 blossom hill road, san jose, ca, 95123, us",936 Blossom Hill Road
Hamburger,$2.39,250 Cal,"936 blossom hill road, san jose, ca, 95123, us",936 Blossom Hill Road
Have-sies™,$4.59,380 Cal,"936 blossom hill road, san jose, ca, 95123, us",936 Blossom Hill Road
French Fries,$4.59,370 Cal,"936 blossom hill road, san jose, ca, 95123, us",936 Blossom Hill Road
Onion Rings,$4.59,360 Cal,"936 blossom hill road, san jose, ca, 95123, us",936 Blossom Hill Road
Fiery Chicken Fries,$4.29,260 Cal,"936 blossom hill road, san jose, ca, 95123, us",936 Blossom Hill Road
Fiery Mozzarella Fries,$4.29,450 Cal,"936 blossom hill road, san jose, ca, 95123, us",936 Blossom Hill Road
Chicken Fries,$4.29,220 Cal,"936 blossom hill road, san jose, ca, 95123, us",936 Blossom Hill Road
Mozzarella Fries,$3.99,480 Cal,"936 blossom hill road, san jose, ca, 95123, us",936 Blossom Hill Road
Chicken Nuggets,$2.99,390 Cal,"936 blossom hill road, san jose, ca, 95123, us",936 Blossom Hill Road
Mott's® Applesauce,$1.49,50 Cal,"936 blossom hill road, san jose, ca, 95123, us",936 Blossom Hill Road
Fiery Bacon Whopper®,$9.99,800 Cal,"969 east francisco blvd., san rafael, ca, 94901, us",969 East Francisco Blvd.
Whopper,$7.89,670 Cal,"969 east francisco blvd., san rafael, ca, 94901, us",969 East Francisco Blvd.
Impossible™ Whopper,$8.89,630 Cal,"969 east francisco blvd., san rafael, ca, 94901, us",969 East Francisco Blvd.
Texas Double Whopper,$10.59,"1,090 Cal","969 east francisco blvd., san rafael, ca, 94901, us",969 East Francisco Blvd.
Double Whopper,$8.99,920 Cal,"969 east francisco blvd., san rafael, ca, 94901, us",969 East Francisco Blvd.
Triple Whopper,$10.19,"1,170 Cal","969 east francisco blvd., san rafael, ca, 94901, us",969 East Francisco Blvd.
Bacon King,$9.19,"1,200 Cal","969 east francisco blvd., san rafael, ca, 94901, us",969 East Francisco Blvd.
BBQ Bacon Whopper Jr.,$3.89,390 Cal,"969 east francisco blvd., san rafael, ca, 94901, us",969 East Francisco Blvd.
Double Whopper Jr.,$5.79,447 Cal,"969 east francisco blvd., san rafael, ca, 94901, us",969 East Francisco Blvd.
Whopper Jr.,$4.19,330 Cal,"969 east francisco blvd., san rafael, ca, 94901, us",969 East Francisco Blvd.
Bacon Double Cheeseburger,$4.39,440 Cal,"969 east francisco blvd., san rafael, ca, 94901, us",969 East Francisco Blvd.
Bacon Cheeseburger,$3.69,340 Cal,"969 east francisco blvd., san rafael, ca, 94901, us",969 East Francisco Blvd.
Double Cheeseburger,$3.69,400 Cal,"969 east francisco blvd., san rafael, ca, 94901, us",969 East Francisco Blvd.
Cheeseburger,$2.89,290 Cal,"969 east francisco blvd., san rafael, ca, 94901, us",969 East Francisco Blvd.
Rodeo Burger,$2.89,340 Cal,"969 east francisco blvd., san rafael, ca, 94901, us",969 East Francisco Blvd.
Hamburger,$2.49,250 Cal,"969 east francisco blvd., san rafael, ca, 94901, us",969 East Francisco Blvd.
Have-sies™,$4.59,380 Cal,"969 east francisco blvd., san rafael, ca, 94901, us",969 East Francisco Blvd.
French Fries,$4.59,370 Cal,"969 east francisco blvd., san rafael, ca, 94901, us",969 East Francisco Blvd.
Onion Rings,$4.59,360 Cal,"969 east francisco blvd., san rafael, ca, 94901, us",969 East Francisco Blvd.
Fiery Chicken Fries,$4.29,260 Cal,"969 east francisco blvd., san rafael, ca, 94901, us",969 East Francisco Blvd.
Fiery Mozzarella Fries,$4.29,450 Cal,"969 east francisco blvd., san rafael, ca, 94901, us",969 East Francisco Blvd.
Chicken Fries,$4.29,220 Cal,"969 east francisco blvd., san rafael, ca, 94901, us",969 East Francisco Blvd.
Mozzarella Fries,$3.79,480 Cal,"969 east francisco blvd., san rafael, ca, 94901, us",969 East Francisco Blvd.
Chicken Nuggets,$2.99,390 Cal,"969 east francisco blvd., san rafael, ca, 94901, us",969 East Francisco Blvd.
Mott's® Applesauce,$2.19,50 Cal,"969 east francisco blvd., san rafael, ca, 94901, us",969 East Francisco Blvd.
Fiery Bacon Whopper®,$8.99,800 Cal,"972 el camino real, south san francisco, ca, 94080, us",1278 El Camino Real
Whopper,$7.39,670 Cal,"972 el camino real, south san francisco, ca, 94080, us",1278 El Camino Real
Impossible™ Whopper,$8.29,630 Cal,"972 el camino real, south san francisco, ca, 94080, us",1278 El Camino Real
Texas Double Whopper,$9.39,"1,090 Cal","972 el camino real, south san francisco, ca, 94080, us",1278 El Camino Real
Double Whopper,$8.39,920 Cal,"972 el camino real, south san francisco, ca, 94080, us",1278 El Camino Real
Triple Whopper,$9.39,"1,170 Cal","972 el camino real, south san francisco, ca, 94080, us",1278 El Camino Real
Bacon King,$9.39,"1,200 Cal","972 el camino real, south san francisco, ca, 94080, us",1278 El Camino Real
BBQ Bacon Whopper Jr.,$4.59,390 Cal,"972 el camino real, south san francisco, ca, 94080, us",1278 El Camino Real
Double Whopper Jr.,$5.29,447 Cal,"972 el camino real, south san francisco, ca, 94080, us",1278 El Camino Real
Whopper Jr.,$4.29,330 Cal,"972 el camino real, south san francisco, ca, 94080, us",1278 El Camino Real
Bacon Double Cheeseburger,$4.59,440 Cal,"972 el camino real, south san francisco, ca, 94080, us",1278 El Camino Real
Bacon Cheeseburger,$3.99,340 Cal,"972 el camino real, south san francisco, ca, 94080, us",1278 El Camino Real
Double Cheeseburger,$3.59,400 Cal,"972 el camino real, south san francisco, ca, 94080, us",1278 El Camino Real
Cheeseburger,$3.09,290 Cal,"972 el camino real, south san francisco, ca, 94080, us",1278 El Camino Real
Rodeo Burger,$3.59,340 Cal,"972 el camino real, south san francisco, ca, 94080, us",1278 El Camino Real
Hamburger,$2.59,250 Cal,"972 el camino real, south san francisco, ca, 94080, us",1278 El Camino Real
Have-sies™,$3.39,380 Cal,"972 el camino real, south san francisco, ca, 94080, us",1278 El Camino Real
French Fries,$3.39,370 Cal,"972 el camino real, south san francisco, ca, 94080, us",1278 El Camino Real
Onion Rings,$3.39,360 Cal,"972 el camino real, south san francisco, ca, 94080, us",1278 El Camino Real
Fiery Chicken Fries,$5.29,260 Cal,"972 el camino real, south san francisco, ca, 94080, us",1278 El Camino Real
Fiery Mozzarella Fries,$5.29,450 Cal,"972 el camino real, south san francisco, ca, 94080, us",1278 El Camino Real
Chicken Fries,$5.19,220 Cal,"972 el camino real, south san francisco, ca, 94080, us",1278 El Camino Real
Mozzarella Fries,$3.99,480 Cal,"972 el camino real, south san francisco, ca, 94080, us",1278 El Camino Real
Chicken Nuggets,$2.99,390 Cal,"972 el camino real, south san francisco, ca, 94080, us",1278 El Camino Real
Mott's® Applesauce,$1.49,50 Cal,"972 el camino real, south san francisco, ca, 94080, us",1278 El Camino Real
Crispy Tacos,$1.79,170 Cal,"972 el camino real, south san francisco, ca, 94080, us",1278 El Camino Real
