menu_item,menu_item_price,menu_item_calories,restaurant_address
Double The Ghost Combo,11.99,830,"1 hallidie plaza, san francisco, ca, 94102, us"
Loaded Guacamole Bacon Fries,6.99,580,"1 hallidie plaza, san francisco, ca, 94102, us"
Fried Zucchini Star,7.20,600,"1 hallidie plaza, san francisco, ca, 94102, us"
Hand-Crafted Strawberry Lemonade,6.00,156,"1 hallidie plaza, san francisco, ca, 94102, us"
Single Famous Star®,7.95,670,"1 hallidie plaza, san francisco, ca, 94102, us"
Double Famous Star®,10.78,920,"1 hallidie plaza, san francisco, ca, 94102, us"
Big Angus Famous Star®,12.35,830,"1 hallidie plaza, san francisco, ca, 94102, us"
Single Western Bacon Cheeseburger®,8.64,760,"1 hallidie plaza, san francisco, ca, 94102, us"
Double Western Bacon Cheeseburger®,11.17,1020,"1 hallidie plaza, san francisco, ca, 94102, us"
Big Angus Western Bacon Cheeseburger®,13.57,880,"1 hallidie plaza, san francisco, ca, 94102, us"
Single Big Carl®,9.26,670,"1 hallidie plaza, san francisco, ca, 94102, us"
Double Big Carl®,11.32,920,"1 hallidie plaza, san francisco, ca, 94102, us"
Big Angus Big Carl®,13.38,770,"1 hallidie plaza, san francisco, ca, 94102, us"
Single Guacamole Bacon Burger,11.32,870,"1 hallidie plaza, san francisco, ca, 94102, us"
Double Guacamole Bacon Burger,13.38,1130,"1 hallidie plaza, san francisco, ca, 94102, us"
Big Angus Guacamole Bacon Burger,13.57,960,"1 hallidie plaza, san francisco, ca, 94102, us"
Single El Diablo ,11.32,950,"1 hallidie plaza, san francisco, ca, 94102, us"
Double El Diablo ,13.38,1210,"1 hallidie plaza, san francisco, ca, 94102, us"
Big Angus El Diablo ,13.57,1050,"1 hallidie plaza, san francisco, ca, 94102, us"
Big Cheeseburger,4.84,540,"1 hallidie plaza, san francisco, ca, 94102, us"
California Classic Double Cheeseburger,5.52,560,"1 hallidie plaza, san francisco, ca, 94102, us"
Single The Ghost ,9.49,720,"1 hallidie plaza, san francisco, ca, 94102, us"
Double The Ghost ,11.99,990,"1 hallidie plaza, san francisco, ca, 94102, us"
Big Angus The Ghost ,11.99,830,"1 hallidie plaza, san francisco, ca, 94102, us"
Double The Ghost Combo,10.99,830,"1001 veterans blvd, redwood city, ca, 94063, us"
Loaded Guacamole Bacon Fries,5.99,580,"1001 veterans blvd, redwood city, ca, 94063, us"
Fried Zucchini Star,5.99,600,"1001 veterans blvd, redwood city, ca, 94063, us"
Hand-Crafted Strawberry Lemonade,6.00,156,"1001 veterans blvd, redwood city, ca, 94063, us"
Single Famous Star®,7.04,670,"1001 veterans blvd, redwood city, ca, 94063, us"
Double Famous Star®,9.55,920,"1001 veterans blvd, redwood city, ca, 94063, us"
Big Angus Famous Star®,10.99,830,"1001 veterans blvd, redwood city, ca, 94063, us"
Single Western Bacon Cheeseburger®,7.66,760,"1001 veterans blvd, redwood city, ca, 94063, us"
Double Western Bacon Cheeseburger®,9.88,1020,"1001 veterans blvd, redwood city, ca, 94063, us"
Big Angus Western Bacon Cheeseburger®,11.99,880,"1001 veterans blvd, redwood city, ca, 94063, us"
Single Big Carl®,7.55,670,"1001 veterans blvd, redwood city, ca, 94063, us"
Double Big Carl®,9.99,920,"1001 veterans blvd, redwood city, ca, 94063, us"
Big Angus Big Carl®,11.99,770,"1001 veterans blvd, redwood city, ca, 94063, us"
Single Guacamole Bacon Burger,9.99,870,"1001 veterans blvd, redwood city, ca, 94063, us"
Double Guacamole Bacon Burger,11.99,1130,"1001 veterans blvd, redwood city, ca, 94063, us"
Big Angus Guacamole Bacon Burger,11.99,960,"1001 veterans blvd, redwood city, ca, 94063, us"
Single El Diablo ,9.89,950,"1001 veterans blvd, redwood city, ca, 94063, us"
Double El Diablo ,11.99,1210,"1001 veterans blvd, redwood city, ca, 94063, us"
Big Angus El Diablo ,11.99,1050,"1001 veterans blvd, redwood city, ca, 94063, us"
Big Cheeseburger,4.89,540,"1001 veterans blvd, redwood city, ca, 94063, us"
California Classic Double Cheeseburger,4.88,560,"1001 veterans blvd, redwood city, ca, 94063, us"
Single The Ghost ,8.49,720,"1001 veterans blvd, redwood city, ca, 94063, us"
Double The Ghost ,10.99,990,"1001 veterans blvd, redwood city, ca, 94063, us"
Big Angus The Ghost ,10.99,830,"1001 veterans blvd, redwood city, ca, 94063, us"
Double The Ghost Combo,10.99,1270,"101 s union ave, bakersfield, ca, 93307, us"
Loaded Guacamole Bacon Fries,5.49,580,"101 s union ave, bakersfield, ca, 93307, us"
Fried Zucchini Star,6.59,600,"101 s union ave, bakersfield, ca, 93307, us"
Hand-Crafted Strawberry Lemonade,3.29,270,"101 s union ave, bakersfield, ca, 93307, us"
Double Take Value Bundle,6.00,156,"101 s union ave, bakersfield, ca, 93307, us"
Single Famous Star®,7.19,670,"101 s union ave, bakersfield, ca, 93307, us"
Double Famous Star®,8.99,920,"101 s union ave, bakersfield, ca, 93307, us"
Triple Famous Star®,10.09,1190,"101 s union ave, bakersfield, ca, 93307, us"
Single Western Bacon Cheeseburger®,8.19,760,"101 s union ave, bakersfield, ca, 93307, us"
Double Western Bacon Cheeseburger®,9.79,1020,"101 s union ave, bakersfield, ca, 93307, us"
Triple Western Bacon Cheeseburger®,10.69,1380,"101 s union ave, bakersfield, ca, 93307, us"
Single Big Carl®,6.89,670,"101 s union ave, bakersfield, ca, 93307, us"
Double Big Carl®,8.79,920,"101 s union ave, bakersfield, ca, 93307, us"
Triple Big Carl®,9.69,1180,"101 s union ave, bakersfield, ca, 93307, us"
Single Guacamole Bacon Burger,8.49,870,"101 s union ave, bakersfield, ca, 93307, us"
Double Guacamole Bacon Burger,10.29,1130,"101 s union ave, bakersfield, ca, 93307, us"
Triple Guacamole Bacon Burger,10.89,1380,"101 s union ave, bakersfield, ca, 93307, us"
Single El Diablo ,8.99,950,"101 s union ave, bakersfield, ca, 93307, us"
Double El Diablo ,10.59,1210,"101 s union ave, bakersfield, ca, 93307, us"
Triple El Diablo ,10.99,1460,"101 s union ave, bakersfield, ca, 93307, us"
California Classic Double Cheeseburger,4.99,560,"101 s union ave, bakersfield, ca, 93307, us"
Big Hamburger,5.69,480,"101 s union ave, bakersfield, ca, 93307, us"
Single The Ghost ,8.29,720,"101 s union ave, bakersfield, ca, 93307, us"
Double The Ghost ,9.79,990,"101 s union ave, bakersfield, ca, 93307, us"
Triple The Ghost,10.99,1270,"101 s union ave, bakersfield, ca, 93307, us"
Double The Ghost Combo,10.99,830,"10770 macarthur blvd, oakland, ca, 94605, us"
Loaded Guacamole Bacon Fries,5.99,580,"10770 macarthur blvd, oakland, ca, 94605, us"
Fried Zucchini Star,5.99,600,"10770 macarthur blvd, oakland, ca, 94605, us"
Hand-Crafted Strawberry Lemonade,6.00,156,"10770 macarthur blvd, oakland, ca, 94605, us"
Single Famous Star®,7.04,670,"10770 macarthur blvd, oakland, ca, 94605, us"
Double Famous Star®,9.55,920,"10770 macarthur blvd, oakland, ca, 94605, us"
Big Angus Famous Star®,10.99,830,"10770 macarthur blvd, oakland, ca, 94605, us"
Single Western Bacon Cheeseburger®,7.66,760,"10770 macarthur blvd, oakland, ca, 94605, us"
Double Western Bacon Cheeseburger®,9.88,1020,"10770 macarthur blvd, oakland, ca, 94605, us"
Big Angus Western Bacon Cheeseburger®,11.99,880,"10770 macarthur blvd, oakland, ca, 94605, us"
Single Big Carl®,7.55,670,"10770 macarthur blvd, oakland, ca, 94605, us"
Double Big Carl®,9.99,920,"10770 macarthur blvd, oakland, ca, 94605, us"
Big Angus Big Carl®,11.99,770,"10770 macarthur blvd, oakland, ca, 94605, us"
Single Guacamole Bacon Burger,9.99,870,"10770 macarthur blvd, oakland, ca, 94605, us"
Double Guacamole Bacon Burger,11.99,1130,"10770 macarthur blvd, oakland, ca, 94605, us"
Big Angus Guacamole Bacon Burger,11.99,960,"10770 macarthur blvd, oakland, ca, 94605, us"
Single El Diablo ,9.89,950,"10770 macarthur blvd, oakland, ca, 94605, us"
Double El Diablo ,11.99,1210,"10770 macarthur blvd, oakland, ca, 94605, us"
Big Angus El Diablo ,11.99,1050,"10770 macarthur blvd, oakland, ca, 94605, us"
Big Cheeseburger,4.89,540,"10770 macarthur blvd, oakland, ca, 94605, us"
California Classic Double Cheeseburger,4.88,560,"10770 macarthur blvd, oakland, ca, 94605, us"
Single The Ghost ,8.49,720,"10770 macarthur blvd, oakland, ca, 94605, us"
Double The Ghost ,10.99,990,"10770 macarthur blvd, oakland, ca, 94605, us"
Big Angus The Ghost ,10.99,830,"10770 macarthur blvd, oakland, ca, 94605, us"
Double The Ghost Combo,8.99,830,"1095 oakland road, san jose, ca, 95112, us"
Loaded Guacamole Bacon Fries,5.09,580,"1095 oakland road, san jose, ca, 95112, us"
Fried Zucchini Star,5.99,600,"1095 oakland road, san jose, ca, 95112, us"
Hand-Crafted Strawberry Lemonade,3.49,270,"1095 oakland road, san jose, ca, 95112, us"
Hand-Crafted Strawberry Lemonade,8.49,720,"1095 oakland road, san jose, ca, 95112, us"
Double The Ghost,9.99,990,"1095 oakland road, san jose, ca, 95112, us"
Big Angus The Ghost,8.99,830,"1095 oakland road, san jose, ca, 95112, us"
Single Famous Star®,7.99,670,"1095 oakland road, san jose, ca, 95112, us"
Double Famous Star®,9.49,920,"1095 oakland road, san jose, ca, 95112, us"
Big Angus Famous Star®,9.09,830,"1095 oakland road, san jose, ca, 95112, us"
Single Western Bacon Cheeseburger®,8.49,760,"1095 oakland road, san jose, ca, 95112, us"
Double Western Bacon Cheeseburger®,9.49,1020,"1095 oakland road, san jose, ca, 95112, us"
Big Angus Western Bacon Cheeseburger®,9.99,880,"1095 oakland road, san jose, ca, 95112, us"
Single Big Carl®,8.99,670,"1095 oakland road, san jose, ca, 95112, us"
Double Big Carl®,9.49,920,"1095 oakland road, san jose, ca, 95112, us"
Big Angus Big Carl®,9.09,770,"1095 oakland road, san jose, ca, 95112, us"
Single Guacamole Bacon Burger,7.99,870,"1095 oakland road, san jose, ca, 95112, us"
Double Guacamole Bacon Burger,9.09,1130,"1095 oakland road, san jose, ca, 95112, us"
Big Angus Guacamole Bacon Burger,9.99,960,"1095 oakland road, san jose, ca, 95112, us"
Single El Diablo,8.99,950,"1095 oakland road, san jose, ca, 95112, us"
Double El Diablo,10.49,1210,"1095 oakland road, san jose, ca, 95112, us"
Big Angus El Diablo,9.99,1050,"1095 oakland road, san jose, ca, 95112, us"
California Classic Double Cheeseburger,5.99,560,"1095 oakland road, san jose, ca, 95112, us"
Big Cheeseburger,5.99,540,"1095 oakland road, san jose, ca, 95112, us"
Double The Ghost Combo,10.99,830,"1101 branham ln, san jose, ca, 95118, us"
Loaded Guacamole Bacon Fries,4.99,580,"1101 branham ln, san jose, ca, 95118, us"
Fried Zucchini Star,5.99,600,"1101 branham ln, san jose, ca, 95118, us"
Hand-Crafted Strawberry Lemonade,6.00,156,"1101 branham ln, san jose, ca, 95118, us"
Single Famous Star®,7.09,670,"1101 branham ln, san jose, ca, 95118, us"
Double Famous Star®,8.99,920,"1101 branham ln, san jose, ca, 95118, us"
Big Angus Famous Star®,9.49,830,"1101 branham ln, san jose, ca, 95118, us"
Single Western Bacon Cheeseburger®,7.99,760,"1101 branham ln, san jose, ca, 95118, us"
Double Western Bacon Cheeseburger®,9.99,1020,"1101 branham ln, san jose, ca, 95118, us"
Big Angus Western Bacon Cheeseburger®,10.49,1020,"1101 branham ln, san jose, ca, 95118, us"
Single Big Carl®,6.99,670,"1101 branham ln, san jose, ca, 95118, us"
Double Big Carl®,8.79,920,"1101 branham ln, san jose, ca, 95118, us"
Big Angus Big Carl®,9.29,770,"1101 branham ln, san jose, ca, 95118, us"
Single Guacamole Bacon Burger,8.19,870,"1101 branham ln, san jose, ca, 95118, us"
Double Guacamole Bacon Burger,10.19,1130,"1101 branham ln, san jose, ca, 95118, us"
Big Angus Guacamole Bacon Burger,10.69,960,"1101 branham ln, san jose, ca, 95118, us"
Single El Diablo ,8.49,950,"1101 branham ln, san jose, ca, 95118, us"
Double El Diablo ,10.49,1210,"1101 branham ln, san jose, ca, 95118, us"
Big Angus El Diablo ,10.99,1050,"1101 branham ln, san jose, ca, 95118, us"
California Classic Double Cheeseburger,4.99,560,"1101 branham ln, san jose, ca, 95118, us"
Big Cheeseburger,5.59,540,"1101 branham ln, san jose, ca, 95118, us"
Single The Ghost ,8.49,720,"1101 branham ln, san jose, ca, 95118, us"
Double The Ghost ,10.49,990,"1101 branham ln, san jose, ca, 95118, us"
Big Angus The Ghost ,10.99,830,"1101 branham ln, san jose, ca, 95118, us"
Double The Ghost Combo,8.89,830,"11051 euclid ave, garden grove, ca, 92840, us"
Loaded Guacamole Bacon Fries,4.99,580,"11051 euclid ave, garden grove, ca, 92840, us"
Fried Zucchini Star,5.79,600,"11051 euclid ave, garden grove, ca, 92840, us"
Hand-Crafted Strawberry Lemonade,3.19,270,"11051 euclid ave, garden grove, ca, 92840, us"
Single The Ghost,7.49,720,"11051 euclid ave, garden grove, ca, 92840, us"
Double The Ghost,8.49,990,"11051 euclid ave, garden grove, ca, 92840, us"
Big Angus The Ghost,8.89,830,"11051 euclid ave, garden grove, ca, 92840, us"
Single Famous Star®,6.19,670,"11051 euclid ave, garden grove, ca, 92840, us"
Double Famous Star®,7.59,920,"11051 euclid ave, garden grove, ca, 92840, us"
Big Angus Famous Star®,7.89,830,"11051 euclid ave, garden grove, ca, 92840, us"
Single Western Bacon Cheeseburger®,7.19,760,"11051 euclid ave, garden grove, ca, 92840, us"
Double Western Bacon Cheeseburger®,8.59,1020,"11051 euclid ave, garden grove, ca, 92840, us"
Big Angus Western Bacon Cheeseburger®,8.89,880,"11051 euclid ave, garden grove, ca, 92840, us"
Single Big Carl®,5.79,670,"11051 euclid ave, garden grove, ca, 92840, us"
Double Big Carl®,7.29,920,"11051 euclid ave, garden grove, ca, 92840, us"
Big Angus Big Carl®,7.89,770,"11051 euclid ave, garden grove, ca, 92840, us"
Single Guacamole Bacon Burger,7.39,870,"11051 euclid ave, garden grove, ca, 92840, us"
Double Guacamole Bacon Burger,8.89,1130,"11051 euclid ave, garden grove, ca, 92840, us"
Big Angus Guacamole Bacon Burger,9.29,960,"11051 euclid ave, garden grove, ca, 92840, us"
Single El Diablo,8.39,950,"11051 euclid ave, garden grove, ca, 92840, us"
Double El Diablo,9.39,1210,"11051 euclid ave, garden grove, ca, 92840, us"
Big Angus El Diablo,9.69,1050,"11051 euclid ave, garden grove, ca, 92840, us"
Big Cheeseburger,4.19,540,"11051 euclid ave, garden grove, ca, 92840, us"
Double The Ghost Combo,10.99,830,"1140 triton dr, san mateo, ca, 94404, us"
Loaded Guacamole Bacon Fries,5.99,580,"1140 triton dr, san mateo, ca, 94404, us"
Fried Zucchini Star,5.99,600,"1140 triton dr, san mateo, ca, 94404, us"
Hand-Crafted Strawberry Lemonade,6.00,156,"1140 triton dr, san mateo, ca, 94404, us"
Single Famous Star®,7.04,670,"1140 triton dr, san mateo, ca, 94404, us"
Double Famous Star®,9.55,920,"1140 triton dr, san mateo, ca, 94404, us"
Big Angus Famous Star®,10.99,830,"1140 triton dr, san mateo, ca, 94404, us"
Single Western Bacon Cheeseburger®,7.66,760,"1140 triton dr, san mateo, ca, 94404, us"
Double Western Bacon Cheeseburger®,9.88,1020,"1140 triton dr, san mateo, ca, 94404, us"
Big Angus Western Bacon Cheeseburger®,11.99,880,"1140 triton dr, san mateo, ca, 94404, us"
Single Big Carl®,7.55,670,"1140 triton dr, san mateo, ca, 94404, us"
Double Big Carl®,9.99,920,"1140 triton dr, san mateo, ca, 94404, us"
Big Angus Big Carl®,11.99,770,"1140 triton dr, san mateo, ca, 94404, us"
Single Guacamole Bacon Burger,9.99,870,"1140 triton dr, san mateo, ca, 94404, us"
Double Guacamole Bacon Burger,11.99,1130,"1140 triton dr, san mateo, ca, 94404, us"
Big Angus Guacamole Bacon Burger,11.99,960,"1140 triton dr, san mateo, ca, 94404, us"
Single El Diablo ,9.89,950,"1140 triton dr, san mateo, ca, 94404, us"
Double El Diablo ,11.99,1210,"1140 triton dr, san mateo, ca, 94404, us"
Big Angus El Diablo ,11.99,1050,"1140 triton dr, san mateo, ca, 94404, us"
Big Cheeseburger,4.89,540,"1140 triton dr, san mateo, ca, 94404, us"
California Classic Double Cheeseburger,4.88,560,"1140 triton dr, san mateo, ca, 94404, us"
Single The Ghost ,8.49,720,"1140 triton dr, san mateo, ca, 94404, us"
Double The Ghost ,10.99,990,"1140 triton dr, san mateo, ca, 94404, us"
Big Angus The Ghost ,10.99,830,"1140 triton dr, san mateo, ca, 94404, us"
Double The Ghost Combo,9.99,830,"1142 fremont blvd, seaside, ca, 93955, us"
Loaded Guacamole Bacon Fries,3.99,580,"1142 fremont blvd, seaside, ca, 93955, us"
Fried Zucchini Star,5.99,600,"1142 fremont blvd, seaside, ca, 93955, us"
Hand-Crafted Strawberry Lemonade,3.79,270,"1142 fremont blvd, seaside, ca, 93955, us"
Single Famous Star®,6.59,670,"1142 fremont blvd, seaside, ca, 93955, us"
Double Famous Star®,8.99,920,"1142 fremont blvd, seaside, ca, 93955, us"
Big Angus Famous Star®,8.99,830,"1142 fremont blvd, seaside, ca, 93955, us"
Single Western Bacon Cheeseburger®,7.79,760,"1142 fremont blvd, seaside, ca, 93955, us"
Double Western Bacon Cheeseburger®,9.79,1020,"1142 fremont blvd, seaside, ca, 93955, us"
Big Angus Western Bacon Cheeseburger®,9.99,1020,"1142 fremont blvd, seaside, ca, 93955, us"
Single Big Carl®,6.99,670,"1142 fremont blvd, seaside, ca, 93955, us"
Double Big Carl®,7.99,920,"1142 fremont blvd, seaside, ca, 93955, us"
Big Angus Big Carl®,8.49,770,"1142 fremont blvd, seaside, ca, 93955, us"
Single Guacamole Bacon Burger,7.99,870,"1142 fremont blvd, seaside, ca, 93955, us"
Double Guacamole Bacon Burger,9.99,1130,"1142 fremont blvd, seaside, ca, 93955, us"
Big Angus Guacamole Bacon Burger,9.99,960,"1142 fremont blvd, seaside, ca, 93955, us"
Single El Diablo ,8.49,950,"1142 fremont blvd, seaside, ca, 93955, us"
Double El Diablo ,9.99,1210,"1142 fremont blvd, seaside, ca, 93955, us"
Big Angus El Diablo ,9.99,1050,"1142 fremont blvd, seaside, ca, 93955, us"
Big Cheeseburger,5.49,540,"1142 fremont blvd, seaside, ca, 93955, us"
Single The Ghost ,7.49,720,"1142 fremont blvd, seaside, ca, 93955, us"
Double The Ghost ,9.49,990,"1142 fremont blvd, seaside, ca, 93955, us"
Big Angus The Ghost ,9.99,830,"1142 fremont blvd, seaside, ca, 93955, us"
Double The Ghost Combo,10.99,830,"118 e whitmore ave, modesto, ca, 95358, us"
Loaded Guacamole Bacon Fries,5.99,580,"118 e whitmore ave, modesto, ca, 95358, us"
Fried Zucchini Star,5.99,600,"118 e whitmore ave, modesto, ca, 95358, us"
Double Take Value Bundle,6.00,156,"118 e whitmore ave, modesto, ca, 95358, us"
Single Famous Star®,7.04,670,"118 e whitmore ave, modesto, ca, 95358, us"
Double Famous Star®,9.55,920,"118 e whitmore ave, modesto, ca, 95358, us"
Big Angus Famous Star®,10.99,830,"118 e whitmore ave, modesto, ca, 95358, us"
Single Western Bacon Cheeseburger®,7.66,760,"118 e whitmore ave, modesto, ca, 95358, us"
Double Western Bacon Cheeseburger®,9.88,1020,"118 e whitmore ave, modesto, ca, 95358, us"
Big Angus Western Bacon Cheeseburger®,11.99,880,"118 e whitmore ave, modesto, ca, 95358, us"
Single Big Carl®,7.55,670,"118 e whitmore ave, modesto, ca, 95358, us"
Double Big Carl®,9.99,920,"118 e whitmore ave, modesto, ca, 95358, us"
Big Angus Big Carl®,11.99,770,"118 e whitmore ave, modesto, ca, 95358, us"
Single Guacamole Bacon Burger,9.99,870,"118 e whitmore ave, modesto, ca, 95358, us"
Double Guacamole Bacon Burger,11.99,1130,"118 e whitmore ave, modesto, ca, 95358, us"
Big Angus Guacamole Bacon Burger,11.99,960,"118 e whitmore ave, modesto, ca, 95358, us"
Single El Diablo ,9.89,950,"118 e whitmore ave, modesto, ca, 95358, us"
Double El Diablo ,11.99,1210,"118 e whitmore ave, modesto, ca, 95358, us"
Big Angus El Diablo ,11.99,1050,"118 e whitmore ave, modesto, ca, 95358, us"
Big Cheeseburger,4.89,540,"118 e whitmore ave, modesto, ca, 95358, us"
California Classic Double Cheeseburger,4.88,560,"118 e whitmore ave, modesto, ca, 95358, us"
Single The Ghost ,8.49,720,"118 e whitmore ave, modesto, ca, 95358, us"
Double The Ghost ,10.99,990,"118 e whitmore ave, modesto, ca, 95358, us"
Big Angus The Ghost ,10.99,830,"118 e whitmore ave, modesto, ca, 95358, us"
Double The Ghost Combo,9.99,830,"1180 s mount vernon ave, colton, ca, 92324, us"
Loaded Guacamole Bacon Fries,3.99,580,"1180 s mount vernon ave, colton, ca, 92324, us"
Fried Zucchini Star,5.99,600,"1180 s mount vernon ave, colton, ca, 92324, us"
Hand-Crafted Strawberry Lemonade,3.79,270,"1180 s mount vernon ave, colton, ca, 92324, us"
Single Famous Star®,6.59,670,"1180 s mount vernon ave, colton, ca, 92324, us"
Double Famous Star®,8.79,920,"1180 s mount vernon ave, colton, ca, 92324, us"
Big Angus Famous Star®,8.99,830,"1180 s mount vernon ave, colton, ca, 92324, us"
Single Western Bacon Cheeseburger®,7.79,760,"1180 s mount vernon ave, colton, ca, 92324, us"
Double Western Bacon Cheeseburger®,9.79,1020,"1180 s mount vernon ave, colton, ca, 92324, us"
Big Angus Western Bacon Cheeseburger®,10.19,880,"1180 s mount vernon ave, colton, ca, 92324, us"
Single Big Carl®,6.99,670,"1180 s mount vernon ave, colton, ca, 92324, us"
Double Big Carl®,8.29,920,"1180 s mount vernon ave, colton, ca, 92324, us"
Big Angus Big Carl®,8.59,770,"1180 s mount vernon ave, colton, ca, 92324, us"
Single Guacamole Bacon Burger,8.19,870,"1180 s mount vernon ave, colton, ca, 92324, us"
Double Guacamole Bacon Burger,10.19,1130,"1180 s mount vernon ave, colton, ca, 92324, us"
Big Angus Guacamole Bacon Burger,10.49,960,"1180 s mount vernon ave, colton, ca, 92324, us"
Single El Diablo ,8.59,950,"1180 s mount vernon ave, colton, ca, 92324, us"
Double El Diablo ,10.29,1210,"1180 s mount vernon ave, colton, ca, 92324, us"
Big Angus El Diablo ,10.59,1050,"1180 s mount vernon ave, colton, ca, 92324, us"
Big Cheeseburger,5.49,540,"1180 s mount vernon ave, colton, ca, 92324, us"
California Classic Double Cheeseburger,4.99,560,"1180 s mount vernon ave, colton, ca, 92324, us"
Single The Ghost ,7.49,720,"1180 s mount vernon ave, colton, ca, 92324, us"
Double The Ghost ,9.49,990,"1180 s mount vernon ave, colton, ca, 92324, us"
Big Angus The Ghost ,9.99,830,"1180 s mount vernon ave, colton, ca, 92324, us"
Double The Ghost Combo,10.99,830,"1259 w carson st, torrance, ca, 90502, us"
Loaded Guacamole Bacon Fries,4.99,580,"1259 w carson st, torrance, ca, 90502, us"
Fried Zucchini Star,5.99,600,"1259 w carson st, torrance, ca, 90502, us"
Hand-Crafted Strawberry Lemonade,3.99,270,"1259 w carson st, torrance, ca, 90502, us"
Single Famous Star®,6.99,670,"1259 w carson st, torrance, ca, 90502, us"
Double Famous Star®,8.99,920,"1259 w carson st, torrance, ca, 90502, us"
Big Angus Famous Star®,9.49,830,"1259 w carson st, torrance, ca, 90502, us"
Single Western Bacon Cheeseburger®,7.99,760,"1259 w carson st, torrance, ca, 90502, us"
Double Western Bacon Cheeseburger®,9.99,1020,"1259 w carson st, torrance, ca, 90502, us"
Big Angus Western Bacon Cheeseburger®,10.49,1020,"1259 w carson st, torrance, ca, 90502, us"
Single Big Carl®,6.99,670,"1259 w carson st, torrance, ca, 90502, us"
Double Big Carl®,8.99,920,"1259 w carson st, torrance, ca, 90502, us"
Big Angus Big Carl®,9.49,770,"1259 w carson st, torrance, ca, 90502, us"
Single Guacamole Bacon Burger,8.19,870,"1259 w carson st, torrance, ca, 90502, us"
Double Guacamole Bacon Burger,10.19,1130,"1259 w carson st, torrance, ca, 90502, us"
Big Angus Guacamole Bacon Burger,10.69,960,"1259 w carson st, torrance, ca, 90502, us"
Single El Diablo ,8.49,950,"1259 w carson st, torrance, ca, 90502, us"
Double El Diablo ,10.49,1210,"1259 w carson st, torrance, ca, 90502, us"
Big Angus El Diablo ,10.99,1050,"1259 w carson st, torrance, ca, 90502, us"
Big Cheeseburger,5.59,540,"1259 w carson st, torrance, ca, 90502, us"
Single The Ghost ,8.49,720,"1259 w carson st, torrance, ca, 90502, us"
Double The Ghost ,10.49,990,"1259 w carson st, torrance, ca, 90502, us"
Big Angus The Ghost ,10.99,830,"1259 w carson st, torrance, ca, 90502, us"
Double The Ghost Combo,9.59,830,"1280 e plaza blvd, national city, ca, 91950, us"
Loaded Guacamole Bacon Fries,4.99,580,"1280 e plaza blvd, national city, ca, 91950, us"
Fried Zucchini Star,5.99,600,"1280 e plaza blvd, national city, ca, 91950, us"
Hand-Crafted Strawberry Lemonade,3.49,270,"1280 e plaza blvd, national city, ca, 91950, us"
2 for $6 Chicken Tender Wraps,6.00,480,"1280 e plaza blvd, national city, ca, 91950, us"
Single Famous Star®,6.59,670,"1280 e plaza blvd, national city, ca, 91950, us"
Double Famous Star®,8.09,920,"1280 e plaza blvd, national city, ca, 91950, us"
Big Angus Famous Star®,8.59,830,"1280 e plaza blvd, national city, ca, 91950, us"
Single Western Bacon Cheeseburger®,7.79,760,"1280 e plaza blvd, national city, ca, 91950, us"
Double Western Bacon Cheeseburger®,9.29,1020,"1280 e plaza blvd, national city, ca, 91950, us"
Big Angus Western Bacon Cheeseburger®,9.79,1020,"1280 e plaza blvd, national city, ca, 91950, us"
Single Big Carl®,6.19,670,"1280 e plaza blvd, national city, ca, 91950, us"
Double Big Carl®,7.69,920,"1280 e plaza blvd, national city, ca, 91950, us"
Big Angus Big Carl®,8.19,770,"1280 e plaza blvd, national city, ca, 91950, us"
Single Guacamole Bacon Burger,7.79,870,"1280 e plaza blvd, national city, ca, 91950, us"
Double Guacamole Bacon Burger,9.29,1130,"1280 e plaza blvd, national city, ca, 91950, us"
Big Angus Guacamole Bacon Burger,9.79,960,"1280 e plaza blvd, national city, ca, 91950, us"
Single El Diablo ,8.79,950,"1280 e plaza blvd, national city, ca, 91950, us"
Double El Diablo ,10.29,1210,"1280 e plaza blvd, national city, ca, 91950, us"
Big Angus El Diablo ,10.79,1050,"1280 e plaza blvd, national city, ca, 91950, us"
California Classic Double Cheeseburger,4.39,560,"1280 e plaza blvd, national city, ca, 91950, us"
Big Cheeseburger,5.29,540,"1280 e plaza blvd, national city, ca, 91950, us"
Single The Ghost ,7.79,720,"1280 e plaza blvd, national city, ca, 91950, us"
Double The Ghost ,8.99,990,"1280 e plaza blvd, national city, ca, 91950, us"
Big Angus The Ghost ,9.59,830,"1280 e plaza blvd, national city, ca, 91950, us"
Double The Ghost Combo,9.59,830,"1502 sweetwater rd, national city, ca, 91950, us"
Loaded Guacamole Bacon Fries,4.99,580,"1502 sweetwater rd, national city, ca, 91950, us"
Fried Zucchini Star,5.99,600,"1502 sweetwater rd, national city, ca, 91950, us"
Hand-Crafted Strawberry Lemonade,3.49,270,"1502 sweetwater rd, national city, ca, 91950, us"
2 for $6 Chicken Tender Wraps,6.00,480,"1502 sweetwater rd, national city, ca, 91950, us"
Single Famous Star®,6.59,670,"1502 sweetwater rd, national city, ca, 91950, us"
Double Famous Star®,8.09,920,"1502 sweetwater rd, national city, ca, 91950, us"
Big Angus Famous Star®,8.59,830,"1502 sweetwater rd, national city, ca, 91950, us"
Single Western Bacon Cheeseburger®,7.79,760,"1502 sweetwater rd, national city, ca, 91950, us"
Double Western Bacon Cheeseburger®,9.29,1020,"1502 sweetwater rd, national city, ca, 91950, us"
Big Angus Western Bacon Cheeseburger®,9.79,1020,"1502 sweetwater rd, national city, ca, 91950, us"
Single Big Carl®,6.19,670,"1502 sweetwater rd, national city, ca, 91950, us"
Double Big Carl®,7.69,920,"1502 sweetwater rd, national city, ca, 91950, us"
Big Angus Big Carl®,8.19,770,"1502 sweetwater rd, national city, ca, 91950, us"
Single Guacamole Bacon Burger,7.79,870,"1502 sweetwater rd, national city, ca, 91950, us"
Double Guacamole Bacon Burger,9.29,1130,"1502 sweetwater rd, national city, ca, 91950, us"
Big Angus Guacamole Bacon Burger,9.79,960,"1502 sweetwater rd, national city, ca, 91950, us"
Single El Diablo ,8.79,950,"1502 sweetwater rd, national city, ca, 91950, us"
Double El Diablo ,10.29,1210,"1502 sweetwater rd, national city, ca, 91950, us"
Big Angus El Diablo ,10.79,1050,"1502 sweetwater rd, national city, ca, 91950, us"
California Classic Double Cheeseburger,4.39,560,"1502 sweetwater rd, national city, ca, 91950, us"
Big Cheeseburger,5.29,540,"1502 sweetwater rd, national city, ca, 91950, us"
Single The Ghost ,7.79,720,"1502 sweetwater rd, national city, ca, 91950, us"
Double The Ghost ,8.99,990,"1502 sweetwater rd, national city, ca, 91950, us"
Big Angus The Ghost ,9.59,830,"1502 sweetwater rd, national city, ca, 91950, us"
Double The Ghost Combo,8.89,830,"13011 harbor blvd, garden grove, ca, 92843, us"
Loaded Guacamole Bacon Fries,4.99,580,"13011 harbor blvd, garden grove, ca, 92843, us"
Fried Zucchini Star,5.79,600,"13011 harbor blvd, garden grove, ca, 92843, us"
Hand-Crafted Strawberry Lemonade,3.19,270,"13011 harbor blvd, garden grove, ca, 92843, us"
Single The Ghost,7.49,720,"13011 harbor blvd, garden grove, ca, 92843, us"
Double The Ghost,8.49,990,"13011 harbor blvd, garden grove, ca, 92843, us"
Big Angus The Ghost,8.89,830,"13011 harbor blvd, garden grove, ca, 92843, us"
Single Famous Star®,6.19,670,"13011 harbor blvd, garden grove, ca, 92843, us"
Double Famous Star®,7.49,920,"13011 harbor blvd, garden grove, ca, 92843, us"
Big Angus Famous Star®,7.79,830,"13011 harbor blvd, garden grove, ca, 92843, us"
Single Western Bacon Cheeseburger®,7.19,760,"13011 harbor blvd, garden grove, ca, 92843, us"
Double Western Bacon Cheeseburger®,8.49,1020,"13011 harbor blvd, garden grove, ca, 92843, us"
Big Angus Western Bacon Cheeseburger®,8.79,880,"13011 harbor blvd, garden grove, ca, 92843, us"
Single Big Carl®,5.69,670,"13011 harbor blvd, garden grove, ca, 92843, us"
Double Big Carl®,7.19,920,"13011 harbor blvd, garden grove, ca, 92843, us"
Big Angus Big Carl®,7.79,770,"13011 harbor blvd, garden grove, ca, 92843, us"
Single Guacamole Bacon Burger,7.29,870,"13011 harbor blvd, garden grove, ca, 92843, us"
Double Guacamole Bacon Burger,8.79,1130,"13011 harbor blvd, garden grove, ca, 92843, us"
Big Angus Guacamole Bacon Burger,9.19,960,"13011 harbor blvd, garden grove, ca, 92843, us"
Single El Diablo,8.29,950,"13011 harbor blvd, garden grove, ca, 92843, us"
Double El Diablo,9.29,1210,"13011 harbor blvd, garden grove, ca, 92843, us"
Big Angus El Diablo,9.59,1050,"13011 harbor blvd, garden grove, ca, 92843, us"
Big Cheeseburger,4.19,540,"13011 harbor blvd, garden grove, ca, 92843, us"
Double The Ghost Combo,8.89,830,"14454 valley blvd, fontana, ca, 92335, us"
Loaded Guacamole Bacon Fries,4.99,580,"14454 valley blvd, fontana, ca, 92335, us"
Fried Zucchini Star,5.79,600,"14454 valley blvd, fontana, ca, 92335, us"
Hand-Crafted Strawberry Lemonade,3.19,270,"14454 valley blvd, fontana, ca, 92335, us"
Single The Ghost,7.49,720,"14454 valley blvd, fontana, ca, 92335, us"
Double The Ghost,8.49,990,"14454 valley blvd, fontana, ca, 92335, us"
Big Angus The Ghost,8.89,830,"14454 valley blvd, fontana, ca, 92335, us"
Single Famous Star®,6.19,670,"14454 valley blvd, fontana, ca, 92335, us"
Double Famous Star®,7.19,920,"14454 valley blvd, fontana, ca, 92335, us"
Big Angus Famous Star®,7.59,830,"14454 valley blvd, fontana, ca, 92335, us"
Single Western Bacon Cheeseburger®,7.29,760,"14454 valley blvd, fontana, ca, 92335, us"
Double Western Bacon Cheeseburger®,8.29,1020,"14454 valley blvd, fontana, ca, 92335, us"
Big Angus Western Bacon Cheeseburger®,8.69,880,"14454 valley blvd, fontana, ca, 92335, us"
Single Big Carl®,5.89,670,"14454 valley blvd, fontana, ca, 92335, us"
Double Big Carl®,6.89,920,"14454 valley blvd, fontana, ca, 92335, us"
Big Angus Big Carl®,7.29,770,"14454 valley blvd, fontana, ca, 92335, us"
Single Guacamole Bacon Burger,7.39,870,"14454 valley blvd, fontana, ca, 92335, us"
Double Guacamole Bacon Burger,8.39,1130,"14454 valley blvd, fontana, ca, 92335, us"
Big Angus Guacamole Bacon Burger,8.79,960,"14454 valley blvd, fontana, ca, 92335, us"
Single El Diablo,8.39,950,"14454 valley blvd, fontana, ca, 92335, us"
Double El Diablo,9.39,1210,"14454 valley blvd, fontana, ca, 92335, us"
Big Angus El Diablo,9.79,1050,"14454 valley blvd, fontana, ca, 92335, us"
Big Cheeseburger,4.19,540,"14454 valley blvd, fontana, ca, 92335, us"
Double The Ghost Combo,8.89,830,"1505 e highland ave, san bernardino, ca, 92404, us"
Loaded Guacamole Bacon Fries,4.99,580,"1505 e highland ave, san bernardino, ca, 92404, us"
Fried Zucchini Star,5.79,600,"1505 e highland ave, san bernardino, ca, 92404, us"
Hand-Crafted Strawberry Lemonade,3.19,270,"1505 e highland ave, san bernardino, ca, 92404, us"
Single The Ghost,7.49,720,"1505 e highland ave, san bernardino, ca, 92404, us"
Double The Ghost,8.49,990,"1505 e highland ave, san bernardino, ca, 92404, us"
Big Angus The Ghost,8.89,830,"1505 e highland ave, san bernardino, ca, 92404, us"
Single Famous Star®,6.19,670,"1505 e highland ave, san bernardino, ca, 92404, us"
Double Famous Star®,7.49,920,"1505 e highland ave, san bernardino, ca, 92404, us"
Big Angus Famous Star®,7.79,830,"1505 e highland ave, san bernardino, ca, 92404, us"
Single Western Bacon Cheeseburger®,7.19,760,"1505 e highland ave, san bernardino, ca, 92404, us"
Double Western Bacon Cheeseburger®,8.49,1020,"1505 e highland ave, san bernardino, ca, 92404, us"
Big Angus Western Bacon Cheeseburger®,8.79,880,"1505 e highland ave, san bernardino, ca, 92404, us"
Single Big Carl®,5.69,670,"1505 e highland ave, san bernardino, ca, 92404, us"
Double Big Carl®,7.19,920,"1505 e highland ave, san bernardino, ca, 92404, us"
Big Angus Big Carl®,7.79,770,"1505 e highland ave, san bernardino, ca, 92404, us"
Single Guacamole Bacon Burger,7.29,870,"1505 e highland ave, san bernardino, ca, 92404, us"
Double Guacamole Bacon Burger,8.79,1130,"1505 e highland ave, san bernardino, ca, 92404, us"
Big Angus Guacamole Bacon Burger,9.19,960,"1505 e highland ave, san bernardino, ca, 92404, us"
Single El Diablo,8.29,950,"1505 e highland ave, san bernardino, ca, 92404, us"
Double El Diablo,9.29,1210,"1505 e highland ave, san bernardino, ca, 92404, us"
Big Angus El Diablo,9.59,1050,"1505 e highland ave, san bernardino, ca, 92404, us"
Big Cheeseburger,4.19,540,"1505 e highland ave, san bernardino, ca, 92404, us"
Double The Ghost Combo,9.39,830,"293 east 40th street, san bernardino, ca, 92404, us"
Loaded Guacamole Bacon Fries,4.99,580,"293 east 40th street, san bernardino, ca, 92404, us"
Fried Zucchini Star,5.99,600,"293 east 40th street, san bernardino, ca, 92404, us"
Hand-Crafted Strawberry Lemonade,3.19,270,"293 east 40th street, san bernardino, ca, 92404, us"
Single The Ghost,7.89,720,"293 east 40th street, san bernardino, ca, 92404, us"
Double The Ghost,8.89,990,"293 east 40th street, san bernardino, ca, 92404, us"
Big Angus The Ghost,9.39,830,"293 east 40th street, san bernardino, ca, 92404, us"
Single Famous Star®,6.59,670,"293 east 40th street, san bernardino, ca, 92404, us"
Double Famous Star®,7.99,920,"293 east 40th street, san bernardino, ca, 92404, us"
Big Angus Famous Star®,8.19,830,"293 east 40th street, san bernardino, ca, 92404, us"
Single Western Bacon Cheeseburger®,7.69,760,"293 east 40th street, san bernardino, ca, 92404, us"
Double Western Bacon Cheeseburger®,8.99,1020,"293 east 40th street, san bernardino, ca, 92404, us"
Big Angus Western Bacon Cheeseburger®,9.19,880,"293 east 40th street, san bernardino, ca, 92404, us"
Single Big Carl®,6.49,670,"293 east 40th street, san bernardino, ca, 92404, us"
Double Big Carl®,7.99,920,"293 east 40th street, san bernardino, ca, 92404, us"
Big Angus Big Carl®,8.39,770,"293 east 40th street, san bernardino, ca, 92404, us"
Single Guacamole Bacon Burger,8.49,870,"293 east 40th street, san bernardino, ca, 92404, us"
Double Guacamole Bacon Burger,9.49,1130,"293 east 40th street, san bernardino, ca, 92404, us"
Big Angus Guacamole Bacon Burger,9.99,960,"293 east 40th street, san bernardino, ca, 92404, us"
Single El Diablo,8.59,950,"293 east 40th street, san bernardino, ca, 92404, us"
Double El Diablo,9.69,1210,"293 east 40th street, san bernardino, ca, 92404, us"
Big Angus El Diablo,10.29,1050,"293 east 40th street, san bernardino, ca, 92404, us"
Big Cheeseburger,4.99,540,"293 east 40th street, san bernardino, ca, 92404, us"
Double The Ghost Combo,9.99,830,"1550 fitzgerald drive, pinole, ca, 94564, us"
Loaded Guacamole Bacon Fries,5.79,580,"1550 fitzgerald drive, pinole, ca, 94564, us"
Fried Zucchini Star,6.99,600,"1550 fitzgerald drive, pinole, ca, 94564, us"
Hand-Crafted Strawberry Lemonade,6.00,156,"1550 fitzgerald drive, pinole, ca, 94564, us"
Single Famous Star®,6.99,670,"1550 fitzgerald drive, pinole, ca, 94564, us"
Double Famous Star®,8.99,920,"1550 fitzgerald drive, pinole, ca, 94564, us"
Big Angus Famous Star®,8.99,830,"1550 fitzgerald drive, pinole, ca, 94564, us"
Single Western Bacon Cheeseburger®,7.99,760,"1550 fitzgerald drive, pinole, ca, 94564, us"
Double Western Bacon Cheeseburger®,9.99,1020,"1550 fitzgerald drive, pinole, ca, 94564, us"
Big Angus Western Bacon Cheeseburger®,9.99,1020,"1550 fitzgerald drive, pinole, ca, 94564, us"
Single Big Carl®,6.69,670,"1550 fitzgerald drive, pinole, ca, 94564, us"
Double Big Carl®,8.69,920,"1550 fitzgerald drive, pinole, ca, 94564, us"
Big Angus Big Carl®,8.69,770,"1550 fitzgerald drive, pinole, ca, 94564, us"
Single Guacamole Bacon Burger,8.29,870,"1550 fitzgerald drive, pinole, ca, 94564, us"
Double Guacamole Bacon Burger,10.29,1130,"1550 fitzgerald drive, pinole, ca, 94564, us"
Big Angus Guacamole Bacon Burger,10.29,960,"1550 fitzgerald drive, pinole, ca, 94564, us"
Single El Diablo ,8.79,950,"1550 fitzgerald drive, pinole, ca, 94564, us"
Double El Diablo ,10.79,1210,"1550 fitzgerald drive, pinole, ca, 94564, us"
Big Angus El Diablo ,10.79,1050,"1550 fitzgerald drive, pinole, ca, 94564, us"
California Classic Double Cheeseburger,4.99,560,"1550 fitzgerald drive, pinole, ca, 94564, us"
Big Cheeseburger,5.99,540,"1550 fitzgerald drive, pinole, ca, 94564, us"
Single The Ghost ,7.99,720,"1550 fitzgerald drive, pinole, ca, 94564, us"
Double The Ghost ,9.99,990,"1550 fitzgerald drive, pinole, ca, 94564, us"
Big Angus The Ghost ,9.99,830,"1550 fitzgerald drive, pinole, ca, 94564, us"
Double The Ghost Combo,10.99,830,"1588 n 1st st, fresno, ca, 93703, us"
Loaded Guacamole Bacon Fries,5.99,580,"1588 n 1st st, fresno, ca, 93703, us"
Fried Zucchini Star,5.99,600,"1588 n 1st st, fresno, ca, 93703, us"
Single Famous Star®,7.04,670,"1588 n 1st st, fresno, ca, 93703, us"
Double Famous Star®,9.55,920,"1588 n 1st st, fresno, ca, 93703, us"
Big Angus Famous Star®,10.99,830,"1588 n 1st st, fresno, ca, 93703, us"
Single Western Bacon Cheeseburger®,7.66,760,"1588 n 1st st, fresno, ca, 93703, us"
Double Western Bacon Cheeseburger®,9.88,1020,"1588 n 1st st, fresno, ca, 93703, us"
Big Angus Western Bacon Cheeseburger®,11.99,880,"1588 n 1st st, fresno, ca, 93703, us"
Single Big Carl®,7.55,670,"1588 n 1st st, fresno, ca, 93703, us"
Double Big Carl®,9.99,920,"1588 n 1st st, fresno, ca, 93703, us"
Big Angus Big Carl®,11.99,770,"1588 n 1st st, fresno, ca, 93703, us"
Single Guacamole Bacon Burger,9.99,870,"1588 n 1st st, fresno, ca, 93703, us"
Double Guacamole Bacon Burger,11.99,1130,"1588 n 1st st, fresno, ca, 93703, us"
Big Angus Guacamole Bacon Burger,11.99,960,"1588 n 1st st, fresno, ca, 93703, us"
Single El Diablo ,9.89,950,"1588 n 1st st, fresno, ca, 93703, us"
Double El Diablo ,11.99,1210,"1588 n 1st st, fresno, ca, 93703, us"
Big Angus El Diablo ,11.99,1050,"1588 n 1st st, fresno, ca, 93703, us"
Big Cheeseburger,4.89,540,"1588 n 1st st, fresno, ca, 93703, us"
California Classic Double Cheeseburger,4.98,560,"1588 n 1st st, fresno, ca, 93703, us"
Single The Ghost ,8.49,720,"1588 n 1st st, fresno, ca, 93703, us"
Double The Ghost ,10.99,990,"1588 n 1st st, fresno, ca, 93703, us"
Big Angus The Ghost ,10.99,830,"1588 n 1st st, fresno, ca, 93703, us"
Double The Ghost Combo,10.99,830,"1600 oakdale rd, modesto, ca, 95355, us"
Loaded Guacamole Bacon Fries,5.99,580,"1600 oakdale rd, modesto, ca, 95355, us"
Fried Zucchini Star,5.99,600,"1600 oakdale rd, modesto, ca, 95355, us"
Double Take Value Bundle,6.00,156,"1600 oakdale rd, modesto, ca, 95355, us"
Single Famous Star®,7.04,670,"1600 oakdale rd, modesto, ca, 95355, us"
Double Famous Star®,9.55,920,"1600 oakdale rd, modesto, ca, 95355, us"
Big Angus Famous Star®,10.99,830,"1600 oakdale rd, modesto, ca, 95355, us"
Single Western Bacon Cheeseburger®,7.66,760,"1600 oakdale rd, modesto, ca, 95355, us"
Double Western Bacon Cheeseburger®,9.88,1020,"1600 oakdale rd, modesto, ca, 95355, us"
Big Angus Western Bacon Cheeseburger®,11.99,880,"1600 oakdale rd, modesto, ca, 95355, us"
Single Big Carl®,7.55,670,"1600 oakdale rd, modesto, ca, 95355, us"
Double Big Carl®,9.99,920,"1600 oakdale rd, modesto, ca, 95355, us"
Big Angus Big Carl®,11.99,770,"1600 oakdale rd, modesto, ca, 95355, us"
Single Guacamole Bacon Burger,9.99,870,"1600 oakdale rd, modesto, ca, 95355, us"
Double Guacamole Bacon Burger,11.99,1130,"1600 oakdale rd, modesto, ca, 95355, us"
Big Angus Guacamole Bacon Burger,11.99,960,"1600 oakdale rd, modesto, ca, 95355, us"
Single El Diablo ,9.89,950,"1600 oakdale rd, modesto, ca, 95355, us"
Double El Diablo ,11.99,1210,"1600 oakdale rd, modesto, ca, 95355, us"
Big Angus El Diablo ,11.99,1050,"1600 oakdale rd, modesto, ca, 95355, us"
Big Cheeseburger,4.89,540,"1600 oakdale rd, modesto, ca, 95355, us"
California Classic Double Cheeseburger,4.88,560,"1600 oakdale rd, modesto, ca, 95355, us"
Single The Ghost ,8.49,720,"1600 oakdale rd, modesto, ca, 95355, us"
Double The Ghost ,10.99,990,"1600 oakdale rd, modesto, ca, 95355, us"
Big Angus The Ghost ,10.99,830,"1600 oakdale rd, modesto, ca, 95355, us"
Double The Ghost Combo,10.99,830,"16101 n. harbor blvd, fountain valley, ca, 92708, us"
Loaded Guacamole Bacon Fries,4.99,580,"16101 n. harbor blvd, fountain valley, ca, 92708, us"
Fried Zucchini Star,5.99,600,"16101 n. harbor blvd, fountain valley, ca, 92708, us"
Hand-Crafted Strawberry Lemonade,3.99,270,"16101 n. harbor blvd, fountain valley, ca, 92708, us"
Single Famous Star®,6.99,670,"16101 n. harbor blvd, fountain valley, ca, 92708, us"
Double Famous Star®,8.99,920,"16101 n. harbor blvd, fountain valley, ca, 92708, us"
Big Angus Famous Star®,9.49,830,"16101 n. harbor blvd, fountain valley, ca, 92708, us"
Single Western Bacon Cheeseburger®,7.99,760,"16101 n. harbor blvd, fountain valley, ca, 92708, us"
Double Western Bacon Cheeseburger®,9.99,1020,"16101 n. harbor blvd, fountain valley, ca, 92708, us"
Big Angus Western Bacon Cheeseburger®,10.49,1020,"16101 n. harbor blvd, fountain valley, ca, 92708, us"
Single Big Carl®,6.99,670,"16101 n. harbor blvd, fountain valley, ca, 92708, us"
Double Big Carl®,8.99,920,"16101 n. harbor blvd, fountain valley, ca, 92708, us"
Big Angus Big Carl®,9.49,770,"16101 n. harbor blvd, fountain valley, ca, 92708, us"
Single Guacamole Bacon Burger,8.19,870,"16101 n. harbor blvd, fountain valley, ca, 92708, us"
Double Guacamole Bacon Burger,10.19,1130,"16101 n. harbor blvd, fountain valley, ca, 92708, us"
Big Angus Guacamole Bacon Burger,10.69,960,"16101 n. harbor blvd, fountain valley, ca, 92708, us"
Single El Diablo ,8.49,950,"16101 n. harbor blvd, fountain valley, ca, 92708, us"
Double El Diablo ,10.49,1210,"16101 n. harbor blvd, fountain valley, ca, 92708, us"
Big Angus El Diablo ,10.99,1050,"16101 n. harbor blvd, fountain valley, ca, 92708, us"
Big Cheeseburger,5.59,540,"16101 n. harbor blvd, fountain valley, ca, 92708, us"
Single The Ghost ,8.49,720,"16101 n. harbor blvd, fountain valley, ca, 92708, us"
Double The Ghost ,10.49,990,"16101 n. harbor blvd, fountain valley, ca, 92708, us"
Big Angus The Ghost ,10.99,830,"16101 n. harbor blvd, fountain valley, ca, 92708, us"
Double The Ghost Combo,10.99,830,"16565 sierra lakes pkwy, fontana, ca, 92336, us"
Loaded Guacamole Bacon Fries,4.99,580,"16565 sierra lakes pkwy, fontana, ca, 92336, us"
Fried Zucchini Star,5.99,600,"16565 sierra lakes pkwy, fontana, ca, 92336, us"
Hand-Crafted Strawberry Lemonade,3.99,270,"16565 sierra lakes pkwy, fontana, ca, 92336, us"
Single Famous Star®,6.99,670,"16565 sierra lakes pkwy, fontana, ca, 92336, us"
Double Famous Star®,8.99,920,"16565 sierra lakes pkwy, fontana, ca, 92336, us"
Big Angus Famous Star®,9.49,830,"16565 sierra lakes pkwy, fontana, ca, 92336, us"
Single Western Bacon Cheeseburger®,7.99,760,"16565 sierra lakes pkwy, fontana, ca, 92336, us"
Double Western Bacon Cheeseburger®,9.99,1020,"16565 sierra lakes pkwy, fontana, ca, 92336, us"
Big Angus Western Bacon Cheeseburger®,10.49,1020,"16565 sierra lakes pkwy, fontana, ca, 92336, us"
Single Big Carl®,6.99,670,"16565 sierra lakes pkwy, fontana, ca, 92336, us"
Double Big Carl®,8.99,920,"16565 sierra lakes pkwy, fontana, ca, 92336, us"
Big Angus Big Carl®,9.49,770,"16565 sierra lakes pkwy, fontana, ca, 92336, us"
Single Guacamole Bacon Burger,8.19,870,"16565 sierra lakes pkwy, fontana, ca, 92336, us"
Double Guacamole Bacon Burger,10.19,1130,"16565 sierra lakes pkwy, fontana, ca, 92336, us"
Big Angus Guacamole Bacon Burger,10.69,960,"16565 sierra lakes pkwy, fontana, ca, 92336, us"
Single El Diablo ,8.49,950,"16565 sierra lakes pkwy, fontana, ca, 92336, us"
Double El Diablo ,10.49,1210,"16565 sierra lakes pkwy, fontana, ca, 92336, us"
Big Angus El Diablo ,10.99,1050,"16565 sierra lakes pkwy, fontana, ca, 92336, us"
Big Cheeseburger,5.59,540,"16565 sierra lakes pkwy, fontana, ca, 92336, us"
Single The Ghost ,8.49,720,"16565 sierra lakes pkwy, fontana, ca, 92336, us"
Double The Ghost ,10.49,990,"16565 sierra lakes pkwy, fontana, ca, 92336, us"
Big Angus The Ghost ,10.99,830,"16565 sierra lakes pkwy, fontana, ca, 92336, us"
Double The Ghost Combo,10.99,830,"1745 s victoria ave, ventura, ca, 93003, us"
Loaded Guacamole Bacon Fries,4.99,580,"1745 s victoria ave, ventura, ca, 93003, us"
Fried Zucchini Star,5.99,600,"1745 s victoria ave, ventura, ca, 93003, us"
Hand-Crafted Strawberry Lemonade,3.99,270,"1745 s victoria ave, ventura, ca, 93003, us"
Single Famous Star®,6.99,670,"1745 s victoria ave, ventura, ca, 93003, us"
Double Famous Star®,8.99,920,"1745 s victoria ave, ventura, ca, 93003, us"
Big Angus Famous Star®,9.49,830,"1745 s victoria ave, ventura, ca, 93003, us"
Single Western Bacon Cheeseburger®,7.99,760,"1745 s victoria ave, ventura, ca, 93003, us"
Double Western Bacon Cheeseburger®,9.99,1020,"1745 s victoria ave, ventura, ca, 93003, us"
Big Angus Western Bacon Cheeseburger®,10.49,1020,"1745 s victoria ave, ventura, ca, 93003, us"
Single Big Carl®,6.99,670,"1745 s victoria ave, ventura, ca, 93003, us"
Double Big Carl®,8.99,920,"1745 s victoria ave, ventura, ca, 93003, us"
Big Angus Big Carl®,9.49,770,"1745 s victoria ave, ventura, ca, 93003, us"
Single Guacamole Bacon Burger,8.19,870,"1745 s victoria ave, ventura, ca, 93003, us"
Double Guacamole Bacon Burger,10.19,1130,"1745 s victoria ave, ventura, ca, 93003, us"
Big Angus Guacamole Bacon Burger,10.69,960,"1745 s victoria ave, ventura, ca, 93003, us"
Single El Diablo ,8.49,950,"1745 s victoria ave, ventura, ca, 93003, us"
Double El Diablo ,10.49,1210,"1745 s victoria ave, ventura, ca, 93003, us"
Big Angus El Diablo ,10.99,1050,"1745 s victoria ave, ventura, ca, 93003, us"
Big Cheeseburger,5.59,540,"1745 s victoria ave, ventura, ca, 93003, us"
Single The Ghost ,8.49,720,"1745 s victoria ave, ventura, ca, 93003, us"
Double The Ghost ,10.49,990,"1745 s victoria ave, ventura, ca, 93003, us"
Big Angus The Ghost ,10.99,830,"1745 s victoria ave, ventura, ca, 93003, us"
Double The Ghost Combo,10.99,830,"3015 johnson drive, ventura, ca, 93003, us"
Loaded Guacamole Bacon Fries,4.99,580,"3015 johnson drive, ventura, ca, 93003, us"
Fried Zucchini Star,5.99,600,"3015 johnson drive, ventura, ca, 93003, us"
Hand-Crafted Strawberry Lemonade,3.99,270,"3015 johnson drive, ventura, ca, 93003, us"
Single Famous Star®,6.99,670,"3015 johnson drive, ventura, ca, 93003, us"
Double Famous Star®,8.99,920,"3015 johnson drive, ventura, ca, 93003, us"
Big Angus Famous Star®,9.49,830,"3015 johnson drive, ventura, ca, 93003, us"
Single Western Bacon Cheeseburger®,7.99,760,"3015 johnson drive, ventura, ca, 93003, us"
Double Western Bacon Cheeseburger®,9.99,1020,"3015 johnson drive, ventura, ca, 93003, us"
Big Angus Western Bacon Cheeseburger®,10.49,1020,"3015 johnson drive, ventura, ca, 93003, us"
Single Big Carl®,6.99,670,"3015 johnson drive, ventura, ca, 93003, us"
Double Big Carl®,8.99,920,"3015 johnson drive, ventura, ca, 93003, us"
Big Angus Big Carl®,9.49,770,"3015 johnson drive, ventura, ca, 93003, us"
Single Guacamole Bacon Burger,8.19,870,"3015 johnson drive, ventura, ca, 93003, us"
Double Guacamole Bacon Burger,10.19,1130,"3015 johnson drive, ventura, ca, 93003, us"
Big Angus Guacamole Bacon Burger,10.69,960,"3015 johnson drive, ventura, ca, 93003, us"
Single El Diablo ,8.49,950,"3015 johnson drive, ventura, ca, 93003, us"
Double El Diablo ,10.49,1210,"3015 johnson drive, ventura, ca, 93003, us"
Big Angus El Diablo ,10.99,1050,"3015 johnson drive, ventura, ca, 93003, us"
Big Cheeseburger,5.59,540,"3015 johnson drive, ventura, ca, 93003, us"
Single The Ghost ,8.49,720,"3015 johnson drive, ventura, ca, 93003, us"
Double The Ghost ,10.49,990,"3015 johnson drive, ventura, ca, 93003, us"
Big Angus The Ghost ,10.99,830,"3015 johnson drive, ventura, ca, 93003, us"
Double The Ghost Combo,8.89,830,"1809 e edinger ave, santa ana, ca, 92705, us"
Loaded Guacamole Bacon Fries,4.99,580,"1809 e edinger ave, santa ana, ca, 92705, us"
Fried Zucchini Star,5.79,600,"1809 e edinger ave, santa ana, ca, 92705, us"
Hand-Crafted Strawberry Lemonade,3.19,270,"1809 e edinger ave, santa ana, ca, 92705, us"
2 for $6 Chicken Tender Wraps,7.49,720,"1809 e edinger ave, santa ana, ca, 92705, us"
Double The Ghost,8.49,990,"1809 e edinger ave, santa ana, ca, 92705, us"
Big Angus The Ghost,8.89,830,"1809 e edinger ave, santa ana, ca, 92705, us"
Single Famous Star®,6.19,670,"1809 e edinger ave, santa ana, ca, 92705, us"
Double Famous Star®,7.49,920,"1809 e edinger ave, santa ana, ca, 92705, us"
Big Angus Famous Star®,7.79,830,"1809 e edinger ave, santa ana, ca, 92705, us"
Single Western Bacon Cheeseburger®,7.19,760,"1809 e edinger ave, santa ana, ca, 92705, us"
Double Western Bacon Cheeseburger®,8.49,1020,"1809 e edinger ave, santa ana, ca, 92705, us"
Big Angus Western Bacon Cheeseburger®,8.79,880,"1809 e edinger ave, santa ana, ca, 92705, us"
Single Big Carl®,5.69,670,"1809 e edinger ave, santa ana, ca, 92705, us"
Double Big Carl®,7.19,920,"1809 e edinger ave, santa ana, ca, 92705, us"
Big Angus Big Carl®,7.79,770,"1809 e edinger ave, santa ana, ca, 92705, us"
Single Guacamole Bacon Burger,7.29,870,"1809 e edinger ave, santa ana, ca, 92705, us"
Double Guacamole Bacon Burger,8.79,1130,"1809 e edinger ave, santa ana, ca, 92705, us"
Big Angus Guacamole Bacon Burger,9.19,960,"1809 e edinger ave, santa ana, ca, 92705, us"
Single El Diablo,8.29,950,"1809 e edinger ave, santa ana, ca, 92705, us"
Double El Diablo,9.29,1210,"1809 e edinger ave, santa ana, ca, 92705, us"
Big Angus El Diablo,9.59,1050,"1809 e edinger ave, santa ana, ca, 92705, us"
Big Cheeseburger,4.19,540,"1809 e edinger ave, santa ana, ca, 92705, us"
Double The Ghost Combo,10.99,830,"18741 via princessa, santa clarita, ca, 91387, us"
Loaded Guacamole Bacon Fries,4.99,580,"18741 via princessa, santa clarita, ca, 91387, us"
Fried Zucchini Star,5.99,600,"18741 via princessa, santa clarita, ca, 91387, us"
Hand-Crafted Strawberry Lemonade,3.99,270,"18741 via princessa, santa clarita, ca, 91387, us"
Single Famous Star®,6.99,670,"18741 via princessa, santa clarita, ca, 91387, us"
Double Famous Star®,8.99,920,"18741 via princessa, santa clarita, ca, 91387, us"
Big Angus Famous Star®,9.49,830,"18741 via princessa, santa clarita, ca, 91387, us"
Single Western Bacon Cheeseburger®,7.99,760,"18741 via princessa, santa clarita, ca, 91387, us"
Double Western Bacon Cheeseburger®,9.99,1020,"18741 via princessa, santa clarita, ca, 91387, us"
Big Angus Western Bacon Cheeseburger®,10.49,1020,"18741 via princessa, santa clarita, ca, 91387, us"
Single Big Carl®,6.99,670,"18741 via princessa, santa clarita, ca, 91387, us"
Double Big Carl®,8.99,920,"18741 via princessa, santa clarita, ca, 91387, us"
Big Angus Big Carl®,9.49,770,"18741 via princessa, santa clarita, ca, 91387, us"
Single Guacamole Bacon Burger,8.19,870,"18741 via princessa, santa clarita, ca, 91387, us"
Double Guacamole Bacon Burger,10.19,1130,"18741 via princessa, santa clarita, ca, 91387, us"
Big Angus Guacamole Bacon Burger,10.69,960,"18741 via princessa, santa clarita, ca, 91387, us"
Single El Diablo ,8.49,950,"18741 via princessa, santa clarita, ca, 91387, us"
Double El Diablo ,10.49,1210,"18741 via princessa, santa clarita, ca, 91387, us"
Big Angus El Diablo ,10.99,1050,"18741 via princessa, santa clarita, ca, 91387, us"
Big Cheeseburger,5.59,540,"18741 via princessa, santa clarita, ca, 91387, us"
Single The Ghost ,8.49,720,"18741 via princessa, santa clarita, ca, 91387, us"
Double The Ghost ,10.49,990,"18741 via princessa, santa clarita, ca, 91387, us"
Big Angus The Ghost ,10.99,830,"18741 via princessa, santa clarita, ca, 91387, us"
Double The Ghost Combo,10.99,830,"1881 e del amo blvd, carson, ca, 90746, us"
Loaded Guacamole Bacon Fries,4.99,580,"1881 e del amo blvd, carson, ca, 90746, us"
Fried Zucchini Star,5.99,600,"1881 e del amo blvd, carson, ca, 90746, us"
Hand-Crafted Strawberry Lemonade,3.99,270,"1881 e del amo blvd, carson, ca, 90746, us"
Single Famous Star®,6.99,670,"1881 e del amo blvd, carson, ca, 90746, us"
Double Famous Star®,8.99,920,"1881 e del amo blvd, carson, ca, 90746, us"
Big Angus Famous Star®,9.49,830,"1881 e del amo blvd, carson, ca, 90746, us"
Single Western Bacon Cheeseburger®,7.99,760,"1881 e del amo blvd, carson, ca, 90746, us"
Double Western Bacon Cheeseburger®,9.99,1020,"1881 e del amo blvd, carson, ca, 90746, us"
Big Angus Western Bacon Cheeseburger®,10.49,1020,"1881 e del amo blvd, carson, ca, 90746, us"
Single Big Carl®,6.99,670,"1881 e del amo blvd, carson, ca, 90746, us"
Double Big Carl®,8.99,920,"1881 e del amo blvd, carson, ca, 90746, us"
Big Angus Big Carl®,9.49,770,"1881 e del amo blvd, carson, ca, 90746, us"
Single Guacamole Bacon Burger,8.19,870,"1881 e del amo blvd, carson, ca, 90746, us"
Double Guacamole Bacon Burger,10.19,1130,"1881 e del amo blvd, carson, ca, 90746, us"
Big Angus Guacamole Bacon Burger,10.69,960,"1881 e del amo blvd, carson, ca, 90746, us"
Single El Diablo ,8.49,950,"1881 e del amo blvd, carson, ca, 90746, us"
Double El Diablo ,10.49,1210,"1881 e del amo blvd, carson, ca, 90746, us"
Big Angus El Diablo ,10.99,1050,"1881 e del amo blvd, carson, ca, 90746, us"
Big Cheeseburger,5.59,540,"1881 e del amo blvd, carson, ca, 90746, us"
Single The Ghost ,8.49,720,"1881 e del amo blvd, carson, ca, 90746, us"
Double The Ghost ,10.49,990,"1881 e del amo blvd, carson, ca, 90746, us"
Big Angus The Ghost ,10.99,830,"1881 e del amo blvd, carson, ca, 90746, us"
Double The Ghost Combo,10.99,830,"18950 soledad canyon rd, canyon country, ca, 91351, us"
Loaded Guacamole Bacon Fries,4.99,580,"18950 soledad canyon rd, canyon country, ca, 91351, us"
Fried Zucchini Star,5.99,600,"18950 soledad canyon rd, canyon country, ca, 91351, us"
Hand-Crafted Strawberry Lemonade,3.99,270,"18950 soledad canyon rd, canyon country, ca, 91351, us"
Single Famous Star®,6.99,670,"18950 soledad canyon rd, canyon country, ca, 91351, us"
Double Famous Star®,8.99,920,"18950 soledad canyon rd, canyon country, ca, 91351, us"
Big Angus Famous Star®,9.49,830,"18950 soledad canyon rd, canyon country, ca, 91351, us"
Single Western Bacon Cheeseburger®,7.99,760,"18950 soledad canyon rd, canyon country, ca, 91351, us"
Double Western Bacon Cheeseburger®,9.99,1020,"18950 soledad canyon rd, canyon country, ca, 91351, us"
Big Angus Western Bacon Cheeseburger®,10.49,1020,"18950 soledad canyon rd, canyon country, ca, 91351, us"
Single Big Carl®,6.99,670,"18950 soledad canyon rd, canyon country, ca, 91351, us"
Double Big Carl®,8.99,920,"18950 soledad canyon rd, canyon country, ca, 91351, us"
Big Angus Big Carl®,9.49,770,"18950 soledad canyon rd, canyon country, ca, 91351, us"
Single Guacamole Bacon Burger,8.19,870,"18950 soledad canyon rd, canyon country, ca, 91351, us"
Double Guacamole Bacon Burger,10.19,1130,"18950 soledad canyon rd, canyon country, ca, 91351, us"
Big Angus Guacamole Bacon Burger,10.69,960,"18950 soledad canyon rd, canyon country, ca, 91351, us"
Single El Diablo ,8.49,950,"18950 soledad canyon rd, canyon country, ca, 91351, us"
Double El Diablo ,10.49,1210,"18950 soledad canyon rd, canyon country, ca, 91351, us"
Big Angus El Diablo ,10.99,1050,"18950 soledad canyon rd, canyon country, ca, 91351, us"
Big Cheeseburger,5.59,540,"18950 soledad canyon rd, canyon country, ca, 91351, us"
Single The Ghost ,8.49,720,"18950 soledad canyon rd, canyon country, ca, 91351, us"
Double The Ghost ,10.49,990,"18950 soledad canyon rd, canyon country, ca, 91351, us"
Big Angus The Ghost ,10.99,830,"18950 soledad canyon rd, canyon country, ca, 91351, us"
Double The Ghost Combo,10.99,830,"1999 camden ave, san jose, ca, 95124, us"
Loaded Guacamole Bacon Fries,4.99,580,"1999 camden ave, san jose, ca, 95124, us"
Fried Zucchini Star,5.99,600,"1999 camden ave, san jose, ca, 95124, us"
Hand-Crafted Strawberry Lemonade,6.00,156,"1999 camden ave, san jose, ca, 95124, us"
Single Famous Star®,7.09,670,"1999 camden ave, san jose, ca, 95124, us"
Double Famous Star®,8.99,920,"1999 camden ave, san jose, ca, 95124, us"
Big Angus Famous Star®,9.49,830,"1999 camden ave, san jose, ca, 95124, us"
Single Western Bacon Cheeseburger®,7.99,760,"1999 camden ave, san jose, ca, 95124, us"
Double Western Bacon Cheeseburger®,9.99,1020,"1999 camden ave, san jose, ca, 95124, us"
Big Angus Western Bacon Cheeseburger®,10.49,1020,"1999 camden ave, san jose, ca, 95124, us"
Single Big Carl®,6.99,670,"1999 camden ave, san jose, ca, 95124, us"
Double Big Carl®,8.79,920,"1999 camden ave, san jose, ca, 95124, us"
Big Angus Big Carl®,9.29,770,"1999 camden ave, san jose, ca, 95124, us"
Single Guacamole Bacon Burger,8.19,870,"1999 camden ave, san jose, ca, 95124, us"
Double Guacamole Bacon Burger,10.19,1130,"1999 camden ave, san jose, ca, 95124, us"
Big Angus Guacamole Bacon Burger,10.69,960,"1999 camden ave, san jose, ca, 95124, us"
Single El Diablo ,8.49,950,"1999 camden ave, san jose, ca, 95124, us"
Double El Diablo ,10.49,1210,"1999 camden ave, san jose, ca, 95124, us"
Big Angus El Diablo ,10.99,1050,"1999 camden ave, san jose, ca, 95124, us"
California Classic Double Cheeseburger,4.99,560,"1999 camden ave, san jose, ca, 95124, us"
Big Cheeseburger,5.59,540,"1999 camden ave, san jose, ca, 95124, us"
Single The Ghost ,8.49,720,"1999 camden ave, san jose, ca, 95124, us"
Double The Ghost ,10.49,990,"1999 camden ave, san jose, ca, 95124, us"
Big Angus The Ghost ,10.99,830,"1999 camden ave, san jose, ca, 95124, us"
Double The Ghost Combo,10.99,830,"2022 n riverside ave, rialto, ca, 92377, us"
Loaded Guacamole Bacon Fries,4.99,580,"2022 n riverside ave, rialto, ca, 92377, us"
Fried Zucchini Star,5.99,600,"2022 n riverside ave, rialto, ca, 92377, us"
Hand-Crafted Strawberry Lemonade,3.99,270,"2022 n riverside ave, rialto, ca, 92377, us"
Single Famous Star®,6.99,670,"2022 n riverside ave, rialto, ca, 92377, us"
Double Famous Star®,8.99,920,"2022 n riverside ave, rialto, ca, 92377, us"
Big Angus Famous Star®,9.49,830,"2022 n riverside ave, rialto, ca, 92377, us"
Single Western Bacon Cheeseburger®,7.99,760,"2022 n riverside ave, rialto, ca, 92377, us"
Double Western Bacon Cheeseburger®,9.99,1020,"2022 n riverside ave, rialto, ca, 92377, us"
Big Angus Western Bacon Cheeseburger®,10.49,1020,"2022 n riverside ave, rialto, ca, 92377, us"
Single Big Carl®,6.99,670,"2022 n riverside ave, rialto, ca, 92377, us"
Double Big Carl®,8.99,920,"2022 n riverside ave, rialto, ca, 92377, us"
Big Angus Big Carl®,9.49,770,"2022 n riverside ave, rialto, ca, 92377, us"
Single Guacamole Bacon Burger,8.19,870,"2022 n riverside ave, rialto, ca, 92377, us"
Double Guacamole Bacon Burger,10.19,1130,"2022 n riverside ave, rialto, ca, 92377, us"
Big Angus Guacamole Bacon Burger,10.69,960,"2022 n riverside ave, rialto, ca, 92377, us"
Single El Diablo ,8.49,950,"2022 n riverside ave, rialto, ca, 92377, us"
Double El Diablo ,10.49,1210,"2022 n riverside ave, rialto, ca, 92377, us"
Big Angus El Diablo ,10.99,1050,"2022 n riverside ave, rialto, ca, 92377, us"
Big Cheeseburger,5.59,540,"2022 n riverside ave, rialto, ca, 92377, us"
Single The Ghost ,8.49,720,"2022 n riverside ave, rialto, ca, 92377, us"
Double The Ghost ,10.49,990,"2022 n riverside ave, rialto, ca, 92377, us"
Big Angus The Ghost ,10.99,830,"2022 n riverside ave, rialto, ca, 92377, us"
Double The Ghost Combo,8.99,830,"20550 mission blvd, hayward, ca, 94541, us"
Loaded Guacamole Bacon Fries,5.29,580,"20550 mission blvd, hayward, ca, 94541, us"
Fried Zucchini Star,5.79,600,"20550 mission blvd, hayward, ca, 94541, us"
Hand-Crafted Strawberry Lemonade,3.49,270,"20550 mission blvd, hayward, ca, 94541, us"
Hand-Crafted Strawberry Lemonade,7.59,720,"20550 mission blvd, hayward, ca, 94541, us"
Double The Ghost,8.99,990,"20550 mission blvd, hayward, ca, 94541, us"
Big Angus The Ghost,8.99,830,"20550 mission blvd, hayward, ca, 94541, us"
Single Famous Star®,6.69,670,"20550 mission blvd, hayward, ca, 94541, us"
Double Famous Star®,8.49,920,"20550 mission blvd, hayward, ca, 94541, us"
Big Angus Famous Star®,7.39,830,"20550 mission blvd, hayward, ca, 94541, us"
Single Western Bacon Cheeseburger®,7.39,760,"20550 mission blvd, hayward, ca, 94541, us"
Double Western Bacon Cheeseburger®,8.99,1020,"20550 mission blvd, hayward, ca, 94541, us"
Big Angus Western Bacon Cheeseburger®,8.59,880,"20550 mission blvd, hayward, ca, 94541, us"
Single Big Carl®,6.19,670,"20550 mission blvd, hayward, ca, 94541, us"
Double Big Carl®,7.79,920,"20550 mission blvd, hayward, ca, 94541, us"
Big Angus Big Carl®,7.89,770,"20550 mission blvd, hayward, ca, 94541, us"
Single Guacamole Bacon Burger,6.59,870,"20550 mission blvd, hayward, ca, 94541, us"
Double Guacamole Bacon Burger,8.19,1130,"20550 mission blvd, hayward, ca, 94541, us"
Big Angus Guacamole Bacon Burger,9.09,960,"20550 mission blvd, hayward, ca, 94541, us"
Single El Diablo,8.59,950,"20550 mission blvd, hayward, ca, 94541, us"
Double El Diablo,9.19,1210,"20550 mission blvd, hayward, ca, 94541, us"
Big Angus El Diablo,9.39,1050,"20550 mission blvd, hayward, ca, 94541, us"
California Classic Double Cheeseburger,3.99,560,"20550 mission blvd, hayward, ca, 94541, us"
Big Cheeseburger,4.19,540,"20550 mission blvd, hayward, ca, 94541, us"
Double The Ghost Combo,10.99,830,"2110 w 7th st, los angeles, ca, 90057, us"
Loaded Guacamole Bacon Fries,4.99,580,"2110 w 7th st, los angeles, ca, 90057, us"
Fried Zucchini Star,5.99,600,"2110 w 7th st, los angeles, ca, 90057, us"
Hand-Crafted Strawberry Lemonade,3.99,270,"2110 w 7th st, los angeles, ca, 90057, us"
Single Famous Star®,6.99,670,"2110 w 7th st, los angeles, ca, 90057, us"
Double Famous Star®,8.99,920,"2110 w 7th st, los angeles, ca, 90057, us"
Big Angus Famous Star®,9.49,830,"2110 w 7th st, los angeles, ca, 90057, us"
Single Western Bacon Cheeseburger®,7.99,760,"2110 w 7th st, los angeles, ca, 90057, us"
Double Western Bacon Cheeseburger®,9.99,1020,"2110 w 7th st, los angeles, ca, 90057, us"
Big Angus Western Bacon Cheeseburger®,10.49,1020,"2110 w 7th st, los angeles, ca, 90057, us"
Single Big Carl®,6.99,670,"2110 w 7th st, los angeles, ca, 90057, us"
Double Big Carl®,8.99,920,"2110 w 7th st, los angeles, ca, 90057, us"
Big Angus Big Carl®,9.49,770,"2110 w 7th st, los angeles, ca, 90057, us"
Single Guacamole Bacon Burger,8.19,870,"2110 w 7th st, los angeles, ca, 90057, us"
Double Guacamole Bacon Burger,10.19,1130,"2110 w 7th st, los angeles, ca, 90057, us"
Big Angus Guacamole Bacon Burger,10.69,960,"2110 w 7th st, los angeles, ca, 90057, us"
Single El Diablo ,8.49,950,"2110 w 7th st, los angeles, ca, 90057, us"
Double El Diablo ,10.49,1210,"2110 w 7th st, los angeles, ca, 90057, us"
Big Angus El Diablo ,10.99,1050,"2110 w 7th st, los angeles, ca, 90057, us"
Big Cheeseburger,5.59,540,"2110 w 7th st, los angeles, ca, 90057, us"
Single The Ghost ,8.49,720,"2110 w 7th st, los angeles, ca, 90057, us"
Double The Ghost ,10.49,990,"2110 w 7th st, los angeles, ca, 90057, us"
Big Angus The Ghost ,10.99,830,"2110 w 7th st, los angeles, ca, 90057, us"
Double The Ghost Combo,10.99,830,"222 n. euclid ave, fullerton, ca, 92832, us"
Loaded Guacamole Bacon Fries,4.99,580,"222 n. euclid ave, fullerton, ca, 92832, us"
Fried Zucchini Star,5.99,600,"222 n. euclid ave, fullerton, ca, 92832, us"
Hand-Crafted Strawberry Lemonade,3.99,270,"222 n. euclid ave, fullerton, ca, 92832, us"
Single Famous Star®,6.99,670,"222 n. euclid ave, fullerton, ca, 92832, us"
Double Famous Star®,8.99,920,"222 n. euclid ave, fullerton, ca, 92832, us"
Big Angus Famous Star®,9.49,830,"222 n. euclid ave, fullerton, ca, 92832, us"
Single Western Bacon Cheeseburger®,7.99,760,"222 n. euclid ave, fullerton, ca, 92832, us"
Double Western Bacon Cheeseburger®,9.99,1020,"222 n. euclid ave, fullerton, ca, 92832, us"
Big Angus Western Bacon Cheeseburger®,10.49,1020,"222 n. euclid ave, fullerton, ca, 92832, us"
Single Big Carl®,6.99,670,"222 n. euclid ave, fullerton, ca, 92832, us"
Double Big Carl®,8.99,920,"222 n. euclid ave, fullerton, ca, 92832, us"
Big Angus Big Carl®,9.49,770,"222 n. euclid ave, fullerton, ca, 92832, us"
Single Guacamole Bacon Burger,8.19,870,"222 n. euclid ave, fullerton, ca, 92832, us"
Double Guacamole Bacon Burger,10.19,1130,"222 n. euclid ave, fullerton, ca, 92832, us"
Big Angus Guacamole Bacon Burger,10.69,960,"222 n. euclid ave, fullerton, ca, 92832, us"
Single El Diablo ,8.49,950,"222 n. euclid ave, fullerton, ca, 92832, us"
Double El Diablo ,10.49,1210,"222 n. euclid ave, fullerton, ca, 92832, us"
Big Angus El Diablo ,10.99,1050,"222 n. euclid ave, fullerton, ca, 92832, us"
Big Cheeseburger,5.59,540,"222 n. euclid ave, fullerton, ca, 92832, us"
Single The Ghost ,8.49,720,"222 n. euclid ave, fullerton, ca, 92832, us"
Double The Ghost ,10.49,990,"222 n. euclid ave, fullerton, ca, 92832, us"
Big Angus The Ghost ,10.99,830,"222 n. euclid ave, fullerton, ca, 92832, us"
Double The Ghost Combo,9.89,830,"2280 arden way, sacramento, ca, 95825, us"
Loaded Guacamole Bacon Fries,5.49,580,"2280 arden way, sacramento, ca, 95825, us"
Fried Zucchini Star,6.59,600,"2280 arden way, sacramento, ca, 95825, us"
Hand-Crafted Strawberry Lemonade,3.29,270,"2280 arden way, sacramento, ca, 95825, us"
Double Take Value Bundle,6.00,156,"2280 arden way, sacramento, ca, 95825, us"
Single Famous Star®,7.19,670,"2280 arden way, sacramento, ca, 95825, us"
Double Famous Star®,8.99,920,"2280 arden way, sacramento, ca, 95825, us"
Big Angus Famous Star®,8.99,830,"2280 arden way, sacramento, ca, 95825, us"
Single Western Bacon Cheeseburger®,8.19,760,"2280 arden way, sacramento, ca, 95825, us"
Double Western Bacon Cheeseburger®,9.79,1020,"2280 arden way, sacramento, ca, 95825, us"
Big Angus Western Bacon Cheeseburger®,9.79,1020,"2280 arden way, sacramento, ca, 95825, us"
Single Big Carl®,6.89,670,"2280 arden way, sacramento, ca, 95825, us"
Double Big Carl®,8.79,920,"2280 arden way, sacramento, ca, 95825, us"
Big Angus Big Carl®,8.79,770,"2280 arden way, sacramento, ca, 95825, us"
Single Guacamole Bacon Burger,8.49,870,"2280 arden way, sacramento, ca, 95825, us"
Double Guacamole Bacon Burger,10.29,1130,"2280 arden way, sacramento, ca, 95825, us"
Big Angus Guacamole Bacon Burger,10.29,960,"2280 arden way, sacramento, ca, 95825, us"
Single El Diablo ,8.99,950,"2280 arden way, sacramento, ca, 95825, us"
Double El Diablo ,10.59,1210,"2280 arden way, sacramento, ca, 95825, us"
Big Angus El Diablo ,10.59,1050,"2280 arden way, sacramento, ca, 95825, us"
California Classic Double Cheeseburger,4.99,560,"2280 arden way, sacramento, ca, 95825, us"
Big Cheeseburger,5.99,540,"2280 arden way, sacramento, ca, 95825, us"
Single The Ghost ,8.29,720,"2280 arden way, sacramento, ca, 95825, us"
Double The Ghost ,9.79,990,"2280 arden way, sacramento, ca, 95825, us"
Big Angus The Ghost ,9.89,830,"2280 arden way, sacramento, ca, 95825, us"
Double The Ghost Combo,8.89,830,"2301 n, oxnard, ca, 93036, us"
Loaded Guacamole Bacon Fries,4.99,580,"2301 n, oxnard, ca, 93036, us"
Fried Zucchini Star,5.79,600,"2301 n, oxnard, ca, 93036, us"
Hand-Crafted Strawberry Lemonade,3.19,270,"2301 n, oxnard, ca, 93036, us"
Single The Ghost,7.49,720,"2301 n, oxnard, ca, 93036, us"
Double The Ghost,8.49,990,"2301 n, oxnard, ca, 93036, us"
Big Angus The Ghost,8.89,830,"2301 n, oxnard, ca, 93036, us"
Single Famous Star®,6.19,670,"2301 n, oxnard, ca, 93036, us"
Double Famous Star®,7.59,920,"2301 n, oxnard, ca, 93036, us"
Big Angus Famous Star®,7.89,830,"2301 n, oxnard, ca, 93036, us"
Single Western Bacon Cheeseburger®,7.19,760,"2301 n, oxnard, ca, 93036, us"
Double Western Bacon Cheeseburger®,8.59,1020,"2301 n, oxnard, ca, 93036, us"
Big Angus Western Bacon Cheeseburger®,8.89,880,"2301 n, oxnard, ca, 93036, us"
Single Big Carl®,5.79,670,"2301 n, oxnard, ca, 93036, us"
Double Big Carl®,7.29,920,"2301 n, oxnard, ca, 93036, us"
Big Angus Big Carl®,7.89,770,"2301 n, oxnard, ca, 93036, us"
Single Guacamole Bacon Burger,7.39,870,"2301 n, oxnard, ca, 93036, us"
Double Guacamole Bacon Burger,8.89,1130,"2301 n, oxnard, ca, 93036, us"
Big Angus Guacamole Bacon Burger,9.29,960,"2301 n, oxnard, ca, 93036, us"
Single El Diablo,8.39,950,"2301 n, oxnard, ca, 93036, us"
Double El Diablo,9.39,1210,"2301 n, oxnard, ca, 93036, us"
Big Angus El Diablo,9.69,1050,"2301 n, oxnard, ca, 93036, us"
Big Cheeseburger,4.19,540,"2301 n, oxnard, ca, 93036, us"
Double The Ghost Combo,10.49,830,"2320 e 4th st, los angeles, ca, 90033, us"
Loaded Guacamole Bacon Fries,5.99,580,"2320 e 4th st, los angeles, ca, 90033, us"
Fried Zucchini Star,5.99,600,"2320 e 4th st, los angeles, ca, 90033, us"
Hand-Crafted Strawberry Lemonade,3.59,270,"2320 e 4th st, los angeles, ca, 90033, us"
Single The Ghost,7.99,720,"2320 e 4th st, los angeles, ca, 90033, us"
Double The Ghost,9.99,990,"2320 e 4th st, los angeles, ca, 90033, us"
Big Angus The Ghost,10.49,830,"2320 e 4th st, los angeles, ca, 90033, us"
Single Famous Star®,6.99,670,"2320 e 4th st, los angeles, ca, 90033, us"
Double Famous Star®,8.99,920,"2320 e 4th st, los angeles, ca, 90033, us"
Big Angus Famous Star®,9.49,830,"2320 e 4th st, los angeles, ca, 90033, us"
Single Western Bacon Cheeseburger®,7.99,760,"2320 e 4th st, los angeles, ca, 90033, us"
Double Western Bacon Cheeseburger®,9.99,1020,"2320 e 4th st, los angeles, ca, 90033, us"
Big Angus Western Bacon Cheeseburger®,10.49,880,"2320 e 4th st, los angeles, ca, 90033, us"
Single Big Carl®,6.79,670,"2320 e 4th st, los angeles, ca, 90033, us"
Double Big Carl®,8.79,920,"2320 e 4th st, los angeles, ca, 90033, us"
Big Angus Big Carl®,9.29,770,"2320 e 4th st, los angeles, ca, 90033, us"
Single Guacamole Bacon Burger,8.19,870,"2320 e 4th st, los angeles, ca, 90033, us"
Double Guacamole Bacon Burger,10.19,1130,"2320 e 4th st, los angeles, ca, 90033, us"
Big Angus Guacamole Bacon Burger,10.69,960,"2320 e 4th st, los angeles, ca, 90033, us"
Single El Diablo,8.49,950,"2320 e 4th st, los angeles, ca, 90033, us"
Double El Diablo,10.49,1210,"2320 e 4th st, los angeles, ca, 90033, us"
Big Angus El Diablo,10.99,1050,"2320 e 4th st, los angeles, ca, 90033, us"
Big Cheeseburger,5.39,540,"2320 e 4th st, los angeles, ca, 90033, us"
Double The Ghost Combo,9.99,830,"2380 n texas st, fairfield, ca, 94533, us"
Loaded Guacamole Bacon Fries,5.79,580,"2380 n texas st, fairfield, ca, 94533, us"
Fried Zucchini Star,6.99,600,"2380 n texas st, fairfield, ca, 94533, us"
Hand-Crafted Strawberry Lemonade,3.49,270,"2380 n texas st, fairfield, ca, 94533, us"
Double Take Value Bundle,6.00,156,"2380 n texas st, fairfield, ca, 94533, us"
Single Famous Star®,6.99,670,"2380 n texas st, fairfield, ca, 94533, us"
Double Famous Star®,8.99,920,"2380 n texas st, fairfield, ca, 94533, us"
Big Angus Famous Star®,8.99,830,"2380 n texas st, fairfield, ca, 94533, us"
Single Western Bacon Cheeseburger®,7.99,760,"2380 n texas st, fairfield, ca, 94533, us"
Double Western Bacon Cheeseburger®,9.99,1020,"2380 n texas st, fairfield, ca, 94533, us"
Big Angus Western Bacon Cheeseburger®,9.99,1020,"2380 n texas st, fairfield, ca, 94533, us"
Single Big Carl®,6.69,670,"2380 n texas st, fairfield, ca, 94533, us"
Double Big Carl®,8.69,920,"2380 n texas st, fairfield, ca, 94533, us"
Big Angus Big Carl®,8.69,770,"2380 n texas st, fairfield, ca, 94533, us"
Single Guacamole Bacon Burger,8.29,870,"2380 n texas st, fairfield, ca, 94533, us"
Double Guacamole Bacon Burger,10.29,1130,"2380 n texas st, fairfield, ca, 94533, us"
Big Angus Guacamole Bacon Burger,10.29,960,"2380 n texas st, fairfield, ca, 94533, us"
Single El Diablo ,8.79,950,"2380 n texas st, fairfield, ca, 94533, us"
Double El Diablo ,10.79,1210,"2380 n texas st, fairfield, ca, 94533, us"
Big Angus El Diablo ,10.79,1050,"2380 n texas st, fairfield, ca, 94533, us"
California Classic Double Cheeseburger,4.99,560,"2380 n texas st, fairfield, ca, 94533, us"
Big Cheeseburger,5.99,540,"2380 n texas st, fairfield, ca, 94533, us"
Single The Ghost ,7.99,720,"2380 n texas st, fairfield, ca, 94533, us"
Double The Ghost ,9.99,990,"2380 n texas st, fairfield, ca, 94533, us"
Big Angus The Ghost ,9.99,830,"2380 n texas st, fairfield, ca, 94533, us"
Double The Ghost Combo,10.99,1270,"2400 white ln, bakersfield, ca, 93304, us"
Loaded Guacamole Bacon Fries,5.49,580,"2400 white ln, bakersfield, ca, 93304, us"
Fried Zucchini Star,6.59,600,"2400 white ln, bakersfield, ca, 93304, us"
Hand-Crafted Strawberry Lemonade,3.29,270,"2400 white ln, bakersfield, ca, 93304, us"
Double Take Value Bundle,6.00,156,"2400 white ln, bakersfield, ca, 93304, us"
Single Famous Star®,7.19,670,"2400 white ln, bakersfield, ca, 93304, us"
Double Famous Star®,8.99,920,"2400 white ln, bakersfield, ca, 93304, us"
Triple Famous Star®,10.09,1190,"2400 white ln, bakersfield, ca, 93304, us"
Single Western Bacon Cheeseburger®,8.19,760,"2400 white ln, bakersfield, ca, 93304, us"
Double Western Bacon Cheeseburger®,9.79,1020,"2400 white ln, bakersfield, ca, 93304, us"
Triple Western Bacon Cheeseburger®,10.69,1380,"2400 white ln, bakersfield, ca, 93304, us"
Single Big Carl®,6.89,670,"2400 white ln, bakersfield, ca, 93304, us"
Double Big Carl®,8.79,920,"2400 white ln, bakersfield, ca, 93304, us"
Triple Big Carl®,9.69,1180,"2400 white ln, bakersfield, ca, 93304, us"
Single Guacamole Bacon Burger,8.49,870,"2400 white ln, bakersfield, ca, 93304, us"
Double Guacamole Bacon Burger,10.29,1130,"2400 white ln, bakersfield, ca, 93304, us"
Triple Guacamole Bacon Burger,10.89,1380,"2400 white ln, bakersfield, ca, 93304, us"
Single El Diablo ,8.99,950,"2400 white ln, bakersfield, ca, 93304, us"
Double El Diablo ,10.59,1210,"2400 white ln, bakersfield, ca, 93304, us"
Triple El Diablo ,10.99,1460,"2400 white ln, bakersfield, ca, 93304, us"
California Classic Double Cheeseburger,4.99,560,"2400 white ln, bakersfield, ca, 93304, us"
Big Hamburger,5.69,480,"2400 white ln, bakersfield, ca, 93304, us"
Single The Ghost ,8.29,720,"2400 white ln, bakersfield, ca, 93304, us"
Double The Ghost ,9.79,990,"2400 white ln, bakersfield, ca, 93304, us"
Triple The Ghost,10.99,1270,"2400 white ln, bakersfield, ca, 93304, us"
Double The Ghost Combo,10.99,830,"2434 junipero serra blvd, daly city, ca, 94015, us"
Loaded Guacamole Bacon Fries,5.99,580,"2434 junipero serra blvd, daly city, ca, 94015, us"
Fried Zucchini Star,5.99,600,"2434 junipero serra blvd, daly city, ca, 94015, us"
Hand-Crafted Strawberry Lemonade,6.00,156,"2434 junipero serra blvd, daly city, ca, 94015, us"
Single Famous Star®,7.04,670,"2434 junipero serra blvd, daly city, ca, 94015, us"
Double Famous Star®,9.55,920,"2434 junipero serra blvd, daly city, ca, 94015, us"
Big Angus Famous Star®,10.99,830,"2434 junipero serra blvd, daly city, ca, 94015, us"
Single Western Bacon Cheeseburger®,7.66,760,"2434 junipero serra blvd, daly city, ca, 94015, us"
Double Western Bacon Cheeseburger®,9.88,1020,"2434 junipero serra blvd, daly city, ca, 94015, us"
Big Angus Western Bacon Cheeseburger®,11.99,880,"2434 junipero serra blvd, daly city, ca, 94015, us"
Single Big Carl®,7.55,670,"2434 junipero serra blvd, daly city, ca, 94015, us"
Double Big Carl®,9.99,920,"2434 junipero serra blvd, daly city, ca, 94015, us"
Big Angus Big Carl®,11.99,770,"2434 junipero serra blvd, daly city, ca, 94015, us"
Single Guacamole Bacon Burger,9.99,870,"2434 junipero serra blvd, daly city, ca, 94015, us"
Double Guacamole Bacon Burger,11.99,1130,"2434 junipero serra blvd, daly city, ca, 94015, us"
Big Angus Guacamole Bacon Burger,11.99,960,"2434 junipero serra blvd, daly city, ca, 94015, us"
Single El Diablo ,9.89,950,"2434 junipero serra blvd, daly city, ca, 94015, us"
Double El Diablo ,11.99,1210,"2434 junipero serra blvd, daly city, ca, 94015, us"
Big Angus El Diablo ,11.99,1050,"2434 junipero serra blvd, daly city, ca, 94015, us"
Big Cheeseburger,4.89,540,"2434 junipero serra blvd, daly city, ca, 94015, us"
California Classic Double Cheeseburger,4.88,560,"2434 junipero serra blvd, daly city, ca, 94015, us"
Single The Ghost ,8.49,720,"2434 junipero serra blvd, daly city, ca, 94015, us"
Double The Ghost ,10.99,990,"2434 junipero serra blvd, daly city, ca, 94015, us"
Big Angus The Ghost ,10.99,830,"2434 junipero serra blvd, daly city, ca, 94015, us"
Double The Ghost Combo,10.99,830,"24715 pico canyon rd, stevenson ranch, ca, 91381, us"
Loaded Guacamole Bacon Fries,5.99,580,"24715 pico canyon rd, stevenson ranch, ca, 91381, us"
Fried Zucchini Star,5.99,600,"24715 pico canyon rd, stevenson ranch, ca, 91381, us"
Hand-Crafted Strawberry Lemonade,6.00,156,"24715 pico canyon rd, stevenson ranch, ca, 91381, us"
Single Famous Star®,7.04,670,"24715 pico canyon rd, stevenson ranch, ca, 91381, us"
Double Famous Star®,9.55,920,"24715 pico canyon rd, stevenson ranch, ca, 91381, us"
Big Angus Famous Star®,10.99,830,"24715 pico canyon rd, stevenson ranch, ca, 91381, us"
Single Western Bacon Cheeseburger®,7.66,760,"24715 pico canyon rd, stevenson ranch, ca, 91381, us"
Double Western Bacon Cheeseburger®,9.88,1020,"24715 pico canyon rd, stevenson ranch, ca, 91381, us"
Big Angus Western Bacon Cheeseburger®,11.99,880,"24715 pico canyon rd, stevenson ranch, ca, 91381, us"
Single Big Carl®,7.55,670,"24715 pico canyon rd, stevenson ranch, ca, 91381, us"
Double Big Carl®,9.99,920,"24715 pico canyon rd, stevenson ranch, ca, 91381, us"
Big Angus Big Carl®,11.99,770,"24715 pico canyon rd, stevenson ranch, ca, 91381, us"
Single Guacamole Bacon Burger,9.99,870,"24715 pico canyon rd, stevenson ranch, ca, 91381, us"
Double Guacamole Bacon Burger,11.99,1130,"24715 pico canyon rd, stevenson ranch, ca, 91381, us"
Big Angus Guacamole Bacon Burger,11.99,960,"24715 pico canyon rd, stevenson ranch, ca, 91381, us"
Single El Diablo ,9.89,950,"24715 pico canyon rd, stevenson ranch, ca, 91381, us"
Double El Diablo ,11.99,1210,"24715 pico canyon rd, stevenson ranch, ca, 91381, us"
Big Angus El Diablo ,11.99,1050,"24715 pico canyon rd, stevenson ranch, ca, 91381, us"
Big Cheeseburger,4.89,540,"24715 pico canyon rd, stevenson ranch, ca, 91381, us"
California Classic Double Cheeseburger,4.88,560,"24715 pico canyon rd, stevenson ranch, ca, 91381, us"
Single The Ghost ,8.49,720,"24715 pico canyon rd, stevenson ranch, ca, 91381, us"
Double The Ghost ,10.99,990,"24715 pico canyon rd, stevenson ranch, ca, 91381, us"
Big Angus The Ghost ,10.99,830,"24715 pico canyon rd, stevenson ranch, ca, 91381, us"
Double The Ghost Combo,10.99,830,"2590 s east ave, fresno, ca, 93706, us"
Loaded Guacamole Bacon Fries,5.99,580,"2590 s east ave, fresno, ca, 93706, us"
Fried Zucchini Star,5.99,600,"2590 s east ave, fresno, ca, 93706, us"
Single Famous Star®,7.04,670,"2590 s east ave, fresno, ca, 93706, us"
Double Famous Star®,9.55,920,"2590 s east ave, fresno, ca, 93706, us"
Big Angus Famous Star®,10.99,830,"2590 s east ave, fresno, ca, 93706, us"
Single Western Bacon Cheeseburger®,7.66,760,"2590 s east ave, fresno, ca, 93706, us"
Double Western Bacon Cheeseburger®,9.88,1020,"2590 s east ave, fresno, ca, 93706, us"
Big Angus Western Bacon Cheeseburger®,11.99,880,"2590 s east ave, fresno, ca, 93706, us"
Single Big Carl®,7.55,670,"2590 s east ave, fresno, ca, 93706, us"
Double Big Carl®,9.99,920,"2590 s east ave, fresno, ca, 93706, us"
Big Angus Big Carl®,11.99,770,"2590 s east ave, fresno, ca, 93706, us"
Single Guacamole Bacon Burger,9.99,870,"2590 s east ave, fresno, ca, 93706, us"
Double Guacamole Bacon Burger,11.99,1130,"2590 s east ave, fresno, ca, 93706, us"
Big Angus Guacamole Bacon Burger,11.99,960,"2590 s east ave, fresno, ca, 93706, us"
Single El Diablo ,9.89,950,"2590 s east ave, fresno, ca, 93706, us"
Double El Diablo ,11.99,1210,"2590 s east ave, fresno, ca, 93706, us"
Big Angus El Diablo ,11.99,1050,"2590 s east ave, fresno, ca, 93706, us"
Big Cheeseburger,4.89,540,"2590 s east ave, fresno, ca, 93706, us"
California Classic Double Cheeseburger,4.98,560,"2590 s east ave, fresno, ca, 93706, us"
Single The Ghost ,8.49,720,"2590 s east ave, fresno, ca, 93706, us"
Double The Ghost ,10.99,990,"2590 s east ave, fresno, ca, 93706, us"
Big Angus The Ghost ,10.99,830,"2590 s east ave, fresno, ca, 93706, us"
Double The Ghost Combo,9.89,830,"2615 broadway, sacramento, ca, 95818, us"
Loaded Guacamole Bacon Fries,5.49,580,"2615 broadway, sacramento, ca, 95818, us"
Fried Zucchini Star,6.59,600,"2615 broadway, sacramento, ca, 95818, us"
Hand-Crafted Strawberry Lemonade,3.29,270,"2615 broadway, sacramento, ca, 95818, us"
Double Take Value Bundle,6.00,156,"2615 broadway, sacramento, ca, 95818, us"
Single Famous Star®,7.19,670,"2615 broadway, sacramento, ca, 95818, us"
Double Famous Star®,8.99,920,"2615 broadway, sacramento, ca, 95818, us"
Big Angus Famous Star®,8.99,830,"2615 broadway, sacramento, ca, 95818, us"
Single Western Bacon Cheeseburger®,8.19,760,"2615 broadway, sacramento, ca, 95818, us"
Double Western Bacon Cheeseburger®,9.79,1020,"2615 broadway, sacramento, ca, 95818, us"
Big Angus Western Bacon Cheeseburger®,9.79,1020,"2615 broadway, sacramento, ca, 95818, us"
Single Big Carl®,6.89,670,"2615 broadway, sacramento, ca, 95818, us"
Double Big Carl®,8.79,920,"2615 broadway, sacramento, ca, 95818, us"
Big Angus Big Carl®,8.79,770,"2615 broadway, sacramento, ca, 95818, us"
Single Guacamole Bacon Burger,8.49,870,"2615 broadway, sacramento, ca, 95818, us"
Double Guacamole Bacon Burger,10.29,1130,"2615 broadway, sacramento, ca, 95818, us"
Big Angus Guacamole Bacon Burger,10.29,960,"2615 broadway, sacramento, ca, 95818, us"
Single El Diablo ,8.99,950,"2615 broadway, sacramento, ca, 95818, us"
Double El Diablo ,10.59,1210,"2615 broadway, sacramento, ca, 95818, us"
Big Angus El Diablo ,10.59,1050,"2615 broadway, sacramento, ca, 95818, us"
California Classic Double Cheeseburger,4.99,560,"2615 broadway, sacramento, ca, 95818, us"
Big Cheeseburger,5.99,540,"2615 broadway, sacramento, ca, 95818, us"
Single The Ghost ,8.29,720,"2615 broadway, sacramento, ca, 95818, us"
Double The Ghost ,9.79,990,"2615 broadway, sacramento, ca, 95818, us"
Big Angus The Ghost ,9.89,830,"2615 broadway, sacramento, ca, 95818, us"
Double The Ghost Combo,10.49,830,"271 e willow st, long beach, ca, 90806, us"
Loaded Guacamole Bacon Fries,5.99,580,"271 e willow st, long beach, ca, 90806, us"
Fried Zucchini Star,5.99,600,"271 e willow st, long beach, ca, 90806, us"
Hand-Crafted Strawberry Lemonade,3.59,270,"271 e willow st, long beach, ca, 90806, us"
Single The Ghost,7.99,720,"271 e willow st, long beach, ca, 90806, us"
Double The Ghost,9.99,990,"271 e willow st, long beach, ca, 90806, us"
Big Angus The Ghost,10.49,830,"271 e willow st, long beach, ca, 90806, us"
Single Famous Star®,6.99,670,"271 e willow st, long beach, ca, 90806, us"
Double Famous Star®,8.99,920,"271 e willow st, long beach, ca, 90806, us"
Big Angus Famous Star®,9.49,830,"271 e willow st, long beach, ca, 90806, us"
Single Western Bacon Cheeseburger®,7.99,760,"271 e willow st, long beach, ca, 90806, us"
Double Western Bacon Cheeseburger®,9.99,1020,"271 e willow st, long beach, ca, 90806, us"
Big Angus Western Bacon Cheeseburger®,10.49,880,"271 e willow st, long beach, ca, 90806, us"
Single Big Carl®,6.79,670,"271 e willow st, long beach, ca, 90806, us"
Double Big Carl®,8.79,920,"271 e willow st, long beach, ca, 90806, us"
Big Angus Big Carl®,9.29,770,"271 e willow st, long beach, ca, 90806, us"
Single Guacamole Bacon Burger,8.19,870,"271 e willow st, long beach, ca, 90806, us"
Double Guacamole Bacon Burger,10.19,1130,"271 e willow st, long beach, ca, 90806, us"
Big Angus Guacamole Bacon Burger,10.69,960,"271 e willow st, long beach, ca, 90806, us"
Single El Diablo,8.49,950,"271 e willow st, long beach, ca, 90806, us"
Double El Diablo,10.49,1210,"271 e willow st, long beach, ca, 90806, us"
Big Angus El Diablo,10.99,1050,"271 e willow st, long beach, ca, 90806, us"
Big Cheeseburger,5.39,540,"271 e willow st, long beach, ca, 90806, us"
Double The Ghost Combo,8.99,830,"27467 hesperian blvd, hayward, ca, 94545, us"
Loaded Guacamole Bacon Fries,5.29,580,"27467 hesperian blvd, hayward, ca, 94545, us"
Fried Zucchini Star,5.79,600,"27467 hesperian blvd, hayward, ca, 94545, us"
Hand-Crafted Strawberry Lemonade,3.49,270,"27467 hesperian blvd, hayward, ca, 94545, us"
Hand-Crafted Strawberry Lemonade,7.59,720,"27467 hesperian blvd, hayward, ca, 94545, us"
Double The Ghost,8.99,990,"27467 hesperian blvd, hayward, ca, 94545, us"
Big Angus The Ghost,8.99,830,"27467 hesperian blvd, hayward, ca, 94545, us"
Single Famous Star®,6.69,670,"27467 hesperian blvd, hayward, ca, 94545, us"
Double Famous Star®,8.49,920,"27467 hesperian blvd, hayward, ca, 94545, us"
Big Angus Famous Star®,7.39,830,"27467 hesperian blvd, hayward, ca, 94545, us"
Single Western Bacon Cheeseburger®,7.39,760,"27467 hesperian blvd, hayward, ca, 94545, us"
Double Western Bacon Cheeseburger®,8.99,1020,"27467 hesperian blvd, hayward, ca, 94545, us"
Big Angus Western Bacon Cheeseburger®,8.59,880,"27467 hesperian blvd, hayward, ca, 94545, us"
Single Big Carl®,6.19,670,"27467 hesperian blvd, hayward, ca, 94545, us"
Double Big Carl®,7.79,920,"27467 hesperian blvd, hayward, ca, 94545, us"
Big Angus Big Carl®,7.89,770,"27467 hesperian blvd, hayward, ca, 94545, us"
Single Guacamole Bacon Burger,6.59,870,"27467 hesperian blvd, hayward, ca, 94545, us"
Double Guacamole Bacon Burger,8.19,1130,"27467 hesperian blvd, hayward, ca, 94545, us"
Big Angus Guacamole Bacon Burger,9.09,960,"27467 hesperian blvd, hayward, ca, 94545, us"
Single El Diablo,8.59,950,"27467 hesperian blvd, hayward, ca, 94545, us"
Double El Diablo,9.19,1210,"27467 hesperian blvd, hayward, ca, 94545, us"
Big Angus El Diablo,9.39,1050,"27467 hesperian blvd, hayward, ca, 94545, us"
California Classic Double Cheeseburger,3.99,560,"27467 hesperian blvd, hayward, ca, 94545, us"
Big Cheeseburger,4.19,540,"27467 hesperian blvd, hayward, ca, 94545, us"
Double The Ghost Combo,9.39,830,"27670 eucalyptus ave, moreno valley, ca, 92555, us"
Loaded Guacamole Bacon Fries,4.99,580,"27670 eucalyptus ave, moreno valley, ca, 92555, us"
Fried Zucchini Star,5.99,600,"27670 eucalyptus ave, moreno valley, ca, 92555, us"
Hand-Crafted Strawberry Lemonade,3.19,270,"27670 eucalyptus ave, moreno valley, ca, 92555, us"
Single The Ghost,7.89,720,"27670 eucalyptus ave, moreno valley, ca, 92555, us"
Double The Ghost,8.89,990,"27670 eucalyptus ave, moreno valley, ca, 92555, us"
Big Angus The Ghost,9.39,830,"27670 eucalyptus ave, moreno valley, ca, 92555, us"
Single Famous Star®,6.59,670,"27670 eucalyptus ave, moreno valley, ca, 92555, us"
Double Famous Star®,7.99,920,"27670 eucalyptus ave, moreno valley, ca, 92555, us"
Big Angus Famous Star®,8.19,830,"27670 eucalyptus ave, moreno valley, ca, 92555, us"
Single Western Bacon Cheeseburger®,7.69,760,"27670 eucalyptus ave, moreno valley, ca, 92555, us"
Double Western Bacon Cheeseburger®,8.99,1020,"27670 eucalyptus ave, moreno valley, ca, 92555, us"
Big Angus Western Bacon Cheeseburger®,9.19,880,"27670 eucalyptus ave, moreno valley, ca, 92555, us"
Single Big Carl®,6.49,670,"27670 eucalyptus ave, moreno valley, ca, 92555, us"
Double Big Carl®,7.99,920,"27670 eucalyptus ave, moreno valley, ca, 92555, us"
Big Angus Big Carl®,8.39,770,"27670 eucalyptus ave, moreno valley, ca, 92555, us"
Single Guacamole Bacon Burger,8.49,870,"27670 eucalyptus ave, moreno valley, ca, 92555, us"
Double Guacamole Bacon Burger,9.49,1130,"27670 eucalyptus ave, moreno valley, ca, 92555, us"
Big Angus Guacamole Bacon Burger,9.99,960,"27670 eucalyptus ave, moreno valley, ca, 92555, us"
Single El Diablo,8.59,950,"27670 eucalyptus ave, moreno valley, ca, 92555, us"
Double El Diablo,9.69,1210,"27670 eucalyptus ave, moreno valley, ca, 92555, us"
Big Angus El Diablo,10.29,1050,"27670 eucalyptus ave, moreno valley, ca, 92555, us"
Big Cheeseburger,4.99,540,"27670 eucalyptus ave, moreno valley, ca, 92555, us"
Double The Ghost Combo,10.99,830,"2808 mchenry ave, modesto, ca, 95350, us"
Loaded Guacamole Bacon Fries,5.99,580,"2808 mchenry ave, modesto, ca, 95350, us"
Fried Zucchini Star,5.99,600,"2808 mchenry ave, modesto, ca, 95350, us"
Double Take Value Bundle,6.00,156,"2808 mchenry ave, modesto, ca, 95350, us"
Single Famous Star®,7.04,670,"2808 mchenry ave, modesto, ca, 95350, us"
Double Famous Star®,9.55,920,"2808 mchenry ave, modesto, ca, 95350, us"
Big Angus Famous Star®,10.99,830,"2808 mchenry ave, modesto, ca, 95350, us"
Single Western Bacon Cheeseburger®,7.66,760,"2808 mchenry ave, modesto, ca, 95350, us"
Double Western Bacon Cheeseburger®,9.88,1020,"2808 mchenry ave, modesto, ca, 95350, us"
Big Angus Western Bacon Cheeseburger®,11.99,880,"2808 mchenry ave, modesto, ca, 95350, us"
Single Big Carl®,7.55,670,"2808 mchenry ave, modesto, ca, 95350, us"
Double Big Carl®,9.99,920,"2808 mchenry ave, modesto, ca, 95350, us"
Big Angus Big Carl®,11.99,770,"2808 mchenry ave, modesto, ca, 95350, us"
Single Guacamole Bacon Burger,9.99,870,"2808 mchenry ave, modesto, ca, 95350, us"
Double Guacamole Bacon Burger,11.99,1130,"2808 mchenry ave, modesto, ca, 95350, us"
Big Angus Guacamole Bacon Burger,11.99,960,"2808 mchenry ave, modesto, ca, 95350, us"
Single El Diablo ,9.89,950,"2808 mchenry ave, modesto, ca, 95350, us"
Double El Diablo ,11.99,1210,"2808 mchenry ave, modesto, ca, 95350, us"
Big Angus El Diablo ,11.99,1050,"2808 mchenry ave, modesto, ca, 95350, us"
Big Cheeseburger,4.89,540,"2808 mchenry ave, modesto, ca, 95350, us"
California Classic Double Cheeseburger,4.88,560,"2808 mchenry ave, modesto, ca, 95350, us"
Single The Ghost ,8.49,720,"2808 mchenry ave, modesto, ca, 95350, us"
Double The Ghost ,10.99,990,"2808 mchenry ave, modesto, ca, 95350, us"
Big Angus The Ghost ,10.99,830,"2808 mchenry ave, modesto, ca, 95350, us"
Double The Ghost Combo,10.99,830,"2820 e. lincoln ave, anaheim, ca, 92806, us"
Loaded Guacamole Bacon Fries,4.99,580,"2820 e. lincoln ave, anaheim, ca, 92806, us"
Fried Zucchini Star,5.99,600,"2820 e. lincoln ave, anaheim, ca, 92806, us"
Hand-Crafted Strawberry Lemonade,3.99,270,"2820 e. lincoln ave, anaheim, ca, 92806, us"
Single Famous Star®,6.99,670,"2820 e. lincoln ave, anaheim, ca, 92806, us"
Double Famous Star®,8.99,920,"2820 e. lincoln ave, anaheim, ca, 92806, us"
Big Angus Famous Star®,9.49,830,"2820 e. lincoln ave, anaheim, ca, 92806, us"
Single Western Bacon Cheeseburger®,7.99,760,"2820 e. lincoln ave, anaheim, ca, 92806, us"
Double Western Bacon Cheeseburger®,9.99,1020,"2820 e. lincoln ave, anaheim, ca, 92806, us"
Big Angus Western Bacon Cheeseburger®,10.49,1020,"2820 e. lincoln ave, anaheim, ca, 92806, us"
Single Big Carl®,6.99,670,"2820 e. lincoln ave, anaheim, ca, 92806, us"
Double Big Carl®,8.99,920,"2820 e. lincoln ave, anaheim, ca, 92806, us"
Big Angus Big Carl®,9.49,770,"2820 e. lincoln ave, anaheim, ca, 92806, us"
Single Guacamole Bacon Burger,8.19,870,"2820 e. lincoln ave, anaheim, ca, 92806, us"
Double Guacamole Bacon Burger,10.19,1130,"2820 e. lincoln ave, anaheim, ca, 92806, us"
Big Angus Guacamole Bacon Burger,10.69,960,"2820 e. lincoln ave, anaheim, ca, 92806, us"
Single El Diablo ,8.49,950,"2820 e. lincoln ave, anaheim, ca, 92806, us"
Double El Diablo ,10.49,1210,"2820 e. lincoln ave, anaheim, ca, 92806, us"
Big Angus El Diablo ,10.99,1050,"2820 e. lincoln ave, anaheim, ca, 92806, us"
Big Cheeseburger,5.59,540,"2820 e. lincoln ave, anaheim, ca, 92806, us"
Single The Ghost ,8.49,720,"2820 e. lincoln ave, anaheim, ca, 92806, us"
Double The Ghost ,10.49,990,"2820 e. lincoln ave, anaheim, ca, 92806, us"
Big Angus The Ghost ,10.99,830,"2820 e. lincoln ave, anaheim, ca, 92806, us"
Double The Ghost Combo,8.89,830,"3110 e la palma, anaheim, ca, 92806, us"
Loaded Guacamole Bacon Fries,4.99,580,"3110 e la palma, anaheim, ca, 92806, us"
Fried Zucchini Star,5.79,600,"3110 e la palma, anaheim, ca, 92806, us"
Hand-Crafted Strawberry Lemonade,3.19,270,"3110 e la palma, anaheim, ca, 92806, us"
Single The Ghost,7.49,720,"3110 e la palma, anaheim, ca, 92806, us"
Double The Ghost,8.49,990,"3110 e la palma, anaheim, ca, 92806, us"
Big Angus The Ghost,8.89,830,"3110 e la palma, anaheim, ca, 92806, us"
Single Famous Star®,6.19,670,"3110 e la palma, anaheim, ca, 92806, us"
Double Famous Star®,7.59,920,"3110 e la palma, anaheim, ca, 92806, us"
Big Angus Famous Star®,7.89,830,"3110 e la palma, anaheim, ca, 92806, us"
Single Western Bacon Cheeseburger®,7.19,760,"3110 e la palma, anaheim, ca, 92806, us"
Double Western Bacon Cheeseburger®,8.59,1020,"3110 e la palma, anaheim, ca, 92806, us"
Big Angus Western Bacon Cheeseburger®,8.89,880,"3110 e la palma, anaheim, ca, 92806, us"
Single Big Carl®,5.79,670,"3110 e la palma, anaheim, ca, 92806, us"
Double Big Carl®,7.29,920,"3110 e la palma, anaheim, ca, 92806, us"
Big Angus Big Carl®,7.89,770,"3110 e la palma, anaheim, ca, 92806, us"
Single Guacamole Bacon Burger,7.39,870,"3110 e la palma, anaheim, ca, 92806, us"
Double Guacamole Bacon Burger,8.89,1130,"3110 e la palma, anaheim, ca, 92806, us"
Big Angus Guacamole Bacon Burger,9.29,960,"3110 e la palma, anaheim, ca, 92806, us"
Single El Diablo,8.39,950,"3110 e la palma, anaheim, ca, 92806, us"
Double El Diablo,9.39,1210,"3110 e la palma, anaheim, ca, 92806, us"
Big Angus El Diablo,9.69,1050,"3110 e la palma, anaheim, ca, 92806, us"
Big Cheeseburger,4.19,540,"3110 e la palma, anaheim, ca, 92806, us"
Double The Ghost Combo,9.59,830,"2903 burgener blvd, san diego, ca, 92110, us"
Loaded Guacamole Bacon Fries,4.99,580,"2903 burgener blvd, san diego, ca, 92110, us"
Fried Zucchini Star,5.99,600,"2903 burgener blvd, san diego, ca, 92110, us"
Hand-Crafted Strawberry Lemonade,3.49,270,"2903 burgener blvd, san diego, ca, 92110, us"
2 for $6 Chicken Tender Wraps,6.00,480,"2903 burgener blvd, san diego, ca, 92110, us"
Single Famous Star®,6.59,670,"2903 burgener blvd, san diego, ca, 92110, us"
Double Famous Star®,8.09,920,"2903 burgener blvd, san diego, ca, 92110, us"
Big Angus Famous Star®,8.59,830,"2903 burgener blvd, san diego, ca, 92110, us"
Single Western Bacon Cheeseburger®,7.79,760,"2903 burgener blvd, san diego, ca, 92110, us"
Double Western Bacon Cheeseburger®,9.29,1020,"2903 burgener blvd, san diego, ca, 92110, us"
Big Angus Western Bacon Cheeseburger®,9.79,1020,"2903 burgener blvd, san diego, ca, 92110, us"
Single Big Carl®,6.19,670,"2903 burgener blvd, san diego, ca, 92110, us"
Double Big Carl®,7.69,920,"2903 burgener blvd, san diego, ca, 92110, us"
Big Angus Big Carl®,8.19,770,"2903 burgener blvd, san diego, ca, 92110, us"
Single Guacamole Bacon Burger,7.79,870,"2903 burgener blvd, san diego, ca, 92110, us"
Double Guacamole Bacon Burger,9.29,1130,"2903 burgener blvd, san diego, ca, 92110, us"
Big Angus Guacamole Bacon Burger,9.79,960,"2903 burgener blvd, san diego, ca, 92110, us"
Single El Diablo ,8.79,950,"2903 burgener blvd, san diego, ca, 92110, us"
Double El Diablo ,10.29,1210,"2903 burgener blvd, san diego, ca, 92110, us"
Big Angus El Diablo ,10.79,1050,"2903 burgener blvd, san diego, ca, 92110, us"
California Classic Double Cheeseburger,4.39,560,"2903 burgener blvd, san diego, ca, 92110, us"
Big Cheeseburger,5.29,540,"2903 burgener blvd, san diego, ca, 92110, us"
Single The Ghost ,7.79,720,"2903 burgener blvd, san diego, ca, 92110, us"
Double The Ghost ,8.99,990,"2903 burgener blvd, san diego, ca, 92110, us"
Big Angus The Ghost ,9.59,830,"2903 burgener blvd, san diego, ca, 92110, us"
Double The Ghost Combo,10.99,830,"2940 van buren boulevard suite 100, riverside, ca, 92503, us"
Loaded Guacamole Bacon Fries,4.99,580,"2940 van buren boulevard suite 100, riverside, ca, 92503, us"
Fried Zucchini Star,5.99,600,"2940 van buren boulevard suite 100, riverside, ca, 92503, us"
Hand-Crafted Strawberry Lemonade,3.99,270,"2940 van buren boulevard suite 100, riverside, ca, 92503, us"
Single Famous Star®,6.99,670,"2940 van buren boulevard suite 100, riverside, ca, 92503, us"
Double Famous Star®,8.99,920,"2940 van buren boulevard suite 100, riverside, ca, 92503, us"
Big Angus Famous Star®,9.49,830,"2940 van buren boulevard suite 100, riverside, ca, 92503, us"
Single Western Bacon Cheeseburger®,7.99,760,"2940 van buren boulevard suite 100, riverside, ca, 92503, us"
Double Western Bacon Cheeseburger®,9.99,1020,"2940 van buren boulevard suite 100, riverside, ca, 92503, us"
Big Angus Western Bacon Cheeseburger®,10.49,1020,"2940 van buren boulevard suite 100, riverside, ca, 92503, us"
Single Big Carl®,6.99,670,"2940 van buren boulevard suite 100, riverside, ca, 92503, us"
Double Big Carl®,8.99,920,"2940 van buren boulevard suite 100, riverside, ca, 92503, us"
Big Angus Big Carl®,9.49,770,"2940 van buren boulevard suite 100, riverside, ca, 92503, us"
Single Guacamole Bacon Burger,8.19,870,"2940 van buren boulevard suite 100, riverside, ca, 92503, us"
Double Guacamole Bacon Burger,10.19,1130,"2940 van buren boulevard suite 100, riverside, ca, 92503, us"
Big Angus Guacamole Bacon Burger,10.69,960,"2940 van buren boulevard suite 100, riverside, ca, 92503, us"
Single El Diablo ,8.49,950,"2940 van buren boulevard suite 100, riverside, ca, 92503, us"
Double El Diablo ,10.49,1210,"2940 van buren boulevard suite 100, riverside, ca, 92503, us"
Big Angus El Diablo ,10.99,1050,"2940 van buren boulevard suite 100, riverside, ca, 92503, us"
Big Cheeseburger,5.59,540,"2940 van buren boulevard suite 100, riverside, ca, 92503, us"
Single The Ghost ,8.49,720,"2940 van buren boulevard suite 100, riverside, ca, 92503, us"
Double The Ghost ,10.49,990,"2940 van buren boulevard suite 100, riverside, ca, 92503, us"
Big Angus The Ghost ,10.99,830,"2940 van buren boulevard suite 100, riverside, ca, 92503, us"
Double The Ghost Combo,8.89,830,"3370 la sierra ave, riverside, ca, 92503, us"
Loaded Guacamole Bacon Fries,4.99,580,"3370 la sierra ave, riverside, ca, 92503, us"
Fried Zucchini Star,5.79,600,"3370 la sierra ave, riverside, ca, 92503, us"
Hand-Crafted Strawberry Lemonade,3.19,270,"3370 la sierra ave, riverside, ca, 92503, us"
Single The Ghost,7.49,720,"3370 la sierra ave, riverside, ca, 92503, us"
Double The Ghost,8.49,990,"3370 la sierra ave, riverside, ca, 92503, us"
Big Angus The Ghost,8.89,830,"3370 la sierra ave, riverside, ca, 92503, us"
Single Famous Star®,6.19,670,"3370 la sierra ave, riverside, ca, 92503, us"
Double Famous Star®,7.59,920,"3370 la sierra ave, riverside, ca, 92503, us"
Big Angus Famous Star®,7.89,830,"3370 la sierra ave, riverside, ca, 92503, us"
Single Western Bacon Cheeseburger®,7.19,760,"3370 la sierra ave, riverside, ca, 92503, us"
Double Western Bacon Cheeseburger®,8.59,1020,"3370 la sierra ave, riverside, ca, 92503, us"
Big Angus Western Bacon Cheeseburger®,8.89,880,"3370 la sierra ave, riverside, ca, 92503, us"
Single Big Carl®,5.79,670,"3370 la sierra ave, riverside, ca, 92503, us"
Double Big Carl®,7.29,920,"3370 la sierra ave, riverside, ca, 92503, us"
Big Angus Big Carl®,7.89,770,"3370 la sierra ave, riverside, ca, 92503, us"
Single Guacamole Bacon Burger,7.39,870,"3370 la sierra ave, riverside, ca, 92503, us"
Double Guacamole Bacon Burger,8.89,1130,"3370 la sierra ave, riverside, ca, 92503, us"
Big Angus Guacamole Bacon Burger,9.29,960,"3370 la sierra ave, riverside, ca, 92503, us"
Single El Diablo,8.39,950,"3370 la sierra ave, riverside, ca, 92503, us"
Double El Diablo,9.39,1210,"3370 la sierra ave, riverside, ca, 92503, us"
Big Angus El Diablo,9.69,1050,"3370 la sierra ave, riverside, ca, 92503, us"
Big Cheeseburger,4.19,540,"3370 la sierra ave, riverside, ca, 92503, us"
Double The Ghost Combo,8.89,830,"3005 w 6th st, los angeles, ca, 90020, us"
Loaded Guacamole Bacon Fries,4.99,580,"3005 w 6th st, los angeles, ca, 90020, us"
Fried Zucchini Star,5.79,600,"3005 w 6th st, los angeles, ca, 90020, us"
Hand-Crafted Strawberry Lemonade,3.19,270,"3005 w 6th st, los angeles, ca, 90020, us"
Single The Ghost,7.49,720,"3005 w 6th st, los angeles, ca, 90020, us"
Double The Ghost,8.49,990,"3005 w 6th st, los angeles, ca, 90020, us"
Big Angus The Ghost,8.89,830,"3005 w 6th st, los angeles, ca, 90020, us"
Single Famous Star®,6.19,670,"3005 w 6th st, los angeles, ca, 90020, us"
Double Famous Star®,7.59,920,"3005 w 6th st, los angeles, ca, 90020, us"
Big Angus Famous Star®,7.89,830,"3005 w 6th st, los angeles, ca, 90020, us"
Single Western Bacon Cheeseburger®,7.19,760,"3005 w 6th st, los angeles, ca, 90020, us"
Double Western Bacon Cheeseburger®,8.59,1020,"3005 w 6th st, los angeles, ca, 90020, us"
Big Angus Western Bacon Cheeseburger®,8.89,880,"3005 w 6th st, los angeles, ca, 90020, us"
Single Big Carl®,5.79,670,"3005 w 6th st, los angeles, ca, 90020, us"
Double Big Carl®,7.29,920,"3005 w 6th st, los angeles, ca, 90020, us"
Big Angus Big Carl®,7.89,770,"3005 w 6th st, los angeles, ca, 90020, us"
Single Guacamole Bacon Burger,7.39,870,"3005 w 6th st, los angeles, ca, 90020, us"
Double Guacamole Bacon Burger,8.89,1130,"3005 w 6th st, los angeles, ca, 90020, us"
Big Angus Guacamole Bacon Burger,9.29,960,"3005 w 6th st, los angeles, ca, 90020, us"
Single El Diablo,8.39,950,"3005 w 6th st, los angeles, ca, 90020, us"
Double El Diablo,9.39,1210,"3005 w 6th st, los angeles, ca, 90020, us"
Big Angus El Diablo,9.69,1050,"3005 w 6th st, los angeles, ca, 90020, us"
Big Cheeseburger,4.19,540,"3005 w 6th st, los angeles, ca, 90020, us"
Double The Ghost Combo,9.59,830,"3008 el cajon blvd, san diego, ca, 92104, us"
Loaded Guacamole Bacon Fries,4.99,580,"3008 el cajon blvd, san diego, ca, 92104, us"
Fried Zucchini Star,5.99,600,"3008 el cajon blvd, san diego, ca, 92104, us"
Hand-Crafted Strawberry Lemonade,3.49,270,"3008 el cajon blvd, san diego, ca, 92104, us"
2 for $6 Chicken Tender Wraps,6.00,480,"3008 el cajon blvd, san diego, ca, 92104, us"
Single Famous Star®,6.59,670,"3008 el cajon blvd, san diego, ca, 92104, us"
Double Famous Star®,8.09,920,"3008 el cajon blvd, san diego, ca, 92104, us"
Big Angus Famous Star®,8.59,830,"3008 el cajon blvd, san diego, ca, 92104, us"
Single Western Bacon Cheeseburger®,7.79,760,"3008 el cajon blvd, san diego, ca, 92104, us"
Double Western Bacon Cheeseburger®,9.29,1020,"3008 el cajon blvd, san diego, ca, 92104, us"
Big Angus Western Bacon Cheeseburger®,9.79,1020,"3008 el cajon blvd, san diego, ca, 92104, us"
Single Big Carl®,6.19,670,"3008 el cajon blvd, san diego, ca, 92104, us"
Double Big Carl®,7.69,920,"3008 el cajon blvd, san diego, ca, 92104, us"
Big Angus Big Carl®,8.19,770,"3008 el cajon blvd, san diego, ca, 92104, us"
Single Guacamole Bacon Burger,7.79,870,"3008 el cajon blvd, san diego, ca, 92104, us"
Double Guacamole Bacon Burger,9.29,1130,"3008 el cajon blvd, san diego, ca, 92104, us"
Big Angus Guacamole Bacon Burger,9.79,960,"3008 el cajon blvd, san diego, ca, 92104, us"
Single El Diablo ,8.79,950,"3008 el cajon blvd, san diego, ca, 92104, us"
Double El Diablo ,10.29,1210,"3008 el cajon blvd, san diego, ca, 92104, us"
Big Angus El Diablo ,10.79,1050,"3008 el cajon blvd, san diego, ca, 92104, us"
California Classic Double Cheeseburger,4.39,560,"3008 el cajon blvd, san diego, ca, 92104, us"
Big Cheeseburger,5.29,540,"3008 el cajon blvd, san diego, ca, 92104, us"
Single The Ghost ,7.79,720,"3008 el cajon blvd, san diego, ca, 92104, us"
Double The Ghost ,8.99,990,"3008 el cajon blvd, san diego, ca, 92104, us"
Big Angus The Ghost ,9.59,830,"3008 el cajon blvd, san diego, ca, 92104, us"
Double The Ghost Combo,10.99,830,"3131 crow canyon pl, san ramon, ca, 94583, us"
Loaded Guacamole Bacon Fries,5.99,580,"3131 crow canyon pl, san ramon, ca, 94583, us"
Fried Zucchini Star,5.99,600,"3131 crow canyon pl, san ramon, ca, 94583, us"
Hand-Crafted Strawberry Lemonade,6.00,156,"3131 crow canyon pl, san ramon, ca, 94583, us"
Single Famous Star®,7.04,670,"3131 crow canyon pl, san ramon, ca, 94583, us"
Double Famous Star®,9.55,920,"3131 crow canyon pl, san ramon, ca, 94583, us"
Big Angus Famous Star®,10.99,830,"3131 crow canyon pl, san ramon, ca, 94583, us"
Single Western Bacon Cheeseburger®,7.66,760,"3131 crow canyon pl, san ramon, ca, 94583, us"
Double Western Bacon Cheeseburger®,9.88,1020,"3131 crow canyon pl, san ramon, ca, 94583, us"
Big Angus Western Bacon Cheeseburger®,11.99,880,"3131 crow canyon pl, san ramon, ca, 94583, us"
Single Big Carl®,7.55,670,"3131 crow canyon pl, san ramon, ca, 94583, us"
Double Big Carl®,9.99,920,"3131 crow canyon pl, san ramon, ca, 94583, us"
Big Angus Big Carl®,11.99,770,"3131 crow canyon pl, san ramon, ca, 94583, us"
Single Guacamole Bacon Burger,9.99,870,"3131 crow canyon pl, san ramon, ca, 94583, us"
Double Guacamole Bacon Burger,11.99,1130,"3131 crow canyon pl, san ramon, ca, 94583, us"
Big Angus Guacamole Bacon Burger,11.99,960,"3131 crow canyon pl, san ramon, ca, 94583, us"
Single El Diablo ,9.89,950,"3131 crow canyon pl, san ramon, ca, 94583, us"
Double El Diablo ,11.99,1210,"3131 crow canyon pl, san ramon, ca, 94583, us"
Big Angus El Diablo ,11.99,1050,"3131 crow canyon pl, san ramon, ca, 94583, us"
Big Cheeseburger,4.89,540,"3131 crow canyon pl, san ramon, ca, 94583, us"
California Classic Double Cheeseburger,4.88,560,"3131 crow canyon pl, san ramon, ca, 94583, us"
Single The Ghost ,8.49,720,"3131 crow canyon pl, san ramon, ca, 94583, us"
Double The Ghost ,10.99,990,"3131 crow canyon pl, san ramon, ca, 94583, us"
Big Angus The Ghost ,10.99,830,"3131 crow canyon pl, san ramon, ca, 94583, us"
Double The Ghost Combo,11.79,830,"3215 n. broadway, los angeles, ca, 90031, us"
Loaded Guacamole Bacon Fries,4.29,580,"3215 n. broadway, los angeles, ca, 90031, us"
Fried Zucchini Star,4.39,600,"3215 n. broadway, los angeles, ca, 90031, us"
Hand-Crafted Strawberry Lemonade,3.79,270,"3215 n. broadway, los angeles, ca, 90031, us"
Single Famous Star®,5.99,670,"3215 n. broadway, los angeles, ca, 90031, us"
Double Famous Star®,9.89,920,"3215 n. broadway, los angeles, ca, 90031, us"
Big Angus Famous Star®,10.29,830,"3215 n. broadway, los angeles, ca, 90031, us"
Single Western Bacon Cheeseburger®,8.99,760,"3215 n. broadway, los angeles, ca, 90031, us"
Double Western Bacon Cheeseburger®,10.49,1020,"3215 n. broadway, los angeles, ca, 90031, us"
Big Angus Western Bacon Cheeseburger®,10.79,1020,"3215 n. broadway, los angeles, ca, 90031, us"
Single Big Carl®,7.49,670,"3215 n. broadway, los angeles, ca, 90031, us"
Double Big Carl®,9.99,920,"3215 n. broadway, los angeles, ca, 90031, us"
Big Angus Big Carl®,10.29,770,"3215 n. broadway, los angeles, ca, 90031, us"
Single Guacamole Bacon Burger,10.69,870,"3215 n. broadway, los angeles, ca, 90031, us"
Double Guacamole Bacon Burger,12.19,1130,"3215 n. broadway, los angeles, ca, 90031, us"
Big Angus Guacamole Bacon Burger,12.49,960,"3215 n. broadway, los angeles, ca, 90031, us"
Single El Diablo ,9.99,950,"3215 n. broadway, los angeles, ca, 90031, us"
Double El Diablo ,11.49,1210,"3215 n. broadway, los angeles, ca, 90031, us"
Big Angus El Diablo ,11.79,1050,"3215 n. broadway, los angeles, ca, 90031, us"
Big Cheeseburger,5.59,540,"3215 n. broadway, los angeles, ca, 90031, us"
Single The Ghost ,9.99,720,"3215 n. broadway, los angeles, ca, 90031, us"
Double The Ghost ,11.49,990,"3215 n. broadway, los angeles, ca, 90031, us"
Big Angus The Ghost ,11.79,830,"3215 n. broadway, los angeles, ca, 90031, us"
Double The Ghost Combo,8.89,830,"3255 saviers rd, oxnard, ca, 93033, us"
Loaded Guacamole Bacon Fries,4.99,580,"3255 saviers rd, oxnard, ca, 93033, us"
Fried Zucchini Star,5.79,600,"3255 saviers rd, oxnard, ca, 93033, us"
Hand-Crafted Strawberry Lemonade,3.19,270,"3255 saviers rd, oxnard, ca, 93033, us"
Single The Ghost,7.49,720,"3255 saviers rd, oxnard, ca, 93033, us"
Double The Ghost,8.49,990,"3255 saviers rd, oxnard, ca, 93033, us"
Big Angus The Ghost,8.89,830,"3255 saviers rd, oxnard, ca, 93033, us"
Single Famous Star®,6.19,670,"3255 saviers rd, oxnard, ca, 93033, us"
Double Famous Star®,7.49,920,"3255 saviers rd, oxnard, ca, 93033, us"
Big Angus Famous Star®,7.79,830,"3255 saviers rd, oxnard, ca, 93033, us"
Single Western Bacon Cheeseburger®,7.19,760,"3255 saviers rd, oxnard, ca, 93033, us"
Double Western Bacon Cheeseburger®,8.49,1020,"3255 saviers rd, oxnard, ca, 93033, us"
Big Angus Western Bacon Cheeseburger®,8.79,880,"3255 saviers rd, oxnard, ca, 93033, us"
Single Big Carl®,5.69,670,"3255 saviers rd, oxnard, ca, 93033, us"
Double Big Carl®,7.19,920,"3255 saviers rd, oxnard, ca, 93033, us"
Big Angus Big Carl®,7.79,770,"3255 saviers rd, oxnard, ca, 93033, us"
Single Guacamole Bacon Burger,7.29,870,"3255 saviers rd, oxnard, ca, 93033, us"
Double Guacamole Bacon Burger,8.79,1130,"3255 saviers rd, oxnard, ca, 93033, us"
Big Angus Guacamole Bacon Burger,9.19,960,"3255 saviers rd, oxnard, ca, 93033, us"
Single El Diablo,8.29,950,"3255 saviers rd, oxnard, ca, 93033, us"
Double El Diablo,9.29,1210,"3255 saviers rd, oxnard, ca, 93033, us"
Big Angus El Diablo,9.59,1050,"3255 saviers rd, oxnard, ca, 93033, us"
Big Cheeseburger,4.19,540,"3255 saviers rd, oxnard, ca, 93033, us"
Double The Ghost Combo,10.99,830,"3350 s mooney blvd, visalia, ca, 93277, us"
Loaded Guacamole Bacon Fries,5.99,580,"3350 s mooney blvd, visalia, ca, 93277, us"
Fried Zucchini Star,5.99,600,"3350 s mooney blvd, visalia, ca, 93277, us"
Single Famous Star®,7.04,670,"3350 s mooney blvd, visalia, ca, 93277, us"
Double Famous Star®,9.55,920,"3350 s mooney blvd, visalia, ca, 93277, us"
Big Angus Famous Star®,10.99,830,"3350 s mooney blvd, visalia, ca, 93277, us"
Single Western Bacon Cheeseburger®,7.66,760,"3350 s mooney blvd, visalia, ca, 93277, us"
Double Western Bacon Cheeseburger®,9.88,1020,"3350 s mooney blvd, visalia, ca, 93277, us"
Big Angus Western Bacon Cheeseburger®,11.99,880,"3350 s mooney blvd, visalia, ca, 93277, us"
Single Big Carl®,7.55,670,"3350 s mooney blvd, visalia, ca, 93277, us"
Double Big Carl®,9.99,920,"3350 s mooney blvd, visalia, ca, 93277, us"
Big Angus Big Carl®,11.99,770,"3350 s mooney blvd, visalia, ca, 93277, us"
Single Guacamole Bacon Burger,9.99,870,"3350 s mooney blvd, visalia, ca, 93277, us"
Double Guacamole Bacon Burger,11.99,1130,"3350 s mooney blvd, visalia, ca, 93277, us"
Big Angus Guacamole Bacon Burger,11.99,960,"3350 s mooney blvd, visalia, ca, 93277, us"
Single El Diablo ,9.89,950,"3350 s mooney blvd, visalia, ca, 93277, us"
Double El Diablo ,11.99,1210,"3350 s mooney blvd, visalia, ca, 93277, us"
Big Angus El Diablo ,11.99,1050,"3350 s mooney blvd, visalia, ca, 93277, us"
Big Cheeseburger,4.89,540,"3350 s mooney blvd, visalia, ca, 93277, us"
California Classic Double Cheeseburger,4.98,560,"3350 s mooney blvd, visalia, ca, 93277, us"
Single The Ghost ,8.49,720,"3350 s mooney blvd, visalia, ca, 93277, us"
Double The Ghost ,10.99,990,"3350 s mooney blvd, visalia, ca, 93277, us"
Big Angus The Ghost ,10.99,830,"3350 s mooney blvd, visalia, ca, 93277, us"
Double The Ghost Combo,10.99,830,"3770 telegraph ave, oakland, ca, 94609, us"
Loaded Guacamole Bacon Fries,5.99,580,"3770 telegraph ave, oakland, ca, 94609, us"
Fried Zucchini Star,5.99,600,"3770 telegraph ave, oakland, ca, 94609, us"
Hand-Crafted Strawberry Lemonade,6.00,156,"3770 telegraph ave, oakland, ca, 94609, us"
Single Famous Star®,7.04,670,"3770 telegraph ave, oakland, ca, 94609, us"
Double Famous Star®,9.55,920,"3770 telegraph ave, oakland, ca, 94609, us"
Big Angus Famous Star®,10.99,830,"3770 telegraph ave, oakland, ca, 94609, us"
Single Western Bacon Cheeseburger®,7.66,760,"3770 telegraph ave, oakland, ca, 94609, us"
Double Western Bacon Cheeseburger®,9.88,1020,"3770 telegraph ave, oakland, ca, 94609, us"
Big Angus Western Bacon Cheeseburger®,11.99,880,"3770 telegraph ave, oakland, ca, 94609, us"
Single Big Carl®,7.55,670,"3770 telegraph ave, oakland, ca, 94609, us"
Double Big Carl®,9.99,920,"3770 telegraph ave, oakland, ca, 94609, us"
Big Angus Big Carl®,11.99,770,"3770 telegraph ave, oakland, ca, 94609, us"
Single Guacamole Bacon Burger,9.99,870,"3770 telegraph ave, oakland, ca, 94609, us"
Double Guacamole Bacon Burger,11.99,1130,"3770 telegraph ave, oakland, ca, 94609, us"
Big Angus Guacamole Bacon Burger,11.99,960,"3770 telegraph ave, oakland, ca, 94609, us"
Single El Diablo ,9.89,950,"3770 telegraph ave, oakland, ca, 94609, us"
Double El Diablo ,11.99,1210,"3770 telegraph ave, oakland, ca, 94609, us"
Big Angus El Diablo ,11.99,1050,"3770 telegraph ave, oakland, ca, 94609, us"
Big Cheeseburger,4.89,540,"3770 telegraph ave, oakland, ca, 94609, us"
California Classic Double Cheeseburger,4.88,560,"3770 telegraph ave, oakland, ca, 94609, us"
Single The Ghost ,8.49,720,"3770 telegraph ave, oakland, ca, 94609, us"
Double The Ghost ,10.99,990,"3770 telegraph ave, oakland, ca, 94609, us"
Big Angus The Ghost ,10.99,830,"3770 telegraph ave, oakland, ca, 94609, us"
Double The Ghost Combo,8.89,830,"402 s main st, orange, ca, 92868, us"
Loaded Guacamole Bacon Fries,4.99,580,"402 s main st, orange, ca, 92868, us"
Fried Zucchini Star,5.79,600,"402 s main st, orange, ca, 92868, us"
Hand-Crafted Strawberry Lemonade,3.19,270,"402 s main st, orange, ca, 92868, us"
2 for $6 Chicken Tender Wraps,7.49,720,"402 s main st, orange, ca, 92868, us"
Double The Ghost,8.49,990,"402 s main st, orange, ca, 92868, us"
Big Angus The Ghost,8.89,830,"402 s main st, orange, ca, 92868, us"
Single Famous Star®,6.19,670,"402 s main st, orange, ca, 92868, us"
Double Famous Star®,7.59,920,"402 s main st, orange, ca, 92868, us"
Big Angus Famous Star®,7.89,830,"402 s main st, orange, ca, 92868, us"
Single Western Bacon Cheeseburger®,7.19,760,"402 s main st, orange, ca, 92868, us"
Double Western Bacon Cheeseburger®,8.59,1020,"402 s main st, orange, ca, 92868, us"
Big Angus Western Bacon Cheeseburger®,8.89,880,"402 s main st, orange, ca, 92868, us"
Single Big Carl®,5.79,670,"402 s main st, orange, ca, 92868, us"
Double Big Carl®,7.29,920,"402 s main st, orange, ca, 92868, us"
Big Angus Big Carl®,7.89,770,"402 s main st, orange, ca, 92868, us"
Single Guacamole Bacon Burger,7.39,870,"402 s main st, orange, ca, 92868, us"
Double Guacamole Bacon Burger,8.89,1130,"402 s main st, orange, ca, 92868, us"
Big Angus Guacamole Bacon Burger,9.29,960,"402 s main st, orange, ca, 92868, us"
Single El Diablo,8.39,950,"402 s main st, orange, ca, 92868, us"
Double El Diablo,9.39,1210,"402 s main st, orange, ca, 92868, us"
Big Angus El Diablo,9.69,1050,"402 s main st, orange, ca, 92868, us"
Big Cheeseburger,4.19,540,"402 s main st, orange, ca, 92868, us"
Double The Ghost Combo,9.99,830,"4315 sierra college blvd, rocklin, ca, 95650, us"
Loaded Guacamole Bacon Fries,4.99,580,"4315 sierra college blvd, rocklin, ca, 95650, us"
Fried Zucchini Star,6.99,600,"4315 sierra college blvd, rocklin, ca, 95650, us"
Hand-Crafted Strawberry Lemonade,3.29,270,"4315 sierra college blvd, rocklin, ca, 95650, us"
Double Take Value Bundle,7.99,720,"4315 sierra college blvd, rocklin, ca, 95650, us"
Double The Ghost,9.99,990,"4315 sierra college blvd, rocklin, ca, 95650, us"
Big Angus The Ghost,9.99,830,"4315 sierra college blvd, rocklin, ca, 95650, us"
Single Famous Star®,6.99,670,"4315 sierra college blvd, rocklin, ca, 95650, us"
Double Famous Star®,8.99,920,"4315 sierra college blvd, rocklin, ca, 95650, us"
Big Angus Famous Star®,8.99,830,"4315 sierra college blvd, rocklin, ca, 95650, us"
Single Western Bacon Cheeseburger®,7.49,760,"4315 sierra college blvd, rocklin, ca, 95650, us"
Double Western Bacon Cheeseburger®,9.29,1020,"4315 sierra college blvd, rocklin, ca, 95650, us"
Big Angus Western Bacon Cheeseburger®,9.29,880,"4315 sierra college blvd, rocklin, ca, 95650, us"
Single Big Carl®,6.79,670,"4315 sierra college blvd, rocklin, ca, 95650, us"
Double Big Carl®,8.79,920,"4315 sierra college blvd, rocklin, ca, 95650, us"
Big Angus Big Carl®,8.79,770,"4315 sierra college blvd, rocklin, ca, 95650, us"
Single Guacamole Bacon Burger,7.99,870,"4315 sierra college blvd, rocklin, ca, 95650, us"
Double Guacamole Bacon Burger,9.99,1130,"4315 sierra college blvd, rocklin, ca, 95650, us"
Big Angus Guacamole Bacon Burger,9.99,960,"4315 sierra college blvd, rocklin, ca, 95650, us"
Single El Diablo,8.79,950,"4315 sierra college blvd, rocklin, ca, 95650, us"
Double El Diablo,10.79,1210,"4315 sierra college blvd, rocklin, ca, 95650, us"
Big Angus El Diablo,10.79,1050,"4315 sierra college blvd, rocklin, ca, 95650, us"
California Classic Double Cheeseburger,5.49,560,"4315 sierra college blvd, rocklin, ca, 95650, us"
Big Cheeseburger,5.99,540,"4315 sierra college blvd, rocklin, ca, 95650, us"
Double The Ghost Combo,8.89,830,"4424 university parkway, san bernardino, ca, 92407, us"
Loaded Guacamole Bacon Fries,4.99,580,"4424 university parkway, san bernardino, ca, 92407, us"
Fried Zucchini Star,5.79,600,"4424 university parkway, san bernardino, ca, 92407, us"
Hand-Crafted Strawberry Lemonade,3.19,270,"4424 university parkway, san bernardino, ca, 92407, us"
Single The Ghost,7.49,720,"4424 university parkway, san bernardino, ca, 92407, us"
Double The Ghost,8.49,990,"4424 university parkway, san bernardino, ca, 92407, us"
Big Angus The Ghost,8.89,830,"4424 university parkway, san bernardino, ca, 92407, us"
Single Famous Star®,6.19,670,"4424 university parkway, san bernardino, ca, 92407, us"
Double Famous Star®,7.59,920,"4424 university parkway, san bernardino, ca, 92407, us"
Big Angus Famous Star®,7.89,830,"4424 university parkway, san bernardino, ca, 92407, us"
Single Western Bacon Cheeseburger®,7.19,760,"4424 university parkway, san bernardino, ca, 92407, us"
Double Western Bacon Cheeseburger®,8.59,1020,"4424 university parkway, san bernardino, ca, 92407, us"
Big Angus Western Bacon Cheeseburger®,8.89,880,"4424 university parkway, san bernardino, ca, 92407, us"
Single Big Carl®,5.79,670,"4424 university parkway, san bernardino, ca, 92407, us"
Double Big Carl®,7.29,920,"4424 university parkway, san bernardino, ca, 92407, us"
Big Angus Big Carl®,7.89,770,"4424 university parkway, san bernardino, ca, 92407, us"
Single Guacamole Bacon Burger,7.39,870,"4424 university parkway, san bernardino, ca, 92407, us"
Double Guacamole Bacon Burger,8.89,1130,"4424 university parkway, san bernardino, ca, 92407, us"
Big Angus Guacamole Bacon Burger,9.29,960,"4424 university parkway, san bernardino, ca, 92407, us"
Single El Diablo,8.39,950,"4424 university parkway, san bernardino, ca, 92407, us"
Double El Diablo,9.39,1210,"4424 university parkway, san bernardino, ca, 92407, us"
Big Angus El Diablo,9.69,1050,"4424 university parkway, san bernardino, ca, 92407, us"
Big Cheeseburger,4.19,540,"4424 university parkway, san bernardino, ca, 92407, us"
Double The Ghost Combo,9.89,830,"4595 century boulevard, pittsburg, ca, 94565, us"
Loaded Guacamole Bacon Fries,5.49,580,"4595 century boulevard, pittsburg, ca, 94565, us"
Fried Zucchini Star,6.59,600,"4595 century boulevard, pittsburg, ca, 94565, us"
Hand-Crafted Strawberry Lemonade,7.19,670,"4595 century boulevard, pittsburg, ca, 94565, us"
Double Famous Star®,8.99,920,"4595 century boulevard, pittsburg, ca, 94565, us"
Big Angus Famous Star®,8.99,830,"4595 century boulevard, pittsburg, ca, 94565, us"
Single Western Bacon Cheeseburger®,8.19,760,"4595 century boulevard, pittsburg, ca, 94565, us"
Double Western Bacon Cheeseburger®,9.79,1020,"4595 century boulevard, pittsburg, ca, 94565, us"
Big Angus Western Bacon Cheeseburger®,9.79,1020,"4595 century boulevard, pittsburg, ca, 94565, us"
Single Big Carl®,6.89,670,"4595 century boulevard, pittsburg, ca, 94565, us"
Double Big Carl®,8.79,920,"4595 century boulevard, pittsburg, ca, 94565, us"
Big Angus Big Carl®,8.79,770,"4595 century boulevard, pittsburg, ca, 94565, us"
Single Guacamole Bacon Burger,8.49,870,"4595 century boulevard, pittsburg, ca, 94565, us"
Double Guacamole Bacon Burger,10.29,1130,"4595 century boulevard, pittsburg, ca, 94565, us"
Big Angus Guacamole Bacon Burger,10.29,960,"4595 century boulevard, pittsburg, ca, 94565, us"
Single El Diablo ,8.99,950,"4595 century boulevard, pittsburg, ca, 94565, us"
Double El Diablo ,10.59,1210,"4595 century boulevard, pittsburg, ca, 94565, us"
Big Angus El Diablo ,10.59,1050,"4595 century boulevard, pittsburg, ca, 94565, us"
California Classic Double Cheeseburger,4.99,560,"4595 century boulevard, pittsburg, ca, 94565, us"
Big Cheeseburger,5.99,540,"4595 century boulevard, pittsburg, ca, 94565, us"
Single The Ghost ,8.29,720,"4595 century boulevard, pittsburg, ca, 94565, us"
Double The Ghost ,9.79,990,"4595 century boulevard, pittsburg, ca, 94565, us"
Big Angus The Ghost ,9.89,830,"4595 century boulevard, pittsburg, ca, 94565, us"
Double The Ghost Combo,8.99,830,"46637 mission boulevard, fremont, ca, 94539, us"
Loaded Guacamole Bacon Fries,5.09,580,"46637 mission boulevard, fremont, ca, 94539, us"
Fried Zucchini Star,5.99,600,"46637 mission boulevard, fremont, ca, 94539, us"
Hand-Crafted Strawberry Lemonade,3.49,270,"46637 mission boulevard, fremont, ca, 94539, us"
Hand-Crafted Strawberry Lemonade,8.49,720,"46637 mission boulevard, fremont, ca, 94539, us"
Double The Ghost,9.99,990,"46637 mission boulevard, fremont, ca, 94539, us"
Big Angus The Ghost,8.99,830,"46637 mission boulevard, fremont, ca, 94539, us"
Single Famous Star®,7.99,670,"46637 mission boulevard, fremont, ca, 94539, us"
Double Famous Star®,9.49,920,"46637 mission boulevard, fremont, ca, 94539, us"
Big Angus Famous Star®,9.09,830,"46637 mission boulevard, fremont, ca, 94539, us"
Single Western Bacon Cheeseburger®,8.49,760,"46637 mission boulevard, fremont, ca, 94539, us"
Double Western Bacon Cheeseburger®,9.49,1020,"46637 mission boulevard, fremont, ca, 94539, us"
Big Angus Western Bacon Cheeseburger®,9.99,880,"46637 mission boulevard, fremont, ca, 94539, us"
Single Big Carl®,8.99,670,"46637 mission boulevard, fremont, ca, 94539, us"
Double Big Carl®,9.49,920,"46637 mission boulevard, fremont, ca, 94539, us"
Big Angus Big Carl®,9.09,770,"46637 mission boulevard, fremont, ca, 94539, us"
Single Guacamole Bacon Burger,7.99,870,"46637 mission boulevard, fremont, ca, 94539, us"
Double Guacamole Bacon Burger,9.09,1130,"46637 mission boulevard, fremont, ca, 94539, us"
Big Angus Guacamole Bacon Burger,9.99,960,"46637 mission boulevard, fremont, ca, 94539, us"
Single El Diablo,8.99,950,"46637 mission boulevard, fremont, ca, 94539, us"
Double El Diablo,10.49,1210,"46637 mission boulevard, fremont, ca, 94539, us"
Big Angus El Diablo,9.99,1050,"46637 mission boulevard, fremont, ca, 94539, us"
California Classic Double Cheeseburger,5.99,560,"46637 mission boulevard, fremont, ca, 94539, us"
Big Cheeseburger,5.99,540,"46637 mission boulevard, fremont, ca, 94539, us"
Double The Ghost Combo,11.79,830,"495 stony point rd, santa rosa, ca, 95401, us"
Loaded Guacamole Bacon Fries,4.29,580,"495 stony point rd, santa rosa, ca, 95401, us"
Fried Zucchini Star,4.39,600,"495 stony point rd, santa rosa, ca, 95401, us"
Hand-Crafted Strawberry Lemonade,6.00,156,"495 stony point rd, santa rosa, ca, 95401, us"
Single Famous Star®,6.39,670,"495 stony point rd, santa rosa, ca, 95401, us"
Double Famous Star®,9.89,920,"495 stony point rd, santa rosa, ca, 95401, us"
Big Angus Famous Star®,10.19,830,"495 stony point rd, santa rosa, ca, 95401, us"
Single Western Bacon Cheeseburger®,7.39,760,"495 stony point rd, santa rosa, ca, 95401, us"
Double Western Bacon Cheeseburger®,9.99,1020,"495 stony point rd, santa rosa, ca, 95401, us"
Big Angus Western Bacon Cheeseburger®,10.29,1020,"495 stony point rd, santa rosa, ca, 95401, us"
Single Big Carl®,7.19,670,"495 stony point rd, santa rosa, ca, 95401, us"
Double Big Carl®,8.69,920,"495 stony point rd, santa rosa, ca, 95401, us"
Big Angus Big Carl®,8.99,770,"495 stony point rd, santa rosa, ca, 95401, us"
Single Guacamole Bacon Burger,10.59,870,"495 stony point rd, santa rosa, ca, 95401, us"
Double Guacamole Bacon Burger,11.99,1130,"495 stony point rd, santa rosa, ca, 95401, us"
Big Angus Guacamole Bacon Burger,12.29,960,"495 stony point rd, santa rosa, ca, 95401, us"
Single El Diablo ,9.99,950,"495 stony point rd, santa rosa, ca, 95401, us"
Double El Diablo ,10.99,1210,"495 stony point rd, santa rosa, ca, 95401, us"
Big Angus El Diablo ,11.29,1050,"495 stony point rd, santa rosa, ca, 95401, us"
California Classic Double Cheeseburger,4.19,560,"495 stony point rd, santa rosa, ca, 95401, us"
Big Cheeseburger,3.99,540,"495 stony point rd, santa rosa, ca, 95401, us"
Single The Ghost ,9.99,720,"495 stony point rd, santa rosa, ca, 95401, us"
Double The Ghost ,11.49,990,"495 stony point rd, santa rosa, ca, 95401, us"
Big Angus The Ghost ,11.79,830,"495 stony point rd, santa rosa, ca, 95401, us"
Double The Ghost Combo,10.99,830,"5000 el camino real, los altos, ca, 94022, us"
Loaded Guacamole Bacon Fries,5.99,580,"5000 el camino real, los altos, ca, 94022, us"
Fried Zucchini Star,5.99,600,"5000 el camino real, los altos, ca, 94022, us"
Hand-Crafted Strawberry Lemonade,6.00,156,"5000 el camino real, los altos, ca, 94022, us"
Single Famous Star®,7.04,670,"5000 el camino real, los altos, ca, 94022, us"
Double Famous Star®,9.55,920,"5000 el camino real, los altos, ca, 94022, us"
Big Angus Famous Star®,10.99,830,"5000 el camino real, los altos, ca, 94022, us"
Single Western Bacon Cheeseburger®,7.66,760,"5000 el camino real, los altos, ca, 94022, us"
Double Western Bacon Cheeseburger®,9.88,1020,"5000 el camino real, los altos, ca, 94022, us"
Big Angus Western Bacon Cheeseburger®,11.99,880,"5000 el camino real, los altos, ca, 94022, us"
Single Big Carl®,7.55,670,"5000 el camino real, los altos, ca, 94022, us"
Double Big Carl®,9.99,920,"5000 el camino real, los altos, ca, 94022, us"
Big Angus Big Carl®,11.99,770,"5000 el camino real, los altos, ca, 94022, us"
Single Guacamole Bacon Burger,9.99,870,"5000 el camino real, los altos, ca, 94022, us"
Double Guacamole Bacon Burger,11.99,1130,"5000 el camino real, los altos, ca, 94022, us"
Big Angus Guacamole Bacon Burger,11.99,960,"5000 el camino real, los altos, ca, 94022, us"
Single El Diablo ,9.89,950,"5000 el camino real, los altos, ca, 94022, us"
Double El Diablo ,11.99,1210,"5000 el camino real, los altos, ca, 94022, us"
Big Angus El Diablo ,11.99,1050,"5000 el camino real, los altos, ca, 94022, us"
Big Cheeseburger,4.89,540,"5000 el camino real, los altos, ca, 94022, us"
California Classic Double Cheeseburger,4.88,560,"5000 el camino real, los altos, ca, 94022, us"
Single The Ghost ,8.49,720,"5000 el camino real, los altos, ca, 94022, us"
Double The Ghost ,10.99,990,"5000 el camino real, los altos, ca, 94022, us"
Big Angus The Ghost ,10.99,830,"5000 el camino real, los altos, ca, 94022, us"
Double The Ghost Combo,9.89,830,"5501 freeport ave, sacramento, ca, 95822, us"
Loaded Guacamole Bacon Fries,5.49,580,"5501 freeport ave, sacramento, ca, 95822, us"
Fried Zucchini Star,6.59,600,"5501 freeport ave, sacramento, ca, 95822, us"
Hand-Crafted Strawberry Lemonade,3.29,270,"5501 freeport ave, sacramento, ca, 95822, us"
Double Take Value Bundle,6.00,156,"5501 freeport ave, sacramento, ca, 95822, us"
Single Famous Star®,7.19,670,"5501 freeport ave, sacramento, ca, 95822, us"
Double Famous Star®,8.99,920,"5501 freeport ave, sacramento, ca, 95822, us"
Big Angus Famous Star®,8.99,830,"5501 freeport ave, sacramento, ca, 95822, us"
Single Western Bacon Cheeseburger®,8.19,760,"5501 freeport ave, sacramento, ca, 95822, us"
Double Western Bacon Cheeseburger®,9.79,1020,"5501 freeport ave, sacramento, ca, 95822, us"
Big Angus Western Bacon Cheeseburger®,9.79,1020,"5501 freeport ave, sacramento, ca, 95822, us"
Single Big Carl®,6.89,670,"5501 freeport ave, sacramento, ca, 95822, us"
Double Big Carl®,8.79,920,"5501 freeport ave, sacramento, ca, 95822, us"
Big Angus Big Carl®,8.79,770,"5501 freeport ave, sacramento, ca, 95822, us"
Single Guacamole Bacon Burger,8.49,870,"5501 freeport ave, sacramento, ca, 95822, us"
Double Guacamole Bacon Burger,10.29,1130,"5501 freeport ave, sacramento, ca, 95822, us"
Big Angus Guacamole Bacon Burger,10.29,960,"5501 freeport ave, sacramento, ca, 95822, us"
Single El Diablo ,8.99,950,"5501 freeport ave, sacramento, ca, 95822, us"
Double El Diablo ,10.59,1210,"5501 freeport ave, sacramento, ca, 95822, us"
Big Angus El Diablo ,10.59,1050,"5501 freeport ave, sacramento, ca, 95822, us"
California Classic Double Cheeseburger,4.99,560,"5501 freeport ave, sacramento, ca, 95822, us"
Big Cheeseburger,5.99,540,"5501 freeport ave, sacramento, ca, 95822, us"
Single The Ghost ,8.29,720,"5501 freeport ave, sacramento, ca, 95822, us"
Double The Ghost ,9.79,990,"5501 freeport ave, sacramento, ca, 95822, us"
Big Angus The Ghost ,9.89,830,"5501 freeport ave, sacramento, ca, 95822, us"
Double The Ghost Combo,8.99,830,"5670 thornton avenue, newark, ca, 94560"
Loaded Guacamole Bacon Fries,5.09,580,"5670 thornton avenue, newark, ca, 94560"
Fried Zucchini Star,5.99,600,"5670 thornton avenue, newark, ca, 94560"
Hand-Crafted Strawberry Lemonade,3.49,270,"5670 thornton avenue, newark, ca, 94560"
Hand-Crafted Strawberry Lemonade,8.49,720,"5670 thornton avenue, newark, ca, 94560"
Double The Ghost,9.99,990,"5670 thornton avenue, newark, ca, 94560"
Big Angus The Ghost,8.99,830,"5670 thornton avenue, newark, ca, 94560"
Single Famous Star®,7.99,670,"5670 thornton avenue, newark, ca, 94560"
Double Famous Star®,9.49,920,"5670 thornton avenue, newark, ca, 94560"
Big Angus Famous Star®,9.09,830,"5670 thornton avenue, newark, ca, 94560"
Single Western Bacon Cheeseburger®,8.49,760,"5670 thornton avenue, newark, ca, 94560"
Double Western Bacon Cheeseburger®,9.49,1020,"5670 thornton avenue, newark, ca, 94560"
Big Angus Western Bacon Cheeseburger®,9.99,880,"5670 thornton avenue, newark, ca, 94560"
Single Big Carl®,8.99,670,"5670 thornton avenue, newark, ca, 94560"
Double Big Carl®,9.49,920,"5670 thornton avenue, newark, ca, 94560"
Big Angus Big Carl®,9.09,770,"5670 thornton avenue, newark, ca, 94560"
Single Guacamole Bacon Burger,7.99,870,"5670 thornton avenue, newark, ca, 94560"
Double Guacamole Bacon Burger,9.09,1130,"5670 thornton avenue, newark, ca, 94560"
Big Angus Guacamole Bacon Burger,9.99,960,"5670 thornton avenue, newark, ca, 94560"
Single El Diablo,8.99,950,"5670 thornton avenue, newark, ca, 94560"
Double El Diablo,10.49,1210,"5670 thornton avenue, newark, ca, 94560"
Big Angus El Diablo,9.99,1050,"5670 thornton avenue, newark, ca, 94560"
California Classic Double Cheeseburger,5.99,560,"5670 thornton avenue, newark, ca, 94560"
Big Cheeseburger,5.99,540,"5670 thornton avenue, newark, ca, 94560"
Double The Ghost Combo,10.99,830,"620 w foothill blvd, rialto, ca, 92376, us"
Loaded Guacamole Bacon Fries,4.99,580,"620 w foothill blvd, rialto, ca, 92376, us"
Fried Zucchini Star,5.99,600,"620 w foothill blvd, rialto, ca, 92376, us"
Hand-Crafted Strawberry Lemonade,3.99,270,"620 w foothill blvd, rialto, ca, 92376, us"
Single Famous Star®,6.99,670,"620 w foothill blvd, rialto, ca, 92376, us"
Double Famous Star®,8.99,920,"620 w foothill blvd, rialto, ca, 92376, us"
Big Angus Famous Star®,9.49,830,"620 w foothill blvd, rialto, ca, 92376, us"
Single Western Bacon Cheeseburger®,7.99,760,"620 w foothill blvd, rialto, ca, 92376, us"
Double Western Bacon Cheeseburger®,9.99,1020,"620 w foothill blvd, rialto, ca, 92376, us"
Big Angus Western Bacon Cheeseburger®,10.49,1020,"620 w foothill blvd, rialto, ca, 92376, us"
Single Big Carl®,6.99,670,"620 w foothill blvd, rialto, ca, 92376, us"
Double Big Carl®,8.99,920,"620 w foothill blvd, rialto, ca, 92376, us"
Big Angus Big Carl®,9.49,770,"620 w foothill blvd, rialto, ca, 92376, us"
Single Guacamole Bacon Burger,8.19,870,"620 w foothill blvd, rialto, ca, 92376, us"
Double Guacamole Bacon Burger,10.19,1130,"620 w foothill blvd, rialto, ca, 92376, us"
Big Angus Guacamole Bacon Burger,10.69,960,"620 w foothill blvd, rialto, ca, 92376, us"
Single El Diablo ,8.49,950,"620 w foothill blvd, rialto, ca, 92376, us"
Double El Diablo ,10.49,1210,"620 w foothill blvd, rialto, ca, 92376, us"
Big Angus El Diablo ,10.99,1050,"620 w foothill blvd, rialto, ca, 92376, us"
Big Cheeseburger,5.59,540,"620 w foothill blvd, rialto, ca, 92376, us"
Single The Ghost ,8.49,720,"620 w foothill blvd, rialto, ca, 92376, us"
Double The Ghost ,10.49,990,"620 w foothill blvd, rialto, ca, 92376, us"
Big Angus The Ghost ,10.99,830,"620 w foothill blvd, rialto, ca, 92376, us"
Double The Ghost Combo,9.89,830,"6201 mack road, sacramento, ca, 95823, us"
Loaded Guacamole Bacon Fries,5.49,580,"6201 mack road, sacramento, ca, 95823, us"
Fried Zucchini Star,6.59,600,"6201 mack road, sacramento, ca, 95823, us"
Hand-Crafted Strawberry Lemonade,3.29,270,"6201 mack road, sacramento, ca, 95823, us"
Double Take Value Bundle,6.00,156,"6201 mack road, sacramento, ca, 95823, us"
Single Famous Star®,7.19,670,"6201 mack road, sacramento, ca, 95823, us"
Double Famous Star®,8.99,920,"6201 mack road, sacramento, ca, 95823, us"
Big Angus Famous Star®,8.99,830,"6201 mack road, sacramento, ca, 95823, us"
Single Western Bacon Cheeseburger®,8.19,760,"6201 mack road, sacramento, ca, 95823, us"
Double Western Bacon Cheeseburger®,9.79,1020,"6201 mack road, sacramento, ca, 95823, us"
Big Angus Western Bacon Cheeseburger®,9.79,1020,"6201 mack road, sacramento, ca, 95823, us"
Single Big Carl®,6.89,670,"6201 mack road, sacramento, ca, 95823, us"
Double Big Carl®,8.79,920,"6201 mack road, sacramento, ca, 95823, us"
Big Angus Big Carl®,8.79,770,"6201 mack road, sacramento, ca, 95823, us"
Single Guacamole Bacon Burger,8.49,870,"6201 mack road, sacramento, ca, 95823, us"
Double Guacamole Bacon Burger,10.29,1130,"6201 mack road, sacramento, ca, 95823, us"
Big Angus Guacamole Bacon Burger,10.29,960,"6201 mack road, sacramento, ca, 95823, us"
Single El Diablo ,8.99,950,"6201 mack road, sacramento, ca, 95823, us"
Double El Diablo ,10.59,1210,"6201 mack road, sacramento, ca, 95823, us"
Big Angus El Diablo ,10.59,1050,"6201 mack road, sacramento, ca, 95823, us"
California Classic Double Cheeseburger,4.99,560,"6201 mack road, sacramento, ca, 95823, us"
Big Cheeseburger,5.99,540,"6201 mack road, sacramento, ca, 95823, us"
Single The Ghost ,8.29,720,"6201 mack road, sacramento, ca, 95823, us"
Double The Ghost ,9.79,990,"6201 mack road, sacramento, ca, 95823, us"
Big Angus The Ghost ,9.89,830,"6201 mack road, sacramento, ca, 95823, us"
Double The Ghost Combo,11.79,830,"6460 redwood dr, rohnert park, ca, 94928, us"
Loaded Guacamole Bacon Fries,4.29,580,"6460 redwood dr, rohnert park, ca, 94928, us"
Fried Zucchini Star,4.39,600,"6460 redwood dr, rohnert park, ca, 94928, us"
Hand-Crafted Strawberry Lemonade,6.00,156,"6460 redwood dr, rohnert park, ca, 94928, us"
Single Famous Star®,6.39,670,"6460 redwood dr, rohnert park, ca, 94928, us"
Double Famous Star®,9.89,920,"6460 redwood dr, rohnert park, ca, 94928, us"
Big Angus Famous Star®,10.19,830,"6460 redwood dr, rohnert park, ca, 94928, us"
Single Western Bacon Cheeseburger®,7.39,760,"6460 redwood dr, rohnert park, ca, 94928, us"
Double Western Bacon Cheeseburger®,9.99,1020,"6460 redwood dr, rohnert park, ca, 94928, us"
Big Angus Western Bacon Cheeseburger®,10.29,1020,"6460 redwood dr, rohnert park, ca, 94928, us"
Single Big Carl®,7.19,670,"6460 redwood dr, rohnert park, ca, 94928, us"
Double Big Carl®,8.69,920,"6460 redwood dr, rohnert park, ca, 94928, us"
Big Angus Big Carl®,8.99,770,"6460 redwood dr, rohnert park, ca, 94928, us"
Single Guacamole Bacon Burger,10.59,870,"6460 redwood dr, rohnert park, ca, 94928, us"
Double Guacamole Bacon Burger,11.99,1130,"6460 redwood dr, rohnert park, ca, 94928, us"
Big Angus Guacamole Bacon Burger,12.29,960,"6460 redwood dr, rohnert park, ca, 94928, us"
Single El Diablo ,9.99,950,"6460 redwood dr, rohnert park, ca, 94928, us"
Double El Diablo ,10.99,1210,"6460 redwood dr, rohnert park, ca, 94928, us"
Big Angus El Diablo ,11.29,1050,"6460 redwood dr, rohnert park, ca, 94928, us"
California Classic Double Cheeseburger,4.19,560,"6460 redwood dr, rohnert park, ca, 94928, us"
Big Cheeseburger,3.99,540,"6460 redwood dr, rohnert park, ca, 94928, us"
Single The Ghost ,9.99,720,"6460 redwood dr, rohnert park, ca, 94928, us"
Double The Ghost ,11.49,990,"6460 redwood dr, rohnert park, ca, 94928, us"
Big Angus The Ghost ,11.79,830,"6460 redwood dr, rohnert park, ca, 94928, us"
Double The Ghost Combo,8.89,830,"69 w nuevo rd, perris, ca, 92571, us"
Loaded Guacamole Bacon Fries,4.99,580,"69 w nuevo rd, perris, ca, 92571, us"
Fried Zucchini Star,5.79,600,"69 w nuevo rd, perris, ca, 92571, us"
Hand-Crafted Strawberry Lemonade,3.19,270,"69 w nuevo rd, perris, ca, 92571, us"
Single The Ghost,7.49,720,"69 w nuevo rd, perris, ca, 92571, us"
Double The Ghost,8.49,990,"69 w nuevo rd, perris, ca, 92571, us"
Big Angus The Ghost,8.89,830,"69 w nuevo rd, perris, ca, 92571, us"
Single Famous Star®,6.19,670,"69 w nuevo rd, perris, ca, 92571, us"
Double Famous Star®,7.59,920,"69 w nuevo rd, perris, ca, 92571, us"
Big Angus Famous Star®,7.89,830,"69 w nuevo rd, perris, ca, 92571, us"
Single Western Bacon Cheeseburger®,7.19,760,"69 w nuevo rd, perris, ca, 92571, us"
Double Western Bacon Cheeseburger®,8.59,1020,"69 w nuevo rd, perris, ca, 92571, us"
Big Angus Western Bacon Cheeseburger®,8.89,880,"69 w nuevo rd, perris, ca, 92571, us"
Single Big Carl®,5.79,670,"69 w nuevo rd, perris, ca, 92571, us"
Double Big Carl®,7.29,920,"69 w nuevo rd, perris, ca, 92571, us"
Big Angus Big Carl®,7.89,770,"69 w nuevo rd, perris, ca, 92571, us"
Single Guacamole Bacon Burger,7.39,870,"69 w nuevo rd, perris, ca, 92571, us"
Double Guacamole Bacon Burger,8.89,1130,"69 w nuevo rd, perris, ca, 92571, us"
Big Angus Guacamole Bacon Burger,9.29,960,"69 w nuevo rd, perris, ca, 92571, us"
Single El Diablo,8.39,950,"69 w nuevo rd, perris, ca, 92571, us"
Double El Diablo,9.39,1210,"69 w nuevo rd, perris, ca, 92571, us"
Big Angus El Diablo,9.69,1050,"69 w nuevo rd, perris, ca, 92571, us"
Big Cheeseburger,4.19,540,"69 w nuevo rd, perris, ca, 92571, us"
Double The Ghost Combo,9.59,830,"700 13th street, imperial beach, ca, 91932, us"
Loaded Guacamole Bacon Fries,4.99,580,"700 13th street, imperial beach, ca, 91932, us"
Fried Zucchini Star,5.99,600,"700 13th street, imperial beach, ca, 91932, us"
Hand-Crafted Strawberry Lemonade,3.49,270,"700 13th street, imperial beach, ca, 91932, us"
2 for $6 Chicken Tender Wraps,6.00,480,"700 13th street, imperial beach, ca, 91932, us"
Single Famous Star®,6.59,670,"700 13th street, imperial beach, ca, 91932, us"
Double Famous Star®,8.09,920,"700 13th street, imperial beach, ca, 91932, us"
Big Angus Famous Star®,8.59,830,"700 13th street, imperial beach, ca, 91932, us"
Single Western Bacon Cheeseburger®,7.79,760,"700 13th street, imperial beach, ca, 91932, us"
Double Western Bacon Cheeseburger®,9.29,1020,"700 13th street, imperial beach, ca, 91932, us"
Big Angus Western Bacon Cheeseburger®,9.79,1020,"700 13th street, imperial beach, ca, 91932, us"
Single Big Carl®,6.19,670,"700 13th street, imperial beach, ca, 91932, us"
Double Big Carl®,7.69,920,"700 13th street, imperial beach, ca, 91932, us"
Big Angus Big Carl®,8.19,770,"700 13th street, imperial beach, ca, 91932, us"
Single Guacamole Bacon Burger,7.79,870,"700 13th street, imperial beach, ca, 91932, us"
Double Guacamole Bacon Burger,9.29,1130,"700 13th street, imperial beach, ca, 91932, us"
Big Angus Guacamole Bacon Burger,9.79,960,"700 13th street, imperial beach, ca, 91932, us"
Single El Diablo ,8.79,950,"700 13th street, imperial beach, ca, 91932, us"
Double El Diablo ,10.29,1210,"700 13th street, imperial beach, ca, 91932, us"
Big Angus El Diablo ,10.79,1050,"700 13th street, imperial beach, ca, 91932, us"
California Classic Double Cheeseburger,4.39,560,"700 13th street, imperial beach, ca, 91932, us"
Big Cheeseburger,5.29,540,"700 13th street, imperial beach, ca, 91932, us"
Single The Ghost ,7.79,720,"700 13th street, imperial beach, ca, 91932, us"
Double The Ghost ,8.99,990,"700 13th street, imperial beach, ca, 91932, us"
Big Angus The Ghost ,9.59,830,"700 13th street, imperial beach, ca, 91932, us"
Double The Ghost Combo,9.89,830,"7432 pacific ave, stockton, ca, 95207, us"
Loaded Guacamole Bacon Fries,5.49,580,"7432 pacific ave, stockton, ca, 95207, us"
Fried Zucchini Star,6.59,600,"7432 pacific ave, stockton, ca, 95207, us"
Hand-Crafted Strawberry Lemonade,3.29,270,"7432 pacific ave, stockton, ca, 95207, us"
Double Take Value Bundle,6.00,156,"7432 pacific ave, stockton, ca, 95207, us"
Single Famous Star®,7.19,670,"7432 pacific ave, stockton, ca, 95207, us"
Double Famous Star®,8.99,920,"7432 pacific ave, stockton, ca, 95207, us"
Big Angus Famous Star®,8.99,830,"7432 pacific ave, stockton, ca, 95207, us"
Single Western Bacon Cheeseburger®,8.19,760,"7432 pacific ave, stockton, ca, 95207, us"
Double Western Bacon Cheeseburger®,9.79,1020,"7432 pacific ave, stockton, ca, 95207, us"
Big Angus Western Bacon Cheeseburger®,9.79,1020,"7432 pacific ave, stockton, ca, 95207, us"
Single Big Carl®,6.89,670,"7432 pacific ave, stockton, ca, 95207, us"
Double Big Carl®,8.79,920,"7432 pacific ave, stockton, ca, 95207, us"
Big Angus Big Carl®,8.79,770,"7432 pacific ave, stockton, ca, 95207, us"
Single Guacamole Bacon Burger,8.49,870,"7432 pacific ave, stockton, ca, 95207, us"
Double Guacamole Bacon Burger,10.29,1130,"7432 pacific ave, stockton, ca, 95207, us"
Big Angus Guacamole Bacon Burger,10.29,960,"7432 pacific ave, stockton, ca, 95207, us"
Single El Diablo ,8.99,950,"7432 pacific ave, stockton, ca, 95207, us"
Double El Diablo ,10.59,1210,"7432 pacific ave, stockton, ca, 95207, us"
Big Angus El Diablo ,10.59,1050,"7432 pacific ave, stockton, ca, 95207, us"
California Classic Double Cheeseburger,4.99,560,"7432 pacific ave, stockton, ca, 95207, us"
Big Cheeseburger,5.99,540,"7432 pacific ave, stockton, ca, 95207, us"
Single The Ghost ,8.29,720,"7432 pacific ave, stockton, ca, 95207, us"
Double The Ghost ,9.79,990,"7432 pacific ave, stockton, ca, 95207, us"
Big Angus The Ghost ,9.89,830,"7432 pacific ave, stockton, ca, 95207, us"
Double The Ghost Combo,8.89,830,"794 n brookhurst st, anaheim, ca, 92801, us"
Loaded Guacamole Bacon Fries,4.99,580,"794 n brookhurst st, anaheim, ca, 92801, us"
Fried Zucchini Star,5.79,600,"794 n brookhurst st, anaheim, ca, 92801, us"
Hand-Crafted Strawberry Lemonade,3.19,270,"794 n brookhurst st, anaheim, ca, 92801, us"
Single The Ghost,7.49,720,"794 n brookhurst st, anaheim, ca, 92801, us"
Double The Ghost,8.49,990,"794 n brookhurst st, anaheim, ca, 92801, us"
Big Angus The Ghost,8.89,830,"794 n brookhurst st, anaheim, ca, 92801, us"
Single Famous Star®,6.19,670,"794 n brookhurst st, anaheim, ca, 92801, us"
Double Famous Star®,7.59,920,"794 n brookhurst st, anaheim, ca, 92801, us"
Big Angus Famous Star®,7.89,830,"794 n brookhurst st, anaheim, ca, 92801, us"
Single Western Bacon Cheeseburger®,7.19,760,"794 n brookhurst st, anaheim, ca, 92801, us"
Double Western Bacon Cheeseburger®,8.59,1020,"794 n brookhurst st, anaheim, ca, 92801, us"
Big Angus Western Bacon Cheeseburger®,8.89,880,"794 n brookhurst st, anaheim, ca, 92801, us"
Single Big Carl®,5.79,670,"794 n brookhurst st, anaheim, ca, 92801, us"
Double Big Carl®,7.29,920,"794 n brookhurst st, anaheim, ca, 92801, us"
Big Angus Big Carl®,7.89,770,"794 n brookhurst st, anaheim, ca, 92801, us"
Single Guacamole Bacon Burger,7.39,870,"794 n brookhurst st, anaheim, ca, 92801, us"
Double Guacamole Bacon Burger,8.89,1130,"794 n brookhurst st, anaheim, ca, 92801, us"
Big Angus Guacamole Bacon Burger,9.29,960,"794 n brookhurst st, anaheim, ca, 92801, us"
Single El Diablo,8.39,950,"794 n brookhurst st, anaheim, ca, 92801, us"
Double El Diablo,9.39,1210,"794 n brookhurst st, anaheim, ca, 92801, us"
Big Angus El Diablo,9.69,1050,"794 n brookhurst st, anaheim, ca, 92801, us"
Big Cheeseburger,4.19,540,"794 n brookhurst st, anaheim, ca, 92801, us"
Double The Ghost Combo,9.89,830,"8150 sheldon rd, elk grove, ca, 95758, us"
Loaded Guacamole Bacon Fries,5.49,580,"8150 sheldon rd, elk grove, ca, 95758, us"
Fried Zucchini Star,6.59,600,"8150 sheldon rd, elk grove, ca, 95758, us"
Hand-Crafted Strawberry Lemonade,3.29,270,"8150 sheldon rd, elk grove, ca, 95758, us"
Double Take Value Bundle,6.00,156,"8150 sheldon rd, elk grove, ca, 95758, us"
Single Famous Star®,7.19,670,"8150 sheldon rd, elk grove, ca, 95758, us"
Double Famous Star®,8.99,920,"8150 sheldon rd, elk grove, ca, 95758, us"
Big Angus Famous Star®,8.99,830,"8150 sheldon rd, elk grove, ca, 95758, us"
Single Western Bacon Cheeseburger®,8.19,760,"8150 sheldon rd, elk grove, ca, 95758, us"
Double Western Bacon Cheeseburger®,9.79,1020,"8150 sheldon rd, elk grove, ca, 95758, us"
Big Angus Western Bacon Cheeseburger®,9.79,1020,"8150 sheldon rd, elk grove, ca, 95758, us"
Single Big Carl®,6.89,670,"8150 sheldon rd, elk grove, ca, 95758, us"
Double Big Carl®,8.79,920,"8150 sheldon rd, elk grove, ca, 95758, us"
Big Angus Big Carl®,8.79,770,"8150 sheldon rd, elk grove, ca, 95758, us"
Single Guacamole Bacon Burger,8.49,870,"8150 sheldon rd, elk grove, ca, 95758, us"
Double Guacamole Bacon Burger,10.29,1130,"8150 sheldon rd, elk grove, ca, 95758, us"
Big Angus Guacamole Bacon Burger,10.29,960,"8150 sheldon rd, elk grove, ca, 95758, us"
Single El Diablo ,8.99,950,"8150 sheldon rd, elk grove, ca, 95758, us"
Double El Diablo ,10.59,1210,"8150 sheldon rd, elk grove, ca, 95758, us"
Big Angus El Diablo ,10.59,1050,"8150 sheldon rd, elk grove, ca, 95758, us"
California Classic Double Cheeseburger,4.99,560,"8150 sheldon rd, elk grove, ca, 95758, us"
Big Cheeseburger,5.99,540,"8150 sheldon rd, elk grove, ca, 95758, us"
Single The Ghost ,8.29,720,"8150 sheldon rd, elk grove, ca, 95758, us"
Double The Ghost ,9.79,990,"8150 sheldon rd, elk grove, ca, 95758, us"
Big Angus The Ghost ,9.89,830,"8150 sheldon rd, elk grove, ca, 95758, us"
Double The Ghost Combo,9.89,830,"854 harbor blvd, west sacramento, ca, 95691, us"
Loaded Guacamole Bacon Fries,5.49,580,"854 harbor blvd, west sacramento, ca, 95691, us"
Fried Zucchini Star,6.59,600,"854 harbor blvd, west sacramento, ca, 95691, us"
Hand-Crafted Strawberry Lemonade,3.29,270,"854 harbor blvd, west sacramento, ca, 95691, us"
Double Take Value Bundle,6.00,156,"854 harbor blvd, west sacramento, ca, 95691, us"
Single Famous Star®,7.19,670,"854 harbor blvd, west sacramento, ca, 95691, us"
Double Famous Star®,8.99,920,"854 harbor blvd, west sacramento, ca, 95691, us"
Big Angus Famous Star®,8.99,830,"854 harbor blvd, west sacramento, ca, 95691, us"
Single Western Bacon Cheeseburger®,8.19,760,"854 harbor blvd, west sacramento, ca, 95691, us"
Double Western Bacon Cheeseburger®,9.79,1020,"854 harbor blvd, west sacramento, ca, 95691, us"
Big Angus Western Bacon Cheeseburger®,9.79,1020,"854 harbor blvd, west sacramento, ca, 95691, us"
Single Big Carl®,6.89,670,"854 harbor blvd, west sacramento, ca, 95691, us"
Double Big Carl®,8.79,920,"854 harbor blvd, west sacramento, ca, 95691, us"
Big Angus Big Carl®,8.79,770,"854 harbor blvd, west sacramento, ca, 95691, us"
Single Guacamole Bacon Burger,8.49,870,"854 harbor blvd, west sacramento, ca, 95691, us"
Double Guacamole Bacon Burger,10.29,1130,"854 harbor blvd, west sacramento, ca, 95691, us"
Big Angus Guacamole Bacon Burger,10.29,960,"854 harbor blvd, west sacramento, ca, 95691, us"
Single El Diablo ,8.99,950,"854 harbor blvd, west sacramento, ca, 95691, us"
Double El Diablo ,10.59,1210,"854 harbor blvd, west sacramento, ca, 95691, us"
Big Angus El Diablo ,10.59,1050,"854 harbor blvd, west sacramento, ca, 95691, us"
California Classic Double Cheeseburger,4.99,560,"854 harbor blvd, west sacramento, ca, 95691, us"
Big Cheeseburger,5.99,540,"854 harbor blvd, west sacramento, ca, 95691, us"
Single The Ghost ,8.29,720,"854 harbor blvd, west sacramento, ca, 95691, us"
Double The Ghost ,9.79,990,"854 harbor blvd, west sacramento, ca, 95691, us"
Big Angus The Ghost ,9.89,830,"854 harbor blvd, west sacramento, ca, 95691, us"
Double The Ghost Combo,10.99,830,"871 marina village pkwy, alameda, ca, 94501, us"
Loaded Guacamole Bacon Fries,5.99,580,"871 marina village pkwy, alameda, ca, 94501, us"
Fried Zucchini Star,5.99,600,"871 marina village pkwy, alameda, ca, 94501, us"
Hand-Crafted Strawberry Lemonade,6.00,156,"871 marina village pkwy, alameda, ca, 94501, us"
Single Famous Star®,7.04,670,"871 marina village pkwy, alameda, ca, 94501, us"
Double Famous Star®,9.55,920,"871 marina village pkwy, alameda, ca, 94501, us"
Big Angus Famous Star®,10.99,830,"871 marina village pkwy, alameda, ca, 94501, us"
Single Western Bacon Cheeseburger®,7.66,760,"871 marina village pkwy, alameda, ca, 94501, us"
Double Western Bacon Cheeseburger®,9.88,1020,"871 marina village pkwy, alameda, ca, 94501, us"
Big Angus Western Bacon Cheeseburger®,11.99,880,"871 marina village pkwy, alameda, ca, 94501, us"
Single Big Carl®,7.55,670,"871 marina village pkwy, alameda, ca, 94501, us"
Double Big Carl®,9.99,920,"871 marina village pkwy, alameda, ca, 94501, us"
Big Angus Big Carl®,11.99,770,"871 marina village pkwy, alameda, ca, 94501, us"
Single Guacamole Bacon Burger,9.99,870,"871 marina village pkwy, alameda, ca, 94501, us"
Double Guacamole Bacon Burger,11.99,1130,"871 marina village pkwy, alameda, ca, 94501, us"
Big Angus Guacamole Bacon Burger,11.99,960,"871 marina village pkwy, alameda, ca, 94501, us"
Single El Diablo ,9.89,950,"871 marina village pkwy, alameda, ca, 94501, us"
Double El Diablo ,11.99,1210,"871 marina village pkwy, alameda, ca, 94501, us"
Big Angus El Diablo ,11.99,1050,"871 marina village pkwy, alameda, ca, 94501, us"
Big Cheeseburger,4.89,540,"871 marina village pkwy, alameda, ca, 94501, us"
California Classic Double Cheeseburger,4.88,560,"871 marina village pkwy, alameda, ca, 94501, us"
Single The Ghost ,8.49,720,"871 marina village pkwy, alameda, ca, 94501, us"
Double The Ghost ,10.99,990,"871 marina village pkwy, alameda, ca, 94501, us"
Big Angus The Ghost ,10.99,830,"871 marina village pkwy, alameda, ca, 94501, us"
Double The Ghost Combo,10.99,830,"899 cherry ave, san bruno, ca, 94066, us"
Loaded Guacamole Bacon Fries,5.99,580,"899 cherry ave, san bruno, ca, 94066, us"
Fried Zucchini Star,5.99,600,"899 cherry ave, san bruno, ca, 94066, us"
Hand-Crafted Strawberry Lemonade,6.00,156,"899 cherry ave, san bruno, ca, 94066, us"
Single Famous Star®,7.04,670,"899 cherry ave, san bruno, ca, 94066, us"
Double Famous Star®,9.55,920,"899 cherry ave, san bruno, ca, 94066, us"
Big Angus Famous Star®,10.99,830,"899 cherry ave, san bruno, ca, 94066, us"
Single Western Bacon Cheeseburger®,7.66,760,"899 cherry ave, san bruno, ca, 94066, us"
Double Western Bacon Cheeseburger®,9.88,1020,"899 cherry ave, san bruno, ca, 94066, us"
Big Angus Western Bacon Cheeseburger®,11.99,880,"899 cherry ave, san bruno, ca, 94066, us"
Single Big Carl®,7.55,670,"899 cherry ave, san bruno, ca, 94066, us"
Double Big Carl®,9.99,920,"899 cherry ave, san bruno, ca, 94066, us"
Big Angus Big Carl®,11.99,770,"899 cherry ave, san bruno, ca, 94066, us"
Single Guacamole Bacon Burger,9.99,870,"899 cherry ave, san bruno, ca, 94066, us"
Double Guacamole Bacon Burger,11.99,1130,"899 cherry ave, san bruno, ca, 94066, us"
Big Angus Guacamole Bacon Burger,11.99,960,"899 cherry ave, san bruno, ca, 94066, us"
Single El Diablo ,9.89,950,"899 cherry ave, san bruno, ca, 94066, us"
Double El Diablo ,11.99,1210,"899 cherry ave, san bruno, ca, 94066, us"
Big Angus El Diablo ,11.99,1050,"899 cherry ave, san bruno, ca, 94066, us"
Big Cheeseburger,4.89,540,"899 cherry ave, san bruno, ca, 94066, us"
California Classic Double Cheeseburger,4.88,560,"899 cherry ave, san bruno, ca, 94066, us"
Single The Ghost ,8.49,720,"899 cherry ave, san bruno, ca, 94066, us"
Double The Ghost ,10.99,990,"899 cherry ave, san bruno, ca, 94066, us"
Big Angus The Ghost ,10.99,830,"899 cherry ave, san bruno, ca, 94066, us"
Double The Ghost Combo,9.89,830,"939 w. charter way, stockton, ca, 95206, us"
Loaded Guacamole Bacon Fries,5.49,580,"939 w. charter way, stockton, ca, 95206, us"
Fried Zucchini Star,6.59,600,"939 w. charter way, stockton, ca, 95206, us"
Hand-Crafted Strawberry Lemonade,3.29,270,"939 w. charter way, stockton, ca, 95206, us"
Double Take Value Bundle,6.00,156,"939 w. charter way, stockton, ca, 95206, us"
Single Famous Star®,7.19,670,"939 w. charter way, stockton, ca, 95206, us"
Double Famous Star®,8.99,920,"939 w. charter way, stockton, ca, 95206, us"
Big Angus Famous Star®,8.99,830,"939 w. charter way, stockton, ca, 95206, us"
Single Western Bacon Cheeseburger®,8.19,760,"939 w. charter way, stockton, ca, 95206, us"
Double Western Bacon Cheeseburger®,9.79,1020,"939 w. charter way, stockton, ca, 95206, us"
Big Angus Western Bacon Cheeseburger®,9.79,1020,"939 w. charter way, stockton, ca, 95206, us"
Single Big Carl®,6.89,670,"939 w. charter way, stockton, ca, 95206, us"
Double Big Carl®,8.79,920,"939 w. charter way, stockton, ca, 95206, us"
Big Angus Big Carl®,8.79,770,"939 w. charter way, stockton, ca, 95206, us"
Single Guacamole Bacon Burger,8.49,870,"939 w. charter way, stockton, ca, 95206, us"
Double Guacamole Bacon Burger,10.29,1130,"939 w. charter way, stockton, ca, 95206, us"
Big Angus Guacamole Bacon Burger,10.29,960,"939 w. charter way, stockton, ca, 95206, us"
Single El Diablo ,8.99,950,"939 w. charter way, stockton, ca, 95206, us"
Double El Diablo ,10.59,1210,"939 w. charter way, stockton, ca, 95206, us"
Big Angus El Diablo ,10.59,1050,"939 w. charter way, stockton, ca, 95206, us"
California Classic Double Cheeseburger,4.99,560,"939 w. charter way, stockton, ca, 95206, us"
Big Cheeseburger,5.99,540,"939 w. charter way, stockton, ca, 95206, us"
Single The Ghost ,8.29,720,"939 w. charter way, stockton, ca, 95206, us"
Double The Ghost ,9.79,990,"939 w. charter way, stockton, ca, 95206, us"
Big Angus The Ghost ,9.89,830,"939 w. charter way, stockton, ca, 95206, us"
Double The Ghost Combo,9.59,830,"996 third ave., chula vista, ca, 91911, us"
Loaded Guacamole Bacon Fries,4.99,580,"996 third ave., chula vista, ca, 91911, us"
Fried Zucchini Star,5.99,600,"996 third ave., chula vista, ca, 91911, us"
Hand-Crafted Strawberry Lemonade,3.49,270,"996 third ave., chula vista, ca, 91911, us"
2 for $6 Chicken Tender Wraps,6.00,480,"996 third ave., chula vista, ca, 91911, us"
Single Famous Star®,6.59,670,"996 third ave., chula vista, ca, 91911, us"
Double Famous Star®,8.09,920,"996 third ave., chula vista, ca, 91911, us"
Big Angus Famous Star®,8.59,830,"996 third ave., chula vista, ca, 91911, us"
Single Western Bacon Cheeseburger®,7.79,760,"996 third ave., chula vista, ca, 91911, us"
Double Western Bacon Cheeseburger®,9.29,1020,"996 third ave., chula vista, ca, 91911, us"
Big Angus Western Bacon Cheeseburger®,9.79,1020,"996 third ave., chula vista, ca, 91911, us"
Single Big Carl®,6.19,670,"996 third ave., chula vista, ca, 91911, us"
Double Big Carl®,7.69,920,"996 third ave., chula vista, ca, 91911, us"
Big Angus Big Carl®,8.19,770,"996 third ave., chula vista, ca, 91911, us"
Single Guacamole Bacon Burger,7.79,870,"996 third ave., chula vista, ca, 91911, us"
Double Guacamole Bacon Burger,9.29,1130,"996 third ave., chula vista, ca, 91911, us"
Big Angus Guacamole Bacon Burger,9.79,960,"996 third ave., chula vista, ca, 91911, us"
Single El Diablo ,8.79,950,"996 third ave., chula vista, ca, 91911, us"
Double El Diablo ,10.29,1210,"996 third ave., chula vista, ca, 91911, us"
Big Angus El Diablo ,10.79,1050,"996 third ave., chula vista, ca, 91911, us"
California Classic Double Cheeseburger,4.39,560,"996 third ave., chula vista, ca, 91911, us"
Big Cheeseburger,5.29,540,"996 third ave., chula vista, ca, 91911, us"
Single The Ghost ,7.79,720,"996 third ave., chula vista, ca, 91911, us"
Double The Ghost ,8.99,990,"996 third ave., chula vista, ca, 91911, us"
Big Angus The Ghost ,9.59,830,"996 third ave., chula vista, ca, 91911, us"
