street,city,state,zip,restaurant,street_uber,,
1541 east 12th street, oakland, ca,94606,Burger King,1541 East 12th Street,,
4424 broadway, oakland, ca,94611,Burger King,4424 Broadway,,
5701 christie avenue, emeryville, ca,94608,Burger King,5701 Christie Avenue,,
4200 east 14th street, oakland, ca,94601,Burger King,4200 International Blvd.,,
7200 bancroft road, oakland, ca,94605,Burger King,7200 Bancroft Road,,
3996 washington boulevard, fremont, ca,94538,Burger King,3996 Washington Boulevard,,
1801 decoto road, union city, ca,94587,Burger King,1801 Decoto Road,,
34943, newark, ca,94560,Burger King,34943 Newark Boulevard,,
46700 mission boulevard, fremont, ca,94539,Burger King,46700 Mission Boulevard,,
31361 alavarado niles road, union city, ca,94587,Burger King,31361 Alavarado Niles Road,,
29671 mission blvd., hayward, ca,94544,Burger King,29671 Mission Blvd.,,
2757, castro valley, ca,94546,Burger King,2757 Castro Valley Boulevard,,
950 west a street, hayward, ca,94541,Burger King,950 West A Street,,
26251 hesperian boulevard, hayward, ca,94545,Burger King,26251 Hesperian Boulevard,,
15050 e. 14th street, san leandro, ca,94578,Burger King,15050 E. 14th Street,,
3399 port chicago hwy, concord, ca,94520,Burger King,3399 Port Chicago Hwy,,
4320 clayton road, concord, ca,94521,Burger King,4320 Clayton Road,,
677 contra costa boulevard, pleasant hill, ca,94523,Burger King,677 Contra Costa Boulevard,,
5400 ygnacio valley road, concord, ca,94521,Burger King,5400 Ygnacio Valley Road,,
2855 north main street, walnut creek, ca,94597,Burger King,2855 North Main Street,,
604 bailey rd, bay point, ca,94565,Burger King,604 Bailey Rd,,
2410 north cedar, fresno, ca,93703,Burger King,2410 North Cedar,,
3482 west shaw road, fresno, ca,93711,Burger King,3482 West Shaw Road,,
1233, fresno, ca,93706,Burger King,1233 Fresno Street,,
2755 n blackstone ave, fresno, ca,93703,Burger King,2755 N Blackstone Ave,,
3782 north blackstone ave, fresno, ca,93726,Burger King,2755 N Blackstone Ave,,
3405 union ave, bakersfield, ca,93305,Burger King,3405 Union Ave,,
2508 white lane, bakersfield, ca,93304,Burger King,2508 White Lane,,
8200 stockdale hwy, bakersfield, ca,93309,Burger King,8200 Stockdale Hwy,,
6217 niles street, bakersfield, ca,93306,Burger King,6217 Niles Street,,
7990 white lane, bakersfield, ca,93309,Burger King,7990 White Lane,,
1501 west 6th street, los angeles, ca,90017,Burger King,1501 W 6th St,,
1845 s. vermont ave., los angeles, ca,90006,Burger King,1845 S. Vermont Ave.,,
1540 north eastern avenue, los angeles, ca,90063,Burger King,1540 North Eastern Avenue,,
4410 south figueroa street, los angeles, ca,90037,Burger King,4410 South Figueroa Street,,
3101 north san fernando road, los angeles, ca,90065,Burger King,3101 North San Fernando Road,,
865 west sepulveda boulevard, torrance, ca,90502,Burger King,865 West Sepulveda Boulevard,,
20950 figueroa street, carson, ca,90745,Burger King,20950 Figueroa Street,,
7957 imperial highway, downey, ca,90242,Burger King,7957 Imperial Highway,,
2955 north bellflower boulevard, long beach, ca,90815,Burger King,2955 North Bellflower Boulevard,,
24530 lyons avenue, newhall, ca,91321,Burger King,24530 Lyons Avenue,,
2008 glenoaks boulevard, san fernando, ca,91340,Burger King,2008 Glenoaks Boulevard,,
12781 van nuys boulevard, pacoima, ca,91331,Burger King,12781 Van Nuys Boulevard,,
9025 balboa, northridge, ca,91325,Burger King,9025 Balboa,,
969 east francisco blvd., san rafael, ca,94901,Burger King,969 East Francisco Blvd.,,
550 cutting boulevard, richmond, ca,94804,Burger King,550 Cutting Boulevard,,
1300 mcdonald avenue, richmond, ca,94801,Burger King,1300 Mcdonald Avenue,,
5304 old redwood highway, petaluma, ca,94954,Burger King,5304 Old Redwood Highway,,
701 north main street, santa ana, ca,92701,Burger King,701 North Main Street,,
3332 south bristol street, santa ana, ca,92704,Burger King,2850 South Bristol Street,,
1201 south, anaheim, ca,92805,Burger King,1201 South Anaheim Blvd,,
2210 e lincoln ave, anaheim, ca,92806,Burger King,2210 E Lincoln Ave,,
1329 south harbor boulevard, fullerton, ca,92832,Burger King,814 N Brookhurst St,,
1300 east, roseville, ca,95661,Burger King,1300 East Roseville Parkway,,
7760 sunrise blvd, citrus heights, ca,95610,Burger King,7760 Sunrise Blvd,,
5869 antelope rd, sacramento, ca,95621,Burger King,5869 Antelope Rd,,
7899 walerga rd, antelope, ca,95843,Burger King,5869 Antelope Rd,,
2905 bell rd, auburn, ca,95603,Burger King,2905 Bell Rd,,
2167 university avenue, riverside, ca,92507,Burger King,2167 University Avenue,,
6835 valley way, riverside, ca,92509,Burger King,6835 Valley Way,,
1610 s riverside ave, rialto, ca,92376,Burger King,120 West Valley Boulevard,,
4407 brockton ave, riverside, ca,92501,Burger King,2167 University Avenue,,
23125 hemlock avenue, moreno valley, ca,92557,Burger King,23125 Hemlock Avenue,,
24800 sunnymead blvd, moreno valley, ca,92553,Burger King,23125 Hemlock Avenue,,
1320 industrial park avenue, redlands, ca,92374,Burger King,1320 Industrial Park Avenue,,
40931 california oaks road, murrieta, ca,92562,Burger King,40931 California Oaks Road,,
30534 rancho california road, temecula, ca,92591,Burger King,30534 Rancho California Road,,
32110 state highway 79 south, temecula, ca,92592,Burger King,32110 State Highway 79 South,,
18611 dexter avenue, lake elsinore, ca,92532,Burger King,18611 Dexter Avenue,,
825 s main st, fallbrook, ca,92028,Burger King,825 S Main St,,
487 west highland, san bernardino, ca,92405,Burger King,487 West Highland,,
12925 hesperia road, victorville, ca,92395,Burger King,12925 Hesperia Road,,
12077 palmdale road, victorville, ca,92392,Burger King,12077 Palmdale Road,,
20610 bear valley road, apple valley, ca,92308,Burger King,20610 Bear Valley Road,,
14244 valley center dr, victorville, ca,92395,Burger King,12925 Hesperia Road,,
17021 main street, hesperia, ca,92345,Burger King,17021 Main Street,,
9640 mariposa road, hesperia, ca,92344,Burger King,9640 Mariposa Road,,
9760 sheep creek road, phelan, ca,92371,Burger King,9760 Sheep Creek Road,,
1210 11th ave, san diego, ca,92101,Burger King,1210 11th Ave,,
1201 1st st, coronado, ca,92118,Burger King,1201 1st St,,
1220 south 28th street, san diego, ca,92113,Burger King,1220 South 28th Street,,
3676 market street, san diego, ca,92102,Burger King,3676 Market Street,,
3747 rosecrans street, san diego, ca,92110,Burger King,3747 Rosecrans Street,,
815 highland avenue, national city, ca,91950,Burger King,815 Highland Avenue,,
599 broadway, chula vista, ca,91910,Burger King,599 Broadway,,
97 bonita road, chula vista, ca,91910,Burger King,97 Bonita Road,,
1265 third avenue, chula vista, ca,91911,Burger King,1265 Third Avenue,,
899 east h street, chula vista, ca,91910,Burger King,97 Bonita Road,,
1180 palm ave, imperial beach, ca,91932,Burger King,1180 Palm Ave,,
3746 mission avenue, oceanside, ca,92058,Burger King,3746 Mission Avenue,,
3405 marron rd, oceanside, ca,92056,Burger King,3405 Marron Rd,,
377, vista, ca,92083,Burger King,377 Vista Village Drive,,
728 west, san marcos, ca,92078,Burger King,728 West San Marcos Boulevard,,
244 west mission avenue, escondido, ca,92025,Burger King,244 West Mission Avenue,,
819 van ness avenue, san francisco, ca,94109,Burger King,819 Van Ness Avenue,,
35 powell street, san francisco, ca,94102,Burger King,35 Powell Street,,
1701 fillmore st, san francisco, ca,94115,Burger King,1701 Fillmore St,,
3900 geary boulevard, san francisco, ca,94118,Burger King,3900 Geary Boulevard,,
1690 valencia street, san francisco, ca,94110,Burger King,1690 Valencia Street,,
245 bayshore blvd., san francisco, ca,94124,Burger King,245 Bayshore Blvd.,,
702 north wilson way, stockton, ca,95205,Burger King,702 North Wilson Way,,
619 west charter way, stockton, ca,95206,Burger King,619 West Charter Way,,
1502 east march lane, stockton, ca,95210,Burger King,1502 East March Lane,,
4608 east waterloo road, stockton, ca,95215,Burger King,4608 East Waterloo Road,,
1358 madonna road, san luis obispo, ca,93405,Burger King,1358 Madonna Road,,
1773 w grand ave, grover beach, ca,93433,Burger King,1773 Grand Avenue,,
781 quintana road, morro bay, ca,93442,Burger King,781 Quintana Road,,
8304 el camino real, atascadero, ca,93422,Burger King,180 Niblick Rd,,
180 niblick rd, paso robles, ca,93446,Burger King,180 Niblick Rd,,
2817 south el camino real, san mateo, ca,94403,Burger King,2817 South El Camino Real,,
575 el camino real, redwood city, ca,94063,Burger King,575 El Camino Real,,
2102 middlefield road, redwood city, ca,94063,Burger King,2102 Middlefield Road,,
1278 el camino real, san bruno, ca,94066,Burger King,1278 El Camino Real,,
30 north cabrillo highway, half moon bay, ca,94019,Burger King,30 North Cabrillo Highway,,
111, colma, ca,94014,Burger King,111 Colma Boulevard,,
898 john daly boulevard, daly city, ca,94015,Burger King,898 John Daly Boulevard,,
120 south nicholson avenue, santa maria, ca,93454,Burger King,120 S Nicholson Ave,,
1864 north broadway, santa maria, ca,93454,Burger King,1864 North Broadway,,
2050 south broadway, santa maria, ca,93454,Burger King,2050 South Broadway,,
1153 north h street, lompoc, ca,93436,Burger King,1153 North H Street,,
21 west main street, ventura, ca,93001,Burger King,21 West Main Street,,
1030 mclaughlin ave., san jose, ca,95122,Burger King,1030 Mclaughlin Ave.,,
1181 old oakland road, san jose, ca,95112,Burger King,1181 Old Oakland Road,,
2170 monterey road, san jose, ca,95112,Burger King,2170 Monterey Road,,
329 north capital avenue, san jose, ca,95133,Burger King,329 North Capital Avenue,,
2390 almaden road, san jose, ca,95125,Burger King,2390 Almaden Road,,
3098 story road, san jose, ca,95127,Burger King,3098 Story Road,,
773 north mathilda avenue, sunnyvale, ca,94085,Burger King,773 North Mathilda Avenue,,
3750 el camino real, santa clara, ca,95051,Burger King,3750 El Camino Real,,
1925 el camino real, santa clara, ca,95050,Burger King,1925 El Camino Real,,
5154 moorpark ave, san jose, ca,95129,Burger King,5154 Moorpark Avenue,,
385 south kiely, san jose, ca,95129,Burger King,385 South Kiely,,
2532 channing avenue, san jose, ca,95131,Burger King,2532 Channing Avenue,,
2015 mission street, santa cruz, ca,95060,Burger King,2015 Mission Street,,
1302 soquel avenue, santa cruz, ca,95062,Burger King,1302 Soquel Avenue,,
2001 - 41st avenue, capitola, ca,95010,Burger King,2001 - 41st Avenue,,
227 mt. herman road, scotts valley, ca,95066,Burger King,227 Mt. Herman Road,,
1403 freedom boulevard, watsonville, ca,95076,Burger King,1403 Freedom Boulevard,,
142 main street, watsonville, ca,95076,Burger King,142 Main Street,,
3606 sonoma boulevard, vallejo, ca,94590,Burger King,3606 Sonoma Boulevard,,
1 mariposa street, vallejo, ca,94590,Burger King,1 Mariposa Street,,
844 willow avenue, hercules, ca,94547,Burger King,844 Willow Avenue,,
828 southampton rd, benicia, ca,94510,Burger King,836 Southampton Road,,
1571 fitzgerald drive, pinole, ca,94564,Burger King,1571 Fitzgerald Drive,,
7 muir road, martinez, ca,94553,Burger King,7 Muir Road,,
1475 holiday lane, fairfield, ca,94534,Burger King,1475 Holiday Lane,,
1260 anderson drive, suisun city, ca,94585,Burger King,1260 Anderson Drive,,
2415 north texas street, fairfield, ca,94533,Burger King,2415 North Texas Street,,
2005 huntington drive, fairfield, ca,94533,Burger King,2005 Huntington Drive,,
190 pittman road, suisun city, ca,94534,Burger King,190 Pittman Road,,
1330 east monte vista avenue, vacaville, ca,95688,Burger King,1330 East Monte Vista Avenue,,
741 stony point road, santa rosa, ca, 95407-6864,Burger King,741 Stony Point Road,,
56 mission circle, santa rosa, ca,95409,Burger King,56 Mission Circle,,
2542 guerneville road, santa rosa, ca,95401,Burger King,2542 Guerneville Road,,
5020 redwood drive, rohnert park, ca,94928,Burger King,5020 Redwood Drive,,
6125 commerce boulevard, rohnert park, ca,94928,Burger King,6125 Commerce Boulevard,,
6351 hembree lane, windsor, ca,95492,Burger King,6351 Hembree Lane,,
2320 mchenry ave, modesto, ca,95350,Burger King,2320 Mchenry Ave,,
1421 e. hatch rd, ceres, ca,95351,Burger King,1421 E. Hatch Rd,,
3401 yosemite boulevard, modesto, ca,95354,Burger King,3401 Yosemite Boulevard,,
2101 sylvan avenue, modesto, ca,95355,Burger King,2101 Sylvan Avenue,,
2732 mitchell road, ceres, ca,95307,Burger King,2732 Mitchell Road,,
4612 kiernan avenue, salida, ca,95368,Burger King,4612 Kiernan Avenue,,
1009 n ben maddox way, visalia, ca,93292,Burger King,1009 N Ben Maddox Way,,
500 south de maree, visalia, ca,93277,Burger King,500 South De Maree,,
3101 south mooney boulevard, visalia, ca,93277,Burger King,3101 South Mooney Boulevard,,
6603 betty dr, visalia, ca,93291,Burger King,6603 Betty Dr,,
1255 north blackstone street, tulare, ca,93274,Burger King,1255 North Blackstone Street,,
601 e. bardsley ave., tulare, ca,93274,Burger King,601 E. Bardsley Ave.,,
2001 north, oxnard, ca,93036,Burger King,2001 North Oxnard Boulevard,,
2500 s. ventura road, oxnard, ca,93033,Burger King,2500 S. Ventura Road,,
5950 telegraph road, ventura, ca,93003,Burger King,5950 Telegraph Road,,
2800 paseo mercado, oxnard, ca,93036,Burger King,2001 North Oxnard Boulevard,,
181 south arniell road, camarillo, ca,93010,Burger King,181 South Arniell Road,,
13221 jamboree, tustin, ca,92782,Burger King,13221 Jamboree,,
10055 cedar avenue, bloomington, ca,92316,Burger King,10055 Cedar Avenue,,
5790 van buren boulevard, riverside, ca,92503,Burger King,5790 Van Buren Boulevard,,
2600, long beach, ca,90806,Burger King,2600 Long Beach Blvd.,,
200 north harbor boulevard, santa ana, ca,92703,Burger King,200 North Harbor Boulevard,,
3501 whittier blvd., los angeles, ca,90023,Burger King,3501 Whittier Blvd.,,
7225 greenhaven drive, sacramento, ca, 95831-3518,Burger King,7225 Greenhaven Drive,,
5150 stockton blvd., sacramento, ca,95820,Burger King,5150 Stockton Blvd.,,
5610 freeport boulevard, sacramento, ca, 95822-3502,Burger King,5610 Freeport Boulevard,,
2751 w. orangethorpe blvd, fullerton, ca,92833,Burger King,2751 W. Orangethorpe Blvd,,
220 alameda del prado, novato, ca,94949,Burger King,220 Alameda Del Prado,,
2403 east chapman avenue, fullerton, ca, 92831-3603,Burger King,2403 East Chapman Avenue,,
5540 cherry avenue, long beach, ca,90805,Burger King,5540 Cherry Avenue,,
16878 foothill boulevard, fontana, ca,92335,Burger King,16878 Foothill Boulevard,,
5120 olive drive, bakersfield, ca,93308,Burger King,5120 Olive Drive,,
1830 west 8th street, los angeles, ca,90057,Burger King,1830 West 8th Street,,
849 university avenue, berkeley, ca,94710,Burger King,849 University Avenue,,
19662 nordhoff street, northridge, ca,91324,Burger King,19640 Nordhoff St,,
2020 west florida avenue, hemet, ca,92545,Burger King,2020 West Florida Avenue,,
510 south euclid street, anaheim, ca,92802,Burger King,510 South Euclid Street,,
1361 west foothill boulevard, rialto, ca,92376,Burger King,1361 West Foothill Boulevard,,
2100 east 17th street, santa ana, ca, 92705-8607,Burger King,2100 East 17th Street,,
1042 north carpenter road, modesto, ca,95351,Burger King,1042 North Carpenter Road,,
575 north clovis avenue, fresno, ca,93727,Burger King,575 North Clovis Avenue,,
2850 south bristol street, santa ana, ca,92704,Burger King,2850 South Bristol Street,,
601 east dyer road, santa ana, ca,92705,Burger King,601 East Dyer Road,,
3235 west little league drive, san bernardino, ca,92407,Burger King,3235 West Little League Drive,,
1688 north, perris, ca,92571,Burger King,1688 North Perris Road,,
12999 san pablo avenue, richmond, ca,94805,Burger King,12999 San Pablo Avenue,,
115, lincoln, ca,95648,Burger King,115 Lincoln Blvd,,
4571 north pershing avenue, stockton, ca, 95207-6705,Burger King,4571 North Pershing Avenue,,
1677 s. centre city parkway, escondido, ca,92025,Burger King,1677 S. Centre City Parkway,,
1915 arden way, sacramento, ca,95815,Burger King,1915 Arden Way,,
41 s. sanborn road, salinas, ca, 93905-3235,Burger King,41 S. Sanborn Road,,
580 hegenberger road, oakland, ca,94621,Burger King,580 Hegenberger Road,,
6960 broadway, lemon grove, ca, 91945-1404,Burger King,6960 Broadway,,
5121 foothills boulevard, roseville, ca, 95747-6501,Burger King,5121 Foothills Boulevard,,
7218 stockton boulevard, sacramento, ca,95823,Burger King,7218 Stockton Boulevard,,
2714 el centro road, sacramento, ca,95833,Burger King,2714 El Centro Road,,
3630 tyler street, riverside, ca,92505,Burger King,3630 Tyler Street,,
503 east foothill, rialto, ca,92376,Burger King,503 East Foothill,,
4960 auburn blvd., sacramento, ca,95841,Burger King,4960 Auburn Blvd.,,
1949 columbus avenue, bakersfield, ca, 93305-2311,Burger King,1949 Columbus Avenue,,
8637 elk grove boulevard, elk grove, ca, 95624-1773,Burger King,8637 Elk Grove Boulevard,,
127 west 4th street, long beach, ca,90802,Burger King,127 West 4th Street,,
909 south main street, salinas, ca, 93901-2404,Burger King,909 South Main Street,,
205 east redlands, san bernardino, ca,92408,Burger King,205 East Redlands,,
935 north waterman, san bernardino, ca,92410,Burger King,935 North Waterman,,
4087 west clinton avenue, fresno, ca,93722,Burger King,4087 West Clinton Avenue,,
3770 telegraph ave, oakland, ca,94609,Carls Jr,3770 Telegraph Ave,,
871 marina village pkwy, alameda, ca,94501,Carls Jr,871 Marina Village Pkwy,,
10770 macarthur blvd, oakland, ca,94605,Carls Jr,10770 Macarthur Blvd,,
1 hallidie plaza, san francisco, ca,94102,Carls Jr,1 Hallidie Plaza,,
20550 mission blvd, hayward, ca,94541,Carls Jr,20550 Mission Blvd,,
1550 fitzgerald drive, pinole, ca,94564,Carls Jr,1550 Fitzgerald Drive,,
37000, fremont, ca,94536,Carls Jr,37000 Fremont Blvd,,
5670 thornton ave, newark, ca,94560,Carls Jr,5670 Thornton Ave,,
27467 hesperian blvd, hayward, ca,94545,Carls Jr,27467 Hesperian Blvd,,
39901 balentine dr, newark, ca,94560,Carls Jr,39901 Balentine Dr,,
46637 mission blvd, fremont, ca,94539,Carls Jr,46637 Mission Blvd,,
38860, fremont, ca,94536,Carls Jr,37000 Fremont Blvd,,
3131 crow canyon pl, san ramon, ca,94583,Carls Jr,3131 Crow Canyon Pl,,
1530 kirker pass rd, clayton, ca,94517,Carls Jr,4595 Century Blvd.,,
4595 century blvd., pittsburg, ca,94565,Carls Jr,4595 Century Blvd.,,
5990 e. 2nd street, benicia, ca,94510,Carls Jr,5990 E. 2nd Street,,
915 main st, oakley, ca,94561,Carls Jr,915 Main St,,
385 sun valley mall, concord, ca,94520,Carls Jr,5990 E. 2nd Street,,
1611 n blackstone ave, fresno, ca,93703,Carls Jr,1611 N Blackstone Ave,,
1588 n 1st st, fresno, ca,93703,Carls Jr,1588 N 1st St,,
2590 s east ave, fresno, ca,93706,Carls Jr,2590 S East Ave,,
3983 n blackstone ave, fresno, ca,93726,Carls Jr,3983 N Blackstone Ave,,
5007 e mckinley ave, fresno, ca,93727,Carls Jr,5007 E Mckinley Ave,,
5625 east kings canyon road, fresno, ca,93727,Carls Jr,5625 East Kings Canyon Road,,
3520 rosedale highway, bakersfield, ca,93308,Carls Jr,3520 Rosedale Highway,,
101 s union ave, bakersfield, ca,93307,Carls Jr,101 S Union Ave,,
2412 ming ave, bakersfield, ca,93304,Carls Jr,2412 Ming Ave,,
2400 white ln, bakersfield, ca,93304,Carls Jr,2400 White Ln,,
4800 white lane, bakersfield, ca,93309,Carls Jr,4800 White Lane,,
3901 auburn st., bakersfield, ca,93306,Carls Jr,3901 Auburn St.,,
3215 n. broadway, los angeles, ca,90031,Carls Jr,3215 N. Broadway,,
3005 w 6th st, los angeles, ca,90020,Carls Jr,3005 W 6th St,,
1611 s western ave, los angeles, ca,90006,Carls Jr,1611 S Western Ave,,
424 w los feliz rd, glendale, ca,91204,Carls Jr,424 W Los Feliz Rd,,
2521 w. commonwealth ave., alhambra, ca,91803,Carls Jr,2521 W. Commonwealth Ave.,,
4966 florence ave, bell, ca,90201,Carls Jr,4966 Florence Ave,,
2710 del amo blvd, lakewood, ca,90712,Carls Jr,2710 Del Amo Blvd,,
1881 e del amo blvd, carson, ca,90746,Carls Jr,1881 E Del Amo Blvd,,
1259 w carson st, torrance, ca,90502,Carls Jr,1259 W Carson St,,
6601 atlantic ave, long beach, ca,90805,Carls Jr,6601 Atlantic Ave,,
17450 s avalon blvd, carson, ca,90746,Carls Jr,17450 S Avalon Blvd,,
1360 w 190th st, torrance, ca,90501,Carls Jr,1360 W 190th St,,
27606 n newhall ranch road, santa clarita, ca,91355,Carls Jr,27606 N Newhall Ranch Road,,
24715 pico canyon rd, stevenson ranch, ca,91381,Carls Jr,24715 Pico Canyon Rd,,
20425, newhall, ca,91321,Carls Jr,20425 Newhall Ave.,,
18950 soledad canyon rd, canyon country, ca,91351,Carls Jr,18950 Soledad Canyon Rd,,
18741 via princessa, santa clarita, ca,91387,Carls Jr,18741 Via Princessa,,
18090 w. chatsworth st., granada hills, ca,91344,Carls Jr,18090 W. Chatsworth St.,,
3897 sonoma blvd, vallejo, ca,94589,Carls Jr,3897 Sonoma Blvd,,
2434 junipero serra blvd, daly city, ca,94015,Carls Jr,2434 Junipero Serra Blvd,,
6460 redwood dr, rohnert park, ca,94928,Carls Jr,6460 Redwood Dr,,
1631 w imola ave, napa, ca,94559,Carls Jr,1631 W Imola Ave,,
1000 farmers ln, santa rosa, ca,95405,Carls Jr,1000 Farmers Ln,,
495 stony point rd, santa rosa, ca,95401,Carls Jr,495 Stony Point Rd,,
400 e market st, salinas, ca,93901,Carls Jr,400 E Market St,,
1061 n davis rd, salinas, ca,93907,Carls Jr,1061 N Davis Rd,,
902 lighthouse ave, monterey, ca,93940,Carls Jr,902 Lighthouse Ave,,
1901, freedom, ca,95019,Carls Jr,1901 Freedom Blvd,,
1943 e. 17th st, santa ana, ca,92705,Carls Jr,1943 E. 17th St,,
402 s main st, orange, ca,92868,Carls Jr,402 S Main St,,
1809 e edinger ave, santa ana, ca,92705,Carls Jr,1809 E Edinger Ave,,
2511 s bristol, santa ana, ca,92707,Carls Jr,2511 S Bristol,,
16101 n. harbor blvd, fountain valley, ca,92708,Carls Jr,16101 N. Harbor Blvd,,
1701 douglas blvd, roseville, ca,95661,Carls Jr,1701 Douglas Blvd,,
5201 elkhorn blvd, sacramento, ca,95842,Carls Jr,5201 Elkhorn Blvd,,
5935 madison ave, carmichael, ca,95608,Carls Jr,5935 Madison Ave,,
4002 foothills blvd, roseville, ca,95747,Carls Jr,4002 Foothills Blvd,,
6741 stanford ranch rd, rocklin, ca,95677,Carls Jr,6741 Stanford Ranch Rd,,
1300 east, roseville, ca,95661,Carls Jr,1701 Douglas Blvd,,
2300 grass valley highway, auburn, ca, 95603-2554,Carls Jr,2300 Grass Valley Highway,,
4315 sierra college blvd, rocklin, ca,95650,Carls Jr,4315 Sierra College Blvd,,
8477 sierra college blvd, roseville, ca,95661,Carls Jr,8477 Sierra College Blvd,,
6608 lonetree blvd, rocklin, ca,95765,Carls Jr,6608 Lonetree Blvd,,
1250 university ave, riverside, ca,92507,Carls Jr,1250 University Ave,,
3483 madison st, riverside, ca,92504,Carls Jr,3483 Madison St,,
10100 ben nevis blvd, glen avon, ca,92509,Carls Jr,10100 Ben Nevis Blvd,,
22580 cactus ave, moreno valley, ca,92553,Carls Jr,22580 Cactus Ave,,
25055 elder ave, moreno valley, ca,92557,Carls Jr,25055 Elder Ave,,
16130 perris blvd, moreno valley, ca,92551,Carls Jr,16130 Perris Blvd,,
736 ramona expressway, perris, ca,92570,Carls Jr,736 Ramona Expressway,,
69 w nuevo rd, perris, ca,92571,Carls Jr,69 W Nuevo Rd,,
40980 california oaks rd, murrieta, ca,92562,Carls Jr,40980 California Oaks Rd,,
23761 washington ave, murrieta, ca,92562,Carls Jr,23761 Washington Ave,,
30660 rancho california rd, temecula, ca,92591,Carls Jr,30660 Rancho California Rd,,
854 harbor blvd, west sacramento, ca,95691,Carls Jr,854 Harbor Blvd,,
2615 broadway, sacramento, ca,95818,Carls Jr,2615 Broadway,,
2460 w. el camino avenue, sacramento, ca,95833,Carls Jr,2460 W. El Camino Avenue,,
3027 k st, sacramento, ca,95816,Carls Jr,2615 Broadway,,
8722, elk grove, ca,95624,Carls Jr,8722 Elk Grove Blvd,,
9664 bruceville rd, elk grove, ca,95757,Carls Jr,9664 Bruceville Rd,,
6201 mack road, sacramento, ca,95823,Carls Jr,6201 Mack Road,,
4244 florin rd, sacramento, ca,95823,Carls Jr,7151 Franklin Blvd,,
293 east 40th street, san bernardino, ca,92404,Carls Jr,293 East 40th Street,,
1334 s. riverside ave, rialto, ca,92376,Carls Jr,1334 S. Riverside Ave,,
2022 n riverside ave, rialto, ca,92377,Carls Jr,2022 N Riverside Ave,,
1205 colton ave, redlands, ca,92374,Carls Jr,1205 Colton Ave,,
14454 valley blvd, fontana, ca,92335,Carls Jr,14454 Valley Blvd,,
11738 foothill blvd, rancho cucamonga, ca,91730,Carls Jr,11738 Foothill Blvd,,
15227 hook blvd, victorville, ca,92394,Carls Jr,15227 Hook Blvd,,
14292 highway 395, adelanto, ca,92301,Carls Jr,14292 Highway 395,,
12271, apple valley, ca,92308,Carls Jr,12271 Apple Valley Rd,,
14717 bear valley rd, victorville, ca,92345,Carls Jr,14717 Bear Valley Rd,,
17110 bear valley rd, victorville, ca,92395,Carls Jr,17110 Bear Valley Rd,,
14244 valley center dr, victorville, ca,92395,Carls Jr,15227 Hook Blvd,,
15669 main st, hesperia, ca,92345,Carls Jr,15669 Main St,,
3381 rosecrans st, san diego, ca,92110,Carls Jr,845 Morena Blvd,,
3008 el cajon blvd, san diego, ca,92104,Carls Jr,3008 El Cajon Blvd,,
845 morena blvd, san diego, ca,92110,Carls Jr,845 Morena Blvd,,
1280 e plaza blvd, national city, ca,91950,Carls Jr,1280 E Plaza Blvd,,
2903 burgener blvd, san diego, ca,92110,Carls Jr,2903 Burgener Blvd,,
5901 university ave, san diego, ca,92115,Carls Jr,5901 University Ave,,
695 h st, chula vista, ca,91910,Carls Jr,695 H St,,
1502 sweetwater rd, national city, ca,91950,Carls Jr,1502 Sweetwater Rd,,
996 third ave., chula vista, ca,91911,Carls Jr,996 Third Ave.,,
1100 broadway, chula vista, ca,91911,Carls Jr,1100 Broadway,,
700 13th street, imperial beach, ca,91932,Carls Jr,700 13th Street,,
950, carlsbad, ca,92008,Carls Jr,950 Carlsbad Village Dr,,
2608 el camino real, carlsbad, ca,92010,Carls Jr,2608 El Camino Real,,
611 douglas dr, oceanside, ca,92058,Carls Jr,611 Douglas Dr,,
4186, oceanside, ca,92056,Carls Jr,4186 Oceanside Blvd,,
775 college blvd, oceanside, ca,92057,Carls Jr,775 College Blvd,,
925 palomar airport rd, carlsbad, ca,92011,Carls Jr,925 Palomar Airport Rd,,
110 hickey blvd, south san francisco, ca,94080,Carls Jr,110 Hickey Blvd,,
899 cherry ave, san bruno, ca,94066,Carls Jr,899 Cherry Ave,,
939 w. charter way, stockton, ca,95206,Carls Jr,939 W. Charter Way,,
2610 w. march lane, stockton, ca,95207,Carls Jr,2610 W. March Lane,,
1535 e. hammer lane, stockton, ca,95210,Carls Jr,1535 E. Hammer Lane,,
7432 pacific ave, stockton, ca,95207,Carls Jr,7432 Pacific Ave,,
3205 w. hammer lane, stockton, ca,95209,Carls Jr,3205 W. Hammer Lane,,
200 louise ave, lathrop, ca,95330,Carls Jr,200 Louise Ave,,
3980 broad street, san luis obispo, ca,93401,Carls Jr,3980 Broad Street,,
1590 w branch street, arroyo grande, ca,93420,Carls Jr,1590 W Branch Street,,
7085 el camino real, atascadero, ca,93422,Carls Jr,7085 El Camino Real,,
2201 theatre drive, paso robles, ca,93446,Carls Jr,2201 Theatre Drive,,
2725 black oak drive, paso robles, ca,93446,Carls Jr,2725 Black Oak Drive,,
1140 triton dr, san mateo, ca,94404,Carls Jr,1140 Triton Dr,,
1001 veterans blvd, redwood city, ca,94063,Carls Jr,1001 Veterans Blvd,,
1355 s bradley rd, santa maria, ca,93454,Carls Jr,1355 S Bradley Rd,,
2185 s broadway, santa maria, ca,93454,Carls Jr,2185 S Broadway,,
7 s milpas street, santa barbara, ca,93103,Carls Jr,7 S Milpas Street,,
5820 calle real, goleta, ca,93117,Carls Jr,5820 Calle Real,,
4610, carpinteria, ca,93013,Carls Jr,4610 Carpinteria Ave,,
2427 e thompson blvd, ventura, ca,93003,Carls Jr,2427 E Thompson Blvd,,
1745 s victoria ave, ventura, ca,93003,Carls Jr,1745 S Victoria Ave,,
3015 johnson drive, ventura, ca,93003,Carls Jr,3015 Johnson Drive,,
655 coleman ave, san jose, ca,95110,Carls Jr,655 Coleman Ave,,
1095 oakland rd, san jose, ca,95112,Carls Jr,1095 Oakland Rd,,
2495 lafayette st, santa clara, ca,95050,Carls Jr,2495 Lafayette St,,
270 saratoga ave, santa clara, ca,95050,Carls Jr,270 Saratoga Ave,,
1890 mccandless dr, milpitas, ca,95035,Carls Jr,1890 Mccandless Dr,,
2802 s white rd, san jose, ca,95148,Carls Jr,2802 S White Rd,,
1051 e el camino real, sunnyvale, ca,94086,Carls Jr,1051 E El Camino Real,,
2900 bowers ave, santa clara, ca,95051,Carls Jr,2900 Bowers Ave,,
5000 el camino real, los altos, ca,94022,Carls Jr,5000 El Camino Real,,
5620, scotts valley, ca,95066,Carls Jr,5620 Scotts Valley Dr,,
4400 central pl, fairfield, ca,94534,Carls Jr,2380 N Texas St,,
2380 n texas st, fairfield, ca,94533,Carls Jr,2380 N Texas St,,
289 orange dr, vacaville, ca,95687,Carls Jr,289 Orange Dr,,
3640 industrial drive, santa rosa, ca,95403,Carls Jr,3640 Industrial Drive,,
373 aviation blvd, santa rosa, ca,95403,Carls Jr,373 Aviation Blvd,,
1037 vine st, healdsburg, ca,95448,Carls Jr,1037 Vine St,,
2808 mchenry ave, modesto, ca,95350,Carls Jr,2808 Mchenry Ave,,
1643 e. hatch road, modesto, ca,95351,Carls Jr,1643 E. Hatch Road,,
1600 oakdale rd, modesto, ca,95355,Carls Jr,1600 Oakdale Rd,,
118 e whitmore ave, modesto, ca,95358,Carls Jr,118 E Whitmore Ave,,
2420 mitchell rd, ceres, ca,95307,Carls Jr,2420 Mitchell Rd,,
4125 sisk rd, modesto, ca,95356,Carls Jr,4125 Sisk Rd,,
1336 e main st, visalia, ca,93292,Carls Jr,1336 E Main St,,
501 s chinowth st, visalia, ca,93277,Carls Jr,501 S Chinowth St,,
3350 s mooney blvd, visalia, ca,93277,Carls Jr,3350 S Mooney Blvd,,
1527 hillman st, tulare, ca,93274,Carls Jr,1527 Hillman St,,
85 s tower sq, tulare, ca,93274,Carls Jr,85 S Tower Sq,,
480 n rose ave, oxnard, ca,93030,Carls Jr,480 N Rose Ave,,
2301 n, oxnard, ca,93036,Carls Jr,2301 N Oxnard Blvd,,
3255 saviers rd, oxnard, ca,93033,Carls Jr,3255 Saviers Rd,,
717 channel islands blvd, port hueneme, ca,93041,Carls Jr,717 Channel Islands Blvd,,
1670 w pacific coast hwy, long beach, ca,90813,Carls Jr,1670 W Pacific Coast Hwy,,
700, long beach, ca,90813,Carls Jr,700 Long Beach Blvd,,
7162 broadway, lemon grove, ca,91945,Carls Jr,7162 Broadway,,
14041 newport ave, tustin, ca,92780,Carls Jr,14041 Newport Ave,,
1751 s soto st, los angeles, ca,90023,Carls Jr,1751 S Soto St,,
1439 e gage ave, los angeles, ca,90001,Carls Jr,1439 E Gage Ave,,
4424 university parkway, san bernardino, ca,92407,Carls Jr,4424 University Parkway,,
1142 fremont blvd, seaside, ca,93955,Carls Jr,1142 Fremont Blvd,,
8919 limonite ave, riverside, ca,92509,Carls Jr,8919 Limonite Ave,,
8150 sheldon rd, elk grove, ca,95758,Carls Jr,8150 Sheldon Rd,,
7151 franklin blvd, sacramento, ca,95823,Carls Jr,7151 Franklin Blvd,,
11051 euclid ave, garden grove, ca,92840,Carls Jr,11051 Euclid Ave,,
40375, murrieta, ca,92563,Carls Jr,40375 Murrieta Hot Springs,,
6061 van buren blvd, riverside, ca,92503,Carls Jr,6061 Van Buren Blvd,,
13011 harbor blvd, garden grove, ca,92843,Carls Jr,13011 Harbor Blvd,,
1101 branham ln, san jose, ca,95118,Carls Jr,1101 Branham Ln,,
2320 e 4th st, los angeles, ca,90033,Carls Jr,2320 E 4th St,,
251 diamond dr, lake elsinore, ca,92530,Carls Jr,251 Diamond Dr,,
30604 benton rd, winchester, ca,92596,Carls Jr,30604 Benton Rd,,
1505 e highland ave, san bernardino, ca,92404,Carls Jr,1505 E Highland Ave,,
2940 van buren boulevard suite 100, riverside, ca,92503,Carls Jr,2940 Van Buren Boulevard Suite 100,,
101 ferrari ranch rd, lincoln, ca,95648,Carls Jr,101 Ferrari Ranch Rd,,
2912 s figueroa st, los angeles, ca,90007,Carls Jr,2912 S Figueroa St,,
2820 e. lincoln ave, anaheim, ca,92806,Carls Jr,2820 E. Lincoln Ave,,
3110 e la palma, anaheim, ca,92806,Carls Jr,3110 E La Palma,,
1180 s mount vernon ave, colton, ca,92324,Carls Jr,1180 S Mount Vernon Ave,,
524 inland center dr, san bernardino, ca,92410,Carls Jr,524 Inland Center Dr,,
27670 eucalyptus ave, moreno valley, ca,92555,Carls Jr,27670 Eucalyptus Ave,,
5225 canyon crest dr ste 82, riverside, ca,92507,Carls Jr,5225 Canyon Crest Dr Ste 82,,
660 hacienda dr, vista, ca,92081,Carls Jr,660 Hacienda Dr,,
794 n brookhurst st, anaheim, ca,92801,Carls Jr,794 N Brookhurst St,,
8361 la palma, buena park, ca,90620,Carls Jr,8361 La Palma,,
271 e willow st, long beach, ca,90806,Carls Jr,271 E Willow St,,
2119 s harbor blvd, anaheim, ca,92802,Carls Jr,2119 S Harbor Blvd,,
840 sepulveda blvd, harbor city, ca,90710,Carls Jr,840 Sepulveda Blvd,,
229 west 7th street, los angeles, ca,90014,Carls Jr,229 West 7th Street,,
1315 florin road, sacramento, ca,95831,Carls Jr,1315 Florin Road,,
5501 freeport ave, sacramento, ca,95822,Carls Jr,5501 Freeport Ave,,
3839 emery street #700, emeryville, ca,94608,Five Guys,3839 Emery Street #700,,
2254 south shore center, alameda, ca,94501,Five Guys,2254 South Shore Center,,
2782, pinole, ca,94564,Five Guys,2782 Pinole Valley Road,,
190, alamo, ca,94507,Five Guys,190 Alamo Plaza,,
43518 christy street, fremont, ca,94538,Five Guys,43518 Christy Street,,
28529 hesperian blvd, hayward, ca,94545,Five Guys,28529 Hesperian Blvd,,
4930, dublin, ca,94568,Five Guys,4930 Dublin Blvd.,,
38860, fremont, ca,94536,Five Guys,43518 Christy Street,,
19621 hesperian blvd, hayward, ca,94541,Five Guys,19621 Hesperian Blvd,,
23989 watkins st, hayward, ca, 94544-1028,Five Guys,19621 Hesperian Blvd,,
100 crescent drive, pleasant hill, ca,94523,Five Guys,100 Crescent Drive,,
5442 ygnacio valley rd., concord, ca,94521,Five Guys,5442 Ygnacio Valley Rd.,,
6660 lone tree way, brentwood, ca,94513,Five Guys,6660 Lone Tree Way,,
523 e shaw ave, fresno, ca,93710,Five Guys,523 E Shaw Ave,,
180 e. paseo del centro, fresno, ca,93720,Five Guys,180 E. Paseo Del Centro,,
2701 ming ave, bakersfield, ca,93304,Five Guys,2701 Ming Ave,,
2701 calloway dr ste 400, bakersfield, ca,93312,Five Guys,2701 Ming Ave,,
1137 galleria way ste fc11, glendale, ca,91210,Five Guys,1137 Galleria Way Ste Fc11,,
2189 whittier boulevard, los angeles, ca,90023,Five Guys,735 S. Figueroa St.,,
6650 e pch, long beach, ca,90803,Five Guys,4625 Candlewood St.,,
8901 apollo way, downey, ca,90242,Five Guys,8901 Apollo Way,,
24201 w, valencia, ca,91355,Five Guys,24201 W Valencia Blvd. 3672,,
8850 tampa ave. ste 102, northridge, ca,91324,Five Guys,8850 Tampa Ave. Ste 102,,
8420 balboa blvd. suite 115, northridge, ca,91343,Five Guys,8420 Balboa Blvd. Suite 115,,
201 e magnolia blvd, burbank, ca,91502,Five Guys,201 E Magnolia Blvd,,
401 kenilworth drive, petaluma, ca,94952,Five Guys,401 Kenilworth Drive,,
1742 north main street, salinas, ca,93906,Five Guys,1742 North Main Street,,
915 playa ave, sand city, ca,93955,Five Guys,915 Playa Ave,,
1549 e. katella ave., orange, ca,92867,Five Guys,1549 E. Katella Ave.,,
18645 beach blvd., huntington beach, ca,92648,Five Guys,18645 Beach Blvd.,,
24391 alicia pkwy, mission viejo, ca,92691,Five Guys,24391 Alicia Pkwy,,
1552 s azusa ave, city of industry, ca,91748,Five Guys,1552 S Azusa Ave,,
8620 sierra college blvd., roseville, ca,95661,Five Guys,8620 Sierra College Blvd.,,
5442 hazel ave., fair oaks, ca,95628,Five Guys,5442 Hazel Ave. ,,
2912 pasatiempo lane, sacremento, ca,95821,Five Guys,2912 Pasatiempo Lane,,
1300 east, roseville, ca,95661,Five Guys,8620 Sierra College Blvd.,,
2750 e bidwell street, folsom, ca,95630,Five Guys,2750 E Bidwell Street,,
2310 sunrise blvd., rancho cordova, ca,95670,Five Guys,2310 Sunrise Blvd.,,
4630 natomas blvd., suite #100, sacramento, ca, us,Five Guys, CA 95605,
10540 sierra avenue, fontana, ca,92337,Five Guys,10540 Sierra Avenue,,
12515 frederick st, moreno valley, ca,92553,Five Guys,12515 Frederick St,,
929 n. milliken avenue suite 103, ontario, ca,91764,Five Guys,929 N. Milliken Avenue Suite 103,,
15218 summit avenue, fontana, ca,92336,Five Guys,15218 Summit Avenue,,
10060 alabama street, redlands, ca,92374,Five Guys,10060 Alabama Street,,
2690 tuscany street, corona, ca,92881,Five Guys,2690 Tuscany Street,,
27774 newport rd., menifee, ca,92584,Five Guys,27774 Newport Rd.,,
40426 winchester rd., temecula, ca,92591,Five Guys,40426 Winchester Rd.,,
32195, temecula, ca,92592,Five Guys,32195 Temecula Pkwy,,
3660 crocker dr, sacramento, ca,95818,Five Guys,3660 Crocker Dr,,
9257 laguna springs dr, elk grove, ca,95758,Five Guys,3660 Crocker Dr,,
198 e redlands blvd, san bernardino, ca,92408,Five Guys,10060 Alabama Street,,
295 w highland, san bernardino, ca,92405,Five Guys,10060 Alabama Street,,
494 south mount vernon ave, san bernadino, ca,92410,Five Guys,10060 Alabama Street,,
524 inland center dr, san bernardino, ca,92410,Five Guys,10060 Alabama Street,,
12719 main street, hesperia, ca,92344,Five Guys,12719 Main Street,,
670 university ave, san diego, ca,92103,Five Guys,670 University Ave,,
2445 truxton rd., san diego, ca,92106,Five Guys,2445 Truxton Rd.,,
781 palm ave., imperial beach, ca,91932,Five Guys,781 Palm Ave.,,
345 fletcher parkway, el cajon, ca,92020,Five Guys,345 Fletcher Parkway,,
5650 balboa ave suite 101, san diego, ca,92117,Five Guys,5650 Balboa Ave Suite 101,,
555 broadway, chula vista, ca,91910,Five Guys,555 Broadway,,
2278 westborough blvd., south san francisco, ca,94080,Five Guys,2278 Westborough Blvd.,,
203 primrose drive, burlingame, ca,94010,Five Guys,203 Primrose Drive,,
933 e. hillsdale, foster city, ca,94404,Five Guys,933 E. Hillsdale,,
238 redwood shores parkway, redwood city, ca,94065,Five Guys,238 Redwood Shores Parkway,,
801 middlefield road, redwood city, ca,94063,Five Guys,801 Middlefield Road,,
5633 pacific ave, stockton, ca,95207,Five Guys,5633 Pacific Ave,,
2140 daniels street, manteca, ca,95337,Five Guys,2140 Daniels Street,,
763 east foothill blvd, san luis obisp, ca,93405,Five Guys,763 East Foothill Blvd,,
1229 e. grand ave., arroyo grande, ca,93420,Five Guys,1229 E. Grand Ave.,,
33 hillsdale shopping center, san mateo, ca,94403,Five Guys,933 E. Hillsdale,,
811 state st, santa barbara, ca,93101,Five Guys,12 West De La Guerra Street,,
1205 the alameda, suite 10, san jose, ca, us,Five Guys, CA 95126,
121 curtner ave, san jose, ca,95125,Five Guys,121 Curtner Ave,,
438 north capitol avenue, san jose, ca,95127,Five Guys,438 North Capitol Avenue,,
2007 camden ave, san jose, ca,95124,Five Guys,2007 Camden Ave,,
5353 almaden expy # n60, san jose, ca,95118,Five Guys,5353 Almaden Expy # N60,,
5205 prospect rd, san jose, ca,95129,Five Guys,5205 Prospect Rd,,
116 e. el camino real, sunnyvale, ca,94087,Five Guys,116 E. El Camino Real,,
2098 el camino real, mountain view, ca,94040,Five Guys,2098 El Camino Real,,
1101 pacific avenue, santa cruz, ca,95060,Five Guys,1101 Pacific Avenue,,
1570 gateway boulevard, fairfield, ca,94533,Five Guys,1570 Gateway Boulevard,,
1651 monte vista ave., vacaville, ca,95688,Five Guys,1651 Monte Vista Ave.,,
2207 claribel road, riverbank, ca,95357,Five Guys,2207 Claribel Road,,
4129 s. mooney blvd., visalia, ca,93277,Five Guys,1693 West Lacy Blvd,,
1693 west lacy blvd, hanford, ca,93230,Five Guys,1693 West Lacy Blvd,,
2730 portico way, oxnard, ca,93036,Five Guys,2730 Portico Way,,
487 n. moorpark rd., thousand oaks, ca,91360,Five Guys,2730 Portico Way,,
31495, yucaipa, ca,92399,Five Guys,31495 Yucaipa Boulevard,,
1254 west redondo beach blvd, gardena, ca,90247,Five Guys,2942 W. Imperial Hwy.,,
6623 riverside dr., fresno, ca,93722,Five Guys,6623 Riverside Dr.,,
4625 candlewood st., lakewood, ca,90712,Five Guys,4625 Candlewood St.,,
1299 marina boulevard, san leandro, ca,94577,Five Guys,1299 Marina Boulevard,,
5550 wilshire blvd ste 101d, los angeles, ca,90036,Five Guys,5550 Wilshire Blvd Ste 101d,,
10140 carmenita rd., whittier, ca,90605,Five Guys,10140 Carmenita Rd.,,
6285 pats ranch rd., mira loma, ca,91752,Five Guys,6285 Pats Ranch Rd.,,
2970 w. grant line road, tracy, ca,95304,Five Guys,2970 W. Grant Line Road,,
7945 haven ave, rancho cucamonga, ca,91730,Five Guys,7945 Haven Ave,,
5660 cottle rd, san jose, ca,95123,Five Guys,5660 Cottle Rd,,
4737 venice blvd, los angeles, ca,90019,Five Guys,4737 Venice Blvd,,
30622 santa margarita pkwy, rancho santa margarita, ca,92688,Five Guys,24391 Alicia Pkwy,,
230 south lake avenue, pasadena, ca,91101,Five Guys,230 South Lake Avenue,,
23240 hawthorne blvd., #101, torrance, ca, us,Five Guys, CA 90505,
3456 camino tassajara, danville, ca,94506,Five Guys,3456 Camino Tassajara,,
1826 webster st, alameda, ca,94501,Jack in the Box,1826 Webster St,,
4425 telegraph ave, oakland, ca,94609,Jack in the Box,4425 Telegraph Ave,,
2424 east international boulevard, oakland, ca,94601,Jack in the Box,2424 East International Boulevard,,
6510 telegraph ave, oakland, ca,94609,Jack in the Box,6510 Telegraph Ave,,
1257 park st, alameda, ca,94501,Jack in the Box,1257 Park St,,
2197 san pablo ave, berkeley, ca,94702,Jack in the Box,2197 San Pablo Ave,,
36848, fremont, ca,94536,Jack in the Box,36848 Fremont Blvd.,,
5533 stevenson blvd., fremont, ca,94538,Jack in the Box,5533 Stevenson Blvd.,,
41115, fremont, ca,94538,Jack in the Box,41115 Fremont Blvd.,,
39017 cedar blvd., newark, ca,94560,Jack in the Box,39017 Cedar Blvd.,,
43921 osgood road., fremont, ca,94539,Jack in the Box,43921 Osgood Road.,,
34701 ardenwood blvd., fremont, ca,94555,Jack in the Box,34701 Ardenwood Blvd.,,
24175 mission boulevard, hayward, ca,94544,Jack in the Box,24175 Mission Boulevard,,
18555 mission blvd, hayward, ca,94541,Jack in the Box,18555 Mission Blvd,,
3035, castro valley, ca,94546,Jack in the Box,3035 Castro Valley Rd,,
17550 hesperian blvd, san lorenzo, ca,94580,Jack in the Box,17550 Hesperian Blvd,,
25198 hesperian boulevard, hayward, ca,94545,Jack in the Box,25198 Hesperian Boulevard,,
1490 west winton avenue, hayward, ca,94545,Jack in the Box,1490 West Winton Avenue,,
1710 monument blvd, concord, ca,94518,Jack in the Box,1710 Monument Blvd, CA 94518,
1051 willow pass ct., concord, ca,94520,Jack in the Box,1051 Willow Pass Ct.,,
4740 clayton rd, concord, ca,94521,Jack in the Box,4740 Clayton Rd,,
1817 contra costa blvd, pleasant hill, ca,94523,Jack in the Box,1817 Contra Costa Blvd,,
2295 n main st, walnut creek, ca,94596,Jack in the Box,2295 N Main St,,
3955 alhambra ave, martinez, ca,94553,Jack in the Box,3955 Alhambra Ave,,
3110 e tulare st, fresno, ca,93702,Jack in the Box,3110 E Tulare St,,
2124 n blackstone hwy, fresno, ca,93703,Jack in the Box,2124 N Blackstone Hwy,,
4968 e kings canyon rd, fresno, ca,93727,Jack in the Box,4968 E Kings Canyon Rd,,
3058 w clinton ave, fresno, ca,93722,Jack in the Box,3058 W Clinton Ave,,
1167 n clovis ave, fresno, ca,93727,Jack in the Box,1167 N Clovis Ave,,
2220 chester ave, bakersfield, ca,93301,Jack in the Box,2220 Chester Ave,,
1200 oak street, bakersfield, ca,93304,Jack in the Box,1200 Oak Street,,
10 union ave, bakersfield, ca,93307,Jack in the Box,10 Union Ave,,
4200 chester ave, bakersfield, ca,93301,Jack in the Box,4200 Chester Ave,,
1003 east california avenue, bakersfield, ca,93307,Jack in the Box,1003 East California Avenue,,
3002 ming ave, bakersfield, ca,93304,Jack in the Box,3002 Ming Ave,,
1135 north mission road, los angeles, ca,90033,Jack in the Box,2521 Pasadena Ave,,
1900 w. 6th st, los angeles, ca,90057,Jack in the Box,1900 W. 6th St,,
1615 s broadway, los angeles, ca,90015,Jack in the Box,1615 S Broadway,,
1415 south alameda street, los angeles, ca,90021,Jack in the Box,1415 South Alameda Street,,
2521 pasadena ave, los angeles, ca,90031,Jack in the Box,2521 Pasadena Ave,,
652 atlantic ave, long beach, ca,90802,Jack in the Box,652 Atlantic Ave,,
1190 east pacific coast highway, long beach, ca,90806,Jack in the Box,1190 East Pacific Coast Highway,,
1720 w pacific coast hwy, long beach, ca,90813,Jack in the Box,1720 W Pacific Coast Hwy, CA 90813,
2101 e anaheim st, long beach, ca,90804,Jack in the Box,2101 E Anaheim St,,
3980 e ocean blvd, long beach, ca,90803,Jack in the Box,3980 E Ocean Blvd,,
3399 e pacific coast hwy, long beach, ca,90755,Jack in the Box,3399 E Pacific Coast Hwy,,
26547 bouquet canyon road, santa clarita, ca,91350,Jack in the Box,26547 Bouquet Canyon Road,,
22908 lyons avenue, santa clarita, ca,91321,Jack in the Box,22908 Lyons Avenue,,
28144 the old road, valencia, ca,91355,Jack in the Box,28144 The Old Road,,
18525 via princessa, santa clarita, ca,91387,Jack in the Box,18525 Via Princessa,,
1814 2nd street, san rafael, ca,94901,Jack in the Box,1814 2nd Street,,
301 enfrente rd, novato, ca,94949,Jack in the Box,301 Enfrente Rd,,
7135 redwood blvd., novato, ca,94945,Jack in the Box,7135 Redwood Blvd.,,
14395, san pablo, ca,94806,Jack in the Box,14395 San Pablo Ave,,
50 san pablo towne ctr, san pablo, ca,94806,Jack in the Box,50 San Pablo Towne Ctr,,
5920 cutting blvd, el-cerrito, ca,94530,Jack in the Box,5920 Cutting Blvd,,
837 e washington st, petaluma, ca,94952,Jack in the Box,837 E Washington St,,
645 south main street, salinas, ca,93901,Jack in the Box,645 South Main Street,,
975 n. main st., salinas, ca,93906,Jack in the Box,975 N. Main St.,,
1225 de la torre street, salinas, ca,93905,Jack in the Box,1225 De La Torre Street,,
1810 n main st., salinas, ca,93906,Jack in the Box,1810 N Main St.,,
1540 n sanborn rd., salinas, ca,93905,Jack in the Box,1540 N Sanborn Rd.,,
211 reservation rd, marina, ca,93933,Jack in the Box,211 Reservation Rd,,
601 north main street, santa ana, ca,92701,Jack in the Box,601 North Main Street,,
719 north bristol street, santa ana, ca,92703,Jack in the Box,719 North Bristol Street,,
1406 east first street, santa ana, ca,92701,Jack in the Box,1406 East First Street,,
1300 w edinger ave, santa ana, ca,92704,Jack in the Box,1300 W Edinger Ave,,
1730 e. edinger ave., santa ana, ca,92705,Jack in the Box,1730 E. Edinger Ave.,,
3050 w. chapman ave, orange, ca,92868,Jack in the Box,3050 W. Chapman Ave,,
290 w. lincoln ave., anaheim, ca,92805,Jack in the Box,290 W. Lincoln Ave.,,
100 s. state college blvd., anaheim, ca,92806,Jack in the Box,100 S. State College Blvd.,,
235 e orangethorpe ave, fullerton, ca,92832,Jack in the Box,235 E Orangethorpe Ave,,
1155 north euclid avenue, anaheim, ca,92801,Jack in the Box,1155 North Euclid Avenue,,
797 west orangethorpe avenue, placentia, ca,92870,Jack in the Box,797 West Orangethorpe Avenue,,
999 s brookhurst st, anaheim, ca,92804,Jack in the Box,999 S Brookhurst St,,
1923 douglas blvd, roseville, ca,95661,Jack in the Box,1923 Douglas Blvd,,
5150 foothills blvd., roseville, ca,95747,Jack in the Box,5150 Foothills Blvd.,,
8655 auburn blvd, roseville, ca,95661,Jack in the Box,8655 Auburn Blvd,,
6691 stanford ranch road, rocklin, ca,95677,Jack in the Box,6691 Stanford Ranch Road,,
4410, rocklin, ca,95677,Jack in the Box,4410 Rocklin Rd,,
8100 greenback ln, fair oaks, ca,95628,Jack in the Box,8100 Greenback Ln,,
13421 east lincoln way, auburn, ca,95603,Jack in the Box,13421 East Lincoln Way,,
455 highway 65, lincoln, ca,95648,Jack in the Box,455 Highway 65,,
3434 14th st, riverside, ca,92501,Jack in the Box,3434 14th St,,
1371 blaine st, riverside, ca,92507,Jack in the Box,1371 Blaine St,,
1115 w la cadena dr, riverside, ca,92501,Jack in the Box,1115 W La Cadena Dr,,
5642 30th street, rubidoux, ca,92509,Jack in the Box,5642 30th Street,,
5126 arlington ave., riverside, ca,92504,Jack in the Box,3521 Central Ave,,
22485 alessandro boulevard, moreno valley, ca,92553,Jack in the Box,22485 Alessandro Boulevard,,
12477 heacock st, moreno valley, ca,92553,Jack in the Box,12477 Heacock St,,
15030 perris boulevard, moreno valley, ca,92551,Jack in the Box,15030 Perris Boulevard,,
24985 elder ave, moreno valley, ca,92557,Jack in the Box,24985 Elder Ave,,
5700 sycamore canyon boulevard, riverside, ca,92507,Jack in the Box,5700 Sycamore Canyon Boulevard,,
25950 iris avenue, moreno valley, ca,92551,Jack in the Box,25950 Iris Avenue,,
24620 madison ave, murrieta, ca,92562,Jack in the Box,24620 Madison Ave,,
39878 los alamos rd, murrieta, ca,92562,Jack in the Box,39878 Los Alamos Rd,,
36196 hidden springs rd, wildomar, ca,92595,Jack in the Box,36196 Hidden Springs Rd,,
40412 winchester rd, temecula, ca,92591,Jack in the Box,40412 Winchester Rd,,
21960 bundy canyon road, wildomar, ca,92595,Jack in the Box,21960 Bundy Canyon Road,,
33080 antelope road, murrieta, ca,92563,Jack in the Box,33080 Antelope Road,,
2560 w el camino ave, sacramento, ca,95833,Jack in the Box,2560 W El Camino Ave,,
775 harbor pointe place, west sacramento, ca,95605,Jack in the Box,775 Harbor Pointe Place,,
5800 freeport blvd., sacramento, ca,95822,Jack in the Box,5800 Freeport Blvd.,,
2293 arden way, sacramento, ca,95825,Jack in the Box,2293 Arden Way,,
4128 norwood ave, sacramento, ca,95838,Jack in the Box,4128 Norwood Ave,,
2750 del paso rd, sacramento, ca,95834,Jack in the Box,2750 Del Paso Rd,,
9620 e stockton blvd, elk grove, ca,95624,Jack in the Box,9620 E Stockton Blvd,,
9179 elk grove florin road, elk grove, ca,95624,Jack in the Box,9179 Elk Grove Florin Road,,
4820 laguna blvd, elk grove, ca,95758,Jack in the Box,4820 Laguna Blvd,,
7795 stockton boulevard, sacramento, ca,95823,Jack in the Box,7795 Stockton Boulevard,,
4435 florin rd, sacramento, ca,95823,Jack in the Box,4435 Florin Rd,,
6300 power inn rd, sacramento, ca,95824,Jack in the Box,6300 Power Inn Rd,,
303 e base line st, san bernardino, ca,92410,Jack in the Box,303 E Base Line St,,
1199 n mt vernon ave, colton, ca,92324,Jack in the Box,1199 N Mt Vernon Ave,,
1141 w highland ave, san bernardino, ca,92405,Jack in the Box,1141 W Highland Ave,,
1148 coulston st, san bernardino, ca,92408,Jack in the Box,1148 Coulston St,,
14618 7th street, victorville, ca,92392,Jack in the Box,14618 7th Street,,
14515 mojave dr., victorville, ca,92394,Jack in the Box,14515 Mojave Dr.,,
12134 hesperia road, victorville, ca,92392,Jack in the Box,12134 Hesperia Road,,
18901 bear valley rd., apple valley, ca,92308,Jack in the Box,18901 Bear Valley Rd.,,
15818, apple valley, ca,92307,Jack in the Box,15818 Apple Valley Rd.,,
1110 c st, san diego, ca,92101,Jack in the Box,1110 C St,,
1619 pacific hwy, san diego, ca,92101,Jack in the Box,1619 Pacific Hwy,,
2404 market st, san diego, ca,92102,Jack in the Box,2404 Market St,,
804 university ave, san diego, ca,92103,Jack in the Box,804 University Ave,,
220 w. washington st., san diego, ca,92103,Jack in the Box,220 W. Washington St.,,
2890 national ave, san diego, ca,92113,Jack in the Box,2890 National Ave,,
2959 upas st, san diego, ca,92104,Jack in the Box,2959 Upas St,,
486 broadway, chula vista, ca,91910,Jack in the Box,486 Broadway,,
5 n 4th ave, chula vista, ca,91910,Jack in the Box,5 N 4th Ave,,
802 3rd ave, chula vista, ca,91911,Jack in the Box,802 3rd Ave,,
370 e h st, chula vista, ca,91910,Jack in the Box,370 E H St,,
1745 highland ave, national city, ca,91950,Jack in the Box,1745 Highland Ave,,
585 palomar st, chula vista, ca,91911,Jack in the Box,585 Palomar St,,
1900 mission ave, oceanside, ca,92054,Jack in the Box,1900 Mission Ave,,
2474 vista way, oceanside, ca,92054,Jack in the Box,2474 Vista Way,,
901, carlsbad, ca,92008,Jack in the Box,901 Carlsbad Village Dr,,
3909 mission avenue, oceanside, ca,92054,Jack in the Box,3909 Mission Avenue,,
3808 plaza dr, oceanside, ca,92056,Jack in the Box,3808 Plaza Dr,,
4211, oceanside, ca,92056,Jack in the Box,4211 Oceanside Blvd,,
400 geary st, san francisco, ca,94102,Jack in the Box,400 Geary St,,
366 bayshore blvd, san francisco, ca,94124,Jack in the Box,366 Bayshore Blvd,,
4649 geary blvd, san francisco, ca,94118,Jack in the Box,4649 Geary Blvd,,
7217 mission st, daly city, ca,94014,Jack in the Box,7217 Mission St,,
1695 el camino real, south san francisco, ca,94080,Jack in the Box,1695 El Camino Real,,
201 south spruce street, south san francisco, ca,94080,Jack in the Box,201 South Spruce Street,,
1504 pacific ave, stockton, ca,95204,Jack in the Box,1504 Pacific Ave,,
733 west charter wy, stockton, ca,95206,Jack in the Box,733 West Charter Wy,,
1916 east march ln, stockton, ca,95210,Jack in the Box,1916 East March Ln,,
2592 west march ln, stockton, ca,95207,Jack in the Box,2592 West March Ln,,
6200 pacific ave., stockton, ca,95207,Jack in the Box,6200 Pacific Ave.,,
920 e hammer ln, stockton, ca,95210,Jack in the Box,920 E Hammer Ln,,
390 santa rosa street, san luis obispo, ca,93405,Jack in the Box,390 Santa Rosa Street,,
334 five cities drive, pismo beach, ca,93449,Jack in the Box,334 Five Cities Drive,,
1208 grand avenue, arroyo grande, ca,93420,Jack in the Box,1208 Grand Avenue,,
2304 spring street, paso robles, ca,93446,Jack in the Box,2304 Spring Street,,
9000 west front street, atascadero, ca,93422,Jack in the Box,9000 West Front Street,,
555 east 3rd avenue, san mateo, ca,94401,Jack in the Box,555 East 3rd Avenue,,
1100 el camino real, san carlos, ca,94070,Jack in the Box,1100 El Camino Real,,
1205 broadway st, redwood city, ca,94063,Jack in the Box,1205 Broadway St,,
986 woodside rd, redwood city, ca,94061,Jack in the Box,986 Woodside Rd,,
3199 el camino real, redwood city, ca,94061,Jack in the Box,3199 El Camino Real,,
830 south broadway, santa maria, ca,93454,Jack in the Box,830 South Broadway,,
1041 east main street, santa maria, ca,93454,Jack in the Box,1041 East Main Street,,
705 east betteravia road, santa maria, ca,93454,Jack in the Box,705 East Betteravia Road,,
2306 south broadway, santa maria, ca,93454,Jack in the Box,2306 South Broadway,,
5001, orcutt, ca,93455,Jack in the Box,5001 Orcutt Road,,
501 north milpas street, santa barbara, ca,93103,Jack in the Box,501 North Milpas Street,,
3747 state street, santa barbara, ca,93105,Jack in the Box,3747 State Street,,
6875 hollister avenue, goleta, ca,93117,Jack in the Box,6875 Hollister Avenue,,
2352 east thompson boulevard, ventura, ca,93003,Jack in the Box,2352 East Thompson Boulevard,,
2115 south victoria ave., ventura, ca,93003,Jack in the Box,2115 South Victoria Ave.,,
550 s victoria ave, oxnard, ca,93035,Jack in the Box,550 S Victoria Ave,,
148 e san carlos st, san jose, ca,95112,Jack in the Box,148 E San Carlos St,,
1490 monterey road, san jose, ca,95110,Jack in the Box,1490 Monterey Road,,
1558 w san carlos st, san jose, ca,95126,Jack in the Box,1558 W San Carlos St,,
1075 willow street, san jose, ca,95125,Jack in the Box,1075 Willow Street,,
1841 story road, san jose, ca,95122,Jack in the Box,1841 Story Road,,
697 curtner avenue, san jose, ca,95125,Jack in the Box,697 Curtner Avenue,,
200 west el camino real, mountain view, ca,94040,Jack in the Box,200 West El Camino Real,,
3367 el camino real, santa clara, ca,95051,Jack in the Box,3367 El Camino Real,,
510 n shoreline blvd, mountain view, ca,94043,Jack in the Box,510 N Shoreline Blvd,,
2845 augustine dr, santa clara, ca,95054,Jack in the Box,2845 Augustine Dr,,
3465 homestead rd, santa clara, ca,95051,Jack in the Box,3465 Homestead Rd,,
4896 el camino real, los altos, ca,94022,Jack in the Box,4896 El Camino Real,,
640 ocean street, santa cruz, ca,95060,Jack in the Box,640 Ocean Street,,
6014, scotts valley, ca,95066,Jack in the Box,6014 Scotts Valley Dr,,
1085 s green valley rd, watsonville, ca,95076,Jack in the Box,1085 S Green Valley Rd,,
1700, freedom, ca,95019,Jack in the Box,1700 Freedom Blvd.,,
15771, los gatos, ca,95032,Jack in the Box,15771 Los Gatos Blvd,,
400 broadway st., vallejo, ca,94590,Jack in the Box,400 Broadway St.,,
35 admiral callaghan ln, vallejo, ca,94591,Jack in the Box,35 Admiral Callaghan Ln,,
1610 lewis brown dr, vallejo, ca,94589,Jack in the Box,1610 Lewis Brown Dr,,
107 west american canyon road, american canyon, ca,94503,Jack in the Box,107 West American Canyon Road,,
3800 san pablo ave bldg a, hercules, ca,94547,Jack in the Box,3800 San Pablo Ave Bldg A,,
2689, pinole, ca,94564,Jack in the Box,2689 Pinole Valley Rd,,
1980 n. texas st., fairfield, ca,94533,Jack in the Box,1980 N. Texas St.,,
1965 w. texas st., fairfield, ca,94533,Jack in the Box,1965 W. Texas St.,,
499 grizzly island rd, suisun city, ca,94585,Jack in the Box,499 Grizzly Island Rd,,
1035 alamo dr, vacaville, ca,95687,Jack in the Box,1035 Alamo Dr,,
107 red top road, fairfield, ca,94534,Jack in the Box,107 Red Top Road,,
290 e monte vista ave, vacaville, ca,95688,Jack in the Box,290 E Monte Vista Ave,,
425 sebastopol road, santa rosa, ca,95407,Jack in the Box,425 Sebastopol Road,,
2550 hoen frontage road, santa rosa, ca,95405,Jack in the Box,2550 Hoen Frontage Road,,
1004 steele ln, santa rosa, ca,95403,Jack in the Box,1004 Steele Ln,,
2755, santa rosa, ca,95407,Jack in the Box,2755 Santa Rosa Ave.,,
3086 marlow rd, santa rosa, ca,95403,Jack in the Box,3086 Marlow Rd,,
6299 commerce blvd, rohnert park, ca,94928,Jack in the Box,6299 Commerce Blvd,,
1120 s mooney blvd, visalia, ca,93277,Jack in the Box,1120 S Mooney Blvd,,
1400 n ben maddox way, visalia, ca,93292,Jack in the Box,1400 N Ben Maddox Way,,
3416 north dinuba boulevard, visalia, ca,93291,Jack in the Box,3416 North Dinuba Boulevard,,
1145 south lovers ln, visalia, ca,93292,Jack in the Box,1400 N Ben Maddox Way,,
107 w caldwell ave, visalia, ca,93277,Jack in the Box,107 W Caldwell Ave,,
5340 w cypress ave, visalia, ca,93277,Jack in the Box,5340 W Cypress Ave,,
960 n ventura rd, oxnard, ca,93030,Jack in the Box,960 N Ventura Rd,,
2800 s rose ave, oxnard, ca,93033,Jack in the Box,2800 S Rose Ave,,
2580 north vineyard avenue, oxnard, ca,93030,Jack in the Box,2580 North Vineyard Avenue,,
814 n. ventura rd., port hueneme, ca,93041,Jack in the Box,814 N. Ventura Rd.,,
495 n d st, san bernardino, ca,92401,Jack in the Box,495 N D St,,
8134 sierra ave, fontana, ca,92335,Jack in the Box,8134 Sierra Ave,,
532 hegenberger road, oakland, ca,94621,Jack in the Box,532 Hegenberger Road,,
339 paradise avenue, modesto, ca,95351,Jack in the Box,339 Paradise Avenue,,
4601 broadway, sacramento, ca,95820,Jack in the Box,4601 Broadway,,
10110 sierra ave, fontana, ca,92335,Jack in the Box,10110 Sierra Ave,,
602 w. napa st., sonoma, ca,95476,Jack in the Box,602 W. Napa St.,,
1641 trancas street, napa, ca,94558,Jack in the Box,1641 Trancas Street,,
14485 foothill blvd, fontana, ca,92335,Jack in the Box,14485 Foothill Blvd,,
20168 highway 18, apple valley, ca,92307,Jack in the Box,20168 Us Highway 18,,
3886 chicago ave., riverside, ca,92507,Jack in the Box,3886 Chicago Ave.,,
6025, long beach, ca,90805,Jack in the Box,6025 Long Beach Blvd,,
6131 greenback ln, citrus heights, ca,95621,Jack in the Box,6131 Greenback Ln,,
497 s e st, san bernardino, ca,92401,Jack in the Box,497 S E St,,
147 s oswell st, bakersfield, ca,93307,Jack in the Box,147 S Oswell St,,
17020 s highland ave, fontana, ca,92336,Jack in the Box,17020 S Highland Ave,,
475 s cedar ave, rialto, ca,92376,Jack in the Box,475 S Cedar Ave,,
2135 railroad avenue, pittsburg, ca,94565,Jack in the Box,2135 Railroad Avenue,,
7261 citrus ave, fontana, ca,92336,Jack in the Box,7261 Citrus Ave,,
22220 wilmington avenue, carson, ca,90745,Jack in the Box,22220 Wilmington Avenue,,
939 e, carson, ca,90745,Jack in the Box,939 E Carson St,,
2044 w orangeburg ave, modesto, ca,95350,Jack in the Box,2044 W Orangeburg Ave,,
3506 west hammer ln, stockton, ca,95219,Jack in the Box,3506 West Hammer Ln,,
4228 n figueroa st, los angeles, ca,90065,Jack in the Box,4228 N Figueroa St,,
4514 telegraph ave, oakland, ca,94609,McDonald,4514 Telegraph Ave,,
715 central ave, alameda, ca,94501,McDonald,715 Central Ave,,
6623 san pablo ave, oakland, ca,94608,McDonald,6623 San Pablo Ave,,
1330 jackson st, oakland, ca,94612,McDonald,1330 Jackson St,,
2520 e 12th st, oakland, ca,94601,McDonald,2520 E 12th St,,
38860, fremont, ca,94536,McDonald,38860 Fremont Blvd,,
40708 grimmer blvd, fremont, ca, 94538-2845,McDonald,40708 Grimmer Blvd,,
4318 thornton ave, fremont, ca,94536,McDonald,4318 Thornton Ave,,
3000 newpark mall rd, newark, ca,94560,McDonald,3000 Newpark Mall Rd,,
3990 decoto rd, fremont, ca,94536,McDonald,3990 Decoto Rd,,
42800 mission blvd, fremont, ca,94539,McDonald,42800 Mission Blvd,,
23989 watkins st, hayward, ca, 94544-1028,McDonald,23989 Watkins St,,
355 w a st, hayward, ca,94541,McDonald,355 W A St,,
1620 strobridge ave, castro valley, ca,94546,McDonald,1620 Strobridge Ave,,
2905 grove way, castro valley, ca,94546,McDonald,2905 Grove Way,,
26253 mission blvd, hayward, ca,94544,McDonald,26253 Mission Blvd,,
18708 hesperian blvd, hayward, ca, 94541-2248,McDonald,18708 Hesperian Blvd,,
1691 monument blvd, concord, ca,94520,McDonald,1691 Monument Blvd,,
4550 clayton rd, concord, ca, 94521-2850,McDonald,4550 Clayton Rd,,
1690 contra costa blvd, pleasant hill, ca,94523,McDonald,1690 Contra Costa Blvd,,
1185 arnold dr, martinez, ca,94553,McDonald,1185 Arnold Dr,,
220 bailey road, bay point, ca,94565,McDonald,220 Bailey Road,,
1739 divisadero st, fresno, ca, 93701-1920,McDonald,1739 Divisadero St,,
4505 e kings canyon rd, fresno, ca,93702,McDonald,4505 E Kings Canyon Rd,,
3110 e jensen, fresno, ca, 93706-5113,McDonald,3110 E Jensen,,
3115 n blackstone ave, fresno, ca,93704,McDonald,3115 N Blackstone Ave,,
1718 w olive, fresno, ca, 93728-2642,McDonald,1718 W Olive,,
4898 e kings canyon rd, fresno, ca,93727,McDonald,4898 E Kings Canyon Rd,,
2310 f st, bakersfield, ca,93301,McDonald,2310 F St,,
1812 n union ave, bakersfield, ca,93305,McDonald,1812 N Union Ave,,
chester &amp; brundage, bakersfield, ca,93304,McDonald,Chester & Brundage,,
225 n chester avenue, oildale, ca,93308,McDonald,225 N Chester Avenue,,
4600 ming ave, bakersfield, ca,93309,McDonald,4600 Ming Ave,,
2699 mount vernon ave, bakersfield, ca,93306,McDonald,2699 Mount Vernon Ave,,
690 alameda st., los angeles, ca,90021,McDonald,690 Alameda St.,,
1310 east olympic blvd, los angeles, ca,90021,McDonald,1310 East Olympic Blvd,,
1625 wilshire blvd, los angeles, ca,90017,McDonald,1625 Wilshire Blvd,,
1716 marengo st, los angeles, ca, 90033-1315,McDonald,1716 Marengo St,,
405 n alvarado st, los angeles, ca,90026,McDonald,405 N Alvarado St,,
245 n soto st, los angeles, ca,90033,McDonald,245 N Soto St,,
640 long beach blvd, long beach, ca,90802,McDonald,640 Long Beach Blvd,,
1000 e 4th st, long beach, ca,90802,McDonald,1000 E 4th St,,
2599, long beach, ca,90806,McDonald,2599 Long Beach Blvd,,
3302 e anaheim st, long beach, ca,90804,McDonald,3302 E Anaheim St,,
2290 north bellflower blvd, long beach, ca,90815,McDonald,2290 North Bellflower Blvd,,
21836 south avalon blvd, carson, ca,90745,McDonald,21836 South Avalon Blvd,,
27618 the old road, valencia, ca,91355,McDonald,27618 The Old Road,,
25323 chiquella ln, stevenson ranch, ca,91381,McDonald,25323 Chiquella Ln,,
golden valley and hwy 14, santa clarita, ca,91387,McDonald,Golden Valley And Hwy 14,,
18850 soledad canyon rd, santa clarita, ca,91351,McDonald,18850 Soledad Canyon Rd,,
27103 mcbean pkwy, santa clarita, ca,91355,McDonald,27103 Mcbean Pkwy,,
23110, valencia, ca,91355,McDonald,23110 Valencia Blvd,,
600 redwood hwy, mill valley, ca,94941,McDonald,600 Redwood Hwy,,
2114 4th st, san rafael, ca,94901,McDonald,2114 4th St,,
190 merrydale rd, san rafael, ca,94903,McDonald,190 Merrydale Rd,,
969 east francisco blvd., san rafael, ca,94901,McDonald,2114 4th St,,
5600 nave dr, novato, ca,94949,McDonald,5600 Nave Dr,,
981 lakeville hwy, petaluma, ca,94952,McDonald,981 Lakeville Hwy,,
155 kern st, salinas, ca,93905,McDonald,155 Kern St,,
1213 s main st, salinas, ca,93901,McDonald,1213 S Main St,,
608 williams rd, salinas, ca,93905,McDonald,608 Williams Rd,,
975 e blanco rd, salinas, ca,93901,McDonald,840 E Alisal St,,
301 e 1st st, santa ana, ca,92701,McDonald,301 E 1st St,,
1011 e 17th st, santa ana, ca,92706,McDonald,1011 E 17th St,,
1100 s grand ave, santa ana, ca,92705,McDonald,1100 S Grand Ave,,
1526 w edinger ave, santa ana, ca,92704,McDonald,1526 W Edinger Ave,,
2300 s. main street, santa ana, ca,92707,McDonald,2300 S. Main Street,,
119 west ball road, anaheim, ca, 92805-6045,McDonald,119 West Ball Road,,
740 n. euclid st., anaheim, ca, 92801-4115,McDonald,740 N. Euclid St.,,
1100 north state college blvd, anaheim, ca,92806,McDonald,1100 North State College Blvd,,
1810 s state college blvd, anaheim, ca,92805,McDonald,1810 S State College Blvd,,
1341 s brookhurst rd, fullerton, ca,92833,McDonald,1341 S Brookhurst Rd,,
770 w chapman ave, placentia, ca,92870,McDonald,770 W Chapman Ave,,
7899 walerga rd, antelope, ca,95843,McDonald,7899 Walerga Rd,,
5301 elkhorn blvd, sacramento, ca,95842,McDonald,5301 Elkhorn Blvd,,
120 harding blvd, roseville, ca,95678,McDonald,120 Harding Blvd,,
3994 foothills blvd, roseville, ca,95747,McDonald,3994 Foothills Blvd,,
1300 east, roseville, ca,95661,McDonald,120 Harding Blvd,,
13370 lincoln way, auburn, ca,95603,McDonald,13370 Lincoln Way,,
2865 bell rd, auburn, ca,95603,McDonald,2865 Bell Rd,,
4211 sierra college blvd, rocklin, ca,95650,McDonald,4211 Sierra College Blvd,,
2172 sunset blvd, rocklin, ca,95765,McDonald,2172 Sunset Blvd,,
2242 university ave, riverside, ca,92507,McDonald,2242 University Ave,,
2246 iowa avenue, riverside, ca,92507,McDonald,2246 Iowa Avenue,,
6815 valley way, rubidoux, ca,92509,McDonald,6815 Valley Way,,
7474 indiana street, riverside, ca,92504,McDonald,7474 Indiana Street,,
5425 arlington avenue, riverside, ca,92504,McDonald,5425 Arlington Avenue,,
4407 brockton ave, riverside, ca,92501,McDonald,2242 University Ave,,
64 e ramona expy, perris, ca,92571,McDonald,64 E Ramona Expy,,
24440 alessandro blvd, moreno valley, ca,92553,McDonald,24440 Alessandro Blvd,,
23831 sunnymead blvd, moreno valley, ca,92553,McDonald,23831 Sunnymead Blvd,,
22580 cactus ave, moreno valley, ca,92553,McDonald,24440 Alessandro Blvd,,
25280 madison ave, murrieta, ca,92562,McDonald,25280 Madison Ave,,
40605 california oaks road, murrieta, ca,92562,McDonald,40605 California Oaks Road,,
39888 los alamos rd, murrieta, ca,92562,McDonald,39888 Los Alamos Rd,,
23819 clinton keith rd, wildomar, ca,92595,McDonald,23819 Clinton Keith Rd,,
200 richards blvd, sacramento, ca,95811,McDonald,200 Richards Blvd,,
3006 k st, sacramento, ca,95816,McDonald,3006 K St,,
2331 broadway, sacramento, ca,95818,McDonald,2331 Broadway,,
1700 w capitol ave, west sacramento, ca, 95691-2520,McDonald,1700 W Capitol Ave,,
2985 freeport blvd, sacramento, ca,95818,McDonald,2985 Freeport Blvd,,
2729 w capitol ave, west sacramento, ca,95691,McDonald,2729 W Capitol Ave,,
8282 laguna blvd, elk grove, ca,95758,McDonald,8282 Laguna Blvd,,
8710, elk grove, ca,95624,McDonald,8710 Elk Grove Blvd,,
7527 laguna blvd, elk grove, ca,95758,McDonald,7527 Laguna Blvd,,
8361 sheldon road, suite 100, elk grove, ca, us,McDonald, CA 95624,
10051 bruceville road, elk grove, ca,95757,McDonald,10051 Bruceville Road,,
8220 calvine rd., sacramento, ca,95828,McDonald,8220 Calvine Rd.,,
699 2nd st, san bernardino, ca,92410,McDonald,699 2nd St,,
568 s mt vernon ave, san bernardino, ca,92410,McDonald,568 S Mt Vernon Ave,,
718 w highland ave, san bernardino, ca,92405,McDonald,718 W Highland Ave,,
100 e redlands blvd, san bernardino, ca,92408,McDonald,100 E Redlands Blvd,,
1575 e highland ave, san bernardino, ca,92404,McDonald,1575 E Highland Ave,,
14526 palmdale rd, victorville, ca,92392,McDonald,14526 Palmdale Rd,,
12146 mariposa rd, victorville, ca,92395,McDonald,12146 Mariposa Rd,,
16670 bear valley road, victorville, ca,92395,McDonald,16670 Bear Valley Road,,
13625 bear valley rd, victorville, ca,92392,McDonald,13625 Bear Valley Rd,,
12254 palmdale road, victorville, ca,92392,McDonald,12254 Palmdale Road,,
1260 park blvd, san diego, ca,92101,McDonald,1260 Park Blvd,,
1414 university ave, san diego, ca,92103,McDonald,1414 University Ave,,
2796 main st, san diego, ca,92113,McDonald,2796 Main St,,
2345 el cajon blvd., san diego, ca,92104,McDonald,2345 El Cajon Blvd.,,
3805 midway dr, san diego, ca, 92110-5209,McDonald,3805 Midway Dr,,
725 e st, chula vista, ca,91910,McDonald,725 E St,,
3400 highland ave, chula vista, ca,91950,McDonald,1630 Highland Ave,,
619 broadway, chula vista, ca,91910,McDonald,619 Broadway,,
1110 3rd ave, chula vista, ca,91911,McDonald,1110 3rd Ave,,
1630 highland ave, national city, ca,91950,McDonald,1630 Highland Ave,,
2140 plaza blvd., national city, ca,91950,McDonald,2140 Plaza Blvd.,,
137 canyon dr, oceanside, ca,92054,McDonald,137 Canyon Dr,,
1701, oceanside, ca,92054,McDonald,1701 Oceanside Blvd,,
2185 vista way, oceanside, ca,92054,McDonald,2185 Vista Way,,
3720 mission ave, oceanside, ca,92058,McDonald,3720 Mission Ave,,
185 old grove rd., oceanside, ca,92057,McDonald,185 Old Grove Rd.,,
4151 oceanside blvd, oceanside, ca,92056,McDonald,4151 Oceanside Blvd,,
1100 fillmore st, san francisco, ca,94115,McDonald,1100 Fillmore St,,
441 sutter st, san francisco, ca,94108,McDonald,441 Sutter St, NA, CA 94108
302 potrero avenue, san francisco, ca,94103,McDonald,302 Potrero Avenue,,
609 market st, san francisco, ca, 94105-3301,McDonald,609 Market St,,
2801 mission st, san francisco, ca,94110,McDonald,2801 Mission St,,
345 bay shore blvd, san francisco, ca,94124,McDonald,345 Bay Shore Blvd,,
1201 ocean ave, san francisco, ca, 94112-1830,McDonald,1201 Ocean Ave,,
5454 mission st, san francisco, ca,94112,McDonald,5454 Mission St,,
322 s center st, stockton, ca,95203,McDonald,322 S Center St,,
1423 n center st, stockton, ca,95202,McDonald,1423 N Center St,,
1009 n wilson way, stockton, ca, 95205-4217,McDonald,1009 N Wilson Way,,
611 w charter way, stockton, ca,95206,McDonald,611 W Charter Way,,
4515 pacific ave, stockton, ca,95207,McDonald,4515 Pacific Ave,,
563 carolyn weston blvd, stockton, ca,95206,McDonald,563 Carolyn Weston Blvd,,
350 five cities drive, pismo beach, ca,93449,McDonald,350 Five Cities Drive,,
1550 grand ave, grover beach, ca,93433,McDonald,1550 Grand Ave,,
780 quintana rd, morro bay, ca,93442,McDonald,780 Quintana Rd,,
6300 morro rd, atascadero, ca,93422,McDonald,6300 Morro Rd,,
1420 el camino real, san mateo, ca,94402,McDonald,1420 El Camino Real,,
522 el camino real, belmont, ca, 94002-2121,McDonald,522 El Camino Real,,
1101 triton dr, foster city, ca,94404,McDonald,1101 Triton Dr,,
381 s airport blvd, south san francisco, ca,94080,McDonald,381 S Airport Blvd,,
180 el camino real, san carlos, ca,94070,McDonald,180 El Camino Real,,
2450 junipero serra blvd, daly city, ca, 94015-1632,McDonald,2450 Junipero Serra Blvd,,
505 serramonte blvd, daly city, ca, 94015-4372,McDonald,505 Serramonte Blvd,,
125 monterey rd, pacifica, ca, 94044-1332,McDonald,125 Monterey Rd,,
2750 geneva ave, daly city, ca, 94014-1521,McDonald,2750 Geneva Ave,,
1407 bradley rd, santa maria, ca,93454,McDonald,1407 Bradley Rd,,
1710 s broadway, santa maria, ca,93454,McDonald,1710 S Broadway,,
2280 skyway dr, santa maria, ca,93455,McDonald,2280 Skyway Dr,,
29 north milpas street, santa barbara, ca,93103,McDonald,29 North Milpas Street,,
1906 cliff dr, santa barbara, ca,93109,McDonald,1906 Cliff Dr,,
146 s fairview blvd, santa barbara, ca,93117,McDonald,146 S Fairview Blvd,,
6900 marketplace drive, goleta, ca,93117,McDonald,6900 Marketplace Drive,,
3940 state street, santa barbara, ca,93110,McDonald,3940 State Street,,
1115 casitas pass road, carpinteria, ca,93013,McDonald,1115 Casitas Pass Road,,
1299 e santa clara st, san jose, ca,95116,McDonald,1299 E Santa Clara St,,
777 story rd, san jose, ca,95122,McDonald,777 Story Rd,,
1398 w. san carlos, san jose, ca,95126,McDonald,1398 W. San Carlos,,
2191 monterey highway, san jose, ca,95125,McDonald,2191 Monterey Highway,,
2353 mckee rd, san jose, ca,95133,McDonald,2353 Mckee Rd,,
585 tully rd, san jose, ca, 95112-1920,McDonald,585 Tully Rd,,
556 e el camino real, sunnyvale, ca,94087,McDonald,556 E El Camino Real,,
696 n mathilda ave, sunnyvale, ca,94085,McDonald,696 N Mathilda Ave,,
10990 n stelling rd, cupertino, ca,95014,McDonald,10990 N Stelling Rd,,
550 lawrence expy, sunnyvale, ca,94085,McDonald,550 Lawrence Expy, CA 94085,
3509 home stead rd, santa clara, ca,95051,McDonald,3509 Home Stead Rd,,
2850 augustine dr, santa clara, ca,95054,McDonald,2850 Augustine Dr,,
1421 mission st, santa cruz, ca, 95060-4738,McDonald,1421 Mission St,,
1210 ocean ave, santa cruz, ca,95060,McDonald,1210 Ocean Ave,,
259 mount hermon rd, scotts valley, ca,95066,McDonald,259 Mount Hermon Rd,,
1760 41st ave, capitola, ca, 95010-2503,McDonald,1760 41st Ave,,
1459 main st, watsonville, ca,95076,McDonald,1459 Main St,,
1598 freedom blvd, watsonville, ca,95076,McDonald,1598 Freedom Blvd,,
3289 sonoma blvd, vallejo, ca,94590,McDonald,3289 Sonoma Blvd,,
416 e lincoln rd, vallejo, ca,94591,McDonald,416 E Lincoln Rd,,
170 lincoln rd e, vallejo, ca, 94591-8206,McDonald,170 Lincoln Rd E,,
2565 springs rd, vallejo, ca, 94591-5612,McDonald,2565 Springs Rd,,
902 admiral callaghan ln, vallejo, ca,94591,McDonald,902 Admiral Callaghan Ln,,
5200 sonoma blvd, vallejo, ca,94589,McDonald,5200 Sonoma Blvd, CA 94589,
699 beck ave, fairfield, ca,94533,McDonald,699 Beck Ave,,
2212 no texas st, fairfield, ca,94533,McDonald,2212 No Texas St,,
3080 travis blvd, fairfield, ca,94534,McDonald,3080 Travis Blvd,,
101 sunset ave, suisun city, ca,94585,McDonald,101 Sunset Ave,,
3500 nelson rd, fairfield, ca,94533,McDonald,3500 Nelson Rd,,
4400 central pl, fairfield, ca,94534,McDonald,4400 Central Pl,,
2642 santa rosa ave, santa rosa, ca,95407,McDonald,2642 Santa Rosa Ave,,
mission blvd, santa rosa, ca,95409,McDonald,Mission Blvd, CA 95409,
879 hopper ave, santa rosa, ca,95403,McDonald,879 Hopper Ave,,
2521 guerneville rd, santa rosa, ca,95401,McDonald,2521 Guerneville Rd,,
6600 commerce blvd, rohnert park, ca,94928,McDonald,6600 Commerce Blvd,,
900 9th st, modesto, ca,95354,McDonald,900 9th St,,
409 paradise road, modesto, ca,95351,McDonald,409 Paradise Road,,
901 n carpenter rd, modesto, ca,95358,McDonald,901 N Carpenter Rd,,
2118 mchenry ave, modesto, ca, 95350-3213,McDonald,2118 Mchenry Ave,,
801 oakdale ave, modesto, ca,95355,McDonald,801 Oakdale Ave,,
1324 e hatch rd, ceres, ca,95351,McDonald,1324 E Hatch Rd,,
1401 e noble ave, visalia, ca,93292,McDonald,1401 E Noble Ave,,
3636 w mineral king ave, visalia, ca,93291,McDonald,3636 W Mineral King Ave,,
3102 ndinuba, visalia, ca,93291,McDonald,3102 Ndinuba,,
3636 s mooney blvd, visalia, ca, 93277-8019,McDonald,3636 S Mooney Blvd,,
5205 w goshen, visalia, ca,93291,McDonald,5205 W Goshen,,
5215 w akers / walnut, visalia, ca,93277,McDonald,5215 W Akers / Walnut,,
401 ventura ave, oxnard, ca,93030,McDonald,401 Ventura Ave,,
605 s. rose ave., oxnard, ca,93030,McDonald,605 S. Rose Ave.,,
1711 n, oxnard, ca,93030,McDonald,1711 N Oxnard Blvd,,
1741 pacific ave, oxnard, ca,93033,McDonald,1741 Pacific Ave,,
2201 n rose ave, oxnard, ca,93036,McDonald,2201 N Rose Ave,,
3120 s saviers rd, oxnard, ca,93033,McDonald,3120 S Saviers Rd,,
7632 sunrise blvd., citrus heights, ca,95610,McDonald,7632 Sunrise Blvd.,,
1515 euclid ave, san diego, ca,92105,McDonald,1515 Euclid Ave,,
27776 n mcbean pky, santa clarita, ca,91354,McDonald,27776 N Mcbean Pky,,
800 riverpoint dr, west sacramento, ca,95605,McDonald,800 Riverpoint Dr,,
1101 el camino real, millbrae, ca,94030,McDonald,1101 El Camino Real,,
2110 columbus parkway, benicia, ca,94510,McDonald,2110 Columbus Parkway,,
40465 winchester rd, temecula, ca,92591,McDonald,40465 Winchester Rd,,
39196 winchester rd, murrieta, ca,92563,McDonald,39196 Winchester Rd,,
1248 n blackstone, fresno, ca,93703,McDonald,1248 N Blackstone,,
600 east boranda drive, salinas, ca,93906,McDonald,600 East Boranda Drive,,
1000 real rd, bakersfield, ca,93309,McDonald,1000 Real Rd,,
1365 n main st, salinas, ca,93906,McDonald,1365 N Main St,,
1800 prescott rd, modesto, ca,95350,McDonald,1800 Prescott Rd,,
16063 foothill blvd, fontana, ca,92335,McDonald,16063 Foothill Blvd,,
5410 stockdale hwy, bakersfield, ca,93309,McDonald,5410 Stockdale Hwy,,
22257 barton rd, grand terrace, ca,92313,McDonald,22257 Barton Rd,,
1201 s mount vernon ave, colton, ca,92324,McDonald,1201 S Mount Vernon Ave,,
225 w valley blvd, colton, ca,92324,McDonald,225 W Valley Blvd,,
487 college blvd, oceanside, ca,92057,McDonald,487 College Blvd,,
201 w washington blvd, los angeles, ca,90015,McDonald,201 W Washington Blvd,,
1830, long beach, ca,90806,McDonald,1830 Long Beach Blvd,,
221 e alessandro, riverside, ca,92508,McDonald,221 E Alessandro,,
10143 sierra ave, fontana, ca,92335,McDonald,10143 Sierra Ave,,
18988, sonoma, ca,95476,McDonald,18988 Sonoma Hwy,,
4419 waterloo road, stockton, ca,95215,McDonald,4419 Waterloo Road,,
1500 s harbor blvd, anaheim, ca,92802,McDonald,1500 S Harbor Blvd,,
17017 sierra lakes pkwy., fontana, ca,92336,McDonald,17017 Sierra Lakes Pkwy.,,
2891 canyon springs parkway, riverside, ca,92507,McDonald,2891 Canyon Springs Parkway,,
6710 stanford ranch rd, roseville, ca,95678,McDonald,6710 Stanford Ranch Rd,,
230 e pacific coast hwy, wilmington, ca,90744,McDonald,230 E Pacific Coast Hwy,,
931 sepulveda blvd, torrance, ca,90502,McDonald,931 Sepulveda Blvd,,
1501 n bristol st, santa ana, ca,92706,McDonald,1501 N Bristol St,,
1318 w foothill blvd, rialto, ca,92376,McDonald,1318 W Foothill Blvd,,
2298 gellert blvd, south san francisco, ca,94080,McDonald,2298 Gellert Blvd,,
1173 west casmalia st, rialto, ca,92377,McDonald,1173 West Casmalia St,,
55, lincoln, ca,95648,McDonald,55 Lincoln Blvd,,
12371 perris blvd., moreno valley, ca,92557,McDonald,12371 Perris Blvd.,,
103 mcdowell blvd, petaluma, ca,94954,McDonald,103 Mcdowell Blvd,,
541 davis st, vacaville, ca,95688,McDonald,541 Davis St,,
1705 pacific coast hwy, long beach, ca,90810,McDonald,1705 Pacific Coast Hwy,,
1410 north lemon street, anaheim, ca,92801,McDonald,1410 North Lemon Street,,
27 union square, union city, ca,94587,McDonald,27 Union Square,,
1190 cirby way, roseville, ca,95746,McDonald,1190 Cirby Way,,
26200 iris avenue, moreno valley, ca,92555,McDonald,26200 Iris Avenue,,
270, lincoln, ca,95648,McDonald,270 Lincoln Blvd,,
26940 sierra hwy, newhall, ca,91387,McDonald,26940 Sierra Hwy,,
5614 bay street suite 240, emeryville, ca,94608,Shake Shack,5614 Bay Street Suite 240,,
845 market street, san francisco, ca,94103,Shake Shack,3060 Fillmore Street,,
1604 mount diablo boulevard, walnut creek, ca,94596,Shake Shack,1604 Mount Diablo Boulevard,,
1401, larkspur, ca,94939,Shake Shack,1401 Larkspur Landing Circle,,
180 el camino real, palo alto, ca,94304,Shake Shack,180 El Camino Real,,
2855 stevens creek boulevard, santa clara, ca,95050,Shake Shack,2855 Stevens Creek Boulevard,,
33 hillsdale shopping center, san mateo, ca,94403,Shake Shack,33 Hillsdale Shopping Center,,
925 blossom hill road, san jose, ca,95123,Shake Shack,1570 South Bascom Ave,,
3060 fillmore street, san francisco, ca,94123,Shake Shack,3060 Fillmore Street,,
805 north willow avenue, clovis, ca,93611,Shake Shack,805 North Willow Avenue,,
2220 chester ave, bakersfield, ca,93301,Shake Shack,2220 Chester Ave,,
400 w. 8th street, los angeles, ca,90015,Shake Shack,400 W. 8th Street,,
6201 hollywood blvd., los angeles, ca,90028,Shake Shack,6201 Hollywood Blvd.,,
8520 santa monica blvd., west hollywood, ca,90069,Shake Shack,8520 Santa Monica Blvd.,,
2189 whittier boulevard, los angeles, ca,90023,Shake Shack,400 W. 8th Street,,
6440 pacific coast hwy, long beach, ca,90803,Shake Shack,6440 Pacific Coast Hwy,,
1875 west 190th street, torrance, ca,90504,Shake Shack,1875 West 190th Street,,
329 east 17th street, costa mesa, ca,92627,Shake Shack,329 East 17th Street,,
6000 sepulveda boulevard, culver city, ca,90230,Shake Shack,6000 Sepulveda Boulevard,,
6443 topanga canyon blvd, los angeles, ca,91303,Shake Shack,6443 Topanga Canyon Blvd,,
17401 ventura boulevard, los angeles, ca,91316,Shake Shack,17401 Ventura Boulevard ,,
13009 ventura boulevard, studio city, ca,91604,Shake Shack,13009 Ventura Boulevard,,
200 n. san fernando blvd., burbank, ca,91502,Shake Shack,200 N. San Fernando Blvd.,,
120 promenade way, thousand oaks, ca,91362,Shake Shack,120 Promenade Way,,
3251 20th avenue, san francisco, ca,94132,Shake Shack,3251 20th Avenue,,
2424 magowan drive, santa rosa, ca,95405,Shake Shack,2424 Magowan Drive,,
975 e blanco rd, salinas, ca,93901,Shake Shack,975 E Blanco Rd,,
512 spectrum center drive, irvine, ca,92618,Shake Shack,512 Spectrum Center Drive,,
1151 galleria boulevard, roseville, ca,95678,Shake Shack,210 Palladio Parkway,,
1710 r st, sacramento, ca,95811,Shake Shack,1710 R St,,
12456 north mainstreet, rancho cucamonga, ca,91739,Shake Shack,12456 North Mainstreet,,
7740 el camino real, carlsbad, ca,92009,Shake Shack,7740 El Camino Real ,,
14244 valley center dr, victorville, ca,92392,Shake Shack,14244 Valley Center Dr,,
2008 india st., san diego, ca,92101,Shake Shack,2008 India St.,,
675 camino de la reina, san diego, ca,92108,Shake Shack,675 Camino De La Reina,,
3705 paseo place, san diego, ca,92130,Shake Shack,3705 Paseo Place,,
4309 la jolla village drive, san diego, ca,92122,Shake Shack,4309 La Jolla Village Drive,,
1690 valencia street, san francisco, ca,94110,Shake Shack,3251 20th Avenue,,
599 divisadero street, san francisco, ca,94117,Shake Shack,3060 Fillmore Street,,
90 charter oak avenue, san francisco, ca,94124,Shake Shack,3251 20th Avenue,,
522 n. el dorado, stockton, ca,95202,Shake Shack,222 North El Dorado Street Suite B1,,
101 town center east, santa maria, ca,93454,Shake Shack,101 Town Center East,,
716 state street, santa barbara, ca,93101,Shake Shack,718 State St,,
1515 ocean st., santa cruz, ca,95060,Shake Shack,925 Blossom Hill Road,,
950 10th st, modesto, ca,95354,Shake Shack,900 9th St,,
301 north willis street, visalia, ca,93291,Shake Shack,301 North Willis Street,,
2171 rosecrans avenue, el segundo, ca,90245,Shake Shack,2171 Rosecrans Avenue,,
252 s. brand blvd., glendale, ca,91204,Shake Shack,252 S. Brand Blvd.,,
750 south arroyo parkway, pasadena, ca,91105,Shake Shack,750 South Arroyo Parkway,,
31187 mission boulevard, hayward, ca,94544,Sonic,31187 Mission Boulevard,,
1400 north park boulevard, pittsburg, ca,94565,Sonic,1400 North Park Boulevard,,
6055 main street, american canyon, ca,94503,Sonic,6055 Main Street,,
151 bella vista road, vacaville, ca,95687,Sonic,151 Bella Vista Road,,
2105 n. schnoor avenue, madera, ca,93637,Sonic,2105 N. Schnoor Avenue,,
3701 mall view rd, bakersfield, ca,93306,Sonic,3701 Mall View Rd,,
1070 e huntington dr, duarte, ca,91010,Sonic,1070 E Huntington Dr,,
17811 beach blvd, huntington beach, ca,92647,Sonic,17811 Beach Blvd,,
26270 n bouquet canyon rd, saugus, ca,91350,Sonic,26270 N Bouquet Canyon Rd,,
1080 north davis road, salinas, ca,93907,Sonic,1080 North Davis Road,,
3095 harbor blvd, costa mesa, ca,92626,Sonic,3095 Harbor Blvd,,
1632 lemon st, anaheim, ca,92801,Sonic,1632 Lemon St,,
441 n placentia ave, fullerton, ca,92831,Sonic,441 N Placentia Ave,,
3531 south fairview street, santa ana, ca,92704,Sonic,3531 South Fairview Street,,
3332 south bristol street, santa ana, ca,92704,Sonic,3531 South Fairview Street,,
1012 n. state college blvd., anaheim, ca,92806,Sonic,1632 Lemon St,,
913 pleasant grove blvd, roseville, ca,95678,Sonic,913 Pleasant Grove Blvd,,
1580 e main st, woodland, ca,95776,Sonic,1580 E Main St,,
9505 magnolia ave, riverside, ca,92503,Sonic,9505 Magnolia Ave,,
1060 west renaissance parkway, rialto, ca,92376,Sonic,1060 West Renaissance Parkway,,
11370 4th street, rancho cucamonga, ca,91730,Sonic,11370 4th Street,,
1202 magnolia ave, corona, ca,92881,Sonic,1202 Magnolia Ave,,
1495 north mountain avenue, ontario, ca,91762,Sonic,1495 North Mountain Avenue,,
40 rio rancho road, pomona, ca,91766,Sonic,40 Rio Rancho Road,,
30171 haun rd, menifee, ca,92584,Sonic,30171 Haun Rd,,
1610 e 1st street, beaumont, ca,92223,Sonic,1610 E 1st Street,,
3651 west stetson, hemet, ca,92545,Sonic,3651 West Stetson,,
39490, murrieta, ca,92563,Sonic,39490 Murrieta Hot Springs Rd,,
101 main st, vista, ca,92084,Sonic,101 Main St,,
25502 jeronimo rd, mission viejo, ca,92691,Sonic,25502 Jeronimo Rd,,
8134 sierra ave, fontana, ca,92335,Sonic,1060 West Renaissance Parkway,,
16833 valley blvd., fontana, ca,92335,Sonic,1060 West Renaissance Parkway,,
1325 w foothill blvd, rialto, ca,92376,Sonic,1060 West Renaissance Parkway,,
11780 amargosa road, victorville, ca,92392,Sonic,11780 Amargosa Road,,
19398 bear valley rd, apple valley, ca,92308,Sonic,19398 Bear Valley Rd,,
2829 el cajon blvd, san diego, ca,92104,Sonic,2829 El Cajon Blvd,,
3005 highland ave, national city, ca,91950,Sonic,3005 Highland Ave,,
5247 kearny villa rd., san diego, ca,92123,Sonic,5247 Kearny Villa Rd.,,
10515 mission gorge rd, santee, ca,92071,Sonic,10515 Mission Gorge Rd,,
1215 grand ave, san marcos, ca,92078,Sonic,1215 Grand Ave,,
10354 trinity parkway, stockton, ca,95219,Sonic,10354 Trinity Parkway,,
3080 naglee rd, tracy, ca,95304,Sonic,3080 Naglee Rd,,
2450 junipero serra blvd, daly city, ca, 94015-1632,Sonic,2434 Junipero Serra Blvd,,
650 4th street, santa rosa, ca,95404,Sonic,1264 Mendocino Ave,,
1420 mchenry ave, modesto, ca,95350,Sonic,1420 Mchenry Ave,,
301 north willis street, visalia, ca,93291,Sonic,301 North Willis Street,,
440 s b st, oxnard, ca,93030,Sonic,261 W 5th St,,
2000 el camino real, santa clara, ca,95050,The Habit,2000 El Camino Real,,
1078 e brokaw rd, san jose, ca,95131,The Habit,1078 E Brokaw Rd,,
2000 s bascom ave, campbell, ca,95008,The Habit,2000 S Bascom Ave,,
249-f n, glendale, ca,91206,The Habit,249-F N Glendale Ave,,
901 fair oaks avenue, south pasadena, ca,91030,The Habit,100 E Main St ,,
1115 e bidwell st, folsom, ca,95630,The Habit,5437 Sunrise Blvd,,
1540 e 14th st, san leandro, ca,94577,The Habit,3650 Village Dr,,
5108 broadway, oakland, ca,94611,The Habit,5108 Broadway,,
1400 ocean st, santa cruz, ca,95060,The Habit,1400 Ocean St,,
7307 n figueroa st, los angeles, ca,90041,The Habit,7307 N Figueroa St,,
3801 n lakewood blvd, long beach, ca,90808,The Habit,3801 N Lakewood Blvd,,
15754, paramount, ca,90723,The Habit,15754 Paramount Blvd,,
12631 glenoaks boulevard, los angeles, ca,91342,The Habit,12631 Glenoaks Boulevard,,
19223 golden valley rd, santa clarita, ca,91387,The Habit,19223 Golden Valley Rd Santa Clarita,,
2030 wyatt drive, santa clara, ca,95054,The Habit,2000 El Camino Real,,
3510 tyler st, riverside, ca,92505,The Habit,3510 Tyler St, CA 92505,
2430 mahogany way, antioch, ca,94509,The Habit,1110 Concord Ave,,
2720 nutwood ave, fullerton, ca,92831,The Habit,101 E Orangethorpe Ave,,
5735 hollister avenue, goleta, ca,93117,The Habit,888 Embarcadero Del Norte,,
3555, riverside, ca,92506,The Habit,3555 Riverside Plaza Dr,,
13982 newport avenue, tustin, ca,92780,The Habit,13982 Newport Avenue,,
6326 ashe road, bakersfield, ca,93313,The Habit,6326 Ashe Road ,,
5503 calloway drive, bakersfield, ca,93312,The Habit,3900 California Ave,,
305 gellert blvd, daly city, ca,94015,The Habit,305 Gellert Blvd,,
7400 laguna blvd, elk grove, ca,95758,The Habit,7400 Laguna Blvd,,
6821 eastern ave., bell gardens, ca,90201,The Habit,4791 Firestone Blvd,,
5291 martinelli way, dublin, ca,94568,The Habit,5291 Martinelli Way,,
1255 s california blvd, walnut creek, ca,94596,The Habit,1255 S California Blvd,,
3030 capitol avenue, sacramento, ca,95816,The Habit,1431 Howe Ave,,
1205 w renaissance pkwy, rialto, ca,92376,The Habit,1205 W Renaissance Pkwy,,
2682 naglee rd, tracy, ca,95304,The Habit,2682 Naglee Rd,,
3900 california ave, bakersfield, ca,93309,The Habit,3900 California Ave,,
17947 chatsworth street, los angeles, ca,91344,The Habit,17947 Chatsworth Street,,
22301 foothill boulevard, hayward, ca,94541,The Habit,22301 Foothill Boulevard,,
8480 n friant rd, fresno, ca,93720,The Habit,8480 N Friant Rd,,
9750 sierra avenue, fontana, ca,92335,The Habit,16138 South Highland Avenue,,
969 e prosperity ave, tulare, ca,93274,The Habit,604 S Mooney Blvd,,
4542 east pacific coast highway, long beach, ca,90804,The Habit,4542 East Pacific Coast Highway,,
148 east, compton, ca,90220,The Habit,2365 East Century Blvd. ,,
3455 sports arena blvd, san diego, ca,92110,The Habit,3455 Sports Arena Blvd,,
4175 genesee ave, san diego, ca,92111,The Habit,845 Camino De La Reina,,
1735 trancas street, suite d, napa, ca, us,The Habit, CA 94558,
2777 n main st, santa ana, ca,92705,The Habit,111 E Katella Ave,,
1940 blue oaks boulevard, roseville, ca,95747,The Habit,1940 Blue Oaks Boulevard,,
28251 newhall ranch rd, santa clarita, ca,91355,The Habit,19223 Golden Valley Rd Santa Clarita,,
2992 jamacha road, el cajon, ca,92019,The Habit,2992 Jamacha Road,,
4730 freeport boulevard, sacramento, ca,95822,The Habit,1431 Howe Ave,,
3610, rosemead, ca,91770,The Habit,100 E Main St ,,
3520 n blackstone ave, fresno, ca,93726,The Habit,3520 N Blackstone Ave,,
25948 mcbean parkway, santa clarita, ca,91355,The Habit,19223 Golden Valley Rd Santa Clarita,,
845 camino de la reina, san diego, ca,92108,The Habit,8340 Mira Mesa Blvd,,
2134 sunset blvd, los angeles, ca,90026,The Habit,2134 Sunset Blvd,,
8124 delta shores circle, sacramento, ca,95832,The Habit,8124 Delta Shores Circle ,,
4210 east 4th street, ontario, ca,91764,The Habit,4210 East 4th Street,,
563 w channel islands blvd, port hueneme, ca,93041,The Habit,563 W Channel Islands Blvd,,
5018 almaden expy, san jose, ca,95118,The Habit,2000 El Camino Real,,
702 w shaw ave, fresno, ca,93704,The Habit,3520 N Blackstone Ave,,
1504 geary rd, walnut creek, ca,94597,The Habit,1504 Geary Rd,,
1325 e yosemite ave, manteca, ca,95336,The Habit,1325 E Yosemite Ave,,
5968 orangethorpe ave, buena park, ca,90620,The Habit,5968 Orangethorpe Ave,,
1446, encinitas, ca,92024,The Habit,8340 Mira Mesa Blvd,,
3060 east 9th street, oakland, ca,94601,The Habit,2640 5th St,,
3161 zinfandel dr, rancho cordova, ca,95670,The Habit,1431 Howe Ave,,
101 e orangethorpe ave, fullerton, ca,92832,The Habit,101 E Orangethorpe Ave,,
10895 foothill blvd, rancho cucamonga, ca,91730,The Habit,4210 East 4th Street,,
1431 howe ave, sacramento, ca,95825,The Habit,1431 Howe Ave,,
12560 day st, moreno valley, ca,92553,The Habit,12560 Day St,,
3650 village dr, castro valley, ca,94546,The Habit,3121 Crow Canyon Pl,,
999 main street, watsonville, ca,95076,The Habit,1400 Ocean St,,
5437 sunrise blvd, citrus heights, ca,95610,The Habit,1431 Howe Ave,,
1110, concord, ca,94520,The Habit,1504 Geary Rd,,
27511 san bernardino ave, redlands, ca,92374,The Habit,27511 San Bernardino Ave,,
32068, temecula, ca,92592,The Habit,32068 Temecula Pkwy,,
12900 brimhall rd, bakersfield, ca,93314,The Habit,6326 Ashe Road ,,
16138 south highland avenue, fontana, ca,92336,The Habit,16138 South Highland Avenue,,
7610 via campanile, carlsbad, ca,92009,The Habit,8340 Mira Mesa Blvd,,
2640 5th st, alameda, ca,94501,The Habit,2640 5th St,,
6724 north brawley avenue, fresno, ca,93711,The Habit,8480 N Friant Rd,,
11257 183rd st, cerritos, ca,90703,The Habit,5968 Orangethorpe Ave,,
7295 amador plaza rd, dublin, ca,94568,The Habit,3121 Crow Canyon Pl,,
2350 e vineyard ave, oxnard, ca,93036,The Habit,563 W Channel Islands Blvd,,
111 e katella ave, anaheim, ca,92802,The Habit,111 E Katella Ave,,
604 s mooney blvd, visalia, ca,93277,The Habit,604 S Mooney Blvd,,
888 s hope st, los angeles, ca,90017,The Habit,2134 Sunset Blvd,,
8216 parkway dr, la mesa, ca,91942,The Habit,8340 Mira Mesa Blvd,,
1080 monroe st, albany, ca,94706,The Habit,5108 Broadway,,
447 n mcdowell blvd, petaluma, ca,94954,The Habit,2005 Cleveland Ave,,
2829 w march ln, stockton, ca,95219,The Habit,2829 W March Ln,,
1111 el camino real, redwood city, ca,94063,The Habit,305 Gellert Blvd,,
146 w el camino real, sunnyvale, ca,94087,The Habit,2000 El Camino Real,,
20735 stevens creek blvd, cupertino, ca,95014,The Habit,2000 El Camino Real,,
12380, seal beach, ca,90740,The Habit,3801 N Lakewood Blvd,,
1320 travis blvd, fairfield, ca,94533,The Habit,118 Plaza Dr,,
3121 crow canyon pl, san ramon, ca,94583,The Habit,3121 Crow Canyon Pl,,
1855 e daily dr, camarillo, ca,93010,The Habit,563 W Channel Islands Blvd,,
1510 monterey rd, san jose, ca,95110,The Habit,2000 El Camino Real,,
727 w, san marcos, ca,92078,The Habit,8340 Mira Mesa Blvd,,
1412, pinole, ca,94564,The Habit,118 Plaza Dr,,
1550 w valley blvd, colton, ca,92324,The Habit,1205 W Renaissance Pkwy,,
24875 iris avenue, moreno valley, ca,92551,The Habit,24875 Iris Avenue,,
1297 chess dr, foster city, ca,94404,The Habit,305 Gellert Blvd,,
304 soscol ave, napa, ca,94559,The Habit,118 Plaza Dr,,
1040 grant road suite 370, mountain view, ca,94040,The Habit,2000 El Camino Real,,
143 south el camino real, millbrae, ca,94030,The Habit,305 Gellert Blvd,,
3970 missouri flat road, placerville, ca,95667,The Habit,3970 Missouri Flat Road,,
118 plaza dr, vallejo, ca,94591,The Habit,118 Plaza Dr,,
2640 south bristol street, santa ana, ca,92704,The Habit,111 E Katella Ave,,
5211 broadway, oakland, ca,94618,Wendy,5211 Broadway,,
3111 e. 14th street, oakland, ca,94601,Wendy,3111 E. 14th Street,,
189 98th avenue, oakland, ca,94603,Wendy,189 98th Avenue,,
1185, san leandro, ca,94577,Wendy,1185 San Leandro,,
12201 san pablo avenue, richmond, ca,94805,Wendy,12201 San Pablo Avenue,,
17435 hesperian blvd, san lorenzo, ca,94580,Wendy,17435 Hesperian Blvd,,
39175 blacow road, fremont, ca,94538,Wendy,39175 Blacow Road,,
5535 automall parkway, fremont, ca,94538,Wendy,5535 Automall Parkway,,
35229, newark, ca,94560,Wendy,35229 Newark Boulevard,,
23969 mission blvd., hayward, ca,94544,Wendy,23969 Mission Blvd.,,
7143, dublin, ca,94568,Wendy,7143 Dublin Blvd,,
2475, castro valley, ca,94546,Wendy,2475 Castro Valley Blvd.,,
5943, pacheco, ca,94553,Wendy,5943 Pacheco Blvd,,
2955 north main st., walnut creek, ca,94597,Wendy,2955 North Main St.,,
2243 loveridge road, pittsburg, ca,94565,Wendy,2243 Loveridge Road,,
1809 a street, antioch, ca,94509,Wendy,1809 A Street,,
2222, san ramon, ca,94583,Wendy,2222 San Ramon Valley Blvd,,
1080 e main st, oakley, ca,94561,Wendy,1080 E Main St,,
1140 c street, fresno, ca,93706,Wendy,1140 C Street,,
2005 n blackstone, fresno, ca,93703,Wendy,2005 N Blackstone,,
3210 e jensen, fresno, ca,93725,Wendy,3210 E Jensen,,
765 south clovis avenue, fresno, ca,93727,Wendy,765 South Clovis Avenue,,
420 shaw avenue, clovis, ca,93612,Wendy,420 Shaw Avenue,,
2501 n. chester, oildale, ca,93308,Wendy,2501 N. Chester,,
2608 oswell st., bakersfield, ca,93306,Wendy,2608 Oswell St.,,
9180 rosedale hwy, bakersfield, ca,93312,Wendy,9180 Rosedale Hwy,,
2150 panama lane, bakersfield, ca,93307,Wendy,2150 Panama Lane,,
4650 gosford road, bakersfield, ca,93313,Wendy,4650 Gosford Road,,
800 south figueroa street, los angeles, ca,90017,Wendy,800 South Figueroa Street,,
1305 n. vermont ave., hollywood, ca,90027,Wendy,1305 N. Vermont Ave.,,
4148 florence ave, bell, ca,90201,Wendy,4148 Florence Ave,,
245 south atlantic, alhambra, ca,91801,Wendy,245 South Atlantic,,
7135 sunset blvd, los angeles, ca,90046,Wendy,7135 Sunset Blvd,,
3297 tweedy boulevard, south gate, ca,90280,Wendy,3297 Tweedy Boulevard,,
2201 bellflower blvd., long beach, ca,90815,Wendy,2201 Bellflower Blvd.,,
2438 e carson st, lakewood, ca,90712,Wendy,2438 E Carson St,,
23750 main street, carson, ca,90745,Wendy,23750 Main Street,,
29035 s western ave, rancho palos verdes, ca,90275,Wendy,29035 S Western Ave,,
4314 south street, lakewood, ca,90712,Wendy,4314 South Street,,
6620 atlantic avenue, long beach, ca,90805,Wendy,6620 Atlantic Avenue,,
26538 bouquet canyon, saugus, ca,91350,Wendy,26538 Bouquet Canyon,,
27544 the old road, valencia, ca,91355,Wendy,27544 The Old Road,,
24525 lyons avenue, santa clarita, ca,91321,Wendy,24525 Lyons Avenue,,
28180 newhall ranch road, santa clarita, ca,91355,Wendy,28180 Newhall Ranch Road,,
19018 soledad canyon rd, canyon country, ca,91351,Wendy,19018 Soledad Canyon Rd,,
18507 devonshire street, northridge, ca,91324,Wendy,18507 Devonshire Street,,
500 e washington st, petaluma, ca,94952,Wendy,500 E Washington St,,
1581 fitzgerald drive, pinole, ca,94564,Wendy,1581 Fitzgerald Drive,,
1001 redwood, vallejo, ca,94590,Wendy,1001 Redwood,,
1450 trancas st, napa, ca,94558,Wendy,1450 Trancas St,,
1850, santa rosa, ca,95407,Wendy,1850 Santa Rosa Avenue,,
1339 north main, salinas, ca,93906,Wendy,1339 North Main,,
1369 north davis road, salinas, ca,93907,Wendy,1369 North Davis Road,,
393 e 10th st, gilroy, ca,95020,Wendy,393 E 10th St,,
1737 e 17th st, santa ana, ca,92705,Wendy,1737 E 17th St,,
3739 w. chapman ave., orange, ca,92868,Wendy,3739 W. Chapman Ave.,,
13922 redhill avenue, tustin, ca,92780,Wendy,13922 Redhill Avenue,,
10040 chapman ave., garden grove, ca,92840,Wendy,10040 Chapman Ave.,,
17940 brookhurst ave, fountain valley, ca,92708,Wendy,17940 Brookhurst Ave,,
14386 culver drive, irvine, ca,92604,Wendy,14386 Culver Drive,,
1012 n. state college blvd., anaheim, ca,92806,Wendy,1012 N. State College Blvd.,,
680 n. euclid ave., anaheim, ca,92801,Wendy,680 N. Euclid Ave.,,
11430 beach blvd, stanton, ca,90680,Wendy,11430 Beach Blvd,,
7570 orangethorpe, buena park, ca,90621,Wendy,7570 Orangethorpe,,
6435 antelope road, citrus hts., ca,95621,Wendy,6435 Antelope Road,,
7983 greenback lane, citrus hts., ca,95610,Wendy,7983 Greenback Lane,,
4320 watt ave, sacramento, ca,95821,Wendy,4320 Watt Ave,,
348 n. sunrise avenue, roseville, ca,95661,Wendy,348 N. Sunrise Avenue,,
924 pleasant grove blvd, roseville, ca,95678,Wendy,924 Pleasant Grove Blvd,,
1300 east, roseville, ca,95661,Wendy,348 N. Sunrise Avenue,,
2560 bell rd, auburn, ca,95602,Wendy,2560 Bell Rd,,
1101 riley ave, folsom, ca,95630,Wendy,1101 Riley Ave,,
2505 iron point road, folsom, ca,95630,Wendy,1101 Riley Ave,,
10020 arlington avenue, riverside, ca,92503,Wendy,10020 Arlington Avenue,,
12410 day street, moreno valley, ca,92553,Wendy,12410 Day Street,,
1090 n. pepper ave., colton, ca,92324,Wendy,1090 N. Pepper Ave.,,
16984 valley blvd., fontana, ca,92335,Wendy,16984 Valley Blvd.,,
11053 riverside drive, jurupa valley, ca,92509,Wendy,11053 Riverside Drive,,
1991, redlands, ca,92373,Wendy,1991 Redlands Blvd.,,
22320 cactus ave, moreno valley, ca,92553,Wendy,22320 Cactus Ave,,
8745 trautwein road, riverside, ca,92508,Wendy,8745 Trautwein Road,,
64 e ramona expy, perris, ca,92571,Wendy,1830 N. Perris Blvd.,,
22580 cactus ave, moreno valley, ca,92553,Wendy,22320 Cactus Ave,,
40460, murrieta, ca,92563,Wendy,40460 Murrieta Hot Springs Rd,,
27672 jefferson avenue, temecula, ca,92590,Wendy,27672 Jefferson Avenue,,
29275 central avenue, lake elsinore, ca,92532,Wendy,29275 Central Avenue,,
24620 madison ave, murrieta, ca,92562,Wendy,40460 Murrieta Hot Springs Rd,,
4180 northgate blvd., sacramento, ca,95834,Wendy,4180 Northgate Blvd.,,
2750 power inn road, sacramento, ca,95826,Wendy,2750 Power Inn Road,,
854 harbor blvd, west sacramento, ca,95691,Wendy,2360 Arena Blvd,,
3027 k st, sacramento, ca,95816,Wendy,2750 Power Inn Road,,
2077 e highland ave, san bernardino, ca,92404,Wendy,2077 E Highland Ave,,
1110 s. mt. vernon ave., colton, ca,92324,Wendy,1110 S. Mt. Vernon Ave.,,
494 south mount vernon ave, san bernadino, ca,92410,Wendy,1090 N. Pepper Ave.,,
524 inland center dr, san bernardino, ca,92410,Wendy,1110 S. Mt. Vernon Ave.,,
1260 w. foothill blvd., rialto, ca,92376,Wendy,1260 W. Foothill Blvd.,,
16833 valley blvd., fontana, ca,92335,Wendy,16984 Valley Blvd.,,
1325 w foothill blvd, rialto, ca,92376,Wendy,1260 W. Foothill Blvd.,,
14181 hwy 395, victorville, ca,92392,Wendy,14181 Us Hwy 395,,
14798 lapaz drive, victorville, ca,92395,Wendy,14798 Lapaz Drive,,
14303 bear valley road, victorville, ca,92392,Wendy,14303 Bear Valley Road,,
14244 valley center dr, victorville, ca,92395,Wendy,14798 Lapaz Drive,,
13342 main street, hesperia, ca,92345,Wendy,13342 Main Street,,
17375 main street, hesperia, ca,92345,Wendy,17375 Main Street,,
2825 el cajon blvd, san diego, ca,92104,Wendy,2825 El Cajon Blvd,,
1111 camino del rio s., mission valley, ca,92108,Wendy,1111 Camino Del Rio S.,,
3760 midway drive, san diego, ca,92110,Wendy,3760 Midway Drive,,
8310 rio, san diego, ca,92108,Wendy,8310 Rio San Diego Dr,,
6585 mission gorge road, san diego, ca,92120,Wendy,6585 Mission Gorge Road,,
618 e street, chula vista, ca,91910,Wendy,618 E Street,,
960 eastlake parkway, chula vista, ca,91914,Wendy,960 Eastlake Parkway,,
8749 campo road, la mesa, ca,91941,Wendy,8749 Campo Road,,
1497 piper ranch road, san diego, ca,92154,Wendy,1497 Piper Ranch Road,,
1002 mission avenue, oceanside, ca,92054,Wendy,1002 Mission Avenue,,
3705 plaza drive, oceanside, ca,92056,Wendy,3705 Plaza Drive,,
567 w., vista, ca,92083,Wendy,567 W. Vista Way,,
102 encinites blvd, encinitas, ca,92024,Wendy,102 Encinites Blvd,,
960 w. el norte, escondido, ca,92026,Wendy,960 W. El Norte,,
7401 mission st, daly city, ca,94014,Wendy,7401 Mission St,,
176 gateway blvd, s.san francisco, ca,94080,Wendy,176 Gateway Blvd,,
499 el camino real, san bruno, ca,94066,Wendy,499 El Camino Real,,
710 third street, san francisco, ca,94107,Wendy,7401 Mission St,,
2439 march ln., stockton, ca,95207,Wendy,2439 March Ln.,,
4431 e. waterloo road, stockton, ca,95215,Wendy,4431 E. Waterloo Road,,
10512 trinity park, stockton, ca,95219,Wendy,725 West Hammer Lane,,
45 e harding way, stockton, ca,95204,Wendy,2439 March Ln.,,
153 south frontage road, nipomo, ca,93444,Wendy,153 South Frontage Road,,
141 niblick road, paso robles, ca,93446,Wendy,141 Niblick Road,,
698 ralston avenue, belmont, ca,94002,Wendy,698 Ralston Avenue,,
1852 el camino real, redwood city, ca,94063,Wendy,1852 El Camino Real,,
2120 n preisker lane, santa maria, ca,93458,Wendy,2120 N Preisker Lane,,
2150 south bradley road, santa maria, ca,93455,Wendy,2150 South Bradley Road,,
1102 n. h street, lompoc, ca,93436,Wendy,1102 N. H Street,,
5724 holli, goleta, ca,93117,Wendy,12201 San Pablo Avenue,,
2662 thompson blvd., ventura, ca,93003,Wendy,2662 Thompson Blvd.,,
1401 victoria, ventura, ca,93003,Wendy,1401 Victoria,,
1405 monterey rd., san jose, ca,95110,Wendy,1405 Monterey Rd.,,
2275 mc kee road, san jose, ca,95133,Wendy,2275 Mc Kee Road,,
782 s. bascom, san jose, ca,95128,Wendy,782 S. Bascom,,
1845 e capitol expy, san jose, ca,95121,Wendy,1845 E Capitol Expy,,
2624 s. bascom, san jose, ca,95124,Wendy,782 S. Bascom,,
990 saratoga ave, san jose, ca,95129,Wendy,990 Saratoga Ave,,
1313 s. wolfe road, sunnyvale, ca,94087,Wendy,1313 S. Wolfe Road,,
1480 freedom blvd, watsonville, ca,95076,Wendy,1480 Freedom Blvd,,
4447 central place, fairfield, ca,94534,Wendy,4447 Central Place,,
2045 north texas, fairfield, ca,94533,Wendy,2045 North Texas,,
1377 monte vista, vacaville, ca,95688,Wendy,1377 Monte Vista,,
1501 mchenry ave, modesto, ca,95350,Wendy,1501 Mchenry Ave,,
1617 north carpenter road, modesto, ca,95351,Wendy,1617 North Carpenter Road,,
1374 e. hatch rd., modesto, ca,95351,Wendy,1374 E. Hatch Rd.,,
3250 dale rd., modesto, ca,95356,Wendy,3250 Dale Rd.,,
2395 geer rd., turlock, ca,95382,Wendy,2395 Geer Rd.,,
1580 e. noble avenue, visalia, ca,93292,Wendy,1580 E. Noble Avenue,,
2125 n. dinuba ave, visalia, ca,93291,Wendy,2125 N. Dinuba Ave,,
979 east paige avenue, tulare, ca,93274,Wendy,979 East Paige Avenue,,
1959 w lacey blvd, hanford, ca,93230,Wendy,1959 W Lacey Blvd,,
2010 n. rose avenue, oxnard, ca,93036,Wendy,2010 N. Rose Avenue,,
175 n ventura road, port hueneme, ca,93041,Wendy,175 N Ventura Road,,
149 west ventura blvd, camarillo, ca,93010,Wendy,149 West Ventura Blvd,,
307 arneill road, camarillo, ca,93010,Wendy,307 Arneill Road,,
27925 encanto dr., sun city, ca,92586,Wendy,27925 Encanto Dr.,,
1830 n., perris, ca,92571,Wendy,1830 N. Perris Blvd.,,
14320 slover ave, fontana, ca,92337,Wendy,14320 Slover Ave,,
941 n. milleken ave., ontario, ca,91764,Wendy,941 N. Milleken Ave.,,
15110 east summit ave., fontana, ca,92336,Wendy,15110 East Summit Ave.,,
1237 n. tustin, orange, ca,92867,Wendy,1237 N. Tustin,,
2360 arena blvd, sacramento, ca,95834,Wendy,2360 Arena Blvd,,
3450 w florida blvd, hemet, ca,92545,Wendy,3450 W Florida Blvd,,
27879 baseline avenue, highland, ca,92346,Wendy,27879 Baseline Avenue,,
17017 sierra lakes pkwy, fontana, ca,92336,Wendy,17017 Sierra Lakes Pkwy,,
1530 w. valley pkwy, escondido, ca,92029,Wendy,1530 W. Valley Pkwy,,
8871 bond road, elk grove, ca,95624,Wendy,8871 Bond Road,,
1471 meadowview rd, sacramento, ca,95822,Wendy,1471 Meadowview Rd,,
7164 blackstone blvd., fresno, ca,93650,Wendy,7164 Blackstone Blvd.,,
8810 s garfield ave, s.gate, ca,90280,Wendy,8810 S Garfield Ave,,
7931 e stockton blvd, sacramento, ca,95823,Wendy,7931 E Stockton Blvd,,
3565 central ave, riverside, ca,92506,Wendy,3565 Central Ave,,
1201 e valley, alhambra, ca,91801,Wendy,1201 E Valley,,
2646 watt avenue, sacramento, ca,95821,Wendy,2646 Watt Avenue,,
1180 fremont, seaside, ca,93955,Wendy,1180 Fremont,,
2119 baseline road, upland, ca,91784,Wendy,2119 Baseline Road,,
14439 baseline avenue, fontana, ca,92336,Wendy,14439 Baseline Avenue,,
3838 tyler street, riverside, ca,92503,Wendy,3838 Tyler Street,,
15700 valley view ave, la mirada, ca,90638,Wendy,15700 Valley View Ave,,
12671 moreno beach drive, moreno valley, ca,92555,Wendy,12671 Moreno Beach Drive,,
11254, los alamitos, ca,90720,Wendy,11254 Los Alamitos Blvd.,,
725 west hammer lane, stockton, ca,95210,Wendy,725 West Hammer Lane,,