,restaurant_name,restaurant_location,specialty_item,cheeseburger,fries,drink,dessert,four_to_six,number_of_items,average_rating,number_of_ratings,average_menu_price,hamburger,wave,uber_eats,fast_food,small,state,zip,ca,county_name
0,Applebee,"2409 south mckenzie street, foley, al, 36535, us",15.69,14.99,4.99,2.49,3.19,7,99,3.6000000000000014,45,12.847575757575758,,1,1,0,0,al,36535,0,Baldwin
1,Applebee,"1250 boots blvd., fultondale, al, 35068, us",13.79,12.69,2.89,3.49,2.29,22,196,4.0,22,11.273673469387752,,1,1,0,0,al,35068,0,Jefferson
2,Applebee,"3150 memorial pkwy nw, huntsville, al, 35810, us",13.79,12.69,2.89,3.49,2.29,10,96,4.0,45,11.513958333333333,,1,1,0,0,al,35810,0,Madison
3,Applebee,"160 tanger outlets pkwy., pooler, ga, 31322, us",15.99,14.79,5.39,2.49,2.49,10,200,4.45,74,12.171999999999999,,1,1,0,0,ga,31322,0,Chatham
4,Applebee,"475 franklin rd., marietta, ga, 30067, us",15.69,14.99,3.79,2.49,3.19,9,98,4.100000000000001,67,13.16448979591837,,1,1,0,0,ga,30067,0,Cobb
5,Applebee,"2728 spring rd. se, atlanta, ga, 30339, us",15.69,14.99,3.79,2.49,3.19,9,96,3.899999999999999,52,13.107708333333335,,1,1,0,0,ga,30339,0,Cobb
6,Applebee,"2945 stonecrest cir., lithonia, ga, 30038, us",15.69,14.99,3.79,2.49,3.19,9,92,4.3,109,13.246521739130435,,1,1,0,0,ga,30038,0,DeKalb
7,Applebee,"1448 dogwood dr., conyers, ga, 30013, us",15.69,14.99,3.79,2.49,,9,95,3.8999999999999977,39,13.264736842105266,,1,1,0,0,ga,30013,0,Rockdale
8,Applebee,"3690 cascade rd., atlanta, ga, 30331, us",15.69,14.99,3.79,2.49,3.19,18,192,4.200000000000001,189,13.082708333333331,,1,1,0,0,ga,30331,0,Fulton
9,Applebee,"4705 memorial dr., decatur, ga, 30032, us",15.69,14.99,3.79,2.49,3.19,8,98,4.0,172,13.154285714285715,,1,1,0,0,ga,30032,0,DeKalb
10,Applebee,"550 thornton rd., lithia springs, ga, 30122, us",15.69,14.99,3.79,2.49,3.19,9,93,3.600000000000002,68,12.970645161290324,,1,1,0,0,ga,30122,0,Douglas
11,Applebee,"4353 lawrenceville hwy., tucker, ga, 30084, us",15.69,14.99,3.79,2.49,3.19,18,196,4.100000000000001,63,12.96142857142857,,1,1,0,0,ga,30084,0,DeKalb
12,Applebee,"7845 west emerald, boise, id, 83704, us",17.49,16.69,4.99,2.49,2.89,9,106,4.299999999999999,25,12.852264150943395,,1,1,0,0,id,83704,0,Ada
13,Applebee,"7025 n. glenwood street, garden city, id, 83714, us",17.49,16.69,4.99,2.49,2.89,9,105,4.600000000000001,24,12.879523809523809,,1,1,0,0,id,83714,0,Ada
14,Applebee,"8310 east 96th street, fishers, in, 46037, us",16.29,14.99,4.99,2.49,2.89,8,106,4.5,28,12.274905660377357,,1,1,0,0,in,46037,0,Hamilton
15,Applebee,"17801 foundation dr, noblesville, in, 46060, us",16.29,14.99,4.49,2.49,2.49,7,104,4.3999999999999995,16,11.895769230769229,,1,1,0,0,in,46060,0,Hamilton
16,Applebee,"330 ridge road, munster, in, 46321, us",15.69,14.99,4.99,2.49,3.19,7,92,3.600000000000002,50+,12.736739130434783,,1,1,0,0,in,46321,0,Lake
17,Applebee,"8425 broadway, merrillville, in, 46410, us",15.69,14.99,4.99,2.49,3.19,7,98,4.5,28,12.914489795918369,,1,1,0,0,in,46410,0,Lake
18,Applebee,"6211 highway 6, portage, in, 46368, us",15.69,14.99,4.99,2.49,3.19,7,99,4.100000000000001,32,12.847575757575758,,1,1,0,0,in,46368,0,Porter
19,Applebee,"7345 e. washington street, indianapolis, in, 46219, us",16.29,14.99,4.49,2.49,2.49,14,212,4.299999999999999,50+,11.975849056603769,,1,1,0,0,in,46219,0,Marion
20,Applebee,"6301 s e 14th street, des moines, ia, 50320, us",15.0,15.0,5.0,2.5,3.15,14,108,4.299999999999999,41,12.222685185185187,,1,1,0,0,ia,50320,0,Polk
21,Applebee,"3900 merle hay road, des moines, ia, 50310, us",15.0,15.0,5.0,2.5,3.15,13,107,4.200000000000001,48,12.29018691588785,,1,1,0,0,ia,50310,0,Polk
22,Applebee,"6800 johnson drive, mission, ks, 66202, us",14.79,15.39,3.59,4.59,3.09,28,210,3.2,16,13.16047619047619,,1,1,0,0,ks,66202,0,Johnson
23,Applebee,"320 s ridge road, wichita, ks, 67209, us",15.0,14.5,5.0,2.5,2.5,14,106,3.8999999999999986,38,11.845754716981133,,1,1,0,0,ks,67209,0,Sedgwick
24,Applebee,"4760 s broadway, wichita, ks, 67216, us",15.0,14.5,5.0,2.5,2.5,14,107,4.399999999999999,50+,11.886915887850469,,1,1,0,0,ks,67216,0,Sedgwick
25,Applebee,"1761 sharkey way, lexington, ky, 40511, us",15.69,14.99,,2.49,3.19,5,95,4.5,33,13.223684210526319,,1,1,0,0,ky,40511,0,Fayette
26,Applebee,"113 n. plaza drive, nicholasville, ky, 40356, us",15.69,14.99,4.99,2.49,3.19,7,97,4.899999999999999,14,12.785876288659791,,1,1,0,0,ky,40356,0,Jessamine
27,Applebee,"greentree mall, clarksville, in, 47129, us",14.19,12.99,2.39,3.59,2.39,13,100,4.3,50+,10.934999999999997,,1,1,0,0,in,47129,0,Clark
28,Applebee,"4717 dixie highway, louisville, ky, 40216, us",14.19,12.99,2.39,3.59,2.39,11,103,3.8999999999999977,50+,10.827864077669904,,1,1,0,0,ky,40216,0,Jefferson
29,Applebee,"4535 outer loop, louisville, ky, 40219, us",,,2.39,3.59,2.39,10,87,4.5,32,10.235977011494255,,1,1,0,0,ky,40219,0,Jefferson
30,Applebee,"24041 southland dr, hayward, ca, 94545, us",19.19,16.69,5.79,2.49,3.79,55,510,4.6,46,13.763529411764706,,1,1,0,0,ca,94545,1,Alameda
31,Applebee,"9702 airline hwy, baton rouge, la, 70809, us",14.79,13.49,2.99,2.39,2.99,6,106,4.5,77,11.619245283018866,,1,1,0,0,la,70809,0,East Baton Rouge
32,Applebee,"3701 veterans memorial blvd, metairie, la, 70002, us",14.79,13.49,2.99,2.39,2.99,24,416,4.0,95,11.644807692307692,,1,1,0,0,la,70002,0,Jefferson
33,Applebee,"5630 johnston street, lafayette, la, 70503, us",14.79,13.49,2.99,2.39,2.99,6,105,0.0,2,11.69190476190476,,1,1,0,0,la,70503,0,Lafayette
34,Applebee,"850 e i 10 service rd, slidell, la, 70461, us",14.79,13.49,2.99,2.39,2.99,6,104,4.5,38,11.621730769230767,,1,1,0,0,la,70461,0,St. Tammany
35,Applebee,"951 cedar lake road, biloxi, ms, 39532, us",13.79,12.69,2.89,3.49,2.29,12,98,4.600000000000001,46,11.167551020408162,,1,1,0,0,ms,39532,0,Harrison
36,Applebee,"9319 hwy 49, gulfport, ms, 39503, us",13.79,12.69,2.89,3.49,2.29,12,100,4.2,56,11.185999999999996,,1,1,0,0,ms,39503,0,Harrison
37,Applebee,"581 2nd st, manchester, nh, 03102, us",16.69,15.79,5.79,2.49,2.49,10,103,4.399999999999998,50+,12.812330097087377,,1,1,0,0,nh,3102,0,Hillsborough
38,Applebee,"1273, hooksett, nh, 03106, us",16.69,15.79,5.79,2.49,2.49,11,105,4.600000000000001,16,12.498571428571427,,1,1,0,0,nh,3106,0,Merrimack
39,Applebee,"1464 woodbury ave, portsmouth, nh, 03801, us",16.69,15.79,5.79,2.49,2.49,11,105,4.299999999999999,33,12.639523809523808,,1,1,0,0,nh,3801,0,Rockingham
40,Applebee,"indian brook dr, dover, nh, 03820, us",16.69,15.79,5.79,2.49,2.49,11,106,4.399999999999999,35,12.543773584905656,,1,1,0,0,nh,3820,0,Strafford
41,Applebee,"279 smokey park hwy., asheville, nc, 28806, us",15.0,13.75,5.0,2.5,3.15,11,108,4.399999999999999,50+,12.001388888888892,,1,1,0,0,nc,28806,0,Buncombe
42,Applebee,"1635 four seasons blvd, hendersonville, nc, 28792, us",15.0,13.75,5.0,2.5,3.15,11,108,4.600000000000001,38,12.00138888888889,,1,1,0,0,nc,28792,0,Henderson
43,Applebee,"1961 skibo rd., fayetteville, nc, 28314, us",15.0,13.75,5.0,2.5,3.15,11,108,4.200000000000001,47,12.001388888888892,,1,1,0,0,nc,28314,0,Cumberland
44,Applebee,"5225 ramsey st, fayetteville, nc, 28311, us",15.0,13.75,5.0,2.5,3.15,11,108,4.399999999999999,84,12.001388888888892,,1,1,0,0,nc,28311,0,Cumberland
45,Applebee,"7831 target cir, raleigh, nc, 27616, us",15.0,13.75,5.0,2.5,3.15,10,105,4.100000000000001,68,12.094285714285714,,1,1,0,0,nc,27616,0,Wake
46,Applebee,"6609, knightdale, nc, 27545, us",15.0,13.75,5.0,2.5,3.15,30,318,4.5,63,12.01556603773585,,1,1,0,0,nc,27545,0,Wake
47,Applebee,"1990 griffith rd., winston-salem, nc, 27103, us",15.0,13.75,5.0,2.5,3.15,11,107,4.299999999999999,42,12.090186915887854,,1,1,0,0,nc,27103,0,Forsyth
48,Applebee,"4690 n. patterson ave., winston-salem, nc, 27105, us",15.0,13.75,5.0,2.5,3.15,11,108,4.399999999999999,39,12.001388888888892,,1,1,0,0,nc,27105,0,Forsyth
49,Applebee,"4406 w. wendover ave., greensboro, nc, 27407, us",15.0,13.75,5.0,2.5,3.15,22,214,3.8999999999999986,25,12.090186915887852,,1,1,0,0,nc,27407,0,Guilford
50,Applebee,"8700 jw clay blvd., charlotte, nc, 28262, us",15.0,13.75,5.0,2.5,3.15,20,204,4.0,79,11.946078431372552,,1,1,0,0,nc,28262,0,Mecklenburg
51,Applebee,"9616 e. independence blvd., matthews, nc, 28105, us",15.0,13.75,5.0,2.5,3.15,22,216,4.0,66,12.00138888888889,,1,1,0,0,nc,28105,0,Mecklenburg
52,Applebee,"137 norman station blvd., mooresville, nc, 28117, us",15.0,13.75,5.0,2.5,3.15,10,102,4.100000000000002,37,11.78823529411765,,1,1,0,0,nc,28117,0,Iredell
53,Applebee,"1240, concord, nc, 28025, us",15.0,13.75,5.0,2.5,3.15,11,105,3.899999999999999,43,11.918095238095239,,1,1,0,0,nc,28025,0,Cabarrus
54,Applebee,"1113 newpointe boulevard, leland, nc, 28451, us",15.0,13.75,5.0,2.5,3.15,11,107,4.200000000000001,36,12.090186915887854,,1,1,0,0,nc,28451,0,Brunswick
55,Applebee,"2401 s i 35 service rd, moore, ok, 73160, us",14.19,12.99,2.39,3.59,2.39,12,101,4.5,32,10.786039603960395,,1,1,0,0,ok,73160,0,Cleveland
56,Applebee,"608 s air depot blvd, midwest city, ok, 73110, us",14.19,12.99,2.39,3.59,2.39,24,208,4.299999999999999,46,10.748653846153845,,1,1,0,0,ok,73110,0,Oklahoma
57,Applebee,"1020 e state hwy 152, mustang, ok, 73064, us",14.19,12.99,2.39,3.59,2.39,12,104,4.200000000000001,15,10.748653846153845,,1,1,0,0,ok,73064,0,Canadian
58,Applebee,"6020 sw 3rd street, oklahoma city, ok, 73128, us",14.19,12.99,2.39,3.59,2.39,24,208,4.5,25,10.748653846153843,,1,1,0,0,ok,73128,0,Oklahoma
59,Applebee,"11104 e 41st street, tulsa, ok, 74146, us",14.19,12.99,2.39,3.59,2.39,12,104,3.899999999999999,28,10.748653846153843,,1,1,0,0,ok,74146,0,Tulsa
60,Applebee,"1601 south braddock avenue, pittsburgh, pa, 15218, us",16.29,14.99,4.99,2.49,2.49,16,208,4.200000000000001,100+,11.775576923076922,,1,1,0,0,pa,15218,0,Allegheny
61,Applebee,"4039 washington road, mcmurray, pa, 15317, us",16.29,14.99,4.99,2.49,2.49,7,106,4.600000000000001,28,11.975849056603773,,1,1,0,0,pa,15317,0,Washington
62,Applebee,"2045 lebanon church rd, pittsburgh, pa, 15236, us",16.29,14.99,4.99,2.49,2.49,7,105,3.899999999999999,76,12.03,,1,1,0,0,pa,15236,0,Allegheny
63,Applebee,"1905 ridgewood road, wyomissing, pa, 19610, us",15.59,15.59,6.39,2.99,3.59,8,104,4.1000000000000005,28,13.220769230769232,,1,1,0,0,pa,19610,0,Berks
64,Applebee,"3050 n. 5th street highway, reading, pa, 19605, us",15.59,15.59,6.39,2.99,3.59,8,102,4.2,23,13.38019607843137,,1,1,0,0,pa,19605,0,Berks
65,Applebee,"3219 st rd, bensalem, pa, 19020, us",15.59,15.59,6.39,2.99,3.59,8,104,4.5,83,13.220769230769232,,1,1,0,0,pa,19020,0,Bucks
66,Applebee,"2 west road, newtown, pa, 18940, us",15.59,15.59,6.39,2.99,3.59,8,104,4.3999999999999995,17,13.220769230769232,,1,1,0,0,pa,18940,0,Bucks
67,Applebee,"1063 east street road, upper southampton, pa, 18966, us",15.59,15.59,6.39,2.99,3.59,8,104,4.700000000000001,41,13.220769230769232,,1,1,0,0,pa,18966,0,Bucks
68,Applebee,"1041 admiral callaghan lane, vallejo, ca, 94591, us",17.89,16.69,5.79,2.49,3.49,12,396,4.200000000000001,39,13.60111111111111,,1,1,0,0,ca,94591,1,Solano
69,Applebee,"4808, dublin, ca, 94568, us",17.89,16.69,5.79,2.49,3.49,12,300,4.7,20,13.571999999999997,,1,1,0,0,ca,94568,1,Alameda
70,Applebee,"1600 rocky run pkwy., wilmington, de, 19803, us",16.99,16.69,6.29,2.49,3.29,18,208,0.0,9,13.575576923076921,,1,1,0,0,de,19803,0,New Castle
71,Applebee,"815 e. baltimore pike, kennett sq, pa, 19348, us",15.59,15.59,6.39,2.99,3.59,8,104,0.0,11,13.220769230769232,,1,1,0,0,pa,19348,0,Chester
72,Applebee,"4301 pennell road, aston, pa, 19014, us",15.59,15.59,6.39,2.99,3.59,8,104,4.299999999999999,51,13.220769230769232,,1,1,0,0,pa,19014,0,Delaware
73,Applebee,"2321 lincoln highway east, lancaster, pa, 17602, us",14.69,13.39,5.19,1.19,2.89,11,96,4.700000000000001,28,11.520208333333331,,1,1,0,0,pa,17602,0,Lancaster
74,Applebee,"320 e. main street, ephrata, pa, 17522, us",14.69,13.39,5.19,1.19,2.89,11,94,4.100000000000002,17,11.422978723404254,,1,1,0,0,pa,17522,0,Lancaster
75,Applebee,"2109motel drive, bethlehem, pa, 18018, us",15.59,15.59,6.39,2.99,3.59,8,104,4.3999999999999995,37,13.220769230769228,,1,1,0,0,pa,18018,0,Lehigh
76,Applebee,"1510 n cedar crest blvd, allentown, pa, 18104, us",15.59,15.59,6.39,2.99,3.59,8,104,4.299999999999999,52,13.220769230769232,,1,1,0,0,pa,18104,0,Lehigh
77,Applebee,"2710 dekalb pike, east norriton, pa, 19401, us",15.59,15.59,6.39,2.99,3.59,8,104,4.799999999999999,30,13.220769230769232,,1,1,0,0,pa,19401,0,Montgomery
78,Applebee,"555 s. trooper road, audubon, pa, 19403, us",15.59,15.59,6.39,2.99,3.59,8,104,3.899999999999999,26,13.220769230769232,,1,1,0,0,pa,19403,0,Montgomery
79,Applebee,"1308 w girard ave, philadelphia, pa, 19123, us",15.59,15.59,,,,1,54,4.0,100+,15.754814814814813,,1,1,0,0,pa,19123,0,Philadelphia
80,Applebee,"2501 aramingo ave., port richmond, pa, 19125, us",15.59,15.59,6.39,2.99,3.59,8,104,4.5,100+,13.220769230769228,,1,1,0,0,pa,19125,0,Philadelphia
81,Applebee,"4920 william penn hwy, murrysville, pa, 15632, us",16.29,14.99,4.99,2.49,2.49,8,105,4.899999999999999,18,11.966190476190475,,1,1,0,0,pa,15632,0,Westmoreland
82,Applebee,"3440 william penn highway, pittsburgh, pa, 15235, us",16.29,14.99,4.99,2.49,2.49,7,102,4.399999999999998,68,12.24098039215686,,1,1,0,0,pa,15235,0,Allegheny
83,Applebee,"101 northern way, york, pa, 17402, us",14.69,13.39,5.19,1.19,2.89,11,95,3.8999999999999977,29,11.387894736842101,,1,1,0,0,pa,17402,0,York
84,Applebee,"88 old trolley rd, summerville, sc, 29485, us",15.0,13.75,5.0,2.5,3.15,11,108,4.100000000000001,123,12.001388888888892,,1,1,0,0,sc,29485,0,Dorchester
85,Applebee,"6200 white horse rd, greenville, sc, 29611, us",15.0,13.75,5.0,2.5,3.15,10,107,4.0,48,12.066822429906544,,1,1,0,0,sc,29611,0,Greenville
86,Applebee,"430 congaree rd., greenville, sc, 29607, us",15.0,13.75,5.0,2.5,3.15,22,216,4.3999999999999995,38,12.00138888888889,,1,1,0,0,sc,29607,0,Greenville
87,Applebee,"1647 church st., conway, sc, 29526, us",15.0,13.75,5.0,2.5,3.15,11,105,4.0,56,12.087142857142858,,1,1,0,0,sc,29526,0,Horry
88,Applebee,"605 columbia ave, lexington, sc, 29072, us",15.0,13.75,5.0,2.5,3.15,11,108,4.200000000000001,39,12.001388888888892,,1,1,0,0,sc,29072,0,Lexington
89,Applebee,"2815 augusta rd., west columbia, sc, 29170, us",15.0,13.75,5.0,2.5,3.15,11,107,4.200000000000001,78,12.090186915887854,,1,1,0,0,sc,29170,0,Lexington
90,Applebee,"4505 devine st, columbia, sc, 29205, us",15.0,13.75,5.0,2.5,3.15,11,105,4.100000000000001,56,11.920476190476192,,1,1,0,0,sc,29205,0,Richland
91,Applebee,"704 w. wade hampton blvd., greer, sc, 29651, us",15.0,13.75,5.0,2.5,3.15,11,108,4.200000000000001,50+,12.001388888888892,,1,1,0,0,sc,29651,0,Greenville
92,Applebee,"7602 warren h abernathy hwy, spartanburg, sc, 29301, us",15.0,13.75,5.0,2.5,3.15,10,101,4.2,46,12.160891089108915,,1,1,0,0,sc,29301,0,Spartanburg
93,Applebee,"2227 dave lyle blvd, rock hill, sc, 29730, us",15.0,13.75,5.0,2.5,3.15,11,108,4.0,39,12.001388888888894,,1,1,0,0,sc,29730,0,York
94,Applebee,"10921 carolina pl. pkwy., pineville, nc, 28134, us",,,5.0,2.5,,11,91,4.2,54,11.547252747252752,,1,1,0,0,nc,28134,0,Mecklenburg
95,Applebee,"718 thompson lane, nashville, tn, 37204, us",15.0,14.5,5.0,2.5,2.5,28,216,4.299999999999999,100+,11.915740740740741,,1,1,0,0,tn,37204,0,Davidson
96,Applebee,"5606 brainerd road, chattanooga, tn, 37411, us",13.79,12.69,2.89,3.49,2.29,12,100,4.0,22,11.104999999999995,,1,1,0,0,tn,37411,0,Hamilton
97,Applebee,"5595 hwy 153, hixson, tn, 37343, us",13.79,12.69,2.89,3.49,2.29,12,101,4.7,46,11.097920792079202,,1,1,0,0,tn,37343,0,Hamilton
98,Applebee,"5316 central avenue pike, knoxville, tn, 37912, us",13.79,12.69,2.89,3.49,2.29,11,96,4.3999999999999995,50+,11.207708333333331,,1,1,0,0,tn,37912,0,Knox
99,Applebee,"2912, knoxville, tn, 37924, us",13.79,12.69,2.89,3.49,2.29,20,198,4.399999999999999,50+,11.23444444444444,,1,1,0,0,tn,37924,0,Knox
100,Applebee,"261 north peters road, knoxville, tn, 37923, us",13.79,12.69,2.89,3.49,2.29,11,99,4.200000000000001,42,11.228383838383834,,1,1,0,0,tn,37923,0,Knox
101,Applebee,"207 collier drive, sevierville, tn, 37862, us",13.79,12.69,2.89,3.49,2.29,12,100,4.0,25,11.174,,1,1,0,0,tn,37862,0,Sevier
102,Applebee,"2564, alcoa, tn, 37701, us",13.79,12.69,2.89,3.49,2.29,12,100,4.399999999999999,36,11.127999999999995,,1,1,0,0,tn,37701,0,Blount
103,Applebee,"2114 union ave, memphis, tn, 38104, us",16.79,16.19,3.59,2.39,3.59,4,94,3.8999999999999977,100+,12.491063829787233,,1,1,0,0,tn,38104,0,Shelby
104,Applebee,"208 west service road, west memphis, ar, 72301, us",16.79,16.19,3.59,2.39,3.59,4,100,3.5,31,12.779000000000002,,1,1,0,0,ar,72301,0,Crittenden
105,Applebee,"705 s james campbell blvd, columbia, tn, 38401, us",15.0,14.5,5.0,2.5,2.5,14,108,3.5,17,11.915740740740741,,1,1,0,0,tn,38401,0,Maury
106,Applebee,"2700 east central texas exp., killeen, tx, 76543, us",17.49,16.29,3.79,2.49,3.19,7,101,4.100000000000002,100+,13.685049504950495,,1,1,0,0,tx,76543,0,Bell
107,Applebee,"2525 e. highway 190, copperas cove, tx, 76522, us",17.49,16.29,3.79,2.49,3.19,8,101,4.5,78,13.635544554455445,,1,1,0,0,tx,76522,0,Coryell
108,Applebee,"1511 s.w. military drive, san antonio, tx, 78221, us",16.29,14.99,3.79,2.49,3.19,14,196,4.399999999999999,34,13.1165306122449,,1,1,0,0,tx,78221,0,Bexar
109,Applebee,"7880 ih 35 north, san antonio, tx, 78218, us",16.29,14.99,3.79,2.49,3.19,8,99,4.0,70,13.041515151515153,,1,1,0,0,tx,78218,0,Bexar
110,Applebee,"97 loop 410 ne., san antonio, tx, 78216, us",16.29,14.99,3.79,2.49,3.19,8,100,4.5,53,12.936000000000003,,1,1,0,0,tx,78216,0,Bexar
111,Applebee,"995 i-35, new braunfels, tx, 78130, us",16.29,14.99,3.79,2.49,3.19,8,93,4.5,33,13.06204301075269,,1,1,0,0,tx,78130,0,Guadalupe
112,Applebee,"w ih 10, san antonio, tx, 78249, us",16.29,14.99,3.79,2.49,3.19,7,98,4.700000000000001,32,13.1165306122449,,1,1,0,0,tx,78249,0,Bexar
113,Applebee,"5103 fairmont parkway, pasadena, tx, 77505, us",17.49,16.29,3.79,2.49,3.19,32,408,4.299999999999999,37,13.599803921568625,,1,1,0,0,tx,77505,0,Harris
114,Applebee,"5911 sam, houston, tx, 77049, us",17.49,16.29,3.79,2.49,3.19,40,510,4.200000000000001,40,13.599803921568627,,1,1,0,0,tx,77049,0,Harris
115,Applebee,"12740 southwest freeway, stafford, tx, 77477, us",17.49,16.29,3.79,2.49,3.19,24,306,4.1000000000000005,59,13.599803921568624,,1,1,0,0,tx,77477,0,Fort Bend
116,Applebee,"2959 n loop w fwy, houston, tx, 77008, us",17.49,16.29,3.79,2.49,3.19,24,306,4.200000000000001,73,13.599803921568624,,1,1,0,0,tx,77008,0,Harris
117,Applebee,"4385 frontage road, brownsville, tx, 78520, us",15.69,14.99,4.99,2.49,3.19,7,99,3.8999999999999986,17,12.847575757575756,,1,1,0,0,tx,78520,0,Cameron
118,Applebee,"125 north plano road, richardson, tx, 75081, us",17.49,16.29,3.79,2.49,3.19,7,101,4.399999999999998,65,13.685049504950495,,1,1,0,0,tx,75081,0,Dallas
119,Applebee,"3565 frankford road, dallas, tx, 75287, us",17.49,16.29,3.79,2.49,3.19,8,101,4.2,52,13.536534653465347,,1,1,0,0,tx,75287,0,Collin
120,Applebee,"6464 e. northwest highway, dallas, tx, 75214, us",17.49,16.29,3.79,2.49,3.19,16,204,4.299999999999999,78,13.599803921568625,,1,1,0,0,tx,75214,0,Dallas
121,Applebee,"1901 north beltline road, irving, tx, 75061, us",17.49,16.29,3.79,2.49,3.19,8,101,4.3,100+,13.709801980198021,,1,1,0,0,tx,75061,0,Dallas
122,Applebee,"3426 w illinois ave, dallas, tx, 75211, us",17.49,16.29,3.79,2.49,3.19,8,102,4.3,61,13.59980392156863,,1,1,0,0,tx,75211,0,Dallas
123,Applebee,"6600 west freeway, fort worth, tx, 76116, us",17.49,16.29,3.79,2.49,3.19,16,204,4.399999999999999,46,13.599803921568625,,1,1,0,0,tx,76116,0,Tarrant
124,Applebee,"6301, lake worth, tx, 76135, us",17.49,16.29,3.79,2.49,3.19,16,204,4.0,37,13.599803921568625,,1,1,0,0,tx,76135,0,Tarrant
125,Applebee,"5800 n mesa st, el paso, tx, 79912, us",14.29,13.69,4.79,4.19,4.29,18,100,4.8,60,11.736,,1,1,0,0,tx,79912,0,El Paso
126,Applebee,"1766 airway blvd, el paso, tx, 79925, us",14.29,13.69,4.79,4.19,4.29,18,100,4.5,80,11.736,,1,1,0,0,tx,79925,0,El Paso
127,Applebee,"19625 restaurant row, houston, tx, 77084, us",17.49,16.29,3.79,2.49,3.19,16,204,4.700000000000001,55,13.599803921568625,,1,1,0,0,tx,77084,0,Harris
128,Applebee,"514 e expressway 83, mcallen, tx, 78503, us",15.69,14.99,4.99,2.49,3.19,7,99,4.200000000000001,17,12.847575757575756,,1,1,0,0,tx,78503,0,Hidalgo
129,Applebee,"4601 n 10th street, mcallen, tx, 78504, us",15.69,14.99,4.99,2.49,3.19,7,99,4.5,16,12.847575757575756,,1,1,0,0,tx,78504,0,Hidalgo
130,Applebee,"4025 south loop, lubbock, tx, 79423, us",15.69,14.99,4.99,2.49,3.19,6,96,3.600000000000001,21,12.838958333333332,,1,1,0,0,tx,79423,0,Lubbock
131,Applebee,"614 north valley mills, waco, tx, 76710, us",,,3.79,2.49,3.19,8,86,4.2,15,13.298139534883722,,1,1,0,0,tx,76710,0,McLennan
132,Applebee,"6691 s. padre island dr., corpus christi, tx, 78412, us",15.69,14.99,4.99,2.49,3.19,7,98,4.299999999999999,40,12.812448979591835,,1,1,0,0,tx,78412,0,Nueces
133,Applebee,"1820 highway 181, portland, tx, 78374, us",15.69,14.99,4.99,2.49,3.19,7,99,0.0,10,12.847575757575756,,1,1,0,0,tx,78374,0,San Patricio
134,Applebee,"4654 south cooper street, arlington, tx, 76017, us",17.49,16.29,3.79,2.49,3.19,8,102,4.2,68,13.59980392156863,,1,1,0,0,tx,76017,0,Tarrant
135,Applebee,"2415 w interstate 20, grand prairie, tx, 75052, us",17.49,16.29,3.79,2.49,3.19,8,101,4.3,51,13.706831683168318,,1,1,0,0,tx,75052,0,Dallas
136,Applebee,"5010 w hwy 290 service rd, austin, tx, 78735, us",17.49,16.29,3.79,2.49,3.19,8,102,4.100000000000002,40,13.599803921568625,,1,1,0,0,tx,78735,0,Travis
137,Applebee,"6315 s interstate highway 35, austin, tx, 78744, us",17.49,16.29,3.79,2.49,,8,100,4.399999999999999,77,13.74,,1,1,0,0,tx,78744,0,Travis
138,Applebee,"2700 parker rd ste a, round rock, tx, 78681, us",17.49,16.29,3.79,2.49,3.19,24,306,3.8000000000000007,55,13.599803921568627,,1,1,0,0,tx,78681,0,Williamson
139,Applebee,"11013 lakeline mall drive, cedar park, tx, 78613, us",17.49,16.29,3.79,2.49,3.19,8,102,3.8000000000000003,72,13.599803921568627,,1,1,0,0,tx,78613,0,Williamson
140,Applebee,"1622 n. 1000 west, layton, ut, 84041, us",12.99,12.79,3.19,1.19,2.89,5,104,4.6000000000000005,34,10.480384615384615,,1,1,0,0,ut,84041,0,Davis
141,Applebee,"1125 w riverdale rd, ogden, ut, 84405, us",12.99,12.79,3.19,1.19,2.89,5,104,4.3999999999999995,31,10.480384615384613,,1,1,0,0,ut,84405,0,Weber
142,Applebee,"2175 w city center ct, west valley city, ut, 84119, us",12.99,12.79,3.19,1.19,2.89,5,104,4.299999999999999,50+,10.480384615384613,,1,1,0,0,ut,84119,0,Salt Lake
143,Applebee,"5678 s redwood rd, taylorsville, ut, 84118, us",12.99,12.79,3.19,1.19,2.89,5,104,4.5,50+,10.480384615384615,,1,1,0,0,ut,84118,0,Salt Lake
144,Applebee,"290 west 1300 south, orem, ut, 84058, us",12.99,12.79,3.19,1.19,2.89,5,104,4.0,25,10.480384615384615,,1,1,0,0,ut,84058,0,Utah
145,Applebee,"2420 e. mason street, green bay, wi, 54311, us",15.39,14.59,3.59,3.59,2.39,12,104,4.700000000000001,25,11.563076923076922,,1,1,0,0,wi,54311,0,Brown
146,Applebee,"900 hansen road, green bay, wi, 54304, us",15.39,14.59,3.59,3.59,2.39,12,102,4.2,34,11.673333333333336,,1,1,0,0,wi,54304,0,Brown
147,Applebee,"4710 east towne boulevard, madison, wi, 53704, us",15.39,14.59,3.59,3.59,2.39,13,102,4.3,15,11.673333333333336,,1,1,0,0,wi,53704,0,Dane
148,Applebee,"1834 miller park way, milwaukee, wi, 53219, us",15.39,14.59,3.59,3.59,2.39,10,101,3.6999999999999997,64,11.645445544554459,,1,1,0,0,wi,53219,0,Milwaukee
149,Applebee,"2865 s. 108th street, west allis, wi, 53227, us",15.39,14.59,3.59,3.59,2.39,26,210,3.7000000000000006,28,11.509047619047617,,1,1,0,0,wi,53227,0,Milwaukee
150,Applebee,"7135 s. 13th street, oak creek, wi, 53154, us",15.39,14.59,3.59,3.59,2.39,10,92,3.5,35,11.26717391304348,,1,1,0,0,wi,53154,0,Milwaukee
151,Applebee,"3100 golf road, delafield, wi, 53018, us",15.39,14.59,3.59,3.59,2.39,12,104,0.0,11,11.563076923076922,,1,1,0,0,wi,53018,0,Waukesha
152,Buffalo Wild Wings,"6341 airport blvd, mobile, al, 36608, us",18.29,14.29,4.79,3.99,1.99,10,194,4.399999999999999,50+,7.864845360824741,,1,1,0,0,al,36608,0,Mobile
153,Buffalo Wild Wings,"2600 south mckenzie street, foley, al, 36535, us",18.29,14.29,4.79,2.99,1.99,5,98,4.5,50+,7.829387755102038,,1,1,0,0,al,36535,0,Baldwin
154,Buffalo Wild Wings,"1416 4th ave s, birmingham, al, 35233, us",17.29,12.99,4.79,3.99,1.99,5,91,4.3,50+,7.6450549450549445,,1,1,0,0,al,35233,0,Jefferson
155,Buffalo Wild Wings,"640 montgomery highway, vestavia hills, al, 35216, us",,11.29,4.79,,1.99,4,60,4.699999999999999,21,5.763500000000001,,1,1,0,0,al,35216,0,Jefferson
156,Buffalo Wild Wings,"7042 highway 72 w, huntsville, al, 35806, us",17.29,13.29,5.29,3.99,2.29,4,96,4.200000000000001,61,7.825416666666665,,1,1,0,0,al,35806,0,Madison
157,Buffalo Wild Wings,"7700 abercorn st, savannah, ga, 31406, us",,,4.79,2.29,1.99,5,80,4.0,100+,6.15325,,1,1,0,0,ga,31406,0,Chatham
158,Buffalo Wild Wings,"1323 benton blvd., pooler, ga, 31322, us",17.29,12.99,4.79,2.29,1.99,5,98,4.0,90,7.60285714285714,,1,1,0,0,ga,31322,0,Chatham
159,Buffalo Wild Wings,"5840 roswell rd, sandy springs, ga, 30328, us",,11.79,3.79,,1.99,3,60,4.5,59,5.741833333333335,,1,1,0,0,ga,30328,0,Fulton
160,Buffalo Wild Wings,"1260 hammond drive northeast, dunwoody, ga, 30346, us",17.29,13.29,4.79,2.29,1.99,10,194,3.75,88,7.659690721649483,,1,1,0,0,ga,30346,0,DeKalb
161,Buffalo Wild Wings,"4650 hugh howell road, tucker, ga, 30084, us",,11.79,3.79,,1.99,3,60,4.300000000000001,73,5.758500000000001,,1,1,0,0,ga,30084,0,DeKalb
162,Buffalo Wild Wings,"4325 atlanta highway, unit 011, loganville, ga, 30052, us",,11.79,3.79,,1.99,3,60,4.600000000000002,67,5.7585000000000015,,1,1,0,0,ga,30052,0,Walton
163,Buffalo Wild Wings,"1401-1b oxford rd ne, atlanta, ga, 30307, us",,11.79,3.79,,1.99,3,60,4.300000000000001,100,5.741833333333334,,1,1,0,0,ga,30307,0,DeKalb
164,Buffalo Wild Wings,"5267 buford highway northeast, doraville, ga, 30340, us",,11.79,3.79,,1.99,6,120,4.5,49,5.7585,,1,1,0,0,ga,30340,0,DeKalb
165,Buffalo Wild Wings,"68 5th street northwest, atlanta, ga, 30308, us",,11.79,3.79,,1.99,9,174,4.399999999999999,134,5.53844827586207,,1,1,0,0,ga,30308,0,Fulton
166,Buffalo Wild Wings,"911 duluth highway, unit c-1c, lawrenceville, ga, 30043, us",,11.79,3.79,,1.99,3,60,4.300000000000001,66,5.565166666666668,,1,1,0,0,ga,30043,0,Gwinnett
167,Buffalo Wild Wings,"1425 ellsworth industrial blvd. nw, atlanta, ga, 30318, us",,12.99,5.29,,,6,118,4.399999999999999,53,6.291864406779662,,1,1,0,0,ga,30318,0,Fulton
168,Buffalo Wild Wings,"6135 parkway pkwy nw, peachtree corners, ga, 30092, us",17.29,13.29,4.79,2.29,1.99,5,95,4.5,69,7.902105263157894,,1,1,0,0,ga,30092,0,Gwinnett
169,Buffalo Wild Wings,"5b serramonte center serramonte center, daly city, ca, 94015, us",20.79,16.49,6.49,2.29,1.99,6,588,4.6000000000000005,59,9.240102040816325,,1,1,0,0,ca,94015,1,San Mateo
170,Buffalo Wild Wings,"32135 union lndg, union city, ca, 94587, us",20.79,16.49,6.49,2.29,1.99,6,588,4.0,19,9.188061224489795,,1,1,0,0,ca,94587,1,Alameda
171,Buffalo Wild Wings,"3712, dublin, ca, 94568, us",19.99,15.99,6.49,2.29,1.99,0,445,4.100000000000001,20,8.958876404494381,,1,1,0,0,ca,94568,1,Alameda
172,Buffalo Wild Wings,"777 w main st, boise, id, 83702-6176, us",17.29,13.29,4.79,2.29,1.99,5,96,4.3999999999999995,50+,7.83645833333333,,1,1,0,0,id,83702,0,Ada
173,Buffalo Wild Wings,"3223 e louise dr, meridian, id, 83642, us",17.79,13.79,4.79,,1.99,5,97,4.299999999999999,50+,7.871030927835048,,1,1,0,0,id,83642,0,Ada
174,Buffalo Wild Wings,"13977 trade center drive, fishers, in, 46038, us",17.97,14.13,5.34,2.31,2.01,2,92,4.100000000000001,15,8.36695652173913,,1,1,0,0,in,46038,0,Hamilton
175,Buffalo Wild Wings,"13868 116th street east, fishers, in, 46037, us",17.79,13.99,5.29,2.29,1.99,5,91,4.2,20,8.367472527472527,,1,1,0,0,in,46037,0,Hamilton
176,Buffalo Wild Wings,"2942 carlson dr, hammond, in, 46323, us",18.29,14.29,5.99,3.99,2.29,4,97,3.899999999999999,50+,8.131855670103091,,1,1,0,0,in,46323,0,Lake
177,Buffalo Wild Wings,"1200 indianapolis boulevard, schererville, in, 46375, us",18.29,14.29,5.99,3.99,2.29,4,96,4.1000000000000005,17,8.015624999999998,,1,1,0,0,in,46375,0,Lake
178,Buffalo Wild Wings,"7 east washington street, downtown indy, in, 46204, us",17.79,13.99,5.29,2.29,1.99,5,91,4.100000000000001,50+,8.422417582417582,,1,1,0,0,in,46204,0,Marion
179,Buffalo Wild Wings,"6129 crawfordsville road, speedway, in, 46224, us",18.29,14.49,5.29,2.29,1.99,5,90,3.8,50+,8.448333333333332,,1,1,0,0,in,46224,0,Marion
180,Buffalo Wild Wings,"3311 se 14th st, des moines, ia, 50320, us",17.29,12.99,4.79,2.29,1.99,5,96,4.1000000000000005,50+,7.544791666666664,,1,1,0,0,ia,50320,0,Polk
181,Buffalo Wild Wings,"4345 merle hay rd, des moines, ia, 50310, us",13.01,12.99,4.79,2.29,1.99,5,97,4.100000000000001,42,7.312680412371132,,1,1,0,0,ia,50310,0,Polk
182,Buffalo Wild Wings,"7030 w 105th st, overland park, ks, 66212, us",13.01,13.29,4.79,2.29,1.99,5,97,4.299999999999999,82,7.413711340206183,,1,1,0,0,ks,66212,0,Johnson
183,Buffalo Wild Wings,"12110 s strang line rd, olathe, ks, 66062, us",17.29,12.99,4.79,2.29,1.99,5,98,4.399999999999999,81,7.541632653061223,,1,1,0,0,ks,66062,0,Johnson
184,Buffalo Wild Wings,"3236 n rock rd ste 190, wichita, ks, 67226, us",17.29,12.99,4.79,2.29,1.99,5,98,4.100000000000001,50+,7.6028571428571405,,1,1,0,0,ks,67226,0,Sedgwick
185,Buffalo Wild Wings,"2413 n maize rd, wichita, ks, 67205, us",13.01,13.29,4.79,2.29,1.99,5,98,4.0,49,7.368571428571427,,1,1,0,0,ks,67205,0,Sedgwick
186,Buffalo Wild Wings,"1080 s broadway ste 104, lexington, ky, 40504, us",17.29,13.29,4.79,2.29,1.99,5,98,4.299999999999999,50+,7.63142857142857,,1,1,0,0,ky,40504,0,Fayette
187,Buffalo Wild Wings,"3090 old todds rd, lexington, ky, 40509, us",13.01,13.29,4.79,2.29,1.99,5,95,4.3,43,7.412526315789473,,1,1,0,0,ky,40509,0,Fayette
188,Buffalo Wild Wings,"1112 veterans pkwy, clarksville, in, 47129, us",17.29,13.29,4.79,2.29,1.99,5,96,3.7000000000000006,50+,7.796874999999997,,1,1,0,0,in,47129,0,Clark
189,Buffalo Wild Wings,"4600 shelbyville road, louisville, ky, 40207, us",17.29,13.29,4.79,2.29,1.99,5,98,3.6000000000000014,50+,7.701224489795917,,1,1,0,0,ky,40207,0,Jefferson
190,Buffalo Wild Wings,"4917 outer loop, louisville, ky, 40219, us",13.01,13.29,4.79,2.29,1.99,3,87,3.3000000000000007,43,7.261264367816092,,1,1,0,0,ky,40219,0,Jefferson
191,Buffalo Wild Wings,"3260 highland road, suite 2, baton rouge, la, 70802, us",17.79,13.79,5.29,3.99,2.29,4,98,4.100000000000001,62,7.921734693877549,,1,1,0,0,la,70802,0,East Baton Rouge
192,Buffalo Wild Wings,"7524 bluebonnet blvd, baton rouge, la, 70810, us",17.79,13.79,5.29,3.99,2.29,4,97,3.899999999999999,54,7.967422680412369,,1,1,0,0,la,70810,0,East Baton Rouge
193,Buffalo Wild Wings,"3434 veterans memorial blvd, metairie, la, 70002, us",17.79,13.79,4.79,2.29,1.99,15,282,4.2,119,7.442765957446809,,1,1,0,0,la,70002,0,Jefferson
194,Buffalo Wild Wings,"909 s clearview pkwy, elmwood 70123, usa, new orleans, la, 70121, us",17.79,13.79,4.79,2.29,1.99,5,98,4.299999999999999,82,7.661020408163264,,1,1,0,0,la,70121,0,Jefferson
195,Buffalo Wild Wings,"2804 ne evangeline thruway, lafayette, la, 70507, us",13.01,13.79,5.29,3.99,1.99,4,97,4.299999999999999,47,7.688453608247421,,1,1,0,0,la,70507,0,Lafayette
196,Buffalo Wild Wings,"4415 ambassador caffery pkwy ste 700, lafayette, la, 70508, us",,,,,,7,63,0.0,11,10.132857142857146,,1,1,0,0,la,70508,0,Lafayette
197,Buffalo Wild Wings,"4150 general de gaulle dr, new orleans, la, 70131, us",17.79,13.79,4.79,2.29,1.99,4,95,4.3,70,7.542210526315788,,1,1,0,0,la,70131,0,Orleans
198,Buffalo Wild Wings,"15530 daniel blvd, gulfport, ms, 39503, us",18.29,14.29,4.79,3.99,1.99,5,97,4.200000000000001,69,7.884432989690719,,1,1,0,0,ms,39503,0,Harrison
199,Buffalo Wild Wings,"3850 promenade parkway, d’iberville, ms, 39540, us",18.29,14.29,4.79,3.99,1.99,5,93,4.8,100+,7.7874193548387085,,1,1,0,0,ms,39540,0,Harrison
200,Buffalo Wild Wings,"8 loudon road, concord, nh, 03301, us",13.01,15.99,5.99,4.49,1.99,3,91,4.3,31,7.754725274725273,,1,1,0,0,nh,3301,0,Merrimack
201,Buffalo Wild Wings,"360 highway 1 bypass, portsmouth, nh, 03801, us",18.79,14.79,5.99,3.99,1.99,2,97,4.0,41,8.402371134020617,,1,1,0,0,nh,3801,0,Rockingham
202,Buffalo Wild Wings,"4 tunnel rd, asheville, nc, 28805, us",17.29,13.29,4.79,2.29,1.99,4,96,4.200000000000001,50+,7.737395833333331,,1,1,0,0,nc,28805,0,Buncombe
203,Buffalo Wild Wings,"421 airport road ste 102, arden, nc, 28704, us",17.29,13.29,4.79,2.29,1.99,5,90,4.100000000000001,25,6.36511111111111,,1,1,0,0,nc,28704,0,Buncombe
204,Buffalo Wild Wings,"2097 skibo rd, fayetteville, nc, 28314, us",17.29,13.29,4.79,2.29,1.99,5,96,3.899999999999999,100+,7.765624999999999,,1,1,0,0,nc,28314,0,Cumberland
205,Buffalo Wild Wings,"6709 fayetteville rd, durham, nc, 27713, us",17.29,13.29,4.79,2.29,,5,86,4.2,97,6.526395348837209,,1,1,0,0,nc,27713,0,Durham
206,Buffalo Wild Wings,"1300 village market pl, morrisville, nc, 27560, us",,,4.79,2.29,,4,66,3.8000000000000007,89,5.412121212121213,,1,1,0,0,nc,27560,0,Wake
207,Buffalo Wild Wings,"6196 falls of neuse road ste 112, raleigh, nc, 27609, us",,11.79,3.79,,1.99,3,60,4.5,40,5.725166666666667,,1,1,0,0,nc,27609,0,Wake
208,Buffalo Wild Wings,"121 grand hill pl, holly springs, nc, 27540, us",17.29,13.29,4.79,2.29,1.99,4,79,4.399999999999998,52,6.209746835443039,,1,1,0,0,nc,27540,0,Wake
209,Buffalo Wild Wings,"148 shenstone blvd, garner, nc, 27529, us",17.29,13.29,4.79,2.29,1.99,12,279,4.2,79,7.841612903225807,,1,1,0,0,nc,27529,0,Wake
210,Buffalo Wild Wings,"1110 creekshire way, winston-salem, nc, 27103, us",17.29,13.29,4.79,2.29,1.99,5,98,4.200000000000001,100+,7.6967346938775485,,1,1,0,0,nc,27103,0,Forsyth
211,Buffalo Wild Wings,"5836 samet dr ste 115, high point, nc, 27265, us",13.01,13.79,4.79,2.29,,10,188,4.200000000000001,100+,7.696170212765957,,1,1,0,0,nc,27265,0,Guilford
212,Buffalo Wild Wings,"3128 walden ln, burlington, nc, 27215-8236, us",17.29,13.29,4.79,2.29,1.99,5,97,4.299999999999999,39,7.686494845360823,,1,1,0,0,nc,27215,0,Alamance
213,Buffalo Wild Wings,"400 e martin luther king blvd ste b, charlotte, nc, 28202, us",13.01,13.29,4.79,2.29,1.99,10,194,4.200000000000001,100+,7.509484536082471,,1,1,0,0,nc,28202,0,Mecklenburg
214,Buffalo Wild Wings,"4014 connection point boulevard, charlotte, nc, 28212, us",,11.79,3.79,,1.99,3,57,4.1000000000000005,17,5.798771929824562,,1,1,0,0,nc,28212,0,Mecklenburg
215,Buffalo Wild Wings,"9402 northlake west dr, charlotte, nc, 28216, us",17.79,13.79,4.79,2.29,1.99,5,98,4.0,100+,7.814081632653059,,1,1,0,0,nc,28216,0,Mecklenburg
216,Buffalo Wild Wings,"289 george bay ct, concord, nc, 28027, us",13.01,13.29,4.79,2.29,1.99,5,96,4.1000000000000005,93,7.4618749999999965,,1,1,0,0,nc,28027,0,Cabarrus
217,Buffalo Wild Wings,"479 river hwy, mooresville, nc, 28117, us",13.01,13.29,4.79,2.29,1.99,5,94,4.5,79,7.336808510638297,,1,1,0,0,nc,28117,0,Iredell
218,Buffalo Wild Wings,"206 old eastwood rd, wilmington, nc, 28403, us",13.01,15.29,5.29,4.49,1.99,5,97,4.5,57,8.000824742268039,,1,1,0,0,nc,28403,0,New Hanover
219,Buffalo Wild Wings,"5533 carolina beach rd, wilmington, nc, 28412, us",13.01,15.29,5.29,4.49,1.99,5,97,4.299999999999999,65,8.00185567010309,,1,1,0,0,nc,28412,0,New Hanover
220,Buffalo Wild Wings,"2601 south service rd., moore, ok, 73160, us",18.29,14.49,5.29,3.99,1.99,8,194,4.15,56,8.038556701030924,,1,1,0,0,ok,73160,0,Cleveland
221,Buffalo Wild Wings,"5500 tinker diagonal, del city, ok, 73115, us",18.29,14.49,5.29,3.99,1.99,4,93,4.3,95,7.900860215053762,,1,1,0,0,ok,73115,0,Oklahoma
222,Buffalo Wild Wings,"4130 nw expressway, oklahoma city, ok, 73116, us",,,5.29,2.29,1.99,4,71,4.100000000000002,100+,8.69323943661972,,1,1,0,0,ok,73116,0,Oklahoma
223,Buffalo Wild Wings,"6910 sw 3rd st, oklahoma city, ok, 73128, us",18.29,14.49,5.29,3.99,1.99,4,96,4.1000000000000005,67,8.073437499999997,,1,1,0,0,ok,73128,0,Oklahoma
224,Buffalo Wild Wings,"6222 e 41st st, tulsa, ok, 74135, us",18.29,14.49,5.29,3.99,1.99,4,96,4.0,50+,8.073437499999997,,1,1,0,0,ok,74135,0,Tulsa
225,Buffalo Wild Wings,"7568 s olympia ave, tulsa, ok, 74132, us",18.29,14.49,5.29,3.99,1.99,3,95,3.8999999999999977,36,8.037473684210525,,1,1,0,0,ok,74132,0,Tulsa
226,Buffalo Wild Wings,"3469 william penn highway, wilkins township, pa, 15235, us",17.29,13.29,4.79,2.29,1.99,12,352,4.299999999999999,100+,7.433863636363634,,1,1,0,0,pa,15235,0,Allegheny
227,Buffalo Wild Wings,"480 home dr, pittsburgh, pa, 15108, us",17.29,13.29,4.79,2.29,1.99,4,93,4.2,62,7.707741935483869,,1,1,0,0,pa,15108,0,Allegheny
228,Buffalo Wild Wings,"6215 state route 30, greensburg, pa, 15601, us",17.29,13.29,4.79,2.29,1.99,10,192,4.5,28,7.714479166666666,,1,1,0,0,pa,15601,0,Westmoreland
229,Buffalo Wild Wings,"2763 e lincoln hwy, langhorne, pa, 19047, us",18.29,14.29,4.79,2.29,1.99,10,194,3.8,46,8.054020618556699,,1,1,0,0,pa,19047,0,Bucks
230,Buffalo Wild Wings,"9701 roosevelt blvd, philadelphia, pa, 19114, us",13.01,14.49,4.79,2.29,1.99,15,291,4.399999999999999,57,7.81319587628866,,1,1,0,0,pa,19114,0,Philadelphia
231,Buffalo Wild Wings,"201 easton rd ste 118, warrington, pa, 18976, us",13.01,14.29,4.79,2.29,1.99,10,192,4.1000000000000005,61,7.845624999999997,,1,1,0,0,pa,18976,0,Bucks
232,Buffalo Wild Wings,"920 baltimore pike, glen mills, pa, 19342, us",13.01,14.79,5.29,2.29,1.99,16,392,3.5,54,7.814999999999997,,1,1,0,0,pa,19342,0,Delaware
233,Buffalo Wild Wings,"690 w dekalb pike, king of prussia, pa, 19406, us",18.29,14.49,5.29,2.29,1.99,8,192,3.899999999999999,47,7.950520833333331,,1,1,0,0,pa,19406,0,Montgomery
234,Buffalo Wild Wings,"501 stanton christiana rd, newark, de, 19713, us",20.79,16.49,6.49,5.79,2.49,2,97,4.5,31,8.971030927835049,,1,1,0,0,de,19713,0,New Castle
235,Buffalo Wild Wings,"103 quarry rd, downingtown, pa, 19335, us",13.01,14.79,5.29,2.29,1.99,2,94,4.8,35,7.867127659574468,,1,1,0,0,pa,19335,0,Chester
236,Buffalo Wild Wings,"1510 egypt rd, phoenixville, pa, 19426, us",18.29,14.49,5.29,2.29,1.99,12,294,3.966666666666666,47,8.047244897959184,,1,1,0,0,pa,19426,0,Montgomery
237,Buffalo Wild Wings,"2065 fruitville pike, lancaster, pa, 17601, us",17.79,13.99,4.79,2.29,1.99,5,98,4.399999999999999,50+,7.841632653061223,,1,1,0,0,pa,17601,0,Lancaster
238,Buffalo Wild Wings,"1225 grape st, whitehall, pa, 18052, us",18.29,14.49,4.79,2.29,1.99,5,97,4.0,34,8.096288659793812,,1,1,0,0,pa,18052,0,Lehigh
239,Buffalo Wild Wings,"3798 dryland way, easton, pa, 18045, us",18.29,14.49,4.79,2.29,1.99,5,98,3.8,42,8.04928571428571,,1,1,0,0,pa,18045,0,Northampton
240,Buffalo Wild Wings,"320 town center dr, york, pa, 17408, us",18.29,14.29,4.79,2.29,1.99,5,96,4.1000000000000005,23,8.05708333333333,,1,1,0,0,pa,17408,0,York
241,Buffalo Wild Wings,"167-295 n northern way, york, pa, 17402, us",13.01,13.99,4.79,2.29,1.99,5,98,4.0,23,7.571632653061222,,1,1,0,0,pa,17402,0,York
242,Buffalo Wild Wings,"21, bluffton, sc, 29910, us",13.01,13.29,4.79,2.29,1.99,5,98,4.399999999999999,38,7.383877551020406,,1,1,0,0,sc,29910,0,Beaufort
243,Buffalo Wild Wings,"121 robert smalls pkwy, beaufort, sc, 29902, us",13.01,13.29,4.79,2.29,1.99,5,97,4.5,28,7.410618556701029,,1,1,0,0,sc,29902,0,Beaufort
244,Buffalo Wild Wings,"4959 centre pointe dr, north charleston, sc, 29418, us",19.49,15.29,5.29,3.99,1.99,4,98,3.8,93,8.370612244897957,,1,1,0,0,sc,29418,0,Charleston
245,Buffalo Wild Wings,"8811 dorchester road, north charleston, sc, 29420, us",19.49,15.29,5.29,3.99,1.99,4,95,4.0,80,8.218421052631577,,1,1,0,0,sc,29420,0,Dorchester
246,Buffalo Wild Wings,"1125 woodruff rd ste 1300, greenville, sc, 29607, us",17.29,13.29,4.79,2.29,1.99,10,194,4.0,50+,7.674123711340203,,1,1,0,0,sc,29607,0,Greenville
247,Buffalo Wild Wings,"1494 wo ezell blvd, spartanburg, sc, 29301, us",13.01,13.29,4.79,2.29,1.99,5,97,4.100000000000001,50+,7.408556701030926,,1,1,0,0,sc,29301,0,Spartanburg
248,Buffalo Wild Wings,"1990 oakheart rd, myrtle beach, sc, 29579, us",19.49,15.29,5.29,4.49,1.99,5,92,4.3,82,7.885760869565217,,1,1,0,0,sc,29579,0,Horry
249,Buffalo Wild Wings,"518 highway 17 n, north myrtle beach, sc, 29582, us",19.49,15.29,5.29,4.49,1.99,5,97,4.600000000000001,24,8.24164948453608,,1,1,0,0,sc,29582,0,Horry
250,Buffalo Wild Wings,"5570 sunset blvd # a, lexington, sc, 29072, us",17.29,12.99,4.79,2.29,1.99,5,96,4.6000000000000005,54,7.762395833333332,,1,1,0,0,sc,29072,0,Lexington
251,Buffalo Wild Wings,"1000 bower pkwy, columbia, sc, 29212, us",17.29,13.29,4.79,2.29,1.99,10,196,3.8,39,7.653877551020408,,1,1,0,0,sc,29212,0,Lexington
252,Buffalo Wild Wings,"4500 devine st, columbia, sc, 29205, us",17.29,12.99,4.79,2.29,1.99,5,95,4.3,100+,7.604210526315789,,1,1,0,0,sc,29205,0,Richland
253,Buffalo Wild Wings,"1460 meeting blvd, rock hill, sc, 29730, us",13.01,13.29,4.79,2.29,1.99,5,98,3.8,30,7.391020408163263,,1,1,0,0,sc,29730,0,York
254,Buffalo Wild Wings,"14157 steele creek rd, charlotte, nc, 28273, us",17.29,13.29,4.79,2.29,1.99,5,98,3.3999999999999986,69,7.719183673469385,,1,1,0,0,nc,28273,0,Mecklenburg
255,Buffalo Wild Wings,"6816 charlotte pike, nashville, tn, 37209, us",17.29,13.29,4.79,2.29,1.99,10,192,4.299999999999999,100+,7.78958333333333,,1,1,0,0,tn,37209,0,Davidson
256,Buffalo Wild Wings,"5215 old hickory blvd, hermitage, tn, 37076, us",17.29,13.29,4.79,2.29,1.99,5,98,3.8999999999999986,100+,7.64673469387755,,1,1,0,0,tn,37076,0,Davidson
257,Buffalo Wild Wings,"120 market st, chattanooga, tn, 37402, us",,,4.79,2.29,1.99,4,74,4.399999999999999,50+,6.278513513513515,,1,1,0,0,tn,37402,0,Hamilton
258,Buffalo Wild Wings,"5744 highway 153, hixson, tn, 37343, us",13.01,13.29,4.79,2.29,1.99,5,98,4.100000000000001,20,7.484897959183671,,1,1,0,0,tn,37343,0,Hamilton
259,Buffalo Wild Wings,"224 hamilton crossing dr, alcoa, tn, 37701, us",17.29,13.29,4.79,2.29,1.99,8,194,4.200000000000001,50+,7.760721649484535,,1,1,0,0,tn,37701,0,Blount
260,Buffalo Wild Wings,"11431 parkside dr, knoxville, tn, 37934, us",,,4.79,2.29,1.99,5,73,4.3999999999999995,46,5.70027397260274,,1,1,0,0,tn,37934,0,Knox
261,Buffalo Wild Wings,"1430 hurley dr, sevierville, tn, 37862, us",17.79,13.99,4.79,2.29,1.99,10,174,4.0,48,7.30448275862069,,1,1,0,0,tn,37862,0,Sevier
262,Buffalo Wild Wings,"2535 medical center parkway, murfreesboro, tn, 37129, us",17.29,13.29,4.79,2.29,1.99,5,93,4.5,100+,7.712043010752687,,1,1,0,0,tn,37129,0,Rutherford
263,Buffalo Wild Wings,"430 sam ridley pkwy w, smyrna, tn, 37086, us",,,4.79,2.29,1.99,8,162,4.3,100+,6.591975308641976,,1,1,0,0,tn,37086,0,Rutherford
264,Buffalo Wild Wings,"3770 hacks cross rd, memphis, tn, 38125-2303, us",13.01,13.79,4.79,2.29,,3,87,4.100000000000002,100+,7.643793103448275,,1,1,0,0,tn,38125,0,Shelby
265,Buffalo Wild Wings,"320 spring creek dr, franklin, tn, 37067, us",13.01,13.29,4.79,2.29,1.99,5,95,4.399999999999998,84,7.354210526315789,,1,1,0,0,tn,37067,0,Williamson
266,Buffalo Wild Wings,"1018 crossings blvd, spring hill, tn, 37174, us",,13.29,4.79,2.29,1.99,3,92,4.3,27,7.488478260869563,,1,1,0,0,tn,37174,0,Maury
267,Buffalo Wild Wings,"3158 se military dr bldg 5, san antonio, tx, 78235, us",17.29,12.99,4.79,2.29,1.99,4,92,3.899999999999998,44,7.670978260869564,,1,1,0,0,tx,78235,0,Bexar
268,Buffalo Wild Wings,"1235 austin highway, san antonio, tx, 78209, us",,11.79,3.79,,1.99,3,60,4.1,28,5.556833333333334,,1,1,0,0,tx,78209,0,Bexar
269,Buffalo Wild Wings,"7903 pat booker rd, live oak, tx, 78233-2602, us",17.29,13.29,4.79,2.29,1.99,10,192,4.299999999999999,44,7.738541666666664,,1,1,0,0,tx,78233,0,Bexar
270,Buffalo Wild Wings,"528 west bay area blvd., webster, tx, 77598, us",,,4.55,,,18,150,4.600000000000001,58,16.777866666666664,,1,1,0,0,tx,77598,0,Harris
271,Buffalo Wild Wings,"903 university dr e, college station, tx, 77840, us",17.29,13.29,4.79,2.29,1.99,5,98,4.399999999999999,77,7.653877551020407,,1,1,0,0,tx,77840,0,Brazos
272,Buffalo Wild Wings,"3625 central expy ste 100, plano, tx, 75023, us",17.79,13.79,4.79,2.29,1.99,5,97,4.399999999999999,100+,7.5297938144329875,,1,1,0,0,tx,75023,0,Collin
273,Buffalo Wild Wings,"230 west campbell road, richardson, tx, 75080, us",,,2.99,,1.99,3,55,4.5,100+,5.5187272727272765,,1,1,0,0,tx,75080,0,Dallas
274,Buffalo Wild Wings,"4140 lemmon avenue ste 176, dallas, tx, 75219, us",17.79,13.99,4.79,2.29,1.99,5,94,4.100000000000002,100+,8.028829787234043,,1,1,0,0,tx,75219,0,Dallas
275,Buffalo Wild Wings,"5406 harry hines boulevard, dallas, tx, 75235, us",,11.79,4.29,,1.99,8,110,4.0,100+,5.697272727272727,,1,1,0,0,tx,75235,0,Dallas
276,Buffalo Wild Wings,"1301 n collins, arlington, tx, 76011, us",17.79,13.99,4.79,2.29,1.99,8,190,4.3,90,7.742105263157893,,1,1,0,0,tx,76011,0,Tarrant
277,Buffalo Wild Wings,"629 stayton street #111, fort worth, tx, 76107, us",13.01,13.79,4.79,2.29,1.99,8,190,4.2,81,7.425789473684208,,1,1,0,0,tx,76107,0,Tarrant
278,Buffalo Wild Wings,"5601 s hulen st, fort worth, tx, 76132, us",17.79,13.99,4.79,2.29,1.99,10,194,4.0,38,7.709175257731957,,1,1,0,0,tx,76132,0,Tarrant
279,Buffalo Wild Wings,"655 sunland park dr ste k1, el paso, tx, 79912, us",17.29,13.29,4.79,2.29,1.99,4,97,4.200000000000001,72,7.67103092783505,,1,1,0,0,tx,79912,0,El Paso
280,Buffalo Wild Wings,"10497 gateway blvd w, el paso, tx, 79925, us",17.29,13.29,4.79,2.29,1.99,4,93,4.3,76,7.4110752688172035,,1,1,0,0,tx,79925,0,El Paso
281,Buffalo Wild Wings,"9435 katy fwy, houston, tx, 77024, us",,,,,,15,171,4.0,73,13.431578947368422,,1,1,0,0,tx,77024,0,Harris
282,Buffalo Wild Wings,"3939 washington ave ste 100, houston, tx, 77007, us",18.29,14.29,4.79,2.29,1.99,15,294,3.600000000000001,96,7.844693877551021,,1,1,0,0,tx,77007,0,Harris
283,Buffalo Wild Wings,"5875 fairmont pkwy, pasadena, tx, 77505, us",,,,,,18,112,4.3999999999999995,26,12.410178571428572,,1,1,0,0,tx,77505,0,Harris
284,Buffalo Wild Wings,"5815 e sam, houston, tx, 77049, us",17.79,13.99,4.79,2.29,,5,95,4.0,41,7.918947368421052,,1,1,0,0,tx,77049,0,Harris
285,Buffalo Wild Wings,"3520 w expressway 83, mcallen, tx, 78501, us",17.29,13.29,4.79,2.29,1.99,5,96,4.299999999999999,38,7.753124999999997,,1,1,0,0,tx,78501,0,Hidalgo
286,Buffalo Wild Wings,"4424 n 10th st, mcallen, tx, 78504, us",17.29,13.29,4.79,2.29,1.99,5,98,4.200000000000001,50+,7.631428571428569,,1,1,0,0,tx,78504,0,Hidalgo
287,Buffalo Wild Wings,"4235 dowlen rd, beaumont, tx, 77706, us",17.29,12.99,4.79,2.29,1.99,6,97,4.200000000000001,50+,7.5586597938144315,,1,1,0,0,tx,77706,0,Jefferson
288,Buffalo Wild Wings,"2001 s padre island dr, corpus christi, tx, 78417, us",17.29,13.29,4.79,2.29,1.99,4,80,4.5,48,5.9807500000000005,,1,1,0,0,tx,78417,0,Nueces
289,Buffalo Wild Wings,"2315 w interstate 20, grand prairie, tx, 75052, us",17.79,13.79,4.79,2.29,1.99,5,97,4.399999999999999,74,7.780309278350512,,1,1,0,0,tx,75052,0,Dallas
290,Buffalo Wild Wings,"901 little texas ln ste d, austin, tx, 78745, us",13.01,13.29,4.79,2.29,1.99,5,98,4.100000000000001,200+,7.368571428571427,,1,1,0,0,tx,78745,0,Travis
291,Buffalo Wild Wings,"7604 n i-35, austin, tx, 78752, us",17.29,13.29,4.79,2.29,1.99,5,98,4.399999999999999,108,7.653877551020407,,1,1,0,0,tx,78752,0,Travis
292,Buffalo Wild Wings,"13000 n interstate 35 bldg 4, austin, tx, 78753, us",,13.29,4.79,2.29,1.99,5,95,4.0,116,7.50536842105263,,1,1,0,0,tx,78753,0,Travis
293,Buffalo Wild Wings,"4710 183a toll rd, cedar park, tx, 78613, us",13.01,13.29,4.79,2.29,1.99,10,190,4.3,51,7.358421052631578,,1,1,0,0,tx,78613,0,Williamson
294,Buffalo Wild Wings,"1007 w university ave ste 1, georgetown, tx, 78628, us",17.29,13.29,4.79,2.29,1.99,5,89,4.299999999999999,80,6.134494382022471,,1,1,0,0,tx,78628,0,Williamson
295,Buffalo Wild Wings,"695 w. south ring road, layton, ut, 84041, us",17.29,13.29,4.79,2.29,1.99,5,97,4.299999999999999,47,7.786494845360822,,1,1,0,0,ut,84041,0,Davis
296,Buffalo Wild Wings,"702 w, riverdale, ut, 84405, us",13.01,13.29,4.79,2.29,1.99,3,80,4.0,42,7.1953749999999985,,1,1,0,0,ut,84405,0,Weber
297,Buffalo Wild Wings,"2927 s 5600 w, west valley city, ut, 84120, us",17.29,13.29,4.79,2.29,1.99,10,190,4.2,50+,7.919999999999997,,1,1,0,0,ut,84120,0,Salt Lake
298,Buffalo Wild Wings,"985 e fort union blvd, midvale, ut, 84047, us",,13.29,,2.29,1.99,3,81,4.3,32,5.79567901234568,,1,1,0,0,ut,84047,0,Salt Lake
299,Buffalo Wild Wings,"575 east university parkway b28, orem, ut, 84097, us",17.79,13.79,4.79,2.29,1.99,4,94,4.600000000000002,16,7.820425531914893,,1,1,0,0,ut,84097,0,Utah
300,Buffalo Wild Wings,"92 n 1200 e, lehi, ut, 84043, us",17.29,13.29,4.79,2.29,1.99,5,98,3.6000000000000014,34,7.692653061224488,,1,1,0,0,ut,84043,0,Utah
301,Buffalo Wild Wings,"2101 s oneida st, ashwaubenon, wi, 54304-4616, us",,13.29,4.79,2.29,1.99,5,95,4.100000000000002,47,7.203473684210525,,1,1,0,0,wi,54304,0,Brown
302,Buffalo Wild Wings,"2394 costco way, green bay, wi, 54311, us",13.01,13.29,4.79,2.29,1.99,5,98,4.299999999999999,26,7.3685714285714266,,1,1,0,0,wi,54311,0,Brown
303,Buffalo Wild Wings,"789 university ave, madison, wi, 53715, us",13.01,12.99,4.79,2.29,1.99,5,98,4.200000000000001,50+,7.461428571428569,,1,1,0,0,wi,53715,0,Dane
304,Buffalo Wild Wings,"6544 monona dr, madison, wi, 53716, us",17.29,12.99,4.79,2.29,1.99,5,90,3.8,33,7.387333333333332,,1,1,0,0,wi,53716,0,Dane
305,Buffalo Wild Wings,"2900 north oakland avenue, milwaukee, wi, 53211, us",,11.29,2.99,,1.99,3,60,3.699999999999999,67,5.553500000000001,,1,1,0,0,wi,53211,0,Milwaukee
306,Buffalo Wild Wings,"1621 miller park way, west milwaukee, wi, 53214, us",,11.29,2.99,,1.99,3,60,4.1,100+,5.553500000000001,,1,1,0,0,wi,53214,0,Milwaukee
307,Buffalo Wild Wings,"3636 s 27th st, milwaukee, wi, 53221, us",17.29,13.29,4.79,2.29,1.99,5,97,4.100000000000001,55,7.79164948453608,,1,1,0,0,wi,53221,0,Milwaukee
308,Buffalo Wild Wings,"1180 w sunset dr ste 106, waukesha, wi, 53189, us",17.29,12.99,4.79,2.29,1.99,5,96,4.0,34,7.624999999999997,,1,1,0,0,wi,53189,0,Waukesha
309,Buffalo Wild Wings,"2720 north grandview boulevard, waukesha, wi, 53188, us",,12.49,4.29,,1.99,4,59,0.0,11,6.015593220338984,,1,1,0,0,wi,53188,0,Waukesha
310,Outback Steakhouse,"4017 airport drive, mobile, al, 36609, us",15.99,9.99,4.99,3.79,11.59,18,186,4.299999999999999,50+,18.423548387096776,14.99,1,1,0,0,al,36609,0,Mobile
311,Outback Steakhouse,"1725 fulton road, fultondale, al, 35068, us",,9.99,,3.79,11.59,4,82,4.0,50+,18.318170731707315,14.99,1,1,0,0,al,35068,0,Jefferson
312,Outback Steakhouse,"3440 galleria circle, hoover, al, 35244, us",15.99,9.99,4.99,3.79,11.59,9,98,4.100000000000001,35,16.881020408163266,13.99,1,1,0,0,al,35244,0,Shelby
313,Outback Steakhouse,"5231 highway 280 south, birmingham, al, 35242, us",15.99,9.99,4.99,3.79,11.59,9,100,4.2,43,17.3337,13.99,1,1,0,0,al,35242,0,Shelby
314,Outback Steakhouse,"4777 whitesburg, huntsville, al, 35802, us",15.99,9.99,4.99,3.79,11.59,10,83,4.0,48,15.596506024096385,14.99,1,1,0,0,al,35802,0,Madison
315,Outback Steakhouse,"zierdt road &amp; madison boulevard, huntsville, al, 35806, us",15.99,9.99,,3.79,11.59,6,93,4.600000000000002,23,18.86440860215054,13.99,1,1,0,0,al,35806,0,Madison
316,Outback Steakhouse,"7640 highway 72 west, madison, al, 35757, us",15.99,9.99,4.99,3.79,11.59,8,102,4.399999999999998,54,17.58186274509804,13.99,1,1,0,0,al,35757,0,Madison
317,Outback Steakhouse,"11196 abercorn street, savannah, ga, 31419, us",15.99,9.99,4.99,3.79,11.59,8,94,4.3,98,18.15148936170213,14.99,1,1,0,0,ga,31419,0,Chatham
318,Outback Steakhouse,"100 buckwalter parkway, bluffton, sc, 29910, us",15.99,9.99,4.99,3.79,11.59,18,200,4.100000000000001,36,17.777700000000003,13.99,1,1,0,0,sc,29910,0,Beaufort
319,Outback Steakhouse,"655 crossville road, roswell, ga, 30075, us",15.99,9.99,4.99,3.79,11.59,18,202,4.399999999999999,77,17.861386138613863,14.99,1,1,0,0,ga,30075,0,Fulton
320,Outback Steakhouse,"6400 north pointe kwy, alpharetta, ga, 30022, us",15.99,9.99,4.99,3.79,11.59,27,306,4.6000000000000005,80,17.821797385620915,13.99,1,1,0,0,ga,30022,0,Fulton
321,Outback Steakhouse,"1188 dogwood drive, conyers, ga, 30012, us",15.99,9.99,4.99,3.79,11.59,9,96,4.3999999999999995,167,17.9115625,14.99,1,1,0,0,ga,30012,0,Rockdale
322,Outback Steakhouse,"1750 scenic highway n., snellville, ga, 30078, us",15.99,9.99,4.99,3.79,11.59,18,200,4.299999999999999,112,17.144700000000004,13.99,1,1,0,0,ga,30078,0,Gwinnett
323,Outback Steakhouse,"200 north park court, stockbridge, ga, 30281, us",15.99,9.99,4.99,3.79,11.59,18,200,4.200000000000001,127,17.6891,13.99,1,1,0,0,ga,30281,0,Henry
324,Outback Steakhouse,"2145 lavista road, atlanta, ga, 30329, us",15.99,9.99,4.99,,11.59,27,273,4.5,113,18.442783882783885,13.99,1,1,0,0,ga,30329,0,DeKalb
325,Outback Steakhouse,"1405 georgia 85, fayetteville, ga, 30214, us",15.99,9.99,4.99,3.79,11.59,8,90,4.700000000000001,12,18.580111111111112,13.99,1,1,0,0,ga,30214,0,Fayette
326,Outback Steakhouse,"6331, douglasville, ga, 30135, us",15.99,9.99,4.99,3.79,11.59,18,194,4.600000000000001,66,17.735051546391755,13.99,1,1,0,0,ga,30135,0,Douglas
327,Outback Steakhouse,"810 ernest west barrett parkway, kennesaw, ga, 30144, us",15.99,9.99,4.99,3.79,11.59,9,102,4.5,181,17.725,13.99,1,1,0,0,ga,30144,0,Cobb
328,Outback Steakhouse,"145 celebration drive, suwanee, ga, 30024, us",15.99,9.99,4.99,3.79,11.59,9,103,4.399999999999998,138,17.645436893203886,13.99,1,1,0,0,ga,30024,0,Gwinnett
329,Outback Steakhouse,"1715 market pl blvd, cumming, ga, 30041, us",15.99,9.99,4.99,3.79,11.59,9,102,4.399999999999998,84,17.19950980392157,13.99,1,1,0,0,ga,30041,0,Forsyth
330,Outback Steakhouse,"7189 overland rd, boise, id, 83709, us",15.99,7.99,5.49,1.79,11.99,11,65,4.2,50+,14.811538461538461,15.99,1,1,0,0,id,83709,0,Ada
331,Outback Steakhouse,"2011 w karcher rd, nampa, id, 83651, us",15.99,7.99,5.49,1.79,11.99,10,65,4.5,17,14.788461538461538,15.99,1,1,0,0,id,83651,0,Canyon
332,Outback Steakhouse,"5771 east 86th street, indianapolis, in, 46250, us",15.99,9.99,4.99,3.79,11.59,9,97,3.8,33,17.699072164948454,14.99,1,1,0,0,in,46250,0,Marion
333,Outback Steakhouse,"2315 post drive, indianapolis, in, 46219, us",15.99,9.99,4.99,3.79,11.59,20,202,3.7000000000000006,37,17.52554455445545,13.99,1,1,0,0,in,46219,0,Marion
334,Outback Steakhouse,"10220 north michigan road, carmel, in, 46077, us",15.99,9.99,4.99,3.79,11.59,9,103,4.0,40,17.63834951456311,13.99,1,1,0,0,in,46077,0,Boone
335,Outback Steakhouse,"9140 rockville road, indianapolis, in, 46234, us",15.99,9.99,4.99,3.79,11.59,9,90,4.299999999999999,50+,16.427555555555557,13.99,1,1,0,0,in,46234,0,Marion
336,Outback Steakhouse,"7525 u.s. 31 south, indianapolis, in, 46227, us",15.99,9.99,,3.79,11.59,14,198,4.100000000000001,34,17.991818181818182,13.99,1,1,0,0,in,46227,0,Marion
337,Outback Steakhouse,"1590 e. lincoln highway, merrillville, in, 46410, us",15.99,9.99,4.99,3.79,11.59,9,95,4.3,21,18.132315789473687,14.99,1,1,0,0,in,46410,0,Lake
338,Outback Steakhouse,"10901 university avenue, clive, ia, 50325, us",15.99,9.99,4.99,3.79,11.59,10,93,4.399999999999998,39,17.526451612903227,14.99,1,1,0,0,ia,50325,0,Polk
339,Outback Steakhouse,"2410 southeast tones drive, ankeny, ia, 50021, us",15.99,9.99,4.99,3.79,11.59,9,99,4.399999999999999,28,18.296262626262628,13.99,1,1,0,0,ia,50021,0,Polk
340,Outback Steakhouse,"9501 quivira drive, overland park, ks, 66214, us",15.99,9.99,4.99,3.79,11.59,9,95,4.600000000000002,45,18.00589473684211,14.99,1,1,0,0,ks,66214,0,Johnson
341,Outback Steakhouse,"7006 northwest barry road., kansas city, mo, 64153, us",15.99,9.99,4.99,3.79,11.59,7,97,4.100000000000001,42,17.458350515463916,13.99,1,1,0,0,mo,64153,0,Platte
342,Outback Steakhouse,"233 south ridge road, wichita, ks, 67209, us",15.99,9.99,4.99,3.79,11.59,9,95,4.100000000000002,50+,17.745473684210527,14.99,1,1,0,0,ks,67209,0,Sedgwick
343,Outback Steakhouse,"3395 nichlasville rd., lexington, ky, 40503, us",15.99,9.99,4.99,3.79,11.59,9,98,4.299999999999999,42,17.985,14.99,1,1,0,0,ky,40503,0,Fayette
344,Outback Steakhouse,"1957 bryant road, lexington, ky, 40509, us",15.99,9.99,4.99,3.79,11.59,9,95,4.5,19,17.168000000000003,13.99,1,1,0,0,ky,40509,0,Fayette
345,Outback Steakhouse,"1209 veterans pkwy, clarksville, in, 47129, us",15.99,9.99,4.99,3.79,11.59,7,94,4.600000000000002,50+,18.293936170212767,14.99,1,1,0,0,in,47129,0,Clark
346,Outback Steakhouse,"6520 signature drive, louisville, ky, 40213, us",15.99,9.99,4.99,3.79,11.59,9,104,4.299999999999999,50+,17.532019230769233,13.99,1,1,0,0,ky,40213,0,Jefferson
347,Outback Steakhouse,"9498 brownsboro road, louisville, ky, 40241, us",15.99,9.99,4.99,3.79,11.59,9,104,4.6000000000000005,50+,17.532019230769233,13.99,1,1,0,0,ky,40241,0,Jefferson
348,Outback Steakhouse,"2415 south acadian thruway, baton rouge, la, 70808, us",15.99,9.99,4.99,3.79,11.59,8,92,4.399999999999999,55,18.3004347826087,14.99,1,1,0,0,la,70808,0,East Baton Rouge
349,Outback Steakhouse,"5280 jones creek road, baton rouge, la, 70817, us",15.99,9.99,4.99,3.79,11.59,9,102,4.2,52,18.00137254901961,13.99,1,1,0,0,la,70817,0,East Baton Rouge
350,Outback Steakhouse,"2637 south veterans boulevard, gonzales, la, 70737, us",15.99,9.99,4.99,3.79,11.59,5,98,4.299999999999999,30,18.30795918367347,13.99,1,1,0,0,la,70737,0,Ascension
351,Outback Steakhouse,"2746 severn ave, metairie, la, 70002, us",15.99,9.99,4.99,3.79,11.59,16,200,4.5,119,17.876600000000003,14.99,1,1,0,0,la,70002,0,Jefferson
352,Outback Steakhouse,"1601 barataria boulevard, marrero, la, 70072, us",15.99,9.99,4.99,3.79,11.59,18,204,4.399999999999999,117,17.800392156862745,13.99,1,1,0,0,la,70072,0,Jefferson
353,Outback Steakhouse,"1600 west pinhook road, lafayette, la, 70508, us",15.99,9.99,4.99,3.79,11.59,8,98,4.100000000000001,45,18.052857142857142,14.99,1,1,0,0,la,70508,0,Lafayette
354,Outback Steakhouse,"830 e. i-10 service road, slidell, la, 70461, us",15.99,9.99,4.99,3.79,11.59,9,97,4.0,37,18.14175257731959,14.99,1,1,0,0,la,70461,0,St. Tammany
355,Outback Steakhouse,"60 park place drive, covington, la, 70433, us",15.99,9.99,4.99,3.79,11.59,9,105,4.299999999999999,46,17.893428571428572,13.99,1,1,0,0,la,70433,0,St. Tammany
356,Outback Steakhouse,"3586 sangani drive ste h, d'iberville, ms, 39540, us",15.39,8.79,4.39,3.29,9.89,11,60,4.699999999999999,42,13.666666666666664,14.29,1,1,0,0,ms,39540,0,Harrison
357,Outback Steakhouse,"30 tunnel road, asheville, nc, 28805, us",15.99,9.99,4.99,3.79,11.59,9,94,4.399999999999998,50+,17.810957446808512,14.99,1,1,0,0,nc,28805,0,Buncombe
358,Outback Steakhouse,"250 mitchelle drive, hendersonville, nc, 28792, us",15.99,9.99,4.99,3.79,11.59,9,100,4.2,35,17.756700000000002,13.99,1,1,0,0,nc,28792,0,Henderson
359,Outback Steakhouse,"505 north mcpherson church road, fayetteville, nc, 28303, us",15.99,9.99,4.99,3.79,11.59,9,97,4.299999999999999,100+,17.84948453608248,14.99,1,1,0,0,nc,28303,0,Cumberland
360,Outback Steakhouse,"7500 creedmoor rd, raleigh, nc, 27613, us",17.29,9.99,4.99,4.19,11.59,15,102,4.5,75,18.814019607843143,13.99,1,1,0,0,nc,27613,0,Wake
361,Outback Steakhouse,"901 walnut st, cary, nc, 27511, us",15.99,9.99,4.99,3.79,11.59,9,97,4.299999999999999,100+,18.2540206185567,13.99,1,1,0,0,nc,27511,0,Wake
362,Outback Steakhouse,"5200 capital blvd, raleigh, nc, 27616, us",15.99,9.99,4.99,3.79,11.59,18,202,4.399999999999999,65,17.71782178217822,13.99,1,1,0,0,nc,27616,0,Wake
363,Outback Steakhouse,"845 highway 70 west, garner, nc, 27529, us",15.99,9.99,4.99,3.79,11.59,16,186,4.0,47,18.601935483870967,13.99,1,1,0,0,nc,27529,0,Wake
364,Outback Steakhouse,"505 highland oaks drive, winston-salem, nc, 27103, us",15.99,9.99,4.99,3.79,11.59,9,98,4.100000000000001,53,17.75908163265306,14.99,1,1,0,0,nc,27103,0,Forsyth
365,Outback Steakhouse,"260 east parris avenue, highpoint, nc, 27262, us",15.99,9.99,4.99,3.79,11.59,9,102,4.600000000000002,64,17.62107843137255,13.99,1,1,0,0,nc,27262,0,Guilford
366,Outback Steakhouse,"4518 west wendover avenue, greensboro, nc, 27409, us",15.99,9.99,4.99,3.79,11.59,18,192,4.3999999999999995,53,17.222083333333334,13.99,1,1,0,0,nc,27409,0,Guilford
367,Outback Steakhouse,"1611 westover terrace, greensboro, nc, 27408, us",15.99,9.99,4.99,3.79,11.59,18,196,4.299999999999999,56,17.626428571428573,13.99,1,1,0,0,nc,27408,0,Guilford
368,Outback Steakhouse,"1412 east boulevard, charlotte, nc, 28203, us",15.99,9.99,4.99,3.79,11.59,18,202,4.600000000000001,100+,17.861386138613863,14.99,1,1,0,0,nc,28203,0,Mecklenburg
369,Outback Steakhouse,"8405 ikea blvd, charlotte, nc, 28262, us",15.99,9.99,4.99,3.79,11.59,9,98,4.299999999999999,100+,17.091122448979593,13.99,1,1,0,0,nc,28262,0,Mecklenburg
370,Outback Steakhouse,"16400 north cross drive, huntersville, nc, 28078, us",15.99,9.99,4.99,3.79,11.59,9,94,4.5,30,17.86989361702128,14.99,1,1,0,0,nc,28078,0,Mecklenburg
371,Outback Steakhouse,"8507, concord mills, nc, 28027, us",15.99,9.99,4.99,3.79,11.59,9,104,4.299999999999999,100+,17.532019230769233,13.99,1,1,0,0,nc,28027,0,Cabarrus
372,Outback Steakhouse,"302 south college road, wilmington, nc, 28403, us",15.99,9.99,,3.79,11.59,6,89,4.700000000000001,81,18.707640449438205,14.99,1,1,0,0,nc,28403,0,New Hanover
373,Outback Steakhouse,"860 n interstate dr, norman, ok, 73072, us",15.99,9.99,4.99,3.79,11.59,9,93,4.5,47,18.475698924731184,14.99,1,1,0,0,ok,73072,0,Cleveland
374,Outback Steakhouse,"2219 southwest 74th, oklahoma city, ok, 73159, us",15.99,9.99,4.99,3.79,11.59,18,196,4.200000000000001,54,17.98357142857143,13.99,1,1,0,0,ok,73159,0,Oklahoma
375,Outback Steakhouse,"4144 northwest expressway, oklahoma city, ok, 73116, us",15.99,9.99,4.99,3.79,11.59,18,196,4.399999999999999,61,18.380918367346936,13.99,1,1,0,0,ok,73116,0,Oklahoma
376,Outback Steakhouse,"4723 south yale avenue, tulsa, ok, 74135, us",15.99,9.99,4.99,3.79,11.59,9,95,4.3,26,18.43326315789474,14.99,1,1,0,0,ok,74135,0,Tulsa
377,Outback Steakhouse,"9006 e 71st st, tulsa, ok, 74133, us",15.99,9.99,4.99,3.79,11.59,9,101,4.3,30,18.159405940594063,13.99,1,1,0,0,ok,74133,0,Tulsa
378,Outback Steakhouse,"1400 marketplace boulevard, coraopolis, pa, 15108, us",15.99,9.99,4.99,3.79,11.59,24,282,4.5,59,18.38241134751773,14.99,1,1,0,0,pa,15108,0,Allegheny
379,Outback Steakhouse,"3000 mosside boulevard, monroeville, pa, 15146, us",15.99,9.99,4.99,3.79,11.59,27,295,4.2,36,17.867491525423727,13.99,1,1,0,0,pa,15146,0,Allegheny
380,Outback Steakhouse,"460, washington, pa, 15301, us",15.99,9.99,4.99,3.79,11.59,18,182,4.100000000000001,17,17.30406593406594,13.99,1,1,0,0,pa,15301,0,Washington
381,Outback Steakhouse,"1101 woodland road, wyomissing, pa, 19610, us",15.99,9.99,4.99,3.79,11.59,9,91,4.3,25,18.67494505494506,14.99,1,1,0,0,pa,19610,0,Berks
382,Outback Steakhouse,"650 commerce blvd, fairless hills, pa, 19030, us",15.99,9.99,4.99,3.79,11.59,18,198,4.700000000000001,41,17.931616161616166,14.99,1,1,0,0,pa,19030,0,Bucks
383,Outback Steakhouse,"3240 tillman drive, bensalem, pa, 19020, us",15.99,9.99,4.99,3.79,11.59,18,204,4.299999999999999,61,17.82058823529412,13.99,1,1,0,0,pa,19020,0,Bucks
384,Outback Steakhouse,"675 lancaster ave, frazer, pa, 19355, us",15.99,9.99,4.99,3.79,11.59,8,93,4.100000000000002,40,18.578387096774197,14.99,1,1,0,0,pa,19355,0,Chester
385,Outback Steakhouse,"701 byers dr, concord township, pa, 19342, us",17.29,9.99,4.99,4.19,11.59,45,297,4.6000000000000005,31,19.17909090909091,13.99,1,1,0,0,pa,19342,0,Delaware
386,Outback Steakhouse,"1118 baltimore pike, springfield, usa, swarthmore, pa, 19064, us",15.99,9.99,4.99,3.79,,18,188,4.1000000000000005,100+,18.56574468085107,14.99,1,1,0,0,pa,19064,0,Delaware
387,Outback Steakhouse,"100 n pointe blvd, lancaster, pa, 17601, us",15.99,9.99,4.99,3.79,11.59,8,78,3.5,23,16.612051282051283,14.99,1,1,0,0,pa,17601,0,Lancaster
388,Outback Steakhouse,"800 n. krocks rd, allentown, pa, 18106, us",15.99,9.99,4.99,3.79,11.59,9,90,4.200000000000001,43,18.756888888888888,14.99,1,1,0,0,pa,18106,0,Lehigh
389,Outback Steakhouse,"3200 emrick blvd, bethlehem, pa, 18020, us",15.99,9.99,4.99,3.79,11.59,9,96,4.5,44,18.755833333333335,13.99,1,1,0,0,pa,18020,0,Northampton
390,Outback Steakhouse,"322 w ridge pike, conshohocken, pa, 19428, us",15.99,9.99,4.99,3.79,11.59,16,193,4.3999999999999995,100+,18.10937823834197,14.99,1,1,0,0,pa,19428,0,Montgomery
391,Outback Steakhouse,"450 montgomery mall, north wales, upper gwynedd, montgomery, pa, 19454, us",15.99,9.99,4.99,3.79,11.59,9,103,4.0,46,17.831941747572817,13.99,1,1,0,0,pa,19454,0,Montgomery
392,Outback Steakhouse,"610 old york road, jenkintown, pa, 19046, us",15.99,9.99,4.99,3.79,11.59,9,102,4.100000000000002,100+,17.75401960784314,13.99,1,1,0,0,pa,19046,0,Montgomery
393,Outback Steakhouse,"380 town center dr, york, pa, 17408, us",15.99,9.99,4.99,3.79,11.59,9,95,4.100000000000002,27,18.189157894736844,14.99,1,1,0,0,pa,17408,0,York
394,Outback Steakhouse,"2113 boundary street, beaufort, sc, 29902, us",15.99,9.99,4.99,3.79,11.59,9,104,4.200000000000001,27,17.74490384615385,13.99,1,1,0,0,sc,29902,0,Beaufort
395,Outback Steakhouse,"1890 sam rittenberg boulevard, charleston, sc, 29407, us",15.99,9.99,4.99,,11.59,9,84,4.3,101,19.10511904761905,14.99,1,1,0,0,sc,29407,0,Charleston
396,Outback Steakhouse,"7643 rivers avenue, north charleston, sc, 29406, us",15.99,9.99,4.99,3.79,11.59,8,100,3.8,81,17.803700000000003,13.99,1,1,0,0,sc,29406,0,Charleston
397,Outback Steakhouse,"21 orchard park drive, greenville, sc, 29615, us",15.99,9.99,4.99,3.79,11.59,18,192,4.299999999999999,50+,17.554687500000004,14.99,1,1,0,0,sc,29615,0,Greenville
398,Outback Steakhouse,"125 southern center way, easley, sc, 29642, us",15.99,9.99,4.99,3.79,11.59,16,196,4.600000000000001,39,17.389693877551025,13.99,1,1,0,0,sc,29642,0,Anderson
399,Outback Steakhouse,"7025 north kings highway, myrtle beach, sc, 29572, us",15.99,9.99,4.99,3.79,11.59,8,88,4.5,61,16.18909090909091,14.99,1,1,0,0,sc,29572,0,Horry
400,Outback Steakhouse,"4650 factory stores boulevard, myrtle beach, sc, 29579, us",15.99,9.99,4.99,3.79,11.59,7,99,4.600000000000001,74,18.415353535353535,13.99,1,1,0,0,sc,29579,0,Horry
401,Outback Steakhouse,"252 f harbison boulevard, columbia, sc, 29212, us",15.99,9.99,4.99,3.79,11.59,18,184,4.6000000000000005,100+,18.107065217391305,14.99,1,1,0,0,sc,29212,0,Lexington
402,Outback Steakhouse,"7611 two notch road, columbia, sc, 29223, us",15.99,9.99,4.99,3.79,11.59,18,182,4.2,70,17.786483516483518,13.99,1,1,0,0,sc,29223,0,Richland
403,Outback Steakhouse,"1646 j.b. white sr boulevard, spartanburg, sc, 29301, us",15.99,9.99,4.99,3.79,11.59,9,101,4.3,50+,17.860000000000003,13.99,1,1,0,0,sc,29301,0,Spartanburg
404,Outback Steakhouse,"1319 river run court, rock hill, sc, 29732, us",15.99,9.99,4.99,3.79,11.59,9,94,4.0,41,17.936914893617022,14.99,1,1,0,0,sc,29732,0,York
405,Outback Steakhouse,"8338 pineville matthews road, charlotte, nc, 28226, us",15.99,9.99,4.99,3.79,11.59,9,99,4.399999999999999,84,18.374949494949497,13.99,1,1,0,0,nc,28226,0,Mecklenburg
406,Outback Steakhouse,"9308 robert irwin drive, charlotte, nc, 28278, us",15.99,9.99,4.99,,11.59,9,89,4.200000000000001,65,19.261573033707865,13.99,1,1,0,0,nc,28278,0,Mecklenburg
407,Outback Steakhouse,"6840 charlotte pike, nashville, tn, 37209, us",15.99,9.99,4.99,3.79,11.59,18,198,4.399999999999999,100+,17.919393939393938,14.99,1,1,0,0,tn,37209,0,Davidson
408,Outback Steakhouse,"1560 gallatin pike north, madison, tn, 37115, us",15.99,9.99,4.99,3.79,11.59,9,93,4.600000000000002,73,17.761720430107527,13.99,1,1,0,0,tn,37115,0,Davidson
409,Outback Steakhouse,"5582 old hickory boulevard, hermitage, tn, 37076, us",15.99,9.99,4.99,3.79,11.59,9,104,4.5,100+,17.74490384615385,13.99,1,1,0,0,tn,37076,0,Davidson
410,Outback Steakhouse,"544 northgate mall drive, chattanooga, tn, 37415, us",15.99,9.99,4.99,3.79,11.59,9,104,4.5,42,17.532019230769233,13.99,1,1,0,0,tn,37415,0,Hamilton
411,Outback Steakhouse,"2120 hamilton place boulevard, chattanooga, tn, 37421, us",15.99,9.99,4.99,3.79,11.59,9,86,4.399999999999998,32,15.36895348837209,14.99,1,1,0,0,tn,37421,0,Hamilton
412,Outback Steakhouse,"314 a merchant drive, knoxville, tn, 37912, us",15.99,9.99,4.99,3.79,11.59,9,102,4.5,50+,17.132843137254905,13.99,1,1,0,0,tn,37912,0,Knox
413,Outback Steakhouse,"330 n peters rd, knoxville, tn, 37922, us",15.99,9.99,4.99,3.79,11.59,9,103,4.3,50+,17.851262135922333,13.99,1,1,0,0,tn,37922,0,Knox
414,Outback Steakhouse,"1968 old fort parkway, murfreesboro, tn, 37129, us",15.99,9.99,4.99,3.79,11.59,9,98,4.399999999999999,100+,17.75908163265306,14.99,1,1,0,0,tn,37129,0,Rutherford
415,Outback Steakhouse,"1125 franklin road, lebanon, tn, 37087, us",15.99,9.99,4.99,3.79,11.59,9,104,4.1000000000000005,58,17.744903846153846,13.99,1,1,0,0,tn,37087,0,Wilson
416,Outback Steakhouse,"1705 parkway, sevierville, tn, 37862, us",15.99,9.99,4.99,3.79,11.59,10,104,4.299999999999999,50+,17.512307692307694,13.99,1,1,0,0,tn,37862,0,Sevier
417,Outback Steakhouse,"2255 union avenue, memphis, tn, 38104, us",15.99,9.99,4.99,3.79,11.59,10,94,4.2,100+,17.825957446808513,14.99,1,1,0,0,tn,38104,0,Shelby
418,Outback Steakhouse,"125 goodman rd. w. ste a, southaven, ms, 38671, us",15.39,8.79,4.39,3.29,9.89,11,54,4.6,100+,14.293703703703704,14.29,1,1,0,0,ms,38671,0,DeSoto
419,Outback Steakhouse,"8005 moores lane, brentwood, tn, 37027, us",17.29,9.99,4.99,4.19,11.59,13,94,4.600000000000002,53,19.434148936170214,14.99,1,1,0,0,tn,37027,0,Williamson
420,Outback Steakhouse,"2701 e central texas expy, killeen, tx, 76543, us",15.99,9.99,4.99,3.79,11.59,9,97,4.399999999999999,87,17.53835051546392,14.99,1,1,0,0,tx,76543,0,Bell
421,Outback Steakhouse,"6569 ingram rd, san antonio, tx, 78238, us",15.99,9.99,4.99,3.79,11.59,10,97,4.5,62,17.528041237113406,14.99,1,1,0,0,tx,78238,0,Bexar
422,Outback Steakhouse,"12511 i-10 west, san antonio, tx, 78230, us",15.99,9.99,4.99,3.79,11.59,18,204,4.100000000000001,29,17.21294117647059,13.99,1,1,0,0,tx,78230,0,Bexar
423,Outback Steakhouse,"8131 agora parkway, selma, tx, 78148, us",15.99,9.99,4.99,3.79,11.59,20,198,4.299999999999999,59,17.491919191919195,13.99,1,1,0,0,tx,78148,0,Bexar
424,Outback Steakhouse,"1503 w. bay area blvd., webster, tx, 77598, us",15.99,9.99,4.99,3.79,11.59,48,606,4.5,73,17.67858085808581,14.99,1,1,0,0,tx,77598,0,Harris
425,Outback Steakhouse,"3509 e. sam houston pkwy, pasadena, tx, 77505, us",15.99,9.99,4.99,3.79,11.59,48,600,4.4,44,18.3412,13.99,1,1,0,0,tx,77505,0,Harris
426,Outback Steakhouse,"12559 southwest fwy, stafford, tx, 77477, us",15.99,9.99,4.99,3.79,11.59,36,412,4.399999999999999,100+,17.742621359223303,13.99,1,1,0,0,tx,77477,0,Fort Bend
427,Outback Steakhouse,"10001 westheimer road # 1010, houston, tx, 77042, us",15.99,9.99,4.99,3.79,11.59,36,402,4.299999999999999,100+,17.719054726368164,13.99,1,1,0,0,tx,77042,0,Harris
428,Outback Steakhouse,"5218 1-10 east, baytown, tx, 77521, us",15.99,9.99,4.99,3.79,11.59,16,200,4.5,71,18.1198,13.99,1,1,0,0,tx,77521,0,Harris
429,Outback Steakhouse,"2102 s texas ave, college station, tx, 77840, us",15.99,9.99,4.99,3.79,11.59,9,97,4.5,46,17.75680412371134,14.99,1,1,0,0,tx,77840,0,Brazos
430,Outback Steakhouse,"1509 north central exp., plano, tx, 75075, us",15.99,9.99,4.99,3.79,11.59,18,193,4.3999999999999995,78,17.879430051813475,14.99,1,1,0,0,tx,75075,0,Collin
431,Outback Steakhouse,"4902 north george bush highway, garland, tx, 75040, us",15.99,9.99,4.99,3.79,11.59,20,206,4.600000000000001,80,17.138834951456314,13.99,1,1,0,0,tx,75040,0,Dallas
432,Outback Steakhouse,"3903 towne crossing blvd, mesquite, tx, 75150, us",15.99,9.99,4.99,3.79,11.59,10,94,4.7,64,17.65372340425532,14.99,1,1,0,0,tx,75150,0,Dallas
433,Outback Steakhouse,"1101 north i-35 east, desoto, tx, 75115, us",15.99,9.99,4.99,,11.59,6,93,4.399999999999998,73,18.860107526881727,13.99,1,1,0,0,tx,75115,0,Dallas
434,Outback Steakhouse,"3510 west airport freeway, irving, tx, 75062, us",15.99,9.99,4.99,3.79,11.59,20,199,4.5,100+,17.352110552763822,13.99,1,1,0,0,tx,75062,0,Dallas
435,Outback Steakhouse,"15180, addison, tx, 75001, us",15.99,9.99,4.99,3.79,11.59,18,204,4.600000000000001,100+,17.581470588235295,13.99,1,1,0,0,tx,75001,0,Dallas
436,Outback Steakhouse,"2601 state highway 121, euless, tx, 76039, us",15.99,9.99,4.99,3.79,11.59,9,100,4.3,52,17.949300000000004,13.99,1,1,0,0,tx,76039,0,Tarrant
437,Outback Steakhouse,"2211 south stemmons freeway, lewisville, tx, 75067, us",15.99,9.99,4.99,3.79,11.59,10,103,4.600000000000002,49,17.754368932038837,13.99,1,1,0,0,tx,75067,0,Denton
438,Outback Steakhouse,"813 airport fwy, hurst, tx, 76053, us",15.99,9.99,4.99,3.79,11.59,36,404,4.399999999999999,83,17.975346534653468,13.99,1,1,0,0,tx,76053,0,Tarrant
439,Outback Steakhouse,"1151 west i-20, arlington, tx, 76017, us",15.99,9.99,4.99,3.79,11.59,20,200,4.399999999999999,87,17.967200000000002,13.99,1,1,0,0,tx,76017,0,Tarrant
440,Outback Steakhouse,"4608 bryant irvin road, fort worth, tx, 76132, us",15.99,9.99,4.99,3.79,11.59,18,192,4.5,79,17.71166666666667,14.99,1,1,0,0,tx,76132,0,Tarrant
441,Outback Steakhouse,"11875 gateway west boulevard, el paso, tx, 79936, us",15.99,9.99,4.99,3.79,11.59,9,98,4.399999999999999,45,18.019795918367347,14.99,1,1,0,0,tx,79936,0,El Paso
442,Outback Steakhouse,"9753 fm 1960 bypass, humble, tx, 77338, us",15.99,9.99,4.99,3.79,11.59,24,306,4.200000000000001,97,17.64078431372549,13.99,1,1,0,0,tx,77338,0,Harris
443,Outback Steakhouse,"7070 highway 6 north, houston, tx, 77095, us",15.99,9.99,4.99,3.79,11.59,27,309,4.100000000000001,100+,17.742621359223303,13.99,1,1,0,0,tx,77095,0,Harris
444,Outback Steakhouse,"2060 i-10 south, beaumont, tx, 77707, us",15.99,9.99,4.99,3.79,11.59,8,100,4.5,48,17.5938,13.99,1,1,0,0,tx,77707,0,Jefferson
445,Outback Steakhouse,"4015 south loop 289, lubbock, tx, 79423, us",15.99,9.99,4.99,3.79,11.59,10,103,4.3,41,17.1568932038835,13.99,1,1,0,0,tx,79423,0,Lubbock
446,Outback Steakhouse,"4500 franklin avenue, waco, tx, 76710, us",15.99,9.99,4.99,3.79,11.59,10,104,4.5,19,17.21298076923077,13.99,1,1,0,0,tx,76710,0,McLennan
447,Outback Steakhouse,"4221 south padre island drive, corpus christi, tx, 78411, us",15.99,9.99,4.99,3.79,11.59,8,102,4.100000000000002,43,17.857843137254903,13.99,1,1,0,0,tx,78411,0,Nueces
448,Outback Steakhouse,"11600 research boulevard, austin, tx, 78759, us",15.99,9.99,4.99,3.79,11.59,30,306,4.5,82,17.203137254901964,13.99,1,1,0,0,tx,78759,0,Travis
449,Outback Steakhouse,"1651 i-35 south, round rock, tx, 78664, us",15.99,9.99,4.99,3.79,11.59,30,279,4.600000000000001,57,15.256774193548384,13.99,1,1,0,0,tx,78664,0,Williamson
450,Outback Steakhouse,"1664 n heritage park blvd, layton, ut, 84041, us",15.49,7.99,5.49,1.79,9.99,9,66,4.3,13,17.374848484848485,14.99,1,1,0,0,ut,84041,0,Davis
451,Outback Steakhouse,"9001 shawnee mission pkwy, merriam, ks, 66202",15.49,7.99,5.49,1.79,9.99,9,65,3.8999999999999995,17,18.15307692307692,14.99,1,1,0,0,ks,66202,0,Johnson
452,Outback Steakhouse,"missingaddress, madison, wi, 53717, us",15.99,9.99,4.99,,11.59,9,98,3.8,28,18.470816326530617,13.99,1,1,0,0,wi,53717,0,Dane
453,Outback Steakhouse,"8625 w. sura lane, greenfield, wi, 53228, us",15.99,9.99,4.99,3.79,11.59,20,194,4.100000000000001,35,17.719175257731962,13.99,1,1,0,0,wi,53228,0,Milwaukee
454,Outback Steakhouse,"295 s. moorland road, brookfield, wi, 53005, us",15.99,9.99,4.99,3.79,11.59,14,188,4.5,26,18.55734042553192,13.99,1,1,0,0,wi,53005,0,Waukesha
455,Red Robin,"5029 pinnacle square, birmingham, al, 35173, us",16.79,8.39,3.59,3.89,3.59,12,122,4.700000000000002,17,11.977704918032787,,1,1,0,0,al,35173,0,Jefferson
456,Red Robin,"2720 carl t jones dr se, huntsville, al, 35802, us",17.19,8.39,3.59,3.89,3.59,11,111,4.700000000000001,27,11.783693693693694,,1,1,0,0,al,35802,0,Madison
457,Red Robin,"365 the bridge st suite 113, huntsville, al, 35806, us",17.19,8.39,3.59,3.89,,11,100,4.7,14,12.108999999999996,,1,1,0,0,al,35806,0,Madison
458,Red Robin,"370 peachtree pkwy, cumming, ga, 30041, us",17.39,8.39,3.59,3.99,3.59,22,230,4.600000000000001,53,12.445652173913043,,1,1,0,0,ga,30041,0,Forsyth
459,Red Robin,"3333, buford, ga, 30519, us",17.19,8.39,3.59,3.89,3.59,22,236,4.5,36,12.275593220338981,,1,1,0,0,ga,30519,0,Gwinnett
460,Red Robin,"1250 scenic highway suite 1500, lawrenceville, ga, 30045, us",16.79,8.39,3.59,3.89,3.59,36,349,4.7,92,12.161346704871061,,1,1,0,0,ga,30045,0,Gwinnett
461,Red Robin,"211 west parkcenter blvd, boise, id, 83706, us",16.79,8.39,3.59,3.89,3.59,12,113,4.399999999999999,50+,11.838672566371683,,1,1,0,0,id,83706,0,Ada
462,Red Robin,"267 n milwaukee, boise, id, 83704, us",16.59,8.39,3.59,3.89,3.59,12,119,4.799999999999996,50+,11.767310924369745,,1,1,0,0,id,83704,0,Ada
463,Red Robin,"13215 harrell pkwy, noblesville, in, 46060, us",16.79,8.39,3.59,3.89,3.59,24,221,4.5,17,11.619864253393665,,1,1,0,0,in,46060,0,Hamilton
464,Red Robin,"1410 us-41, schererville, in, 46375, us",17.19,8.39,3.59,3.89,3.59,22,221,4.5,13,11.794524886877829,,1,1,0,0,in,46375,0,Lake
465,Red Robin,"8190 n shadeland ave, indianapolis, in, 46250, us",16.79,8.39,3.59,3.89,3.59,12,109,4.299999999999999,25,11.734036697247705,,1,1,0,0,in,46250,0,Marion
466,Red Robin,"365 south perry rd, plainfield, in, 46168, us",16.79,8.39,3.59,3.89,3.59,12,108,4.0,12,11.58537037037037,,1,1,0,0,in,46168,0,Hendricks
467,Red Robin,"6255 mills civic pkwy, west des moines, ia, 50266, us",17.39,8.39,3.59,3.99,3.59,11,118,4.799999999999997,17,12.573050847457626,,1,1,0,0,ia,50266,0,Dallas
468,Red Robin,"8657 w 135th, overland park, ks, 66223, us",14.68,7.11,3.6,3.38,3.72,15,102,4.3,35,10.907450980392154,,1,1,0,0,ks,66223,0,Johnson
469,Red Robin,"7355 west taft street, wichita, ks, 67209, us",14.68,7.11,3.6,3.38,3.72,15,105,4.299999999999999,49,11.303714285714285,,1,1,0,0,ks,67209,0,Sedgwick
470,Red Robin,"9990 e 13th st, wichita, ks, 67206, us",14.68,7.11,3.6,3.38,3.38,15,101,4.0,33,10.785049504950493,,1,1,0,0,ks,67206,0,Sedgwick
471,Red Robin,"101 east brannon rd, nicholasville, ky, 40356, us",16.59,8.39,3.59,3.89,3.59,12,111,4.3,15,11.329639639639637,,1,1,0,0,ky,40356,0,Jessamine
472,Red Robin,"5000 shelbyville rd #1627, louisville, ky, 40207, us",16.79,8.39,3.59,3.89,3.59,12,111,4.399999999999998,28,11.599909909909908,,1,1,0,0,ky,40207,0,Jefferson
473,Red Robin,"9870 von allmen court, louisville, ky, 40241, us",17.19,8.39,3.59,3.89,3.59,11,109,4.299999999999999,24,11.814770642201832,,1,1,0,0,ky,40241,0,Jefferson
474,Red Robin,"700 town center parkway, slidell, la, 70458, us",16.59,8.39,3.59,3.89,3.59,24,224,4.700000000000001,23,11.355178571428569,,1,1,0,0,la,70458,0,St. Tammany
475,Red Robin,"1500 s willow st #w157, manchester, nh, 03103, us",17.19,8.39,3.59,3.89,3.59,11,107,4.799999999999999,33,11.688130841121493,,1,1,0,0,nh,3103,0,Hillsborough
476,Red Robin,"310 daniel webster highway, nashua, nh, 03060, us",17.19,8.39,3.59,3.89,3.59,11,109,4.799999999999998,15,11.814770642201832,,1,1,0,0,nh,3060,0,Hillsborough
477,Red Robin,"502 cross creek mall, fayetteville, nc, 28303, us",17.19,8.39,3.59,3.89,3.59,11,113,4.700000000000001,51,11.992654867256636,,1,1,0,0,nc,28303,0,Cumberland
478,Red Robin,"5313 new hope commons extension, durham, nc, 27707, us",16.79,8.39,3.59,3.89,3.59,12,118,4.700000000000003,48,12.023050847457625,,1,1,0,0,nc,27707,0,Durham
479,Red Robin,"7860 alexander promenade pl, raleigh, nc, 27617, us",17.19,8.39,3.59,3.89,3.59,9,116,4.5,46,12.377068965517239,,1,1,0,0,nc,27617,0,Wake
480,Red Robin,"188 hanes mall circle, winston-salem, nc, 27103, us",16.59,8.39,3.59,3.89,3.59,12,117,4.5,29,11.684017094017094,,1,1,0,0,nc,27103,0,Forsyth
481,Red Robin,"1507 highwoods blvd, greensboro, nc, 27410, us",16.79,8.39,3.59,3.89,3.59,12,119,4.399999999999999,58,12.021092436974788,,1,1,0,0,nc,27410,0,Guilford
482,Red Robin,"3110 waltham blvd, burlington, nc, 27215, us",16.79,8.39,3.59,3.89,3.59,12,118,4.200000000000001,33,12.062033898305081,,1,1,0,0,nc,27215,0,Alamance
483,Red Robin,"8304 kenbrooke dr, charlotte, nc, 28262, us",16.59,8.39,3.59,3.89,3.59,24,235,4.6,75,11.75936170212766,,1,1,0,0,nc,28262,0,Mecklenburg
484,Red Robin,"8425 northlake commons blvd, charlotte, nc, 28216, us",16.59,8.39,3.59,3.89,3.59,24,233,4.700000000000002,41,11.732489270386266,,1,1,0,0,nc,28216,0,Mecklenburg
485,Red Robin,"905 international dr, wilmington, nc, 28405, us",16.79,8.39,3.59,3.89,3.59,12,118,4.5,40,11.975593220338983,,1,1,0,0,nc,28405,0,New Hanover
486,Red Robin,"2260 walnut st, cary, nc, 27518, us",16.79,8.39,3.59,3.89,3.59,12,115,4.700000000000002,19,12.207391304347825,,1,1,0,0,nc,27518,0,Wake
487,Red Robin,"10 cabela drive, garner, nc, 27529, us",16.59,8.39,3.59,3.89,3.59,12,118,4.600000000000001,47,11.806101694915254,,1,1,0,0,nc,27529,0,Wake
488,Red Robin,"1050 ed noble pkwy, norman, ok, 73072, us",16.59,8.39,3.59,3.89,3.59,22,219,4.799999999999998,33,11.434748858447486,,1,1,0,0,ok,73072,0,Cleveland
489,Red Robin,"13800 n pennsylvania ave, oklahoma city, ok, 73134, us",16.59,8.39,3.59,3.89,,9,94,4.600000000000002,25,12.362340425531915,,1,1,0,0,ok,73134,0,Oklahoma
490,Red Robin,"4801 w kenosha st, broken arrow, ok, 74012, us",16.59,8.39,3.59,3.89,3.59,12,110,4.2,15,11.347272727272726,,1,1,0,0,ok,74012,0,Tulsa
491,Red Robin,"9810 riverside pkwy, tulsa, ok, 74137, us",16.59,8.39,3.59,3.89,3.59,12,108,0.0,10,11.47425925925926,,1,1,0,0,ok,74137,0,Tulsa
492,Red Robin,"175 e waterfront dr, homestead, pa, 15120, us",16.59,8.39,3.59,3.89,3.59,24,236,4.200000000000002,78,11.795932203389832,,1,1,0,0,pa,15120,0,Allegheny
493,Red Robin,"301 south hills village, bethel park, pa, 15241, us",16.79,8.39,3.59,3.89,3.59,23,227,4.399999999999999,57,12.278986784140969,,1,1,0,0,pa,15241,0,Allegheny
494,Red Robin,"4559 perkiomen ave, reading, pa, 19606, us",15.99,8.19,4.39,2.99,4.79,19,120,4.1000000000000005,15,11.7675,,1,1,0,0,pa,19606,0,Berks
495,Red Robin,"3605 horizon blvd., trevose, pa, 19053, us",15.99,8.19,4.39,2.99,4.79,43,256,4.3999999999999995,37,11.52125,,1,1,0,0,pa,19053,0,Bucks
496,Red Robin,"220 plaza drive, collegeville, pa, 19426, us",15.99,8.19,4.39,2.99,4.79,57,354,4.3999999999999995,12,11.814576271186443,,1,1,0,0,pa,19426,0,Montgomery
497,Red Robin,"2350 lincoln hwy e, lancaster, pa, 17602, us",15.99,8.19,4.39,2.99,4.79,19,119,4.399999999999999,17,11.718571428571428,,1,1,0,0,pa,17602,0,Lancaster
498,Red Robin,"1875 airport rd, allentown, pa, 18109, us",15.99,8.19,4.39,2.99,4.79,19,120,4.299999999999999,43,11.767500000000002,,1,1,0,0,pa,18109,0,Lehigh
499,Red Robin,"2845, center valley, pa, 18034, us",,,,,,4,13,4.799999999999999,24,11.48230769230769,,1,1,0,0,pa,18034,0,Lehigh
500,Red Robin,"1000 greengate centre blvd, greensburg, pa, 15601, us",16.59,8.39,3.59,3.89,3.59,12,119,4.5,24,11.767310924369745,,1,1,0,0,pa,15601,0,Westmoreland
501,Red Robin,"1500 mount zion rd, york, pa, 17402, us",15.99,8.19,4.39,2.99,4.79,19,119,5.0,13,11.836218487394955,,1,1,0,0,pa,17402,0,York
502,Red Robin,"1125 woodruff rd suite 1400, greenville, sc, 29607, us",16.79,8.39,3.59,3.89,3.59,24,236,4.200000000000002,29,11.992542372881354,,1,1,0,0,sc,29607,0,Greenville
503,Red Robin,"1218 n retail court, myrtle beach, sc, 29577, us",16.79,8.39,3.59,3.89,3.59,12,117,4.600000000000001,63,11.953247863247864,,1,1,0,0,sc,29577,0,Horry
504,Red Robin,"100, columbia, sc, 29212, us",16.59,8.39,3.59,3.89,3.59,24,220,4.399999999999999,18,11.570909090909089,,1,1,0,0,sc,29212,0,Lexington
505,Red Robin,"247 forum dr, columbia, sc, 29229, us",16.59,8.39,3.59,3.89,3.59,12,119,4.100000000000002,36,11.767310924369747,,1,1,0,0,sc,29229,0,Richland
506,Red Robin,"3415 toringdon way, charlotte, nc, 28277, us",16.59,8.39,3.59,3.89,3.59,12,119,4.399999999999999,62,11.767310924369745,,1,1,0,0,nc,28277,0,Mecklenburg
507,Red Robin,"6802 charlotte pike, nashville, tn, 37209, us",16.79,8.39,3.59,3.89,3.59,23,228,4.6000000000000005,25,12.240877192982456,,1,1,0,0,tn,37209,0,Davidson
508,Red Robin,"401 s, mt juliet, tn, 37122, us",16.79,8.39,3.59,3.89,3.59,12,118,4.299999999999999,32,12.05186440677966,,1,1,0,0,tn,37122,0,Wilson
509,Red Robin,"302 indian lake blvd, hendersonville, tn, 37075, us",16.59,8.39,3.59,3.89,3.59,12,117,4.700000000000003,39,11.794273504273505,,1,1,0,0,tn,37075,0,Sumner
510,Red Robin,"13635 san pedro ave, san antonio, tx, 78232",16.59,8.39,3.59,3.89,3.59,12,119,4.899999999999999,10,11.767310924369745,,1,1,0,0,tx,78232,0,Bexar
511,Red Robin,"11433 parkside dr, farragut, tn, 37934, us",16.59,8.39,3.59,3.89,3.59,12,119,4.5,25,11.767310924369745,,1,1,0,0,tn,37934,0,Knox
512,Red Robin,"1986 medical center pkwy, murfreesboro, tn, 37129, us",16.59,8.39,3.59,3.89,3.59,12,104,4.299999999999999,56,11.395769230769229,,1,1,0,0,tn,37129,0,Rutherford
513,Red Robin,"10211, collierville, tn, 38017, us",16.59,8.39,3.59,3.89,,11,100,4.5,48,11.873,,1,1,0,0,tn,38017,0,Shelby
514,Red Robin,"2032 crossings cir, spring hill, tn, 37174, us",16.79,8.39,3.59,3.89,3.59,12,118,4.399999999999999,13,12.102711864406775,,1,1,0,0,tn,37174,0,Maury
515,Red Robin,"2800 e central texas expressway, killeen, tx, 76542, us",17.19,8.39,3.59,3.89,3.59,11,107,4.5,55,11.841401869158878,,1,1,0,0,tx,76542,0,Bell
516,Red Robin,"5631 w loop 1604 n, san antonio, tx, 78253, us",17.15,,,3.95,,1,33,4.9,28,13.619696969696971,,1,1,0,0,tx,78253,0,Bexar
517,Red Robin,"17403 ih-10 west, san antonio, tx, 78257, us",17.15,,,,,6,60,4.800000000000001,13,14.550666666666668,,1,1,0,0,tx,78257,0,Bexar
518,Red Robin,"8227 agora parkway, selma, tx, 78148, us",17.15,,,,,6,60,4.600000000000002,25,14.550666666666668,,1,1,0,0,tx,78148,0,Bexar
519,Red Robin,"18830 gulf freeway, friendswood, tx, 77546, us",16.79,8.39,3.59,3.89,3.59,72,654,4.7,13,11.638623853211008,,1,1,0,0,tx,77546,0,Galveston
520,Red Robin,"11200 broadway st #1500, pearland, tx, 77584, us",16.79,8.39,3.59,3.89,3.59,48,436,4.700000000000002,22,11.638623853211008,,1,1,0,0,tx,77584,0,Brazoria
521,Red Robin,"5031 n, garland, tx, 75044, us",15.99,8.39,,2.39,,9,195,4.700000000000001,53,12.805384615384616,,1,1,0,0,tx,75044,0,Dallas
522,Red Robin,"229 n hwy 67, cedar hill, tx, 75104, us",15.99,8.39,,2.39,,9,195,4.600000000000001,55,12.741282051282052,,1,1,0,0,tx,75104,0,Dallas
523,Red Robin,"421 east interstate 20 highway, arlington, tx, 76018, us",15.99,8.39,,2.39,,15,325,4.5,32,12.805384615384616,,1,1,0,0,tx,76018,0,Tarrant
524,Red Robin,"5731 long prairie rd, flower mound, tx, 75028, us",15.99,8.39,,2.39,,3,65,4.3999999999999995,44,12.805384615384616,,1,1,0,0,tx,75028,0,Denton
525,Red Robin,"7620 katy freeway #465, houston, tx, 77024, us",17.39,8.39,3.59,3.99,3.59,33,327,4.6000000000000005,45,12.008348623853212,,1,1,0,0,tx,77024,0,Harris
526,Red Robin,"3517 e sam houston parkway, pasadena, tx, 77505, us",16.79,8.39,3.59,3.89,3.59,60,530,5.0,20,11.753207547169813,,1,1,0,0,tx,77505,0,Harris
527,Red Robin,"22455 hwy 249, houston, tx, 77377, us",17.19,8.39,3.59,3.89,3.59,33,327,4.8,41,11.814770642201836,,1,1,0,0,tx,77377,0,Harris
528,Red Robin,"23318 mercantile pkwy, katy, tx, 77449, us",17.19,8.39,3.59,3.89,3.59,33,327,4.7,59,11.814770642201836,,1,1,0,0,tx,77449,0,Harris
529,Red Robin,"409 s jackson rd, pharr, tx, 78577, us",16.07,8.39,3.59,3.59,4.79,14,100,4.7,10,11.604799999999997,,1,1,0,0,tx,78577,0,Hidalgo
530,Red Robin,"4805 s loop 289 bldg 200, lubbock, tx, 79424, us",17.19,8.39,3.59,3.89,3.59,11,109,4.700000000000001,37,11.814770642201834,,1,1,0,0,tx,79424,0,Lubbock
531,Red Robin,"13000 n ih35 sbfr #5, austin, tx, 78753, us",17.19,8.39,3.59,3.89,3.59,33,327,4.3,78,11.814770642201836,,1,1,0,0,tx,78753,0,Travis
532,Red Robin,"5011 183 a toll road, cedar park, tx, 78613, us",17.19,8.39,3.59,3.89,3.59,33,327,4.3999999999999995,51,11.814770642201836,,1,1,0,0,tx,78613,0,Williamson
533,Red Robin,"1562 woodland park dr, layton, ut, 84041, us",17.49,9.19,2.49,3.99,3.79,7,100,4.600000000000001,17,12.300999999999997,,1,1,0,0,ut,84041,0,Davis
534,Red Robin,"3601 2700 w, west valley city, ut, 84119, us",17.49,9.19,2.49,3.99,3.79,7,100,4.600000000000001,21,12.300999999999997,,1,1,0,0,ut,84119,0,Salt Lake
535,Red Robin,"s, 11615 district dr, south jordan, ut, 84095, us",17.49,9.19,2.49,3.99,3.79,7,100,5.0,10,12.300999999999997,,1,1,0,0,ut,84095,0,Salt Lake
536,Red Robin,"1200 towne centre blvd, provo, ut, 84601, us",17.49,9.19,2.49,3.99,3.79,7,100,0.0,11,12.300999999999998,,1,1,0,0,ut,84601,0,Utah
537,Red Robin,"2605 oneida st #100, green bay, wi, 54304, us",17.19,8.39,3.59,3.89,3.59,11,105,4.399999999999999,30,11.886190476190476,,1,1,0,0,wi,54304,0,Brown
538,Red Robin,"6522, monona, wi, 53716, us",17.19,8.39,3.59,3.89,3.59,11,109,4.5,24,11.946880733944953,,1,1,0,0,wi,53716,0,Dane
539,Red Robin,"2440 east springs dr, madison, wi, 53704, us",17.19,8.39,3.59,3.89,3.59,11,110,4.5,30,11.936363636363634,,1,1,0,0,wi,53704,0,Dane
540,Red Robin,"7575 edgerton ave, greenfield, wi, 53220, us",17.19,8.39,3.59,3.89,3.59,22,219,4.799999999999998,16,11.941598173515981,,1,1,0,0,wi,53220,0,Milwaukee
541,Red Robin,"95 n moorland rd, brookfield, wi, 53005, us",16.79,8.39,3.59,3.89,3.59,24,219,4.200000000000001,10,11.766255707762557,,1,1,0,0,wi,53005,0,Waukesha
542,Denny,"4874 university dr nw, huntsville, al, 35816, us",14.19,12.29,4.39,3.69,5.79,23,103,4.600000000000002,14,9.534660194174759,,1,1,0,0,al,35816,0,Madison
543,Denny,"3944 highway 17 s, richmond hill, ga, 31324, us",14.96,13.19,4.56,3.94,6.02,18,100,4.8,40,10.107800000000003,,1,1,0,0,ga,31324,0,Bryan
544,Denny,"5534 jimmy carter blvd, norcross, ga, 30093, us",15.38,13.3,4.77,4.25,6.02,89,394,4.200000000000001,97,10.15725888324873,,1,1,0,0,ga,30093,0,Gwinnett
545,Denny,"1020 tanger dr., locust grove, ga, 30248, us",15.17,13.19,5.08,4.25,6.33,23,98,4.100000000000001,14,10.115816326530613,,1,1,0,0,ga,30248,0,Henry
546,Denny,"3155 e. fairview avenue, meridian, id, 83642, us",14.59,12.99,4.59,4.19,5.79,31,87,0.0,6,9.107241379310349,,1,1,0,0,id,83642,0,Ada
547,Denny,"6288 e 82nd st, indianapolis, in, 46250, us",14.75,12.98,,3.62,6.02,15,102,4.5,21,9.833137254901962,,1,1,0,0,in,46250,0,Marion
548,Denny,"827 in-32, westfield, in, 46074, us",14.75,12.78,4.56,3.62,6.02,17,91,0.0,7,9.551868131868131,,1,1,0,0,in,46074,0,Hamilton
549,Denny,"6171 melton dr, portage, in, 46368, us",14.75,12.78,4.56,3.62,6.02,19,99,4.700000000000001,22,9.506767676767677,,1,1,0,0,in,46368,0,Porter
550,Denny,"3512 s keystone ave, indianapolis, in, 46227, us",14.75,12.78,4.56,3.62,6.02,18,96,3.7000000000000006,50+,9.4309375,,1,1,0,0,in,46227,0,Marion
551,Denny,"6241 crawfordsville rd, indianapolis, in, 46224, us",14.65,12.78,4.46,3.62,6.02,13,81,4.0,50+,9.349506172839506,,1,1,0,0,in,46224,0,Marion
552,Denny,"2490 post rd, indianapolis, in, 46219, us",14.75,12.78,4.56,3.62,6.02,17,90,4.200000000000001,50+,9.465222222222222,,1,1,0,0,in,46219,0,Marion
553,Denny,"4795 kentucky ave, indianapolis, in, 46221, us",14.75,12.78,4.56,3.62,6.02,17,92,4.5,22,9.477282608695651,,1,1,0,0,in,46221,0,Marion
554,Denny,"9001 shawnee mission pkwy, merriam, ks, 66202",14.34,12.57,4.35,3.42,5.6,52,190,4.0,30,9.12494736842105,,1,1,0,0,ks,66202,0,Johnson
555,Denny,"6887 e front st, kansas city, mo, 64120, us",14.34,12.57,4.35,3.42,5.6,24,90,3.8,25,9.16711111111111,,1,1,0,0,mo,64120,0,Jackson
556,Denny,"2500 sm 291 hwy, independence, mo, 64055",13.82,12.67,4.35,3.42,5.6,21,84,4.3,10,8.661428571428573,,1,1,0,0,mo,64055,0,Jackson
557,Denny,"4024 e harry st, wichita, ks, 67218, us",14.13,12.57,4.35,3.42,5.6,27,105,4.0,46,9.321047619047619,,1,1,0,0,ks,67218,0,Sedgwick
558,Denny,"434 eastern parkway, louisville, ky, 40217, us",15.38,13.3,4.77,4.25,,25,89,3.600000000000001,50+,10.175393258426965,,1,1,0,0,ky,40217,0,Jefferson
559,Denny,"5910 veterans, metairie, la, 70003, us",14.65,12.78,4.25,3.62,5.6,50,208,4.1000000000000005,85,9.590576923076924,,1,1,0,0,la,70003,0,Jefferson
560,Denny,"9351 canal rd, gulfport, ms, 39503, us",14.34,12.67,4.35,3.42,5.6,23,98,4.399999999999999,27,9.061632653061222,,1,1,0,0,ms,39503,0,Harrison
561,Denny,"7541 washington avenue, ocean springs, ms, 39564, us",13.82,12.67,4.35,3.42,5.6,19,84,3.8000000000000007,47,8.589761904761904,,1,1,0,0,ms,39564,0,Jackson
562,Denny,"34 gusabel avenue, nashua, nh, 03063, us",14.75,12.98,4.46,3.62,6.02,18,89,4.299999999999999,32,9.208539325842697,,1,1,0,0,nh,3063,0,Hillsborough
563,Denny,"1550 four seasons, hendersonville, nc, 28792, us",14.75,12.78,4.56,3.83,6.02,13,95,4.399999999999998,11,9.695473684210526,,1,1,0,0,nc,28792,0,Henderson
564,Denny,"3215 wake forest rd, raleigh, nc, 27609, us",14.65,12.78,4.25,3.62,5.6,36,188,4.299999999999999,100+,9.773936170212766,,1,1,0,0,nc,27609,0,Wake
565,Denny,"4380 fayetteville rd, raleigh, usa, garner, nc, 27603, us",14.34,12.57,4.46,3.62,5.6,34,178,4.100000000000001,100+,9.392921348314607,,1,1,0,0,nc,27603,0,Wake
566,Denny,"975 s main st, kernersville, nc, 27284, us",14.75,12.78,4.56,3.83,6.02,30,180,3.7,18,10.065222222222223,,1,1,0,0,nc,27284,0,Forsyth
567,Denny,"3703 west gate city blvd., greensboro, nc, 27407, us",14.19,12.29,4.39,3.49,5.79,42,154,4.0,60,8.455584415584417,,1,1,0,0,nc,27407,0,Guilford
568,Denny,"4541 sunset rd, charlotte, nc, 28216, us",,12.78,4.56,3.83,6.02,28,178,3.5,33,9.585955056179776,,1,1,0,0,nc,28216,0,Mecklenburg
569,Denny,"500 ed noble parkway, norman, ok, 73072, us",12.69,11.59,3.59,2.79,,19,95,4.3,28,8.261578947368422,,1,1,0,0,ok,73072,0,Cleveland
570,Denny,"3130 douglas blvd, oklahoma city, ok, 73130, us",14.13,12.57,4.35,3.42,5.6,22,85,4.3,21,8.914235294117645,,1,1,0,0,ok,73130,0,Oklahoma
571,Denny,"1617 sw 74th street, oklahoma city, ok, 73159, us",12.69,11.59,3.79,2.79,,34,162,4.2,70,7.903580246913581,,1,1,0,0,ok,73159,0,Oklahoma
572,Denny,"3030 south i-35 service rd., oklahoma city, ok, 73129, us",14.34,12.57,4.35,3.42,,50,189,4.100000000000001,38,9.185343915343916,,1,1,0,0,ok,73129,0,Oklahoma
573,Denny,"315 s. meridian avenue, oklahoma city, ok, 73108, us",12.69,11.59,3.79,2.79,,32,148,4.0,94,8.00081081081081,,1,1,0,0,ok,73108,0,Oklahoma
574,Denny,"1803 marina blvd, san leandro, ca, 94577, us",19.12,17.56,5.81,4.56,7.16,20,86,3.6000000000000023,25,12.644302325581396,,1,1,0,0,ca,94577,1,Alameda
575,Denny,"1313 willow pass rd, concord, ca, 94520, us",18.7,17.25,5.6,4.46,7.06,21,90,4.5,20,12.124666666666664,,1,1,0,0,ca,94520,1,Contra Costa
576,Denny,"121 north 129 east ave, tulsa, ok, 74116, us",13.82,12.57,3.83,3.0,5.18,18,103,3.6999999999999997,32,9.093106796116505,,1,1,0,0,ok,74116,0,Tulsa
577,Denny,"271 clairton blvd., pittsburgh, pa, 15236, us",14.75,13.09,4.46,3.83,5.91,52,271,4.100000000000001,37,10.037232472324725,,1,1,0,0,pa,15236,0,Allegheny
578,Denny,"3980 william penn highway, monroeville, pa, 15146, us",13.5,12.36,4.04,3.0,,20,87,4.2,93,8.389999999999999,,1,1,0,0,pa,15146,0,Allegheny
579,Denny,"2701 freeport rd., pittsburgh, pa, 15238, us",13.82,12.57,4.04,3.42,5.39,38,160,4.200000000000001,28,8.463,,1,1,0,0,pa,15238,0,Allegheny
580,Denny,"47 industrial hwy, tinicum township, pa, 19029, us",14.96,13.19,4.77,4.04,6.02,80,360,3.2,40,9.866444444444445,,1,1,0,0,pa,19029,0,Delaware
581,Denny,"1871 catasauqua road, allentown, pa, 18109, us",14.96,13.19,4.77,4.04,6.02,21,94,3.8999999999999977,70,9.878510638297874,,1,1,0,0,pa,18109,0,Lehigh
582,Denny,"200 west drive, greensburg, pa, 15601, us",13.82,12.57,4.04,3.21,5.39,21,84,3.8000000000000007,12,9.013095238095238,,1,1,0,0,pa,15601,0,Westmoreland
583,Denny,"209 tarentum bridge, new kensington, pa, 15068, us",14.75,13.09,4.66,4.04,6.02,15,91,4.399999999999999,17,9.605934065934067,,1,1,0,0,pa,15068,0,Westmoreland
584,Denny,"1199 louck road, york, pa, 17404, us",14.75,13.09,4.66,4.04,6.02,17,91,4.5,41,9.73835164835165,,1,1,0,0,pa,17404,0,York
585,Denny,"2521 wade hampton, greenville, sc, 29615, us",13.82,12.57,,1.23,5.18,39,163,4.200000000000001,50+,8.46325153374233,,1,1,0,0,sc,29615,0,Greenville
586,Denny,"2306 reidville road, spartanburg, sc, 29301, us",13.82,12.57,4.04,3.0,5.18,46,184,3.0,21,8.458804347826087,,1,1,0,0,sc,29301,0,Spartanburg
587,Denny,"800 s. kings hwy, myrtle beach, sc, 29577, us",14.65,12.78,4.25,3.62,5.6,18,90,4.399999999999999,100+,9.379333333333333,,1,1,0,0,sc,29577,0,Horry
588,Denny,"2514 sunset blvd, west columbia, sc, 29169, us",14.65,12.78,4.25,3.62,5.6,28,166,4.3,100+,9.007349397590362,,1,1,0,0,sc,29169,0,Lexington
589,Denny,"342 harbison blvd, columbia, sc, 29212, us",14.34,12.57,4.46,3.62,5.6,32,182,4.0,55,9.138021978021978,,1,1,0,0,sc,29212,0,Lexington
590,Denny,"5901 fairfield dr, columbia, sc, 29203, us",14.75,12.78,4.56,3.83,,24,170,3.8,49,9.668117647058823,,1,1,0,0,sc,29203,0,Richland
591,Denny,"115 sloane garden rd, boiling springs, sc, 29316, us",13.82,12.57,4.04,3.0,5.18,24,92,3.899999999999998,28,8.456521739130435,,1,1,0,0,sc,29316,0,Spartanburg
592,Denny,"3716 parkway, pigeon forge, tn, 37863, us",14.59,12.99,4.59,4.19,5.79,50,169,4.050887573964498,23,9.272840236686392,,1,1,0,0,tn,37863,0,Sevier
593,Denny,"1108 s. fort hood rd, killeen, tx, 76541, us",13.82,12.57,4.04,3.0,5.18,26,92,4.2,100+,8.619347826086958,,1,1,0,0,tx,76541,0,Bell
594,Denny,"6859 highway 90 west, san antonio, tx, 78227, us",,12.57,4.35,3.42,,24,84,4.100000000000001,57,8.588333333333333,,1,1,0,0,tx,78227,0,Bexar
595,Denny,"13635 san pedro ave, san antonio, tx, 78232",14.13,12.57,4.35,3.42,5.6,22,91,4.100000000000001,54,8.922087912087912,,1,1,0,0,tx,78232,0,Bexar
596,Denny,"6801 blanco rd, san antonio, tx, 78216, us",14.13,12.57,4.35,3.42,,44,182,4.3,23,8.827252747252746,,1,1,0,0,tx,78216,0,Bexar
597,Denny,"2210 loop 410 se, san antonio, tx, 78220, us",13.82,12.57,4.04,3.42,5.39,44,184,4.200000000000001,37,8.69108695652174,,1,1,0,0,tx,78220,0,Bexar
598,Denny,"6854 ingram rd, san antonio, tx, 78238, us",,12.57,4.35,3.42,5.6,22,86,4.0,28,8.492325581395347,,1,1,0,0,tx,78238,0,Bexar
599,Denny,"9550 i-10 west, san antonio, tx, 78230, us",14.13,12.57,4.35,3.42,5.6,22,92,4.2,28,8.910869565217393,,1,1,0,0,tx,78230,0,Bexar
600,Denny,"17455 ih 35 n, schertz, tx, 78154, us",14.13,12.57,4.35,3.42,5.6,23,91,4.3,23,9.07868131868132,,1,1,0,0,tx,78154,0,Bexar
601,Denny,"12816 ih35 n, live oak, tx, 78233, us",14.13,12.57,4.35,3.42,5.6,22,92,4.100000000000001,45,8.895,,1,1,0,0,tx,78233,0,Bexar
602,Denny,"6703 fm78, san antonio, tx, 78244, us",14.13,12.57,4.35,3.42,5.6,22,89,4.0,75,8.703483146067414,,1,1,0,0,tx,78244,0,Bexar
603,Denny,"7122 n ih 35, san antonio, tx, 78221, us",13.82,12.57,4.04,3.0,5.18,23,85,3.6999999999999993,41,8.286823529411764,,1,1,0,0,tx,78221,0,Bexar
604,Denny,"9810 gulf freeway, houston, tx, 77034, us",14.65,12.78,4.46,3.62,6.02,40,273,4.2,72,9.298864468864469,,1,1,0,0,tx,77034,0,Harris
605,Denny,"200b, 11221 broadway st, pearland, tx, 77584, us",14.34,12.57,4.35,3.42,,21,80,4.299999999999999,48,9.24475,,1,1,0,0,tx,77584,0,Brazoria
606,Denny,"4125 spencer hwy, pasadena, tx, 77504, us",14.65,12.78,4.25,3.62,,39,265,4.200000000000001,42,9.18833962264151,,1,1,0,0,tx,77504,0,Harris
607,Denny,"2735 bay area blvd, houston, tx, 77058, us",14.65,12.78,4.25,3.62,,26,176,4.700000000000001,15,9.143181818181818,,1,1,0,0,tx,77058,0,Harris
608,Denny,"6969 gulf freeway, houston, tx, 77087, us",14.34,12.57,4.35,3.42,5.6,100,360,4.200000000000001,60,8.83411111111111,,1,1,0,0,tx,77087,0,Harris
609,Denny,"607 texas ave, college station, tx, 77840, us",14.13,12.57,4.35,3.42,5.6,23,91,4.5,47,9.094725274725274,,1,1,0,0,tx,77840,0,Brazos
610,Denny,"1875 n expressway, brownsville, tx, 78520, us",13.82,12.57,4.04,3.0,5.18,23,82,4.0,32,8.454634146341464,,1,1,0,0,tx,78520,0,Cameron
611,Denny,"6131 paredes line rd, brownsville, tx, 78526, us",13.82,12.57,4.04,3.0,5.18,23,88,4.3999999999999995,27,8.515454545454546,,1,1,0,0,tx,78526,0,Cameron
612,Denny,"4703 s expressway 77/83, harlingen, tx, 78550, us",13.82,12.57,4.04,3.42,5.39,18,92,3.8000000000000003,17,8.750760869565218,,1,1,0,0,tx,78550,0,Cameron
613,Denny,"1830 north central, plano, tx, 75074, us",17.04,15.9,5.29,4.46,6.43,25,92,4.5,57,10.819239130434784,,1,1,0,0,tx,75074,0,Collin
614,Denny,"302 west fm 544, murphy, tx, 75094, us",17.04,15.9,5.29,2.06,6.43,24,91,4.600000000000001,26,10.686813186813186,,1,1,0,0,tx,75094,0,Collin
615,Denny,"1305 preston rd, plano, tx, 75093, us",17.25,16.73,5.08,2.06,6.95,24,92,4.100000000000001,37,10.867391304347827,,1,1,0,0,tx,75093,0,Collin
616,Denny,"13689 n. central expressway, dallas, tx, 75243, us",17.04,15.9,5.29,2.06,6.43,24,92,4.0,42,10.584021739130435,,1,1,0,0,tx,75243,0,Dallas
617,Denny,"4567 frankford road, dallas, tx, 75287, us",13.29,12.09,3.89,3.29,5.19,21,92,4.5,100+,8.361739130434783,,1,1,0,0,tx,75287,0,Collin
618,Denny,"10433 n. central exprwy, dallas, tx, 75230, us",17.14,15.58,5.08,2.06,6.74,40,184,4.5,41,10.626630434782609,,1,1,0,0,tx,75230,0,Dallas
619,Denny,"2030 market center, dallas, tx, 75207, us",17.04,15.9,5.29,2.06,6.43,48,183,4.299999999999999,40,10.655573770491804,,1,1,0,0,tx,75207,0,Dallas
620,Denny,"4400 n. central expy., dallas, tx, 75206, us",17.14,15.58,5.08,2.06,6.74,20,92,3.8000000000000003,25,10.626630434782607,,1,1,0,0,tx,75206,0,Dallas
621,Denny,"8233 east r.l. thorton, dallas, tx, 75228, us",17.04,15.9,5.29,2.06,6.43,24,92,4.2,53,10.584021739130437,,1,1,0,0,tx,75228,0,Dallas
622,Denny,"2425 walnut hill ln., dallas, tx, 75229, us",17.04,15.9,5.29,2.06,6.43,48,184,4.299999999999999,20,10.584021739130433,,1,1,0,0,tx,75229,0,Dallas
623,Denny,"4115 w. airport frwy., irving, tx, 75062, us",16.73,15.58,5.08,2.06,6.43,39,176,4.052272727272728,57,10.397670454545455,,1,1,0,0,tx,75062,0,Dallas
624,Denny,"12811 s tryon st, charlotte, nc, 28273",13.82,12.57,4.04,3.0,,23,86,4.5,62,8.463604651162791,,1,1,0,0,nc,28273,0,Mecklenburg
625,Denny,"510 w lbj freeway, irving, tx, 75063, us",17.14,15.58,5.08,2.06,6.74,20,92,4.0,23,10.64358695652174,,1,1,0,0,tx,75063,0,Dallas
626,Denny,"8120 esters blvd., irving, tx, 75063, us",17.04,15.9,5.29,2.06,6.43,24,92,3.899999999999998,17,10.584021739130435,,1,1,0,0,tx,75063,0,Dallas
627,Denny,"839 n watson rd, arlington, tx, 76011, us",13.29,12.09,3.89,3.09,5.19,41,181,4.100000000000001,79,8.531988950276244,,1,1,0,0,tx,76011,0,Tarrant
628,Denny,"4400 south freeway, ft worth, tx, 76115, us",13.82,12.57,4.04,3.0,,59,233,4.200000000000002,77,8.3431330472103,,1,1,0,0,tx,76115,0,Tarrant
629,Denny,"20430 highway 59 n, humble, tx, 77338",14.75,12.98,4.46,3.62,6.02,26,184,4.299999999999999,63,9.350217391304348,,1,1,0,0,tx,77338,0,Harris
630,Denny,"6480 north freeway, ft. worth, tx, 76137, us",15.58,14.13,4.77,2.06,6.22,36,184,4.0,45,9.963586956521738,,1,1,0,0,tx,76137,0,Tarrant
631,Denny,"4820 w sublett rd, arlington, tx, 76001, us",13.29,12.09,3.89,3.09,5.19,63,267,4.5,39,8.507977528089889,,1,1,0,0,tx,76001,0,Tarrant
632,Denny,"3720 east broad street, mansfield, tx, 76063, us",13.29,12.19,4.19,3.29,5.39,44,182,4.5,46,8.448241758241759,,1,1,0,0,tx,76063,0,Tarrant
633,Denny,"4601 s hulen rd., fort worth, tx, 76132, us",17.04,15.9,5.29,2.06,6.43,24,92,4.5,33,10.584021739130437,,1,1,0,0,tx,76132,0,Tarrant
634,Denny,"6144 gateway blvd. e, el paso, tx, 79905, us",14.49,12.69,4.39,3.79,5.79,19,95,4.2,19,9.683684210526316,,1,1,0,0,tx,79905,0,El Paso
635,Denny,"6650 montana ave, el paso, tx, 79925, us",14.39,12.69,4.39,3.79,,18,90,4.299999999999999,27,9.192222222222222,,1,1,0,0,tx,79925,0,El Paso
636,Denny,"4690 woodrow bean, el paso, tx, 79924, us",14.39,12.69,4.39,3.79,5.79,19,90,4.299999999999999,20,9.08,,1,1,0,0,tx,79924,0,El Paso
637,Denny,"1613 pleasanton road suite b-10, el paso - ft bliss, tx, 79906, us",14.59,12.69,4.89,4.09,,24,90,4.0,17,9.437777777777777,,1,1,0,0,tx,79906,0,El Paso
638,Denny,"9567 dyer st, el paso, tx, 79924, us",14.39,12.69,4.39,3.79,5.79,20,92,4.600000000000001,52,9.11826086956522,,1,1,0,0,tx,79924,0,El Paso
639,Denny,"7300 washington ave, houston, tx, 77007, us",14.34,12.57,4.46,3.62,5.6,45,260,4.3999999999999995,62,9.290653846153845,,1,1,0,0,tx,77007,0,Harris
640,Denny,"2316 southmore rd, houston, tx, 77004, us",14.34,12.57,4.46,3.62,5.6,45,269,4.1000000000000005,100+,9.198810408921931,,1,1,0,0,tx,77004,0,Harris
641,Denny,"2120 no loop west, houston, tx, 77018, us",14.34,12.57,4.35,3.42,5.6,75,267,4.3,23,8.917191011235955,,1,1,0,0,tx,77018,0,Harris
642,Denny,"6060 hillcroft st, houston, tx, 77081, us",14.65,12.78,4.25,3.62,5.6,60,270,4.5,42,8.996333333333332,,1,1,0,0,tx,77081,0,Harris
643,Denny,"9766 katy fwy ste b, houston, tx, 77055, us",14.19,12.49,4.29,3.49,,54,264,4.6000000000000005,49,9.087727272727273,,1,1,0,0,tx,77055,0,Harris
644,Denny,"11099 nw frwy, houston, tx, 77092, us",13.59,12.09,4.19,3.29,5.39,23,91,4.5,50,8.63835164835165,,1,1,0,0,tx,77092,0,Harris
645,Denny,"19212 gulf fwy, friendswood, tx, 77546, us",14.65,12.78,4.46,3.62,6.02,29,187,3.8999999999999986,34,9.375347593582887,,1,1,0,0,tx,77546,0,Galveston
646,Denny,"212 fm 518, kemah, tx, 77565, us",14.34,12.57,4.46,3.62,,13,88,4.799999999999999,17,9.382613636363637,,1,1,0,0,tx,77565,0,Galveston
647,Denny,"1201 hwy 146 n, texas city, tx, 77590, us",14.65,12.78,4.46,3.62,6.02,14,92,4.399999999999999,33,9.270760869565219,,1,1,0,0,tx,77590,0,Galveston
648,Denny,"928 highway 146 s, la porte, tx, 77571, us",13.79,12.09,4.09,3.29,5.39,22,87,4.7,19,8.612988505747126,,1,1,0,0,tx,77571,0,Harris
649,Denny,"909 w, pasadena, tx, 77506, us",14.09,12.29,4.29,1.99,5.79,19,90,4.399999999999999,29,8.874444444444444,,1,1,0,0,tx,77506,0,Harris
650,Denny,"11901 east fwy, houston, tx, 77029, us",14.65,12.78,4.46,3.62,6.02,13,91,4.3,56,9.202527472527473,,1,1,0,0,tx,77029,0,Harris
651,Denny,"1110 so 10th st, mcallen, tx, 78501, us",13.82,12.57,4.04,3.0,5.18,24,86,4.2,13,8.53360465116279,,1,1,0,0,tx,78501,0,Hidalgo
652,Denny,"401 e nolana ave, mcallen, tx, 78504, us",13.82,12.57,3.83,3.0,5.18,22,89,4.799999999999999,35,8.414606741573033,,1,1,0,0,tx,78504,0,Hidalgo
653,Denny,"116 south shary rd, mission, tx, 78572, us",13.82,12.57,4.04,3.0,5.18,24,87,4.899999999999998,11,8.266896551724138,,1,1,0,0,tx,78572,0,Hidalgo
654,Denny,"1601 e expressway 83, san juan, tx, 78589, us",13.82,12.57,4.04,3.42,,16,90,4.399999999999999,12,8.839222222222222,,1,1,0,0,tx,78589,0,Hidalgo
655,Denny,"2301 west university drive, edinburg, tx, 78539, us",13.82,12.57,4.04,3.42,,16,90,4.5,21,8.839222222222222,,1,1,0,0,tx,78539,0,Hidalgo
656,Denny,"4718 slide rd, lubbock, tx, 79414, us",14.13,12.57,4.35,3.42,5.6,23,91,4.5,24,9.07868131868132,,1,1,0,0,tx,79414,0,Lubbock
657,Denny,"607 avenue q, lubbock, tx, 79401, us",13.82,12.57,4.04,3.42,5.39,21,87,3.6000000000000023,27,8.65344827586207,,1,1,0,0,tx,79401,0,Lubbock
658,Denny,"2409 south new road, waco, tx, 76711, us",13.79,12.09,4.19,3.49,,22,83,4.3,22,8.922530120481927,,1,1,0,0,tx,76711,0,McLennan
659,Denny,"5165 interstate 37, corpus christi, tx, 78408, us",14.79,12.79,4.59,4.09,,46,176,4.299999999999999,15,9.607045454545455,,1,1,0,0,tx,78408,0,Nueces
660,Denny,"4928 south cooper, arlington, tx, 76017, us",17.14,15.58,5.08,2.06,6.74,20,88,3.399999999999999,16,10.719204545454547,,1,1,0,0,tx,76017,0,Tarrant
661,Denny,"1015 spur 350 west, euless, tx, 76040, us",17.04,15.9,5.29,2.06,6.43,24,92,3.5,13,10.584021739130437,,1,1,0,0,tx,76040,0,Tarrant
662,Denny,"408 westchase drive, grand prairire, tx, 75052, us",17.14,15.58,5.08,2.06,6.74,20,92,4.7,23,10.626630434782609,,1,1,0,0,tx,75052,0,Dallas
663,Denny,"7100 north i-35, austin, tx, 78752, us",13.82,12.57,4.04,3.21,5.18,97,363,4.299999999999999,114,8.609807162534436,,1,1,0,0,tx,78752,0,Travis
664,Denny,"1601 i-35, austin, tx, 78702, us",14.65,12.78,4.25,3.62,5.6,63,276,3.5,24,8.986956521739131,,1,1,0,0,tx,78702,0,Travis
665,Denny,"7619 e ben white boulevard, austin, tx, 78741, us",14.65,12.78,4.25,3.62,5.6,21,92,3.899999999999998,58,8.98695652173913,,1,1,0,0,tx,78741,0,Travis
666,Denny,"1-35 north parmer lane, austin, tx, 78753, us",13.82,12.57,4.04,3.42,5.39,45,258,4.5,72,8.910232558139535,,1,1,0,0,tx,78753,0,Travis
667,Denny,"19020 south interstate 35 frontage road, kyle, tx, 78640, us",14.09,12.29,4.09,3.49,5.39,20,92,4.2,58,8.682391304347824,,1,1,0,0,tx,78640,0,Hays
668,Denny,"2700 north ih-35, round rock, tx, 78681, us",13.82,12.57,4.04,3.42,,38,182,4.3,60,9.024615384615386,,1,1,0,0,tx,78681,0,Williamson
669,Denny,"11710 ih 35, jarrell, tx, 76537, us",14.34,12.67,4.35,3.42,5.6,36,184,4.5,45,8.943369565217392,,1,1,0,0,tx,76537,0,Williamson
670,Denny,"4029, riverdale, ut, 84405, us",16.09,14.99,4.89,4.29,6.19,23,86,4.600000000000002,30,10.546976744186047,,1,1,0,0,ut,84405,0,Weber
671,Denny,"1172 w 2100 st, west haven, ut, 84401, us",16.09,14.99,4.89,4.29,6.19,27,90,4.0,12,10.201111111111112,,1,1,0,0,ut,84401,0,Weber
672,Denny,"1701 west n temple, salt lake city, ut, 84116, us",16.09,14.99,4.89,4.29,6.19,70,250,4.3999999999999995,27,10.32,,1,1,0,0,ut,84116,0,Salt Lake
673,Denny,"991 n 400 w, layton, ut, 84041, us",14.99,13.49,4.59,4.19,5.99,30,90,4.200000000000001,12,9.447777777777778,,1,1,0,0,ut,84041,0,Davis
674,Denny,"420 w 4500 s, murray, ut, 84123, us",16.49,14.99,5.09,4.39,6.29,21,91,4.100000000000001,24,10.3910989010989,,1,1,0,0,ut,84123,0,Salt Lake
675,Denny,"7051 s 1300 e, midvale, ut, 84047, us",15.06,13.19,4.56,3.94,6.02,17,83,4.2,33,9.319397590361445,,1,1,0,0,ut,84047,0,Salt Lake
676,Denny,"401 w 7200 s, midvale, ut, 84047, us",15.79,14.19,4.89,4.29,5.99,26,91,3.8000000000000003,24,9.896593406593407,,1,1,0,0,ut,84047,0,Salt Lake
677,Denny,"101 n. 1200th east, lehi, ut, 84043, us",14.96,13.19,4.56,3.94,6.02,34,182,3.1999999999999993,13,9.546703296703297,,1,1,0,0,ut,84043,0,Utah
678,Denny,"1680 n freedom blvd, provo, ut, 84604, us",15.79,14.39,4.89,4.19,5.99,24,80,4.5,13,9.830000000000002,,1,1,0,0,ut,84604,0,Utah
679,Denny,"485 n state st, orem, ut, 84057, us",16.09,14.99,4.89,4.29,6.19,27,92,4.0,22,10.10413043478261,,1,1,0,0,ut,84057,0,Utah
680,Denny,"1516 n redwood rd, saratoga springs, ut, 84045, us",16.09,14.79,4.89,4.29,6.19,23,92,4.2,13,9.996521739130435,,1,1,0,0,ut,84045,0,Utah
681,Denny,"2894 s. oneida street, green bay, wi, 54304, us",15.06,12.98,4.56,3.94,6.02,16,90,4.600000000000001,39,9.725777777777777,,1,1,0,0,wi,54304,0,Brown
682,Denny,"1798 thierer rd, madison, wi, 53704, us",15.06,13.19,4.56,3.94,6.02,16,90,4.399999999999999,34,9.755777777777778,,1,1,0,0,wi,53704,0,Dane
683,Denny,"433 s. gammon rd, madison, wi, 53719, us",15.06,13.19,4.56,3.94,6.02,15,91,4.2,23,9.57989010989011,,1,1,0,0,wi,53719,0,Dane
684,Denny,"4925 s howell ave, milwaukee, wi, 53207, us",15.06,12.98,4.56,3.94,6.02,31,181,4.7,25,9.641546961325968,,1,1,0,0,wi,53207,0,Milwaukee
685,Denny,"9650 s 20th st, oak creek, wi, 53154, us",15.06,13.19,4.56,3.94,6.02,30,182,4.5,29,9.57989010989011,,1,1,0,0,wi,53154,0,Milwaukee
686,Denny,"11155 w north ave, wauwatosa, wi, 53226, us",15.06,12.98,4.56,3.94,6.02,46,272,3.899999999999999,73,9.613676470588233,,1,1,0,0,wi,53226,0,Milwaukee
687,Denny,"4695 s 108th st, greenfield, wi, 53228, us",15.06,12.98,4.56,3.94,6.02,30,178,4.600000000000001,28,9.700898876404494,,1,1,0,0,wi,53228,0,Milwaukee
688,Denny,"8001 w brown deer rd, milwaukee, wi, 53223, us",14.96,13.19,4.56,3.94,6.02,30,178,4.0,57,9.562022471910112,,1,1,0,0,wi,53223,0,Milwaukee
689,Denny,"3801 s 27th street, milwaukee, wi, 53221, us",15.06,12.98,4.56,3.94,6.02,15,91,4.100000000000001,100+,9.558241758241758,,1,1,0,0,wi,53221,0,Milwaukee
690,TGI Fridays,"2871 stonecrest cir, lithonia, ga, 30038, us",17.24,14.02,3.32,3.9,11.72,39,417,3.6000000000000005,19,24.759496402877694,,1,1,0,0,ga,30038,0,DeKalb
691,TGI Fridays,"1881 mount zion rd, morrow, ga, 30260, us",17.24,14.02,3.32,3.9,11.72,39,417,3.7999999999999994,81,24.759496402877694,,1,1,0,0,ga,30260,0,Clayton
692,TGI Fridays,"3670 camp creek parkway, atlanta, ga, 30331, us",17.24,14.02,3.32,3.9,,26,276,4.100000000000001,154,24.85644927536232,,1,1,0,0,ga,30331,0,Fulton
693,TGI Fridays,"3502 e 86th st, indianapolis, in, 46240, us",17.58,14.36,3.21,3.78,11.32,26,276,4.85,18,24.73333333333333,,1,1,0,0,in,46240,0,Marion
694,TGI Fridays,"6915 w 38th st, indianapolis, in, 46214, us",17.81,14.59,3.32,3.78,11.43,26,278,4.600000000000001,20,24.741654676258992,,1,1,0,0,in,46214,0,Marion
695,TGI Fridays,"703 41, schererville, in, 46375, us",17.81,14.59,3.32,3.78,11.43,13,138,3.8999999999999986,16,24.81855072463768,,1,1,0,0,in,46375,0,Lake
696,TGI Fridays,"415 s 4th st, louisville, ky, 40202, us",17.58,14.36,3.21,3.78,11.83,13,142,3.699999999999999,28,24.04535211267606,,1,1,0,0,ky,40202,0,Jefferson
697,TGI Fridays,"1201 manhattan blvd, harvey, la, 70058, us",14.94,11.95,2.86,3.44,11.03,42,330,3.8999999999999986,94,21.504545454545454,,1,1,0,0,la,70058,0,Jefferson
698,TGI Fridays,"15190 crossroads pkwy, gulfport, ms, 39503, us",16.09,12.87,2.86,3.67,10.68,20,165,4.2,22,22.077575757575758,,1,1,0,0,ms,39503,0,Harrison
699,TGI Fridays,"1516 s willow st, manchester, nh, 03103, us",16.43,13.33,3.09,3.78,11.37,12,139,4.1000000000000005,33,24.352949640287772,,1,1,0,0,nh,3103,0,Hillsborough
700,TGI Fridays,"221 loudon road, concord, nh, 03301, us",16.43,13.33,3.09,3.78,11.37,12,139,4.1000000000000005,12,24.35294964028777,,1,1,0,0,nh,3301,0,Merrimack
701,TGI Fridays,"115 hendersonvile rd, asheville, nc, 28803, us",16.66,13.56,3.21,3.78,11.37,12,143,3.8000000000000007,17,24.063706293706293,,1,1,0,0,nc,28803,0,Buncombe
702,TGI Fridays,"1100 timber dr e, garner, nc, 27529, us",16.66,13.56,3.21,3.78,11.37,24,286,4.0,42,24.063706293706293,,1,1,0,0,nc,27529,0,Wake
703,TGI Fridays,"4423 w wendover ave, greensboro, nc, 27407, us",16.66,13.56,3.21,3.78,11.37,26,286,4.399999999999999,19,24.06517482517482,,1,1,0,0,nc,27407,0,Guilford
704,TGI Fridays,"6840 northlake mall drive, charlotte, nc, 28216, us",16.66,13.56,3.21,3.78,11.37,36,417,4.299999999999999,37,24.465971223021583,,1,1,0,0,nc,28216,0,Mecklenburg
705,TGI Fridays,"409 w wt harris blvd, charlotte, nc, 28262, us",16.66,13.56,3.21,3.78,11.37,12,139,4.1000000000000005,31,24.46597122302158,,1,1,0,0,nc,28262,0,Mecklenburg
706,TGI Fridays,"4239 nw expressway st, oklahoma city, ok, 73116, us",16.66,14.02,3.21,3.78,11.37,24,278,3.8000000000000003,29,24.23071942446043,,1,1,0,0,ok,73116,0,Oklahoma
707,TGI Fridays,"2800 oxford dr, bethel park, pa, 15102, us",16.66,13.56,3.21,3.78,11.37,36,417,4.5,38,24.46841726618705,,1,1,0,0,pa,15102,0,Allegheny
708,TGI Fridays,"240 mall blvd, monroeville, pa, 15146, us",16.66,13.56,3.21,3.78,11.37,36,417,4.299999999999999,64,24.465971223021583,,1,1,0,0,pa,15146,0,Allegheny
709,TGI Fridays,"3301 street rd, bensalem, pa, 19020, us",16.43,13.33,3.09,3.78,11.37,88,662,4.100000000000001,55,22.396117824773413,,1,1,0,0,pa,19020,0,Bucks
710,TGI Fridays,"301 rocky run pkwy, wilmington, de, 19803, us",16.66,13.56,3.21,3.78,11.37,26,278,4.0,25,24.459208633093525,,1,1,0,0,de,19803,0,New Castle
711,TGI Fridays,"4000 city ave, philadelphia, pa, 19131, us",16.66,13.56,3.21,3.78,,44,536,4.0,100+,23.634626865671642,,1,1,0,0,pa,19131,0,Philadelphia
712,TGI Fridays,"395 s cedar crest blvd, allentown, pa, 18103, us",16.43,13.33,3.09,3.78,11.37,22,165,4.100000000000001,69,22.611333333333327,,1,1,0,0,pa,18103,0,Lehigh
713,TGI Fridays,"4402 southmont way, bethlehem, pa, 18045, us",16.66,13.56,3.21,3.78,11.37,21,147,4.600000000000001,35,24.577142857142853,,1,1,0,0,pa,18045,0,Northampton
714,TGI Fridays,"10 n west end blvd, quakertown, pa, 18951, us",16.66,13.56,3.21,3.78,11.37,20,144,4.5,20,24.69173611111111,,1,1,0,0,pa,18951,0,Bucks
715,TGI Fridays,"685 middletown blvd, langhorne, pa, 19047, us",16.43,13.33,3.09,3.78,11.37,44,326,4.299999999999999,40,22.57079754601227,,1,1,0,0,pa,19047,0,Bucks
716,TGI Fridays,"1835 n highway 17, mount pleasant, sc, 29464, us",16.66,13.56,3.21,3.78,11.37,22,165,4.2,34,22.71230303030303,,1,1,0,0,sc,29464,0,Charleston
717,TGI Fridays,"1114 woodruff road, greenville, sc, 29607, us",16.43,13.33,3.09,3.78,11.37,22,278,4.100000000000001,19,24.64086330935252,,1,1,0,0,sc,29607,0,Greenville
718,TGI Fridays,"7515 n kings hwy, myrtle beach, sc, 29572, us",16.66,13.56,3.21,3.78,11.37,22,165,4.399999999999999,30,22.71230303030303,,1,1,0,0,sc,29572,0,Horry
719,TGI Fridays,"3202 s highway 17, murrells inlet, sc, 29576, us",16.66,13.56,3.21,3.78,11.37,22,165,4.100000000000001,25,22.71230303030303,,1,1,0,0,sc,29576,0,Horry
720,TGI Fridays,"500 highway 17 north, north myrtle beach, sc, 29582, us",16.66,13.56,3.21,3.78,11.37,22,165,4.5,27,22.71230303030303,,1,1,0,0,sc,29582,0,Horry
721,TGI Fridays,"12811 s tryon st, charlotte, nc, 28273",16.66,13.56,3.21,3.78,11.37,12,139,3.5,26,24.465971223021583,,1,1,0,0,nc,28273,0,Mecklenburg
722,TGI Fridays,"449 opry mills dr, nashville, tn, 37214, us",16.09,12.87,2.86,3.67,10.68,38,282,4.0,26,24.28595744680851,,1,1,0,0,tn,37214,0,Davidson
723,TGI Fridays,"2794 parkway, pigeon forge, tn, 37863, us",16.66,14.02,3.21,3.78,11.37,24,278,3.6999999999999997,19,24.764604316546762,,1,1,0,0,tn,37863,0,Sevier
724,TGI Fridays,"220 coneflower drive, garland, tx, 75040, us",16.09,12.98,2.86,3.44,10.88,53,467,4.5,26,22.08561027837259,,1,1,0,0,tx,75040,0,Dallas
725,TGI Fridays,"4951 belt line rd, dallas, tx, 75001, us",16.09,12.98,2.86,3.44,10.88,69,642,4.100000000000001,51,21.696043613707165,,1,1,0,0,tx,75001,0,Dallas
726,TGI Fridays,"3700 towne crossing blvd, mesquite, tx, 75150, us",16.09,12.98,2.86,3.44,10.88,69,642,3.8,21,21.703208722741433,,1,1,0,0,tx,75150,0,Dallas
727,TGI Fridays,"311 north clark road, cedar hill, tx, 75104, us",16.09,12.98,2.86,3.44,10.88,53,483,4.0,24,21.74737060041408,,1,1,0,0,tx,75104,0,Dallas
728,TGI Fridays,"7728 fm 1960 rd w, houston, tx, 77070, us",16.09,12.98,2.86,3.44,10.88,79,648,3.8000000000000003,56,21.93337962962963,,1,1,0,0,tx,77070,0,Harris
729,TGI Fridays,"20430 highway 59 n, humble, tx, 77338",16.09,12.98,2.86,3.44,10.88,68,637,4.3,56,21.763783359497644,,1,1,0,0,tx,77338,0,Harris
730,TGI Fridays,"2502 e springs dr, madison, wi, 53704, us",17.81,14.59,3.32,3.78,11.43,13,139,4.1000000000000005,15,24.741654676258992,,1,1,0,0,wi,53704,0,Dane
731,Applebee,"2409 south mckenzie street, foley, al, 36535, us",15.69,14.99,4.99,2.49,3.19,6,113,4.0,800+,22.329823008849562,,2,1,0,0,al,36535,0,Baldwin
732,Applebee,"2246 bessemer road, birmingham, al, 35208, us",13.79,12.69,2.89,3.49,2.29,11,108,4.100000000000001,1,18.090925925925923,,2,1,0,0,al,35208,0,Jefferson
733,Applebee,"1250 boots blvd., fultondale, al, 35068, us",13.79,12.69,2.89,3.49,2.29,11,106,4.299999999999999,370+,18.089999999999996,,2,1,0,0,al,35068,0,Jefferson
734,Applebee,"2933 john hawkins pkwy, hoover, al, 35244, us",13.79,12.69,2.89,3.49,2.29,11,109,4.299999999999999,500+,18.035871559633023,,2,1,0,0,al,35244,0,Shelby
735,Applebee,"1600 huffman road, center point, al, 35215, us",13.79,12.69,2.89,3.49,2.29,11,108,3.899999999999998,450+,18.106666666666662,,2,1,0,0,al,35215,0,Jefferson
736,Applebee,"3028 south memorial parkway, huntsville, al, 35801, us",13.79,12.69,2.89,3.49,2.29,9,108,4.299999999999999,500+,18.202037037037037,,2,1,0,0,al,35801,0,Madison
737,Applebee,"3150 memorial pkwy nw, huntsville, al, 35810, us",13.79,12.69,2.89,3.49,2.29,10,106,4.299999999999999,800+,18.322075471698113,,2,1,0,0,al,35810,0,Madison
738,Applebee,"302 hughes road, madison, al, 35758, us",13.79,12.69,2.89,3.49,2.29,9,107,4.5,800+,18.2918691588785,,2,1,0,0,al,35758,0,Madison
739,Applebee,"1331 highway 72 east, athens, al, 35611, us",13.79,12.69,2.89,3.49,2.29,11,109,4.5,87,18.03036697247706,,2,1,0,0,al,35611,0,Limestone
740,Applebee,"11120 abercorn st, savannah, ga, 31419, us",15.99,14.79,5.39,2.49,2.49,5,117,4.200000000000001,1,20.44470085470085,,2,1,0,0,ga,31419,0,Chatham
741,Applebee,"160 tanger outlets pkwy., pooler, ga, 31322, us",15.99,14.79,5.39,2.49,2.49,4,116,4.299999999999999,1,20.777931034482755,,2,1,0,0,ga,31322,0,Chatham
742,Applebee,"587 al henderson blvd., savannah, ga, 31419, us",15.99,14.79,5.39,2.49,2.49,5,118,4.399999999999999,1,20.478983050847457,,2,1,0,0,ga,31419,0,Chatham
743,Applebee,"475 franklin rd., marietta, ga, 30067, us",15.69,14.99,3.79,2.49,3.19,10,194,4.200000000000001,1,16.22298969072165,,2,1,0,0,ga,30067,0,Cobb
744,Applebee,"2728 spring rd. se, atlanta, ga, 30339, us",15.69,14.99,3.79,,3.19,24,315,4.0,2,18.423333333333336,,2,1,0,0,ga,30339,0,Cobb
745,Applebee,"901 ridgewalk parkway, woodstock, ga, 30188, us",15.69,14.99,3.79,2.49,3.19,8,110,4.399999999999998,1,19.823636363636354,,2,1,0,0,ga,30188,0,Cherokee
746,Applebee,"2095 pleasant hill rd, duluth, ga, 30096, us",15.69,14.99,3.79,2.49,3.19,16,220,4.100000000000001,1,19.823636363636357,,2,1,0,0,ga,30096,0,Gwinnett
747,Applebee,"504 lakeland plaza, cumming, ga, 30040, us",15.69,14.99,3.79,2.49,3.19,8,110,4.399999999999998,1,19.823636363636354,,2,1,0,0,ga,30040,0,Forsyth
748,Applebee,"3690 cascade rd., atlanta, ga, 30331, us",15.69,14.99,3.79,2.49,3.19,8,108,4.100000000000001,4,18.923333333333332,,2,1,0,0,ga,30331,0,Fulton
749,Applebee,"550 thornton rd., lithia springs, ga, 30122, us",15.69,14.99,3.79,2.49,3.19,7,106,4.0,2,19.768301886792454,,2,1,0,0,ga,30122,0,Douglas
750,Applebee,"6915 douglas blvd., douglasville, ga, 30135, us",15.69,14.99,3.79,2.49,3.19,7,107,4.0,1,20.18626168224299,,2,1,0,0,ga,30135,0,Douglas
751,Applebee,"6727 tara blvd., jonesboro, ga, 30236, us",15.69,14.99,3.79,,3.19,7,100,4.0,2,20.903999999999996,,2,1,0,0,ga,30236,0,Clayton
752,Applebee,"5200 hwy 78, stone mountain, ga, 30087, us",15.69,14.99,3.79,2.49,3.19,6,105,4.200000000000001,1,20.549047619047617,,2,1,0,0,ga,30087,0,DeKalb
753,Applebee,"4705 memorial dr., decatur, ga, 30032, us",15.69,14.99,3.79,2.49,3.19,7,108,4.200000000000001,4,19.352962962962962,,2,1,0,0,ga,30032,0,DeKalb
754,Applebee,"1925 scenic hwy, snellville, ga, 30078, us",15.69,14.99,3.79,2.49,3.19,8,104,4.200000000000001,1,20.202500000000004,,2,1,0,0,ga,30078,0,Gwinnett
755,Applebee,"8310 east 96th street, fishers, in, 46037, us",16.29,14.99,4.99,2.49,2.89,6,119,4.399999999999999,360+,20.654705882352932,,2,1,0,0,in,46037,0,Hamilton
756,Applebee,"330 ridge road, munster, in, 46321, us",15.69,14.99,4.99,2.49,3.19,6,113,4.0,600+,22.329823008849562,,2,1,0,0,in,46321,0,Lake
757,Applebee,"5664 crawfordsville road, speedway, in, 46224, us",16.29,14.99,4.49,2.49,2.49,6,118,4.0,1,20.65610169491525,,2,1,0,0,in,46224,0,Marion
758,Applebee,"7345 e. washington street, indianapolis, in, 46219, us",16.29,14.99,4.49,2.49,2.49,6,120,4.200000000000001,1,20.401666666666664,,2,1,0,0,in,46219,0,Marion
759,Applebee,"1436 west 86th street, indianapolis, in, 46260, us",16.29,14.99,4.49,2.49,2.49,7,120,4.3999999999999995,900+,20.426666666666666,,2,1,0,0,in,46260,0,Marion
760,Applebee,"9883 east u.s. 36, avon, in, 46123, us",16.29,14.99,4.49,2.49,2.49,7,118,4.200000000000001,410+,20.065423728813553,,2,1,0,0,in,46123,0,Hendricks
761,Applebee,"10655 pendleton pike, indianapolis, in, 46235, us",16.29,14.99,4.49,2.49,2.49,7,120,4.0,900+,20.42666666666667,,2,1,0,0,in,46235,0,Marion
762,Applebee,"2659 e. main street, plainfield, in, 46168, us",16.29,14.99,4.49,2.49,2.49,6,116,4.200000000000001,350+,20.75551724137931,,2,1,0,0,in,46168,0,Hendricks
763,Applebee,"6301 s e 14th street, des moines, ia, 50320, us",15.0,15.0,5.0,2.5,3.15,13,121,4.299999999999999,600+,21.330165289256197,,2,1,0,0,ia,50320,0,Polk
764,Applebee,"3900 merle hay road, des moines, ia, 50310, us",15.0,15.0,5.0,2.5,3.15,12,119,4.399999999999999,1,22.91848739495798,,2,1,0,0,ia,50310,0,Polk
765,Applebee,"6190 mills civic parkway, w. des moines, ia, 50266, us",15.0,15.0,5.0,2.5,3.15,13,121,4.5,500+,22.60165289256198,,2,1,0,0,ia,50266,0,Dallas
766,Applebee,"1001 e. first street, ankeny, ia, 50021, us",15.0,15.0,5.0,2.5,3.15,13,121,4.6000000000000005,460+,22.601652892561987,,2,1,0,0,ia,50021,0,Polk
767,Applebee,"320 s ridge road, wichita, ks, 67209, us",15.0,14.5,5.0,2.5,2.5,13,121,4.100000000000001,600+,22.39380165289256,,2,1,0,0,ks,67209,0,Sedgwick
768,Applebee,"4760 s broadway, wichita, ks, 67216, us",15.0,14.5,5.0,2.5,2.5,14,120,4.3999999999999995,800+,22.413749999999997,,2,1,0,0,ks,67216,0,Sedgwick
769,Applebee,"3025 north rock road, wichita, ks, 67226, us",15.0,14.5,5.0,2.5,2.5,13,116,4.399999999999999,180+,22.856896551724134,,2,1,0,0,ks,67226,0,Sedgwick
770,Applebee,"996 e. connelly court, park city, ks, 67219, us",15.0,14.5,5.0,2.5,2.5,13,121,4.100000000000001,160+,22.39380165289256,,2,1,0,0,ks,67219,0,Sedgwick
771,Applebee,"1245 n. rock road, derby, ks, 67037, us",15.0,14.5,5.0,2.5,2.5,13,119,4.399999999999999,240+,22.62310924369748,,2,1,0,0,ks,67037,0,Sedgwick
772,Applebee,"436 s., andover, ks, 67002, us",15.0,14.5,5.0,2.5,2.5,13,119,4.600000000000001,76,22.564285714285717,,2,1,0,0,ks,67002,0,Butler
773,Applebee,"1761 sharkey way, lexington, ky, 40511, us",15.69,14.99,,2.49,3.19,4,109,4.399999999999998,900+,23.005596330275235,,2,1,0,0,ky,40511,0,Fayette
774,Applebee,"113 n. plaza drive, nicholasville, ky, 40356, us",15.69,14.99,4.99,2.49,3.19,6,112,4.200000000000001,210+,21.430178571428574,,2,1,0,0,ky,40356,0,Jessamine
775,Applebee,"1500 oxford drive, georgetown, ky, 40324, us",15.69,14.99,4.99,2.49,3.19,6,112,4.799999999999999,230+,21.903392857142855,,2,1,0,0,ky,40324,0,Scott
776,Applebee,"1525 w lexington avenue, winchester, ky, 40391, us",15.69,14.99,4.99,2.49,3.19,5,109,3.3,27,21.190000000000005,,2,1,0,0,ky,40391,0,Clark
777,Applebee,"690 n. maysville road, mt. sterling, ky, 40353, us",15.69,14.99,4.99,2.49,3.19,6,112,4.0,60,22.24892857142857,,2,1,0,0,ky,40353,0,Montgomery
778,Applebee,"greentree mall, clarksville, in, 47129, us",14.19,12.99,2.39,3.59,2.39,12,113,4.100000000000001,330+,21.3475221238938,,2,1,0,0,in,47129,0,Clark
779,Applebee,"4717 dixie highway, louisville, ky, 40216, us",14.19,12.99,2.39,3.59,2.39,10,114,4.0,600+,20.811929824561403,,2,1,0,0,ky,40216,0,Jefferson
780,Applebee,"4535 outer loop, louisville, ky, 40219, us",14.19,12.99,2.39,3.59,2.39,9,113,4.299999999999999,310+,20.46787610619469,,2,1,0,0,ky,40219,0,Jefferson
781,Applebee,"10006 will way, louisville, ky, 40291, us",14.19,12.99,2.39,3.59,2.39,9,116,4.600000000000001,170+,19.68655172413792,,2,1,0,0,ky,40291,0,Jefferson
782,Applebee,"9702 airline hwy, baton rouge, la, 70809, us",14.79,13.49,2.99,2.39,2.99,5,119,4.3,1,20.4135294117647,,2,1,0,0,la,70809,0,East Baton Rouge
783,Applebee,"1220 s clearview pkwy ste 1172, harahan, la, 70123, us",14.79,13.49,2.99,2.39,2.99,10,240,4.299999999999999,1,20.611666666666665,,2,1,0,0,la,70123,0,Jefferson
784,Applebee,"3701 veterans memorial blvd, metairie, la, 70002, us",14.79,13.49,2.99,2.39,2.99,10,238,4.200000000000003,1,20.716050420168067,,2,1,0,0,la,70002,0,Jefferson
785,Applebee,"1000 west esplanada avenue, kenner, la, 70065, us",14.79,13.49,2.99,2.39,2.99,10,234,4.5,1,20.166068376068374,,2,1,0,0,la,70065,0,Jefferson
786,Applebee,"4005 general degaulle, new orleans, la, 70114, us",14.79,13.49,2.99,2.39,2.99,10,236,4.200000000000002,1,20.794237288135594,,2,1,0,0,la,70114,0,Orleans
787,Applebee,"5630 johnston street, lafayette, la, 70503, us",14.79,13.49,2.99,2.39,2.99,5,118,4.200000000000001,250+,20.839152542372876,,2,1,0,0,la,70503,0,Lafayette
788,Applebee,"850 e i 10 service rd, slidell, la, 70461, us",14.79,13.49,2.99,2.39,2.99,5,119,4.399999999999999,600+,20.716050420168063,,2,1,0,0,la,70461,0,St. Tammany
789,Applebee,"9319 hwy 49, gulfport, ms, 39503, us",13.79,12.69,2.89,3.49,2.29,12,113,4.299999999999999,500+,18.95371681415929,,2,1,0,0,ms,39503,0,Harrison
790,Applebee,"581 2nd st, manchester, nh, 03102, us",16.69,15.79,5.79,2.49,2.49,9,114,4.399999999999999,1,21.411929824561405,,2,1,0,0,nh,3102,0,Hillsborough
791,Applebee,"1464 woodbury ave, portsmouth, nh, 03801, us",16.69,15.79,5.79,2.49,2.49,10,119,4.399999999999999,800+,21.794201680672263,,2,1,0,0,nh,3801,0,Rockingham
792,Applebee,"indian brook dr, dover, nh, 03820, us",16.69,15.79,5.79,2.49,2.49,10,127,4.299999999999996,700+,24.908897637795267,,2,1,0,0,nh,3820,0,Strafford
793,Applebee,"279 smokey park hwy., asheville, nc, 28806, us",15.0,13.75,5.0,2.5,3.15,9,120,4.200000000000001,1,22.61375,,2,1,0,0,nc,28806,0,Buncombe
794,Applebee,"1961 skibo rd., fayetteville, nc, 28314, us",15.0,13.75,5.0,2.5,3.15,10,121,4.200000000000001,1,22.468181818181815,,2,1,0,0,nc,28314,0,Cumberland
795,Applebee,"5225 ramsey st, fayetteville, nc, 28311, us",15.0,13.75,5.0,2.5,3.15,10,120,4.3999999999999995,1,22.509583333333335,,2,1,0,0,nc,28311,0,Cumberland
796,Applebee,"7810 good middling dr., fayetteville, nc, 28304, us",15.0,13.75,5.0,2.5,3.15,10,123,4.200000000000002,1,22.38333333333333,,2,1,0,0,nc,28304,0,Cumberland
797,Applebee,"1990 griffith rd., winston-salem, nc, 27103, us",15.0,13.75,5.0,2.5,3.15,10,120,4.3999999999999995,800+,22.63458333333333,,2,1,0,0,nc,27103,0,Forsyth
798,Applebee,"3200 battleground ave., greensboro, nc, 27408, us",15.0,13.75,5.0,2.5,3.15,10,120,4.299999999999999,1,22.57208333333333,,2,1,0,0,nc,27408,0,Guilford
799,Applebee,"8700 jw clay blvd., charlotte, nc, 28262, us",15.0,13.75,5.0,2.5,3.15,18,238,4.100000000000001,1,22.782773109243696,,2,1,0,0,nc,28262,0,Mecklenburg
800,Applebee,"9616 e. independence blvd., matthews, nc, 28105, us",15.0,13.75,5.0,2.5,3.15,20,240,4.299999999999999,1,22.57208333333333,,2,1,0,0,nc,28105,0,Mecklenburg
801,Applebee,"10921 carolina pl. pkwy., pineville, nc, 28134, us",15.0,13.75,5.0,2.5,3.15,20,240,4.1000000000000005,700+,22.07625,,2,1,0,0,nc,28134,0,Mecklenburg
802,Applebee,"2227 dave lyle blvd, rock hill, sc, 29730, us",15.0,13.75,5.0,2.5,3.15,20,238,4.100000000000001,390+,22.618907563025207,,2,1,0,0,sc,29730,0,York
803,Applebee,"137 norman station blvd., mooresville, nc, 28117, us",15.0,13.75,5.0,2.5,3.15,10,121,4.100000000000001,500+,22.46818181818182,,2,1,0,0,nc,28117,0,Iredell
804,Applebee,"1240, concord, nc, 28025, us",15.0,13.75,5.0,2.5,3.15,10,118,4.299999999999999,900+,22.66016949152542,,2,1,0,0,nc,28025,0,Cabarrus
805,Applebee,"1113 newpointe boulevard, leland, nc, 28451, us",15.0,13.75,5.0,2.5,3.15,10,112,4.299999999999999,500+,23.177678571428572,,2,1,0,0,nc,28451,0,Brunswick
806,Applebee,"7831 target cir, raleigh, nc, 27616, us",15.0,13.75,5.0,2.5,3.15,9,119,4.100000000000002,700+,22.265126050420164,,2,1,0,0,nc,27616,0,Wake
807,Applebee,"6609, knightdale, nc, 27545, us",15.0,13.75,5.0,2.5,3.15,9,120,4.299999999999999,1,22.613749999999996,,2,1,0,0,nc,27545,0,Wake
808,Applebee,"1480 n main st, fuquay-varina, nc, 27526, us",15.0,13.75,5.0,2.5,3.15,10,109,4.299999999999999,700+,13.983944954128443,,2,1,0,0,nc,27526,0,Harnett
809,Applebee,"2401 s i 35 service rd, moore, ok, 73160, us",14.19,12.99,2.39,3.59,2.39,11,113,4.6000000000000005,250+,20.15283185840708,,2,1,0,0,ok,73160,0,Cleveland
810,Applebee,"6020 sw 3rd street, oklahoma city, ok, 73128, us",14.19,12.99,2.39,3.59,2.39,11,114,4.299999999999999,260+,20.04877192982456,,2,1,0,0,ok,73128,0,Oklahoma
811,Applebee,"11104 e 41st street, tulsa, ok, 74146, us",14.19,12.99,2.39,3.59,2.39,11,114,3.7999999999999994,200+,20.04877192982456,,2,1,0,0,ok,74146,0,Tulsa
812,Applebee,"2101 greentree rd, pittsburgh, pa, 15220, us",16.29,14.99,4.99,2.49,2.49,14,238,4.399999999999999,1,19.57151260504202,,2,1,0,0,pa,15220,0,Allegheny
813,Applebee,"1601 south braddock avenue, pittsburgh, pa, 15218, us",16.29,14.99,4.99,2.49,2.49,7,120,4.200000000000001,2,20.3875,,2,1,0,0,pa,15218,0,Allegheny
814,Applebee,"4801 mcknight road, pittsburgh, pa, 15237, us",16.29,14.99,4.99,2.49,2.49,7,121,4.399999999999999,1,20.239586776859504,,2,1,0,0,pa,15237,0,Allegheny
815,Applebee,"2045 lebanon church rd, pittsburgh, pa, 15236, us",16.29,14.99,4.99,2.49,2.49,7,117,4.200000000000001,2,19.606239316239314,,2,1,0,0,pa,15236,0,Allegheny
816,Applebee,"6570 steubenville pike # rt.60, pittsburgh, pa, 15205, us",16.29,14.99,4.99,2.49,2.49,6,119,4.5,1,20.460588235294114,,2,1,0,0,pa,15205,0,Allegheny
817,Applebee,"3440 william penn highway, pittsburgh, pa, 15235, us",16.29,14.99,4.99,2.49,2.49,12,226,4.299999999999999,1,20.14398230088495,,2,1,0,0,pa,15235,0,Allegheny
818,Applebee,"1905 ridgewood road, wyomissing, pa, 19610, us",15.59,15.59,6.39,2.99,3.59,8,116,4.5,1,19.165862068965513,,2,1,0,0,pa,19610,0,Berks
819,Applebee,"3050 n. 5th street highway, reading, pa, 19605, us",15.59,15.59,6.39,2.99,3.59,7,113,4.399999999999999,700+,19.153716814159292,,2,1,0,0,pa,19605,0,Berks
820,Applebee,"5600 perkiomen ave., reading, pa, 19606, us",15.59,15.59,6.39,2.99,3.59,6,114,4.6000000000000005,270+,18.65929824561403,,2,1,0,0,pa,19606,0,Berks
821,Applebee,"3219 st rd, bensalem, pa, 19020, us",15.59,15.59,6.39,2.99,3.59,7,117,4.399999999999999,1,19.14982905982905,,2,1,0,0,pa,19020,0,Bucks
822,Applebee,"2 west road, newtown, pa, 18940, us",15.59,15.59,6.39,2.99,3.59,7,117,4.700000000000003,330+,19.14982905982905,,2,1,0,0,pa,18940,0,Bucks
823,Applebee,"1063 east street road, upper southampton, pa, 18966, us",15.59,15.59,6.39,2.99,3.59,7,117,4.600000000000001,700+,19.149829059829052,,2,1,0,0,pa,18966,0,Bucks
824,Applebee,"9142 roosevelt blvd., philadelphia, pa, 19115, us",15.59,15.59,6.39,2.99,3.59,7,117,4.299999999999999,3,19.149829059829052,,2,1,0,0,pa,19115,0,Philadelphia
825,Applebee,"323 old york rd, jenkintown, pa, 19046, us",15.59,15.59,6.39,2.99,3.59,6,114,4.299999999999999,2,19.5119298245614,,2,1,0,0,pa,19046,0,Montgomery
826,Applebee,"2535, castor, pa, 19134, us",15.59,15.59,6.39,2.99,3.59,7,117,4.299999999999999,5,19.14982905982905,,2,1,0,0,pa,19134,0,Philadelphia
827,Applebee,"320 macdade blvd., ridley, pa, 19033, us",15.59,15.59,6.39,2.99,3.59,7,117,4.399999999999999,3,19.149829059829052,,2,1,0,0,pa,19033,0,Delaware
828,Applebee,"4301 pennell road, aston, pa, 19014, us",15.59,15.59,6.39,2.99,3.59,7,117,4.299999999999999,1,19.14982905982905,,2,1,0,0,pa,19014,0,Delaware
829,Applebee,"1305 west chester pike, havertown, pa, 19083, us",15.59,15.59,6.39,2.99,3.59,7,117,4.399999999999999,1,19.149829059829052,,2,1,0,0,pa,19083,0,Delaware
830,Applebee,"1600 rocky run pkwy., wilmington, de, 19803, us",16.99,16.69,6.29,2.49,3.29,8,125,4.200000000000003,170+,26.185200000000002,,2,1,0,0,de,19803,0,New Castle
831,Applebee,"7650 city ave, city line, pa, 19151, us",15.59,15.59,6.39,2.99,3.59,7,116,4.299999999999999,2,18.746034482758613,,2,1,0,0,pa,19151,0,Philadelphia
832,Applebee,"1308 w girard ave, philadelphia, pa, 19123, us",15.59,15.59,,,,1,60,4.199999999999999,2,20.588333333333335,,2,1,0,0,pa,19123,0,Philadelphia
833,Applebee,"2321 lincoln highway east, lancaster, pa, 17602, us",14.69,13.39,5.19,1.19,2.89,10,107,4.299999999999999,350+,18.755420560747666,,2,1,0,0,pa,17602,0,Lancaster
834,Applebee,"2109motel drive, bethlehem, pa, 18018, us",15.59,15.59,6.39,2.99,3.59,7,117,4.5,1,19.149829059829052,,2,1,0,0,pa,18018,0,Lehigh
835,Applebee,"1510 n cedar crest blvd, allentown, pa, 18104, us",15.59,15.59,6.39,2.99,3.59,7,117,4.299999999999999,1,19.149829059829052,,2,1,0,0,pa,18104,0,Lehigh
836,Applebee,"7150 hamilton blvd., trexlertown, pa, 18087, us",15.59,15.59,6.39,2.99,3.59,6,113,4.5,500+,18.89353982300885,,2,1,0,0,pa,18087,0,Lehigh
837,Applebee,"3730, nazareth pike, pa, 18020, us",15.59,15.59,6.39,2.99,3.59,7,117,4.5,700+,19.149829059829052,,2,1,0,0,pa,18020,0,Northampton
838,Applebee,"3702, easton, pa, 18045, us",15.59,15.59,6.39,2.99,3.59,6,116,4.5,800+,18.896034482758612,,2,1,0,0,pa,18045,0,Northampton
839,Applebee,"2710 dekalb pike, east norriton, pa, 19401, us",15.59,15.59,6.39,2.99,3.59,7,117,4.5,1,19.14982905982905,,2,1,0,0,pa,19401,0,Montgomery
840,Applebee,"4920 william penn hwy, murrysville, pa, 15632, us",16.29,14.99,4.99,2.49,2.49,7,121,4.399999999999999,320+,20.239586776859504,,2,1,0,0,pa,15632,0,Westmoreland
841,Applebee,"977 magill dr, north huntingdon, pa, 15642, us",16.29,14.99,4.99,2.49,2.49,7,120,4.5,230+,20.3875,,2,1,0,0,pa,15642,0,Westmoreland
842,Applebee,"1050 village center drive, tarentum, pa, 15084, us",16.29,14.99,4.99,2.49,2.49,7,120,4.5,440+,20.331666666666667,,2,1,0,0,pa,15084,0,Allegheny
843,Applebee,"5290 state route 30, greensburg, pa, 15601, us",16.29,14.99,4.99,2.49,2.49,7,121,4.399999999999999,320+,20.239586776859507,,2,1,0,0,pa,15601,0,Westmoreland
844,Applebee,"101 northern way, york, pa, 17402, us",14.69,13.39,5.19,1.19,2.89,10,108,4.0,600+,18.865925925925925,,2,1,0,0,pa,17402,0,York
845,Applebee,"88 old trolley rd, summerville, sc, 29485, us",15.0,13.75,5.0,2.5,3.15,10,120,4.200000000000001,2,22.534583333333334,,2,1,0,0,sc,29485,0,Dorchester
846,Applebee,"6200 white horse rd, greenville, sc, 29611, us",15.0,13.75,5.0,2.5,3.15,10,122,4.100000000000001,600+,22.413114754098363,,2,1,0,0,sc,29611,0,Greenville
847,Applebee,"1647 church st., conway, sc, 29526, us",15.0,13.75,5.0,2.5,3.15,9,116,3.899999999999998,900+,23.226293103448278,,2,1,0,0,sc,29526,0,Horry
848,Applebee,"605 columbia ave, lexington, sc, 29072, us",15.0,13.75,5.0,2.5,3.15,20,242,4.200000000000001,700+,22.46818181818182,,2,1,0,0,sc,29072,0,Lexington
849,Applebee,"4505 devine st, columbia, sc, 29205, us",15.0,13.75,5.0,2.5,3.15,9,117,3.899999999999998,1,22.738461538461536,,2,1,0,0,sc,29205,0,Richland
850,Applebee,"2815 augusta rd., west columbia, sc, 29170, us",15.0,13.75,5.0,2.5,3.15,10,120,4.299999999999999,1,22.682499999999997,,2,1,0,0,sc,29170,0,Lexington
851,Applebee,"5185 fernandina rd, columbia, sc, 29212, us",15.0,13.75,5.0,2.5,3.15,10,121,4.200000000000001,700+,22.46818181818182,,2,1,0,0,sc,29212,0,Lexington
852,Applebee,"704 w. wade hampton blvd., greer, sc, 29651, us",15.0,13.75,5.0,2.5,3.15,10,121,4.100000000000001,900+,21.90743801652893,,2,1,0,0,sc,29651,0,Greenville
853,Applebee,"1268 highway 9 bypass, lancaster, sc, 29720, us",15.0,13.75,5.0,2.5,3.15,10,118,4.5,33,22.715254237288132,,2,1,0,0,sc,29720,0,Lancaster
854,Applebee,"718 thompson lane, nashville, tn, 37204, us",15.0,14.5,5.0,2.5,2.5,26,242,4.299999999999999,2,22.4,,2,1,0,0,tn,37204,0,Davidson
855,Applebee,"5606 brainerd road, chattanooga, tn, 37411, us",13.79,12.69,2.89,3.49,2.29,12,113,4.299999999999999,500+,18.92893805309734,,2,1,0,0,tn,37411,0,Hamilton
856,Applebee,"5595 hwy 153, hixson, tn, 37343, us",13.79,12.69,2.89,3.49,2.29,12,114,4.5,230+,19.343508771929823,,2,1,0,0,tn,37343,0,Hamilton
857,Applebee,"2219 battlefield pkwy, ft. oglethorpe, ga, 30742, us",13.79,12.69,2.89,3.49,2.29,12,114,4.5,430+,19.343508771929823,,2,1,0,0,ga,30742,0,Catoosa
858,Applebee,"5316 central avenue pike, knoxville, tn, 37912, us",13.79,12.69,2.89,3.49,2.29,11,108,4.399999999999999,1,19.224259259259252,,2,1,0,0,tn,37912,0,Knox
859,Applebee,"207 collier drive, sevierville, tn, 37862, us",13.79,12.69,2.89,3.49,2.29,12,111,4.3,500+,19.53864864864865,,2,1,0,0,tn,37862,0,Sevier
860,Applebee,"2912, knoxville, tn, 37924, us",13.79,12.69,2.89,3.49,2.29,10,112,4.3999999999999995,900+,19.611428571428572,,2,1,0,0,tn,37924,0,Knox
861,Applebee,"2564, alcoa, tn, 37701, us",13.79,12.69,2.89,3.49,2.29,12,114,4.299999999999999,700+,19.34350877192982,,2,1,0,0,tn,37701,0,Blount
862,Applebee,"2114 union ave, memphis, tn, 38104, us",16.79,16.19,3.59,2.39,3.59,5,112,3.7999999999999994,2,17.103392857142858,,2,1,0,0,tn,38104,0,Shelby
863,Applebee,"208 west service road, west memphis, ar, 72301, us",16.79,16.19,3.59,2.39,3.59,5,114,3.7000000000000006,190+,17.617192982456142,,2,1,0,0,ar,72301,0,Crittenden
864,Applebee,"2890 bartlett blvd, memphis, tn, 38134, us",16.79,16.19,3.59,2.39,3.59,5,112,4.1000000000000005,1,16.423035714285714,,2,1,0,0,tn,38134,0,Shelby
865,Applebee,"710 desoto cove, horn lake, ms, 38637, us",16.79,16.19,3.59,2.39,3.59,5,111,4.0,900+,16.154864864864866,,2,1,0,0,ms,38637,0,DeSoto
866,Applebee,"3895 hacks cross rd, memphis, tn, 38125, us",16.79,16.19,3.59,2.39,3.59,4,106,3.8999999999999986,900+,17.23433962264151,,2,1,0,0,tn,38125,0,Shelby
867,Applebee,"7515 goodman road, olive branch, ms, 38654, us",16.79,16.19,3.59,2.39,3.59,6,115,4.0,700+,17.105652173913043,,2,1,0,0,ms,38654,0,DeSoto
868,Applebee,"2700 east central texas exp., killeen, tx, 76543, us",17.49,16.29,3.79,2.49,3.19,6,114,4.200000000000001,2,21.351403508771934,,2,1,0,0,tx,76543,0,Bell
869,Applebee,"2525 e. highway 190, copperas cove, tx, 76522, us",17.49,16.29,3.79,2.49,3.19,7,115,4.399999999999999,1,21.53521739130435,,2,1,0,0,tx,76522,0,Coryell
870,Applebee,"1511 s.w. military drive, san antonio, tx, 78221, us",16.29,14.99,3.79,2.49,3.19,7,108,4.200000000000001,800+,19.50388888888888,,2,1,0,0,tx,78221,0,Bexar
871,Applebee,"97 loop 410 ne., san antonio, tx, 78216, us",16.29,14.99,3.79,2.49,3.19,7,106,4.399999999999999,1,19.840943396226415,,2,1,0,0,tx,78216,0,Bexar
872,Applebee,"7880 ih 35 north, san antonio, tx, 78218, us",16.29,14.99,3.79,2.49,3.19,14,216,4.299999999999999,1,19.977962962962962,,2,1,0,0,tx,78218,0,Bexar
873,Applebee,"w ih 10, san antonio, tx, 78249, us",16.29,14.99,3.79,2.49,3.19,6,107,4.399999999999999,700+,20.111495327102798,,2,1,0,0,tx,78249,0,Bexar
874,Applebee,"11605 w. 1604 n, san antonio, tx, 78023, us",16.29,14.99,3.79,2.49,3.19,6,99,4.200000000000001,700+,15.21121212121212,,2,1,0,0,tx,78023,0,Bexar
875,Applebee,"5103 fairmont parkway, pasadena, tx, 77505, us",17.49,16.29,3.79,2.49,3.19,28,468,4.399999999999999,600+,21.46606837606838,,2,1,0,0,tx,77505,0,Harris
876,Applebee,"5911 sam, houston, tx, 77049, us",17.49,16.29,3.79,2.49,3.19,24,460,4.299999999999998,800+,21.69260869565218,,2,1,0,0,tx,77049,0,Harris
877,Applebee,"12740 southwest freeway, stafford, tx, 77477, us",17.49,16.29,3.79,2.49,3.19,18,345,4.100000000000001,1,21.692608695652172,,2,1,0,0,tx,77477,0,Fort Bend
878,Applebee,"2959 n loop w fwy, houston, tx, 77008, us",17.49,16.29,3.79,2.49,3.19,21,351,4.200000000000001,1,21.466068376068378,,2,1,0,0,tx,77008,0,Harris
879,Applebee,"4385 frontage road, brownsville, tx, 78520, us",15.69,14.99,4.99,2.49,3.19,6,113,4.100000000000001,73,22.329823008849562,,2,1,0,0,tx,78520,0,Cameron
880,Applebee,"125 north plano road, richardson, tx, 75081, us",17.49,16.29,3.79,2.49,3.19,12,232,4.399999999999999,1,21.608103448275862,,2,1,0,0,tx,75081,0,Dallas
881,Applebee,"3565 frankford road, dallas, tx, 75287, us",17.49,16.29,3.79,2.49,3.19,7,114,4.299999999999999,1,20.616315789473685,,2,1,0,0,tx,75287,0,Collin
882,Applebee,"4616 lakeview parkway, rowlett, tx, 75088, us",17.49,16.29,3.79,2.49,3.19,6,116,4.5,900+,21.608103448275862,,2,1,0,0,tx,75088,0,Dallas
883,Applebee,"6464 e. northwest highway, dallas, tx, 75214, us",17.49,16.29,3.79,2.49,3.19,21,351,4.299999999999999,1,21.466068376068378,,2,1,0,0,tx,75214,0,Dallas
884,Applebee,"1820 w university drive, mckinney, tx, 75069, us",17.49,16.29,3.79,2.49,3.19,7,117,4.399999999999999,1,21.466068376068375,,2,1,0,0,tx,75069,0,Collin
885,Applebee,"2672 fm 423, little elm, tx, 75068, us",17.49,16.29,3.79,2.49,3.19,6,113,4.5,2,21.9829203539823,,2,1,0,0,tx,75068,0,Denton
886,Applebee,"3426 w illinois ave, dallas, tx, 75211, us",17.49,16.29,3.79,2.49,3.19,21,351,4.299999999999999,1,21.466068376068378,,2,1,0,0,tx,75211,0,Dallas
887,Applebee,"19035 i-635, mesquite, tx, 75150, us",17.49,16.29,3.79,2.49,3.19,7,117,4.200000000000001,1,21.466068376068375,,2,1,0,0,tx,75150,0,Dallas
888,Applebee,"810 south cockrell hill road, duncanville, tx, 75137, us",17.49,16.29,3.79,2.49,3.19,14,234,4.0,1,21.466068376068375,,2,1,0,0,tx,75137,0,Dallas
889,Applebee,"1901 north beltline road, irving, tx, 75061, us",17.49,16.29,3.79,2.49,3.19,21,348,4.299999999999999,2,21.62965517241379,,2,1,0,0,tx,75061,0,Dallas
890,Applebee,"2415 w interstate 20, grand prairie, tx, 75052, us",17.49,16.29,3.79,2.49,3.19,14,230,4.200000000000001,1,21.65173913043478,,2,1,0,0,tx,75052,0,Dallas
891,Applebee,"2251, grapevine, tx, 76051, us",17.49,16.29,3.79,2.49,3.19,7,117,4.200000000000001,700+,21.466068376068375,,2,1,0,0,tx,76051,0,Tarrant
892,Applebee,"6600 west freeway, fort worth, tx, 76116, us",17.49,16.29,3.79,2.49,3.19,7,116,4.299999999999999,1,21.565,,2,1,0,0,tx,76116,0,Tarrant
893,Applebee,"5800 n mesa st, el paso, tx, 79912, us",14.29,13.69,4.79,4.19,4.29,17,114,4.6000000000000005,1,19.3259649122807,,2,1,0,0,tx,79912,0,El Paso
894,Applebee,"19625 restaurant row, houston, tx, 77084, us",17.49,16.29,3.79,2.49,3.19,7,116,4.299999999999999,1,21.565,,2,1,0,0,tx,77084,0,Harris
895,Applebee,"14435 f.m. 2100, crosby, tx, 77532, us",17.49,14.99,3.79,2.49,3.19,7,116,4.100000000000001,110+,21.397758620689654,,2,1,0,0,tx,77532,0,Harris
896,Applebee,"514 e expressway 83, mcallen, tx, 78503, us",15.69,14.99,4.99,2.49,3.19,5,110,4.399999999999998,170+,22.238181818181825,,2,1,0,0,tx,78503,0,Hidalgo
897,Applebee,"4601 n 10th street, mcallen, tx, 78504, us",15.69,14.99,4.99,2.49,3.19,6,113,4.6000000000000005,500+,22.32982300884956,,2,1,0,0,tx,78504,0,Hidalgo
898,Applebee,"1913 w trenton rd, edinburg, tx, 78539, us",15.69,14.99,4.99,2.49,3.19,6,112,4.5,500+,21.948035714285712,,2,1,0,0,tx,78539,0,Hidalgo
899,Applebee,"306 e mile 3 rd, palmhurst, tx, 78573, us",15.69,14.99,4.99,2.49,3.19,6,113,4.399999999999999,300+,22.329823008849562,,2,1,0,0,tx,78573,0,Hidalgo
900,Applebee,"4025 south loop, lubbock, tx, 79423, us",15.69,14.99,4.99,2.49,3.19,5,111,4.2,600+,22.580090090090103,,2,1,0,0,tx,79423,0,Lubbock
901,Applebee,"6691 s. padre island dr., corpus christi, tx, 78412, us",15.69,14.99,4.99,2.49,3.19,5,108,4.399999999999999,600+,22.696481481481488,,2,1,0,0,tx,78412,0,Nueces
902,Applebee,"4654 south cooper street, arlington, tx, 76017, us",17.49,16.29,3.79,2.49,3.19,7,116,4.299999999999999,1,21.565,,2,1,0,0,tx,76017,0,Tarrant
903,Applebee,"2021 n. highway 287, mansfield, tx, 76063, us",17.49,16.29,3.79,2.49,3.19,7,113,4.399999999999999,500+,21.943982300884958,,2,1,0,0,tx,76063,0,Tarrant
904,Applebee,"649 uptown blvd., cedar hill, tx, 75104, us",17.49,16.29,3.79,2.49,3.19,6,116,4.100000000000001,470+,21.60810344827586,,2,1,0,0,tx,75104,0,Dallas
905,Applebee,"6315 s interstate highway 35, austin, tx, 78744, us",17.49,16.29,3.79,2.49,3.19,7,117,4.399999999999999,1,21.466068376068375,,2,1,0,0,tx,78744,0,Travis
906,Applebee,"2700 parker rd ste a, round rock, tx, 78681, us",17.49,16.29,3.79,2.49,3.19,7,114,3.8999999999999986,1,20.21105263157895,,2,1,0,0,tx,78681,0,Williamson
907,Applebee,"350 s interstate highway 35, georgetown, tx, 78626, us",17.49,16.29,3.79,2.49,3.19,7,117,4.399999999999999,600+,21.466068376068375,,2,1,0,0,tx,78626,0,Williamson
908,Applebee,"1622 n. 1000 west, layton, ut, 84041, us",12.99,12.79,3.19,1.19,2.89,4,119,4.5,600+,18.17487394957983,,2,1,0,0,ut,84041,0,Davis
909,Applebee,"2175 w city center ct, west valley city, ut, 84119, us",12.99,12.79,3.19,1.19,2.89,4,119,4.399999999999999,1,18.17487394957983,,2,1,0,0,ut,84119,0,Salt Lake
910,Applebee,"290 west 1300 south, orem, ut, 84058, us",12.99,12.79,3.19,1.19,2.89,4,119,4.3,450+,18.17487394957983,,2,1,0,0,ut,84058,0,Utah
911,Applebee,"2420 e. mason street, green bay, wi, 54311, us",15.39,14.59,3.59,3.59,2.39,11,116,4.5,370+,20.084827586206885,,2,1,0,0,wi,54311,0,Brown
912,Applebee,"900 hansen road, green bay, wi, 54304, us",15.39,14.59,3.59,3.59,2.39,11,113,4.399999999999999,600+,20.434247787610616,,2,1,0,0,wi,54304,0,Brown
913,Applebee,"4710 east towne boulevard, madison, wi, 53704, us",15.39,14.59,3.59,3.59,2.39,11,114,4.299999999999999,500+,21.88035087719298,,2,1,0,0,wi,53704,0,Dane
914,Applebee,"1834 miller park way, milwaukee, wi, 53219, us",15.39,14.59,3.59,3.59,2.39,11,113,3.7000000000000006,180+,20.25725663716814,,2,1,0,0,wi,53219,0,Milwaukee
915,Applebee,"2865 s. 108th street, west allis, wi, 53227, us",15.39,14.59,3.59,3.59,2.39,9,115,3.7999999999999994,320+,21.73434782608695,,2,1,0,0,wi,53227,0,Milwaukee
916,Applebee,"1348 e brady st, milwaukee, wi, 53202, us",,,,,,13,45,4.4,1,10.528888888888886,,2,1,0,0,wi,53202,0,Milwaukee
917,Applebee,"733 north, milwaukee, wi, 53202, us",,,,,,5,41,4.199999999999999,1,24.526585365853656,,2,1,0,0,wi,53202,0,Milwaukee
918,Applebee,"633 w. north avenue, milwaukee, wi, 53212, us",,,,,,12,52,4.0,1,5.9165384615384635,,2,1,0,0,wi,53212,0,Milwaukee
919,Applebee,"3100 golf road, delafield, wi, 53018, us",15.39,14.59,3.59,3.59,2.39,11,116,4.5,54,20.084827586206885,,2,1,0,0,wi,53018,0,Waukesha
920,Outback Steakhouse,"4017 airport drive, mobile, al, 36609, us",15.99,10.49,4.99,3.99,11.59,18,206,4.299999999999999,1,18.369320388349514,13.99,2,1,0,0,al,36609,0,Mobile
921,Outback Steakhouse,"1725 fulton road, fultondale, al, 35068, us",,10.49,,3.99,11.59,4,89,4.200000000000001,1,18.401910112359552,13.99,2,1,0,0,al,35068,0,Jefferson
922,Outback Steakhouse,"4777 whitesburg, huntsville, al, 35802, us",15.99,10.49,4.99,3.99,11.59,10,95,4.3,1,15.854105263157896,13.99,2,1,0,0,al,35802,0,Madison
923,Outback Steakhouse,"11196 abercorn street, savannah, ga, 31419, us",15.99,10.49,4.99,3.99,11.59,9,100,4.2,2,18.235300000000006,14.99,2,1,0,0,ga,31419,0,Chatham
924,Outback Steakhouse,"655 crossville road, roswell, ga, 30075, us",15.99,10.49,4.99,3.99,11.59,9,101,4.399999999999998,2,18.26386138613862,14.99,2,1,0,0,ga,30075,0,Fulton
925,Outback Steakhouse,"6331, douglasville, ga, 30135, us",15.99,10.49,4.99,3.99,11.59,9,100,4.3,2,17.9082,14.99,2,1,0,0,ga,30135,0,Douglas
926,Outback Steakhouse,"6400 north pointe kwy, alpharetta, ga, 30022, us",15.99,10.49,4.99,3.99,11.59,9,101,4.5,2,18.26386138613862,14.99,2,1,0,0,ga,30022,0,Fulton
927,Outback Steakhouse,"5771 east 86th street, indianapolis, in, 46250, us",15.99,10.49,4.99,3.99,11.59,9,100,4.0,1,18.001300000000004,14.99,2,1,0,0,in,46250,0,Marion
928,Outback Steakhouse,"1590 e. lincoln highway, merrillville, in, 46410, us",15.99,10.49,4.99,3.99,11.59,9,107,4.200000000000001,900+,18.13364485981309,13.99,2,1,0,0,in,46410,0,Lake
929,Outback Steakhouse,"2410 southeast tones drive, ankeny, ia, 50021, us",17.29,10.49,4.99,3.99,11.59,7,99,4.399999999999999,700+,19.322121212121214,14.99,2,1,0,0,ia,50021,0,Polk
930,Outback Steakhouse,"10901 university avenue, clive, ia, 50325, us",15.99,10.49,4.99,3.99,11.59,10,99,4.399999999999999,1,18.074242424242428,14.99,2,1,0,0,ia,50325,0,Polk
931,Outback Steakhouse,"9501 quivira drive, overland park, ks, 66214, us",15.39,9.39,4.39,3.79,9.89,10,89,4.5,2,15.15078651685393,14.28,2,1,0,0,ks,66214,0,Johnson
932,Outback Steakhouse,"233 south ridge road, wichita, ks, 67209, us",15.99,10.49,4.99,3.99,11.59,9,98,4.399999999999999,1,18.03510204081633,14.99,2,1,0,0,ks,67209,0,Sedgwick
933,Outback Steakhouse,"3395 nichlasville rd., lexington, ky, 40503, us",15.99,10.49,4.99,3.99,11.59,9,101,4.399999999999998,1,18.263861386138615,14.99,2,1,0,0,ky,40503,0,Fayette
934,Outback Steakhouse,"1209 veterans pkwy, clarksville, in, 47129, us",15.99,10.49,4.99,3.99,11.59,7,97,4.299999999999999,1,18.571649484536085,14.99,2,1,0,0,in,47129,0,Clark
935,Outback Steakhouse,"2415 south acadian thruway, baton rouge, la, 70808, us",15.99,10.49,4.99,3.99,11.59,8,97,4.399999999999999,1,18.722061855670106,14.99,2,1,0,0,la,70808,0,East Baton Rouge
936,Outback Steakhouse,"2746 severn ave, metairie, la, 70002, us",15.99,10.49,4.99,3.99,11.59,9,92,4.399999999999999,4,18.148804347826086,14.99,2,1,0,0,la,70002,0,Jefferson
937,Outback Steakhouse,"1600 west pinhook road, lafayette, la, 70508, us",15.99,10.49,4.99,3.99,11.59,8,101,4.399999999999998,1,18.32970297029703,14.99,2,1,0,0,la,70508,0,Lafayette
938,Outback Steakhouse,"1601 barataria boulevard, marrero, la, 70072, us",15.99,10.49,4.99,3.99,11.59,9,102,4.3,2,18.198921568627455,14.99,2,1,0,0,la,70072,0,Jefferson
939,Outback Steakhouse,"830 e. i-10 service road, slidell, la, 70461, us",15.99,10.49,4.99,3.99,11.59,9,97,4.299999999999999,900+,18.8319587628866,14.99,2,1,0,0,la,70461,0,St. Tammany
940,Outback Steakhouse,"3586 sangani drive ste h, d'iberville, ms, 39540, us",15.39,8.79,4.39,3.29,10.79,11,52,4.6,600+,13.388076923076921,14.29,2,1,0,0,ms,39540,0,Harrison
941,Outback Steakhouse,"30 tunnel road, asheville, nc, 28805, us",15.99,10.49,4.99,3.99,11.59,9,99,4.399999999999999,2,18.231616161616163,14.99,2,1,0,0,nc,28805,0,Buncombe
942,Outback Steakhouse,"505 north mcpherson church road, fayetteville, nc, 28303, us",15.99,10.49,4.99,3.99,11.59,9,100,4.3,2,18.139200000000002,14.99,2,1,0,0,nc,28303,0,Cumberland
943,Outback Steakhouse,"3500 mount moriah road, durham, nc, 27707, us",17.29,10.49,4.99,3.99,11.59,7,100,4.399999999999999,2,19.239700000000006,14.99,2,1,0,0,nc,27707,0,Durham
944,Outback Steakhouse,"505 highland oaks drive, winston-salem, nc, 27103, us",15.99,10.49,4.99,3.99,11.59,9,99,4.299999999999999,1,17.642727272727274,14.99,2,1,0,0,nc,27103,0,Forsyth
945,Outback Steakhouse,"1611 westover terrace, greensboro, nc, 27408, us",15.99,10.49,4.99,3.99,11.59,9,101,4.399999999999998,1,18.053564356435643,14.99,2,1,0,0,nc,27408,0,Guilford
946,Outback Steakhouse,"1412 east boulevard, charlotte, nc, 28203, us",17.29,10.49,4.99,3.99,11.59,7,101,4.5,3,19.153069306930696,14.99,2,1,0,0,nc,28203,0,Mecklenburg
947,Outback Steakhouse,"16400 north cross drive, huntersville, nc, 28078, us",15.99,10.49,4.99,3.99,11.59,9,97,4.399999999999999,1,18.16072164948454,14.99,2,1,0,0,nc,28078,0,Mecklenburg
948,Outback Steakhouse,"302 south college road, wilmington, nc, 28403, us",15.99,10.49,4.99,3.99,11.59,9,98,4.5,2,18.361632653061225,14.99,2,1,0,0,nc,28403,0,New Hanover
949,Outback Steakhouse,"845 highway 70 west, garner, nc, 27529, us",15.99,10.49,4.99,3.99,11.59,9,97,4.299999999999999,1,18.672061855670105,14.99,2,1,0,0,nc,27529,0,Wake
950,Outback Steakhouse,"860 n interstate dr, norman, ok, 73072, us",15.99,10.49,4.99,3.99,11.59,9,101,4.600000000000002,1,18.05356435643565,14.99,2,1,0,0,ok,73072,0,Cleveland
951,Outback Steakhouse,"2219 southwest 74th, oklahoma city, ok, 73159, us",15.99,10.49,4.99,3.99,11.59,9,99,4.299999999999999,1,18.33767676767677,14.99,2,1,0,0,ok,73159,0,Oklahoma
952,Outback Steakhouse,"4723 south yale avenue, tulsa, ok, 74135, us",15.99,10.49,4.99,3.99,11.59,9,98,4.5,1,18.700816326530614,14.99,2,1,0,0,ok,74135,0,Tulsa
953,Outback Steakhouse,"1400 marketplace boulevard, coraopolis, pa, 15108, us",15.99,10.49,4.99,3.99,11.59,18,194,4.5,1,18.774226804123714,14.99,2,1,0,0,pa,15108,0,Allegheny
954,Outback Steakhouse,"1101 woodland road, wyomissing, pa, 19610, us",15.99,10.49,4.99,3.99,11.59,9,94,4.3,800+,18.920638297872344,14.99,2,1,0,0,pa,19610,0,Berks
955,Outback Steakhouse,"650 commerce blvd, fairless hills, pa, 19030, us",17.29,10.49,4.99,3.99,11.59,7,99,4.399999999999999,1,19.213535353535356,14.99,2,1,0,0,pa,19030,0,Bucks
956,Outback Steakhouse,"675 lancaster ave, frazer, pa, 19355, us",15.99,10.49,4.99,3.99,11.59,8,96,4.3999999999999995,700+,18.82197916666667,14.99,2,1,0,0,pa,19355,0,Chester
957,Outback Steakhouse,"1118 baltimore pike, springfield, usa, swarthmore, pa, 19064, us",15.99,10.49,4.99,3.99,,18,194,4.200000000000001,4,18.810309278350516,14.99,2,1,0,0,pa,19064,0,Delaware
958,Outback Steakhouse,"100 n pointe blvd, lancaster, pa, 17601, us",15.99,10.49,4.99,3.99,11.59,8,84,4.2,800+,16.931309523809528,14.99,2,1,0,0,pa,17601,0,Lancaster
959,Outback Steakhouse,"800 n. krocks rd, allentown, pa, 18106, us",15.99,10.49,4.99,3.99,11.59,9,92,4.3,800+,18.92010869565218,14.99,2,1,0,0,pa,18106,0,Lehigh
960,Outback Steakhouse,"3000 mosside boulevard, monroeville, pa, 15146, us",15.99,10.49,4.99,3.99,11.59,9,99,4.399999999999999,1,18.445252525252528,14.99,2,1,0,0,pa,15146,0,Allegheny
961,Outback Steakhouse,"380 town center dr, york, pa, 17408, us",15.99,10.49,4.99,3.99,11.59,9,98,4.299999999999999,1,18.470306122448985,14.99,2,1,0,0,pa,17408,0,York
962,Outback Steakhouse,"100 buckwalter parkway, bluffton, sc, 29910, us",17.29,10.49,4.99,3.99,11.59,7,100,4.2,1,19.080200000000005,14.99,2,1,0,0,sc,29910,0,Beaufort
963,Outback Steakhouse,"1890 sam rittenberg boulevard, charleston, sc, 29407, us",17.29,10.49,4.99,,11.59,6,87,4.3,2,20.30057471264368,14.99,2,1,0,0,sc,29407,0,Charleston
964,Outback Steakhouse,"21 orchard park drive, greenville, sc, 29615, us",15.99,10.49,4.99,3.99,11.59,18,200,4.299999999999999,2,18.184200000000004,14.99,2,1,0,0,sc,29615,0,Greenville
965,Outback Steakhouse,"7025 north kings highway, myrtle beach, sc, 29572, us",15.99,10.49,4.99,3.99,11.59,8,94,4.5,1,16.72159574468085,14.99,2,1,0,0,sc,29572,0,Horry
966,Outback Steakhouse,"252 f harbison boulevard, columbia, sc, 29212, us",15.99,,4.99,3.99,11.59,14,180,4.399999999999999,2,18.67577777777778,14.99,2,1,0,0,sc,29212,0,Lexington
967,Outback Steakhouse,"7611 two notch road, columbia, sc, 29223, us",15.99,10.49,4.99,3.99,11.59,10,99,4.299999999999999,2,17.6589898989899,14.99,2,1,0,0,sc,29223,0,Richland
968,Outback Steakhouse,"1319 river run court, rock hill, sc, 29732, us",15.99,10.49,4.99,3.99,11.59,9,100,4.2,1,18.266600000000004,14.99,2,1,0,0,sc,29732,0,York
969,Outback Steakhouse,"6840 charlotte pike, nashville, tn, 37209, us",15.99,10.49,4.99,3.99,11.59,9,98,4.399999999999999,3,18.415102040816326,14.99,2,1,0,0,tn,37209,0,Davidson
970,Outback Steakhouse,"544 northgate mall drive, chattanooga, tn, 37415, us",15.99,10.49,4.99,3.99,11.59,8,100,4.399999999999999,1,18.184200000000004,14.99,2,1,0,0,tn,37415,0,Hamilton
971,Outback Steakhouse,"2120 hamilton place boulevard, chattanooga, tn, 37421, us",15.99,10.49,4.99,3.99,11.59,9,91,4.5,1,15.773956043956048,14.99,2,1,0,0,tn,37421,0,Hamilton
972,Outback Steakhouse,"314 a merchant drive, knoxville, tn, 37912, us",15.99,10.49,4.99,3.99,11.59,9,97,4.5,1,17.073711340206188,14.99,2,1,0,0,tn,37912,0,Knox
973,Outback Steakhouse,"1125 franklin road, lebanon, tn, 37087, us",15.99,10.49,4.99,3.99,11.59,9,101,4.3,1,18.26386138613862,14.99,2,1,0,0,tn,37087,0,Wilson
974,Outback Steakhouse,"1705 parkway, sevierville, tn, 37862, us",15.99,10.49,4.99,3.99,11.59,10,100,4.3,1,18.109700000000004,14.99,2,1,0,0,tn,37862,0,Sevier
975,Outback Steakhouse,"1110 n. germantown pkwy., cordova, tn, 38016, us",15.39,8.79,4.39,3.29,10.79,10,56,4.3,1,12.463214285714285,14.29,2,1,0,0,tn,38016,0,Shelby
976,Outback Steakhouse,"8005 moores lane, brentwood, tn, 37027, us",19.39,10.49,5.99,3.99,12.59,6,95,4.600000000000002,1,20.220736842105264,16.99,2,1,0,0,tn,37027,0,Williamson
977,Outback Steakhouse,"2701 e central texas expy, killeen, tx, 76543, us",15.99,10.49,4.99,3.99,11.59,10,98,4.399999999999999,2,17.789285714285718,14.99,2,1,0,0,tx,76543,0,Bell
978,Outback Steakhouse,"2814 se military drive, san antonio, tx, 78235, us",15.99,10.49,4.99,3.99,11.59,18,198,4.799999999999999,13,18.448787878787883,14.99,2,1,0,0,tx,78235,0,Bexar
979,Outback Steakhouse,"1503 w. bay area blvd., webster, tx, 77598, us",15.99,10.49,4.99,3.99,11.59,18,198,4.399999999999999,1,18.077070707070707,14.99,2,1,0,0,tx,77598,0,Harris
980,Outback Steakhouse,"2102 s texas ave, college station, tx, 77840, us",15.99,10.49,4.99,3.99,11.59,9,99,4.5,600+,18.07707070707071,14.99,2,1,0,0,tx,77840,0,Brazos
981,Outback Steakhouse,"1509 north central exp., plano, tx, 75075, us",15.99,10.49,4.99,3.99,11.59,9,96,4.3999999999999995,1,18.398020833333337,14.99,2,1,0,0,tx,75075,0,Collin
982,Outback Steakhouse,"3903 towne crossing blvd, mesquite, tx, 75150, us",15.99,10.49,4.99,3.99,11.59,10,97,4.5,2,18.078969072164952,14.99,2,1,0,0,tx,75150,0,Dallas
983,Outback Steakhouse,"3510 west airport freeway, irving, tx, 75062, us",15.99,10.49,4.99,3.99,11.59,10,99,4.399999999999999,2,17.764444444444447,14.99,2,1,0,0,tx,75062,0,Dallas
984,Outback Steakhouse,"4608 bryant irvin road, fort worth, tx, 76132, us",15.99,10.49,4.99,3.99,11.59,9,96,4.3999999999999995,2,18.1278125,14.99,2,1,0,0,tx,76132,0,Tarrant
985,Outback Steakhouse,"10001 westheimer road # 1010, houston, tx, 77042, us",15.99,10.49,4.99,3.99,11.59,9,98,4.600000000000001,4,18.2130612244898,14.99,2,1,0,0,tx,77042,0,Harris
986,Outback Steakhouse,"3509 e. sam houston pkwy, pasadena, tx, 77505, us",15.99,10.49,4.99,3.99,11.59,8,96,4.3999999999999995,1,18.92916666666667,14.99,2,1,0,0,tx,77505,0,Harris
987,Outback Steakhouse,"2060 i-10 south, beaumont, tx, 77707, us",15.99,10.49,4.99,3.99,11.59,8,96,4.5,700+,18.15791666666667,14.99,2,1,0,0,tx,77707,0,Jefferson
988,Outback Steakhouse,"4015 south loop 289, lubbock, tx, 79423, us",15.99,10.49,4.99,3.99,11.59,10,101,4.399999999999998,1,17.814059405940597,14.99,2,1,0,0,tx,79423,0,Lubbock
989,Outback Steakhouse,"4500 franklin avenue, waco, tx, 76710, us",15.99,10.49,4.99,3.99,11.59,10,100,4.600000000000001,700+,17.7493,14.99,2,1,0,0,tx,76710,0,McLennan
990,Outback Steakhouse,"4221 south padre island drive, corpus christi, tx, 78411, us",15.99,10.49,4.99,3.99,11.59,8,98,4.5,1,18.41714285714286,14.99,2,1,0,0,tx,78411,0,Nueces
991,Outback Steakhouse,"1151 west i-20, arlington, tx, 76017, us",15.99,10.49,4.99,3.99,11.59,10,97,4.399999999999999,1,18.502061855670107,14.99,2,1,0,0,tx,76017,0,Tarrant
992,Outback Steakhouse,"1651 i-35 south, round rock, tx, 78664, us",15.99,10.49,4.99,3.99,11.59,20,176,4.5,1,15.69511363636364,14.99,2,1,0,0,tx,78664,0,Williamson
993,Outback Steakhouse,"1664 n heritage park blvd, layton, ut, 84041, us",15.49,7.99,5.49,1.79,9.99,9,68,4.399999999999999,290+,17.025294117647057,14.99,2,1,0,0,ut,84041,0,Davis
994,Outback Steakhouse,"372 e university pkwy, orem, ut, 84058, us",15.49,7.99,5.49,1.79,9.99,9,66,4.2,310+,17.86272727272727,14.99,2,1,0,0,ut,84058,0,Utah
995,Outback Steakhouse,"missingaddress, madison, wi, 53717, us",15.99,10.49,4.99,,11.59,9,96,4.5,700+,19.014687500000004,14.99,2,1,0,0,wi,53717,0,Dane
996,Outback Steakhouse,"295 s. moorland road, brookfield, wi, 53005, us",15.99,10.49,4.99,3.99,11.59,14,182,4.3,900+,19.13593406593407,14.99,2,1,0,0,wi,53005,0,Waukesha
997,Buffalo Wild Wings,"1416 4th ave s, birmingham, al, 35233, us",17.29,12.99,4.79,3.99,1.99,5,94,4.3,210+,7.647659574468084,,2,1,0,0,al,35233,0,Jefferson
998,Buffalo Wild Wings,"6341 airport blvd, mobile, al, 36608, us",18.29,14.29,4.79,3.99,1.99,5,100,4.100000000000001,1,7.872699999999998,,2,1,0,0,al,36608,0,Mobile
999,Buffalo Wild Wings,"7700 abercorn st, savannah, ga, 31406, us",17.29,12.99,4.79,2.29,1.99,5,98,4.100000000000001,2,7.546734693877548,,2,1,0,0,ga,31406,0,Chatham
1000,Buffalo Wild Wings,"68 5th street northwest, atlanta, ga, 30308, us",,11.79,3.79,,1.99,3,57,4.3999999999999995,1,5.595438596491229,,2,1,0,0,ga,30308,0,Fulton
1001,Buffalo Wild Wings,"1425 ellsworth industrial blvd. nw, atlanta, ga, 30318, us",,12.99,5.29,,,3,52,4.300000000000001,1,6.082307692307694,,2,1,0,0,ga,30318,0,Fulton
1002,Buffalo Wild Wings,"6135 parkway pkwy nw, peachtree corners, ga, 30092, us",17.29,13.29,4.79,2.29,1.99,5,98,4.200000000000001,1,7.896734693877549,,2,1,0,0,ga,30092,0,Gwinnett
1003,Buffalo Wild Wings,"13977 trade center drive, fishers, in, 46038, us",17.97,14.13,5.34,2.31,2.01,2,93,4.2,500+,8.369139784946237,,2,1,0,0,in,46038,0,Hamilton
1004,Buffalo Wild Wings,"2942 carlson dr, hammond, in, 46323, us",18.29,14.29,5.99,3.99,2.29,4,100,3.899999999999998,1,8.131699999999999,,2,1,0,0,in,46323,0,Lake
1005,Buffalo Wild Wings,"7 east washington street, downtown indy, in, 46204, us",17.79,13.99,5.29,2.29,1.99,5,94,3.8999999999999977,1,8.423617021276595,,2,1,0,0,in,46204,0,Marion
1006,Buffalo Wild Wings,"6129 crawfordsville road, speedway, in, 46224, us",18.29,14.49,5.29,2.29,1.99,5,88,3.899999999999999,1,8.531363636363634,,2,1,0,0,in,46224,0,Marion
1007,Buffalo Wild Wings,"2747 east 62nd street, indianapolis, in, 46220, us",18.29,14.49,5.29,2.29,1.99,5,94,4.0,800+,8.359787234042553,,2,1,0,0,in,46220,0,Marion
1008,Buffalo Wild Wings,"8020 31 south, indianapolis, in, 46227, us",17.79,13.99,5.29,2.29,1.99,4,90,4.200000000000001,900+,8.575999999999997,,2,1,0,0,in,46227,0,Marion
1009,Buffalo Wild Wings,"2514 lake circle drive, indianapolis, in, 46268, us",18.29,14.49,5.29,2.29,1.99,5,95,4.2,1,8.308526315789473,,2,1,0,0,in,46268,0,Marion
1010,Buffalo Wild Wings,"9875 e highway 36, avon, in, 46123, us",17.29,12.99,5.29,3.99,1.99,4,98,4.399999999999999,45,7.721836734693875,,2,1,0,0,in,46123,0,Hendricks
1011,Buffalo Wild Wings,"3311 se 14th st, des moines, ia, 50320, us",17.29,12.99,4.79,2.29,1.99,5,96,4.0,1,7.544791666666664,,2,1,0,0,ia,50320,0,Polk
1012,Buffalo Wild Wings,"4345 merle hay rd, des moines, ia, 50310, us",17.29,12.99,4.79,2.29,1.99,4,97,4.200000000000001,900+,7.726804123711339,,2,1,0,0,ia,50310,0,Polk
1013,Buffalo Wild Wings,"6925 mills civic pwy, west des moines, ia, 50266, us",17.29,12.99,4.79,2.29,1.99,5,101,4.2,1,7.606534653465346,,2,1,0,0,ia,50266,0,Dallas
1014,Buffalo Wild Wings,"7030 w 105th st, overland park, ks, 66212, us",17.29,13.29,4.79,2.29,1.99,5,100,4.0,1,7.680699999999998,,2,1,0,0,ks,66212,0,Johnson
1015,Buffalo Wild Wings,"3236 n rock rd ste 190, wichita, ks, 67226, us",17.29,12.99,4.79,2.29,1.99,5,101,4.100000000000002,1,7.606534653465346,,2,1,0,0,ks,67226,0,Sedgwick
1016,Buffalo Wild Wings,"1918 n rock rd ste 100, derby, ks, 67037, us",17.29,13.29,4.79,2.29,1.99,5,101,4.100000000000002,600+,7.634257425742573,,2,1,0,0,ks,67037,0,Sedgwick
1017,Buffalo Wild Wings,"1080 s broadway ste 104, lexington, ky, 40504, us",17.29,13.29,4.79,2.29,1.99,5,101,4.2,1,7.634257425742573,,2,1,0,0,ky,40504,0,Fayette
1018,Buffalo Wild Wings,"1112 veterans pkwy, clarksville, in, 47129, us",17.29,13.29,4.79,2.29,1.99,3,84,3.8000000000000007,900+,7.119404761904762,,2,1,0,0,in,47129,0,Clark
1019,Buffalo Wild Wings,"3260 highland road, suite 2, baton rouge, la, 70802, us",17.79,13.79,5.29,3.99,2.29,4,100,4.2,1,7.972199999999998,,2,1,0,0,la,70802,0,East Baton Rouge
1020,Buffalo Wild Wings,"7524 bluebonnet blvd, baton rouge, la, 70810, us",17.79,13.79,5.29,3.99,2.29,4,99,4.200000000000001,800+,7.977070707070704,,2,1,0,0,la,70810,0,East Baton Rouge
1021,Buffalo Wild Wings,"2725 south veterans avenue, gonzales, la, 70737, us",17.29,12.99,4.79,2.29,1.99,6,98,3.8,30,7.6274489795918345,,2,1,0,0,la,70737,0,Ascension
1022,Buffalo Wild Wings,"909 s clearview pkwy, elmwood 70123, usa, new orleans, la, 70121, us",17.79,13.79,4.79,2.29,1.99,5,101,4.2,2,7.669900990099009,,2,1,0,0,la,70121,0,Jefferson
1023,Buffalo Wild Wings,"2804 ne evangeline thruway, lafayette, la, 70507, us",17.79,13.79,5.29,3.99,2.29,4,99,4.200000000000001,500+,7.849797979797978,,2,1,0,0,la,70507,0,Lafayette
1024,Buffalo Wild Wings,"4150 general de gaulle dr, new orleans, la, 70131, us",17.79,13.79,4.79,2.29,1.99,10,202,4.100000000000001,1,7.6699009900990065,,2,1,0,0,la,70131,0,Orleans
1025,Buffalo Wild Wings,"15530 daniel blvd, gulfport, ms, 39503, us",18.29,14.29,4.79,3.99,1.99,4,99,4.299999999999999,800+,7.9109090909090884,,2,1,0,0,ms,39503,0,Harrison
1026,Buffalo Wild Wings,"360 highway 1 bypass, portsmouth, nh, 03801, us",18.79,14.79,5.99,4.49,1.99,3,101,4.2,210+,8.354059405940593,,2,1,0,0,nh,3801,0,Rockingham
1027,Buffalo Wild Wings,"2097 skibo rd, fayetteville, nc, 28314, us",17.29,13.29,4.79,2.29,1.99,5,96,4.1000000000000005,2,7.799999999999997,,2,1,0,0,nc,28314,0,Cumberland
1028,Buffalo Wild Wings,"6709 fayetteville rd, durham, nc, 27713, us",17.29,13.29,4.79,2.29,1.99,4,93,4.2,1,7.836666666666666,,2,1,0,0,nc,27713,0,Durham
1029,Buffalo Wild Wings,"1110 creekshire way, winston-salem, nc, 27103, us",17.29,13.29,4.79,2.29,1.99,5,99,4.299999999999999,1,7.702727272727271,,2,1,0,0,nc,27103,0,Forsyth
1030,Buffalo Wild Wings,"5836 samet dr ste 115, high point, nc, 27265, us",17.79,13.79,4.79,2.29,,5,98,4.100000000000001,1,7.906938775510203,,2,1,0,0,nc,27265,0,Guilford
1031,Buffalo Wild Wings,"400 e martin luther king blvd ste b, charlotte, nc, 28202, us",17.29,13.29,4.79,2.29,,5,99,4.200000000000001,2,7.832121212121209,,2,1,0,0,nc,28202,0,Mecklenburg
1032,Buffalo Wild Wings,"206 old eastwood rd, wilmington, nc, 28403, us",19.49,15.29,5.29,4.49,1.99,5,101,4.0,290+,8.179306930693068,,2,1,0,0,nc,28403,0,New Hanover
1033,Buffalo Wild Wings,"5533 carolina beach rd, wilmington, nc, 28412, us",19.49,15.29,5.29,4.49,1.99,5,100,4.399999999999999,1,8.227199999999998,,2,1,0,0,nc,28412,0,New Hanover
1034,Buffalo Wild Wings,"140 hays ln, wilmington, nc, 28411, us",19.49,15.29,5.29,4.49,1.99,5,98,4.600000000000001,1,8.19316326530612,,2,1,0,0,nc,28411,0,New Hanover
1035,Buffalo Wild Wings,"148 shenstone blvd, garner, nc, 27529, us",17.29,13.29,4.79,2.29,1.99,4,95,4.2,1,7.781157894736841,,2,1,0,0,nc,27529,0,Wake
1036,Buffalo Wild Wings,"3010 classen blvd, norman, ok, 73071, us",18.29,14.49,5.29,3.99,1.99,4,100,4.5,700+,8.005199999999997,,2,1,0,0,ok,73071,0,Cleveland
1037,Buffalo Wild Wings,"5500 tinker diagonal, del city, ok, 73115, us",18.29,14.49,5.29,3.99,1.99,4,99,4.299999999999999,600+,8.06292929292929,,2,1,0,0,ok,73115,0,Oklahoma
1038,Buffalo Wild Wings,"6222 e 41st st, tulsa, ok, 74135, us",18.29,14.49,5.29,3.99,1.99,4,98,4.200000000000001,1,7.982040816326529,,2,1,0,0,ok,74135,0,Tulsa
1039,Buffalo Wild Wings,"7568 s olympia ave, tulsa, ok, 74132, us",18.29,14.49,5.29,3.99,1.99,3,98,3.8999999999999986,280+,8.027959183673467,,2,1,0,0,ok,74132,0,Tulsa
1040,Buffalo Wild Wings,"11450 south memorial drive, bixby, ok, 74008, us",18.29,14.49,5.29,3.99,1.99,4,99,4.5,32,8.099292929292927,,2,1,0,0,ok,74008,0,Tulsa
1041,Buffalo Wild Wings,"9263 n., owasso, ok, 74055, us",18.29,14.49,5.29,3.99,1.99,4,99,4.399999999999999,220+,8.06292929292929,,2,1,0,0,ok,74055,0,Tulsa
1042,Buffalo Wild Wings,"1151 n 20th st, broken arrow, ok, 74012, us",18.29,14.49,5.29,3.99,1.99,4,99,4.299999999999999,600+,8.06292929292929,,2,1,0,0,ok,74012,0,Tulsa
1043,Buffalo Wild Wings,"2080 south highway 66, claremore, ok, 74019, us",18.29,14.29,,2.29,1.99,3,95,4.3,83,7.902842105263158,,2,1,0,0,ok,74019,0,Rogers
1044,Buffalo Wild Wings,"480 home dr, pittsburgh, pa, 15108, us",17.29,13.29,4.79,2.29,1.99,8,200,4.200000000000001,900+,7.650699999999997,,2,1,0,0,pa,15108,0,Allegheny
1045,Buffalo Wild Wings,"3469 william penn highway, wilkins township, pa, 15235, us",17.29,13.29,4.79,2.29,1.99,10,188,4.200000000000001,1,7.597978723404253,,2,1,0,0,pa,15235,0,Allegheny
1046,Buffalo Wild Wings,"500 grandview crossing dr ste 90, gibsonia, pa, 15044, us",17.29,13.29,4.79,2.29,1.99,5,101,4.2,290+,7.634257425742573,,2,1,0,0,pa,15044,0,Allegheny
1047,Buffalo Wild Wings,"20215 route 19, cranberry township, pa, 16066, us",17.29,13.29,4.79,2.29,,5,96,4.3999999999999995,700+,7.924999999999997,,2,1,0,0,pa,16066,0,Butler
1048,Buffalo Wild Wings,"6215 state route 30, greensburg, pa, 15601, us",17.29,13.29,4.79,2.29,1.99,4,97,4.399999999999999,300+,7.746288659793812,,2,1,0,0,pa,15601,0,Westmoreland
1049,Buffalo Wild Wings,"2763 e lincoln hwy, langhorne, pa, 19047, us",18.29,14.29,4.79,2.29,1.99,5,100,4.2,500+,8.066199999999998,,2,1,0,0,pa,19047,0,Bucks
1050,Buffalo Wild Wings,"920 baltimore pike, glen mills, pa, 19342, us",18.79,14.79,5.29,2.29,1.99,3,97,4.0,440+,7.994329896907214,,2,1,0,0,pa,19342,0,Delaware
1051,Buffalo Wild Wings,"2065 fruitville pike, lancaster, pa, 17601, us",17.79,13.99,4.79,2.29,1.99,5,101,4.3,900+,7.8500990099009895,,2,1,0,0,pa,17601,0,Lancaster
1052,Buffalo Wild Wings,"1225 grape st, whitehall, pa, 18052, us",18.29,14.49,4.79,2.29,1.99,5,100,4.0,1,8.107199999999999,,2,1,0,0,pa,18052,0,Lehigh
1053,Buffalo Wild Wings,"690 w dekalb pike, king of prussia, pa, 19406, us",18.29,14.49,5.29,,1.99,4,88,4.1000000000000005,500+,7.935568181818178,,2,1,0,0,pa,19406,0,Montgomery
1054,Buffalo Wild Wings,"320 town center dr, york, pa, 17408, us",18.29,14.29,4.79,2.29,1.99,5,97,4.200000000000001,700+,7.956494845360822,,2,1,0,0,pa,17408,0,York
1055,Buffalo Wild Wings,"21, bluffton, sc, 29910, us",17.29,13.29,4.79,2.29,1.99,5,94,4.3,800+,7.509680851063829,,2,1,0,0,sc,29910,0,Beaufort
1056,Buffalo Wild Wings,"121 robert smalls pkwy, beaufort, sc, 29902, us",17.29,13.29,4.79,2.29,1.99,5,100,4.3,500+,7.694699999999998,,2,1,0,0,sc,29902,0,Beaufort
1057,Buffalo Wild Wings,"4959 centre pointe dr, north charleston, sc, 29418, us",19.49,15.29,5.29,3.99,1.99,4,101,3.899999999999998,2,8.373267326732671,,2,1,0,0,sc,29418,0,Charleston
1058,Buffalo Wild Wings,"1125 woodruff rd ste 1300, greenville, sc, 29607, us",17.29,13.29,4.79,2.29,1.99,10,196,4.100000000000001,1,7.53051020408163,,2,1,0,0,sc,29607,0,Greenville
1059,Buffalo Wild Wings,"1990 oakheart rd, myrtle beach, sc, 29579, us",19.49,15.29,5.29,4.49,1.99,5,95,4.2,500+,7.880736842105263,,2,1,0,0,sc,29579,0,Horry
1060,Buffalo Wild Wings,"5570 sunset blvd # a, lexington, sc, 29072, us",17.29,12.99,4.79,2.29,1.99,10,188,4.5,900+,7.884042553191487,,2,1,0,0,sc,29072,0,Lexington
1061,Buffalo Wild Wings,"4500 devine st, columbia, sc, 29205, us",17.29,12.99,4.79,2.29,1.99,5,96,4.3999999999999995,1,7.618645833333331,,2,1,0,0,sc,29205,0,Richland
1062,Buffalo Wild Wings,"1000 bower pkwy, columbia, sc, 29212, us",17.29,13.29,4.79,2.29,1.99,5,98,4.100000000000001,900+,7.509081632653059,,2,1,0,0,sc,29212,0,Lexington
1063,Buffalo Wild Wings,"1460 meeting blvd, rock hill, sc, 29730, us",17.29,13.29,4.79,2.29,1.99,5,101,4.0,400+,7.6906930693069295,,2,1,0,0,sc,29730,0,York
1064,Buffalo Wild Wings,"120 market st, chattanooga, tn, 37402, us",17.29,13.29,4.79,2.29,1.99,5,98,4.399999999999999,1,7.832448979591834,,2,1,0,0,tn,37402,0,Hamilton
1065,Buffalo Wild Wings,"5744 highway 153, hixson, tn, 37343, us",17.29,13.29,4.79,2.29,1.99,5,99,4.399999999999999,900+,7.635151515151513,,2,1,0,0,tn,37343,0,Hamilton
1066,Buffalo Wild Wings,"37 parkway dr, fort oglethorpe, ga, 30742, us",,13.29,4.79,2.29,1.99,4,94,4.2,440+,7.197127659574468,,2,1,0,0,ga,30742,0,Catoosa
1067,Buffalo Wild Wings,"224 hamilton crossing dr, alcoa, tn, 37701, us",17.29,13.29,4.79,2.29,1.99,8,192,4.299999999999999,900+,7.835312499999997,,2,1,0,0,tn,37701,0,Blount
1068,Buffalo Wild Wings,"2535 medical center parkway, murfreesboro, tn, 37129, us",17.29,13.29,4.79,2.29,1.99,5,95,4.399999999999998,1,7.349052631578947,,2,1,0,0,tn,37129,0,Rutherford
1069,Buffalo Wild Wings,"430 sam ridley pkwy w, smyrna, tn, 37086, us",17.79,13.79,4.79,2.29,1.99,5,100,4.100000000000001,1,7.752699999999999,,2,1,0,0,tn,37086,0,Rutherford
1070,Buffalo Wild Wings,"1430 hurley dr, sevierville, tn, 37862, us",17.79,13.99,4.79,2.29,1.99,5,99,4.100000000000001,600+,7.943232323232321,,2,1,0,0,tn,37862,0,Sevier
1071,Buffalo Wild Wings,"7188 airways blvd lot 2, southaven, ms, 38671, us",17.79,13.79,4.79,2.29,1.99,4,98,4.100000000000001,1,7.622346938775508,,2,1,0,0,ms,38671,0,DeSoto
1072,Buffalo Wild Wings,"2401 e central texas expy, killeen, tx, 76543, us",17.29,12.99,4.79,2.29,1.99,5,91,4.2,3,6.365494505494504,,2,1,0,0,tx,76543,0,Bell
1073,Buffalo Wild Wings,"1134 culebra road, san antonio, tx, 78201, us",,11.79,3.79,,,3,62,4.399999999999999,1,5.906451612903227,,2,1,0,0,tx,78201,0,Bexar
1074,Buffalo Wild Wings,"778, cibolo, tx, 78108, us",,11.79,3.79,,1.99,3,61,4.399999999999999,65,5.711639344262297,,2,1,0,0,tx,78108,0,Guadalupe
1075,Buffalo Wild Wings,"9005 broadway street, pearland, tx, 77584, us",,,4.55,,,9,67,4.0,1,12.958059701492537,,2,1,0,0,tx,77584,0,Brazoria
1076,Buffalo Wild Wings,"903 university dr e, college station, tx, 77840, us",17.29,13.29,4.79,2.29,1.99,5,95,4.399999999999998,2,7.6442105263157885,,2,1,0,0,tx,77840,0,Brazos
1077,Buffalo Wild Wings,"3625 central expy ste 100, plano, tx, 75023, us",17.79,13.79,4.79,2.29,1.99,4,94,4.3,2,7.456702127659573,,2,1,0,0,tx,75023,0,Collin
1078,Buffalo Wild Wings,"4140 lemmon avenue ste 176, dallas, tx, 75219, us",17.79,13.99,4.79,2.29,1.99,5,98,4.299999999999999,5,7.980408163265303,,2,1,0,0,tx,75219,0,Dallas
1079,Buffalo Wild Wings,"3333 canyon bluff blvd. canyons at westmoreland, dallas, tx, 75211, us",17.79,13.79,4.79,2.29,1.99,5,95,4.100000000000002,1,7.566421052631578,,2,1,0,0,tx,75211,0,Dallas
1080,Buffalo Wild Wings,"629 stayton street #111, fort worth, tx, 76107, us",17.79,13.79,4.79,2.29,1.99,4,98,4.299999999999999,800+,7.689693877551017,,2,1,0,0,tx,76107,0,Tarrant
1081,Buffalo Wild Wings,"655 sunland park dr ste k1, el paso, tx, 79912, us",17.29,13.29,4.79,2.29,1.99,4,100,4.3,2,7.679699999999998,,2,1,0,0,tx,79912,0,El Paso
1082,Buffalo Wild Wings,"510 gray st ste c, houston, tx, 77002, us",18.29,14.29,4.79,2.29,1.99,5,95,4.3,3,7.681263157894736,,2,1,0,0,tx,77002,0,Harris
1083,Buffalo Wild Wings,"3651 weslayan st ste 210, houston, tx, 77027, us",17.79,13.99,4.79,2.29,1.99,5,101,4.2,1,7.767920792079206,,2,1,0,0,tx,77027,0,Harris
1084,Buffalo Wild Wings,"5875 fairmont pkwy, pasadena, tx, 77505, us",,,,,,18,112,4.1000000000000005,1,12.410178571428572,,2,1,0,0,tx,77505,0,Harris
1085,Buffalo Wild Wings,"3520 w expressway 83, mcallen, tx, 78501, us",17.29,13.29,4.79,2.29,1.99,5,99,4.299999999999999,1,7.759393939393936,,2,1,0,0,tx,78501,0,Hidalgo
1086,Buffalo Wild Wings,"4235 dowlen rd, beaumont, tx, 77706, us",17.29,12.99,4.79,2.29,1.99,6,100,4.0,320+,7.5756999999999985,,2,1,0,0,tx,77706,0,Jefferson
1087,Buffalo Wild Wings,"2312 w loop 340, waco, tx, 76711, us",17.29,13.29,4.79,2.29,1.99,5,101,4.100000000000002,1,7.662970297029701,,2,1,0,0,tx,76711,0,McLennan
1088,Buffalo Wild Wings,"2001 s padre island dr, corpus christi, tx, 78417, us",17.29,13.29,4.79,2.29,1.99,5,99,4.0,600+,7.66242424242424,,2,1,0,0,tx,78417,0,Nueces
1089,Buffalo Wild Wings,"1301 n collins, arlington, tx, 76011, us",17.79,13.99,4.79,2.29,1.99,4,98,4.200000000000001,1,7.753877551020407,,2,1,0,0,tx,76011,0,Tarrant
1090,Buffalo Wild Wings,"901 little texas ln ste d, austin, tx, 78745, us",,13.29,4.79,2.29,1.99,5,97,4.299999999999999,3,7.161855670103091,,2,1,0,0,tx,78745,0,Travis
1091,Buffalo Wild Wings,"13000 n interstate 35 bldg 4, austin, tx, 78753, us",,13.29,4.79,2.29,1.99,5,100,4.0,2,7.566699999999998,,2,1,0,0,tx,78753,0,Travis
1092,Buffalo Wild Wings,"1007 w university ave ste 1, georgetown, tx, 78628, us",17.29,13.29,4.79,2.29,1.99,5,99,4.200000000000001,2,7.7704040404040375,,2,1,0,0,tx,78628,0,Williamson
1093,Buffalo Wild Wings,"695 w. south ring road, layton, ut, 84041, us",17.29,13.29,4.79,2.29,1.99,4,96,4.299999999999999,700+,7.80520833333333,,2,1,0,0,ut,84041,0,Davis
1094,Buffalo Wild Wings,"2132 s highland dr, salt lake city, ut, 84106, us",17.29,13.29,4.79,2.29,1.99,5,101,4.100000000000002,1,7.754059405940591,,2,1,0,0,ut,84106,0,Salt Lake
1095,Buffalo Wild Wings,"575 east university parkway b28, orem, ut, 84097, us",17.79,13.79,4.79,2.29,,5,95,4.399999999999998,110+,7.896947368421052,,2,1,0,0,ut,84097,0,Utah
1096,Buffalo Wild Wings,"2101 s oneida st, ashwaubenon, wi, 54304-4616, us",17.29,13.29,4.79,2.29,1.99,5,100,4.2,700+,7.704599999999998,,2,1,0,0,wi,54304,0,Brown
1097,Buffalo Wild Wings,"2394 costco way, green bay, wi, 54311, us",17.29,13.29,4.79,2.29,1.99,5,98,4.399999999999999,700+,7.631428571428569,,2,1,0,0,wi,54311,0,Brown
1098,Buffalo Wild Wings,"6227 mckee rd ste f, fitchburg, wi, 53719, us",17.29,12.99,4.79,2.29,1.99,4,98,4.200000000000001,700+,7.549897959183671,,2,1,0,0,wi,53719,0,Dane
1099,Buffalo Wild Wings,"789 university ave, madison, wi, 53715, us",17.29,12.99,4.79,2.29,1.99,5,101,4.3,1,7.726336633663365,,2,1,0,0,wi,53715,0,Dane
1100,Buffalo Wild Wings,"6544 monona dr, madison, wi, 53716, us",17.29,12.99,4.79,2.29,1.99,5,97,4.100000000000001,600+,7.638041237113399,,2,1,0,0,wi,53716,0,Dane
1101,Buffalo Wild Wings,"240 east towne mall, madison, wi, 53704, us",17.29,12.99,4.79,2.29,1.99,5,93,4.0,800+,7.431505376344084,,2,1,0,0,wi,53704,0,Dane
1102,Buffalo Wild Wings,"3636 s 27th st, milwaukee, wi, 53221, us",17.29,13.29,4.79,2.29,1.99,5,97,4.0,1,7.750412371134018,,2,1,0,0,wi,53221,0,Milwaukee
1103,Buffalo Wild Wings,"2950 s 108th st, west allis, wi, 53227, us",17.29,12.99,4.79,2.29,1.99,5,101,4.0,900+,7.726336633663364,,2,1,0,0,wi,53227,0,Milwaukee
1104,Buffalo Wild Wings,"8171 s howell ave, oak creek, wi, 53154, us",17.29,12.99,4.79,2.29,1.99,5,97,4.200000000000001,800+,7.72144329896907,,2,1,0,0,wi,53154,0,Milwaukee
1105,Buffalo Wild Wings,"15306 w beloit rd, new berlin, wi, 53151, us",17.29,12.99,4.79,2.29,1.99,4,98,4.200000000000001,330+,7.6784693877551,,2,1,0,0,wi,53151,0,Waukesha
1106,Buffalo Wild Wings,"2900 north oakland avenue, milwaukee, wi, 53211, us",,11.29,2.99,,1.99,3,63,4.0,97,5.656984126984129,,2,1,0,0,wi,53211,0,Milwaukee
1107,Buffalo Wild Wings,"1621 miller park way, west milwaukee, wi, 53214, us",,11.29,2.99,,1.99,3,63,4.199999999999998,600+,5.656984126984129,,2,1,0,0,wi,53214,0,Milwaukee
1108,Red Robin,"5029 pinnacle square, birmingham, al, 35173, us",17.09,8.39,4.79,3.89,3.59,17,122,4.5,390+,12.301475409836064,,2,1,0,0,al,35173,0,Jefferson
1109,Red Robin,"2720 carl t jones dr se, huntsville, al, 35802, us",17.29,8.39,4.79,4.39,3.59,20,112,4.6000000000000005,480+,12.141785714285714,,2,1,0,0,al,35802,0,Madison
1110,Red Robin,"370 peachtree pkwy, cumming, ga, 30041, us",17.79,8.39,4.79,4.49,3.59,20,122,4.6000000000000005,1,12.753114754098359,,2,1,0,0,ga,30041,0,Forsyth
1111,Red Robin,"1250 scenic highway suite 1500, lawrenceville, ga, 30045, us",17.09,8.39,4.79,3.89,3.59,17,123,4.5,2,12.3769918699187,,2,1,0,0,ga,30045,0,Gwinnett
1112,Red Robin,"8190 n shadeland ave, indianapolis, in, 46250, us",17.09,8.39,4.79,3.89,3.59,17,111,4.399999999999998,600+,11.96477477477477,,2,1,0,0,in,46250,0,Marion
1113,Red Robin,"1410 us-41, schererville, in, 46375, us",17.29,8.39,4.79,4.39,3.59,20,112,4.5,490+,12.141785714285714,,2,1,0,0,in,46375,0,Lake
1114,Red Robin,"8657 w 135th, overland park, ks, 66223, us",14.68,7.11,3.6,3.38,3.72,15,99,4.299999999999999,800+,10.73040404040404,,2,1,0,0,ks,66223,0,Johnson
1115,Red Robin,"7355 west taft street, wichita, ks, 67209, us",14.68,7.11,3.6,3.38,3.72,15,102,4.5,310+,11.143529411764703,,2,1,0,0,ks,67209,0,Sedgwick
1116,Red Robin,"9990 e 13th st, wichita, ks, 67206, us",14.68,7.11,3.6,3.38,3.38,15,98,4.299999999999999,1,10.602448979591834,,2,1,0,0,ks,67206,0,Sedgwick
1117,Red Robin,"101 east brannon rd, nicholasville, ky, 40356, us",16.79,8.39,4.79,3.89,3.59,17,111,4.5,390+,11.762072072072069,,2,1,0,0,ky,40356,0,Jessamine
1118,Red Robin,"5000 shelbyville rd #1627, louisville, ky, 40207, us",17.09,8.39,4.79,3.89,3.59,17,112,4.5,500+,11.954285714285714,,2,1,0,0,ky,40207,0,Jefferson
1119,Red Robin,"700 town center parkway, slidell, la, 70458, us",16.79,8.39,4.79,3.89,3.59,34,220,4.600000000000001,600+,11.609090909090908,,2,1,0,0,la,70458,0,St. Tammany
1120,Red Robin,"1500 s willow st #w157, manchester, nh, 03103, us",17.29,8.39,4.79,4.39,3.59,20,112,4.3999999999999995,800+,12.141785714285714,,2,1,0,0,nh,3103,0,Hillsborough
1121,Red Robin,"502 cross creek mall, fayetteville, nc, 28303, us",17.29,8.39,4.79,4.39,3.59,20,121,4.399999999999999,1,12.444545454545453,,2,1,0,0,nc,28303,0,Cumberland
1122,Red Robin,"5313 new hope commons extension, durham, nc, 27707, us",17.09,8.39,4.79,3.89,3.59,17,122,4.5,900+,12.301475409836064,,2,1,0,0,nc,27707,0,Durham
1123,Red Robin,"1507 highwoods blvd, greensboro, nc, 27410, us",17.09,8.39,4.79,3.89,3.59,34,242,4.399999999999999,1,12.333801652892559,,2,1,0,0,nc,27410,0,Guilford
1124,Red Robin,"8304 kenbrooke dr, charlotte, nc, 28262, us",16.79,8.39,4.79,3.89,3.59,17,119,4.5,1,12.165630252100836,,2,1,0,0,nc,28262,0,Mecklenburg
1125,Red Robin,"8425 northlake commons blvd, charlotte, nc, 28216, us",16.79,8.39,4.79,3.89,3.59,17,121,4.6000000000000005,1,12.07181818181818,,2,1,0,0,nc,28216,0,Mecklenburg
1126,Red Robin,"905 international dr, wilmington, nc, 28405, us",17.09,8.39,4.79,3.89,3.59,17,112,4.5,1,11.927499999999998,,2,1,0,0,nc,28405,0,New Hanover
1127,Red Robin,"2260 walnut st, cary, nc, 27518, us",17.09,8.39,4.79,3.89,3.59,17,119,4.5,600+,12.407647058823526,,2,1,0,0,nc,27518,0,Wake
1128,Red Robin,"1050 ed noble pkwy, norman, ok, 73072, us",16.79,8.39,4.79,3.89,3.59,16,109,4.600000000000002,600+,11.917522935779814,,2,1,0,0,ok,73072,0,Cleveland
1129,Red Robin,"13800 n pennsylvania ave, oklahoma city, ok, 73134, us",16.79,8.39,4.79,3.89,3.59,17,108,4.5,800+,11.908518518518516,,2,1,0,0,ok,73134,0,Oklahoma
1130,Red Robin,"9810 riverside pkwy, tulsa, ok, 74137, us",16.79,8.39,4.79,3.89,3.59,17,110,4.399999999999998,210+,11.81454545454545,,2,1,0,0,ok,74137,0,Tulsa
1131,Red Robin,"175 e waterfront dr, homestead, pa, 15120, us",16.79,8.39,4.79,3.89,3.59,17,122,4.299999999999998,1,12.061311475409834,,2,1,0,0,pa,15120,0,Allegheny
1132,Red Robin,"301 south hills village, bethel park, pa, 15241, us",17.09,8.39,4.79,3.89,3.59,17,122,4.5,1,12.301475409836064,,2,1,0,0,pa,15241,0,Allegheny
1133,Red Robin,"4559 perkiomen ave, reading, pa, 19606, us",15.99,8.19,4.39,2.99,4.79,19,119,4.3,260+,11.570672268907563,,2,1,0,0,pa,19606,0,Berks
1134,Red Robin,"220 plaza drive, collegeville, pa, 19426, us",15.99,8.19,4.39,2.99,4.79,19,120,4.5,380+,11.617500000000001,,2,1,0,0,pa,19426,0,Montgomery
1135,Red Robin,"2350 lincoln hwy e, lancaster, pa, 17602, us",15.99,8.19,4.39,2.99,4.79,19,119,4.3,420+,11.508487394957985,,2,1,0,0,pa,17602,0,Lancaster
1136,Red Robin,"1875 airport rd, allentown, pa, 18109, us",15.99,8.19,4.39,2.99,4.79,19,120,4.3999999999999995,600+,11.617500000000001,,2,1,0,0,pa,18109,0,Lehigh
1137,Red Robin,"3605 horizon blvd., trevose, pa, 19053, us",15.99,8.19,4.39,2.99,4.79,19,118,4.399999999999999,600+,11.556949152542371,,2,1,0,0,pa,19053,0,Bucks
1138,Red Robin,"200 mall circle drive, monroeville, pa, 15146, us",17.09,8.39,4.79,3.89,3.59,17,122,4.200000000000002,700+,12.301475409836064,,2,1,0,0,pa,15146,0,Allegheny
1139,Red Robin,"1500 mount zion rd, york, pa, 17402, us",15.99,8.19,4.39,2.99,4.79,19,120,4.3999999999999995,290+,11.617500000000001,,2,1,0,0,pa,17402,0,York
1140,Red Robin,"1125 woodruff rd suite 1400, greenville, sc, 29607, us",17.09,8.39,4.79,3.89,3.59,34,246,4.399999999999999,700+,12.376991869918696,,2,1,0,0,sc,29607,0,Greenville
1141,Red Robin,"1218 n retail court, myrtle beach, sc, 29577, us",17.09,8.39,4.79,3.89,3.59,17,122,4.5,1,12.301475409836062,,2,1,0,0,sc,29577,0,Horry
1142,Red Robin,"100, columbia, sc, 29212, us",16.79,8.39,4.79,3.89,3.59,34,236,4.299999999999998,460+,12.10779661016949,,2,1,0,0,sc,29212,0,Lexington
1143,Red Robin,"247 forum dr, columbia, sc, 29229, us",16.79,8.39,4.79,3.89,3.59,17,121,4.399999999999999,1,11.972644628099172,,2,1,0,0,sc,29229,0,Richland
1144,Red Robin,"6802 charlotte pike, nashville, tn, 37209, us",17.09,8.39,4.79,3.89,3.59,34,244,4.399999999999999,1,12.301475409836064,,2,1,0,0,tn,37209,0,Davidson
1145,Red Robin,"2100 hamilton pl blvd suite 317, chattanooga, tn, 37421, us",16.79,8.39,4.79,3.89,3.59,17,122,4.6000000000000005,410+,12.061311475409834,,2,1,0,0,tn,37421,0,Hamilton
1146,Red Robin,"11433 parkside dr, farragut, tn, 37934, us",16.79,8.39,4.79,3.89,3.59,17,122,4.5,700+,12.061311475409834,,2,1,0,0,tn,37934,0,Knox
1147,Red Robin,"1986 medical center pkwy, murfreesboro, tn, 37129, us",17.09,8.39,4.79,3.89,3.59,17,109,4.399999999999998,1,12.074403669724768,,2,1,0,0,tn,37129,0,Rutherford
1148,Red Robin,"10211, collierville, tn, 38017, us",17.09,8.39,4.79,3.89,3.59,17,122,4.6000000000000005,1,12.301475409836065,,2,1,0,0,tn,38017,0,Shelby
1149,Red Robin,"2800 e central texas expressway, killeen, tx, 76542, us",17.29,8.39,4.79,4.39,3.59,20,109,4.399999999999998,1,12.254220183486234,,2,1,0,0,tx,76542,0,Bell
1150,Red Robin,"1750 n loop 1604 e ste 102, san antonio, tx, 78232, us",17.15,,,,,3,30,4.400000000000001,430+,14.554666666666664,,2,1,0,0,tx,78232,0,Bexar
1151,Red Robin,"8227 agora parkway, selma, tx, 78148, us",17.15,,,,,3,30,4.599999999999999,700+,14.554666666666664,,2,1,0,0,tx,78148,0,Bexar
1152,Red Robin,"18830 gulf freeway, friendswood, tx, 77546, us",17.09,8.39,4.79,3.89,3.59,34,222,4.600000000000001,460+,11.96117117117117,,2,1,0,0,tx,77546,0,Galveston
1153,Red Robin,"5031 n, garland, tx, 75044, us",15.99,8.39,,2.39,,3,69,4.600000000000002,1,12.992898550724638,,2,1,0,0,tx,75044,0,Dallas
1154,Red Robin,"2501 presidio vista drive, fort worth, tx, 76177, us",17.29,8.39,4.79,4.39,3.59,20,112,4.5,1,12.141785714285714,,2,1,0,0,tx,76177,0,Tarrant
1155,Red Robin,"421 east interstate 20 highway, arlington, tx, 76018, us",15.99,8.39,,2.39,,6,138,4.600000000000001,1,12.992898550724638,,2,1,0,0,tx,76018,0,Tarrant
1156,Red Robin,"7620 katy freeway #465, houston, tx, 77024, us",17.79,8.39,4.79,4.49,3.59,20,108,4.600000000000001,1,12.375185185185183,,2,1,0,0,tx,77024,0,Harris
1157,Red Robin,"3517 e sam houston parkway, pasadena, tx, 77505, us",17.09,8.39,4.79,3.89,3.59,17,107,4.600000000000001,410+,12.090934579439251,,2,1,0,0,tx,77505,0,Harris
1158,Red Robin,"409 s jackson rd, pharr, tx, 78577, us",16.07,8.39,3.59,3.59,4.79,12,98,4.600000000000001,180+,11.737755102040817,,2,1,0,0,tx,78577,0,Hidalgo
1159,Red Robin,"4805 s loop 289 bldg 200, lubbock, tx, 79424, us",17.29,8.39,4.79,4.39,3.59,20,110,4.600000000000002,700+,12.157272727272725,,2,1,0,0,tx,79424,0,Lubbock
1160,Red Robin,"13000 n ih35 sbfr #5, austin, tx, 78753, us",17.29,8.39,4.79,4.39,3.59,40,220,4.5,1,12.157272727272725,,2,1,0,0,tx,78753,0,Travis
1161,Red Robin,"5011 183 a toll road, cedar park, tx, 78613, us",17.29,8.39,4.79,4.39,3.59,20,110,4.5,1,12.157272727272725,,2,1,0,0,tx,78613,0,Williamson
1162,Red Robin,"1562 woodland park dr, layton, ut, 84041, us",17.49,9.19,2.49,3.99,3.79,7,102,4.600000000000002,440+,12.158627450980394,,2,1,0,0,ut,84041,0,Davis
1163,Red Robin,"3601 2700 w, west valley city, ut, 84119, us",17.49,9.19,2.49,3.99,3.79,7,101,4.399999999999998,410+,12.0929702970297,,2,1,0,0,ut,84119,0,Salt Lake
1164,Red Robin,"1200 towne centre blvd, provo, ut, 84601, us",17.49,9.19,2.49,3.99,3.79,7,102,4.3,160+,12.15862745098039,,2,1,0,0,ut,84601,0,Utah
1165,Red Robin,"2605 oneida st #100, green bay, wi, 54304, us",17.29,8.39,4.79,4.39,3.59,20,110,4.5,800+,12.300909090909087,,2,1,0,0,wi,54304,0,Brown
1166,Red Robin,"6522, monona, wi, 53716, us",17.29,8.39,4.79,4.39,3.59,20,111,4.5,600+,12.274684684684683,,2,1,0,0,wi,53716,0,Dane
1167,Red Robin,"7575 edgerton ave, greenfield, wi, 53220, us",17.29,8.39,4.79,4.39,3.59,20,111,4.3,800+,12.274684684684681,,2,1,0,0,wi,53220,0,Milwaukee
1168,Red Robin,"95 n moorland rd, brookfield, wi, 53005, us",17.09,8.39,4.79,3.89,3.59,34,222,4.399999999999999,470+,12.087297297297296,,2,1,0,0,wi,53005,0,Waukesha
1169,Denny,"4874 university dr nw, huntsville, al, 35816, us",14.49,12.59,4.49,3.89,5.79,20,102,4.0,140+,9.858627450980391,,2,1,0,0,al,35816,0,Madison
1170,Denny,"3944 highway 17 s, richmond hill, ga, 31324, us",15.9,13.82,5.18,4.25,6.33,22,101,4.399999999999998,450+,10.664257425742573,,2,1,0,0,ga,31324,0,Bryan
1171,Denny,"5534 jimmy carter blvd, norcross, ga, 30093, us",16.0,14.34,5.18,4.35,6.64,69,303,4.199999999999999,1,10.576435643564356,,2,1,0,0,ga,30093,0,Gwinnett
1172,Denny,"6288 e 82nd st, indianapolis, in, 46250, us",15.58,13.82,4.77,3.94,6.33,36,210,4.5,500+,10.251904761904763,,2,1,0,0,in,46250,0,Marion
1173,Denny,"827 in-32, westfield, in, 46074, us",15.38,13.4,4.56,3.94,6.33,18,104,4.299999999999999,180+,10.272788461538461,,2,1,0,0,in,46074,0,Hamilton
1174,Denny,"2490 post rd, indianapolis, in, 46219, us",15.38,13.4,4.56,3.94,,34,184,4.200000000000001,1,10.356521739130434,,2,1,0,0,in,46219,0,Marion
1175,Denny,"8808 n michigan road, indianapolis, in, 46268, us",15.58,13.61,4.56,3.94,6.33,19,102,4.3,800+,10.186470588235293,,2,1,0,0,in,46268,0,Marion
1176,Denny,"6241 crawfordsville rd, indianapolis, in, 46224, us",15.58,13.61,4.56,3.94,6.33,38,188,4.0,1,9.778085106382978,,2,1,0,0,in,46224,0,Marion
1177,Denny,"6171 melton dr, portage, in, 46368, us",15.38,13.4,4.56,3.94,6.33,18,101,4.2,370+,10.139702970297032,,2,1,0,0,in,46368,0,Porter
1178,Denny,"3512 s keystone ave, indianapolis, in, 46227, us",15.38,13.4,4.56,3.94,6.33,17,102,4.100000000000002,1,10.138137254901965,,2,1,0,0,in,46227,0,Marion
1179,Denny,"4795 kentucky ave, indianapolis, in, 46221, us",15.38,13.4,4.56,3.94,6.33,17,101,4.100000000000002,450+,10.16029702970297,,2,1,0,0,in,46221,0,Marion
1180,Denny,"8901 31 south, indianapolis, in, 46227, us",15.58,13.82,4.77,3.94,6.33,18,104,4.299999999999999,260+,10.338653846153846,,2,1,0,0,in,46227,0,Marion
1181,Denny,"10480 metcalf, overland park, ks, 66212, us",14.65,12.98,4.35,3.42,5.6,25,103,4.399999999999998,470+,9.7052427184466,,2,1,0,0,ks,66212,0,Johnson
1182,Denny,"9001 shawnee mission pkwy, merriam, ks, 66202",14.65,12.98,4.35,3.42,5.6,25,104,4.0,360+,9.639807692307691,,2,1,0,0,ks,66202,0,Johnson
1183,Denny,"8810 e 350 hwy, raytown, mo, 64133, us",14.13,13.19,4.56,3.42,6.02,24,105,3.7999999999999994,380+,9.558285714285713,,2,1,0,0,mo,64133,0,Jackson
1184,Denny,"2117 taney st, n kansas city, mo, 64116, us",14.13,13.19,4.56,3.42,6.02,24,105,3.7999999999999994,700+,9.558285714285713,,2,1,0,0,mo,64116,0,Clay
1185,Denny,"6887 e front st, kansas city, mo, 64120, us",14.65,12.98,4.35,3.42,5.6,25,104,4.1000000000000005,400+,9.639807692307693,,2,1,0,0,mo,64120,0,Jackson
1186,Denny,"3939 s noland, independence, mo, 64055, us",14.13,12.98,4.46,3.42,6.02,21,102,4.100000000000002,180+,9.61205882352941,,2,1,0,0,mo,64055,0,Jackson
1187,Denny,"4024 e harry st, wichita, ks, 67218, us",14.34,13.19,4.56,3.42,5.6,24,105,3.7999999999999994,1,9.61047619047619,,2,1,0,0,ks,67218,0,Sedgwick
1188,Denny,"434 eastern parkway, louisville, ky, 40217, us",15.9,13.82,5.18,4.25,,21,89,3.8,2,10.494044943820224,,2,1,0,0,ky,40217,0,Jefferson
1189,Denny,"5910 veterans, metairie, la, 70003, us",14.86,13.19,4.25,3.62,5.6,44,208,4.200000000000001,1,9.879134615384617,,2,1,0,0,la,70003,0,Jefferson
1190,Denny,"9351 canal rd, gulfport, ms, 39503, us",14.65,12.98,4.35,3.62,6.02,17,96,4.200000000000001,350+,9.392604166666667,,2,1,0,0,ms,39503,0,Harrison
1191,Denny,"7541 washington avenue, ocean springs, ms, 39564, us",14.96,13.19,4.56,3.62,6.02,18,98,4.100000000000001,410+,9.45295918367347,,2,1,0,0,ms,39564,0,Jackson
1192,Denny,"34 gusabel avenue, nashua, nh, 03063, us",15.38,13.19,4.77,3.62,6.33,19,105,4.299999999999999,600+,9.979904761904763,,2,1,0,0,nh,3063,0,Hillsborough
1193,Denny,"1550 four seasons, hendersonville, nc, 28792, us",15.06,13.09,4.56,3.83,6.02,17,102,4.2,130+,9.994509803921568,,2,1,0,0,nc,28792,0,Henderson
1194,Denny,"3215 wake forest rd, raleigh, nc, 27609, us",14.86,13.19,4.25,3.62,5.6,44,204,4.299999999999999,3,9.98235294117647,,2,1,0,0,nc,27609,0,Wake
1195,Denny,"975 s main st, kernersville, nc, 27284, us",15.06,13.09,4.66,4.04,6.02,48,208,4.299999999999999,330+,10.254999999999999,,2,1,0,0,nc,27284,0,Forsyth
1196,Denny,"3703 west gate city blvd., greensboro, nc, 27407, us",14.49,12.69,4.39,3.49,,42,184,4.299999999999999,800+,9.19,,2,1,0,0,nc,27407,0,Guilford
1197,Denny,"4541 sunset rd, charlotte, nc, 28216, us",,13.09,4.66,4.04,6.02,46,192,3.7999999999999994,1,9.918125000000002,,2,1,0,0,nc,28216,0,Mecklenburg
1198,Denny,"4380 fayetteville rd, raleigh, usa, garner, nc, 27603, us",14.34,12.57,4.77,3.62,5.6,20,103,4.2,1,9.926796116504853,,2,1,0,0,nc,27603,0,Wake
1199,Denny,"500 ed noble parkway, norman, ok, 73072, us",13.19,11.59,3.59,2.79,,38,202,4.200000000000001,100+,8.25930693069307,,2,1,0,0,ok,73072,0,Cleveland
1200,Denny,"1617 sw 74th street, oklahoma city, ok, 73159, us",13.19,12.09,3.99,2.79,,36,192,4.200000000000001,120+,8.486875,,2,1,0,0,ok,73159,0,Oklahoma
1201,Denny,"3030 south i-35 service rd., oklahoma city, ok, 73129, us",14.65,12.98,4.35,3.42,5.6,50,208,4.200000000000001,1,9.526730769230769,,2,1,0,0,ok,73129,0,Oklahoma
1202,Denny,"3130 douglas blvd, oklahoma city, ok, 73130, us",14.34,13.19,4.56,3.42,5.6,48,210,4.0,600+,9.610476190476192,,2,1,0,0,ok,73130,0,Oklahoma
1203,Denny,"315 s. meridian avenue, oklahoma city, ok, 73108, us",13.19,12.09,3.99,2.79,4.99,21,102,4.100000000000002,150+,8.28607843137255,,2,1,0,0,ok,73108,0,Oklahoma
1204,Denny,"121 north 129 east ave, tulsa, ok, 74116, us",14.34,12.98,3.83,3.0,5.18,18,104,4.0,600+,9.280096153846154,,2,1,0,0,ok,74116,0,Tulsa
1205,Denny,"2180 greentree rd, pittsburgh, pa, 15220, us",15.06,13.5,5.18,4.25,6.02,44,190,4.2,1,9.983578947368422,,2,1,0,0,pa,15220,0,Allegheny
1206,Denny,"2200 lebanon church road, west mifflin, pa, 15122, us",13.82,12.57,4.04,3.0,,40,198,4.100000000000001,1,9.285050505050505,,2,1,0,0,pa,15122,0,Allegheny
1207,Denny,"7319 mcknight rd, pittsburgh, pa, 15237, us",13.82,12.57,4.04,3.0,,40,200,4.399999999999999,900+,9.2129,,2,1,0,0,pa,15237,0,Allegheny
1208,Denny,"271 clairton blvd., pittsburgh, pa, 15236, us",15.06,13.4,4.77,3.94,6.02,36,196,4.399999999999999,700+,10.09969387755102,,2,1,0,0,pa,15236,0,Allegheny
1209,Denny,"2701 freeport rd., pittsburgh, pa, 15238, us",14.34,12.78,4.04,3.42,5.6,40,186,4.5,500+,9.155161290322582,,2,1,0,0,pa,15238,0,Allegheny
1210,Denny,"3980 william penn highway, monroeville, pa, 15146, us",14.02,12.88,4.25,3.0,,63,306,4.299999999999999,1,9.227450980392156,,2,1,0,0,pa,15146,0,Allegheny
1211,Denny,"1829 lincoln highway, north versailles, pa, 15137, us",14.02,12.88,4.25,3.0,5.29,38,174,4.3,700+,8.656436781609196,,2,1,0,0,pa,15137,0,Allegheny
1212,Denny,"640 e lincoln hwy, langhorne, pa, 19047, us",15.58,13.82,4.77,4.25,6.02,46,210,4.0,110+,10.45752380952381,,2,1,0,0,pa,19047,0,Bucks
1213,Denny,"47 industrial hwy, tinicum township, pa, 19029, us",15.58,13.82,4.77,4.25,6.02,92,408,3.799999999999999,800+,10.412843137254903,,2,1,0,0,pa,19029,0,Delaware
1214,Denny,"1871 catasauqua road, allentown, pa, 18109, us",15.58,13.82,4.77,4.25,6.02,23,105,4.0,1,10.46847619047619,,2,1,0,0,pa,18109,0,Lehigh
1215,Denny,"9174 lincoln hwy, irwin, pa, 15642, us",14.02,12.88,4.25,3.0,,20,99,4.600000000000001,90,9.111616161616162,,2,1,0,0,pa,15642,0,Westmoreland
1216,Denny,"209 tarentum bridge, new kensington, pa, 15068, us",15.06,13.5,5.18,4.25,6.02,20,99,4.299999999999999,360+,10.247676767676767,,2,1,0,0,pa,15068,0,Westmoreland
1217,Denny,"200 west drive, greensburg, pa, 15601, us",13.82,12.57,4.04,3.21,5.39,19,94,4.600000000000002,210+,9.909787234042552,,2,1,0,0,pa,15601,0,Westmoreland
1218,Denny,"1199 louck road, york, pa, 17404, us",15.06,13.5,5.18,4.25,6.02,22,105,4.200000000000001,700+,10.295142857142856,,2,1,0,0,pa,17404,0,York
1219,Denny,"199 eisenhower drive, hanover, pa, 17331, us",15.06,13.5,5.18,4.25,6.02,22,105,3.899999999999999,200+,10.295142857142856,,2,1,0,0,pa,17331,0,York
1220,Denny,"2521 wade hampton, greenville, sc, 29615, us",14.13,12.98,,3.0,5.39,42,198,4.200000000000001,800+,9.235050505050506,,2,1,0,0,sc,29615,0,Greenville
1221,Denny,"2306 reidville road, spartanburg, sc, 29301, us",14.13,12.98,4.35,3.0,5.39,44,202,4.0,430+,9.137227722772277,,2,1,0,0,sc,29301,0,Spartanburg
1222,Denny,"800 s. kings hwy, myrtle beach, sc, 29577, us",14.86,13.19,4.25,3.62,5.6,22,104,4.3999999999999995,500+,9.910096153846155,,2,1,0,0,sc,29577,0,Horry
1223,Denny,"2514 sunset blvd, west columbia, sc, 29169, us",14.96,13.19,4.25,3.62,5.6,38,208,4.200000000000001,1,9.839903846153847,,2,1,0,0,sc,29169,0,Lexington
1224,Denny,"342 harbison blvd, columbia, sc, 29212, us",14.34,12.57,4.77,3.62,5.6,40,208,4.0,900+,9.859230769230768,,2,1,0,0,sc,29212,0,Lexington
1225,Denny,"5901 fairfield dr, columbia, sc, 29203, us",15.06,13.09,4.66,4.04,6.02,46,206,3.899999999999998,500+,10.346601941747574,,2,1,0,0,sc,29203,0,Richland
1226,Denny,"115 sloane garden rd, boiling springs, sc, 29316, us",14.34,13.19,4.35,3.0,5.39,25,105,4.100000000000001,500+,9.22247619047619,,2,1,0,0,sc,29316,0,Spartanburg
1227,Denny,"1420 hwy 96 north, fairview, tn, 37062, us",16.79,15.59,5.09,4.29,6.49,70,210,4.299999999999999,300+,10.963333333333331,,2,1,0,0,tn,37062,0,Williamson
1228,Denny,"800 watt rd, knoxville, tn, 37932, us",15.06,13.09,4.66,4.04,6.02,22,97,4.100000000000001,75,10.060103092783505,,2,1,0,0,tn,37932,0,Knox
1229,Denny,"3716 parkway, pigeon forge, tn, 37863, us",14.99,13.79,5.09,4.19,5.99,25,89,4.100000000000001,320+,10.225955056179776,,2,1,0,0,tn,37863,0,Sevier
1230,Denny,"3000 service loop rd, west memphis, ar, 72301, us",13.79,12.69,4.19,3.29,5.39,25,103,4.0,31,9.066699029126214,,2,1,0,0,ar,72301,0,Crittenden
1231,Denny,"1108 s. fort hood rd, killeen, tx, 76541, us",14.13,12.78,4.04,3.0,,22,97,4.299999999999999,3,9.19639175257732,,2,1,0,0,tx,76541,0,Bell
1232,Denny,"903 east commerce st., san antonio, tx, 78205, us",13.82,12.57,4.04,3.21,5.39,21,105,4.100000000000001,900+,9.326857142857143,,2,1,0,0,tx,78205,0,Bexar
1233,Denny,"7122 n ih 35, san antonio, tx, 78221, us",14.13,12.78,4.04,3.0,5.18,24,103,4.0,700+,9.24233009708738,,2,1,0,0,tx,78221,0,Bexar
1234,Denny,"4510 fredericksburg road, balcones heights, tx, 78201, us",13.59,12.49,4.19,3.09,5.19,21,105,4.5,1,9.036666666666665,,2,1,0,0,tx,78201,0,Bexar
1235,Denny,"6801 blanco rd, san antonio, tx, 78216, us",14.34,13.19,4.56,3.42,,46,206,4.0,450+,9.583398058252426,,2,1,0,0,tx,78216,0,Bexar
1236,Denny,"2210 loop 410 se, san antonio, tx, 78220, us",14.34,12.78,4.04,3.42,5.6,48,210,4.100000000000001,800+,9.363142857142856,,2,1,0,0,tx,78220,0,Bexar
1237,Denny,"6859 highway 90 west, san antonio, tx, 78227, us",14.65,12.98,4.35,3.42,,24,104,4.1000000000000005,900+,9.59778846153846,,2,1,0,0,tx,78227,0,Bexar
1238,Denny,"17455 ih 35 n, schertz, tx, 78154, us",14.34,13.19,4.56,3.42,5.6,24,105,4.399999999999999,400+,9.597619047619048,,2,1,0,0,tx,78154,0,Bexar
1239,Denny,"12816 ih35 n, live oak, tx, 78233, us",14.34,13.19,4.56,3.42,5.6,24,105,4.5,1,9.597619047619048,,2,1,0,0,tx,78233,0,Bexar
1240,Denny,"6703 fm78, san antonio, tx, 78244, us",14.34,13.19,4.56,3.42,5.6,24,105,4.0,1,9.597619047619048,,2,1,0,0,tx,78244,0,Bexar
1241,Denny,"13635 san pedro ave, san antonio, tx, 78232",14.34,13.19,4.56,3.42,5.6,24,105,4.200000000000001,800+,9.597619047619048,,2,1,0,0,tx,78232,0,Bexar
1242,Denny,"19212 gulf fwy, friendswood, tx, 77546, us",15.06,13.19,4.77,3.62,6.02,45,301,4.200000000000001,800+,10.082591362126244,,2,1,0,0,tx,77546,0,Galveston
1243,Denny,"9810 gulf freeway, houston, tx, 77034, us",15.06,13.19,4.77,3.62,6.02,45,298,4.2,1,10.027248322147651,,2,1,0,0,tx,77034,0,Harris
1244,Denny,"200b, 11221 broadway st, pearland, tx, 77584, us",14.34,12.57,4.35,1.54,5.6,28,101,4.399999999999998,1,9.457128712871286,,2,1,0,0,tx,77584,0,Brazoria
1245,Denny,"4125 spencer hwy, pasadena, tx, 77504, us",14.96,13.19,4.25,3.62,,31,193,4.200000000000001,500+,9.855751295336788,,2,1,0,0,tx,77504,0,Harris
1246,Denny,"2735 bay area blvd, houston, tx, 77058, us",14.96,13.19,4.25,3.62,,45,283,4.5,360+,9.915618374558303,,2,1,0,0,tx,77058,0,Harris
1247,Denny,"6969 gulf freeway, houston, tx, 77087, us",14.34,12.57,4.35,1.54,5.6,79,291,4.399999999999999,1,9.41807560137457,,2,1,0,0,tx,77087,0,Harris
1248,Denny,"607 texas ave, college station, tx, 77840, us",14.34,13.19,4.56,3.42,5.6,24,105,4.200000000000001,1,9.611523809523808,,2,1,0,0,tx,77840,0,Brazos
1249,Denny,"1875 n expressway, brownsville, tx, 78520, us",14.13,12.78,4.04,3.0,5.18,24,96,4.3999999999999995,600+,8.965104166666666,,2,1,0,0,tx,78520,0,Cameron
1250,Denny,"6131 paredes line rd, brownsville, tx, 78526, us",14.34,13.19,4.35,3.0,5.39,25,98,4.700000000000001,350+,9.109795918367345,,2,1,0,0,tx,78526,0,Cameron
1251,Denny,"4703 s expressway 77/83, harlingen, tx, 78550, us",14.34,12.78,4.04,3.42,5.6,22,98,4.399999999999999,340+,9.30173469387755,,2,1,0,0,tx,78550,0,Cameron
1252,Denny,"1100 padre blvd., south padre island, tx, 78597, us",14.34,13.19,4.56,3.42,5.6,23,105,4.200000000000001,280+,9.637142857142855,,2,1,0,0,tx,78597,0,Cameron
1253,Denny,"1830 north central, plano, tx, 75074, us",17.56,16.52,5.6,4.46,6.85,28,105,4.399999999999999,600+,11.326952380952381,,2,1,0,0,tx,75074,0,Collin
1254,Denny,"302 west fm 544, murphy, tx, 75094, us",17.56,16.52,5.6,4.46,6.85,28,104,4.3999999999999995,450+,11.424038461538462,,2,1,0,0,tx,75094,0,Collin
1255,Denny,"1305 preston rd, plano, tx, 75093, us",17.77,17.25,5.39,4.46,7.16,28,105,4.299999999999999,800+,11.711333333333332,,2,1,0,0,tx,75093,0,Collin
1256,Denny,"13689 n. central expressway, dallas, tx, 75243, us",17.56,16.52,5.6,4.46,6.85,28,105,4.299999999999999,1,11.326952380952381,,2,1,0,0,tx,75243,0,Dallas
1257,Denny,"4567 frankford road, dallas, tx, 75287, us",14.29,12.69,4.29,3.49,5.79,26,105,4.399999999999999,2,9.336666666666666,,2,1,0,0,tx,75287,0,Collin
1258,Denny,"10433 n. central exprwy, dallas, tx, 75230, us",17.46,16.0,5.08,4.46,6.74,60,210,4.399999999999999,600+,11.370380952380954,,2,1,0,0,tx,75230,0,Dallas
1259,Denny,"2030 market center, dallas, tx, 75207, us",17.56,16.52,5.6,4.46,6.85,56,210,4.0,1,11.326952380952381,,2,1,0,0,tx,75207,0,Dallas
1260,Denny,"4400 n. central expy., dallas, tx, 75206, us",17.46,16.0,5.08,4.46,6.74,30,105,4.200000000000001,1,11.370380952380954,,2,1,0,0,tx,75206,0,Dallas
1261,Denny,"1415 medical dist. dr., dallas, tx, 75207, us",14.13,12.78,4.04,,,38,172,4.5,1,9.957558139534884,,2,1,0,0,tx,75207,0,Dallas
1262,Denny,"8233 east r.l. thorton, dallas, tx, 75228, us",17.56,16.52,5.6,4.46,6.85,28,105,4.200000000000001,1,11.326952380952381,,2,1,0,0,tx,75228,0,Dallas
1263,Denny,"7425 bonnie view rd, dallas, tx, 75241, us",17.46,16.21,5.29,4.46,6.74,30,105,3.899999999999999,500+,11.420952380952379,,2,1,0,0,tx,75241,0,Dallas
1264,Denny,"4115 w. airport frwy., irving, tx, 75062, us",17.35,16.21,5.39,4.46,6.85,53,202,4.299999999999999,1,11.3259900990099,,2,1,0,0,tx,75062,0,Dallas
1265,Denny,"2425 walnut hill ln., dallas, tx, 75229, us",17.56,16.52,5.6,4.46,6.85,28,105,4.299999999999999,600+,11.326952380952381,,2,1,0,0,tx,75229,0,Dallas
1266,Denny,"510 w lbj freeway, irving, tx, 75063, us",17.46,16.0,5.08,4.46,6.74,30,105,4.200000000000001,400+,11.385238095238096,,2,1,0,0,tx,75063,0,Dallas
1267,Denny,"839 n watson rd, arlington, tx, 76011, us",14.09,12.49,4.19,3.29,5.39,39,200,4.200000000000001,2,9.325999999999999,,2,1,0,0,tx,76011,0,Tarrant
1268,Denny,"4601 s hulen rd., fort worth, tx, 76132, us",17.56,16.52,5.6,4.46,6.85,25,97,4.299999999999999,600+,11.386391752577318,,2,1,0,0,tx,76132,0,Tarrant
1269,Denny,"3543 jim wright frwy., lake worth, tx, 76106, us",17.46,16.0,5.08,4.46,6.74,26,97,4.299999999999999,800+,11.432371134020618,,2,1,0,0,tx,76106,0,Tarrant
1270,Denny,"6480 north freeway, ft. worth, tx, 76137, us",17.14,16.21,5.39,4.46,6.43,26,97,4.100000000000001,800+,11.449278350515463,,2,1,0,0,tx,76137,0,Tarrant
1271,Denny,"4820 w sublett rd, arlington, tx, 76001, us",13.29,12.09,3.89,3.09,,28,170,4.399999999999999,500+,9.198235294117646,,2,1,0,0,tx,76001,0,Tarrant
1272,Denny,"4400 south freeway, ft worth, tx, 76115, us",14.13,12.98,4.35,3.0,5.39,21,97,4.299999999999999,1,9.259484536082473,,2,1,0,0,tx,76115,0,Tarrant
1273,Denny,"4928 south cooper, arlington, tx, 76017, us",17.46,16.0,5.08,4.46,6.74,50,188,4.200000000000001,480+,11.240106382978723,,2,1,0,0,tx,76017,0,Tarrant
1274,Denny,"6144 gateway blvd. e, el paso, tx, 79905, us",14.99,13.29,5.19,4.09,6.39,23,103,4.3,370+,10.169611650485438,,2,1,0,0,tx,79905,0,El Paso
1275,Denny,"6650 montana ave, el paso, tx, 79925, us",14.99,13.09,4.39,3.79,,22,102,4.100000000000002,800+,9.959607843137256,,2,1,0,0,tx,79925,0,El Paso
1276,Denny,"9567 dyer st, el paso, tx, 79924, us",14.99,13.09,4.39,3.79,6.09,24,105,4.5,1,9.83,,2,1,0,0,tx,79924,0,El Paso
1277,Denny,"4690 woodrow bean, el paso, tx, 79924, us",14.99,13.09,4.39,3.79,6.09,23,102,4.399999999999998,700+,9.737058823529413,,2,1,0,0,tx,79924,0,El Paso
1278,Denny,"1613 pleasanton road suite b-10, el paso - ft bliss, tx, 79906, us",15.59,13.79,4.99,4.19,,27,102,4.3,500+,10.42823529411765,,2,1,0,0,tx,79906,0,El Paso
1279,Denny,"11045 gateway blvd. w, el paso, tx, 79935, us",14.79,12.89,4.39,3.79,6.09,20,102,4.2,600+,9.63313725490196,,2,1,0,0,tx,79935,0,El Paso
1280,Denny,"2316 southmore rd, houston, tx, 77004, us",14.34,12.57,4.77,3.62,5.6,15,95,4.2,2,10.014210526315788,,2,1,0,0,tx,77004,0,Harris
1281,Denny,"3332 s loop w, houston, tx, 77025, us",14.86,13.19,4.46,3.62,,21,88,4.3999999999999995,1,9.154204545454546,,2,1,0,0,tx,77025,0,Harris
1282,Denny,"6060 hillcroft st, houston, tx, 77081, us",14.96,13.19,4.56,3.62,6.02,20,92,4.5,700+,9.91804347826087,,2,1,0,0,tx,77081,0,Harris
1283,Denny,"909 w, pasadena, tx, 77506, us",14.49,12.69,4.59,3.49,5.79,38,190,4.2,390+,9.78263157894737,,2,1,0,0,tx,77506,0,Harris
1284,Denny,"2940 gulf freeway, league city, tx, 77573, us",14.34,12.57,4.35,1.54,5.6,25,96,4.299999999999999,500+,9.457500000000001,,2,1,0,0,tx,77573,0,Galveston
1285,Denny,"9001 shawnee mission pkwy, merriam, ks, 66202",14.65,12.98,4.77,3.62,,14,92,4.5,390+,10.216304347826087,,2,1,0,0,ks,66202,0,Johnson
1286,Denny,"1201 hwy 146 n, texas city, tx, 77590, us",15.06,13.19,4.77,3.62,6.02,14,96,4.299999999999999,600+,10.109166666666667,,2,1,0,0,tx,77590,0,Galveston
1287,Denny,"2500 sm 291 hwy, independence, mo, 64055",13.79,12.69,4.19,3.29,5.39,18,92,4.399999999999999,350+,9.336739130434783,,2,1,0,0,mo,64055,0,Jackson
1288,Denny,"1110 so 10th st, mcallen, tx, 78501, us",14.34,13.19,4.35,3.0,5.39,20,93,4.399999999999998,370+,9.19989247311828,,2,1,0,0,tx,78501,0,Hidalgo
1289,Denny,"401 e nolana ave, mcallen, tx, 78504, us",14.34,12.57,3.83,3.0,5.5,19,89,4.700000000000001,600+,9.312808988764044,,2,1,0,0,tx,78504,0,Hidalgo
1290,Denny,"116 south shary rd, mission, tx, 78572, us",14.34,13.19,4.35,3.0,5.39,21,92,4.7,310+,9.054673913043478,,2,1,0,0,tx,78572,0,Hidalgo
1291,Denny,"1601 e expressway 83, san juan, tx, 78589, us",14.34,12.78,4.04,3.42,,17,95,4.3,170+,9.572736842105263,,2,1,0,0,tx,78589,0,Hidalgo
1292,Denny,"2301 west university drive, edinburg, tx, 78539, us",14.34,12.78,4.04,3.42,,16,94,4.2,410+,9.631595744680853,,2,1,0,0,tx,78539,0,Hidalgo
1293,Denny,"1305 e monte cristo, edinburg, tx, 78542, us",14.49,12.69,4.39,3.49,,19,94,4.3,170+,9.80276595744681,,2,1,0,0,tx,78542,0,Hidalgo
1294,Denny,"4718 slide rd, lubbock, tx, 79414, us",14.34,13.19,4.56,3.42,5.6,20,97,4.100000000000001,1,9.663505154639175,,2,1,0,0,tx,79414,0,Lubbock
1295,Denny,"709 n. i-35, bellmead, tx, 76705, us",15.06,13.19,4.77,3.62,6.02,15,92,3.899999999999998,200+,10.14945652173913,,2,1,0,0,tx,76705,0,McLennan
1296,Denny,"2409 south new road, waco, tx, 76711, us",14.49,12.69,4.39,3.49,,22,85,4.399999999999998,280+,9.571176470588238,,2,1,0,0,tx,76711,0,McLennan
1297,Denny,"5165 interstate 37, corpus christi, tx, 78408, us",15.29,13.29,4.99,4.09,,23,93,4.100000000000002,270+,10.329784946236561,,2,1,0,0,tx,78408,0,Nueces
1298,Denny,"4918 s padre island dr, corpus christi, tx, 78411, us",14.99,13.29,4.89,4.19,5.79,27,98,4.200000000000001,600+,10.20326530612245,,2,1,0,0,tx,78411,0,Nueces
1299,Denny,"1670 u s highway 181 frontage rd., portland, tx, 78374, us",14.99,13.29,4.89,4.19,5.79,26,96,4.299999999999999,150+,10.185833333333333,,2,1,0,0,tx,78374,0,San Patricio
1300,Denny,"2931 hwy 77, corpus christi, tx, 78410, us",15.39,13.79,4.99,4.19,,25,95,4.100000000000002,130+,10.428947368421056,,2,1,0,0,tx,78410,0,Nueces
1301,Denny,"1015 spur 350 west, euless, tx, 76040, us",17.56,16.52,5.6,4.46,6.85,25,97,3.899999999999999,500+,11.38639175257732,,2,1,0,0,tx,76040,0,Tarrant
1302,Denny,"408 westchase drive, grand prairire, tx, 75052, us",17.46,16.0,5.08,4.46,6.74,26,97,4.5,450+,11.432371134020622,,2,1,0,0,tx,75052,0,Dallas
1303,Denny,"1601 i-35, austin, tx, 78702, us",14.86,13.19,4.46,3.62,6.02,51,291,3.8999999999999986,700+,9.76783505154639,,2,1,0,0,tx,78702,0,Travis
1304,Denny,"2320 s interregional, austin, tx, 78704, us",14.13,12.78,4.04,3.21,5.18,48,190,4.399999999999999,2,9.166,,2,1,0,0,tx,78704,0,Travis
1305,Denny,"7619 e ben white boulevard, austin, tx, 78741, us",14.86,13.19,4.46,3.62,6.02,17,97,4.100000000000001,1,9.767835051546392,,2,1,0,0,tx,78741,0,Travis
1306,Denny,"7100 north i-35, austin, tx, 78752, us",14.13,12.78,4.04,3.21,5.18,48,188,4.5,2,9.307872340425531,,2,1,0,0,tx,78752,0,Travis
1307,Denny,"1-35 north parmer lane, austin, tx, 78753, us",14.13,12.78,4.35,3.42,5.39,57,291,4.399999999999999,600+,9.201340206185568,,2,1,0,0,tx,78753,0,Travis
1308,Denny,"19020 south interstate 35 frontage road, kyle, tx, 78640, us",14.29,12.69,4.29,3.49,5.79,23,100,4.2,300+,9.347,,2,1,0,0,tx,78640,0,Hays
1309,Denny,"2700 north ih-35, round rock, tx, 78681, us",14.13,12.78,4.35,3.42,,36,194,4.0,1,9.582061855670103,,2,1,0,0,tx,78681,0,Williamson
1310,Denny,"11710 ih 35, jarrell, tx, 76537, us",14.34,13.19,4.35,3.42,5.6,20,97,4.5,500+,9.671752577319586,,2,1,0,0,tx,76537,0,Williamson
1311,Denny,"4029, riverdale, ut, 84405, us",16.49,15.39,4.89,4.29,6.19,32,102,4.3,500+,10.970392156862744,,2,1,0,0,ut,84405,0,Weber
1312,Denny,"1172 w 2100 st, west haven, ut, 84401, us",16.79,15.59,5.09,4.29,6.49,35,104,4.200000000000001,200+,11.051538461538463,,2,1,0,0,ut,84401,0,Weber
1313,Denny,"1701 west n temple, salt lake city, ut, 84116, us",16.69,15.59,5.19,4.29,6.59,68,206,4.100000000000001,500+,10.93757281553398,,2,1,0,0,ut,84116,0,Salt Lake
1314,Denny,"2025 s 900 w, salt lake city, ut, 84104, us",17.59,16.19,5.29,4.49,6.79,31,105,4.0,600+,11.423333333333334,,2,1,0,0,ut,84104,0,Salt Lake
1315,Denny,"420 w 4500 s, murray, ut, 84123, us",16.79,15.59,5.39,4.39,6.59,26,104,3.899999999999999,600+,11.134230769230767,,2,1,0,0,ut,84123,0,Salt Lake
1316,Denny,"7051 s 1300 e, midvale, ut, 84047, us",15.58,13.82,4.77,3.94,6.33,17,94,4.399999999999998,500+,10.038404255319149,,2,1,0,0,ut,84047,0,Salt Lake
1317,Denny,"401 w 7200 s, midvale, ut, 84047, us",16.09,14.49,5.19,4.29,6.39,31,104,4.0,410+,10.6025,,2,1,0,0,ut,84047,0,Salt Lake
1318,Denny,"1680 n freedom blvd, provo, ut, 84604, us",16.09,14.99,5.19,4.19,6.39,31,101,4.5,220+,10.756336633663368,,2,1,0,0,ut,84604,0,Utah
1319,Denny,"1460 n 1750 w, springville, ut, 84663, us",16.79,15.59,5.09,4.29,6.49,34,107,4.200000000000001,96,11.234859813084109,,2,1,0,0,ut,84663,0,Utah
1320,Denny,"485 n state st, orem, ut, 84057, us",16.69,15.59,5.19,4.29,6.59,33,106,4.0,240+,11.059811320754713,,2,1,0,0,ut,84057,0,Utah
1321,Denny,"592 kirby lane, spanish fork, ut, 84660, us",16.49,15.39,4.89,4.29,6.19,31,104,3.899999999999999,64,10.8525,,2,1,0,0,ut,84660,0,Utah
1322,Denny,"101 n. 1200th east, lehi, ut, 84043, us",15.58,13.61,5.18,4.25,6.02,22,103,4.0,290+,10.439708737864077,,2,1,0,0,ut,84043,0,Utah
1323,Denny,"1516 n redwood rd, saratoga springs, ut, 84045, us",16.79,16.09,5.19,4.29,6.89,30,105,4.0,200+,11.116666666666665,,2,1,0,0,ut,84045,0,Utah
1324,Denny,"2894 s. oneida street, green bay, wi, 54304, us",15.58,13.82,5.08,4.35,6.02,19,95,4.5,500+,10.617157894736843,,2,1,0,0,wi,54304,0,Brown
1325,Denny,"1798 thierer rd, madison, wi, 53704, us",15.58,13.82,5.39,4.25,6.64,20,87,4.3,600+,10.407816091954025,,2,1,0,0,wi,53704,0,Dane
1326,Denny,"13635 san pedro ave, san antonio, tx, 78232",15.79,13.5,5.39,4.25,6.74,21,90,4.5,450+,10.33988888888889,,2,1,0,0,tx,78232,0,Bexar
1327,Denny,"3801 s 27th street, milwaukee, wi, 53221, us",15.58,13.82,5.08,4.35,6.02,38,180,4.200000000000001,2,10.367777777777777,,2,1,0,0,wi,53221,0,Milwaukee
1328,Denny,"4925 s howell ave, milwaukee, wi, 53207, us",15.58,13.82,5.08,4.35,6.02,38,180,4.299999999999999,600+,10.367777777777778,,2,1,0,0,wi,53207,0,Milwaukee
1329,Denny,"11155 w north ave, wauwatosa, wi, 53226, us",15.58,13.82,5.08,4.35,6.02,38,180,4.100000000000001,1,10.367777777777777,,2,1,0,0,wi,53226,0,Milwaukee
1330,Denny,"4695 s 108th st, greenfield, wi, 53228, us",15.58,13.82,5.08,4.35,6.02,38,180,4.399999999999999,700+,10.367777777777777,,2,1,0,0,wi,53228,0,Milwaukee
1331,Denny,"8001 w brown deer rd, milwaukee, wi, 53223, us",15.9,13.82,5.18,4.25,6.33,20,88,4.200000000000001,1,10.360454545454546,,2,1,0,0,wi,53223,0,Milwaukee
1332,Denny,"9650 s 20th st, oak creek, wi, 53154, us",15.58,14.02,4.77,4.35,6.43,42,174,4.3,350+,10.203218390804599,,2,1,0,0,wi,53154,0,Milwaukee
1333,Denny,"2801 n grandview blvd, pewaukee, wi, 53072, us",15.58,13.82,5.08,4.35,6.02,19,90,4.299999999999999,700+,10.367777777777778,,2,1,0,0,wi,53072,0,Waukesha
1334,TGI Fridays,"3670 camp creek parkway, atlanta, ga, 30331, us",17.24,14.02,3.32,3.9,,24,264,4.200000000000001,7,25.692272727272726,,2,1,0,0,ga,30331,0,Fulton
1335,TGI Fridays,"2871 stonecrest cir, lithonia, ga, 30038, us",17.24,14.02,3.32,3.9,,12,132,3.6000000000000005,700+,25.689696969696968,,2,1,0,0,ga,30038,0,DeKalb
1336,TGI Fridays,"3502 e 86th st, indianapolis, in, 46240, us",18.85,15.17,3.21,4.13,,18,125,4.399999999999999,1,26.117359999999998,,2,1,0,0,in,46240,0,Marion
1337,TGI Fridays,"703 41, schererville, in, 46375, us",18.85,15.17,3.32,4.13,,18,125,4.100000000000001,800+,26.123759999999997,,2,1,0,0,in,46375,0,Lake
1338,TGI Fridays,"6915 w 38th st, indianapolis, in, 46214, us",18.85,15.17,3.78,4.13,,18,125,4.200000000000003,900+,26.137439999999998,,2,1,0,0,in,46214,0,Marion
1339,TGI Fridays,"15190 crossroads pkwy, gulfport, ms, 39503, us",16.09,12.87,2.86,3.67,,10,134,4.199999999999999,1,23.75082089552239,,2,1,0,0,ms,39503,0,Harrison
1340,TGI Fridays,"1516 s willow st, manchester, nh, 03103, us",16.43,13.33,3.09,3.78,,11,132,4.0,1,25.26780303030303,,2,1,0,0,nh,3103,0,Hillsborough
1341,TGI Fridays,"115 hendersonvile rd, asheville, nc, 28803, us",16.66,13.56,3.21,3.78,,11,132,4.2,1,25.39113636363636,,2,1,0,0,nc,28803,0,Buncombe
1342,TGI Fridays,"1100 timber dr e, garner, nc, 27529, us",16.66,13.56,3.21,3.78,,22,264,4.3999999999999995,1,25.391136363636363,,2,1,0,0,nc,27529,0,Wake
1343,TGI Fridays,"4423 w wendover ave, greensboro, nc, 27407, us",16.66,13.56,3.21,3.78,,24,264,4.1000000000000005,1,25.392727272727274,,2,1,0,0,nc,27407,0,Guilford
1344,TGI Fridays,"409 w wt harris blvd, charlotte, nc, 28262, us",16.66,13.56,3.21,3.78,,11,132,4.100000000000001,2,25.388560606060604,,2,1,0,0,nc,28262,0,Mecklenburg
1345,TGI Fridays,"6840 northlake mall drive, charlotte, nc, 28216, us",16.66,13.56,3.21,3.78,,11,132,4.2,2,25.388560606060604,,2,1,0,0,nc,28216,0,Mecklenburg
1346,TGI Fridays,"4239 nw expressway st, oklahoma city, ok, 73116, us",16.66,14.02,3.21,3.78,,11,132,4.3,1,25.151363636363634,,2,1,0,0,ok,73116,0,Oklahoma
1347,TGI Fridays,"2800 oxford dr, bethel park, pa, 15102, us",16.66,13.56,3.21,3.78,,22,264,4.299999999999999,1,25.391136363636363,,2,1,0,0,pa,15102,0,Allegheny
1348,TGI Fridays,"301 rocky run pkwy, wilmington, de, 19803, us",16.66,13.56,3.21,3.78,,12,132,4.100000000000001,1,25.381439393939388,,2,1,0,0,de,19803,0,New Castle
1349,TGI Fridays,"4000 city ave, philadelphia, pa, 19131, us",17.24,14.02,3.32,3.9,,33,385,3.7999999999999994,7,24.734519480519484,,2,1,0,0,pa,19131,0,Philadelphia
1350,TGI Fridays,"395 s cedar crest blvd, allentown, pa, 18103, us",16.43,13.33,3.09,3.78,,12,134,4.300000000000001,2,24.36485074626865,,2,1,0,0,pa,18103,0,Lehigh
1351,TGI Fridays,"240 mall blvd, monroeville, pa, 15146, us",16.66,13.56,3.21,3.78,,11,132,4.2,1,25.388560606060604,,2,1,0,0,pa,15146,0,Allegheny
1352,TGI Fridays,"1835 n highway 17, mount pleasant, sc, 29464, us",16.66,13.56,3.21,3.78,,12,134,4.399999999999999,2,24.466268656716416,,2,1,0,0,sc,29464,0,Charleston
1353,TGI Fridays,"1114 woodruff road, greenville, sc, 29607, us",16.43,13.33,3.09,3.78,,20,264,4.299999999999999,900+,25.566666666666666,,2,1,0,0,sc,29607,0,Greenville
1354,TGI Fridays,"7515 n kings hwy, myrtle beach, sc, 29572, us",16.66,13.56,3.21,3.78,,12,134,4.300000000000001,1,24.466268656716416,,2,1,0,0,sc,29572,0,Horry
1355,TGI Fridays,"12811 s tryon st, charlotte, nc, 28273",16.66,13.56,3.21,3.78,,11,132,3.8999999999999995,1,25.388560606060604,,2,1,0,0,nc,28273,0,Mecklenburg
1356,TGI Fridays,"449 opry mills dr, nashville, tn, 37214, us",16.09,12.87,2.86,3.67,,10,126,4.0,1,24.868015873015874,,2,1,0,0,tn,37214,0,Davidson
1357,TGI Fridays,"2794 parkway, pigeon forge, tn, 37863, us",16.66,14.02,3.21,3.78,,22,264,4.1000000000000005,900+,25.696136363636366,,2,1,0,0,tn,37863,0,Sevier
1358,TGI Fridays,"220 coneflower drive, garland, tx, 75040, us",16.09,12.98,2.86,3.44,,11,134,4.5,1,23.782835820895524,,2,1,0,0,tx,75040,0,Dallas
1359,TGI Fridays,"3700 towne crossing blvd, mesquite, tx, 75150, us",16.09,12.98,2.86,3.44,,11,134,4.100000000000001,1,23.782835820895524,,2,1,0,0,tx,75150,0,Dallas
1360,TGI Fridays,"20430 highway 59 n, humble, tx, 77338",16.09,12.98,2.86,3.44,,22,268,4.3,1,23.782835820895524,,2,1,0,0,tx,77338,0,Harris
1361,TGI Fridays,"311 north clark road, cedar hill, tx, 75104, us",16.09,12.98,2.86,3.44,,11,134,4.199999999999999,1,23.782835820895524,,2,1,0,0,tx,75104,0,Dallas
1362,TGI Fridays,"2502 e springs dr, madison, wi, 53704, us",18.39,15.05,3.44,4.01,,19,125,4.399999999999999,500+,25.86592,,2,1,0,0,wi,53704,0,Dane
1363,Applebee,"2409 south mckenzie street, foley, al, 36535, us",15.69,14.99,4.99,2.49,3.19,6,116,4.100000000000001,900+,21.807241379310348,,3,1,0,0,al,36535,0,Baldwin
1364,Applebee,"2246 bessemer road, birmingham, al, 35208, us",13.79,12.69,2.89,3.49,2.29,11,105,4.100000000000001,1,18.487142857142857,,3,1,0,0,al,35208,0,Jefferson
1365,Applebee,"1250 boots blvd., fultondale, al, 35068, us",13.79,12.69,2.89,3.49,2.29,11,104,4.200000000000001,410+,18.564999999999998,,3,1,0,0,al,35068,0,Jefferson
1366,Applebee,"2933 john hawkins pkwy, hoover, al, 35244, us",13.79,12.69,2.89,3.49,2.29,11,105,4.100000000000001,600+,18.487142857142857,,3,1,0,0,al,35244,0,Shelby
1367,Applebee,"1600 huffman road, center point, al, 35215, us",13.79,12.69,2.89,3.49,2.29,10,101,3.899999999999998,490+,18.768217821782176,,3,1,0,0,al,35215,0,Jefferson
1368,Applebee,"360 cahaba valley road, pelham, al, 35124, us",13.79,12.69,2.89,3.49,2.29,11,105,4.100000000000001,290+,18.487142857142853,,3,1,0,0,al,35124,0,Shelby
1369,Applebee,"4711 norrell drive, trussville, al, 35173, us",13.79,12.69,2.89,3.49,2.29,11,104,4.0,370+,18.564999999999998,,3,1,0,0,al,35173,0,Jefferson
1370,Applebee,"3028 south memorial parkway, huntsville, al, 35801, us",13.79,12.69,2.89,3.49,2.29,9,104,4.3999999999999995,600+,18.66403846153846,,3,1,0,0,al,35801,0,Madison
1371,Applebee,"3150 memorial pkwy nw, huntsville, al, 35810, us",13.79,12.69,2.89,3.49,2.29,10,104,4.3999999999999995,900+,18.702499999999997,,3,1,0,0,al,35810,0,Madison
1372,Applebee,"302 hughes road, madison, al, 35758, us",13.79,12.69,2.89,3.49,2.29,9,103,4.399999999999998,900+,18.76184466019417,,3,1,0,0,al,35758,0,Madison
1373,Applebee,"1331 highway 72 east, athens, al, 35611, us",13.79,12.69,2.89,3.49,2.29,11,106,4.299999999999999,130+,18.421132075471697,,3,1,0,0,al,35611,0,Limestone
1374,Applebee,"959 government blvd, mobile, al, 36604, us",,,,,,10,52,4.1,240+,5.3175,,3,1,0,0,al,36604,0,Mobile
1375,Applebee,"11120 abercorn st, savannah, ga, 31419, us",16.29,14.79,5.39,2.49,2.49,4,113,4.100000000000001,1,21.127168141592918,,3,1,0,0,ga,31419,0,Chatham
1376,Applebee,"160 tanger outlets pkwy., pooler, ga, 31322, us",16.29,14.79,5.39,2.49,,4,112,4.299999999999999,1,21.430178571428574,,3,1,0,0,ga,31322,0,Chatham
1377,Applebee,"587 al henderson blvd., savannah, ga, 31419, us",16.29,14.79,5.39,2.49,2.49,5,117,4.399999999999999,1,20.707094017094015,,3,1,0,0,ga,31419,0,Chatham
1378,Applebee,"475 franklin rd., marietta, ga, 30067, us",15.69,14.99,3.79,2.49,3.19,15,278,4.100000000000001,1,17.694676258992807,,3,1,0,0,ga,30067,0,Cobb
1379,Applebee,"2728 spring rd. se, atlanta, ga, 30339, us",15.69,14.99,3.79,,3.19,32,401,3.899999999999999,2,18.85783042394015,,3,1,0,0,ga,30339,0,Cobb
1380,Applebee,"2445 mall boulevard, kennessaw, ga, 30144, us",15.69,14.99,3.79,2.49,3.19,8,99,4.5,1,17.392020202020205,,3,1,0,0,ga,30144,0,Cobb
1381,Applebee,"901 ridgewalk parkway, woodstock, ga, 30188, us",15.69,14.99,3.79,2.49,3.19,8,106,4.399999999999999,1,20.300377358490564,,3,1,0,0,ga,30188,0,Cherokee
1382,Applebee,"2095 pleasant hill rd, duluth, ga, 30096, us",15.69,14.99,3.79,2.49,3.19,16,210,4.200000000000001,2,20.39190476190477,,3,1,0,0,ga,30096,0,Gwinnett
1383,Applebee,"504 lakeland plaza, cumming, ga, 30040, us",15.69,14.99,3.79,2.49,3.19,8,106,4.5,1,20.300377358490568,,3,1,0,0,ga,30040,0,Forsyth
1384,Applebee,"2945 stonecrest cir., lithonia, ga, 30038, us",15.69,14.99,3.79,2.49,3.19,8,102,4.0,2,20.662549019607837,,3,1,0,0,ga,30038,0,DeKalb
1385,Applebee,"1448 dogwood dr., conyers, ga, 30013, us",15.69,14.99,3.79,2.49,3.19,8,105,4.0,800+,20.374761904761908,,3,1,0,0,ga,30013,0,Rockdale
1386,Applebee,"3690 cascade rd., atlanta, ga, 30331, us",15.69,14.99,3.79,2.49,3.19,16,202,4.100000000000001,5,19.536534653465345,,3,1,0,0,ga,30331,0,Fulton
1387,Applebee,"4705 memorial dr., decatur, ga, 30032, us",15.69,14.99,3.79,2.49,3.19,22,309,4.2,5,19.78126213592233,,3,1,0,0,ga,30032,0,DeKalb
1388,Applebee,"6727 tara blvd., jonesboro, ga, 30236, us",15.69,14.99,3.79,,3.19,14,197,3.8999999999999986,2,21.5651269035533,,3,1,0,0,ga,30236,0,Clayton
1389,Applebee,"550 thornton rd., lithia springs, ga, 30122, us",15.69,14.99,3.79,2.49,3.19,12,197,4.0502538071066,2,20.548375634517768,,3,1,0,0,ga,30122,0,Douglas
1390,Applebee,"6915 douglas blvd., douglasville, ga, 30135, us",15.69,14.99,3.79,2.49,3.19,8,102,4.100000000000002,1,20.403725490196077,,3,1,0,0,ga,30135,0,Douglas
1391,Applebee,"5200 hwy 78, stone mountain, ga, 30087, us",15.69,14.99,3.79,2.49,3.19,8,105,4.200000000000001,2,20.412857142857142,,3,1,0,0,ga,30087,0,DeKalb
1392,Applebee,"655 duluth hwy, lawrenceville, ga, 30046, us",15.69,14.99,3.79,2.49,3.19,8,103,4.3,2,19.943398058252427,,3,1,0,0,ga,30046,0,Gwinnett
1393,Applebee,"1925 scenic hwy, snellville, ga, 30078, us",15.69,14.99,3.79,2.49,3.19,8,105,4.200000000000001,1,20.433809523809526,,3,1,0,0,ga,30078,0,Gwinnett
1394,Applebee,"2810 w. elder street, boise, id, 83705, us",17.49,16.69,4.99,2.49,2.89,9,117,4.399999999999999,1,22.438717948717947,,3,1,0,0,id,83705,0,Ada
1395,Applebee,"7845 west emerald, boise, id, 83704, us",17.49,16.69,4.99,2.49,2.89,8,117,4.399999999999999,600+,22.48145299145299,,3,1,0,0,id,83704,0,Ada
1396,Applebee,"1460 n eagle rd, meridian, id, 83642, us",17.49,16.69,4.99,2.49,2.89,9,116,4.399999999999999,900+,22.609827586206894,,3,1,0,0,id,83642,0,Ada
1397,Applebee,"7025 n. glenwood street, garden city, id, 83714, us",17.49,16.69,4.99,2.49,2.89,9,118,4.5,600+,22.333220338983047,,3,1,0,0,id,83714,0,Ada
1398,Applebee,"8310 east 96th street, fishers, in, 46037, us",16.29,14.99,4.99,2.49,2.89,7,117,4.5,380+,21.091709401709398,,3,1,0,0,in,46037,0,Hamilton
1399,Applebee,"17801 foundation dr, noblesville, in, 46060, us",16.29,14.99,4.49,2.49,2.49,6,115,4.399999999999999,250+,20.251739130434782,,3,1,0,0,in,46060,0,Hamilton
1400,Applebee,"14711 u. s. 31 north, carmel, in, 46033, us",16.29,14.99,4.99,2.49,2.89,7,118,4.5,490+,20.934067796610165,,3,1,0,0,in,46033,0,Hamilton
1401,Applebee,"10655 pendleton pike, indianapolis, in, 46235, us",16.29,14.99,4.49,2.49,2.49,7,117,4.200000000000001,1,20.843846153846147,,3,1,0,0,in,46235,0,Marion
1402,Applebee,"1436 west 86th street, indianapolis, in, 46260, us",16.29,14.99,4.49,2.49,2.49,6,115,4.399999999999999,1,21.009999999999994,,3,1,0,0,in,46260,0,Marion
1403,Applebee,"7345 e. washington street, indianapolis, in, 46219, us",16.29,14.99,4.49,2.49,2.49,12,234,4.200000000000002,1,20.818205128205125,,3,1,0,0,in,46219,0,Marion
1404,Applebee,"330 ridge road, munster, in, 46321, us",15.69,14.99,4.99,2.49,3.19,6,112,4.1000000000000005,600+,22.462321428571432,,3,1,0,0,in,46321,0,Lake
1405,Applebee,"8425 broadway, merrillville, in, 46410, us",15.69,14.99,4.99,2.49,3.19,6,112,4.200000000000001,500+,22.462321428571432,,3,1,0,0,in,46410,0,Lake
1406,Applebee,"6211 highway 6, portage, in, 46368, us",15.69,14.99,4.99,2.49,3.19,6,112,4.200000000000001,600+,21.59714285714286,,3,1,0,0,in,46368,0,Porter
1407,Applebee,"5664 crawfordsville road, speedway, in, 46224, us",16.29,14.99,4.49,2.49,2.49,6,114,4.100000000000001,1,21.249649122807014,,3,1,0,0,in,46224,0,Marion
1408,Applebee,"6301 s e 14th street, des moines, ia, 50320, us",15.0,15.0,5.0,2.5,3.15,13,112,4.200000000000001,600+,22.272767857142856,,3,1,0,0,ia,50320,0,Polk
1409,Applebee,"3900 merle hay road, des moines, ia, 50310, us",15.0,15.0,5.0,2.5,3.15,11,111,4.399999999999998,1,23.304504504504504,,3,1,0,0,ia,50310,0,Polk
1410,Applebee,"11000 metcalf, overland park, ks, 66210, us",14.79,15.39,3.59,4.59,3.09,14,114,4.299999999999999,460+,17.45315789473684,,3,1,0,0,ks,66210,0,Johnson
1411,Applebee,"6800 johnson drive, mission, ks, 66202, us",14.79,15.39,3.59,4.59,,13,110,4.399999999999998,500+,18.20909090909091,,3,1,0,0,ks,66202,0,Johnson
1412,Applebee,"320 s ridge road, wichita, ks, 67209, us",15.0,14.5,5.0,2.5,2.5,13,115,4.200000000000001,600+,22.277391304347823,,3,1,0,0,ks,67209,0,Sedgwick
1413,Applebee,"4760 s broadway, wichita, ks, 67216, us",15.0,14.5,5.0,2.5,2.5,19,123,4.399999999999999,900+,21.291869918699188,,3,1,0,0,ks,67216,0,Sedgwick
1414,Applebee,"1761 sharkey way, lexington, ky, 40511, us",15.69,14.99,,2.49,3.19,4,108,4.299999999999999,900+,23.149259259259264,,3,1,0,0,ky,40511,0,Fayette
1415,Applebee,"113 n. plaza drive, nicholasville, ky, 40356, us",15.69,14.99,4.99,2.49,3.19,6,109,4.0,220+,21.687247706422017,,3,1,0,0,ky,40356,0,Jessamine
1416,Applebee,"greentree mall, clarksville, in, 47129, us",14.19,12.99,3.59,3.59,2.39,13,110,3.899999999999998,380+,22.073636363636364,,3,1,0,0,in,47129,0,Clark
1417,Applebee,"4717 dixie highway, louisville, ky, 40216, us",14.19,12.99,3.59,3.59,2.39,13,111,4.0,600+,21.48369369369369,,3,1,0,0,ky,40216,0,Jefferson
1418,Applebee,"9702 airline hwy, baton rouge, la, 70809, us",15.29,14.39,2.99,2.39,2.99,5,114,4.100000000000001,1,19.553157894736838,,3,1,0,0,la,70809,0,East Baton Rouge
1419,Applebee,"1220 s clearview pkwy ste 1172, harahan, la, 70123, us",15.29,14.39,2.99,2.39,2.99,5,118,4.299999999999999,1,21.04,,3,1,0,0,la,70123,0,Jefferson
1420,Applebee,"3701 veterans memorial blvd, metairie, la, 70002, us",15.29,14.39,2.99,2.39,2.99,10,228,4.200000000000001,1,21.589122807017542,,3,1,0,0,la,70002,0,Jefferson
1421,Applebee,"5630 johnston street, lafayette, la, 70503, us",15.29,14.39,2.99,2.39,2.99,5,118,4.299999999999999,260+,21.04,,3,1,0,0,la,70503,0,Lafayette
1422,Applebee,"4005 general degaulle, new orleans, la, 70114, us",15.29,14.39,2.99,2.39,2.99,5,117,4.100000000000001,1,21.08230769230769,,3,1,0,0,la,70114,0,Orleans
1423,Applebee,"850 e i 10 service rd, slidell, la, 70461, us",15.29,14.39,2.99,2.39,2.99,5,116,4.299999999999999,700+,21.257241379310337,,3,1,0,0,la,70461,0,St. Tammany
1424,Applebee,"9319 hwy 49, gulfport, ms, 39503, us",13.79,12.69,2.89,3.49,2.29,12,105,4.100000000000001,600+,19.7347619047619,,3,1,0,0,ms,39503,0,Harrison
1425,Applebee,"951 cedar lake road, biloxi, ms, 39532, us",13.79,12.69,2.89,3.49,2.29,12,109,4.399999999999998,700+,19.422110091743114,,3,1,0,0,ms,39532,0,Harrison
1426,Applebee,"581 2nd st, manchester, nh, 03102, us",16.99,15.99,5.79,2.49,2.49,9,112,4.5,1,21.81232142857143,,3,1,0,0,nh,3102,0,Hillsborough
1427,Applebee,"1273, hooksett, nh, 03106, us",16.99,15.99,5.79,2.49,2.49,10,116,4.5,470+,22.353793103448275,,3,1,0,0,nh,3106,0,Merrimack
1428,Applebee,"1464 woodbury ave, portsmouth, nh, 03801, us",16.99,15.99,5.79,2.49,2.49,9,117,4.5,900+,22.567777777777774,,3,1,0,0,nh,3801,0,Rockingham
1429,Applebee,"indian brook dr, dover, nh, 03820, us",16.99,15.99,5.79,2.49,2.49,9,122,4.299999999999998,700+,25.795737704918032,,3,1,0,0,nh,3820,0,Strafford
1430,Applebee,"279 smokey park hwy., asheville, nc, 28806, us",15.0,13.75,5.0,2.5,3.15,9,114,4.299999999999999,1,22.55614035087719,,3,1,0,0,nc,28806,0,Buncombe
1431,Applebee,"1635 four seasons blvd, hendersonville, nc, 28792, us",15.0,13.75,5.0,2.5,3.15,10,116,4.299999999999999,500+,22.296551724137927,,3,1,0,0,nc,28792,0,Henderson
1432,Applebee,"1961 skibo rd., fayetteville, nc, 28314, us",15.0,13.75,5.0,2.5,3.15,10,117,4.100000000000001,1,22.12735042735043,,3,1,0,0,nc,28314,0,Cumberland
1433,Applebee,"5225 ramsey st, fayetteville, nc, 28311, us",15.0,13.75,5.0,2.5,3.15,10,116,4.299999999999999,1,22.296551724137927,,3,1,0,0,nc,28311,0,Cumberland
1434,Applebee,"7831 target cir, raleigh, nc, 27616, us",15.0,13.75,5.0,2.5,3.15,9,113,4.200000000000001,800+,22.027876106194686,,3,1,0,0,nc,27616,0,Wake
1435,Applebee,"6609, knightdale, nc, 27545, us",15.0,13.75,5.0,2.5,3.15,9,116,4.100000000000001,1,22.339655172413792,,3,1,0,0,nc,27545,0,Wake
1436,Applebee,"1990 griffith rd., winston-salem, nc, 27103, us",15.0,13.75,5.0,2.5,3.15,10,114,4.200000000000001,800+,22.643859649122806,,3,1,0,0,nc,27103,0,Forsyth
1437,Applebee,"4690 n. patterson ave., winston-salem, nc, 27105, us",15.0,13.75,5.0,2.5,3.15,10,114,4.299999999999999,1,22.44736842105263,,3,1,0,0,nc,27105,0,Forsyth
1438,Applebee,"3200 battleground ave., greensboro, nc, 27408, us",15.0,13.75,5.0,2.5,3.15,10,115,4.299999999999999,1,22.43695652173913,,3,1,0,0,nc,27408,0,Guilford
1439,Applebee,"4406 w. wendover ave., greensboro, nc, 27407, us",15.0,13.75,5.0,2.5,3.15,10,115,4.0,700+,22.46869565217391,,3,1,0,0,nc,27407,0,Guilford
1440,Applebee,"8700 jw clay blvd., charlotte, nc, 28262, us",15.0,13.75,5.0,2.5,3.15,20,232,4.100000000000001,1,22.296551724137927,,3,1,0,0,nc,28262,0,Mecklenburg
1441,Applebee,"9616 e. independence blvd., matthews, nc, 28105, us",15.0,13.75,5.0,2.5,3.15,20,232,4.200000000000001,1,22.296551724137927,,3,1,0,0,nc,28105,0,Mecklenburg
1442,Applebee,"137 norman station blvd., mooresville, nc, 28117, us",15.0,13.75,5.0,2.5,3.15,10,116,4.200000000000001,500+,22.296551724137927,,3,1,0,0,nc,28117,0,Iredell
1443,Applebee,"1240, concord, nc, 28025, us",15.0,13.75,5.0,2.5,3.15,10,116,4.200000000000001,900+,22.296551724137927,,3,1,0,0,nc,28025,0,Cabarrus
1444,Applebee,"1113 newpointe boulevard, leland, nc, 28451, us",15.0,13.75,5.0,2.5,3.15,10,116,4.299999999999999,600+,22.231896551724134,,3,1,0,0,nc,28451,0,Brunswick
1445,Applebee,"2401 s i 35 service rd, moore, ok, 73160, us",14.19,12.99,3.59,3.59,2.39,14,109,4.399999999999998,280+,20.983577981651372,,3,1,0,0,ok,73160,0,Cleveland
1446,Applebee,"608 s air depot blvd, midwest city, ok, 73110, us",14.19,12.99,3.59,3.59,2.39,28,219,4.6000000000000005,370+,20.11694063926941,,3,1,0,0,ok,73110,0,Oklahoma
1447,Applebee,"1020 e state hwy 152, mustang, ok, 73064, us",14.19,12.99,3.59,3.59,2.39,13,108,4.200000000000001,220+,21.035370370370373,,3,1,0,0,ok,73064,0,Canadian
1448,Applebee,"6020 sw 3rd street, oklahoma city, ok, 73128, us",14.19,12.99,3.59,3.59,2.39,28,223,4.3,300+,20.68865470852018,,3,1,0,0,ok,73128,0,Oklahoma
1449,Applebee,"11104 e 41st street, tulsa, ok, 74146, us",14.19,12.99,3.59,3.59,2.39,14,111,3.8999999999999977,250+,20.76567567567567,,3,1,0,0,ok,74146,0,Tulsa
1450,Applebee,"2101 greentree rd, pittsburgh, pa, 15220, us",16.69,15.39,4.99,2.49,2.49,14,233,4.3999999999999995,1,19.04793991416309,,3,1,0,0,pa,15220,0,Allegheny
1451,Applebee,"1601 south braddock avenue, pittsburgh, pa, 15218, us",16.69,15.39,4.99,2.49,2.49,7,116,4.299999999999999,2,20.65551724137931,,3,1,0,0,pa,15218,0,Allegheny
1452,Applebee,"2045 lebanon church rd, pittsburgh, pa, 15236, us",16.69,15.39,4.99,2.49,2.49,6,113,4.200000000000001,2,20.173185840707962,,3,1,0,0,pa,15236,0,Allegheny
1453,Applebee,"1905 ridgewood road, wyomissing, pa, 19610, us",16.79,15.59,6.39,2.99,3.59,7,116,4.399999999999999,1,19.211551724137923,,3,1,0,0,pa,19610,0,Berks
1454,Applebee,"3050 n. 5th street highway, reading, pa, 19605, us",16.79,15.59,6.39,2.99,3.59,7,113,4.299999999999999,700+,19.111238938053095,,3,1,0,0,pa,19605,0,Berks
1455,Applebee,"3219 st rd, bensalem, pa, 19020, us",16.79,15.59,6.39,2.99,3.59,7,115,4.399999999999999,1,19.29521739130434,,3,1,0,0,pa,19020,0,Bucks
1456,Applebee,"2 west road, newtown, pa, 18940, us",16.79,15.59,6.39,2.99,3.59,7,115,4.5,370+,19.29521739130434,,3,1,0,0,pa,18940,0,Bucks
1457,Applebee,"1107, west chester, pa, 19382, us",16.79,15.59,6.39,2.99,3.59,7,115,4.600000000000001,900+,19.35260869565217,,3,1,0,0,pa,19382,0,Chester
1458,Applebee,"815 e. baltimore pike, kennett sq, pa, 19348, us",16.79,15.59,6.39,2.99,3.59,7,116,4.100000000000001,100+,19.211551724137923,,3,1,0,0,pa,19348,0,Chester
1459,Applebee,"320 macdade blvd., ridley, pa, 19033, us",16.79,15.59,6.39,2.99,3.59,7,115,4.399999999999999,3,19.295217391304345,,3,1,0,0,pa,19033,0,Delaware
1460,Applebee,"4301 pennell road, aston, pa, 19014, us",16.79,15.59,6.39,2.99,3.59,7,115,4.299999999999999,1,19.295217391304337,,3,1,0,0,pa,19014,0,Delaware
1461,Applebee,"2321 lincoln highway east, lancaster, pa, 17602, us",14.99,13.59,5.49,1.19,2.89,10,106,4.399999999999999,390+,18.961698113207547,,3,1,0,0,pa,17602,0,Lancaster
1462,Applebee,"320 e. main street, ephrata, pa, 17522, us",14.99,13.59,5.49,1.19,2.89,10,104,4.3999999999999995,150+,19.338076923076922,,3,1,0,0,pa,17522,0,Lancaster
1463,Applebee,"2109motel drive, bethlehem, pa, 18018, us",16.79,15.59,6.39,2.99,3.59,7,116,4.5,1,19.211551724137923,,3,1,0,0,pa,18018,0,Lehigh
1464,Applebee,"1510 n cedar crest blvd, allentown, pa, 18104, us",16.79,15.59,6.39,2.99,3.59,7,116,4.399999999999999,1,19.211551724137923,,3,1,0,0,pa,18104,0,Lehigh
1465,Applebee,"2710 dekalb pike, east norriton, pa, 19401, us",16.79,15.59,6.39,2.99,3.59,7,115,4.5,1,19.29521739130434,,3,1,0,0,pa,19401,0,Montgomery
1466,Applebee,"555 s. trooper road, audubon, pa, 19403, us",16.79,15.59,6.39,2.99,3.59,6,114,4.399999999999999,900+,19.417192982456136,,3,1,0,0,pa,19403,0,Montgomery
1467,Applebee,"1308 w girard ave, philadelphia, pa, 19123, us",16.79,15.59,,,,1,55,4.199999999999998,2,21.45727272727273,,3,1,0,0,pa,19123,0,Philadelphia
1468,Applebee,"2501 aramingo ave., port richmond, pa, 19125, us",16.79,15.59,6.39,2.99,3.59,7,115,4.399999999999999,3,19.29521739130434,,3,1,0,0,pa,19125,0,Philadelphia
1469,Applebee,"4920 william penn hwy, murrysville, pa, 15632, us",16.69,15.39,4.99,2.49,2.49,7,119,4.600000000000001,350+,20.596722689075623,,3,1,0,0,pa,15632,0,Westmoreland
1470,Applebee,"3440 william penn highway, pittsburgh, pa, 15235, us",16.69,15.39,4.99,2.49,2.49,5,112,4.3999999999999995,1,21.071250000000003,,3,1,0,0,pa,15235,0,Allegheny
1471,Applebee,"101 northern way, york, pa, 17402, us",14.99,13.59,5.49,1.19,2.89,10,107,4.100000000000001,600+,19.067570093457945,,3,1,0,0,pa,17402,0,York
1472,Applebee,"11 towne drive, bluffton, sc, 29910-4201, us",,,,4.36,,10,122,4.399999999999999,79,12.141803278688526,,3,1,0,0,sc,29910,0,Beaufort
1473,Applebee,"88 old trolley rd, summerville, sc, 29485, us",15.0,13.75,5.0,2.5,3.15,10,117,4.200000000000001,2,22.12735042735043,,3,1,0,0,sc,29485,0,Dorchester
1474,Applebee,"430 congaree rd., greenville, sc, 29607, us",15.0,13.75,5.0,2.5,3.15,20,233,4.1000000000000005,800+,22.24377682403433,,3,1,0,0,sc,29607,0,Greenville
1475,Applebee,"5055 calhoun memorial hwy, easley, sc, 29640, us",15.0,13.75,5.0,2.5,3.15,20,232,4.299999999999999,800+,22.348275862068963,,3,1,0,0,sc,29640,0,Pickens
1476,Applebee,"1647 church st., conway, sc, 29526, us",15.0,13.75,5.0,,3.15,9,106,4.0,1,24.110849056603772,,3,1,0,0,sc,29526,0,Horry
1477,Applebee,"605 columbia ave, lexington, sc, 29072, us",15.0,13.75,5.0,2.5,3.15,10,117,4.200000000000001,800+,21.723504273504275,,3,1,0,0,sc,29072,0,Lexington
1478,Applebee,"2815 augusta rd., west columbia, sc, 29170, us",15.0,13.75,5.0,2.5,3.15,18,228,4.399999999999999,1,22.621929824561402,,3,1,0,0,sc,29170,0,Lexington
1479,Applebee,"4505 devine st, columbia, sc, 29205, us",15.0,13.75,5.0,2.5,3.15,9,111,4.0,1,21.107207207207203,,3,1,0,0,sc,29205,0,Richland
1480,Applebee,"704 w. wade hampton blvd., greer, sc, 29651, us",15.0,13.75,5.0,2.5,3.15,10,116,4.200000000000001,1,21.555172413793102,,3,1,0,0,sc,29651,0,Greenville
1481,Applebee,"2227 dave lyle blvd, rock hill, sc, 29730, us",15.0,13.75,5.0,2.5,3.15,10,115,4.0,450+,22.403478260869566,,3,1,0,0,sc,29730,0,York
1482,Applebee,"10921 carolina pl. pkwy., pineville, nc, 28134, us",15.0,13.75,5.0,2.5,3.15,10,108,4.100000000000001,800+,21.688425925925927,,3,1,0,0,nc,28134,0,Mecklenburg
1483,Applebee,"1268 highway 9 bypass, lancaster, sc, 29720, us",15.0,13.75,5.0,2.5,3.15,10,116,4.0,48,22.29655172413793,,3,1,0,0,sc,29720,0,Lancaster
1484,Applebee,"718 thompson lane, nashville, tn, 37204, us",15.0,14.5,5.0,2.5,2.5,26,224,4.299999999999999,2,22.673214285714284,,3,1,0,0,tn,37204,0,Davidson
1485,Applebee,"5606 brainerd road, chattanooga, tn, 37411, us",13.79,12.69,2.89,3.49,2.29,9,107,4.299999999999999,500+,18.631121495327104,,3,1,0,0,tn,37411,0,Hamilton
1486,Applebee,"5595 hwy 153, hixson, tn, 37343, us",13.79,12.69,2.89,3.49,2.29,12,111,4.5,270+,19.716126126126124,,3,1,0,0,tn,37343,0,Hamilton
1487,Applebee,"5316 central avenue pike, knoxville, tn, 37912, us",13.79,12.69,2.89,3.49,2.29,11,106,4.399999999999999,1,19.559811320754715,,3,1,0,0,tn,37912,0,Knox
1488,Applebee,"2912, knoxville, tn, 37924, us",13.79,12.69,2.89,3.49,2.29,20,213,4.299999999999999,1,20.315352112676056,,3,1,0,0,tn,37924,0,Knox
1489,Applebee,"106 se broad st, murfreesboro, tn, 37130, us",,,,,,25,121,4.299999999999999,800+,3.898099173553719,,3,1,0,0,tn,37130,0,Rutherford
1490,Applebee,"207 collier drive, sevierville, tn, 37862, us",13.79,12.69,2.89,3.49,2.29,12,109,4.200000000000001,500+,19.971651376146788,,3,1,0,0,tn,37862,0,Sevier
1491,Applebee,"2564, alcoa, tn, 37701, us",13.79,12.69,2.89,3.49,2.29,12,110,4.399999999999998,800+,19.821818181818177,,3,1,0,0,tn,37701,0,Blount
1492,Applebee,"2114 union ave, memphis, tn, 38104, us",16.79,16.19,3.59,2.39,3.59,3,111,3.8999999999999977,2,18.122432432432436,,3,1,0,0,tn,38104,0,Shelby
1493,Applebee,"208 west service road, west memphis, ar, 72301, us",16.79,16.19,3.59,2.39,3.59,3,113,4.100000000000001,230+,18.62274336283186,,3,1,0,0,ar,72301,0,Crittenden
1494,Applebee,"705 s james campbell blvd, columbia, tn, 38401, us",15.0,14.5,5.0,2.5,2.5,13,116,4.200000000000001,330+,22.257758620689653,,3,1,0,0,tn,38401,0,Maury
1495,Applebee,"2700 east central texas exp., killeen, tx, 76543, us",17.49,16.29,3.79,2.49,3.19,6,114,4.200000000000001,2,21.211929824561402,,3,1,0,0,tx,76543,0,Bell
1496,Applebee,"2525 e. highway 190, copperas cove, tx, 76522, us",17.49,16.29,3.79,2.49,3.19,7,113,4.299999999999999,1,20.857256637168142,,3,1,0,0,tx,76522,0,Coryell
1497,Applebee,"1511 s.w. military drive, san antonio, tx, 78221, us",16.29,14.99,3.79,2.49,3.19,7,103,4.2,800+,19.449223300970875,,3,1,0,0,tx,78221,0,Bexar
1498,Applebee,"97 loop 410 ne., san antonio, tx, 78216, us",16.29,14.99,3.79,2.49,3.19,7,108,4.399999999999999,1,19.451111111111103,,3,1,0,0,tx,78216,0,Bexar
1499,Applebee,"7880 ih 35 north, san antonio, tx, 78218, us",16.29,14.99,3.79,2.49,3.19,7,106,4.200000000000001,1,19.771132075471694,,3,1,0,0,tx,78218,0,Bexar
1500,Applebee,"5103 fairmont parkway, pasadena, tx, 77505, us",17.49,16.29,3.79,2.49,3.19,24,463,4.399999999999999,700+,21.495831533477322,,3,1,0,0,tx,77505,0,Harris
1501,Applebee,"5911 sam, houston, tx, 77049, us",17.49,16.29,3.79,2.49,3.19,24,459,4.299999999999999,800+,21.579542483660134,,3,1,0,0,tx,77049,0,Harris
1502,Applebee,"12740 southwest freeway, stafford, tx, 77477, us",17.49,16.29,3.79,2.49,3.19,14,231,4.100000000000001,1,21.444545454545455,,3,1,0,0,tx,77477,0,Fort Bend
1503,Applebee,"2959 n loop w fwy, houston, tx, 77008, us",17.49,16.29,3.79,2.49,3.19,14,233,4.200000000000002,1,21.37884120171674,,3,1,0,0,tx,77008,0,Harris
1504,Applebee,"105 dominik dr, college station, tx, 77840, us",,,,,,10,65,4.5,900+,11.376615384615384,,3,1,0,0,tx,77840,0,Brazos
1505,Applebee,"4385 frontage road, brownsville, tx, 78520, us",15.69,14.99,,2.49,3.19,5,111,3.8999999999999977,93,22.61972972972973,,3,1,0,0,tx,78520,0,Cameron
1506,Applebee,"125 north plano road, richardson, tx, 75081, us",17.49,16.29,3.79,2.49,3.19,6,117,4.399999999999999,1,21.30880341880342,,3,1,0,0,tx,75081,0,Dallas
1507,Applebee,"3565 frankford road, dallas, tx, 75287, us",17.49,16.29,3.79,2.49,3.19,7,114,4.299999999999999,1,20.564561403508772,,3,1,0,0,tx,75287,0,Collin
1508,Applebee,"3426 w illinois ave, dallas, tx, 75211, us",17.49,16.29,3.79,2.49,3.19,14,232,4.200000000000001,1,21.42793103448276,,3,1,0,0,tx,75211,0,Dallas
1509,Applebee,"6464 e. northwest highway, dallas, tx, 75214, us",17.49,16.29,3.79,2.49,3.19,7,117,4.299999999999999,1,21.266068376068375,,3,1,0,0,tx,75214,0,Dallas
1510,Applebee,"1901 north beltline road, irving, tx, 75061, us",17.49,16.29,3.79,2.49,3.19,6,114,4.299999999999999,2,21.655789473684212,,3,1,0,0,tx,75061,0,Dallas
1511,Applebee,"6600 west freeway, fort worth, tx, 76116, us",17.49,16.29,3.79,2.49,3.19,7,117,4.299999999999999,1,21.266068376068375,,3,1,0,0,tx,76116,0,Tarrant
1512,Applebee,"6301, lake worth, tx, 76135, us",17.49,16.29,3.79,2.49,3.19,7,116,4.200000000000001,700+,21.42793103448276,,3,1,0,0,tx,76135,0,Tarrant
1513,Applebee,"5800 n mesa st, el paso, tx, 79912, us",14.59,13.79,4.79,4.39,4.69,19,113,4.6000000000000005,1,21.10858407079646,,3,1,0,0,tx,79912,0,El Paso
1514,Applebee,"1766 airway blvd, el paso, tx, 79925, us",14.59,13.79,4.79,4.39,4.69,18,112,4.6000000000000005,1,21.256071428571424,,3,1,0,0,tx,79925,0,El Paso
1515,Applebee,"19625 restaurant row, houston, tx, 77084, us",17.49,16.29,3.79,2.49,3.19,7,117,4.200000000000001,1,21.33017094017094,,3,1,0,0,tx,77084,0,Harris
1516,Applebee,"514 e expressway 83, mcallen, tx, 78503, us",15.69,14.99,4.99,2.49,3.19,6,113,4.399999999999999,180+,22.138672566371678,,3,1,0,0,tx,78503,0,Hidalgo
1517,Applebee,"4601 n 10th street, mcallen, tx, 78504, us",15.69,14.99,4.99,2.49,3.19,6,115,4.5,500+,21.975217391304348,,3,1,0,0,tx,78504,0,Hidalgo
1518,Applebee,"490 park st, beaumont, tx, 77701, us",,,,,,11,77,4.699999999999999,55,8.46116883116883,,3,1,0,0,tx,77701,0,Jefferson
1519,Applebee,"4025 south loop, lubbock, tx, 79423, us",15.69,14.99,4.99,2.49,3.19,6,114,4.0,600+,22.058421052631576,,3,1,0,0,tx,79423,0,Lubbock
1520,Applebee,"500 cleveland, waco, tx, 76706, us",,,,,,14,44,4.1,1,3.8788636363636355,,3,1,0,0,tx,76706,0,McLennan
1521,Applebee,"6691 s. padre island dr., corpus christi, tx, 78412, us",15.69,14.99,4.99,2.49,3.19,6,110,4.399999999999998,700+,22.49454545454546,,3,1,0,0,tx,78412,0,Nueces
1522,Applebee,"1820 highway 181, portland, tx, 78374, us",15.69,14.99,4.99,2.49,3.19,6,112,4.5,200+,22.462321428571425,,3,1,0,0,tx,78374,0,San Patricio
1523,Applebee,"4654 south cooper street, arlington, tx, 76017, us",17.49,16.29,3.79,2.49,3.19,7,118,4.200000000000001,1,21.17050847457627,,3,1,0,0,tx,76017,0,Tarrant
1524,Applebee,"2415 w interstate 20, grand prairie, tx, 75052, us",17.49,16.29,3.79,2.49,3.19,7,116,4.200000000000001,1,21.490000000000002,,3,1,0,0,tx,75052,0,Dallas
1525,Applebee,"6315 s interstate highway 35, austin, tx, 78744, us",17.49,16.29,3.79,2.49,3.19,14,232,4.299999999999999,1,21.406379310344832,,3,1,0,0,tx,78744,0,Travis
1526,Applebee,"11013 lakeline mall drive, cedar park, tx, 78613, us",17.49,16.29,3.79,2.49,3.19,14,229,4.299999999999999,1,21.522751091703057,,3,1,0,0,tx,78613,0,Williamson
1527,Applebee,"2700 parker rd ste a, round rock, tx, 78681, us",17.49,16.29,3.79,2.49,3.19,21,341,4.100000000000001,1,20.563020527859237,,3,1,0,0,tx,78681,0,Williamson
1528,Applebee,"5363, kyle, tx, 78640, us",16.29,14.99,3.79,2.49,3.19,7,100,4.3,1,19.001,,3,1,0,0,tx,78640,0,Hays
1529,Applebee,"350 s interstate highway 35, georgetown, tx, 78626, us",17.49,16.29,3.79,2.49,3.19,14,233,4.3999999999999995,600+,21.37884120171674,,3,1,0,0,tx,78626,0,Williamson
1530,Applebee,"1622 n. 1000 west, layton, ut, 84041, us",13.39,12.99,3.19,1.19,2.89,5,118,4.600000000000001,600+,18.443389830508472,,3,1,0,0,ut,84041,0,Davis
1531,Applebee,"1125 w riverdale rd, ogden, ut, 84405, us",13.39,12.99,3.19,1.19,2.89,5,118,4.299999999999999,900+,18.443389830508472,,3,1,0,0,ut,84405,0,Weber
1532,Applebee,"2175 w city center ct, west valley city, ut, 84119, us",13.39,12.99,3.19,1.19,2.89,5,119,4.5,1,18.345462184873952,,3,1,0,0,ut,84119,0,Salt Lake
1533,Applebee,"5678 s redwood rd, taylorsville, ut, 84118, us",13.39,12.99,3.19,1.19,2.89,5,119,4.5,900+,18.34546218487395,,3,1,0,0,ut,84118,0,Salt Lake
1534,Applebee,"290 west 1300 south, orem, ut, 84058, us",13.39,12.99,3.19,1.19,2.89,5,119,4.2,490+,18.345462184873952,,3,1,0,0,ut,84058,0,Utah
1535,Applebee,"2420 e. mason street, green bay, wi, 54311, us",15.39,14.59,3.59,3.59,2.39,11,113,4.399999999999999,400+,20.537787610619468,,3,1,0,0,wi,54311,0,Brown
1536,Applebee,"900 hansen road, green bay, wi, 54304, us",15.39,14.59,3.59,3.59,2.39,11,111,4.399999999999998,700+,20.800810810810805,,3,1,0,0,wi,54304,0,Brown
1537,Applebee,"4710 east towne boulevard, madison, wi, 53704, us",15.39,14.59,3.59,3.59,2.39,11,112,4.3999999999999995,500+,20.882857142857144,,3,1,0,0,wi,53704,0,Dane
1538,Applebee,"1834 miller park way, milwaukee, wi, 53219, us",15.39,14.59,3.59,3.59,2.39,11,110,3.899999999999998,270+,20.95272727272727,,3,1,0,0,wi,53219,0,Milwaukee
1539,Applebee,"2865 s. 108th street, west allis, wi, 53227, us",15.39,14.59,3.59,3.59,2.39,22,230,3.7999999999999994,350+,21.890000000000004,,3,1,0,0,wi,53227,0,Milwaukee
1540,Applebee,"3100 golf road, delafield, wi, 53018, us",15.39,14.59,3.59,3.59,2.39,11,114,4.6000000000000005,69,20.492631578947368,,3,1,0,0,wi,53018,0,Waukesha
1541,Applebee,"w ih 10, san antonio, tx, 78249, us",16.29,14.99,3.79,2.49,3.19,6,106,4.399999999999999,800+,19.35132075471698,,3,1,0,0,tx,78249,0,Bexar
1542,Applebee,"1600 rocky run pkwy., wilmington, de, 19803, us",17.29,16.99,6.69,2.49,3.29,7,124,4.299999999999998,200+,26.539193548387097,,3,1,0,0,de,19803,0,New Castle
1543,Applebee,"7602 warren h abernathy hwy, spartanburg, sc, 29301, us",15.0,13.75,5.0,2.5,3.15,9,114,4.299999999999999,600+,22.59561403508772,,3,1,0,0,sc,29301,0,Spartanburg
1544,Applebee,"1063 east street road, upper southampton, pa, 18966, us",16.79,15.59,6.39,2.99,3.59,7,116,4.5,700+,19.242586206896544,,3,1,0,0,pa,18966,0,Bucks
1545,Applebee,"24041 southland dr, hayward, ca, 94545, us",19.19,16.69,5.79,2.49,3.79,10,121,4.399999999999999,1,25.01892561983471,,3,1,0,0,ca,94545,1,Alameda
1546,Applebee,"1041 admiral callaghan lane, vallejo, ca, 94591, us",17.89,16.69,5.79,2.49,3.49,6,121,4.299999999999999,900+,25.874297520661155,,3,1,0,0,ca,94591,1,Solano
1547,Applebee,"261 north peters road, knoxville, tn, 37923, us",13.79,12.69,2.89,3.49,,12,109,4.299999999999999,900+,20.034954128440365,,3,1,0,0,tn,37923,0,Knox
1548,Applebee,"7135 s. 13th street, oak creek, wi, 53154, us",15.39,14.59,3.59,3.59,2.39,12,115,3.7999999999999994,800+,20.95260869565217,,3,1,0,0,wi,53154,0,Milwaukee
1549,Applebee,"4039 washington road, mcmurray, pa, 15317, us",16.69,15.39,4.99,2.49,2.49,6,116,4.5,470+,19.767586206896546,,3,1,0,0,pa,15317,0,Washington
1550,Applebee,"4808, dublin, ca, 94568, us",17.89,16.69,5.79,2.49,3.49,6,121,4.399999999999999,470+,26.609834710743804,,3,1,0,0,ca,94568,1,Alameda
1551,Applebee,"995 i-35, new braunfels, tx, 78130, us",16.29,14.99,3.79,2.49,3.19,7,103,4.3,800+,19.368640776699028,,3,1,0,0,tx,78130,0,Guadalupe
1552,Buffalo Wild Wings,"6341 airport blvd, mobile, al, 36608, us",18.29,14.29,4.79,3.99,1.99,11,200,4.100000000000001,1,7.756699999999999,,3,1,0,0,al,36608,0,Mobile
1553,Buffalo Wild Wings,"2600 south mckenzie street, foley, al, 36535, us",18.29,14.29,4.79,2.99,1.99,5,96,4.200000000000001,460+,7.474062499999998,,3,1,0,0,al,36535,0,Baldwin
1554,Buffalo Wild Wings,"1416 4th ave s, birmingham, al, 35233, us",17.29,13.29,5.29,3.99,1.99,4,89,4.100000000000001,310+,7.407078651685391,,3,1,0,0,al,35233,0,Jefferson
1555,Buffalo Wild Wings,"640 montgomery highway, vestavia hills, al, 35216, us",,11.29,4.29,,1.99,4,60,4.300000000000001,66,5.670333333333335,,3,1,0,0,al,35216,0,Jefferson
1556,Buffalo Wild Wings,"4507 riverview pkwy ste 108, birmingham, al, 35242, us",17.29,13.29,5.29,3.99,1.99,4,94,4.399999999999998,100+,7.471063829787234,,3,1,0,0,al,35242,0,Shelby
1557,Buffalo Wild Wings,"2505 caufield dr, gardendale, al, 35071, us",17.29,13.29,5.29,3.99,1.99,4,94,4.399999999999998,80,7.471063829787234,,3,1,0,0,al,35071,0,Jefferson
1558,Buffalo Wild Wings,"2772 john hawkins pkwy ste 100, hoover, al, 35244, us",17.29,13.29,5.29,3.99,1.99,4,94,4.399999999999998,150+,7.471063829787234,,3,1,0,0,al,35244,0,Shelby
1559,Buffalo Wild Wings,"5915 trussville crossings pkwy, birmingham, al, 35235, us",17.29,13.29,5.29,3.99,1.99,4,93,4.100000000000002,120+,7.4170967741935465,,3,1,0,0,al,35235,0,Jefferson
1560,Buffalo Wild Wings,"7042 highway 72 w, huntsville, al, 35806, us",17.29,13.29,5.29,3.99,2.29,4,95,4.100000000000002,700+,7.379684210526315,,3,1,0,0,al,35806,0,Madison
1561,Buffalo Wild Wings,"7700 abercorn st, savannah, ga, 31406, us",17.29,13.29,4.79,2.29,1.99,6,106,4.100000000000001,2,7.699150943396224,,3,1,0,0,ga,31406,0,Chatham
1562,Buffalo Wild Wings,"1323 benton blvd., pooler, ga, 31322, us",17.29,13.29,4.79,2.29,1.99,6,105,4.0,2,7.697333333333331,,3,1,0,0,ga,31322,0,Chatham
1563,Buffalo Wild Wings,"21, bluffton, sc, 29910, us",17.79,13.79,4.79,2.29,1.99,12,212,4.399999999999999,800+,7.847264150943394,,3,1,0,0,sc,29910,0,Beaufort
1564,Buffalo Wild Wings,"10890 haynes bridge rd, alpharetta, ga, 30022, us",17.79,13.79,4.79,2.29,1.99,11,202,4.0,1,7.586237623762375,,3,1,0,0,ga,30022,0,Fulton
1565,Buffalo Wild Wings,"1260 hammond drive northeast, dunwoody, ga, 30346, us",17.79,13.79,4.79,2.29,,11,195,3.600000000000001,500+,7.669179487179485,,3,1,0,0,ga,30346,0,DeKalb
1566,Buffalo Wild Wings,"5840 roswell rd, sandy springs, ga, 30328, us",,11.79,3.79,,1.99,9,185,4.399999999999999,1,5.758972972972972,,3,1,0,0,ga,30328,0,Fulton
1567,Buffalo Wild Wings,"6135 parkway pkwy nw, peachtree corners, ga, 30092, us",17.79,13.79,4.79,2.29,1.99,11,190,4.0,1,7.7651578947368405,,3,1,0,0,ga,30092,0,Gwinnett
1568,Buffalo Wild Wings,"5267 buford highway northeast, doraville, ga, 30340, us",,11.79,3.79,,1.99,12,250,4.6,150+,5.8223199999999995,,3,1,0,0,ga,30340,0,DeKalb
1569,Buffalo Wild Wings,"125 barrett pkwy, marietta, ga, 30066, us",17.79,13.99,4.79,2.29,1.99,5,96,4.200000000000001,1,7.435520833333331,,3,1,0,0,ga,30066,0,Cobb
1570,Buffalo Wild Wings,"4650 hugh howell road, tucker, ga, 30084, us",,11.79,3.79,,1.99,6,130,4.3,1,5.964153846153845,,3,1,0,0,ga,30084,0,DeKalb
1571,Buffalo Wild Wings,"4325 atlanta highway, unit 011, loganville, ga, 30052, us",,11.79,3.79,,1.99,3,65,4.5,400+,5.964153846153846,,3,1,0,0,ga,30052,0,Walton
1572,Buffalo Wild Wings,"1401-1b oxford rd ne, atlanta, ga, 30307, us",,11.79,3.79,,1.99,9,190,4.3,1,5.855052631578948,,3,1,0,0,ga,30307,0,DeKalb
1573,Buffalo Wild Wings,"68 5th street northwest, atlanta, ga, 30308, us",,11.79,3.79,,1.99,9,181,4.2,1,5.733812154696134,,3,1,0,0,ga,30308,0,Fulton
1574,Buffalo Wild Wings,"1425 ellsworth industrial blvd. nw, atlanta, ga, 30318, us",,12.99,5.29,,1.99,8,125,4.200000000000003,1,6.1655999999999995,,3,1,0,0,ga,30318,0,Fulton
1575,Buffalo Wild Wings,"2860 cumberland mall se ste 1630 cumberland mall, atlanta, ga, 30339, us",17.79,13.79,4.79,2.29,1.99,11,200,3.899999999999999,1,7.669199999999997,,3,1,0,0,ga,30339,0,Cobb
1576,Buffalo Wild Wings,"6790 douglas blvd, douglasville, ga, 30135, us",17.79,13.99,4.79,2.29,1.99,6,106,4.0,900+,7.923679245283016,,3,1,0,0,ga,30135,0,Douglas
1577,Buffalo Wild Wings,"5000 jimmy lee smith pkwy, hiram, ga, 30141, us",17.79,13.99,4.79,2.29,1.99,6,105,4.200000000000001,2,7.965904761904759,,3,1,0,0,ga,30141,0,Paulding
1578,Buffalo Wild Wings,"777 w main st, boise, id, 83702-6176, us",17.79,13.79,4.79,2.29,1.99,6,106,4.299999999999999,2,7.898207547169809,,3,1,0,0,id,83702,0,Ada
1579,Buffalo Wild Wings,"3223 e louise dr, meridian, id, 83642, us",17.79,13.99,4.79,2.29,1.99,6,105,4.100000000000001,1,8.020095238095236,,3,1,0,0,id,83642,0,Ada
1580,Buffalo Wild Wings,"2101 n cassia st, nampa, id, 83651-1461, us",17.79,13.99,4.79,2.29,1.99,6,106,4.0,700+,7.9500943396226385,,3,1,0,0,id,83651,0,Canyon
1581,Buffalo Wild Wings,"13977 trade center drive, fishers, in, 46038, us",17.97,14.13,5.34,2.31,2.01,2,89,4.399999999999999,500+,8.054719101123595,,3,1,0,0,in,46038,0,Hamilton
1582,Buffalo Wild Wings,"13868 116th street east, fishers, in, 46037, us",17.79,13.99,5.29,2.29,1.99,5,88,4.1000000000000005,490+,8.076931818181816,,3,1,0,0,in,46037,0,Hamilton
1583,Buffalo Wild Wings,"2510 e 146th st, carmel, in, 46033, us",17.29,12.99,5.29,3.99,1.99,4,95,4.399999999999998,130+,7.323894736842105,,3,1,0,0,in,46033,0,Hamilton
1584,Buffalo Wild Wings,"10625 pendleton pike, lawrence, in, 46235, us",17.79,13.99,4.79,2.29,1.99,5,93,3.8000000000000003,1,7.33806451612903,,3,1,0,0,in,46235,0,Marion
1585,Buffalo Wild Wings,"2747 east 62nd street, indianapolis, in, 46220, us",18.29,14.49,5.29,2.29,1.99,10,178,4.100000000000001,800+,8.001910112359548,,3,1,0,0,in,46220,0,Marion
1586,Buffalo Wild Wings,"2514 lake circle drive, indianapolis, in, 46268, us",18.29,14.49,5.29,2.29,1.99,10,180,4.100000000000001,1,7.951777777777776,,3,1,0,0,in,46268,0,Marion
1587,Buffalo Wild Wings,"2942 carlson dr, hammond, in, 46323, us",18.29,14.29,5.99,3.99,2.29,5,105,4.100000000000001,1,8.20685714285714,,3,1,0,0,in,46323,0,Lake
1588,Buffalo Wild Wings,"1200 indianapolis boulevard, schererville, in, 46375, us",18.29,14.29,5.99,3.99,2.29,5,102,4.100000000000002,600+,7.965196078431372,,3,1,0,0,in,46375,0,Lake
1589,Buffalo Wild Wings,"2515 southlake mall, merrillville, in, 46410, us",18.29,14.29,5.99,3.99,2.29,5,106,4.200000000000001,330+,8.147169811320754,,3,1,0,0,in,46410,0,Lake
1590,Buffalo Wild Wings,"1600 e summit st, crown point, in, 46307, us",18.29,14.29,5.99,3.99,,5,102,4.399999999999998,600+,8.216078431372548,,3,1,0,0,in,46307,0,Lake
1591,Buffalo Wild Wings,"6530 highway 6, portage, in, 46368, us",17.29,12.99,5.29,,1.99,4,101,4.2,100+,7.902079207920791,,3,1,0,0,in,46368,0,Porter
1592,Buffalo Wild Wings,"7 east washington street, downtown indy, in, 46204, us",17.79,13.99,5.29,2.29,1.99,5,89,3.899999999999999,2,8.049101123595504,,3,1,0,0,in,46204,0,Marion
1593,Buffalo Wild Wings,"6129 crawfordsville road, speedway, in, 46224, us",18.29,14.49,5.29,2.29,1.99,4,77,3.699999999999999,1,7.766103896103894,,3,1,0,0,in,46224,0,Marion
1594,Buffalo Wild Wings,"8020 31 south, indianapolis, in, 46227, us",17.79,13.99,5.29,2.29,1.99,5,89,4.200000000000001,900+,7.992921348314605,,3,1,0,0,in,46227,0,Marion
1595,Buffalo Wild Wings,"1077 north emerson avenue, greenwood, in, 46143, us",17.79,13.99,5.29,2.29,1.99,5,89,4.399999999999999,20,7.992921348314605,,3,1,0,0,in,46143,0,Johnson
1596,Buffalo Wild Wings,"3311 se 14th st, des moines, ia, 50320, us",17.29,13.29,4.79,2.29,1.99,5,95,4.0,1,7.370736842105262,,3,1,0,0,ia,50320,0,Polk
1597,Buffalo Wild Wings,"4345 merle hay rd, des moines, ia, 50310, us",17.29,13.29,4.79,2.29,1.99,5,90,4.100000000000001,900+,7.122999999999999,,3,1,0,0,ia,50310,0,Polk
1598,Buffalo Wild Wings,"1690 se delaware ave ste 117, ankeny, ia, 50021, us",17.79,13.79,4.79,2.29,1.99,5,96,4.1000000000000005,700+,7.413645833333331,,3,1,0,0,ia,50021,0,Polk
1599,Buffalo Wild Wings,"6925 mills civic pwy, west des moines, ia, 50266, us",17.29,13.29,4.79,2.29,1.99,5,96,4.1000000000000005,1,7.330312499999997,,3,1,0,0,ia,50266,0,Dallas
1600,Buffalo Wild Wings,"7030 w 105th st, overland park, ks, 66212, us",17.79,13.79,4.79,2.29,1.99,5,95,4.2,1,7.391789473684209,,3,1,0,0,ks,66212,0,Johnson
1601,Buffalo Wild Wings,"12110 s strang line rd, olathe, ks, 66062, us",17.29,13.29,4.79,2.29,1.99,5,95,4.2,1,7.202315789473683,,3,1,0,0,ks,66062,0,Johnson
1602,Buffalo Wild Wings,"13749 metcalf ave, overland park, ks, 66223, us",17.29,13.29,4.79,2.29,1.99,5,93,4.2,900+,7.305806451612902,,3,1,0,0,ks,66223,0,Johnson
1603,Buffalo Wild Wings,"6638 monticello road, shawnee, ks, 66226, us",,11.29,3.79,,1.99,3,60,4.3999999999999995,78,5.538666666666668,,3,1,0,0,ks,66226,0,Johnson
1604,Buffalo Wild Wings,"1121 e north ave, belton, mo, 64012, us",17.79,13.79,4.79,2.29,1.99,5,96,4.200000000000001,500+,7.406354166666664,,3,1,0,0,mo,64012,0,Cass
1605,Buffalo Wild Wings,"1806 nw chipman rd, lee's summit, mo, 64081, us",17.29,13.29,4.79,2.29,1.99,5,93,3.899999999999998,800+,7.420752688172043,,3,1,0,0,mo,64081,0,Jackson
1606,Buffalo Wild Wings,"3236 n rock rd ste 190, wichita, ks, 67226, us",17.29,13.29,4.79,2.29,1.99,5,96,4.1000000000000005,1,7.307395833333331,,3,1,0,0,ks,67226,0,Sedgwick
1607,Buffalo Wild Wings,"2413 n maize rd, wichita, ks, 67205, us",17.79,13.79,4.79,2.29,1.99,5,94,4.2,800+,7.314148936170213,,3,1,0,0,ks,67205,0,Sedgwick
1608,Buffalo Wild Wings,"1918 n rock rd ste 100, derby, ks, 67037, us",17.79,13.79,4.79,2.29,1.99,5,96,4.1000000000000005,600+,7.367812499999997,,3,1,0,0,ks,67037,0,Sedgwick
1609,Buffalo Wild Wings,"1080 s broadway ste 104, lexington, ky, 40504, us",17.79,13.79,4.79,2.29,1.99,6,106,4.100000000000001,1,7.756698113207546,,3,1,0,0,ky,40504,0,Fayette
1610,Buffalo Wild Wings,"3090 old todds rd, lexington, ky, 40509, us",17.79,13.79,4.79,2.29,1.99,6,102,4.0,600+,7.503431372549019,,3,1,0,0,ky,40509,0,Fayette
1611,Buffalo Wild Wings,"106 magnolia dr ste 103, georgetown, ky, 40324, us",17.29,13.29,,2.29,,5,89,4.299999999999999,230+,6.880674157303369,,3,1,0,0,ky,40324,0,Scott
1612,Buffalo Wild Wings,"111 jett blvd, frankfort, ky, 40601, us",17.79,13.79,4.79,2.29,1.99,6,105,4.100000000000001,88,7.717333333333331,,3,1,0,0,ky,40601,0,Franklin
1613,Buffalo Wild Wings,"2139 lantern ridge dr ste 100, richmond, ky, 40475, us",17.79,13.79,4.79,,1.99,6,104,3.899999999999999,170+,7.845480769230766,,3,1,0,0,ky,40475,0,Madison
1614,Buffalo Wild Wings,"1112 veterans pkwy, clarksville, in, 47129, us",17.79,13.79,4.79,2.29,1.99,6,105,3.7999999999999994,1,7.885904761904761,,3,1,0,0,in,47129,0,Clark
1615,Buffalo Wild Wings,"4600 shelbyville road, louisville, ky, 40207, us",17.79,13.79,4.79,2.29,1.99,6,105,4.100000000000001,1,7.787238095238092,,3,1,0,0,ky,40207,0,Jefferson
1616,Buffalo Wild Wings,"4917 outer loop, louisville, ky, 40219, us",17.79,13.79,4.79,2.29,1.99,6,106,3.7999999999999994,600+,7.844433962264149,,3,1,0,0,ky,40219,0,Jefferson
1617,Buffalo Wild Wings,"9134 taylorsville rd, louisville, ky, 40220, us",17.79,13.79,4.79,2.29,1.99,6,104,4.299999999999999,800+,7.944519230769229,,3,1,0,0,ky,40220,0,Jefferson
1618,Buffalo Wild Wings,"10206 westport rd, louisville, ky, 40241, us",17.79,13.79,4.79,,1.99,6,105,4.299999999999999,900+,7.906285714285712,,3,1,0,0,ky,40241,0,Jefferson
1619,Buffalo Wild Wings,"12901 shelbyville road, middletown, ky, 40243, us",17.79,13.79,4.79,2.29,1.99,6,101,4.2,380+,7.703564356435642,,3,1,0,0,ky,40243,0,Jefferson
1620,Buffalo Wild Wings,"3260 highland road, suite 2, baton rouge, la, 70802, us",17.79,13.79,5.29,3.99,2.29,4,93,4.3,1,7.5256989247311825,,3,1,0,0,la,70802,0,East Baton Rouge
1621,Buffalo Wild Wings,"7524 bluebonnet blvd, baton rouge, la, 70810, us",17.79,13.79,5.29,3.99,2.29,4,95,4.0,900+,7.605999999999999,,3,1,0,0,la,70810,0,East Baton Rouge
1622,Buffalo Wild Wings,"2725 south veterans avenue, gonzales, la, 70737, us",17.79,13.79,4.79,2.29,1.99,5,91,4.2,54,7.264945054945053,,3,1,0,0,la,70737,0,Ascension
1623,Buffalo Wild Wings,"909 s clearview pkwy, elmwood 70123, usa, new orleans, la, 70121, us",17.79,13.79,4.79,2.29,1.99,12,208,4.200000000000001,2,7.874230769230768,,3,1,0,0,la,70121,0,Jefferson
1624,Buffalo Wild Wings,"3434 veterans memorial blvd, metairie, la, 70002, us",17.79,13.79,4.79,2.29,1.99,12,212,4.200000000000001,2,7.745377358490564,,3,1,0,0,la,70002,0,Jefferson
1625,Buffalo Wild Wings,"4150 general de gaulle dr, new orleans, la, 70131, us",17.79,13.79,4.79,2.29,1.99,18,318,4.1000000000000005,1,7.740660377358489,,3,1,0,0,la,70131,0,Orleans
1626,Buffalo Wild Wings,"2804 ne evangeline thruway, lafayette, la, 70507, us",17.79,13.79,5.29,3.99,2.29,4,95,4.100000000000002,500+,7.604947368421052,,3,1,0,0,la,70507,0,Lafayette
1627,Buffalo Wild Wings,"4415 ambassador caffery pkwy ste 700, lafayette, la, 70508, us",17.79,13.79,5.29,3.99,2.29,4,94,4.600000000000002,36,7.693297872340424,,3,1,0,0,la,70508,0,Lafayette
1628,Buffalo Wild Wings,"15530 daniel blvd, gulfport, ms, 39503, us",18.29,14.29,4.79,3.99,1.99,5,95,4.2,800+,7.526526315789472,,3,1,0,0,ms,39503,0,Harrison
1629,Buffalo Wild Wings,"3850 promenade parkway, d’iberville, ms, 39540, us",18.29,14.29,4.79,3.99,1.99,5,95,4.5,1,7.530736842105263,,3,1,0,0,ms,39540,0,Harrison
1630,Buffalo Wild Wings,"360 highway 1 bypass, portsmouth, nh, 03801, us",19.49,15.29,5.99,4.49,1.99,3,106,4.299999999999999,270+,8.554811320754714,,3,1,0,0,nh,3801,0,Rockingham
1631,Buffalo Wild Wings,"4 tunnel rd, asheville, nc, 28805, us",17.79,13.79,4.79,2.29,1.99,6,105,4.200000000000001,1,7.9039047619047595,,3,1,0,0,nc,28805,0,Buncombe
1632,Buffalo Wild Wings,"421 airport road ste 102, arden, nc, 28704, us",17.79,13.79,4.79,2.29,,6,101,4.3,700+,7.759999999999999,,3,1,0,0,nc,28704,0,Buncombe
1633,Buffalo Wild Wings,"2097 skibo rd, fayetteville, nc, 28314, us",17.79,13.79,4.79,2.29,1.99,6,102,4.100000000000002,2,8.069999999999999,,3,1,0,0,nc,28314,0,Cumberland
1634,Buffalo Wild Wings,"6709 fayetteville rd, durham, nc, 27713, us",17.79,13.79,4.79,,,6,89,3.899999999999999,1,7.873595505617975,,3,1,0,0,nc,27713,0,Durham
1635,Buffalo Wild Wings,"1300 village market pl, morrisville, nc, 27560, us",17.79,13.79,4.79,2.29,1.99,10,200,4.200000000000001,2,8.060699999999997,,3,1,0,0,nc,27560,0,Wake
1636,Buffalo Wild Wings,"6196 falls of neuse road ste 112, raleigh, nc, 27609, us",,11.79,3.79,,1.99,6,130,4.3999999999999995,130+,5.948769230769231,,3,1,0,0,nc,27609,0,Wake
1637,Buffalo Wild Wings,"121 grand hill pl, holly springs, nc, 27540, us",17.79,13.79,4.79,2.29,1.99,12,214,4.299999999999999,800+,8.023364485981306,,3,1,0,0,nc,27540,0,Wake
1638,Buffalo Wild Wings,"148 shenstone blvd, garner, nc, 27529, us",17.79,13.79,4.79,2.29,1.99,10,198,4.200000000000001,1,8.100707070707069,,3,1,0,0,nc,27529,0,Wake
1639,Buffalo Wild Wings,"1110 creekshire way, winston-salem, nc, 27103, us",17.79,13.79,4.79,2.29,1.99,5,94,4.3,1,7.396063829787234,,3,1,0,0,nc,27103,0,Forsyth
1640,Buffalo Wild Wings,"5836 samet dr ste 115, high point, nc, 27265, us",17.79,13.99,4.79,2.29,1.99,11,202,4.100000000000001,1,7.663960396039601,,3,1,0,0,nc,27265,0,Guilford
1641,Buffalo Wild Wings,"3128 walden ln, burlington, nc, 27215-8236, us",17.79,13.79,4.79,2.29,1.99,5,94,4.3,600+,7.31191489361702,,3,1,0,0,nc,27215,0,Alamance
1642,Buffalo Wild Wings,"9402 northlake west dr, charlotte, nc, 28216, us",17.79,13.99,4.79,2.29,1.99,5,96,4.0,2,7.47302083333333,,3,1,0,0,nc,28216,0,Mecklenburg
1643,Buffalo Wild Wings,"289 george bay ct, concord, nc, 28027, us",,13.79,4.79,2.29,1.99,4,88,4.1000000000000005,800+,7.054318181818179,,3,1,0,0,nc,28027,0,Cabarrus
1644,Buffalo Wild Wings,"479 river hwy, mooresville, nc, 28117, us",17.79,13.79,4.79,2.29,1.99,5,96,4.299999999999999,900+,7.414687499999997,,3,1,0,0,nc,28117,0,Iredell
1645,Buffalo Wild Wings,"400 e martin luther king blvd ste b, charlotte, nc, 28202, us",17.79,13.79,4.79,2.29,1.99,11,202,4.100000000000001,2,7.643168316831681,,3,1,0,0,nc,28202,0,Mecklenburg
1646,Buffalo Wild Wings,"206 old eastwood rd, wilmington, nc, 28403, us",19.49,15.29,5.29,4.49,1.99,5,95,4.2,370+,7.792315789473683,,3,1,0,0,nc,28403,0,New Hanover
1647,Buffalo Wild Wings,"5533 carolina beach rd, wilmington, nc, 28412, us",19.49,15.29,5.29,4.49,1.99,5,98,4.399999999999999,1,8.140204081632652,,3,1,0,0,nc,28412,0,New Hanover
1648,Buffalo Wild Wings,"140 hays ln, wilmington, nc, 28411, us",19.49,15.29,5.29,4.49,1.99,5,95,4.5,1,7.8691578947368415,,3,1,0,0,nc,28411,0,New Hanover
1649,Buffalo Wild Wings,"6700, knightdale, nc, 27545, us",17.79,13.79,4.79,2.29,,6,100,4.0,1,7.899699999999998,,3,1,0,0,nc,27545,0,Wake
1650,Buffalo Wild Wings,"3010 classen blvd, norman, ok, 73071, us",18.29,14.49,5.29,3.99,1.99,5,104,4.5,700+,8.169999999999998,,3,1,0,0,ok,73071,0,Cleveland
1651,Buffalo Wild Wings,"2601 south service rd., moore, ok, 73160, us",18.29,14.49,5.29,3.99,1.99,10,208,4.1000000000000005,460+,8.183461538461536,,3,1,0,0,ok,73160,0,Cleveland
1652,Buffalo Wild Wings,"9600 s i-44 service road, oklahoma city, ok, 73159, us",18.29,14.49,5.29,3.99,1.99,10,206,4.0,1,8.243495145631066,,3,1,0,0,ok,73159,0,Oklahoma
1653,Buffalo Wild Wings,"5500 tinker diagonal, del city, ok, 73115, us",18.29,14.49,5.29,3.99,1.99,10,208,4.200000000000001,700+,8.183461538461536,,3,1,0,0,ok,73115,0,Oklahoma
1654,Buffalo Wild Wings,"6910 sw 3rd st, oklahoma city, ok, 73128, us",18.29,14.49,5.29,3.99,,10,202,4.0,1,8.26346534653465,,3,1,0,0,ok,73128,0,Oklahoma
1655,Buffalo Wild Wings,"4130 nw expressway, oklahoma city, ok, 73116, us",18.29,14.29,5.29,2.29,1.99,10,162,4.2,2,9.744567901234566,,3,1,0,0,ok,73116,0,Oklahoma
1656,Buffalo Wild Wings,"6222 e 41st st, tulsa, ok, 74135, us",18.29,14.49,5.29,3.99,1.99,4,94,4.3,1,7.718936170212765,,3,1,0,0,ok,74135,0,Tulsa
1657,Buffalo Wild Wings,"7568 s olympia ave, tulsa, ok, 74132, us",18.29,14.49,5.29,3.99,1.99,3,93,4.100000000000002,310+,7.678387096774193,,3,1,0,0,ok,74132,0,Tulsa
1658,Buffalo Wild Wings,"11450 south memorial drive, bixby, ok, 74008, us",18.29,14.49,5.29,3.99,1.99,4,91,4.600000000000001,62,7.720879120879118,,3,1,0,0,ok,74008,0,Tulsa
1659,Buffalo Wild Wings,"9263 n., owasso, ok, 74055, us",18.29,14.49,5.29,3.99,1.99,4,95,4.600000000000002,250+,7.66178947368421,,3,1,0,0,ok,74055,0,Tulsa
1660,Buffalo Wild Wings,"1151 n 20th st, broken arrow, ok, 74012, us",18.29,14.49,5.29,3.99,1.99,4,94,4.2,700+,7.718936170212764,,3,1,0,0,ok,74012,0,Tulsa
1661,Buffalo Wild Wings,"2080 south highway 66, claremore, ok, 74019, us",18.29,14.29,5.29,2.29,1.99,4,95,4.2,89,7.608105263157896,,3,1,0,0,ok,74019,0,Rogers
1662,Buffalo Wild Wings,"480 home dr, pittsburgh, pa, 15108, us",17.79,13.79,4.79,2.29,1.99,15,288,4.3999999999999995,1,7.3396875,,3,1,0,0,pa,15108,0,Allegheny
1663,Buffalo Wild Wings,"3469 william penn highway, wilkins township, pa, 15235, us",17.79,13.79,4.79,2.29,1.99,15,285,4.100000000000001,2,7.380210526315788,,3,1,0,0,pa,15235,0,Allegheny
1664,Buffalo Wild Wings,"500 grandview crossing dr ste 90, gibsonia, pa, 15044, us",17.79,13.79,4.79,2.29,1.99,10,192,4.200000000000001,310+,7.31677083333333,,3,1,0,0,pa,15044,0,Allegheny
1665,Buffalo Wild Wings,"20215 route 19, cranberry township, pa, 16066, us",17.79,13.79,4.79,2.29,1.99,5,93,4.399999999999998,800+,7.363870967741935,,3,1,0,0,pa,16066,0,Butler
1666,Buffalo Wild Wings,"2763 e lincoln hwy, langhorne, pa, 19047, us",18.29,14.49,4.79,2.29,1.99,6,103,4.3,600+,8.31252427184466,,3,1,0,0,pa,19047,0,Bucks
1667,Buffalo Wild Wings,"9701 roosevelt blvd, philadelphia, pa, 19114, us",18.79,14.79,4.79,2.29,1.99,11,202,3.8999999999999986,1,7.983267326732671,,3,1,0,0,pa,19114,0,Philadelphia
1668,Buffalo Wild Wings,"6410 frankford avenue, philadelphia, pa, 19135, us",,12.99,4.79,,2.49,10,125,4.100000000000001,75,6.407119999999999,,3,1,0,0,pa,19135,0,Philadelphia
1669,Buffalo Wild Wings,"201 easton rd ste 118, warrington, pa, 18976, us",18.29,14.49,4.79,2.29,1.99,6,106,4.200000000000001,600+,8.159999999999998,,3,1,0,0,pa,18976,0,Bucks
1670,Buffalo Wild Wings,"103 quarry rd, downingtown, pa, 19335, us",18.79,15.29,5.29,2.29,1.99,8,190,4.399999999999999,700+,7.817578947368419,,3,1,0,0,pa,19335,0,Chester
1671,Buffalo Wild Wings,"920 baltimore pike, glen mills, pa, 19342, us",18.79,15.29,5.29,2.29,1.99,8,188,4.1000000000000005,490+,7.871063829787231,,3,1,0,0,pa,19342,0,Delaware
1672,Buffalo Wild Wings,"1510 egypt rd, phoenixville, pa, 19426, us",18.79,14.79,5.29,2.29,1.99,8,192,4.3999999999999995,500+,7.724583333333331,,3,1,0,0,pa,19426,0,Montgomery
1673,Buffalo Wild Wings,"690 w dekalb pike, king of prussia, pa, 19406, us",18.79,14.79,5.29,2.29,1.99,12,276,4.0,600+,7.7619565217391315,,3,1,0,0,pa,19406,0,Montgomery
1674,Buffalo Wild Wings,"501 stanton christiana rd, newark, de, 19713, us",20.79,16.49,6.49,5.79,2.49,1,92,4.100000000000001,600+,8.563478260869564,,3,1,0,0,de,19713,0,New Castle
1675,Buffalo Wild Wings,"2065 fruitville pike, lancaster, pa, 17601, us",18.29,14.29,4.79,2.29,1.99,6,105,4.299999999999999,1,8.042095238095236,,3,1,0,0,pa,17601,0,Lancaster
1676,Buffalo Wild Wings,"1225 grape st, whitehall, pa, 18052, us",18.79,14.79,4.79,2.29,1.99,6,104,4.0,1,8.209423076923075,,3,1,0,0,pa,18052,0,Lehigh
1677,Buffalo Wild Wings,"3798 dryland way, easton, pa, 18045, us",18.79,14.79,4.79,2.29,1.99,6,106,4.100000000000001,800+,8.226981132075469,,3,1,0,0,pa,18045,0,Northampton
1678,Buffalo Wild Wings,"6215 state route 30, greensburg, pa, 15601, us",17.79,13.79,4.79,2.29,1.99,4,93,4.2,330+,7.341290322580644,,3,1,0,0,pa,15601,0,Westmoreland
1679,Buffalo Wild Wings,"320 town center dr, york, pa, 17408, us",18.29,14.49,4.79,2.29,1.99,6,106,4.200000000000001,800+,8.02650943396226,,3,1,0,0,pa,17408,0,York
1680,Buffalo Wild Wings,"167-295 n northern way, york, pa, 17402, us",18.29,14.29,4.79,2.29,1.99,6,106,4.200000000000001,460+,7.994433962264148,,3,1,0,0,pa,17402,0,York
1681,Buffalo Wild Wings,"81 wilson ave, hanover, pa, 17331, us",18.29,14.49,5.29,2.29,1.99,5,106,4.5,470+,8.1788679245283,,3,1,0,0,pa,17331,0,York
1682,Buffalo Wild Wings,"121 robert smalls pkwy, beaufort, sc, 29902, us",17.79,13.79,4.79,2.29,1.99,6,97,4.299999999999999,600+,7.6153608247422655,,3,1,0,0,sc,29902,0,Beaufort
1683,Buffalo Wild Wings,"4959 centre pointe dr, north charleston, sc, 29418, us",19.49,15.29,5.29,4.49,1.99,5,105,4.0,2,8.554761904761904,,3,1,0,0,sc,29418,0,Charleston
1684,Buffalo Wild Wings,"8811 dorchester road, north charleston, sc, 29420, us",19.49,15.29,5.29,4.49,1.99,5,103,3.8999999999999977,240+,8.35514563106796,,3,1,0,0,sc,29420,0,Dorchester
1685,Buffalo Wild Wings,"1125 woodruff rd ste 1300, greenville, sc, 29607, us",17.79,13.79,4.79,2.29,1.99,11,202,4.200000000000001,1,7.621386138613859,,3,1,0,0,sc,29607,0,Greenville
1686,Buffalo Wild Wings,"1494 wo ezell blvd, spartanburg, sc, 29301, us",17.79,13.79,4.79,2.29,1.99,11,192,4.200000000000001,600+,7.5349999999999975,,3,1,0,0,sc,29301,0,Spartanburg
1687,Buffalo Wild Wings,"1990 oakheart rd, myrtle beach, sc, 29579, us",19.49,15.29,5.29,4.49,1.99,5,93,4.100000000000002,600+,7.8203225806451595,,3,1,0,0,sc,29579,0,Horry
1688,Buffalo Wild Wings,"518 highway 17 n, north myrtle beach, sc, 29582, us",19.49,15.29,5.29,4.49,1.99,5,95,4.3,600+,7.869157894736841,,3,1,0,0,sc,29582,0,Horry
1689,Buffalo Wild Wings,"5570 sunset blvd # a, lexington, sc, 29072, us",17.29,13.29,4.79,2.29,1.99,10,186,4.3999999999999995,900+,7.484301075268815,,3,1,0,0,sc,29072,0,Lexington
1690,Buffalo Wild Wings,"1000 bower pkwy, columbia, sc, 29212, us",17.79,13.79,4.79,2.29,1.99,10,192,4.200000000000001,1,7.390729166666664,,3,1,0,0,sc,29212,0,Lexington
1691,Buffalo Wild Wings,"4500 devine st, columbia, sc, 29205, us",17.29,13.29,4.79,2.29,1.99,10,192,4.200000000000001,1,7.330312499999997,,3,1,0,0,sc,29205,0,Richland
1692,Buffalo Wild Wings,"1460 meeting blvd, rock hill, sc, 29730, us",17.79,13.79,4.79,2.29,1.99,6,105,4.100000000000001,440+,8.059999999999997,,3,1,0,0,sc,29730,0,York
1693,Buffalo Wild Wings,"14157 steele creek rd, charlotte, nc, 28273, us",17.79,13.79,4.79,2.29,1.99,6,105,3.899999999999999,900+,7.818285714285712,,3,1,0,0,nc,28273,0,Mecklenburg
1694,Buffalo Wild Wings,"6816 charlotte pike, nashville, tn, 37209, us",17.79,13.79,4.79,2.29,1.99,10,188,4.299999999999999,3,7.356702127659573,,3,1,0,0,tn,37209,0,Davidson
1695,Buffalo Wild Wings,"5215 old hickory blvd, hermitage, tn, 37076, us",17.79,13.79,4.79,2.29,1.99,5,96,4.1000000000000005,2,7.355312499999997,,3,1,0,0,tn,37076,0,Davidson
1696,Buffalo Wild Wings,"100 adams ln, mount juliet, tn, 37122, us",17.79,13.79,4.79,2.29,1.99,5,98,4.200000000000001,1,7.691734693877549,,3,1,0,0,tn,37122,0,Wilson
1697,Buffalo Wild Wings,"310 indian lake blvd, hendersonville, tn, 37075, us",17.79,13.79,4.79,2.29,1.99,4,93,4.2,1,7.467096774193548,,3,1,0,0,tn,37075,0,Sumner
1698,Buffalo Wild Wings,"320 spring creek dr, franklin, tn, 37067, us",17.79,13.79,4.79,2.29,1.99,10,198,4.5,1,7.596767676767675,,3,1,0,0,tn,37067,0,Williamson
1699,Buffalo Wild Wings,"430 sam ridley pkwy w, smyrna, tn, 37086, us",17.79,13.99,4.79,2.29,1.99,16,298,4.2,1,7.527281879194631,,3,1,0,0,tn,37086,0,Rutherford
1700,Buffalo Wild Wings,"120 market st, chattanooga, tn, 37402, us",17.79,13.79,4.79,2.29,1.99,6,105,4.5,1,7.876380952380949,,3,1,0,0,tn,37402,0,Hamilton
1701,Buffalo Wild Wings,"5744 highway 153, hixson, tn, 37343, us",17.79,13.79,4.79,2.29,1.99,6,106,4.299999999999999,900+,7.90009433962264,,3,1,0,0,tn,37343,0,Hamilton
1702,Buffalo Wild Wings,"37 parkway dr, fort oglethorpe, ga, 30742, us",17.79,13.79,4.79,2.29,1.99,6,110,4.2,470+,8.015181818181818,,3,1,0,0,ga,30742,0,Catoosa
1703,Buffalo Wild Wings,"224 hamilton crossing dr, alcoa, tn, 37701, us",17.79,13.79,4.79,2.29,1.99,11,202,4.299999999999999,1,7.673366336633661,,3,1,0,0,tn,37701,0,Blount
1704,Buffalo Wild Wings,"11431 parkside dr, knoxville, tn, 37934, us",17.79,13.79,4.79,2.29,1.99,6,104,4.200000000000001,310+,7.851249999999997,,3,1,0,0,tn,37934,0,Knox
1705,Buffalo Wild Wings,"1430 hurley dr, sevierville, tn, 37862, us",18.29,14.29,4.79,2.29,1.99,11,200,3.899999999999999,700+,7.820699999999997,,3,1,0,0,tn,37862,0,Sevier
1706,Buffalo Wild Wings,"2535 medical center parkway, murfreesboro, tn, 37129, us",17.79,13.79,4.79,2.29,1.99,6,110,4.3,1,7.962454545454543,,3,1,0,0,tn,37129,0,Rutherford
1707,Buffalo Wild Wings,"7188 airways blvd lot 2, southaven, ms, 38671, us",17.79,13.99,4.79,2.29,1.99,6,105,4.0,1,7.923999999999997,,3,1,0,0,ms,38671,0,DeSoto
1708,Buffalo Wild Wings,"8385 highway 64 ste 101, memphis, tn, 38133, us",18.29,14.29,4.79,2.29,1.99,6,101,4.100000000000002,2,7.8095049504950484,,3,1,0,0,tn,38133,0,Shelby
1709,Buffalo Wild Wings,"3770 hacks cross rd, memphis, tn, 38125-2303, us",17.79,13.99,4.79,2.29,,6,100,4.100000000000001,1,8.005599999999998,,3,1,0,0,tn,38125,0,Shelby
1710,Buffalo Wild Wings,"8544 highway 51 n, millington, tn, 38053, us",17.79,13.79,4.79,2.29,1.99,6,105,4.0,380+,7.858285714285711,,3,1,0,0,tn,38053,0,Shelby
1711,Buffalo Wild Wings,"1018 crossings blvd, spring hill, tn, 37174, us",17.79,13.79,4.79,2.29,1.99,5,94,4.399999999999998,360+,7.47159574468085,,3,1,0,0,tn,37174,0,Maury
1712,Buffalo Wild Wings,"2401 e central texas expy, killeen, tx, 76543, us",17.29,13.29,,2.29,1.99,4,85,4.100000000000002,3,7.396588235294117,,3,1,0,0,tx,76543,0,Bell
1713,Buffalo Wild Wings,"1134 culebra road, san antonio, tx, 78201, us",,11.79,3.79,,1.99,3,64,4.3999999999999995,1,6.01375,,3,1,0,0,tx,78201,0,Bexar
1714,Buffalo Wild Wings,"1235 austin highway, san antonio, tx, 78209, us",,11.79,3.79,,1.99,6,123,4.5,500+,5.857804878048779,,3,1,0,0,tx,78209,0,Bexar
1715,Buffalo Wild Wings,"7823 s zarzamora st, san antonio, tx, 78224, us",17.79,13.79,4.79,2.29,1.99,4,100,4.2,700+,8.026999999999997,,3,1,0,0,tx,78224,0,Bexar
1716,Buffalo Wild Wings,"3158 se military dr bldg 5, san antonio, tx, 78235, us",17.29,13.29,4.79,2.29,,6,98,4.100000000000001,1,7.905816326530609,,3,1,0,0,tx,78235,0,Bexar
1717,Buffalo Wild Wings,"8450 n interstate 35, san antonio, tx, 78239, us",17.79,13.79,4.79,2.29,1.99,11,200,4.100000000000001,1,7.628199999999997,,3,1,0,0,tx,78239,0,Bexar
1718,Buffalo Wild Wings,"4230 north foster road, san antonio, tx, 78244, us",,11.79,3.79,,1.99,6,123,4.5,1,5.857804878048779,,3,1,0,0,tx,78244,0,Bexar
1719,Buffalo Wild Wings,"778, cibolo, tx, 78108, us",,11.79,3.79,,1.99,3,59,4.699999999999999,120+,5.688644067796611,,3,1,0,0,tx,78108,0,Guadalupe
1720,Buffalo Wild Wings,"7903 pat booker rd, live oak, tx, 78233-2602, us",17.79,13.79,4.79,2.29,1.99,5,94,4.2,1,7.460851063829785,,3,1,0,0,tx,78233,0,Bexar
1721,Buffalo Wild Wings,"18410 highway 281 n, san antonio, tx, 78259, us",17.29,13.29,4.79,2.29,1.99,5,95,4.2,2,7.261263157894736,,3,1,0,0,tx,78259,0,Bexar
1722,Buffalo Wild Wings,"9005 broadway street, pearland, tx, 77584, us",18.29,14.29,4.79,4.49,1.99,20,306,4.1000000000000005,1,7.958169934640522,,3,1,0,0,tx,77584,0,Brazoria
1723,Buffalo Wild Wings,"528 west bay area blvd., webster, tx, 77598, us",18.29,14.29,4.79,4.49,1.99,20,296,4.299999999999999,2,7.982094594594594,,3,1,0,0,tx,77598,0,Harris
1724,Buffalo Wild Wings,"5875 fairmont pkwy, pasadena, tx, 77505, us",18.29,14.29,4.79,4.49,1.99,20,308,4.1000000000000005,1,7.929155844155844,,3,1,0,0,tx,77505,0,Harris
1725,Buffalo Wild Wings,"903 university dr e, college station, tx, 77840, us",17.79,13.79,4.79,2.29,1.99,5,94,4.3,2,7.50755319148936,,3,1,0,0,tx,77840,0,Brazos
1726,Buffalo Wild Wings,"3625 central expy ste 100, plano, tx, 75023, us",17.79,13.99,4.79,2.29,1.99,5,104,4.3999999999999995,2,7.8358653846153805,,3,1,0,0,tx,75023,0,Collin
1727,Buffalo Wild Wings,"230 west campbell road, richardson, tx, 75080, us",,11.79,2.99,,1.99,3,65,4.3999999999999995,410+,5.781076923076923,,3,1,0,0,tx,75080,0,Dallas
1728,Buffalo Wild Wings,"5125 n president george bush hwy ste 100, garland, tx, 75040, us",18.29,14.29,4.79,2.29,1.99,6,106,4.200000000000001,1,7.984999999999998,,3,1,0,0,tx,75040,0,Dallas
1729,Buffalo Wild Wings,"3320 e hebron pkwy ste 100, carrollton, tx, 75010, us",17.79,13.99,4.79,2.29,1.99,6,105,4.299999999999999,2,7.958285714285712,,3,1,0,0,tx,75010,0,Denton
1730,Buffalo Wild Wings,"3211 preston rd., frisco, tx, 75034, us",18.29,14.29,4.79,2.29,1.99,5,103,4.0,1,7.860582524271845,,3,1,0,0,tx,75034,0,Collin
1731,Buffalo Wild Wings,"5000 belt line rd unit 100, dallas, tx, 75254, us",17.79,13.99,4.79,2.29,1.99,10,188,4.299999999999999,2,7.841595744680848,,3,1,0,0,tx,75254,0,Dallas
1732,Buffalo Wild Wings,"4140 lemmon avenue ste 176, dallas, tx, 75219, us",18.29,14.29,4.79,2.29,1.99,12,196,4.299999999999999,5,7.961020408163264,,3,1,0,0,tx,75219,0,Dallas
1733,Buffalo Wild Wings,"5406 harry hines boulevard, dallas, tx, 75235, us",,11.79,4.29,,1.99,8,130,4.1000000000000005,300+,6.044153846153846,,3,1,0,0,tx,75235,0,Dallas
1734,Buffalo Wild Wings,"3333 canyon bluff blvd. canyons at westmoreland, dallas, tx, 75211, us",17.79,13.99,4.79,2.29,1.99,12,210,4.100000000000001,1,7.761142857142855,,3,1,0,0,tx,75211,0,Dallas
1735,Buffalo Wild Wings,"3900 pavillion ct, mesquite, tx, 75150, us",18.29,14.29,4.79,2.29,1.99,6,99,3.8999999999999986,1,6.800808080808079,,3,1,0,0,tx,75150,0,Dallas
1736,Buffalo Wild Wings,"1200 market pl, irving, tx, 75063, us",17.79,13.99,4.79,2.29,1.99,12,212,4.100000000000001,1,7.920849056603772,,3,1,0,0,tx,75063,0,Dallas
1737,Buffalo Wild Wings,"1301 n collins, arlington, tx, 76011, us",18.29,14.29,4.79,2.29,1.99,11,202,4.0,2,7.758019801980196,,3,1,0,0,tx,76011,0,Tarrant
1738,Buffalo Wild Wings,"315 texas 114, grapevine, tx, 76051, us",17.79,13.99,4.79,2.29,1.99,12,212,3.7999999999999994,36,7.904811320754716,,3,1,0,0,tx,76051,0,Tarrant
1739,Buffalo Wild Wings,"629 stayton street #111, fort worth, tx, 76107, us",17.79,13.99,4.79,2.29,1.99,5,103,4.3,900+,7.8693203883495135,,3,1,0,0,tx,76107,0,Tarrant
1740,Buffalo Wild Wings,"5908 quebec st, fort worth, tx, 76135, us",17.79,13.99,4.79,2.29,1.99,6,106,4.200000000000001,61,7.90009433962264,,3,1,0,0,tx,76135,0,Tarrant
1741,Buffalo Wild Wings,"5601 s hulen st, fort worth, tx, 76132, us",18.29,14.29,4.79,2.29,1.99,6,106,4.100000000000001,1,7.984999999999997,,3,1,0,0,tx,76132,0,Tarrant
1742,Buffalo Wild Wings,"1318 west pipeline road, hurst, tx, 76053, us",,11.79,4.29,,1.99,8,125,4.700000000000003,48,5.881519999999999,,3,1,0,0,tx,76053,0,Tarrant
1743,Buffalo Wild Wings,"5309 mcpherson boulevard, fort worth, tx, 76123, us",,11.79,4.29,,1.99,4,64,4.7,250+,5.9653125,,3,1,0,0,tx,76123,0,Tarrant
1744,Buffalo Wild Wings,"2017 s main st, keller, tx, 76248, us",17.79,13.99,4.79,2.29,1.99,6,104,4.1000000000000005,2,7.947403846153843,,3,1,0,0,tx,76248,0,Tarrant
1745,Buffalo Wild Wings,"1617 pleasonton rd ste g-101, ft. bliss, tx, 79906, us",17.79,13.79,4.79,3.99,1.99,4,90,4.299999999999999,1,7.441666666666664,,3,1,0,0,tx,79906,0,El Paso
1746,Buffalo Wild Wings,"655 sunland park dr ste k1, el paso, tx, 79912, us",17.79,13.79,4.79,2.29,1.99,5,95,4.3,2,7.380210526315789,,3,1,0,0,tx,79912,0,El Paso
1747,Buffalo Wild Wings,"10497 gateway blvd w, el paso, tx, 79925, us",17.79,13.79,4.79,2.29,1.99,5,96,4.200000000000001,2,7.339687499999997,,3,1,0,0,tx,79925,0,El Paso
1748,Buffalo Wild Wings,"3939 washington ave ste 100, houston, tx, 77007, us",18.29,14.49,4.79,2.29,1.99,18,300,4.1000000000000005,3,7.9436,,3,1,0,0,tx,77007,0,Harris
1749,Buffalo Wild Wings,"3651 weslayan st ste 210, houston, tx, 77027, us",,14.29,4.79,2.29,,6,85,4.2,2,6.051764705882354,,3,1,0,0,tx,77027,0,Harris
1750,Buffalo Wild Wings,"9435 katy fwy, houston, tx, 77024, us",18.29,14.29,4.79,4.49,1.99,7,102,4.100000000000002,2,8.188235294117646,,3,1,0,0,tx,77024,0,Harris
1751,Buffalo Wild Wings,"10255 north freeway suite d, houston, tx, 77037-1257, us",,11.79,3.79,,1.99,3,65,4.5,140+,5.974923076923077,,3,1,0,0,tx,77037,0,Harris
1752,Buffalo Wild Wings,"5815 e sam, houston, tx, 77049, us",18.29,14.29,4.79,2.29,,15,288,3.8999999999999995,1,7.714583333333334,,3,1,0,0,tx,77049,0,Harris
1753,Buffalo Wild Wings,"11803 westheimer, houston, tx, 77077, us",18.29,14.29,4.79,2.29,1.99,6,102,4.0,3,7.907352941176469,,3,1,0,0,tx,77077,0,Harris
1754,Buffalo Wild Wings,"6604 garth rd, baytown, tx, 77521, us",18.29,14.49,4.79,2.29,1.99,12,208,4.1000000000000005,1,7.957019230769228,,3,1,0,0,tx,77521,0,Harris
1755,Buffalo Wild Wings,"3520 w expressway 83, mcallen, tx, 78501, us",17.79,13.79,4.79,2.29,1.99,5,93,4.3,1,7.423010752688171,,3,1,0,0,tx,78501,0,Hidalgo
1756,Buffalo Wild Wings,"4424 n 10th st, mcallen, tx, 78504, us",17.79,13.79,4.79,2.29,1.99,5,96,4.299999999999999,1,7.339687499999997,,3,1,0,0,tx,78504,0,Hidalgo
1757,Buffalo Wild Wings,"105 north cesar chavez road, san juan, tx, 78589, us",,11.29,2.79,,2.49,3,60,4.3999999999999995,48,5.380333333333335,,3,1,0,0,tx,78589,0,Hidalgo
1758,Buffalo Wild Wings,"1708 west university drive, edinburg, tx, 78539, us",,11.29,2.79,,2.49,3,65,4.2,28,5.562615384615385,,3,1,0,0,tx,78539,0,Hidalgo
1759,Buffalo Wild Wings,"4235 dowlen rd, beaumont, tx, 77706, us",17.79,13.79,4.79,2.29,1.99,6,94,4.100000000000002,430+,7.306170212765958,,3,1,0,0,tx,77706,0,Jefferson
1760,Buffalo Wild Wings,"8845 memorial blvd, port arthur, tx, 77640, us",17.79,13.79,4.79,2.29,1.99,6,95,4.600000000000002,12,7.3291578947368405,,3,1,0,0,tx,77640,0,Jefferson
1761,Buffalo Wild Wings,"6107 justice ave, lubbock, tx, 79424, us",,,,,,1,24,4.6,31,7.027916666666667,,3,1,0,0,tx,79424,0,Lubbock
1762,Buffalo Wild Wings,"2312 w loop 340, waco, tx, 76711, us",17.79,13.79,4.79,2.29,1.99,5,91,4.2,1,7.0929670329670325,,3,1,0,0,tx,76711,0,McLennan
1763,Buffalo Wild Wings,"2001 s padre island dr, corpus christi, tx, 78417, us",17.79,13.79,4.79,2.29,1.99,5,95,4.0,600+,7.380210526315788,,3,1,0,0,tx,78417,0,Nueces
1764,Buffalo Wild Wings,"5638 saratoga boulevard, 106, corpus christi, tx, 78414, us",,11.29,3.79,,1.99,3,60,4.5,38,5.560333333333334,,3,1,0,0,tx,78414,0,Nueces
1765,Buffalo Wild Wings,"2315 w interstate 20, grand prairie, tx, 75052, us",17.79,13.99,4.79,2.29,1.99,5,95,4.100000000000002,1,7.479157894736841,,3,1,0,0,tx,75052,0,Dallas
1766,Buffalo Wild Wings,"1933 airport fwy, bedford, tx, 76021, us",,13.99,4.79,2.29,1.99,5,89,4.299999999999999,2,7.257977528089887,,3,1,0,0,tx,76021,0,Tarrant
1767,Buffalo Wild Wings,"1716 highway 287 north, mansfield, tx, 76063, us",18.29,14.29,4.79,2.29,1.99,5,96,4.1000000000000005,700+,7.50739583333333,,3,1,0,0,tx,76063,0,Tarrant
1768,Buffalo Wild Wings,"901 little texas ln ste d, austin, tx, 78745, us",,13.79,4.79,2.29,1.99,9,180,4.100000000000001,4,7.410555555555553,,3,1,0,0,tx,78745,0,Travis
1769,Buffalo Wild Wings,"13000 n interstate 35 bldg 4, austin, tx, 78753, us",17.79,13.79,4.79,2.29,1.99,22,404,4.0737623762376245,2,7.659752475247522,,3,1,0,0,tx,78753,0,Travis
1770,Buffalo Wild Wings,"4710 183a toll rd, cedar park, tx, 78613, us",17.79,13.79,4.79,2.29,1.99,16,279,4.100000000000001,1,7.318709677419355,,3,1,0,0,tx,78613,0,Williamson
1771,Buffalo Wild Wings,"1007 w university ave ste 1, georgetown, tx, 78628, us",17.79,13.79,4.79,2.29,,11,198,4.200000000000001,2,7.743232323232322,,3,1,0,0,tx,78628,0,Williamson
1772,Buffalo Wild Wings,"695 w. south ring road, layton, ut, 84041, us",17.79,13.79,4.79,2.29,1.99,5,96,4.299999999999999,800+,7.430312499999997,,3,1,0,0,ut,84041,0,Davis
1773,Buffalo Wild Wings,"702 w, riverdale, ut, 84405, us",17.79,13.79,4.79,,1.99,4,82,4.3,600+,7.1189024390243905,,3,1,0,0,ut,84405,0,Weber
1774,Buffalo Wild Wings,"2132 s highland dr, salt lake city, ut, 84106, us",17.79,13.79,4.79,2.29,1.99,6,106,4.0,2,7.893490566037733,,3,1,0,0,ut,84106,0,Salt Lake
1775,Buffalo Wild Wings,"2927 s 5600 w, west valley city, ut, 84120, us",17.79,13.79,4.79,2.29,1.99,6,98,4.100000000000001,1,7.755816326530609,,3,1,0,0,ut,84120,0,Salt Lake
1776,Buffalo Wild Wings,"985 e fort union blvd, midvale, ut, 84047, us",17.79,13.79,4.79,2.29,1.99,6,98,4.0,1,7.594183673469385,,3,1,0,0,ut,84047,0,Salt Lake
1777,Buffalo Wild Wings,"11266 s state st, sandy, ut, 84070, us",17.79,13.79,4.79,2.29,1.99,5,103,4.3,900+,7.802330097087378,,3,1,0,0,ut,84070,0,Salt Lake
1778,Buffalo Wild Wings,"11332 s river heights dr, south jordan, ut, 84095, us",17.79,13.79,4.79,2.29,1.99,6,97,4.0,600+,6.676288659793812,,3,1,0,0,ut,84095,0,Salt Lake
1779,Buffalo Wild Wings,"92 n 1200 e, lehi, ut, 84043, us",17.79,13.79,4.79,2.29,1.99,12,212,4.100000000000001,350+,7.851981132075469,,3,1,0,0,ut,84043,0,Utah
1780,Buffalo Wild Wings,"2101 s oneida st, ashwaubenon, wi, 54304-4616, us",17.79,13.79,4.79,2.29,1.99,6,106,4.200000000000001,700+,7.788773584905657,,3,1,0,0,wi,54304,0,Brown
1781,Buffalo Wild Wings,"2394 costco way, green bay, wi, 54311, us",17.79,13.79,4.79,2.29,1.99,6,100,4.399999999999999,800+,7.647599999999998,,3,1,0,0,wi,54311,0,Brown
1782,Buffalo Wild Wings,"789 university ave, madison, wi, 53715, us",17.29,13.29,4.79,2.29,1.99,6,105,4.399999999999999,1,7.8801904761904735,,3,1,0,0,wi,53715,0,Dane
1783,Buffalo Wild Wings,"6544 monona dr, madison, wi, 53716, us",17.29,13.29,4.79,2.29,1.99,6,99,4.100000000000001,600+,7.648282828282826,,3,1,0,0,wi,53716,0,Dane
1784,Buffalo Wild Wings,"240 east towne mall, madison, wi, 53704, us",17.29,13.29,4.79,2.29,1.99,5,89,4.0,800+,7.123258426966289,,3,1,0,0,wi,53704,0,Dane
1785,Buffalo Wild Wings,"6227 mckee rd ste f, fitchburg, wi, 53719, us",17.29,13.29,4.79,2.29,1.99,5,102,4.2,700+,7.579901960784312,,3,1,0,0,wi,53719,0,Dane
1786,Buffalo Wild Wings,"2900 north oakland avenue, milwaukee, wi, 53211, us",,11.29,2.99,,1.99,3,59,3.8000000000000007,170+,5.497118644067798,,3,1,0,0,wi,53211,0,Milwaukee
1787,Buffalo Wild Wings,"1621 miller park way, west milwaukee, wi, 53214, us",,11.29,2.99,,1.99,3,60,4.1,800+,5.4636666666666684,,3,1,0,0,wi,53214,0,Milwaukee
1788,Buffalo Wild Wings,"2720 north grandview boulevard, waukesha, wi, 53188, us",,12.49,4.29,,1.99,4,65,4.2,44,6.201076923076924,,3,1,0,0,wi,53188,0,Waukesha
1789,Buffalo Wild Wings,"1180 w sunset dr ste 106, waukesha, wi, 53189, us",17.29,13.29,4.79,2.29,1.99,5,103,4.100000000000002,500+,7.714951456310679,,3,1,0,0,wi,53189,0,Waukesha
1790,Buffalo Wild Wings,"1273 capitol dr ste a, pewaukee, wi, 53072, us",17.29,13.29,4.79,2.29,1.99,6,104,4.299999999999999,330+,7.926249999999997,,3,1,0,0,wi,53072,0,Waukesha
1791,Buffalo Wild Wings,"15306 w beloit rd, new berlin, wi, 53151, us",17.29,13.29,4.79,2.29,1.99,6,105,4.299999999999999,350+,7.827809523809521,,3,1,0,0,wi,53151,0,Waukesha
1792,Buffalo Wild Wings,"16750 w bluemound rd ste g, brookfield, wi, 53005, us",17.29,13.29,4.79,2.29,1.99,5,99,4.0,600+,7.82080808080808,,3,1,0,0,wi,53005,0,Waukesha
1793,Buffalo Wild Wings,"2950 s 108th st, west allis, wi, 53227, us",17.29,13.29,4.79,2.29,1.99,5,100,4.0,1,7.773599999999999,,3,1,0,0,wi,53227,0,Milwaukee
1794,Buffalo Wild Wings,"4014 connection point boulevard, charlotte, nc, 28212, us",,11.79,3.79,,1.99,3,63,4.0,150+,6.093492063492065,,3,1,0,0,nc,28212,0,Mecklenburg
1795,Buffalo Wild Wings,"8 loudon road, concord, nh, 03301, us",19.99,16.29,5.99,4.49,1.99,3,103,4.399999999999998,600+,8.398349514563105,,3,1,0,0,nh,3301,0,Merrimack
1796,Buffalo Wild Wings,"3712, dublin, ca, 94568, us",19.99,16.29,6.49,,1.99,0,99,4.399999999999999,420+,9.673838383838381,,3,1,0,0,ca,94568,1,Alameda
1797,Buffalo Wild Wings,"911 duluth highway, unit c-1c, lawrenceville, ga, 30043, us",,11.79,3.79,,1.99,3,60,4.199999999999999,370+,6.651333333333334,,3,1,0,0,ga,30043,0,Gwinnett
1798,Buffalo Wild Wings,"3636 s 27th st, milwaukee, wi, 53221, us",17.79,13.79,4.79,2.29,1.99,6,77,4.0,1,10.347142857142854,,3,1,0,0,wi,53221,0,Milwaukee
1799,Buffalo Wild Wings,"575 east university parkway b28, orem, ut, 84097, us",17.79,13.99,4.79,2.29,1.99,5,93,4.0,160+,7.4164516129032245,,3,1,0,0,ut,84097,0,Utah
1800,Buffalo Wild Wings,"32135 union lndg, union city, ca, 94587, us",20.79,16.79,6.49,2.29,1.99,1,89,4.100000000000001,600+,8.560224719101122,,3,1,0,0,ca,94587,1,Alameda
1801,Buffalo Wild Wings,"5b serramonte center serramonte center, daly city, ca, 94015, us",20.79,16.79,6.49,2.29,1.99,1,106,4.200000000000001,1,9.512830188679244,,3,1,0,0,ca,94015,1,San Mateo
1802,Outback Steakhouse,"4017 airport drive, mobile, al, 36609, us",15.99,10.49,4.99,3.99,11.59,20,189,4.299999999999999,1,18.693386243386247,14.99,3,1,0,0,al,36609,0,Mobile
1803,Outback Steakhouse,"245 20th street south, birmingham, al, 35233, us",15.99,10.49,4.99,3.99,11.59,11,97,3.899999999999999,50,18.380412371134025,14.99,3,1,0,0,al,35233,0,Jefferson
1804,Outback Steakhouse,"1725 fulton road, fultondale, al, 35068, us",,10.49,4.99,3.99,11.59,6,84,4.2,1,18.494285714285713,14.99,3,1,0,0,al,35068,0,Jefferson
1805,Outback Steakhouse,"3440 galleria circle, hoover, al, 35244, us",15.99,10.49,4.99,3.99,11.59,10,100,4.399999999999999,1,17.3687,13.99,3,1,0,0,al,35244,0,Shelby
1806,Outback Steakhouse,"5231 highway 280 south, birmingham, al, 35242, us",15.99,10.49,4.99,3.99,11.59,10,102,4.3,1,17.83372549019608,13.99,3,1,0,0,al,35242,0,Shelby
1807,Outback Steakhouse,"4777 whitesburg, huntsville, al, 35802, us",15.99,10.49,4.99,3.99,11.59,8,84,4.3,1,16.48392857142857,14.99,3,1,0,0,al,35802,0,Madison
1808,Outback Steakhouse,"7640 highway 72 west, madison, al, 35757, us",15.99,10.49,4.99,3.99,11.59,9,98,4.200000000000001,1,18.347755102040818,14.99,3,1,0,0,al,35757,0,Madison
1809,Outback Steakhouse,"zierdt road &amp; madison boulevard, huntsville, al, 35806, us",15.99,10.49,4.99,3.99,11.59,10,96,4.299999999999999,440+,18.21666666666667,14.99,3,1,0,0,al,35806,0,Madison
1810,Outback Steakhouse,"11196 abercorn street, savannah, ga, 31419, us",15.99,10.49,4.99,3.99,11.59,10,100,4.2,3,18.261700000000005,13.99,3,1,0,0,ga,31419,0,Chatham
1811,Outback Steakhouse,"100 buckwalter parkway, bluffton, sc, 29910, us",17.29,10.49,4.99,3.99,11.59,16,204,4.200000000000001,1,18.800980392156863,13.99,3,1,0,0,sc,29910,0,Beaufort
1812,Outback Steakhouse,"655 crossville road, roswell, ga, 30075, us",15.99,10.49,4.99,3.99,11.59,20,202,4.5,2,17.903465346534652,13.99,3,1,0,0,ga,30075,0,Fulton
1813,Outback Steakhouse,"6400 north pointe kwy, alpharetta, ga, 30022, us",15.99,10.49,4.99,3.99,11.59,30,303,4.5,3,17.903465346534652,13.99,3,1,0,0,ga,30022,0,Fulton
1814,Outback Steakhouse,"9001 shawnee mission pkwy, merriam, ks, 66202",15.99,10.49,4.99,3.99,11.59,30,301,4.5,5,18.019501661129567,13.99,3,1,0,0,ks,66202,0,Johnson
1815,Outback Steakhouse,"2145 lavista road, atlanta, ga, 30329, us",15.99,10.49,4.99,3.99,11.59,50,491,4.3999999999999995,5,17.911792260692465,14.99,3,1,0,0,ga,30329,0,DeKalb
1816,Outback Steakhouse,"3 reinhardt college parkway, canton, ga, 30114, us",15.99,10.49,4.99,3.99,11.59,10,103,4.399999999999998,1,17.832330097087382,13.99,3,1,0,0,ga,30114,0,Cherokee
1817,Outback Steakhouse,"1715 market pl blvd, cumming, ga, 30041, us",15.99,10.49,4.99,3.99,11.59,20,202,4.399999999999999,2,17.724752475247527,13.99,3,1,0,0,ga,30041,0,Forsyth
1818,Outback Steakhouse,"1188 dogwood drive, conyers, ga, 30012, us",15.99,10.49,4.99,3.99,11.59,10,100,4.3,3,17.9796,13.99,3,1,0,0,ga,30012,0,Rockdale
1819,Outback Steakhouse,"1750 scenic highway n., snellville, ga, 30078, us",15.99,10.49,4.99,3.99,11.59,20,196,4.399999999999999,3,17.59061224489796,13.99,3,1,0,0,ga,30078,0,Gwinnett
1820,Outback Steakhouse,"200 north park court, stockbridge, ga, 30281, us",15.99,10.49,4.99,3.99,11.59,30,311,4.100000000000001,2,17.99540192926045,13.99,3,1,0,0,ga,30281,0,Henry
1821,Outback Steakhouse,"1405 georgia 85, fayetteville, ga, 30214, us",15.99,10.49,4.99,3.99,11.59,18,184,4.299999999999999,120+,18.424891304347828,13.99,3,1,0,0,ga,30214,0,Fayette
1822,Outback Steakhouse,"6331, douglasville, ga, 30135, us",15.99,10.49,4.99,3.99,11.59,20,204,4.299999999999999,2,17.867549019607846,13.99,3,1,0,0,ga,30135,0,Douglas
1823,Outback Steakhouse,"995 n. peachtree parkway n, peachtree city, ga, 30269, us",15.99,10.49,4.99,3.99,11.59,10,102,4.3,2,17.787254901960786,13.99,3,1,0,0,ga,30269,0,Fayette
1824,Outback Steakhouse,"145 celebration drive, suwanee, ga, 30024, us",15.99,10.49,4.99,3.99,11.59,10,99,4.299999999999999,3,17.792626262626264,13.99,3,1,0,0,ga,30024,0,Gwinnett
1825,Outback Steakhouse,"7189 overland rd, boise, id, 83709, us",15.99,7.99,5.49,1.79,11.99,11,70,4.300000000000001,1,14.838571428571422,15.99,3,1,0,0,id,83709,0,Ada
1826,Outback Steakhouse,"2011 w karcher rd, nampa, id, 83651, us",15.99,7.99,5.49,1.79,11.99,11,71,4.399999999999998,430+,14.685774647887317,15.99,3,1,0,0,id,83651,0,Canyon
1827,Outback Steakhouse,"5771 east 86th street, indianapolis, in, 46250, us",15.99,10.49,4.99,3.99,11.59,20,210,4.0,1,18.06876190476191,13.99,3,1,0,0,in,46250,0,Marion
1828,Outback Steakhouse,"2315 post drive, indianapolis, in, 46219, us",15.99,10.49,4.99,3.99,11.59,20,204,4.100000000000001,1,17.93774509803922,13.99,3,1,0,0,in,46219,0,Marion
1829,Outback Steakhouse,"10220 north michigan road, carmel, in, 46077, us",15.99,10.49,4.99,3.99,11.59,20,194,4.399999999999999,1,17.45051546391753,13.99,3,1,0,0,in,46077,0,Boone
1830,Outback Steakhouse,"9140 rockville road, indianapolis, in, 46234, us",15.99,10.49,4.99,3.99,11.59,20,188,4.299999999999999,1,16.903510638297874,13.99,3,1,0,0,in,46234,0,Marion
1831,Outback Steakhouse,"7525 u.s. 31 south, indianapolis, in, 46227, us",15.99,10.49,4.99,3.99,11.59,20,202,4.299999999999999,1,17.763960396039607,13.99,3,1,0,0,in,46227,0,Marion
1832,Outback Steakhouse,"1590 e. lincoln highway, merrillville, in, 46410, us",15.99,10.49,4.99,3.99,11.59,10,105,4.100000000000001,900+,18.06876190476191,13.99,3,1,0,0,in,46410,0,Lake
1833,Outback Steakhouse,"10901 university avenue, clive, ia, 50325, us",15.99,10.49,4.99,3.99,11.59,10,105,4.399999999999999,1,18.06876190476191,13.99,3,1,0,0,ia,50325,0,Polk
1834,Outback Steakhouse,"2410 southeast tones drive, ankeny, ia, 50021, us",17.29,10.49,4.99,3.99,11.59,8,104,4.5,700+,18.884038461538463,13.99,3,1,0,0,ia,50021,0,Polk
1835,Outback Steakhouse,"9501 quivira drive, overland park, ks, 66214, us",15.99,10.49,4.99,3.99,11.59,10,104,4.5,2,17.949230769230773,13.99,3,1,0,0,ks,66214,0,Johnson
1836,Outback Steakhouse,"7006 northwest barry road., kansas city, mo, 64153, us",15.99,10.49,4.99,3.99,11.59,10,104,4.299999999999999,1,17.809807692307693,13.99,3,1,0,0,mo,64153,0,Platte
1837,Outback Steakhouse,"233 south ridge road, wichita, ks, 67209, us",15.99,10.49,4.99,3.99,11.59,10,102,4.5,1,17.926862745098042,13.99,3,1,0,0,ks,67209,0,Sedgwick
1838,Outback Steakhouse,"3395 nichlasville rd., lexington, ky, 40503, us",15.99,10.49,4.99,3.99,11.59,10,103,4.399999999999998,1,17.72067961165049,13.99,3,1,0,0,ky,40503,0,Fayette
1839,Outback Steakhouse,"1957 bryant road, lexington, ky, 40509, us",15.99,10.49,4.99,3.99,11.59,10,103,4.2,350+,17.64592233009709,13.99,3,1,0,0,ky,40509,0,Fayette
1840,Outback Steakhouse,"1209 veterans pkwy, clarksville, in, 47129, us",15.99,10.49,4.99,3.99,11.59,8,101,4.3,1,18.441089108910894,13.99,3,1,0,0,in,47129,0,Clark
1841,Outback Steakhouse,"6520 signature drive, louisville, ky, 40213, us",15.99,10.49,4.99,3.99,11.59,10,104,4.3999999999999995,2,17.759807692307696,13.99,3,1,0,0,ky,40213,0,Jefferson
1842,Outback Steakhouse,"2415 south acadian thruway, baton rouge, la, 70808, us",15.99,10.49,4.99,3.99,11.59,9,101,4.399999999999998,1,18.40792079207921,13.99,3,1,0,0,la,70808,0,East Baton Rouge
1843,Outback Steakhouse,"5280 jones creek road, baton rouge, la, 70817, us",15.99,10.49,4.99,3.99,11.59,10,104,4.299999999999999,1,18.321826923076927,13.99,3,1,0,0,la,70817,0,East Baton Rouge
1844,Outback Steakhouse,"2637 south veterans boulevard, gonzales, la, 70737, us",17.29,10.49,4.99,3.99,11.59,8,99,4.600000000000001,490+,19.1369696969697,13.99,3,1,0,0,la,70737,0,Ascension
1845,Outback Steakhouse,"2746 severn ave, metairie, la, 70002, us",15.99,10.49,4.99,3.99,11.59,20,210,4.399999999999999,4,18.175333333333338,13.99,3,1,0,0,la,70002,0,Jefferson
1846,Outback Steakhouse,"1601 barataria boulevard, marrero, la, 70072, us",15.99,10.49,4.99,3.99,11.59,20,212,4.399999999999999,2,18.06792452830189,13.99,3,1,0,0,la,70072,0,Jefferson
1847,Outback Steakhouse,"1600 west pinhook road, lafayette, la, 70508, us",15.99,10.49,4.99,3.99,11.59,10,102,4.3,1,17.859705882352944,13.99,3,1,0,0,la,70508,0,Lafayette
1848,Outback Steakhouse,"830 e. i-10 service road, slidell, la, 70461, us",15.99,10.49,4.99,3.99,11.59,10,106,4.399999999999999,1,17.947641509433968,13.99,3,1,0,0,la,70461,0,St. Tammany
1849,Outback Steakhouse,"60 park place drive, covington, la, 70433, us",15.99,10.49,4.99,3.99,11.59,10,104,4.3999999999999995,1,18.184326923076927,13.99,3,1,0,0,la,70433,0,St. Tammany
1850,Outback Steakhouse,"3586 sangani drive ste h, d'iberville, ms, 39540, us",15.39,8.79,4.39,3.29,10.79,11,54,4.699999999999998,700+,13.462222222222222,14.29,3,1,0,0,ms,39540,0,Harrison
1851,Outback Steakhouse,"3 pleasant street, portsmouth, nh, 03801, us",,,,,,0,52,4.699999999999999,95,29.096153846153847,,3,1,0,0,nh,3801,0,Rockingham
1852,Outback Steakhouse,"30 tunnel road, asheville, nc, 28805, us",15.99,10.49,4.99,3.99,11.59,10,105,4.399999999999999,2,17.947714285714287,13.99,3,1,0,0,nc,28805,0,Buncombe
1853,Outback Steakhouse,"250 mitchelle drive, hendersonville, nc, 28792, us",15.99,10.49,4.99,3.99,11.59,10,99,4.399999999999999,700+,18.34919191919192,13.99,3,1,0,0,nc,28792,0,Henderson
1854,Outback Steakhouse,"505 north mcpherson church road, fayetteville, nc, 28303, us",15.99,10.49,4.99,3.99,11.59,10,105,4.200000000000001,2,17.94771428571429,13.99,3,1,0,0,nc,28303,0,Cumberland
1855,Outback Steakhouse,"3500 mount moriah road, durham, nc, 27707, us",17.29,10.49,4.99,3.99,11.59,8,105,4.399999999999999,2,18.78971428571429,13.99,3,1,0,0,nc,27707,0,Durham
1856,Outback Steakhouse,"7500 creedmoor rd, raleigh, nc, 27613, us",17.29,10.49,4.99,3.99,11.59,8,100,4.399999999999999,2,18.161700000000003,13.99,3,1,0,0,nc,27613,0,Wake
1857,Outback Steakhouse,"901 walnut st, cary, nc, 27511, us",17.29,10.49,4.99,3.99,11.59,8,99,4.399999999999999,2,19.355353535353537,13.99,3,1,0,0,nc,27511,0,Wake
1858,Outback Steakhouse,"5200 capital blvd, raleigh, nc, 27616, us",15.99,10.49,4.99,3.99,11.59,20,208,4.299999999999999,2,18.053076923076926,13.99,3,1,0,0,nc,27616,0,Wake
1859,Outback Steakhouse,"845 highway 70 west, garner, nc, 27529, us",15.99,10.49,4.99,3.99,11.59,20,202,4.299999999999999,1,18.31732673267327,13.99,3,1,0,0,nc,27529,0,Wake
1860,Outback Steakhouse,"505 highland oaks drive, winston-salem, nc, 27103, us",15.99,10.49,4.99,3.99,,10,100,4.3,1,18.294600000000003,13.99,3,1,0,0,nc,27103,0,Forsyth
1861,Outback Steakhouse,"260 east parris avenue, highpoint, nc, 27262, us",15.99,10.49,4.99,3.99,11.59,20,200,4.299999999999999,1,17.710600000000003,13.99,3,1,0,0,nc,27262,0,Guilford
1862,Outback Steakhouse,"4518 west wendover avenue, greensboro, nc, 27409, us",15.99,10.49,4.99,3.99,11.59,20,180,4.399999999999999,1,18.243000000000002,13.99,3,1,0,0,nc,27409,0,Guilford
1863,Outback Steakhouse,"1611 westover terrace, greensboro, nc, 27408, us",15.99,10.49,4.99,3.99,,16,180,4.299999999999999,1,17.819555555555556,13.99,3,1,0,0,nc,27408,0,Guilford
1864,Outback Steakhouse,"2735 longpine rd, burlington, nc, 27215, us",15.99,10.49,4.99,3.99,11.59,10,103,4.399999999999998,1,18.019708737864082,13.99,3,1,0,0,nc,27215,0,Alamance
1865,Outback Steakhouse,"1412 east boulevard, charlotte, nc, 28203, us",17.29,10.49,4.99,3.99,11.59,16,208,4.3999999999999995,3,18.832019230769234,13.99,3,1,0,0,nc,28203,0,Mecklenburg
1866,Outback Steakhouse,"8405 ikea blvd, charlotte, nc, 28262, us",15.99,10.49,4.99,3.99,11.59,10,93,4.2,2,17.608924731182796,13.99,3,1,0,0,nc,28262,0,Mecklenburg
1867,Outback Steakhouse,"16400 north cross drive, huntersville, nc, 28078, us",15.99,10.49,4.99,3.99,11.59,10,102,4.399999999999998,1,18.07294117647059,13.99,3,1,0,0,nc,28078,0,Mecklenburg
1868,Outback Steakhouse,"8507, concord mills, nc, 28027, us",15.99,10.49,4.99,3.99,11.59,10,105,4.399999999999999,2,17.94771428571429,13.99,3,1,0,0,nc,28027,0,Cabarrus
1869,Outback Steakhouse,"302 south college road, wilmington, nc, 28403, us",15.99,10.49,4.99,3.99,11.59,10,105,4.5,2,17.947714285714287,13.99,3,1,0,0,nc,28403,0,New Hanover
1870,Outback Steakhouse,"860 n interstate dr, norman, ok, 73072, us",15.99,10.49,4.99,3.99,11.59,10,102,4.600000000000002,1,18.07294117647059,13.99,3,1,0,0,ok,73072,0,Cleveland
1871,Outback Steakhouse,"2219 southwest 74th, oklahoma city, ok, 73159, us",15.99,10.49,4.99,3.99,11.59,20,202,4.299999999999999,1,18.297524752475248,13.99,3,1,0,0,ok,73159,0,Oklahoma
1872,Outback Steakhouse,"4144 northwest expressway, oklahoma city, ok, 73116, us",15.99,10.49,4.99,3.99,11.59,20,200,4.399999999999999,2,18.320600000000002,13.99,3,1,0,0,ok,73116,0,Oklahoma
1873,Outback Steakhouse,"13635 san pedro ave, san antonio, tx, 78232",15.99,10.49,4.99,3.99,11.59,10,102,4.5,1,18.358235294117648,13.99,3,1,0,0,tx,78232,0,Bexar
1874,Outback Steakhouse,"9006 e 71st st, tulsa, ok, 74133, us",15.99,10.49,4.99,3.99,11.59,10,102,4.3,800+,18.35823529411765,13.99,3,1,0,0,ok,74133,0,Tulsa
1875,Outback Steakhouse,"1400 marketplace boulevard, coraopolis, pa, 15108, us",15.99,10.49,4.99,3.99,11.59,33,292,4.3999999999999995,1,17.44321917808219,13.99,3,1,0,0,pa,15108,0,Allegheny
1876,Outback Steakhouse,"3000 mosside boulevard, monroeville, pa, 15146, us",15.99,10.49,4.99,3.99,11.59,30,307,4.3999999999999995,1,17.503061889250816,13.99,3,1,0,0,pa,15146,0,Allegheny
1877,Outback Steakhouse,"460, washington, pa, 15301, us",15.99,10.49,4.99,3.99,11.59,20,188,4.299999999999999,500+,17.77425531914894,13.99,3,1,0,0,pa,15301,0,Washington
1878,Outback Steakhouse,"1001 n 9th street, reading, pa, 19604, us",,,,,,45,128,4.1000000000000005,2,5.4775,,3,1,0,0,pa,19604,0,Berks
1879,Outback Steakhouse,"650 commerce blvd, fairless hills, pa, 19030, us",17.29,10.49,4.99,3.99,11.59,8,102,4.399999999999998,1,19.00107843137255,13.99,3,1,0,0,pa,19030,0,Bucks
1880,Outback Steakhouse,"3240 tillman drive, bensalem, pa, 19020, us",15.99,10.49,4.99,3.99,11.59,20,204,4.299999999999999,1,18.162254901960786,13.99,3,1,0,0,pa,19020,0,Bucks
1881,Outback Steakhouse,"675 lancaster ave, frazer, pa, 19355, us",15.99,10.49,4.99,3.99,11.59,9,98,4.5,700+,18.648877551020412,13.99,3,1,0,0,pa,19355,0,Chester
1882,Outback Steakhouse,"701 byers dr, concord township, pa, 19342, us",17.29,10.49,4.99,3.99,11.59,24,296,4.200000000000001,700+,19.41429054054054,13.99,3,1,0,0,pa,19342,0,Delaware
1883,Outback Steakhouse,"1118 baltimore pike, springfield, usa, swarthmore, pa, 19064, us",15.99,10.49,4.99,3.99,,20,199,4.200000000000001,4,18.505778894472364,13.99,3,1,0,0,pa,19064,0,Delaware
1884,Outback Steakhouse,"100 n pointe blvd, lancaster, pa, 17601, us",15.99,10.49,4.99,3.99,11.59,9,88,4.3999999999999995,800+,16.552159090909093,13.99,3,1,0,0,pa,17601,0,Lancaster
1885,Outback Steakhouse,"800 n. krocks rd, allentown, pa, 18106, us",15.99,10.49,4.99,3.99,11.59,9,90,4.299999999999999,900+,18.256444444444448,13.99,3,1,0,0,pa,18106,0,Lehigh
1886,Outback Steakhouse,"3200 emrick blvd, bethlehem, pa, 18020, us",15.99,10.49,4.99,3.99,11.59,10,98,4.5,1,18.980510204081636,13.99,3,1,0,0,pa,18020,0,Northampton
1887,Outback Steakhouse,"322 w ridge pike, conshohocken, pa, 19428, us",17.29,10.49,4.99,3.99,11.59,16,206,4.5,2,18.95631067961165,13.99,3,1,0,0,pa,19428,0,Montgomery
1888,Outback Steakhouse,"450 montgomery mall, north wales, upper gwynedd, montgomery, pa, 19454, us",15.99,10.49,4.99,3.99,11.59,10,105,4.399999999999999,1,18.095428571428574,13.99,3,1,0,0,pa,19454,0,Montgomery
1889,Outback Steakhouse,"610 old york road, jenkintown, pa, 19046, us",15.99,10.49,4.99,3.99,11.59,10,102,4.2,3,18.3093137254902,13.99,3,1,0,0,pa,19046,0,Montgomery
1890,Outback Steakhouse,"724 blair mill road, horsham, pa, 19044, us",15.99,10.49,4.99,3.99,11.59,10,100,4.399999999999999,270+,18.475700000000003,13.99,3,1,0,0,pa,19044,0,Montgomery
1891,Outback Steakhouse,"380 town center dr, york, pa, 17408, us",15.99,10.49,4.99,3.99,11.59,10,102,4.399999999999998,1,18.122058823529414,13.99,3,1,0,0,pa,17408,0,York
1892,Outback Steakhouse,"2113 boundary street, beaufort, sc, 29902, us",15.99,10.49,4.99,3.99,11.59,10,103,4.3,800+,18.019708737864082,13.99,3,1,0,0,sc,29902,0,Beaufort
1893,Outback Steakhouse,"1890 sam rittenberg boulevard, charleston, sc, 29407, us",17.29,10.49,4.99,,11.59,6,91,4.3,2,20.06659340659341,13.99,3,1,0,0,sc,29407,0,Charleston
1894,Outback Steakhouse,"7643 rivers avenue, north charleston, sc, 29406, us",15.99,10.49,4.99,3.99,11.59,10,103,4.100000000000002,2,17.832330097087382,13.99,3,1,0,0,sc,29406,0,Charleston
1895,Outback Steakhouse,"21 orchard park drive, greenville, sc, 29615, us",15.99,10.49,4.99,3.99,11.59,20,208,4.200000000000001,2,17.920384615384616,13.99,3,1,0,0,sc,29615,0,Greenville
1896,Outback Steakhouse,"125 southern center way, easley, sc, 29642, us",15.99,10.49,4.99,3.99,11.59,20,210,4.299999999999999,1,17.947714285714287,13.99,3,1,0,0,sc,29642,0,Anderson
1897,Outback Steakhouse,"7025 north kings highway, myrtle beach, sc, 29572, us",15.99,10.49,4.99,3.99,11.59,9,98,4.5,1,16.68051020408164,13.99,3,1,0,0,sc,29572,0,Horry
1898,Outback Steakhouse,"4650 factory stores boulevard, myrtle beach, sc, 29579, us",15.99,10.49,4.99,3.99,11.59,8,100,4.3,1,18.6156,13.99,3,1,0,0,sc,29579,0,Horry
1899,Outback Steakhouse,"252 f harbison boulevard, columbia, sc, 29212, us",15.99,10.49,4.99,3.99,,18,194,4.299999999999999,2,18.450000000000003,13.99,3,1,0,0,sc,29212,0,Lexington
1900,Outback Steakhouse,"7611 two notch road, columbia, sc, 29223, us",15.99,10.49,4.99,3.99,11.59,22,202,4.299999999999999,2,17.891683168316835,13.99,3,1,0,0,sc,29223,0,Richland
1901,Outback Steakhouse,"1646 j.b. white sr boulevard, spartanburg, sc, 29301, us",15.99,10.49,4.99,3.99,11.59,10,103,4.2,1,18.218737864077674,13.99,3,1,0,0,sc,29301,0,Spartanburg
1902,Outback Steakhouse,"1319 river run court, rock hill, sc, 29732, us",15.99,10.49,4.99,3.99,11.59,10,104,4.3999999999999995,1,17.947307692307696,13.99,3,1,0,0,sc,29732,0,York
1903,Outback Steakhouse,"8338 pineville matthews road, charlotte, nc, 28226, us",15.99,10.49,4.99,3.99,11.59,9,104,4.3999999999999995,1,18.072307692307696,13.99,3,1,0,0,nc,28226,0,Mecklenburg
1904,Outback Steakhouse,"9308 robert irwin drive, charlotte, nc, 28278, us",15.99,10.49,4.99,,11.59,10,92,4.3,700+,19.541739130434788,13.99,3,1,0,0,nc,28278,0,Mecklenburg
1905,Outback Steakhouse,"6840 charlotte pike, nashville, tn, 37209, us",15.99,10.49,4.99,3.99,11.59,20,202,4.399999999999999,4,18.069801980198022,13.99,3,1,0,0,tn,37209,0,Davidson
1906,Outback Steakhouse,"1560 gallatin pike north, madison, tn, 37115, us",15.99,10.49,4.99,3.99,11.59,10,87,4.5,3,17.485747126436785,13.99,3,1,0,0,tn,37115,0,Davidson
1907,Outback Steakhouse,"5582 old hickory boulevard, hermitage, tn, 37076, us",15.99,10.49,4.99,3.99,11.59,10,103,4.5,4,18.019708737864082,13.99,3,1,0,0,tn,37076,0,Davidson
1908,Outback Steakhouse,"544 northgate mall drive, chattanooga, tn, 37415, us",15.99,10.49,4.99,3.99,11.59,10,104,4.3999999999999995,1,17.843461538461543,13.99,3,1,0,0,tn,37415,0,Hamilton
1909,Outback Steakhouse,"2120 hamilton place boulevard, chattanooga, tn, 37421, us",15.99,10.49,4.99,3.99,11.59,10,89,4.5,1,15.911123595505622,14.99,3,1,0,0,tn,37421,0,Hamilton
1910,Outback Steakhouse,"314 a merchant drive, knoxville, tn, 37912, us",15.99,10.49,4.99,3.99,11.59,10,102,4.399999999999998,2,17.520000000000003,13.99,3,1,0,0,tn,37912,0,Knox
1911,Outback Steakhouse,"330 n peters rd, knoxville, tn, 37922, us",15.99,10.49,4.99,3.99,11.59,10,102,4.5,2,18.12980392156863,13.99,3,1,0,0,tn,37922,0,Knox
1912,Outback Steakhouse,"1968 old fort parkway, murfreesboro, tn, 37129, us",15.99,10.49,4.99,3.99,11.59,10,103,4.5,3,18.01970873786408,13.99,3,1,0,0,tn,37129,0,Rutherford
1913,Outback Steakhouse,"1125 franklin road, lebanon, tn, 37087, us",15.99,10.49,4.99,3.99,11.59,10,103,4.3,1,18.01970873786408,13.99,3,1,0,0,tn,37087,0,Wilson
1914,Outback Steakhouse,"1705 parkway, sevierville, tn, 37862, us",15.99,10.49,4.99,3.99,11.59,10,103,4.2,1,18.019708737864082,13.99,3,1,0,0,tn,37862,0,Sevier
1915,Outback Steakhouse,"2255 union avenue, memphis, tn, 38104, us",15.99,10.49,4.99,3.99,11.59,10,101,4.3,4,18.297524752475248,13.99,3,1,0,0,tn,38104,0,Shelby
1916,Outback Steakhouse,"125 goodman rd. w. ste a, southaven, ms, 38671, us",15.39,8.79,4.39,3.29,10.79,12,54,4.4,2,14.238148148148149,14.29,3,1,0,0,ms,38671,0,DeSoto
1917,Outback Steakhouse,"9001 shawnee mission pkwy, merriam, ks, 66202",15.39,8.79,4.39,3.29,10.79,10,61,4.300000000000001,1,12.463770491803281,14.29,3,1,0,0,ks,66202,0,Johnson
1918,Outback Steakhouse,"8005 moores lane, brentwood, tn, 37027, us",19.39,10.49,5.99,3.99,12.59,7,98,4.600000000000001,1,19.792244897959186,13.99,3,1,0,0,tn,37027,0,Williamson
1919,Outback Steakhouse,"2500 sm 291 hwy, independence, mo, 64055",15.99,10.49,4.99,3.99,11.59,10,105,4.299999999999999,2,17.94771428571429,13.99,3,1,0,0,mo,64055,0,Jackson
1920,Outback Steakhouse,"2814 se military drive, san antonio, tx, 78235, us",15.99,10.49,4.99,3.99,11.59,20,208,4.200000000000001,56,17.98336538461539,13.99,3,1,0,0,tx,78235,0,Bexar
1921,Outback Steakhouse,"6569 ingram rd, san antonio, tx, 78238, us",15.99,10.49,4.99,3.99,11.59,10,104,4.299999999999999,2,18.043461538461543,13.99,3,1,0,0,tx,78238,0,Bexar
1922,Outback Steakhouse,"12511 i-10 west, san antonio, tx, 78230, us",15.99,10.49,4.99,3.99,11.59,20,208,4.3999999999999995,1,17.98336538461539,13.99,3,1,0,0,tx,78230,0,Bexar
1923,Outback Steakhouse,"8131 agora parkway, selma, tx, 78148, us",15.99,10.49,4.99,3.99,11.59,20,206,4.399999999999999,2,17.89592233009709,13.99,3,1,0,0,tx,78148,0,Bexar
1924,Outback Steakhouse,"1503 w. bay area blvd., webster, tx, 77598, us",15.99,10.49,4.99,3.99,11.59,40,418,4.399999999999999,1,17.96545454545455,13.99,3,1,0,0,tx,77598,0,Harris
1925,Outback Steakhouse,"3509 e. sam houston pkwy, pasadena, tx, 77505, us",15.99,10.49,4.99,3.99,11.59,36,402,4.399999999999999,1,18.520373134328363,13.99,3,1,0,0,tx,77505,0,Harris
1926,Outback Steakhouse,"12559 southwest fwy, stafford, tx, 77477, us",15.99,10.49,4.99,3.99,11.59,20,204,4.399999999999999,2,18.25774509803922,13.99,3,1,0,0,tx,77477,0,Fort Bend
1927,Outback Steakhouse,"10001 westheimer road # 1010, houston, tx, 77042, us",15.99,10.49,4.99,3.99,11.59,20,202,4.5,4,17.92574257425743,13.99,3,1,0,0,tx,77042,0,Harris
1928,Outback Steakhouse,"5218 1-10 east, baytown, tx, 77521, us",15.99,10.49,4.99,3.99,11.59,18,200,4.399999999999999,1,18.523100000000003,13.99,3,1,0,0,tx,77521,0,Harris
1929,Outback Steakhouse,"2102 s texas ave, college station, tx, 77840, us",15.99,10.49,4.99,3.99,11.59,10,103,4.399999999999998,600+,18.01970873786408,13.99,3,1,0,0,tx,77840,0,Brazos
1930,Outback Steakhouse,"1509 north central exp., plano, tx, 75075, us",15.99,10.49,4.99,3.99,11.59,18,200,4.399999999999999,1,18.403100000000002,13.99,3,1,0,0,tx,75075,0,Collin
1931,Outback Steakhouse,"4902 north george bush highway, garland, tx, 75040, us",15.99,10.49,4.99,3.99,11.59,20,206,4.5,1,17.692038834951457,13.99,3,1,0,0,tx,75040,0,Dallas
1932,Outback Steakhouse,"3903 towne crossing blvd, mesquite, tx, 75150, us",15.99,10.49,4.99,3.99,11.59,10,100,4.5,2,18.347600000000003,13.99,3,1,0,0,tx,75150,0,Dallas
1933,Outback Steakhouse,"1101 north i-35 east, desoto, tx, 75115, us",15.99,10.49,4.99,,11.59,10,99,4.399999999999999,2,18.58656565656566,13.99,3,1,0,0,tx,75115,0,Dallas
1934,Outback Steakhouse,"3510 west airport freeway, irving, tx, 75062, us",15.99,10.49,4.99,3.99,11.59,20,202,4.5,2,17.750000000000004,13.99,3,1,0,0,tx,75062,0,Dallas
1935,Outback Steakhouse,"15180, addison, tx, 75001, us",15.99,10.49,4.99,3.99,11.59,18,202,4.5,3,18.18861386138614,13.99,3,1,0,0,tx,75001,0,Dallas
1936,Outback Steakhouse,"2601 state highway 121, euless, tx, 76039, us",15.99,10.49,4.99,3.99,11.59,9,99,4.399999999999999,1,18.56636363636364,13.99,3,1,0,0,tx,76039,0,Tarrant
1937,Outback Steakhouse,"2211 south stemmons freeway, lewisville, tx, 75067, us",17.29,10.49,4.99,3.99,11.59,8,101,4.399999999999998,1,19.169900990099013,13.99,3,1,0,0,tx,75067,0,Denton
1938,Outback Steakhouse,"813 airport fwy, hurst, tx, 76053, us",15.99,10.49,4.99,3.99,11.59,30,302,4.3999999999999995,2,18.293576158940397,13.99,3,1,0,0,tx,76053,0,Tarrant
1939,Outback Steakhouse,"1151 west i-20, arlington, tx, 76017, us",15.99,10.49,4.99,3.99,11.59,20,208,4.299999999999999,2,17.98336538461539,13.99,3,1,0,0,tx,76017,0,Tarrant
1940,Outback Steakhouse,"4608 bryant irvin road, fort worth, tx, 76132, us",15.99,10.49,4.99,3.99,11.59,9,98,4.399999999999999,2,18.31714285714286,13.99,3,1,0,0,tx,76132,0,Tarrant
1941,Outback Steakhouse,"11875 gateway west boulevard, el paso, tx, 79936, us",15.99,10.49,4.99,3.99,11.59,10,105,4.299999999999999,1,17.947714285714287,13.99,3,1,0,0,tx,79936,0,El Paso
1942,Outback Steakhouse,"9753 fm 1960 bypass, humble, tx, 77338, us",15.99,10.49,4.99,3.99,11.59,10,105,4.5,2,17.94771428571429,13.99,3,1,0,0,tx,77338,0,Harris
1943,Outback Steakhouse,"7070 highway 6 north, houston, tx, 77095, us",15.99,10.49,4.99,3.99,11.59,10,105,4.399999999999999,2,17.947714285714287,13.99,3,1,0,0,tx,77095,0,Harris
1944,Outback Steakhouse,"2060 i-10 south, beaumont, tx, 77707, us",15.99,10.49,4.99,3.99,11.59,9,100,4.5,700+,18.142600000000005,13.99,3,1,0,0,tx,77707,0,Jefferson
1945,Outback Steakhouse,"4015 south loop 289, lubbock, tx, 79423, us",15.99,10.49,4.99,3.99,11.59,10,103,4.5,1,18.019708737864082,13.99,3,1,0,0,tx,79423,0,Lubbock
1946,Outback Steakhouse,"4500 franklin avenue, waco, tx, 76710, us",15.99,10.49,4.99,3.99,11.59,10,105,4.5,700+,17.94771428571429,13.99,3,1,0,0,tx,76710,0,McLennan
1947,Outback Steakhouse,"4221 south padre island drive, corpus christi, tx, 78411, us",15.99,10.49,4.99,3.99,11.59,9,102,4.5,1,18.137647058823532,13.99,3,1,0,0,tx,78411,0,Nueces
1948,Outback Steakhouse,"11600 research boulevard, austin, tx, 78759, us",15.99,10.49,4.99,3.99,11.59,30,309,4.5,3,18.01970873786408,13.99,3,1,0,0,tx,78759,0,Travis
1949,Outback Steakhouse,"1651 i-35 south, round rock, tx, 78664, us",15.99,10.49,4.99,3.99,11.59,20,180,4.399999999999999,2,16.256444444444448,13.99,3,1,0,0,tx,78664,0,Williamson
1950,Outback Steakhouse,"1664 n heritage park blvd, layton, ut, 84041, us",15.49,7.99,5.49,1.79,9.99,9,70,4.5,300+,17.04571428571428,14.99,3,1,0,0,ut,84041,0,Davis
1951,Outback Steakhouse,"372 e university pkwy, orem, ut, 84058, us",15.49,7.99,5.49,1.79,9.99,9,70,4.199999999999999,330+,17.677142857142854,14.99,3,1,0,0,ut,84058,0,Utah
1952,Outback Steakhouse,"100 n military ave, green bay, wi, 54303, us",,,,,,66,160,4.0,700+,10.735,,3,1,0,0,wi,54303,0,Brown
1953,Outback Steakhouse,"missingaddress, madison, wi, 53717, us",15.99,10.49,4.99,,11.59,10,100,4.399999999999999,700+,18.652700000000003,13.99,3,1,0,0,wi,53717,0,Dane
1954,Outback Steakhouse,"8625 w. sura lane, greenfield, wi, 53228, us",15.99,10.49,4.99,3.99,11.59,20,206,4.299999999999999,1,17.994563106796118,13.99,3,1,0,0,wi,53228,0,Milwaukee
1955,Outback Steakhouse,"295 s. moorland road, brookfield, wi, 53005, us",15.99,10.49,4.99,3.99,11.59,20,208,4.3999999999999995,900+,18.132019230769234,13.99,3,1,0,0,wi,53005,0,Waukesha
1956,Outback Steakhouse,"1665 state hill road, wyomissing, pa, 19610, us",,,,,,7,149,4.0,260+,16.526241610738253,,3,1,0,0,pa,19610,0,Berks
1957,Outback Steakhouse,"9498 brownsboro road, louisville, ky, 40241, us",15.99,10.49,4.99,3.99,11.59,10,102,4.399999999999998,1,18.12980392156863,13.99,3,1,0,0,ky,40241,0,Jefferson
1958,Red Robin,"13635 san pedro ave, san antonio, tx, 78232",,,,1.82,,30,100,4.0,140+,5.851099999999999,,3,1,0,0,tx,78232,0,Bexar
1959,Red Robin,"5029 pinnacle square, birmingham, al, 35173, us",17.79,8.39,4.79,4.09,3.59,20,120,4.3999999999999995,410+,12.691666666666666,,3,1,0,0,al,35173,0,Jefferson
1960,Red Robin,"2720 carl t jones dr se, huntsville, al, 35802, us",17.99,8.39,4.79,4.39,3.59,20,110,4.600000000000002,490+,12.563636363636359,,3,1,0,0,al,35802,0,Madison
1961,Red Robin,"365 the bridge st suite 113, huntsville, al, 35806, us",17.99,8.39,4.79,4.39,3.59,20,110,4.5,500+,12.563636363636359,,3,1,0,0,al,35806,0,Madison
1962,Red Robin,"62 b s royal st, mobile, al, 36602, us",,,,,,1,104,5.0,13,8.392596153846155,,3,1,0,0,al,36602,0,Mobile
1963,Red Robin,"3125 government blvd, mobile, al, 36606, us",,,,,,8,77,4.199999999999999,180+,6.061818181818182,,3,1,0,0,al,36606,0,Mobile
1964,Red Robin,"125 w congress st, savannah, ga, 31401, us",,,,,,1,16,4.3,1,11.5,,3,1,0,0,ga,31401,0,Chatham
1965,Red Robin,"3333, buford, ga, 30519, us",17.99,8.39,4.79,4.39,3.59,40,242,4.5,1,13.014380165289255,,3,1,0,0,ga,30519,0,Gwinnett
1966,Red Robin,"1250 scenic highway suite 1500, lawrenceville, ga, 30045, us",17.79,8.39,4.79,4.09,3.59,60,356,4.5,2,12.77005617977528,,3,1,0,0,ga,30045,0,Gwinnett
1967,Red Robin,"225 central ave. sw, atlanta, ga, 30303, us",,,,,,0,83,4.100000000000001,1,13.873493975903612,,3,1,0,0,ga,30303,0,Fulton
1968,Red Robin,"30 decatur street southeast, atlanta, ga, 30303, us",,,,,,0,24,4.1,440+,11.772499999999999,,3,1,0,0,ga,30303,0,Fulton
1969,Red Robin,"5495 cascade road, atlanta, ga, 30331, us",,,,,,3,54,3.9000000000000004,250+,11.75074074074074,,3,1,0,0,ga,30331,0,Fulton
1970,Red Robin,"777 oak street southwest, atlanta, ga, 30310, us",,,,,,3,8,4.2,1,7.0525,,3,1,0,0,ga,30310,0,Fulton
1971,Red Robin,"370 peachtree pkwy, cumming, ga, 30041, us",18.29,8.39,4.79,4.59,3.59,20,113,4.6000000000000005,1,13.062566371681417,,3,1,0,0,ga,30041,0,Forsyth
1972,Red Robin,"211 west parkcenter blvd, boise, id, 83706, us",17.79,8.39,4.79,4.09,3.59,19,111,4.600000000000002,1,12.577387387387384,,3,1,0,0,id,83706,0,Ada
1973,Red Robin,"267 n milwaukee, boise, id, 83704, us",17.29,8.39,4.79,3.89,3.59,17,120,4.5,1,12.464999999999998,,3,1,0,0,id,83704,0,Ada
1974,Red Robin,"1475 north eagle rd, meridian, id, 83642, us",17.79,8.39,4.79,4.09,3.59,20,121,4.5,1,12.86520661157025,,3,1,0,0,id,83642,0,Ada
1975,Red Robin,"2222 cassia st, nampa, id, 83651, us",17.29,8.39,4.79,3.89,3.59,16,121,4.200000000000001,1,12.686694214876033,,3,1,0,0,id,83651,0,Canyon
1976,Red Robin,"8190 n shadeland ave, indianapolis, in, 46250, us",17.79,8.39,4.79,4.09,,38,198,4.299999999999999,600+,12.838484848484846,,3,1,0,0,in,46250,0,Marion
1977,Red Robin,"13215 harrell pkwy, noblesville, in, 46060, us",17.79,8.39,4.79,4.09,3.59,20,110,4.3,360+,12.36272727272727,,3,1,0,0,in,46060,0,Hamilton
1978,Red Robin,"14599 clay terrace blvd, carmel, in, 46032, us",17.79,8.39,4.79,4.09,3.59,20,112,4.3999999999999995,430+,12.539107142857143,,3,1,0,0,in,46032,0,Hamilton
1979,Red Robin,"1410 us-41, schererville, in, 46375, us",17.99,8.39,4.79,4.39,3.59,20,110,4.5,500+,12.563636363636359,,3,1,0,0,in,46375,0,Lake
1980,Red Robin,"2465 southlake mall, merrillville, in, 46410, us",17.99,8.39,4.79,4.39,3.59,18,106,4.200000000000001,460+,12.758867924528303,,3,1,0,0,in,46410,0,Lake
1981,Red Robin,"365 south perry rd, plainfield, in, 46168, us",17.79,8.39,4.79,4.09,3.59,20,109,4.200000000000001,410+,12.306513761467889,,3,1,0,0,in,46168,0,Hendricks
1982,Red Robin,"6255 mills civic pkwy, west des moines, ia, 50266, us",18.29,8.39,4.79,4.59,3.59,19,113,4.399999999999999,500+,13.33424778761062,,3,1,0,0,ia,50266,0,Dallas
1983,Red Robin,"8657 w 135th, overland park, ks, 66223, us",14.68,7.11,3.6,3.38,3.72,15,100,4.3,800+,10.781199999999998,,3,1,0,0,ks,66223,0,Johnson
1984,Red Robin,"20155 w 153rd, olathe, ks, 66062, us",14.68,7.11,3.6,3.38,3.72,15,100,4.5,700+,10.781199999999998,,3,1,0,0,ks,66062,0,Johnson
1985,Red Robin,"7355 west taft street, wichita, ks, 67209, us",14.68,7.11,3.6,3.38,3.72,15,102,4.399999999999998,350+,11.143529411764703,,3,1,0,0,ks,67209,0,Sedgwick
1986,Red Robin,"9990 e 13th st, wichita, ks, 67206, us",14.68,7.11,3.6,3.38,3.38,15,99,4.399999999999999,1,10.655050505050504,,3,1,0,0,ks,67206,0,Sedgwick
1987,Red Robin,"12811 s tryon st, charlotte, nc, 28273",17.29,8.39,4.79,3.89,3.59,17,109,4.600000000000002,410+,12.17899082568807,,3,1,0,0,nc,28273,0,Mecklenburg
1988,Red Robin,"5000 shelbyville rd #1627, louisville, ky, 40207, us",17.79,8.39,4.79,4.09,3.59,20,110,4.5,500+,12.36272727272727,,3,1,0,0,ky,40207,0,Jefferson
1989,Red Robin,"9870 von allmen court, louisville, ky, 40241, us",17.99,8.39,4.79,4.39,3.59,20,110,4.600000000000002,470+,12.563636363636359,,3,1,0,0,ky,40241,0,Jefferson
1990,Red Robin,"3255 highland rd, baton rouge, la, 70802, us",,,,,,26,186,4.0,1,8.752150537634408,,3,1,0,0,la,70802,0,East Baton Rouge
1991,Red Robin,"4001 airline highway, matairie, la, 70001, us",,,,,,25,73,4.3,900+,7.8297260273972595,,3,1,0,0,la,70001,0,Jefferson
1992,Red Robin,"20430 highway 59 n, humble, tx, 77338",,,,,,9,110,4.100000000000002,430+,7.294818181818181,,3,1,0,0,tx,77338,0,Harris
1993,Red Robin,"700 town center parkway, slidell, la, 70458, us",17.29,8.39,4.79,3.89,3.59,34,220,4.399999999999999,600+,12.133636363636361,,3,1,0,0,la,70458,0,St. Tammany
1994,Red Robin,"9351 canal rd, gulfport, ms, 39503, us",,,,,,1,30,4.400000000000001,110+,10.605666666666666,,3,1,0,0,ms,39503,0,Harrison
1995,Red Robin,"1500 s willow st #w157, manchester, nh, 03103, us",17.99,8.39,4.79,4.39,3.59,20,110,4.5,800+,12.563636363636359,,3,1,0,0,nh,3103,0,Hillsborough
1996,Red Robin,"99 rockingham park blvd #w105, salem, nh, 03079, us",17.99,8.39,4.79,4.39,3.59,20,110,4.600000000000002,29,12.56363636363636,,3,1,0,0,nh,3079,0,Rockingham
1997,Red Robin,"1636 hendersonville road, ste 125, asheville, nc, 28803, us",,,,,,6,78,3.1,30,18.263076923076927,,3,1,0,0,nc,28803,0,Buncombe
1998,Red Robin,"502 cross creek mall, fayetteville, nc, 28303, us",17.99,8.39,4.79,4.39,3.59,20,117,4.399999999999999,1,12.742991452991452,,3,1,0,0,nc,28303,0,Cumberland
1999,Red Robin,"5313 new hope commons extension, durham, nc, 27707, us",17.79,8.39,4.79,4.09,3.59,20,120,4.5,1,12.691666666666666,,3,1,0,0,nc,27707,0,Durham
2000,Red Robin,"7860 alexander promenade pl, raleigh, nc, 27617, us",17.99,8.39,4.79,4.39,3.59,18,117,4.600000000000001,1,13.127606837606834,,3,1,0,0,nc,27617,0,Wake
2001,Red Robin,"188 hanes mall circle, winston-salem, nc, 27103, us",17.29,8.39,4.79,3.89,3.59,15,116,4.5,600+,12.603793103448272,,3,1,0,0,nc,27103,0,Forsyth
2002,Red Robin,"1507 highwoods blvd, greensboro, nc, 27410, us",17.79,8.39,4.79,4.09,3.59,40,240,4.5,1,12.691666666666666,,3,1,0,0,nc,27410,0,Guilford
2003,Red Robin,"3110 waltham blvd, burlington, nc, 27215, us",17.79,8.39,4.79,4.09,3.59,20,120,4.5,600+,12.691666666666666,,3,1,0,0,nc,27215,0,Alamance
2004,Red Robin,"8304 kenbrooke dr, charlotte, nc, 28262, us",17.29,8.39,4.79,3.89,3.59,34,240,4.5,1,12.464999999999998,,3,1,0,0,nc,28262,0,Mecklenburg
2005,Red Robin,"8425 northlake commons blvd, charlotte, nc, 28216, us",17.29,8.39,4.79,3.89,3.59,34,238,4.6000000000000005,1,12.4790756302521,,3,1,0,0,nc,28216,0,Mecklenburg
2006,Red Robin,"905 international dr, wilmington, nc, 28405, us",17.79,8.39,4.79,4.09,3.59,20,120,4.5,1,12.691666666666666,,3,1,0,0,nc,28405,0,New Hanover
2007,Red Robin,"2260 walnut st, cary, nc, 27518, us",17.79,8.39,4.79,4.09,3.59,19,117,4.5,600+,12.807948717948713,,3,1,0,0,nc,27518,0,Wake
2008,Red Robin,"10 cabela drive, garner, nc, 27529, us",17.29,8.39,4.79,3.89,3.59,17,118,4.5,1,12.595084745762708,,3,1,0,0,nc,27529,0,Wake
2009,Red Robin,"1050 ed noble pkwy, norman, ok, 73072, us",17.29,8.39,4.79,3.89,3.59,32,218,4.5,600+,12.202844036697247,,3,1,0,0,ok,73072,0,Cleveland
2010,Red Robin,"13800 n pennsylvania ave, oklahoma city, ok, 73134, us",17.29,8.39,4.79,3.89,3.59,17,106,4.5,800+,12.34,,3,1,0,0,ok,73134,0,Oklahoma
2011,Red Robin,"9810 riverside pkwy, tulsa, ok, 74137, us",17.29,8.39,4.79,3.89,3.59,17,109,4.299999999999999,220+,12.145963302752293,,3,1,0,0,ok,74137,0,Tulsa
2012,Red Robin,"4801 w kenosha st, broken arrow, ok, 74012, us",17.29,8.39,4.79,3.89,3.59,17,110,4.5,500+,12.133636363636358,,3,1,0,0,ok,74012,0,Tulsa
2013,Red Robin,"175 e waterfront dr, homestead, pa, 15120, us",17.29,8.39,4.79,3.89,3.59,34,238,4.299999999999997,1,12.499243697478988,,3,1,0,0,pa,15120,0,Allegheny
2014,Red Robin,"301 south hills village, bethel park, pa, 15241, us",17.79,8.39,4.79,4.09,3.59,40,240,4.5,1,12.691666666666666,,3,1,0,0,pa,15241,0,Allegheny
2015,Red Robin,"4559 perkiomen ave, reading, pa, 19606, us",,,,,,1,9,4.3,280+,10.30111111111111,,3,1,0,0,pa,19606,0,Berks
2016,Red Robin,"3605 horizon blvd., trevose, pa, 19053, us",,,,,,3,27,4.299999999999999,600+,10.30111111111111,,3,1,0,0,pa,19053,0,Bucks
2017,Red Robin,"220 plaza drive, collegeville, pa, 19426, us",,,,,,3,27,4.599999999999999,390+,10.30111111111111,,3,1,0,0,pa,19426,0,Montgomery
2018,Red Robin,"2350 lincoln hwy e, lancaster, pa, 17602, us",,,,,,1,9,4.3,440+,10.30111111111111,,3,1,0,0,pa,17602,0,Lancaster
2019,Red Robin,"1875 airport rd, allentown, pa, 18109, us",,,,,,0,2,4.6,600+,15.19,,3,1,0,0,pa,18109,0,Lehigh
2020,Red Robin,"2845, center valley, pa, 18034, us",,,,,,0,2,4.6,500+,15.19,,3,1,0,0,pa,18034,0,Lehigh
2021,Red Robin,"690 n west end blvd route 309, quakertown, pa, 18951, us",,,,,,0,2,4.8,57,15.19,,3,1,0,0,pa,18951,0,Bucks
2022,Red Robin,"200 mall circle drive, monroeville, pa, 15146, us",17.79,8.39,4.79,4.09,3.59,20,120,4.5,700+,12.691666666666666,,3,1,0,0,pa,15146,0,Allegheny
2023,Red Robin,"1020 pittsburgh mills circle, tarentum, pa, 15084, us",17.29,8.39,4.79,3.89,3.59,17,120,4.3999999999999995,360+,12.465,,3,1,0,0,pa,15084,0,Allegheny
2024,Red Robin,"1060 fording island road, bluffton, sc, 29910, us",,,,,,56,163,4.700000000000001,500+,5.910122699386503,,3,1,0,0,sc,29910,0,Beaufort
2025,Red Robin,"1175 folly rd, charleston, sc, 29412, us",,,,,,3,53,4.300000000000002,130+,14.082075471698118,,3,1,0,0,sc,29412,0,Charleston
2026,Red Robin,"1125 woodruff rd suite 1400, greenville, sc, 29607, us",17.79,8.39,4.79,4.09,3.59,40,240,4.3999999999999995,700+,12.691666666666666,,3,1,0,0,sc,29607,0,Greenville
2027,Red Robin,"1218 n retail court, myrtle beach, sc, 29577, us",17.79,8.39,4.79,4.09,3.59,19,118,4.600000000000001,1,12.845932203389829,,3,1,0,0,sc,29577,0,Horry
2028,Red Robin,"100, columbia, sc, 29212, us",17.29,8.39,4.79,3.89,3.59,34,236,4.399999999999999,490+,12.399322033898304,,3,1,0,0,sc,29212,0,Lexington
2029,Red Robin,"247 forum dr, columbia, sc, 29229, us",17.29,8.39,4.79,3.89,3.59,17,111,4.3,1,12.247657657657653,,3,1,0,0,sc,29229,0,Richland
2030,Red Robin,"3415 toringdon way, charlotte, nc, 28277, us",17.29,8.39,4.79,3.89,3.59,15,117,4.700000000000003,1,12.638717948717945,,3,1,0,0,nc,28277,0,Mecklenburg
2031,Red Robin,"6802 charlotte pike, nashville, tn, 37209, us",17.79,8.39,4.79,4.09,3.59,40,240,4.3999999999999995,1,12.691666666666666,,3,1,0,0,tn,37209,0,Davidson
2032,Red Robin,"401 s, mt juliet, tn, 37122, us",17.79,8.39,4.79,4.09,3.59,20,120,4.3999999999999995,700+,12.691666666666666,,3,1,0,0,tn,37122,0,Wilson
2033,Red Robin,"302 indian lake blvd, hendersonville, tn, 37075, us",17.79,8.39,4.79,4.09,3.59,19,117,4.5,900+,12.807948717948715,,3,1,0,0,tn,37075,0,Sumner
2034,Red Robin,"2100 hamilton pl blvd suite 317, chattanooga, tn, 37421, us",17.29,8.39,4.79,3.89,3.59,17,120,4.299999999999999,450+,12.464999999999998,,3,1,0,0,tn,37421,0,Hamilton
2035,Red Robin,"11433 parkside dr, farragut, tn, 37934, us",17.29,8.39,4.79,3.89,3.59,17,120,4.5,700+,12.465,,3,1,0,0,tn,37934,0,Knox
2036,Red Robin,"1986 medical center pkwy, murfreesboro, tn, 37129, us",17.79,8.39,4.79,4.09,3.59,20,107,4.399999999999999,1,12.496542056074766,,3,1,0,0,tn,37129,0,Rutherford
2037,Red Robin,"308 e main st, sevierville, tn, 37862, us",,,,,,10,38,3.4000000000000004,45,5.063157894736842,,3,1,0,0,tn,37862,0,Sevier
2038,Red Robin,"10211, collierville, tn, 38017, us",17.79,8.39,4.79,4.09,3.59,20,120,4.3999999999999995,1,12.691666666666666,,3,1,0,0,tn,38017,0,Shelby
2039,Red Robin,"2032 crossings cir, spring hill, tn, 37174, us",17.79,8.39,4.79,4.09,3.59,20,120,4.299999999999999,240+,12.691666666666666,,3,1,0,0,tn,37174,0,Maury
2040,Red Robin,"2800 e central texas expressway, killeen, tx, 76542, us",17.99,8.39,4.79,4.39,3.59,20,110,4.399999999999998,1,12.563636363636359,,3,1,0,0,tx,76542,0,Bell
2041,Red Robin,"1750 n loop 1604 e ste 102, san antonio, tx, 78232, us",17.99,,,,,12,60,4.3999999999999995,450+,15.282666666666664,,3,1,0,0,tx,78232,0,Bexar
2042,Red Robin,"5631 w loop 1604 n, san antonio, tx, 78253, us",17.99,,,4.31,,4,33,4.5,1,14.351212121212122,,3,1,0,0,tx,78253,0,Bexar
2043,Red Robin,"17403 ih-10 west, san antonio, tx, 78257, us",17.99,,,,,12,60,4.5,410+,15.282666666666666,,3,1,0,0,tx,78257,0,Bexar
2044,Red Robin,"8227 agora parkway, selma, tx, 78148, us",17.99,,,,,12,60,4.5,700+,15.282666666666664,,3,1,0,0,tx,78148,0,Bexar
2045,Red Robin,"18830 gulf freeway, friendswood, tx, 77546, us",17.79,8.39,4.79,4.09,3.59,80,440,4.6000000000000005,490+,12.362727272727273,,3,1,0,0,tx,77546,0,Galveston
2046,Red Robin,"11200 broadway st #1500, pearland, tx, 77584, us",17.79,8.39,4.79,4.09,3.59,40,220,4.5,800+,12.362727272727273,,3,1,0,0,tx,77584,0,Brazoria
2047,Red Robin,"105 dominik dr, college station, tx, 77840, us",,,,,,10,65,4.5,900+,11.376615384615384,,3,1,0,0,tx,77840,0,Brazos
2048,Red Robin,"1104 international blvd, brownsville, tx, 78520, us",,,,,,54,117,4.799999999999997,150+,5.378205128205129,,3,1,0,0,tx,78520,0,Cameron
2049,Red Robin,"5031 n, garland, tx, 75044, us",15.99,8.39,,2.39,,18,225,4.700000000000001,1,12.813999999999998,,3,1,0,0,tx,75044,0,Dallas
2050,Red Robin,"229 n hwy 67, cedar hill, tx, 75104, us",15.99,8.39,,2.39,,18,225,4.6,1,12.804666666666668,,3,1,0,0,tx,75104,0,Dallas
2051,Red Robin,"421 east interstate 20 highway, arlington, tx, 76018, us",15.99,8.39,,2.39,,24,300,4.6000000000000005,1,12.814,,3,1,0,0,tx,76018,0,Tarrant
2052,Red Robin,"5731 long prairie rd, flower mound, tx, 75028, us",15.99,8.39,,2.39,,6,75,4.600000000000001,1,12.814,,3,1,0,0,tx,75028,0,Denton
2053,Red Robin,"7620 katy freeway #465, houston, tx, 77024, us",18.29,8.39,4.79,4.59,3.59,20,110,4.600000000000002,1,12.741818181818179,,3,1,0,0,tx,77024,0,Harris
2054,Red Robin,"3517 e sam houston parkway, pasadena, tx, 77505, us",17.79,8.39,4.79,4.09,3.59,60,321,4.600000000000001,430+,12.496542056074764,,3,1,0,0,tx,77505,0,Harris
2055,Red Robin,"22455 hwy 249, houston, tx, 77377, us",17.99,8.39,4.79,4.39,3.59,20,110,4.700000000000001,1,12.56363636363636,,3,1,0,0,tx,77377,0,Harris
2056,Red Robin,"23318 mercantile pkwy, katy, tx, 77449, us",17.99,8.39,4.79,4.39,3.59,20,110,4.700000000000001,1,12.563636363636359,,3,1,0,0,tx,77449,0,Harris
2057,Red Robin,"409 s jackson rd, pharr, tx, 78577, us",12.0,8.39,4.79,3.83,4.79,14,99,4.600000000000001,190+,12.25070707070707,,3,1,0,0,tx,78577,0,Hidalgo
2058,Red Robin,"1550 interstate 10 e, beaumont, tx, 77703, us",,,,,,33,178,4.399999999999999,330+,8.590449438202247,,3,1,0,0,tx,77703,0,Jefferson
2059,Red Robin,"4805 s loop 289 bldg 200, lubbock, tx, 79424, us",17.99,8.39,4.79,4.39,3.59,20,110,4.600000000000002,700+,12.56363636363636,,3,1,0,0,tx,79424,0,Lubbock
2060,Red Robin,"215 mary avenue, ste 101, waco, tx, 76701, us",,,,,,7,116,4.700000000000002,22,10.538793103448276,,3,1,0,0,tx,76701,0,McLennan
2061,Red Robin,"1322 leopard st, corpus christi, tx, 78401, us",,,,,,1,32,4.2,25,5.9278125,,3,1,0,0,tx,78401,0,Nueces
2062,Red Robin,"13000 n ih35 sbfr #5, austin, tx, 78753, us",17.99,8.39,4.79,4.39,3.59,60,330,4.600000000000001,2,12.563636363636364,,3,1,0,0,tx,78753,0,Travis
2063,Red Robin,"5011 183 a toll road, cedar park, tx, 78613, us",17.99,8.39,4.79,4.39,3.59,60,330,4.5,1,12.563636363636364,,3,1,0,0,tx,78613,0,Williamson
2064,Red Robin,"1562 woodland park dr, layton, ut, 84041, us",12.59,9.19,2.49,4.29,3.79,8,103,4.5,460+,12.699708737864077,,3,1,0,0,ut,84041,0,Davis
2065,Red Robin,"3601 2700 w, west valley city, ut, 84119, us",12.59,9.19,2.49,4.29,3.79,8,103,4.3,430+,12.699708737864077,,3,1,0,0,ut,84119,0,Salt Lake
2066,Red Robin,"316 e winchester st, murray, ut, 84107, us",12.59,9.19,2.49,4.29,3.79,10,103,4.399999999999998,300+,12.441456310679612,,3,1,0,0,ut,84107,0,Salt Lake
2067,Red Robin,"1200 towne centre blvd, provo, ut, 84601, us",12.59,9.19,2.49,4.29,3.79,8,103,4.399999999999998,160+,12.699708737864075,,3,1,0,0,ut,84601,0,Utah
2068,Red Robin,"2605 oneida st #100, green bay, wi, 54304, us",12.09,8.39,4.79,4.39,3.59,19,110,4.5,800+,12.70272727272727,,3,1,0,0,wi,54304,0,Brown
2069,Red Robin,"6522, monona, wi, 53716, us",17.99,8.39,4.79,4.39,3.59,20,111,4.5,600+,12.684594594594593,,3,1,0,0,wi,53716,0,Dane
2070,Red Robin,"2440 east springs dr, madison, wi, 53704, us",17.99,8.39,4.79,4.39,3.59,20,111,4.5,480+,12.684594594594591,,3,1,0,0,wi,53704,0,Dane
2071,Red Robin,"7575 edgerton ave, greenfield, wi, 53220, us",17.99,8.39,4.79,4.39,3.59,40,222,4.399999999999999,800+,12.684594594594593,,3,1,0,0,wi,53220,0,Milwaukee
2072,Red Robin,"95 n moorland rd, brookfield, wi, 53005, us",17.79,8.39,4.79,4.09,3.59,40,216,4.3999999999999995,490+,12.263148148148147,,3,1,0,0,wi,53005,0,Waukesha
2073,Red Robin,"s, 11615 district dr, south jordan, ut, 84095, us",17.89,9.19,2.49,4.29,3.79,8,103,4.3,210+,12.751165048543688,,3,1,0,0,ut,84095,0,Salt Lake
2074,Red Robin,"310 daniel webster highway, nashua, nh, 03060, us",17.99,8.39,4.79,4.39,3.59,20,112,4.5,500+,12.745357142857143,,3,1,0,0,nh,3060,0,Hillsborough
2075,Red Robin,"1000 greengate centre blvd, greensburg, pa, 15601, us",17.29,8.39,4.79,3.89,3.59,17,122,4.5,390+,12.625245901639342,,3,1,0,0,pa,15601,0,Westmoreland
2076,Red Robin,"1500 mount zion rd, york, pa, 17402, us",15.99,9.39,4.39,3.79,,16,104,4.1000000000000005,320+,12.562115384615385,,3,1,0,0,pa,17402,0,York
2077,TGI Fridays,"1711 u.s. 98, daphne, al, 36526, us",,,,,,13,42,4.0,140+,5.329523809523809,,3,1,0,0,al,36526,0,Baldwin
2078,TGI Fridays,"180 inverness plaza, birmingham, al, 35242, us",,,4.19,3.89,,26,121,4.399999999999999,1,12.145371900826445,,3,1,0,0,al,35242,0,Shelby
2079,TGI Fridays,"127 holmes ave nw, huntsville, al, 35801, us",,,,,,1,21,4.599999999999999,29,8.226190476190476,,3,1,0,0,al,35801,0,Madison
2080,TGI Fridays,"43 e i65 service rd south, mobile, al, 36606, us",,,,4.28,,49,174,4.100000000000001,1,12.155459770114943,,3,1,0,0,al,36606,0,Mobile
2081,TGI Fridays,"959 government blvd, mobile, al, 36604, us",,,,,,10,52,4.1,240+,5.3175,,3,1,0,0,al,36604,0,Mobile
2082,TGI Fridays,"135 w. bay street, savannah, ga, 31401, us",,,,,,66,163,4.600000000000001,1,5.792944785276074,,3,1,0,0,ga,31401,0,Chatham
2083,TGI Fridays,"125 w congress st, savannah, ga, 31401, us",,,,,,1,16,4.3,1,11.5,,3,1,0,0,ga,31401,0,Chatham
2084,TGI Fridays,"12811 s tryon st, charlotte, nc, 28273",,,,,,23,172,4.7,600+,14.589069767441858,,3,1,0,0,nc,28273,0,Mecklenburg
2085,TGI Fridays,"9500 highway 92, woodstock, ga, 30188, us",,,,3.45,,6,62,4.1,2,8.01032258064516,,3,1,0,0,ga,30188,0,Cherokee
2086,TGI Fridays,"1881 mount zion rd, morrow, ga, 30260, us",17.24,14.02,3.32,3.9,,36,387,4.0,4,25.149689922480622,,3,1,0,0,ga,30260,0,Clayton
2087,TGI Fridays,"3670 camp creek parkway, atlanta, ga, 30331, us",17.24,14.02,3.32,3.9,,24,254,4.200000000000001,7,25.398267716535432,,3,1,0,0,ga,30331,0,Fulton
2088,TGI Fridays,"2871 stonecrest cir, lithonia, ga, 30038, us",17.24,14.02,3.32,3.9,,24,258,3.7000000000000006,700+,25.149689922480615,,3,1,0,0,ga,30038,0,DeKalb
2089,TGI Fridays,"777 w main st, boise, id, 83702-6176, us",,,,,,6,106,4.299999999999999,2,7.898207547169809,,3,1,0,0,id,83702,0,Ada
2090,TGI Fridays,"3502 e 86th st, indianapolis, in, 46240, us",18.85,15.17,3.21,4.13,,36,250,4.3,1,25.98216,,3,1,0,0,in,46240,0,Marion
2091,TGI Fridays,"6915 w 38th st, indianapolis, in, 46214, us",18.85,15.17,3.78,4.13,,36,250,4.0,900+,26.00496,,3,1,0,0,in,46214,0,Marion
2092,TGI Fridays,"20430 highway 59 n, humble, tx, 77338",,,,,,7,62,4.1,500+,8.976129032258067,,3,1,0,0,tx,77338,0,Harris
2093,TGI Fridays,"401 grand ave, des moines, ia, 503092381, us",,,,2.49,,2,80,4.3999999999999995,99,10.019749999999998,,3,1,0,0,ia,50309,0,Polk
2094,TGI Fridays,"4206 e harry st, wichita, ks, 67208, us",,,,2.45,,9,95,4.399999999999998,500+,10.091894736842107,,3,1,0,0,ks,67208,0,Sedgwick
2095,TGI Fridays,"4171 tates creek centre dr, lexington, ky, 40517, us",,,,3.45,,7,67,4.199999999999999,700+,8.323880597014927,,3,1,0,0,ky,40517,0,Fayette
2096,TGI Fridays,"105 e. market st., louisville, ky, 40202, us",,,,,,2,9,4.1,1,2.7500000000000004,,3,1,0,0,ky,40202,0,Jefferson
2097,TGI Fridays,"4001 airline highway, matairie, la, 70001, us",,,,4.06,,20,66,4.3,900+,7.916060606060605,,3,1,0,0,la,70001,0,Jefferson
2098,TGI Fridays,"407 baronne street, new orleans, la, 70112, us",,,,,,0,55,4.699999999999999,1,12.554545454545455,,3,1,0,0,la,70112,0,Orleans
2099,TGI Fridays,"1806 lindberg drive, slidell, la, 70458, us",,,,,,2,60,3.9,120+,21.588,,3,1,0,0,la,70458,0,St. Tammany
2100,TGI Fridays,"15190 crossroads pkwy, gulfport, ms, 39503, us",16.09,12.87,2.86,3.67,,11,136,4.100000000000001,1,23.538382352941174,,3,1,0,0,ms,39503,0,Harrison
2101,TGI Fridays,"1516 s willow st, manchester, nh, 03103, us",17.58,14.36,3.21,3.78,11.37,10,131,3.8000000000000007,1,24.841145038167944,,3,1,0,0,nh,3103,0,Hillsborough
2102,TGI Fridays,"221 loudon road, concord, nh, 03301, us",17.58,14.36,3.21,3.78,11.37,10,131,4.3,600+,24.84114503816794,,3,1,0,0,nh,3301,0,Merrimack
2103,TGI Fridays,"115 hendersonvile rd, asheville, nc, 28803, us",19.68,15.94,4.13,4.06,,17,129,4.1000000000000005,1,26.04472868217054,,3,1,0,0,nc,28803,0,Buncombe
2104,TGI Fridays,"1100 timber dr e, garner, nc, 27529, us",17.24,14.02,3.32,3.9,,24,254,4.399999999999999,1,25.278740157480314,,3,1,0,0,nc,27529,0,Wake
2105,TGI Fridays,"4423 w wendover ave, greensboro, nc, 27407, us",17.24,14.02,3.32,3.9,,24,258,4.1000000000000005,1,25.10046511627907,,3,1,0,0,nc,27407,0,Guilford
2106,TGI Fridays,"409 w wt harris blvd, charlotte, nc, 28262, us",16.66,13.56,3.21,3.78,,11,129,4.1000000000000005,2,24.84736434108527,,3,1,0,0,nc,28262,0,Mecklenburg
2107,TGI Fridays,"6840 northlake mall drive, charlotte, nc, 28216, us",16.66,13.56,3.21,3.78,,33,387,4.1000000000000005,2,24.84736434108527,,3,1,0,0,nc,28216,0,Mecklenburg
2108,TGI Fridays,"6840 northlake mall dr, charlotte, nc, 28269, us",,,2.79,3.19,,4,42,3.6999999999999993,72,10.220952380952381,,3,1,0,0,nc,28269,0,Mecklenburg
2109,TGI Fridays,"4239 nw expressway st, oklahoma city, ok, 73116, us",16.66,14.02,3.21,3.78,,24,258,4.5,1,24.58875968992248,,3,1,0,0,ok,73116,0,Oklahoma
2110,TGI Fridays,"7474 s olympia ave, tulsa, ok, 74132, us",,,4.19,,,19,98,4.600000000000001,360+,13.967551020408164,,3,1,0,0,ok,74132,0,Tulsa
2111,TGI Fridays,"2800 oxford dr, bethel park, pa, 15102, us",16.66,13.56,3.21,3.78,,33,387,4.200000000000001,2,24.84736434108527,,3,1,0,0,pa,15102,0,Allegheny
2112,TGI Fridays,"6220 state route 30, greensburg, pa, 15601, us",16.66,13.56,3.21,3.78,,44,517,4.374854932301742,390+,24.863346228239845,,3,1,0,0,pa,15601,0,Westmoreland
2113,TGI Fridays,"685 middletown blvd, langhorne, pa, 19047, us",16.43,13.33,3.09,3.78,,36,408,4.299999999999999,1,24.14588235294118,,3,1,0,0,pa,19047,0,Bucks
2114,TGI Fridays,"3301 street rd, bensalem, pa, 19020, us",16.43,13.33,3.09,3.78,,36,408,4.299999999999999,2,24.14588235294118,,3,1,0,0,pa,19020,0,Bucks
2115,TGI Fridays,"301 rocky run pkwy, wilmington, de, 19803, us",17.24,14.02,3.32,3.9,,24,254,4.200000000000001,1,25.271338582677167,,3,1,0,0,de,19803,0,New Castle
2116,TGI Fridays,"4000 city ave, philadelphia, pa, 19131, us",17.24,14.02,3.32,3.9,,44,492,3.7999999999999994,7,24.410813008130084,,3,1,0,0,pa,19131,0,Philadelphia
2117,TGI Fridays,"128 n dupont hwy, new castle, de, 19720, us",17.24,14.02,3.32,3.9,,12,127,4.200000000000004,1,25.27692913385826,,3,1,0,0,de,19720,0,New Castle
2118,TGI Fridays,"575 n franklin st, lancaster, pa, 17602, us",,,,,,22,127,4.399999999999998,3,4.268346456692914,,3,1,0,0,pa,17602,0,Lancaster
2119,TGI Fridays,"395 s cedar crest blvd, allentown, pa, 18103, us",16.43,13.33,3.09,3.78,,12,136,4.3,2,24.14588235294118,,3,1,0,0,pa,18103,0,Lehigh
2120,TGI Fridays,"10 n west end blvd, quakertown, pa, 18951, us",18.16,14.82,3.55,4.13,,17,132,4.3,700+,25.521515151515153,,3,1,0,0,pa,18951,0,Bucks
2121,TGI Fridays,"142 s george st, york, pa, 17401, us",,,,,,40,125,4.0,2,5.347600000000001,,3,1,0,0,pa,17401,0,York
2122,TGI Fridays,"1835 n highway 17, mount pleasant, sc, 29464, us",16.66,13.56,3.21,3.78,,12,136,4.399999999999999,2,24.249264705882354,,3,1,0,0,sc,29464,0,Charleston
2123,TGI Fridays,"320 falls street, greenville, sc, 29601, us",,,,,,67,171,4.7,220+,5.888011695906433,,3,1,0,0,sc,29601,0,Greenville
2124,TGI Fridays,"7515 n kings hwy, myrtle beach, sc, 29572, us",16.66,13.56,3.21,2.5,,16,168,4.261904761904761,12,21.328869047619047,,3,1,0,0,sc,29572,0,Horry
2125,TGI Fridays,"711 east main street, lexington, sc, 29072, us",,,,,,20,118,4.799999999999997,260+,7.563559322033898,,3,1,0,0,sc,29072,0,Lexington
2126,TGI Fridays,"112 wade hampton blvd w, greer, sc, 29651, us",,,,,,8,40,4.3,190+,4.22225,,3,1,0,0,sc,29651,0,Greenville
2127,TGI Fridays,"115 s cherry rd, rock hill, sc, 29732, us",,,,,,28,136,4.100000000000001,260+,4.258529411764705,,3,1,0,0,sc,29732,0,York
2128,TGI Fridays,"449 opry mills dr, nashville, tn, 37214, us",16.09,12.87,2.86,3.67,,22,256,3.899999999999999,1,24.624843749999997,,3,1,0,0,tn,37214,0,Davidson
2129,TGI Fridays,"418 cumberland street, chattanooga, tn, 37404, us",,,,,,13,26,4.4,470+,3.6388461538461536,,3,1,0,0,tn,37404,0,Hamilton
2130,TGI Fridays,"2794 parkway, pigeon forge, tn, 37863, us",16.66,14.02,3.21,3.78,,24,258,4.2,900+,25.185426356589147,,3,1,0,0,tn,37863,0,Sevier
2131,TGI Fridays,"106 se broad st, murfreesboro, tn, 37130, us",,,,,,25,121,4.299999999999999,800+,3.898099173553719,,3,1,0,0,tn,37130,0,Rutherford
2132,TGI Fridays,"212 n 4th st, memphis, tn, 38105, us",,6.99,,,,14,47,4.5,110+,10.007021276595744,,3,1,0,0,tn,38105,0,Shelby
2133,TGI Fridays,"109 e rancier st, killeen, tx, 76541, us",,,,,,42,125,4.399999999999999,4,4.300560000000002,,3,1,0,0,tx,76541,0,Bell
2134,TGI Fridays,"703 w houston ave, san antonio, tx, 78207-3017, us",,,,,,36,122,4.5,1,4.299590163934426,,3,1,0,0,tx,78207,0,Bexar
2135,TGI Fridays,"5550 fm 3009, schertz, tx, 78154, us",,,,3.16,,13,58,4.3999999999999995,460+,4.358448275862068,,3,1,0,0,tx,78154,0,Bexar
2136,TGI Fridays,"2548 east broadway street, pearland, tx, 77581, us",,,,,,15,87,4.5,78,7.897126436781608,,3,1,0,0,tx,77581,0,Brazoria
2137,TGI Fridays,"105 dominik dr, college station, tx, 77840, us",,,,,,10,65,4.5,900+,11.376615384615384,,3,1,0,0,tx,77840,0,Brazos
2138,TGI Fridays,"1104 international blvd, brownsville, tx, 78520, us",,,,,,54,117,4.799999999999997,150+,5.378205128205129,,3,1,0,0,tx,78520,0,Cameron
2139,TGI Fridays,"3700 towne crossing blvd, mesquite, tx, 75150, us",16.09,12.98,2.86,3.44,,44,544,4.100000000000001,1,23.571617647058822,,3,1,0,0,tx,75150,0,Dallas
2140,TGI Fridays,"311 north clark road, cedar hill, tx, 75104, us",16.09,12.98,2.86,3.44,,44,544,4.2,1,23.571617647058822,,3,1,0,0,tx,75104,0,Dallas
2141,TGI Fridays,"615 main st, fort worth, tx, 76102, us",,,,,,23,92,4.600000000000001,1,9.577826086956522,,3,1,0,0,tx,76102,0,Tarrant
2142,TGI Fridays,"7728 fm 1960 rd w, houston, tx, 77070, us",16.09,12.98,2.86,3.44,,15,177,4.3,2,20.379265536723164,,3,1,0,0,tx,77070,0,Harris
2143,TGI Fridays,"20430 highway 59 n, humble, tx, 77338",16.09,12.98,2.86,3.44,,22,272,4.399999999999999,1,23.571617647058822,,3,1,0,0,tx,77338,0,Harris
2144,TGI Fridays,"20430 highway 59 n, humble, tx, 77338, us",,,2.29,3.19,,12,117,4.119658119658118,94,11.018205128205127,,3,1,0,0,tx,77338,0,Harris
2145,TGI Fridays,"102 hwy 3 south, league city, tx, 77573, us",,,,,,20,117,4.5,380+,3.7655555555555553,,3,1,0,0,tx,77573,0,Galveston
2146,TGI Fridays,"3817 w expressway 83, mcallen, tx, 78503, us",,,,4.28,,42,96,4.3999999999999995,900+,8.735208333333334,,3,1,0,0,tx,78503,0,Hidalgo
2147,TGI Fridays,"3685 college street, beaumont, tx, 77701, us",,,,3.04,,13,56,4.1000000000000005,110+,4.375892857142857,,3,1,0,0,tx,77701,0,Jefferson
2148,TGI Fridays,"4275 interstate 35 north, lacy-lakeview, tx, 76705, us",,,,4.28,,43,95,4.3,120+,8.845052631578952,,3,1,0,0,tx,76705,0,McLennan
2149,TGI Fridays,"1322 leopard st, corpus christi, tx, 78401, us",,,,,,1,32,4.2,25,5.9278125,,3,1,0,0,tx,78401,0,Nueces
2150,TGI Fridays,"301 west 3rd street, austin, tx, 78701, us",,,,,,64,164,4.8,3,5.871951219512195,,3,1,0,0,tx,78701,0,Travis
2151,TGI Fridays,"109 west main street, round rock, tx, 78664, us",,,,,,9,45,4.5,500+,11.467777777777776,,3,1,0,0,tx,78664,0,Williamson
2152,TGI Fridays,"603 w. university ave, georgetown, tx, 78626, us",,,,3.99,,2,86,4.100000000000002,270+,8.126046511627905,,3,1,0,0,tx,78626,0,Williamson
2153,TGI Fridays,"1792 n. heritage park blvd, layton, ut, 84041, us",,,,4.54,,46,96,4.299999999999999,500+,9.339166666666666,,3,1,0,0,ut,84041,0,Davis
2154,TGI Fridays,"379 main street, salt lake city, ut, 84111, us",,6.83,,,,12,91,4.5,140+,5.723186813186814,,3,1,0,0,ut,84111,0,Salt Lake
2155,TGI Fridays,"460 south 2000 west, springville, ut, 84663, us",,,,4.54,,46,96,4.0,270+,9.339166666666666,,3,1,0,0,ut,84663,0,Utah
2156,TGI Fridays,"2001 holmgren way, green bay, wi, 54304, us",,16.89,,,,1,101,4.600000000000002,700+,15.79554455445545,,3,1,0,0,wi,54304,0,Brown
2157,TGI Fridays,"2502 e springs dr, madison, wi, 53704, us",18.39,15.05,3.44,4.01,,19,125,4.399999999999999,500+,25.7224,,3,1,0,0,wi,53704,0,Dane
2158,TGI Fridays,"4402 southmont way, bethlehem, pa, 18045, us",18.16,14.82,3.55,4.13,,17,132,4.3,1,25.521515151515157,,3,1,0,0,pa,18045,0,Northampton
2159,TGI Fridays,"717 us-41, schererville, in, 46375, us",,,,,,14,111,4.5,31,11.426036036036038,,3,1,0,0,in,46375,0,Lake
2160,TGI Fridays,"800 cedar parkway, schererville, in, 46375, us",,,,,,2,22,4.599999999999998,190+,7.79818181818182,,3,1,0,0,in,46375,0,Lake
2161,TGI Fridays,"1121 manhattan blvd, harvey, la, 70058, us",,,,4.27,,8,100,4.600000000000001,700+,18.0779,,3,1,0,0,la,70058,0,Jefferson
2162,TGI Fridays,"412 south 4th street, louisville, ky, 40202, us",,,,,,9,93,4.2,13,11.117096774193547,,3,1,0,0,ky,40202,0,Jefferson
2163,TGI Fridays,"310 coneflower dr, garland, tx, 75040, us",,,,3.79,,16,134,4.399999999999999,2,17.803432835820896,,3,1,0,0,tx,75040,0,Dallas
2164,TGI Fridays,"1115 woodruff rd, greenville, sc, 29607, us",,,,,,0,78,4.300000000000001,1,11.467692307692305,,3,1,0,0,sc,29607,0,Greenville
2165,TGI Fridays,"500 highway 17 north, north myrtle beach, sc, 29582, us",16.66,13.56,3.21,3.78,,12,136,4.399999999999999,800+,24.24926470588235,,3,1,0,0,sc,29582,0,Horry
2166,Denny,"801 dennison ave, birmingham, al, 35211, us",,,,,,26,122,3.6000000000000014,500+,5.245819672131147,,3,1,0,0,al,35211,0,Jefferson
2167,Denny,"125 northside sq, huntsville, al, 35801, us",,,,,,0,94,4.5,62,9.75191489361702,,3,1,0,0,al,35801,0,Madison
2168,Denny,"8622 highway 72 west nw, madison, al, 35757, us",,,,,,13,128,4.299999999999999,500+,14.535312500000003,,3,1,0,0,al,35757,0,Madison
2169,Denny,"62 b s royal st, mobile, al, 36602, us",,,,,,1,104,5.0,13,8.392596153846155,,3,1,0,0,al,36602,0,Mobile
2170,Denny,"3944 highway 17 s, richmond hill, ga, 31324, us",15.9,13.82,5.18,4.25,6.33,21,103,4.399999999999998,480+,10.433009708737863,,3,1,0,0,ga,31324,0,Bryan
2171,Denny,"5534 jimmy carter blvd, norcross, ga, 30093, us",16.0,14.34,5.18,4.35,,88,372,4.200000000000001,1,10.583763440860215,,3,1,0,0,ga,30093,0,Gwinnett
2172,Denny,"5626 fulton industrial blvd, atlanta, ga, 30336, us",,,,,,11,38,4.5,700+,5.45421052631579,,3,1,0,0,ga,30336,0,Fulton
2173,Denny,"970 thornton rd, lithia springs, ga, 30168, us",,,,,,10,131,4.100000000000001,3,13.43351145038168,,3,1,0,0,ga,30168,0,Cobb
2174,Denny,"3512 franklin road, caldwell, id, 83605, us",16.09,14.49,4.89,4.29,,55,210,3.7000000000000006,310+,10.417142857142856,,3,1,0,0,id,83605,0,Canyon
2175,Denny,"6288 e 82nd st, indianapolis, in, 46250, us",15.58,13.82,4.77,3.94,6.33,32,204,4.299999999999999,500+,10.156470588235292,,3,1,0,0,in,46250,0,Marion
2176,Denny,"827 in-32, westfield, in, 46074, us",15.38,13.4,4.56,3.94,6.33,17,104,4.3999999999999995,200+,10.091057692307693,,3,1,0,0,in,46074,0,Hamilton
2177,Denny,"2490 post rd, indianapolis, in, 46219, us",15.38,13.4,4.56,3.94,6.33,19,107,4.100000000000001,1,10.095981308411215,,3,1,0,0,in,46219,0,Marion
2178,Denny,"8808 n michigan road, indianapolis, in, 46268, us",15.58,13.61,4.56,3.94,6.33,36,204,4.100000000000001,900+,10.030686274509803,,3,1,0,0,in,46268,0,Marion
2179,Denny,"6241 crawfordsville rd, indianapolis, in, 46224, us",15.58,13.61,4.56,3.94,6.33,37,206,4.200000000000001,1,9.94257281553398,,3,1,0,0,in,46224,0,Marion
2180,Denny,"3512 s keystone ave, indianapolis, in, 46227, us",15.38,13.4,4.56,3.94,6.33,32,179,4.200000000000001,1,9.584134078212292,,3,1,0,0,in,46227,0,Marion
2181,Denny,"6171 melton dr, portage, in, 46368, us",15.38,13.4,4.56,3.94,6.33,17,96,4.299999999999999,410+,10.095520833333333,,3,1,0,0,in,46368,0,Porter
2182,Denny,"8901 31 south, indianapolis, in, 46227, us",15.58,13.82,4.77,3.94,6.33,17,104,4.299999999999999,280+,10.158846153846154,,3,1,0,0,in,46227,0,Marion
2183,Denny,"4795 kentucky ave, indianapolis, in, 46221, us",15.38,13.4,4.56,3.94,6.33,17,101,4.100000000000002,490+,9.882673267326734,,3,1,0,0,in,46221,0,Marion
2184,Denny,"401 grand ave, des moines, ia, 503092381, us",,,,,,2,80,4.3999999999999995,99,10.019749999999998,,3,1,0,0,ia,50309,0,Polk
2185,Denny,"10480 metcalf, overland park, ks, 66212, us",14.65,12.98,4.35,3.42,5.6,22,100,4.2,500+,9.619699999999998,,3,1,0,0,ks,66212,0,Johnson
2186,Denny,"9001 shawnee mission parkway, merriam, ks, 66202, us",14.65,12.98,4.35,3.42,5.6,50,212,4.0,390+,9.55938679245283,,3,1,0,0,ks,66202,0,Johnson
2187,Denny,"4024 e harry st, wichita, ks, 67218, us",14.34,13.19,4.56,3.42,5.6,21,103,3.6999999999999997,1,9.50281553398058,,3,1,0,0,ks,67218,0,Sedgwick
2188,Denny,"2306 palumbo dr, lexington, ky, 40509, us",,,,,,15,134,4.300000000000001,1,12.479701492537313,,3,1,0,0,ky,40509,0,Fayette
2189,Denny,"434 eastern parkway, louisville, ky, 40217, us",15.9,13.82,5.18,4.25,,22,85,3.8000000000000007,2,10.042823529411766,,3,1,0,0,ky,40217,0,Jefferson
2190,Denny,"5910 veterans, metairie, la, 70003, us",14.86,13.19,4.25,3.62,5.6,38,206,4.100000000000001,1,9.758349514563108,,3,1,0,0,la,70003,0,Jefferson
2191,Denny,"1422 johnston st, lafayette, la, 70506, us",,,,,,9,110,4.100000000000002,430+,7.294818181818181,,3,1,0,0,la,70506,0,Lafayette
2192,Denny,"9351 canal rd, gulfport, ms, 39503, us",14.65,12.98,4.35,3.62,6.02,14,94,4.3,390+,9.280851063829788,,3,1,0,0,ms,39503,0,Harrison
2193,Denny,"34 gusabel avenue, nashua, nh, 03063, us",15.38,13.19,4.77,3.62,6.33,17,93,4.3,700+,9.357419354838708,,3,1,0,0,nh,3063,0,Hillsborough
2194,Denny,"1550 four seasons, hendersonville, nc, 28792, us",15.06,13.09,4.56,3.83,6.02,13,94,4.3,140+,9.668404255319151,,3,1,0,0,nc,28792,0,Henderson
2195,Denny,"542 grove st, fayetteville, nc, 28301, us",,,,,,18,139,3.8999999999999995,340+,5.195755395683453,,3,1,0,0,nc,28301,0,Cumberland
2196,Denny,"3215 wake forest rd, raleigh, nc, 27609, us",14.86,13.19,4.25,3.62,5.6,38,196,4.299999999999999,3,9.998775510204082,,3,1,0,0,nc,27609,0,Wake
2197,Denny,"975 s main st, kernersville, nc, 27284, us",15.06,13.09,4.66,4.04,6.02,46,192,4.299999999999999,370+,9.945416666666667,,3,1,0,0,nc,27284,0,Forsyth
2198,Denny,"3703 west gate city blvd., greensboro, nc, 27407, us",14.49,12.69,4.39,3.49,,36,150,4.100000000000001,900+,8.646,,3,1,0,0,nc,27407,0,Guilford
2199,Denny,"4541 sunset rd, charlotte, nc, 28216, us",,13.09,4.66,4.04,6.02,44,190,3.899999999999999,1,9.904105263157895,,3,1,0,0,nc,28216,0,Mecklenburg
2200,Denny,"4380 fayetteville rd, raleigh, usa, garner, nc, 27603, us",14.34,12.57,4.77,3.62,5.6,17,99,4.200000000000001,2,9.930101010101009,,3,1,0,0,nc,27603,0,Wake
2201,Denny,"500 ed noble parkway, norman, ok, 73072, us",13.19,11.59,3.59,2.79,,36,182,4.2,130+,8.146593406593405,,3,1,0,0,ok,73072,0,Cleveland
2202,Denny,"1617 sw 74th street, oklahoma city, ok, 73159, us",13.19,12.09,3.99,2.79,,36,177,4.1000000000000005,180+,8.20581920903955,,3,1,0,0,ok,73159,0,Oklahoma
2203,Denny,"3030 south i-35 service rd., oklahoma city, ok, 73129, us",14.65,12.98,4.35,3.42,5.6,48,200,4.200000000000001,1,9.2951,,3,1,0,0,ok,73129,0,Oklahoma
2204,Denny,"3130 douglas blvd, oklahoma city, ok, 73130, us",14.34,13.19,4.56,3.42,5.6,42,200,4.100000000000001,600+,9.4482,,3,1,0,0,ok,73130,0,Oklahoma
2205,Denny,"315 s. meridian avenue, oklahoma city, ok, 73108, us",13.19,12.09,3.99,2.79,,38,192,4.1000000000000005,240+,8.159791666666667,,3,1,0,0,ok,73108,0,Oklahoma
2206,Denny,"121 north 129 east ave, tulsa, ok, 74116, us",14.34,12.98,3.83,3.0,5.18,18,103,4.2,700+,9.156116504854369,,3,1,0,0,ok,74116,0,Tulsa
2207,Denny,"2200 lebanon church road, west mifflin, pa, 15122, us",13.82,12.57,4.04,3.0,,40,196,4.200000000000001,1,8.945816326530613,,3,1,0,0,pa,15122,0,Allegheny
2208,Denny,"3980 william penn highway, monroeville, pa, 15146, us",,,4.25,3.0,,30,162,4.3,1,8.682777777777778,,3,1,0,0,pa,15146,0,Allegheny
2209,Denny,"2180 greentree rd, pittsburgh, pa, 15220, us",15.06,13.5,5.18,4.25,6.02,19,90,4.200000000000001,1,9.777555555555555,,3,1,0,0,pa,15220,0,Allegheny
2210,Denny,"271 clairton blvd., pittsburgh, pa, 15236, us",15.06,13.4,4.77,3.94,6.02,16,102,4.399999999999998,700+,10.266568627450981,,3,1,0,0,pa,15236,0,Allegheny
2211,Denny,"1001 n 9th street, reading, pa, 19604, us",,,,,,45,128,4.1000000000000005,2,5.4775,,3,1,0,0,pa,19604,0,Berks
2212,Denny,"300 bath rd, bristol, pa, 19007, us",,,,,,10,313,4.2,500+,18.114281150159744,,3,1,0,0,pa,19007,0,Bucks
2213,Denny,"47 industrial hwy, tinicum township, pa, 19029, us",15.58,13.82,4.77,4.25,6.02,78,390,3.899999999999999,800+,10.170717948717948,,3,1,0,0,pa,19029,0,Delaware
2214,Denny,"1871 catasauqua road, allentown, pa, 18109, us",15.58,13.82,4.77,4.25,6.02,21,106,4.200000000000001,1,10.391698113207546,,3,1,0,0,pa,18109,0,Lehigh
2215,Denny,"1829 lincoln highway, north versailles, pa, 15137, us",14.02,12.88,4.25,3.0,,18,100,4.2,800+,8.956899999999997,,3,1,0,0,pa,15137,0,Allegheny
2216,Denny,"1199 louck road, york, pa, 17404, us",15.06,13.5,5.18,4.25,6.02,19,105,4.100000000000001,800+,10.120380952380952,,3,1,0,0,pa,17404,0,York
2217,Denny,"199 eisenhower drive, hanover, pa, 17331, us",15.06,13.5,5.18,4.25,6.02,19,105,3.899999999999999,220+,10.100571428571428,,3,1,0,0,pa,17331,0,York
2218,Denny,"387 king st, charleston, sc, 29403, us",,,,,,67,170,4.799999999999999,2,5.855294117647059,,3,1,0,0,sc,29403,0,Charleston
2219,Denny,"2521 wade hampton, greenville, sc, 29615, us",14.13,12.98,4.35,3.0,5.39,22,99,4.100000000000001,900+,9.224848484848485,,3,1,0,0,sc,29615,0,Greenville
2220,Denny,"2306 reidville road, spartanburg, sc, 29301, us",14.13,12.98,4.35,3.0,5.39,23,100,4.0,470+,9.1761,,3,1,0,0,sc,29301,0,Spartanburg
2221,Denny,"800 s. kings hwy, myrtle beach, sc, 29577, us",14.86,13.19,4.25,3.62,5.6,18,95,4.2,700+,9.412842105263158,,3,1,0,0,sc,29577,0,Horry
2222,Denny,"342 harbison blvd, columbia, sc, 29212, us",14.34,12.57,4.77,3.62,5.6,32,188,4.0,1,9.534574468085106,,3,1,0,0,sc,29212,0,Lexington
2223,Denny,"2514 sunset blvd, west columbia, sc, 29169, us",14.96,13.19,4.25,3.62,5.6,32,188,4.200000000000001,2,9.506329787234042,,3,1,0,0,sc,29169,0,Lexington
2224,Denny,"5901 fairfield dr, columbia, sc, 29203, us",15.06,13.09,4.66,4.04,6.02,21,94,4.2,500+,9.932659574468085,,3,1,0,0,sc,29203,0,Richland
2225,Denny,"2732 celanese rd, rock hill, sc, 29732, us",,,,1.99,,11,103,4.399999999999998,420+,10.193883495145629,,3,1,0,0,sc,29732,0,York
2226,Denny,"1420 hwy 96 north, fairview, tn, 37062, us",16.79,15.59,,4.29,6.49,40,156,4.2,320+,10.891282051282051,,3,1,0,0,tn,37062,0,Williamson
2227,Denny,"114 w main st, chattanooga, tn, 37408, us",,,,,,33,96,4.700000000000001,800+,6.1187499999999995,,3,1,0,0,tn,37408,0,Hamilton
2228,Denny,"800 watt rd, knoxville, tn, 37932, us",15.06,13.09,4.66,4.04,6.02,20,91,4.3,95,9.8789010989011,,3,1,0,0,tn,37932,0,Knox
2229,Denny,"3716 parkway, pigeon forge, tn, 37863, us",14.99,13.79,5.09,4.19,5.99,27,91,4.0,360+,9.643846153846155,,3,1,0,0,tn,37863,0,Sevier
2230,Denny,"1108 s. fort hood rd, killeen, tx, 76541, us",14.13,12.78,4.04,3.0,5.18,21,97,4.299999999999999,3,8.719278350515463,,3,1,0,0,tx,76541,0,Bell
2231,Denny,"903 east commerce st., san antonio, tx, 78205, us",13.82,12.57,4.04,3.21,5.39,18,107,4.0,1,9.153644859813083,,3,1,0,0,tx,78205,0,Bexar
2232,Denny,"7122 n ih 35, san antonio, tx, 78221, us",14.13,12.78,4.04,3.0,5.18,22,106,4.299999999999999,700+,8.967358490566037,,3,1,0,0,tx,78221,0,Bexar
2233,Denny,"4510 fredericksburg road, balcones heights, tx, 78201, us",13.59,12.49,4.19,3.09,5.19,22,107,4.5,1,8.908691588785048,,3,1,0,0,tx,78201,0,Bexar
2234,Denny,"6801 blanco rd, san antonio, tx, 78216, us",14.34,13.19,4.56,3.42,,38,208,4.200000000000001,480+,9.404230769230768,,3,1,0,0,tx,78216,0,Bexar
2235,Denny,"2210 loop 410 se, san antonio, tx, 78220, us",14.34,12.78,4.04,3.42,5.6,44,212,4.100000000000001,800+,9.15367924528302,,3,1,0,0,tx,78220,0,Bexar
2236,Denny,"6854 ingram rd, san antonio, tx, 78238, us",,13.19,4.56,3.42,5.6,20,101,4.2,450+,9.177227722772278,,3,1,0,0,tx,78238,0,Bexar
2237,Denny,"17455 ih 35 n, schertz, tx, 78154, us",14.34,13.19,4.56,3.42,5.6,20,103,4.100000000000002,430+,9.311844660194174,,3,1,0,0,tx,78154,0,Bexar
2238,Denny,"12816 ih35 n, live oak, tx, 78233, us",14.34,13.19,4.56,3.42,5.6,20,105,4.399999999999999,1,9.454095238095238,,3,1,0,0,tx,78233,0,Bexar
2239,Denny,"6703 fm78, san antonio, tx, 78244, us",14.34,13.19,4.56,3.42,5.6,20,106,4.100000000000001,1,9.421698113207546,,3,1,0,0,tx,78244,0,Bexar
2240,Denny,"13635 san pedro ave, san antonio, tx, 78232",14.34,13.19,4.56,3.42,5.6,45,217,4.34884792626728,800+,9.498018433179721,,3,1,0,0,tx,78232,0,Bexar
2241,Denny,"19212 gulf fwy, friendswood, tx, 77546, us",15.06,13.19,4.77,3.62,6.02,16,108,4.299999999999999,900+,9.682407407407405,,3,1,0,0,tx,77546,0,Galveston
2242,Denny,"9810 gulf freeway, houston, tx, 77034, us",15.06,13.19,4.77,3.62,6.02,14,105,4.100000000000001,1,9.725619047619046,,3,1,0,0,tx,77034,0,Harris
2243,Denny,"4125 spencer hwy, pasadena, tx, 77504, us",14.96,13.19,4.25,3.62,,15,103,4.2,500+,9.559126213592233,,3,1,0,0,tx,77504,0,Harris
2244,Denny,"2735 bay area blvd, houston, tx, 77058, us",14.96,13.19,4.25,3.62,,30,196,4.600000000000001,370+,9.476632653061225,,3,1,0,0,tx,77058,0,Harris
2245,Denny,"6969 gulf freeway, houston, tx, 77087, us",14.65,12.98,4.35,3.42,5.6,48,192,4.3999999999999995,1,9.240416666666667,,3,1,0,0,tx,77087,0,Harris
2246,Denny,"909 w, pasadena, tx, 77506, us",14.49,12.69,4.59,3.49,5.79,21,105,4.399999999999999,420+,9.480476190476189,,3,1,0,0,tx,77506,0,Harris
2247,Denny,"607 texas ave, college station, tx, 77840, us",14.34,13.19,4.56,3.42,5.6,20,98,4.299999999999999,1,9.212653061224488,,3,1,0,0,tx,77840,0,Brazos
2248,Denny,"2890 harvey mitchell parkway, bryan, tx, 77807, us",12.99,11.39,3.59,2.69,,19,96,4.200000000000001,17,7.784791666666666,,3,1,0,0,tx,77807,0,Brazos
2249,Denny,"1875 n expressway, brownsville, tx, 78520, us",14.13,12.78,,3.0,5.18,17,102,4.600000000000002,600+,9.166764705882352,,3,1,0,0,tx,78520,0,Cameron
2250,Denny,"6131 paredes line rd, brownsville, tx, 78526, us",,,4.35,3.0,5.39,21,94,4.7,370+,8.630106382978722,,3,1,0,0,tx,78526,0,Cameron
2251,Denny,"4703 s expressway 77/83, harlingen, tx, 78550, us",14.34,12.78,4.04,3.42,5.6,21,106,4.299999999999999,370+,9.215094339622642,,3,1,0,0,tx,78550,0,Cameron
2252,Denny,"1100 padre blvd., south padre island, tx, 78597, us",14.34,13.19,4.56,3.42,5.6,19,106,4.0,310+,9.46933962264151,,3,1,0,0,tx,78597,0,Cameron
2253,Denny,"1830 north central, plano, tx, 75074, us",17.56,16.52,5.6,4.46,6.85,26,107,4.5,700+,11.151682242990654,,3,1,0,0,tx,75074,0,Collin
2254,Denny,"302 west fm 544, murphy, tx, 75094, us",17.56,16.52,5.6,4.46,6.85,26,105,4.399999999999999,470+,11.246571428571427,,3,1,0,0,tx,75094,0,Collin
2255,Denny,"1305 preston rd, plano, tx, 75093, us",17.77,17.25,5.39,4.46,7.16,26,107,4.299999999999999,800+,11.481682242990654,,3,1,0,0,tx,75093,0,Collin
2256,Denny,"13689 n. central expressway, dallas, tx, 75243, us",17.56,16.52,5.6,4.46,6.85,26,107,4.299999999999999,1,11.151682242990653,,3,1,0,0,tx,75243,0,Dallas
2257,Denny,"4567 frankford road, dallas, tx, 75287, us",14.29,12.69,4.29,3.49,5.79,24,107,4.399999999999999,2,9.191869158878502,,3,1,0,0,tx,75287,0,Collin
2258,Denny,"10433 n. central exprwy, dallas, tx, 75230, us",17.46,16.0,5.08,4.46,6.74,54,214,4.399999999999999,600+,11.14785046728972,,3,1,0,0,tx,75230,0,Dallas
2259,Denny,"2030 market center, dallas, tx, 75207, us",17.56,16.52,5.6,4.46,6.85,52,214,3.8999999999999986,1,11.151682242990654,,3,1,0,0,tx,75207,0,Dallas
2260,Denny,"4400 n. central expy., dallas, tx, 75206, us",17.46,16.0,5.08,4.46,6.74,27,107,4.100000000000001,1,11.14785046728972,,3,1,0,0,tx,75206,0,Dallas
2261,Denny,"1415 medical dist. dr., dallas, tx, 75207, us",14.13,12.78,4.04,3.0,,42,206,4.399999999999999,1,8.85495145631068,,3,1,0,0,tx,75207,0,Dallas
2262,Denny,"8233 east r.l. thorton, dallas, tx, 75228, us",17.56,16.52,5.6,4.46,6.85,26,107,4.200000000000001,1,11.151682242990654,,3,1,0,0,tx,75228,0,Dallas
2263,Denny,"7425 bonnie view rd, dallas, tx, 75241, us",17.46,16.21,5.29,4.46,6.74,27,107,3.6000000000000014,500+,11.196355140186915,,3,1,0,0,tx,75241,0,Dallas
2264,Denny,"4115 w. airport frwy., irving, tx, 75062, us",17.35,16.21,5.39,4.46,6.85,52,214,4.399999999999999,1,11.08018691588785,,3,1,0,0,tx,75062,0,Dallas
2265,Denny,"2425 walnut hill ln., dallas, tx, 75229, us",17.56,16.52,5.6,4.46,6.85,26,107,4.0,600+,11.151682242990654,,3,1,0,0,tx,75229,0,Dallas
2266,Denny,"510 w lbj freeway, irving, tx, 75063, us",17.46,16.0,5.08,4.46,6.74,27,107,4.299999999999999,430+,11.162429906542055,,3,1,0,0,tx,75063,0,Dallas
2267,Denny,"839 n watson rd, arlington, tx, 76011, us",14.09,12.49,4.19,3.29,5.39,44,212,4.200000000000001,2,9.157924528301887,,3,1,0,0,tx,76011,0,Tarrant
2268,Denny,"4400 south freeway, ft worth, tx, 76115, us",14.13,12.98,4.35,3.0,5.39,23,104,4.299999999999999,1,8.640192307692306,,3,1,0,0,tx,76115,0,Tarrant
2269,Denny,"4601 s hulen rd., fort worth, tx, 76132, us",17.56,16.52,5.6,4.46,,26,99,4.0,600+,11.469090909090909,,3,1,0,0,tx,76132,0,Tarrant
2270,Denny,"3543 jim wright frwy., lake worth, tx, 76106, us",17.46,16.0,5.08,4.46,6.74,27,107,4.200000000000001,800+,11.14785046728972,,3,1,0,0,tx,76106,0,Tarrant
2271,Denny,"6480 north freeway, ft. worth, tx, 76137, us",17.14,16.21,5.39,4.46,6.43,27,107,4.0,900+,11.2107476635514,,3,1,0,0,tx,76137,0,Tarrant
2272,Denny,"4820 w sublett rd, arlington, tx, 76001, us",13.29,12.09,3.89,3.09,5.19,42,208,4.5,500+,9.039038461538462,,3,1,0,0,tx,76001,0,Tarrant
2273,Denny,"4928 south cooper, arlington, tx, 76017, us",17.46,16.0,5.08,4.46,6.74,54,206,4.100000000000001,500+,11.286601941747573,,3,1,0,0,tx,76017,0,Tarrant
2274,Denny,"6144 gateway blvd. e, el paso, tx, 79905, us",14.99,13.29,5.19,4.09,6.39,21,98,4.100000000000001,400+,9.662448979591838,,3,1,0,0,tx,79905,0,El Paso
2275,Denny,"1613 pleasanton road suite b-10, el paso - ft bliss, tx, 79906, us",15.59,13.79,4.99,4.19,,25,97,4.299999999999999,500+,9.93123711340206,,3,1,0,0,tx,79906,0,El Paso
2276,Denny,"6650 montana ave, el paso, tx, 79925, us",14.99,13.09,4.39,3.79,,21,97,4.100000000000001,800+,9.500309278350516,,3,1,0,0,tx,79925,0,El Paso
2277,Denny,"9567 dyer st, el paso, tx, 79924, us",,,4.39,3.79,6.09,22,93,4.5,1,9.091075268817205,,3,1,0,0,tx,79924,0,El Paso
2278,Denny,"4690 woodrow bean, el paso, tx, 79924, us",,,4.39,3.79,6.09,21,87,4.399999999999998,700+,9.034827586206896,,3,1,0,0,tx,79924,0,El Paso
2279,Denny,"11045 gateway blvd. w, el paso, tx, 79935, us",14.79,12.89,4.39,3.79,6.09,18,97,4.399999999999999,600+,9.505463917525773,,3,1,0,0,tx,79935,0,El Paso
2280,Denny,"2316 southmore rd, houston, tx, 77004, us",14.34,12.57,4.77,3.62,5.6,16,97,4.200000000000001,2,9.280927835051545,,3,1,0,0,tx,77004,0,Harris
2281,Denny,"7300 washington ave, houston, tx, 77007, us",14.34,12.57,4.77,3.62,5.6,16,98,4.399999999999999,1,9.43765306122449,,3,1,0,0,tx,77007,0,Harris
2282,Denny,"2120 no loop west, houston, tx, 77018, us",14.65,12.98,4.35,3.42,5.6,20,94,4.2,1,9.255212765957445,,3,1,0,0,tx,77018,0,Harris
2283,Denny,"3332 s loop w, houston, tx, 77025, us",14.86,13.19,4.46,3.62,,47,198,4.399999999999999,1,9.292878787878786,,3,1,0,0,tx,77025,0,Harris
2284,Denny,"11099 nw frwy, houston, tx, 77092, us",13.79,12.69,4.39,3.29,5.39,22,99,4.5,700+,8.907171717171718,,3,1,0,0,tx,77092,0,Harris
2285,Denny,"2940 gulf freeway, league city, tx, 77573, us",14.65,12.98,4.35,3.42,5.6,24,92,4.3,500+,9.253478260869565,,3,1,0,0,tx,77573,0,Galveston
2286,Denny,"212 fm 518, kemah, tx, 77565, us",14.65,12.98,4.77,3.62,,15,94,4.2,410+,9.610000000000001,,3,1,0,0,tx,77565,0,Galveston
2287,Denny,"928 highway 146 s, la porte, tx, 77571, us",13.79,12.69,4.19,3.29,5.39,23,96,4.3999999999999995,380+,8.793125,,3,1,0,0,tx,77571,0,Harris
2288,Denny,"1201 hwy 146 n, texas city, tx, 77590, us",15.06,13.19,4.77,3.62,6.02,15,98,4.200000000000001,600+,9.52969387755102,,3,1,0,0,tx,77590,0,Galveston
2289,Denny,"1110 so 10th st, mcallen, tx, 78501, us",14.34,13.19,4.35,3.0,5.39,22,103,4.600000000000002,390+,9.085242718446601,,3,1,0,0,tx,78501,0,Hidalgo
2290,Denny,"401 e nolana ave, mcallen, tx, 78504, us",14.34,12.57,3.83,3.0,5.5,23,101,4.600000000000002,700+,9.14227722772277,,3,1,0,0,tx,78504,0,Hidalgo
2291,Denny,"116 south shary rd, mission, tx, 78572, us",14.34,13.19,,3.0,5.39,21,100,4.600000000000001,330+,9.060799999999999,,3,1,0,0,tx,78572,0,Hidalgo
2292,Denny,"1601 e expressway 83, san juan, tx, 78589, us",14.34,12.78,4.04,3.42,,19,104,4.200000000000001,180+,9.287884615384614,,3,1,0,0,tx,78589,0,Hidalgo
2293,Denny,"2301 west university drive, edinburg, tx, 78539, us",14.34,12.78,4.04,3.42,,19,104,4.3999999999999995,430+,9.287884615384616,,3,1,0,0,tx,78539,0,Hidalgo
2294,Denny,"1305 e monte cristo, edinburg, tx, 78542, us",14.49,12.69,4.39,3.49,,21,105,4.399999999999999,180+,9.502380952380953,,3,1,0,0,tx,78542,0,Hidalgo
2295,Denny,"4718 slide rd, lubbock, tx, 79414, us",14.34,13.19,4.56,3.42,5.6,45,209,4.0,1,9.395933014354068,,3,1,0,0,tx,79414,0,Lubbock
2296,Denny,"709 n. i-35, bellmead, tx, 76705, us",15.06,13.19,4.77,3.62,6.02,15,93,4.0,210+,9.633870967741936,,3,1,0,0,tx,76705,0,McLennan
2297,Denny,"2409 south new road, waco, tx, 76711, us",14.49,12.69,4.39,3.49,,23,86,4.0,310+,9.151627906976746,,3,1,0,0,tx,76711,0,McLennan
2298,Denny,"5165 interstate 37, corpus christi, tx, 78408, us",15.29,13.29,4.99,4.09,,25,104,4.1000000000000005,280+,10.031346153846155,,3,1,0,0,tx,78408,0,Nueces
2299,Denny,"4918 s padre island dr, corpus christi, tx, 78411, us",14.99,13.29,4.89,4.19,5.79,28,107,4.200000000000001,700+,9.952616822429905,,3,1,0,0,tx,78411,0,Nueces
2300,Denny,"1670 u s highway 181 frontage rd., portland, tx, 78374, us",14.99,13.29,4.89,4.19,5.79,27,106,4.399999999999999,160+,9.990000000000002,,3,1,0,0,tx,78374,0,San Patricio
2301,Denny,"2931 hwy 77, corpus christi, tx, 78410, us",15.39,13.79,4.99,4.19,,25,105,4.100000000000001,150+,10.205238095238094,,3,1,0,0,tx,78410,0,Nueces
2302,Denny,"1015 spur 350 west, euless, tx, 76040, us",17.56,16.52,5.6,4.46,6.85,25,102,3.8999999999999977,500+,11.308627450980392,,3,1,0,0,tx,76040,0,Tarrant
2303,Denny,"408 westchase drive, grand prairire, tx, 75052, us",17.46,16.0,5.08,4.46,6.74,27,107,4.5,480+,11.147850467289722,,3,1,0,0,tx,75052,0,Dallas
2304,Denny,"1601 i-35, austin, tx, 78702, us",14.86,13.19,4.46,3.62,6.02,51,302,4.0,700+,9.363178807947019,,3,1,0,0,tx,78702,0,Travis
2305,Denny,"2320 s interregional, austin, tx, 78704, us",14.13,12.78,4.04,3.21,5.18,52,206,4.399999999999999,2,8.882718446601942,,3,1,0,0,tx,78704,0,Travis
2306,Denny,"7619 e ben white boulevard, austin, tx, 78741, us",14.86,13.19,4.46,3.62,6.02,17,98,4.100000000000001,1,9.279795918367347,,3,1,0,0,tx,78741,0,Travis
2307,Denny,"7100 north i-35, austin, tx, 78752, us",14.13,12.78,4.04,3.21,5.18,78,305,4.5,3,8.84704918032787,,3,1,0,0,tx,78752,0,Travis
2308,Denny,"1-35 north parmer lane, austin, tx, 78753, us",14.13,12.78,4.35,3.42,5.39,60,304,4.3999999999999995,700+,9.220098684210527,,3,1,0,0,tx,78753,0,Travis
2309,Denny,"19020 south interstate 35 frontage road, kyle, tx, 78640, us",14.29,12.69,4.29,3.49,5.79,24,99,4.399999999999999,350+,8.95060606060606,,3,1,0,0,tx,78640,0,Hays
2310,Denny,"2700 north ih-35, round rock, tx, 78681, us",14.13,12.78,4.35,3.42,,40,204,3.8999999999999986,1,9.168333333333335,,3,1,0,0,tx,78681,0,Williamson
2311,Denny,"11710 ih 35, jarrell, tx, 76537, us",14.34,13.19,4.35,3.42,5.6,21,99,4.5,500+,9.200808080808079,,3,1,0,0,tx,76537,0,Williamson
2312,Denny,"4029, riverdale, ut, 84405, us",16.49,15.39,4.89,4.29,6.19,26,95,4.2,500+,10.607894736842105,,3,1,0,0,ut,84405,0,Weber
2313,Denny,"1172 w 2100 st, west haven, ut, 84401, us",16.79,15.59,5.09,4.29,6.49,33,98,4.0,210+,10.583877551020406,,3,1,0,0,ut,84401,0,Weber
2314,Denny,"1701 west n temple, salt lake city, ut, 84116, us",16.69,15.59,5.19,4.29,6.59,60,196,4.100000000000001,600+,10.77673469387755,,3,1,0,0,ut,84116,0,Salt Lake
2315,Denny,"2025 s 900 w, salt lake city, ut, 84104, us",17.59,16.19,5.29,4.49,6.79,25,104,4.1000000000000005,600+,11.407307692307693,,3,1,0,0,ut,84104,0,Salt Lake
2316,Denny,"420 w 4500 s, murray, ut, 84123, us",16.79,15.59,5.39,4.39,6.59,23,106,3.7000000000000006,600+,10.944716981132077,,3,1,0,0,ut,84123,0,Salt Lake
2317,Denny,"7051 s 1300 e, midvale, ut, 84047, us",15.58,13.82,4.77,3.94,6.33,15,102,4.2,500+,10.013431372549022,,3,1,0,0,ut,84047,0,Salt Lake
2318,Denny,"401 w 7200 s, midvale, ut, 84047, us",16.09,14.49,5.19,4.29,6.39,29,106,4.100000000000001,460+,10.43056603773585,,3,1,0,0,ut,84047,0,Salt Lake
2319,Denny,"1605 east saddleback blvd, lake point, ut, 84074, us",15.58,13.5,4.46,4.04,6.02,18,103,4.0,74,10.478640776699027,,3,1,0,0,ut,84074,0,Tooele
2320,Denny,"1680 n freedom blvd, provo, ut, 84604, us",16.09,14.99,5.19,4.19,6.39,28,94,4.399999999999998,230+,10.344255319148937,,3,1,0,0,ut,84604,0,Utah
2321,Denny,"1460 n 1750 w, springville, ut, 84663, us",16.79,15.59,5.09,4.29,6.49,33,99,4.200000000000001,99,10.4910101010101,,3,1,0,0,ut,84663,0,Utah
2322,Denny,"485 n state st, orem, ut, 84057, us",16.69,15.59,5.19,4.29,6.59,31,96,4.1000000000000005,260+,10.361875,,3,1,0,0,ut,84057,0,Utah
2323,Denny,"592 kirby lane, spanish fork, ut, 84660, us",16.49,15.39,4.89,4.29,6.19,29,99,3.8999999999999986,71,10.353636363636364,,3,1,0,0,ut,84660,0,Utah
2324,Denny,"101 n. 1200th east, lehi, ut, 84043, us",15.58,13.61,5.18,4.25,6.02,20,98,4.299999999999999,320+,9.946632653061224,,3,1,0,0,ut,84043,0,Utah
2325,Denny,"1516 n redwood rd, saratoga springs, ut, 84045, us",16.79,16.09,5.19,4.29,6.89,28,99,3.8999999999999986,220+,10.653636363636362,,3,1,0,0,ut,84045,0,Utah
2326,Denny,"2894 s. oneida street, green bay, wi, 54304, us",15.58,13.82,5.08,4.35,6.02,19,98,4.399999999999999,600+,10.178061224489795,,3,1,0,0,wi,54304,0,Brown
2327,Denny,"1798 thierer rd, madison, wi, 53704, us",15.58,13.82,5.39,4.25,6.64,20,106,4.5,600+,10.352358490566038,,3,1,0,0,wi,53704,0,Dane
2328,Denny,"433 s. gammon rd, madison, wi, 53719, us",15.79,13.5,5.39,4.25,6.74,20,105,4.5,500+,10.349904761904764,,3,1,0,0,wi,53719,0,Dane
2329,Denny,"11155 w north ave, wauwatosa, wi, 53226, us",15.58,13.82,5.08,4.35,6.02,38,204,4.100000000000001,1,10.305000000000001,,3,1,0,0,wi,53226,0,Milwaukee
2330,Denny,"4695 s 108th st, greenfield, wi, 53228, us",15.58,13.82,5.08,4.35,6.02,38,204,4.5,800+,10.305000000000001,,3,1,0,0,wi,53228,0,Milwaukee
2331,Denny,"8001 w brown deer rd, milwaukee, wi, 53223, us",15.9,13.82,5.18,4.25,6.33,20,104,4.200000000000001,1,10.397788461538463,,3,1,0,0,wi,53223,0,Milwaukee
2332,Denny,"9650 s 20th st, oak creek, wi, 53154, us",15.58,14.02,4.77,4.35,6.43,42,204,4.299999999999999,360+,10.367549019607843,,3,1,0,0,wi,53154,0,Milwaukee
2333,Denny,"3801 s 27th street, milwaukee, wi, 53221, us",15.58,13.82,5.08,4.35,6.02,38,204,4.299999999999999,2,10.305000000000001,,3,1,0,0,wi,53221,0,Milwaukee
2334,Denny,"2801 n grandview blvd, pewaukee, wi, 53072, us",15.58,13.82,5.08,4.35,6.02,19,98,4.299999999999999,700+,10.178061224489795,,3,1,0,0,wi,53072,0,Waukesha
2335,Denny,"4925 s howell ave, milwaukee, wi, 53207, us",15.58,13.82,5.08,4.35,6.02,19,98,4.200000000000001,600+,10.178061224489795,,3,1,0,0,wi,53207,0,Milwaukee
2336,Denny,"9550 i-10 west, san antonio, tx, 78230, us",14.34,13.19,4.56,3.42,5.6,25,119,4.100000000000002,1,9.757563025210084,,3,1,0,0,tx,78230,0,Bexar
2337,Denny,"6859 highway 90 west, san antonio, tx, 78227, us",14.65,12.98,4.35,3.42,,26,110,4.2,900+,9.561363636363636,,3,1,0,0,tx,78227,0,Bexar
2338,Denny,"2701 freeport rd., pittsburgh, pa, 15238, us",14.34,12.78,4.04,3.42,5.6,24,107,4.399999999999999,500+,9.532616822429906,,3,1,0,0,pa,15238,0,Allegheny
2339,Denny,"8120 esters blvd., irving, tx, 75063, us",17.56,16.52,5.6,4.46,6.85,29,112,4.1000000000000005,500+,11.280982142857143,,3,1,0,0,tx,75063,0,Dallas
2340,Denny,"1020 tanger dr., locust grove, ga, 30248, us",16.21,14.34,,4.35,,21,100,4.2,280+,11.0605,,3,1,0,0,ga,30248,0,Henry
2341,Denny,"1313 willow pass rd, concord, ca, 94520, us",19.22,17.98,5.81,4.56,7.06,25,112,4.299999999999999,480+,12.972589285714287,,3,1,0,0,ca,94520,1,Contra Costa
2342,Denny,"6060 hillcroft st, houston, tx, 77081, us",14.96,13.19,4.56,3.62,6.02,22,113,4.399999999999999,800+,9.962920353982302,,3,1,0,0,tx,77081,0,Harris
2343,Denny,"115 sloane garden rd, boiling springs, sc, 29316, us",14.34,13.19,4.35,3.0,5.39,27,115,4.200000000000001,600+,9.605739130434783,,3,1,0,0,sc,29316,0,Spartanburg
2344,Denny,"9766 katy fwy ste b, houston, tx, 77055, us",13.79,12.69,4.19,3.29,,22,113,4.399999999999999,900+,9.405929203539822,,3,1,0,0,tx,77055,0,Harris
2345,Denny,"6887 e front st, kansas city, mo, 64120, us",14.65,12.98,4.35,3.42,5.6,27,110,3.8,430+,9.60109090909091,,3,1,0,0,mo,64120,0,Jackson
2346,Denny,"11901 east fwy, houston, tx, 77029, us",15.06,13.19,4.77,3.62,6.02,18,114,4.200000000000001,1,10.27982456140351,,3,1,0,0,tx,77029,0,Harris
2347,Denny,"209 tarentum bridge, new kensington, pa, 15068, us",15.06,13.5,5.18,4.25,6.02,21,104,4.200000000000001,400+,10.633269230769232,,3,1,0,0,pa,15068,0,Westmoreland
2348,Denny,"3720 east broad street, mansfield, tx, 76063, us",14.39,12.69,4.39,3.49,5.79,28,119,4.600000000000001,1,9.564789915966387,,3,1,0,0,tx,76063,0,Tarrant
2349,Denny,"1803 marina blvd, san leandro, ca, 94577, us",19.64,18.29,5.91,4.66,7.16,24,113,4.299999999999999,500+,13.193982300884954,,3,1,0,0,ca,94577,1,Alameda
2350,Denny,"200 west drive, greensburg, pa, 15601, us",13.82,12.57,4.04,3.21,5.39,20,111,4.5,220+,9.64963963963964,,3,1,0,0,pa,15601,0,Westmoreland
2351,Denny,"7541 washington avenue, ocean springs, ms, 39564, us",14.96,13.19,4.56,3.62,6.02,19,104,4.200000000000001,490+,9.389711538461539,,3,1,0,0,ms,39564,0,Jackson
