,restaurant_name,restaurant_location,specialty_item,cheeseburger,hamburger,combo,fries,state,zip,county_name
0,McDonald,"1330 jackson st, oakland, ca, 94612, us",6.79,3.49,2.89,12.59,4.69,ca,94612,Alameda
1,McDonald,"800 market st, oakland, california 94607, oakland, ca, 94607-3116, us",7.39,3.49,4.19,12.59,4.89,ca,94607,Alameda
2,McDonald,"4514 telegraph ave, oakland, ca, 94609, us",7.39,3.49,4.19,12.59,4.89,ca,94609,Alameda
3,McDonald,"715 central ave, alameda, ca, 94501, us",6.89,3.79,3.59,12.79,4.79,ca,94501,Alameda
4,McDonald,"6623 san pablo ave, oakland, ca, 94608, us",7.39,3.49,4.19,12.59,4.59,ca,94608,Alameda
5,McDonald,"2520 e 12th st, oakland, ca, 94601, us",7.19,3.99,3.59,12.29,5.19,ca,94601,Alameda
6,McDonald,"38860, fremont, ca, 94536, us",7.59,3.79,3.49,12.19,4.99,ca,94536,Alameda
7,McDonald,"40708 grimmer blvd, fremont, ca, 94538-2845, us",7.59,3.79,3.49,12.19,4.99,ca,94538,Alameda
8,McDonald,"4318 thornton ave, fremont, ca, 94536, us",6.99,4.09,3.49,12.19,4.99,ca,94536,Alameda
9,McDonald,"3000 newpark mall rd, newark, ca, 94560, us",6.99,4.09,3.49,12.19,4.99,ca,94560,Alameda
10,McDonald,"3990 decoto rd, fremont, ca, 94536, us",9.29,3.89,3.36,14.7,6.19,ca,94536,Alameda
11,McDonald,"27 union square, union city, ca, 94587, us",9.29,4.03,3.63,14.7,6.19,ca,94587,Alameda
12,McDonald,"23989 watkins st, hayward, ca, 94544-1028, us",6.89,3.79,3.59,12.79,4.79,ca,94544,Alameda
13,McDonald,"355 w a st, hayward, ca, 94541, us",6.89,3.79,3.59,12.79,4.79,ca,94541,Alameda
14,McDonald,"1620 strobridge ave, castro valley, ca, 94546, us",6.69,3.49,3.19,10.79,4.49,ca,94546,Alameda
15,McDonald,"2905 grove way, castro valley, ca, 94546, us",6.89,3.79,3.59,12.79,4.79,ca,94546,Alameda
16,McDonald,"26253 mission blvd, hayward, ca, 94544, us",6.89,3.79,3.59,12.79,4.79,ca,94544,Alameda
17,McDonald,"18708 hesperian blvd, hayward, ca, 94541-2248, us",6.89,3.79,3.59,12.79,4.79,ca,94541,Alameda
18,McDonald,"1691 monument blvd, concord, ca, 94520, us",6.89,3.79,3.59,12.79,4.79,ca,94520,Contra Costa
19,McDonald,"4550 clayton rd, concord, ca, 94521-2850, us",6.89,3.79,3.59,12.79,4.79,ca,94521,Contra Costa
20,McDonald,"220 bailey road, bay point, ca, 94565, us",6.89,3.79,3.59,12.79,4.79,ca,94565,Contra Costa
21,McDonald,"1690 contra costa blvd, pleasant hill, ca, 94523, us",6.89,3.79,3.59,12.79,4.79,ca,94523,Contra Costa
22,McDonald,"1185 arnold dr, martinez, ca, 94553, us",6.89,3.79,3.59,12.79,4.79,ca,94553,Contra Costa
23,McDonald,"1739 divisadero st, fresno, ca, 93701-1920, us",6.19,3.39,2.89,9.79,4.99,ca,93701,Fresno
24,McDonald,"1248 n blackstone, fresno, ca, 93703, us",6.99,3.47,2.92,11.35,4.88,ca,93703,Fresno
25,McDonald,"4505 e kings canyon rd, fresno, ca, 93702, us",5.49,3.19,2.79,10.39,4.39,ca,93702,Fresno
26,McDonald,"3115 n blackstone ave, fresno, ca, 93704, us",6.19,3.19,2.79,9.99,4.19,ca,93704,Fresno
27,McDonald,"4898 e kings canyon rd, fresno, ca, 93727, us",5.89,3.49,2.69,9.79,4.39,ca,93727,Fresno
28,McDonald,"1718 w olive, fresno, ca, 93728-2642, us",6.29,3.19,2.89,9.59,4.59,ca,93728,Fresno
29,McDonald,"2310 f st, bakersfield, ca, 93301, us",6.61,3.52,2.91,10.09,4.72,ca,93301,Kern
30,McDonald,"1812 n union ave, bakersfield, ca, 93305, us",6.19,3.09,2.79,11.39,4.59,ca,93305,Kern
31,McDonald,"1000 real rd, bakersfield, ca, 93309, us",6.19,3.09,2.79,11.39,4.59,ca,93309,Kern
32,McDonald,"chester &amp; brundage, bakersfield, ca, 93304, us",7.49,3.99,3.09,11.89,5.19,ca,93304,Kern
33,McDonald,"5410 stockdale hwy, bakersfield, ca, 93309, us",6.19,3.09,2.79,11.39,4.59,ca,93309,Kern
34,McDonald,"2699 mount vernon ave, bakersfield, ca, 93306, us",6.19,3.09,2.79,11.29,4.59,ca,93306,Kern
35,McDonald,"690 alameda st., los angeles, ca, 90021, us",7.79,4.86,2.89,12.29,4.79,ca,90021,Los Angeles
36,McDonald,"1310 east olympic blvd, los angeles, ca, 90021, us",7.69,4.86,2.89,11.89,4.79,ca,90021,Los Angeles
37,McDonald,"1625 wilshire blvd, los angeles, ca, 90017, us",7.89,3.39,2.79,11.69,3.99,ca,90017,Los Angeles
38,McDonald,"1716 marengo st, los angeles, ca, 90033-1315, us",8.69,3.75,3.1,14.28,5.05,ca,90033,Los Angeles
39,McDonald,"405 n alvarado st, los angeles, ca, 90026, us",7.89,3.39,2.79,11.79,4.79,ca,90026,Los Angeles
40,McDonald,"201 w washington blvd, los angeles, ca, 90015, us",7.79,4.34,2.69,11.69,4.89,ca,90015,Los Angeles
41,McDonald,"640 long beach blvd, long beach, ca, 90802, us",6.46,3.04,2.95,12.09,4.59,ca,90802,Los Angeles
42,McDonald,"1000 e 4th st, long beach, ca, 90802, us",8.29,4.39,3.89,14.39,5.29,ca,90802,Los Angeles
43,McDonald,"1705 pacific coast hwy, long beach, ca, 90810, us",6.49,3.39,2.99,11.79,4.49,ca,90810,Los Angeles
44,McDonald,"1830, long beach, ca, 90806, us",8.29,4.39,3.89,14.39,5.29,ca,90806,Los Angeles
45,McDonald,"2599, long beach, ca, 90806, us",6.29,3.09,2.99,12.39,4.59,ca,90806,Los Angeles
46,McDonald,"230 e pacific coast hwy, wilmington, ca, 90744, us",6.59,3.29,3.09,12.59,4.59,ca,90744,Los Angeles
47,McDonald,"27103 mcbean pkwy, santa clarita, ca, 91355, us",8.09,5.49,4.69,14.29,6.29,ca,91355,Los Angeles
48,McDonald,"23110, valencia, ca, 91355, us",8.09,5.49,4.69,14.29,6.29,ca,91355,Los Angeles
49,McDonald,"27618 the old road, valencia, ca, 91355, us",8.09,5.49,4.69,14.29,6.29,ca,91355,Los Angeles
50,McDonald,"27776 n mcbean pky, santa clarita, ca, 91354, us",8.09,5.49,4.69,14.29,6.29,ca,91354,Los Angeles
51,McDonald,"25323 chiquella ln, stevenson ranch, ca, 91381, us",6.39,3.19,2.99,10.39,5.39,ca,91381,Los Angeles
52,McDonald,"26940 sierra hwy, newhall, ca, 91387, us",8.09,5.49,4.69,14.29,6.29,ca,91387,Los Angeles
53,McDonald,"2114 4th st, san rafael, ca, 94901, us",8.29,4.39,4.39,12.99,4.99,ca,94901,Marin
54,McDonald,"190 merrydale rd, san rafael, ca, 94903, us",8.29,4.39,4.39,12.99,4.99,ca,94903,Marin
55,McDonald,"600 redwood hwy, mill valley, ca, 94941, us",8.19,3.69,3.49,15.29,5.09,ca,94941,Marin
56,McDonald,"5600 nave dr, novato, ca, 94949, us",8.29,4.39,4.39,12.99,4.99,ca,94949,Marin
57,McDonald,"981 lakeville hwy, petaluma, ca, 94952, us",8.69,4.19,3.79,14.79,5.69,ca,94952,Marin
58,McDonald,"103 mcdowell blvd, petaluma, ca, 94954, us",8.69,4.49,3.99,14.79,5.69,ca,94954,Sonoma
59,McDonald,"18988, sonoma, ca, 95476, us",8.49,4.49,4.29,14.39,5.69,ca,95476,Sonoma
60,McDonald,"155 kern st, salinas, ca, 93905, us",6.89,3.78,3.23,10.95,4.99,ca,93905,Monterey
61,McDonald,"1365 n main st, salinas, ca, 93906, us",6.79,3.49,3.39,11.19,4.79,ca,93906,Monterey
62,McDonald,"608 williams rd, salinas, ca, 93905, us",6.89,4.05,3.64,11.22,4.99,ca,93905,Monterey
63,McDonald,"600 east boranda drive, salinas, ca, 93906, us",6.99,3.85,3.17,10.95,4.89,ca,93906,Monterey
64,McDonald,"301 e 1st st, santa ana, ca, 92701, us",6.49,3.39,3.29,13.69,5.19,ca,92701,Orange
65,McDonald,"1501 n bristol st, santa ana, ca, 92706, us",6.49,3.39,3.29,13.69,5.19,ca,92706,Orange
66,McDonald,"1100 s grand ave, santa ana, ca, 92705, us",6.79,3.29,3.09,12.79,4.89,ca,92705,Orange
67,McDonald,"1526 w edinger ave, santa ana, ca, 92704, us",6.79,3.29,3.09,12.79,4.89,ca,92704,Orange
68,McDonald,"2300 s. main street, santa ana, ca, 92707, us",6.79,3.29,3.09,12.79,4.89,ca,92707,Orange
69,McDonald,"119 west ball road, anaheim, ca, 92805-6045, us",6.59,3.69,2.99,13.19,4.89,ca,92805,Orange
70,McDonald,"1410 north lemon street, anaheim, ca, 92801, us",6.69,2.99,2.89,13.89,4.59,ca,92801,Orange
71,McDonald,"1500 s harbor blvd, anaheim, ca, 92802, us",7.29,3.59,3.09,15.39,5.69,ca,92802,Orange
72,McDonald,"740 n. euclid st., anaheim, ca, 92801-4115, us",6.89,3.39,3.19,13.39,5.09,ca,92801,Orange
73,McDonald,"1100 north state college blvd, anaheim, ca, 92806, us",6.59,2.79,2.59,13.59,4.69,ca,92806,Orange
74,McDonald,"1810 s state college blvd, anaheim, ca, 92805, us",6.89,3.19,2.99,13.99,4.89,ca,92805,Orange
75,McDonald,"120 harding blvd, roseville, ca, 95678, us",8.39,4.18,3.69,13.99,5.37,ca,95678,Placer
76,McDonald,"3994 foothills blvd, roseville, ca, 95747, us",7.79,3.89,3.59,12.88,5.09,ca,95747,Placer
77,McDonald,"1190 cirby way, roseville, ca, 95746, us",7.29,4.59,3.79,11.99,5.29,ca,95746,Placer
78,McDonald,"6710 stanford ranch rd, roseville, ca, 95678, us",8.29,3.89,3.49,11.49,5.59,ca,95678,Placer
79,McDonald,"7632 sunrise blvd., citrus heights, ca, 95610, us",7.79,3.89,3.59,12.88,5.09,ca,95610,Sacramento
80,McDonald,"13370 lincoln way, auburn, ca, 95603, us",7.79,3.0,2.79,12.4,5.39,ca,95603,Placer
81,McDonald,"270, lincoln, ca, 95648, us",8.29,3.89,3.49,11.49,5.59,ca,95648,Placer
82,McDonald,"55, lincoln, ca, 95648, us",8.29,3.89,3.49,11.39,5.59,ca,95648,Placer
83,McDonald,"2172 sunset blvd, rocklin, ca, 95765, us",8.29,3.89,3.49,11.49,5.59,ca,95765,Placer
84,McDonald,"2242 university ave, riverside, ca, 92507, us",7.19,4.09,3.59,12.29,4.99,ca,92507,Riverside
85,McDonald,"2246 iowa avenue, riverside, ca, 92507, us",7.19,4.49,4.19,12.19,6.09,ca,92507,Riverside
86,McDonald,"7474 indiana street, riverside, ca, 92504, us",9.07,5.27,4.09,17.5,5.74,ca,92504,Riverside
87,McDonald,"5425 arlington avenue, riverside, ca, 92504, us",9.07,5.27,4.09,17.5,5.74,ca,92504,Riverside
88,McDonald,"6815 valley way, rubidoux, ca, 92509, us",7.19,3.99,3.89,12.59,5.09,ca,92509,Riverside
89,McDonald,"22257 barton rd, grand terrace, ca, 92313, us",7.19,3.89,3.49,12.59,5.39,ca,92313,San Bernardino
90,McDonald,"24440 alessandro blvd, moreno valley, ca, 92553, us",9.07,5.27,3.98,17.5,5.77,ca,92553,Riverside
91,McDonald,"23831 sunnymead blvd, moreno valley, ca, 92553, us",9.09,5.29,3.79,17.5,5.74,ca,92553,Riverside
92,McDonald,"2891 canyon springs parkway, riverside, ca, 92507, us",9.09,5.29,3.99,17.5,5.74,ca,92507,Riverside
93,McDonald,"12371 perris blvd., moreno valley, ca, 92557, us",9.07,5.27,3.84,17.5,5.74,ca,92557,Riverside
94,McDonald,"26200 iris avenue, moreno valley, ca, 92555, us",9.07,5.27,3.61,17.5,5.74,ca,92555,Riverside
95,McDonald,"221 e alessandro, riverside, ca, 92508, us",8.09,3.79,3.59,12.79,4.09,ca,92508,Riverside
96,McDonald,"25280 madison ave, murrieta, ca, 92562, us",6.84,2.87,2.39,12.19,5.03,ca,92562,Riverside
97,McDonald,"40605 california oaks road, murrieta, ca, 92562, us",6.49,2.69,2.31,12.19,4.99,ca,92562,Riverside
98,McDonald,"39888 los alamos rd, murrieta, ca, 92562, us",6.84,2.81,2.31,11.91,4.9,ca,92562,Riverside
99,McDonald,"23819 clinton keith rd, wildomar, ca, 92595, us",7.07,2.87,2.39,11.99,5.03,ca,92595,Riverside
100,McDonald,"40465 winchester rd, temecula, ca, 92591, us",7.43,3.11,2.87,12.09,5.15,ca,92591,Riverside
101,McDonald,"39196 winchester rd, murrieta, ca, 92563, us",7.43,3.11,2.87,12.09,5.15,ca,92563,Riverside
102,McDonald,"200 richards blvd, sacramento, ca, 95811, us",8.49,3.59,3.49,12.99,5.29,ca,95811,Sacramento
103,McDonald,"3006 k st, sacramento, ca, 95816, us",8.49,3.59,3.49,12.99,5.29,ca,95816,Sacramento
104,McDonald,"800 riverpoint dr, west sacramento, ca, 95605, us",7.89,3.59,3.39,12.99,4.79,ca,95605,Yolo
105,McDonald,"2331 broadway, sacramento, ca, 95818, us",8.49,3.59,3.49,12.99,5.29,ca,95818,Sacramento
106,McDonald,"1700 w capitol ave, west sacramento, ca, 95691-2520, us",7.39,3.99,3.99,10.89,4.59,ca,95691,Yolo
107,McDonald,"2985 freeport blvd, sacramento, ca, 95818, us",8.49,3.59,3.49,12.99,5.29,ca,95818,Sacramento
108,McDonald,"8710, elk grove, ca, 95624, us",7.69,4.09,3.69,11.79,4.99,ca,95624,Sacramento
109,McDonald,"7527 laguna blvd, elk grove, ca, 95758, us",7.69,4.09,3.69,11.79,4.99,ca,95758,Sacramento
110,McDonald,"8361 sheldon road, suite 100, elk grove, ca, 95624, us",7.69,4.09,3.69,11.79,4.99,ca,95624,Sacramento
111,McDonald,"10051 bruceville road, elk grove, ca, 95757, us",7.69,4.09,3.69,11.79,4.99,ca,95757,Sacramento
112,McDonald,"8220 calvine rd., sacramento, ca, 95828, us",7.69,4.09,3.69,11.79,4.99,ca,95828,Sacramento
113,McDonald,"699 2nd st, san bernardino, ca, 92410, us",6.69,2.91,2.59,11.99,4.29,ca,92410,San Bernardino
114,McDonald,"568 s mt vernon ave, san bernardino, ca, 92410, us",6.69,2.89,2.59,11.99,4.59,ca,92410,San Bernardino
115,McDonald,"1208 n. mt. vernon blvd, san bernardino, ca, 92411, us",6.69,3.09,2.69,11.99,4.49,ca,92411,San Bernardino
116,McDonald,"718 w highland ave, san bernardino, ca, 92405, us",6.69,2.91,2.69,11.99,4.39,ca,92405,San Bernardino
117,McDonald,"100 e redlands blvd, san bernardino, ca, 92408, us",7.89,4.39,3.49,13.99,5.89,ca,92408,San Bernardino
118,McDonald,"225 w valley blvd, colton, ca, 92324, us",7.19,4.09,3.89,12.49,6.29,ca,92324,San Bernardino
119,McDonald,"16063 foothill blvd, fontana, ca, 92335, us",6.19,4.19,3.89,10.49,4.89,ca,92335,San Bernardino
120,McDonald,"1318 w foothill blvd, rialto, ca, 92376, us",8.09,3.79,3.59,12.79,4.09,ca,92376,San Bernardino
121,McDonald,"17017 sierra lakes pkwy., fontana, ca, 92336, us",7.49,3.74,3.49,13.29,5.36,ca,92336,San Bernardino
122,McDonald,"1173 west casmalia st, rialto, ca, 92377, us",8.09,3.79,3.59,12.79,4.09,ca,92377,San Bernardino
123,McDonald,"10143 sierra ave, fontana, ca, 92335, us",8.09,3.79,3.59,12.79,4.09,ca,92335,San Bernardino
124,McDonald,"nwc roy rogers &amp; la paz plz, victorville, ca, 92395, us",7.59,4.51,2.99,11.19,4.96,ca,92395,San Bernardino
125,McDonald,"14526 palmdale rd, victorville, ca, 92392, us",7.69,4.68,2.89,11.19,4.87,ca,92392,San Bernardino
126,McDonald,"12146 mariposa rd, victorville, ca, 92395, us",7.69,4.68,2.89,11.69,5.18,ca,92395,San Bernardino
127,McDonald,"16670 bear valley road, victorville, ca, 92395, us",7.39,4.13,2.41,10.45,4.35,ca,92395,San Bernardino
128,McDonald,"13625 bear valley rd, victorville, ca, 92392, us",7.89,3.99,3.59,13.99,5.89,ca,92392,San Bernardino
129,McDonald,"12254 palmdale road, victorville, ca, 92392, us",8.09,4.19,3.59,14.19,5.89,ca,92392,San Bernardino
130,McDonald,"1260 park blvd, san diego, ca, 92101, us",8.49,4.39,3.79,14.19,5.59,ca,92101,San Diego
131,McDonald,"2796 main st, san diego, ca, 92113, us",8.69,4.29,2.99,14.49,5.79,ca,92113,San Diego
132,McDonald,"1414 university ave, san diego, ca, 92103, us",8.39,4.27,3.78,13.65,5.69,ca,92103,San Diego
133,McDonald,"1515 euclid ave, san diego, ca, 92105, us",8.69,4.19,2.79,14.09,5.79,ca,92105,San Diego
134,McDonald,"2345 el cajon blvd., san diego, ca, 92104, us",8.49,4.39,3.79,14.19,5.59,ca,92104,San Diego
135,McDonald,"3805 midway dr, san diego, ca, 92110-5209, us",7.92,3.85,3.75,13.87,5.79,ca,92110,San Diego
136,McDonald,"725 e st, chula vista, ca, 91910, us",6.97,3.61,3.39,12.47,5.29,ca,91910,San Diego
137,McDonald,"3400 highland ave, chula vista, ca, 91950, us",8.69,4.19,2.69,13.59,5.69,ca,91950,San Diego
138,McDonald,"619 broadway, chula vista, ca, 91910, us",8.39,4.28,3.78,13.65,5.5,ca,91910,San Diego
139,McDonald,"2140 plaza blvd., national city, ca, 91950, us",8.69,4.19,2.99,13.99,5.69,ca,91950,San Diego
140,McDonald,"1110 3rd ave, chula vista, ca, 91911, us",6.97,3.85,3.59,11.83,5.29,ca,91911,San Diego
141,McDonald,"137 canyon dr, oceanside, ca, 92054, us",6.79,3.19,2.89,11.89,4.91,ca,92054,San Diego
142,McDonald,"1701, oceanside, ca, 92054, us",6.49,3.19,2.89,11.89,4.79,ca,92054,San Diego
143,McDonald,"2185 vista way, oceanside, ca, 92054, us",6.79,3.19,2.89,11.99,4.89,ca,92054,San Diego
144,McDonald,"3720 mission ave, oceanside, ca, 92058, us",6.79,3.19,2.89,11.89,4.79,ca,92058,San Diego
145,McDonald,"4151 oceanside blvd, oceanside, ca, 92056, us",6.59,3.19,2.69,11.89,4.59,ca,92056,San Diego
146,McDonald,"487 college blvd, oceanside, ca, 92057, us",6.99,3.19,2.69,11.99,4.79,ca,92057,San Diego
147,McDonald,"1100 fillmore st, san francisco, ca, 94115, us",7.89,4.09,3.59,13.69,5.49,ca,94115,San Francisco
148,McDonald,"441 sutter st, san francisco, ca, 94108, us",7.89,3.49,3.09,15.99,5.89,ca,94108,San Francisco
149,McDonald,"302 potrero avenue, san francisco, ca, 94103, us",7.89,3.89,3.39,16.29,6.29,ca,94103,San Francisco
150,McDonald,"609 market st, san francisco, ca, 94105-3301, us",7.89,4.09,3.49,13.69,5.49,ca,94105,San Francisco
151,McDonald,"2801 mission st, san francisco, ca, 94110, us",8.09,3.09,2.79,16.09,5.89,ca,94110,San Francisco
152,McDonald,"345 bay shore blvd, san francisco, ca, 94124, us",8.69,3.79,3.29,16.29,5.59,ca,94124,San Francisco
153,McDonald,"1201 ocean ave, san francisco, ca, 94112-1830, us",7.89,4.09,3.49,13.69,5.29,ca,94112,San Francisco
154,McDonald,"5454 mission st, san francisco, ca, 94112, us",8.29,3.49,2.99,15.79,5.29,ca,94112,San Francisco
155,McDonald,"322 s center st, stockton, ca, 95203, us",7.69,4.09,3.69,11.79,4.99,ca,95203,San Joaquin
156,McDonald,"1423 n center st, stockton, ca, 95202, us",7.69,4.09,3.69,11.79,4.99,ca,95202,San Joaquin
157,McDonald,"1009 n wilson way, stockton, ca, 95205-4217, us",7.69,4.09,3.69,11.79,4.99,ca,95205,San Joaquin
158,McDonald,"611 w charter way, stockton, ca, 95206, us",7.69,4.09,3.69,11.79,4.99,ca,95206,San Joaquin
159,McDonald,"4515 pacific ave, stockton, ca, 95207, us",7.69,4.09,3.69,11.79,4.99,ca,95207,San Joaquin
160,McDonald,"4419 waterloo road, stockton, ca, 95215, us",7.69,4.09,3.69,11.79,4.99,ca,95215,San Joaquin
161,McDonald,"1550 grand ave, grover beach, ca, 93433, us",7.19,3.99,3.69,13.09,4.99,ca,93433,San Luis Obispo
162,McDonald,"1420 el camino real, san mateo, ca, 94402, us",6.69,3.19,2.79,10.69,3.99,ca,94402,San Mateo
163,McDonald,"1101 triton dr, foster city, ca, 94404, us",6.69,3.19,2.79,10.69,3.99,ca,94404,San Mateo
164,McDonald,"522 el camino real, belmont, ca, 94002-2121, us",7.39,3.49,3.29,12.39,4.47,ca,94002,San Mateo
165,McDonald,"381 s airport blvd, south san francisco, ca, 94080, us",8.29,4.59,3.99,13.99,5.69,ca,94080,San Mateo
166,McDonald,"180 el camino real, san carlos, ca, 94070, us",7.39,3.49,4.19,12.05,4.59,ca,94070,San Mateo
167,McDonald,"1101 el camino real, millbrae, ca, 94030, us",6.69,3.19,2.79,10.69,3.99,ca,94030,San Mateo
168,McDonald,"2450 junipero serra blvd, daly city, ca, 94015-1632, us",8.49,4.49,4.39,14.29,5.69,ca,94015,San Mateo
169,McDonald,"505 serramonte blvd, daly city, ca, 94015-4372, us",7.79,3.99,3.79,13.29,4.99,ca,94015,San Mateo
170,McDonald,"125 monterey rd, pacifica, ca, 94044-1332, us",7.39,3.49,3.29,12.39,4.59,ca,94044,San Mateo
171,McDonald,"2298 gellert blvd, south san francisco, ca, 94080, us",8.69,4.49,4.39,14.29,5.69,ca,94080,San Mateo
172,McDonald,"1710 s broadway, santa maria, ca, 93454, us",6.59,4.29,3.89,11.69,4.89,ca,93454,Santa Barbara
173,McDonald,"29 north milpas street, santa barbara, ca, 93103, us",6.79,4.59,4.19,12.59,5.59,ca,93103,Santa Barbara
174,McDonald,"1906 cliff dr, santa barbara, ca, 93109, us",6.79,3.99,3.89,12.39,5.79,ca,93109,Santa Barbara
175,McDonald,"3940 state street, santa barbara, ca, 93110, us",6.59,4.29,4.09,12.29,5.19,ca,93110,Santa Barbara
176,McDonald,"6900 marketplace drive, goleta, ca, 93117, us",7.18,4.19,3.99,13.42,5.02,ca,93117,Santa Barbara
177,McDonald,"146 s fairview blvd, santa barbara, ca, 93117, us",7.18,4.19,3.99,13.42,5.02,ca,93117,Santa Barbara
178,McDonald,"1115 casitas pass road, carpinteria, ca, 93013, us",6.04,2.63,2.41,10.07,3.29,ca,93013,Santa Barbara
179,McDonald,"1299 e santa clara st, san jose, ca, 95116, us",6.69,3.59,3.19,10.79,4.99,ca,95116,Santa Clara
180,McDonald,"2191 monterey highway, san jose, ca, 95125, us",8.69,3.99,3.69,14.89,5.69,ca,95125,Santa Clara
181,McDonald,"777 story rd, san jose, ca, 95122, us",7.19,3.89,2.99,11.59,5.09,ca,95122,Santa Clara
182,McDonald,"1398 w. san carlos, san jose, ca, 95126, us",8.49,3.99,3.69,14.49,5.69,ca,95126,Santa Clara
183,McDonald,"585 tully rd, san jose, ca, 95112-1920, us",7.19,4.09,3.29,11.99,4.79,ca,95112,Santa Clara
184,McDonald,"2353 mckee rd, san jose, ca, 95133, us",7.3,3.47,2.39,12.22,4.99,ca,95133,Santa Clara
185,McDonald,"556 e el camino real, sunnyvale, ca, 94087, us",7.39,3.49,4.19,12.05,4.47,ca,94087,Santa Clara
186,McDonald,"696 n mathilda ave, sunnyvale, ca, 94085, us",8.69,4.29,3.79,15.29,5.69,ca,94085,Santa Clara
187,McDonald,"10990 n stelling rd, cupertino, ca, 95014, us",7.39,3.49,4.19,12.05,4.47,ca,95014,Santa Clara
188,McDonald,"550 lawrence expy, sunnyvale, ca, 94085, us",9.43,4.03,3.63,14.7,6.05,ca,94085,Santa Clara
189,McDonald,"2850 augustine dr, santa clara, ca, 95054, us",9.29,4.03,3.63,14.7,6.05,ca,95054,Santa Clara
190,McDonald,"3509 home stead rd, santa clara, ca, 95051, us",8.69,4.39,3.79,14.89,5.69,ca,95051,Santa Clara
191,McDonald,"1210 ocean ave, santa cruz, ca, 95060, us",7.09,3.59,2.89,11.79,4.79,ca,95060,Santa Cruz
192,McDonald,"1760 41st ave, capitola, ca, 95010-2503, us",7.29,3.59,2.69,11.79,4.79,ca,95010,Santa Cruz
193,McDonald,"259 mount hermon rd, scotts valley, ca, 95066, us",6.99,3.59,3.19,12.19,4.79,ca,95066,Santa Cruz
194,McDonald,"3289 sonoma blvd, vallejo, ca, 94590, us",8.29,3.59,3.49,12.99,4.79,ca,94590,Solano
195,McDonald,"416 e lincoln rd, vallejo, ca, 94591, us",7.99,4.19,3.49,12.29,5.29,ca,94591,Solano
196,McDonald,"170 lincoln rd e, vallejo, ca, 94591-8206, us",7.99,4.19,3.59,12.29,5.19,ca,94591,Solano
197,McDonald,"2565 springs rd, vallejo, ca, 94591-5612, us",7.99,4.19,3.49,12.29,5.39,ca,94591,Solano
198,McDonald,"2110 columbus parkway, benicia, ca, 94510, us",6.89,3.99,3.59,11.79,4.99,ca,94510,Solano
199,McDonald,"902 admiral callaghan ln, vallejo, ca, 94591, us",7.99,4.19,3.59,12.09,5.19,ca,94591,Solano
200,McDonald,"699 beck ave, fairfield, ca, 94533, us",7.09,3.19,3.09,12.69,5.19,ca,94533,Solano
201,McDonald,"2212 no texas st, fairfield, ca, 94533, us",8.29,3.59,3.49,12.99,4.79,ca,94533,Solano
202,McDonald,"101 sunset ave, suisun city, ca, 94585, us",8.49,3.59,3.49,12.99,5.09,ca,94585,Solano
203,McDonald,"4400 central pl, fairfield, ca, 94534, us",6.89,3.79,3.59,12.79,4.79,ca,94534,Solano
204,McDonald,"990 alamo dr, vacaville, ca, 95687, us",8.49,3.59,3.49,12.99,5.29,ca,95687,Solano
205,McDonald,"2642 santa rosa ave, santa rosa, ca, 95407, us",7.99,3.89,3.29,12.59,4.99,ca,95407,Sonoma
206,McDonald,"mission blvd, santa rosa, ca, 95409, us",7.99,3.89,3.39,12.69,4.89,ca,95409,Sonoma
207,McDonald,"879 hopper ave, santa rosa, ca, 95403, us",7.99,3.89,3.39,12.39,4.99,ca,95403,Sonoma
208,McDonald,"2521 guerneville rd, santa rosa, ca, 95401, us",7.99,3.89,3.39,12.89,4.99,ca,95401,Sonoma
209,McDonald,"6600 commerce blvd, rohnert park, ca, 94928, us",8.69,4.39,3.79,14.29,5.69,ca,94928,Sonoma
210,McDonald,"900 9th st, modesto, ca, 95354, us",8.29,4.49,4.19,13.69,5.69,ca,95354,Stanislaus
211,McDonald,"409 paradise road, modesto, ca, 95351, us",8.29,4.49,4.19,13.69,5.69,ca,95351,Stanislaus
212,McDonald,"901 n carpenter rd, modesto, ca, 95358, us",8.29,4.49,4.19,13.69,5.69,ca,95358,Stanislaus
213,McDonald,"801 oakdale ave, modesto, ca, 95355, us",7.69,4.09,3.69,11.79,4.99,ca,95355,Stanislaus
214,McDonald,"2118 mchenry ave, modesto, ca, 95350-3213, us",7.89,3.59,3.39,12.99,4.99,ca,95350,Stanislaus
215,McDonald,"1800 prescott rd, modesto, ca, 95350, us",7.89,3.89,3.39,12.99,4.99,ca,95350,Stanislaus
216,McDonald,"3636 w mineral king ave, visalia, ca, 93291, us",7.19,3.89,3.39,11.69,4.59,ca,93291,Tulare
217,McDonald,"3636 s mooney blvd, visalia, ca, 93277-8019, us",7.19,3.89,3.39,11.69,4.59,ca,93277,Tulare
218,McDonald,"5215 w akers / walnut, visalia, ca, 93277, us",7.19,3.89,3.39,11.69,4.59,ca,93277,Tulare
219,McDonald,"3102 ndinuba, visalia, ca, 93291, us",7.19,3.89,3.39,11.69,4.59,ca,93291,Tulare
220,McDonald,"5205 w goshen, visalia, ca, 93291, us",7.19,3.89,3.39,11.69,4.59,ca,93291,Tulare
221,McDonald,"401 ventura ave, oxnard, ca, 93030, us",5.71,2.39,2.52,9.76,3.34,ca,93030,Ventura
222,McDonald,"605 s. rose ave., oxnard, ca, 93030, us",5.93,2.69,2.63,10.06,3.53,ca,93030,Ventura
223,McDonald,"1711 n, oxnard, ca, 93030, us",6.5,2.49,2.63,9.98,3.49,ca,93030,Ventura
224,McDonald,"1741 pacific ave, oxnard, ca, 93033, us",5.82,2.74,2.39,9.77,3.19,ca,93033,Ventura
225,McDonald,"2201 n rose ave, oxnard, ca, 93036, us",5.93,2.79,2.63,9.86,3.18,ca,93036,Ventura
226,McDonald,"3120 s saviers rd, oxnard, ca, 93033, us",6.89,3.49,2.75,14.78,6.59,ca,93033,Ventura
227,Jack in the Box,"4425 telegraph ave, oakland, ca, 94609, us",5.86,,,11.6,,ca,94609,Alameda
228,Jack in the Box,"2424 east international boulevard, oakland, ca, 94601, us",5.86,,,11.6,,ca,94601,Alameda
229,Jack in the Box,"6510 telegraph ave, oakland, ca, 94609, us",5.86,,,11.6,,ca,94609,Alameda
230,Jack in the Box,"532 hegenberger road, oakland, ca, 94621, us",5.86,,,11.6,,ca,94621,Alameda
231,Jack in the Box,"1257 park st, alameda, ca, 94501, us",6.24,,,12.85,,ca,94501,Alameda
232,Jack in the Box,"5533 stevenson blvd., fremont, ca, 94538, us",7.24,,,14.23,,ca,94538,Alameda
233,Jack in the Box,"41115, fremont, ca, 94538, us",7.24,,,14.23,,ca,94538,Alameda
234,Jack in the Box,"39017 cedar blvd., newark, ca, 94560, us",7.24,,,14.23,,ca,94560,Alameda
235,Jack in the Box,"43921 osgood road., fremont, ca, 94539, us",7.24,,,14.23,,ca,94539,Alameda
236,Jack in the Box,"34701 ardenwood blvd., fremont, ca, 94555, us",7.24,,,14.23,,ca,94555,Alameda
237,Jack in the Box,"24175 mission boulevard, hayward, ca, 94544, us",4.86,,,11.6,,ca,94544,Alameda
238,Jack in the Box,"18555 mission blvd, hayward, ca, 94541, us",6.99,,,12.85,,ca,94541,Alameda
239,Jack in the Box,"17550 hesperian blvd, san lorenzo, ca, 94580, us",5.86,,,11.6,,ca,94580,Alameda
240,Jack in the Box,"3035, castro valley, ca, 94546, us",5.86,,,11.6,,ca,94546,Alameda
241,Jack in the Box,"25198 hesperian boulevard, hayward, ca, 94545, us",4.86,,,11.6,,ca,94545,Alameda
242,Jack in the Box,"1051 willow pass ct., concord, ca, 94520, us",7.24,,,14.23,,ca,94520,Contra Costa
243,Jack in the Box,"4740 clayton rd, concord, ca, 94521, us",6.61,,,12.85,,ca,94521,Contra Costa
244,Jack in the Box,"1710 monument blvd, concord, ca, 94518, us",6.61,,,12.85,,ca,94518,Contra Costa
245,Jack in the Box,"1817 contra costa blvd, pleasant hill, ca, 94523, us",7.24,,,14.23,,ca,94523,Contra Costa
246,Jack in the Box,"2295 n main st, walnut creek, ca, 94596, us",6.61,,,12.85,,ca,94596,Contra Costa
247,Jack in the Box,"2135 railroad avenue, pittsburg, ca, 94565, us",5.61,,,11.73,,ca,94565,Contra Costa
248,Jack in the Box,"3110 e tulare st, fresno, ca, 93702, us",6.61,,,13.35,,ca,93702,Fresno
249,Jack in the Box,"1167 n clovis ave, fresno, ca, 93727, us",6.61,,,13.35,,ca,93727,Fresno
250,Jack in the Box,"2124 n blackstone hwy, fresno, ca, 93703, us",6.61,,,13.35,,ca,93703,Fresno
251,Jack in the Box,"4968 e kings canyon rd, fresno, ca, 93727, us",6.61,,,13.35,,ca,93727,Fresno
252,Jack in the Box,"3058 w clinton ave, fresno, ca, 93722, us",6.61,,,13.35,,ca,93722,Fresno
253,Jack in the Box,"2220 chester ave, bakersfield, ca, 93301, us",7.49,,,13.73,,ca,93301,Kern
254,Jack in the Box,"1200 oak street, bakersfield, ca, 93304, us",7.49,,,13.73,,ca,93304,Kern
255,Jack in the Box,"10 union ave, bakersfield, ca, 93307, us",7.49,,,13.73,,ca,93307,Kern
256,Jack in the Box,"4200 chester ave, bakersfield, ca, 93301, us",7.49,,,13.73,,ca,93301,Kern
257,Jack in the Box,"1003 east california avenue, bakersfield, ca, 93307, us",9.11,,,18.35,,ca,93307,Kern
258,Jack in the Box,"147 s oswell st, bakersfield, ca, 93307, us",7.49,,,13.73,,ca,93307,Kern
259,Jack in the Box,"516 north beaudry avenue, los angeles, ca, 90012, us",5.61,,,11.48,,ca,90012,Los Angeles
260,Jack in the Box,"1900 w. 6th st, los angeles, ca, 90057, us",6.86,,,13.74,,ca,90057,Los Angeles
261,Jack in the Box,"1135 north mission road, los angeles, ca, 90033, us",6.86,,,13.74,,ca,90033,Los Angeles
262,Jack in the Box,"1415 south alameda street, los angeles, ca, 90021, us",6.61,,,12.35,,ca,90021,Los Angeles
263,Jack in the Box,"4228 n figueroa st, los angeles, ca, 90065, us",6.86,,,13.74,,ca,90065,Los Angeles
264,Jack in the Box,"1615 s broadway, los angeles, ca, 90015, us",5.99,,,11.73,,ca,90015,Los Angeles
265,Jack in the Box,"652 atlantic ave, long beach, ca, 90802, us",6.86,,,13.74,,ca,90802,Los Angeles
266,Jack in the Box,"1720 w pacific coast hwy, long beach, ca, 90813, us",6.86,,,12.85,,ca,90813,Los Angeles
267,Jack in the Box,"2101 e anaheim st, long beach, ca, 90804, us",6.86,,,12.85,,ca,90804,Los Angeles
268,Jack in the Box,"3980 e ocean blvd, long beach, ca, 90803, us",6.86,,,12.85,,ca,90803,Los Angeles
269,Jack in the Box,"22220 wilmington avenue, carson, ca, 90745, us",6.61,,,12.48,,ca,90745,Los Angeles
270,Jack in the Box,"6025, long beach, ca, 90805, us",6.86,,,13.36,,ca,90805,Los Angeles
271,Jack in the Box,"26547 bouquet canyon road, santa clarita, ca, 91350, us",6.86,,,13.74,,ca,91350,Los Angeles
272,Jack in the Box,"22908 lyons avenue, santa clarita, ca, 91321, us",6.61,,,12.35,,ca,91321,Los Angeles
273,Jack in the Box,"28144 the old road, valencia, ca, 91355, us",6.86,,,13.74,,ca,91355,Los Angeles
274,Jack in the Box,"24820 pico canyon road, santa clarita, ca, 91381, us",5.99,,,11.85,,ca,91381,Los Angeles
275,Jack in the Box,"18955 west soledad cyn road, canyon country, ca, 91351, us",6.86,,,13.74,,ca,91351,Los Angeles
276,Jack in the Box,"1814 2nd street, san rafael, ca, 94901, us",7.24,,,14.23,,ca,94901,Marin
277,Jack in the Box,"301 enfrente rd, novato, ca, 94949, us",6.24,,,12.6,,ca,94949,Marin
278,Jack in the Box,"7135 redwood blvd., novato, ca, 94945, us",7.24,,,14.23,,ca,94945,Marin
279,Jack in the Box,"14395, san pablo, ca, 94806, us",6.24,,,12.85,,ca,94806,Contra Costa
280,Jack in the Box,"50 san pablo towne ctr, san pablo, ca, 94806, us",6.74,,,13.1,,ca,94806,Contra Costa
281,Jack in the Box,"5920 cutting blvd, el-cerrito, ca, 94530, us",6.74,,,13.23,,ca,94530,Contra Costa
282,Jack in the Box,"837 e washington st, petaluma, ca, 94952, us",6.99,,,12.85,,ca,94952,Marin
283,Jack in the Box,"602 w. napa st., sonoma, ca, 95476, us",7.24,,,14.23,,ca,95476,Sonoma
284,Jack in the Box,"645 south main street, salinas, ca, 93901, us",6.86,,,13.23,,ca,93901,Monterey
285,Jack in the Box,"1810 n main st., salinas, ca, 93906, us",6.86,,,13.23,,ca,93906,Monterey
286,Jack in the Box,"1540 n sanborn rd., salinas, ca, 93905, us",6.86,,,13.23,,ca,93905,Monterey
287,Jack in the Box,"211 reservation rd, marina, ca, 93933, us",6.86,,,13.23,,ca,93933,Monterey
288,Jack in the Box,"601 north main street, santa ana, ca, 92701, us",4.99,,,10.6,,ca,92701,Orange
289,Jack in the Box,"719 north bristol street, santa ana, ca, 92703, us",4.99,,,10.6,,ca,92703,Orange
290,Jack in the Box,"1406 east first street, santa ana, ca, 92701, us",6.11,,,11.98,,ca,92701,Orange
291,Jack in the Box,"1300 w edinger ave, santa ana, ca, 92704, us",6.86,,,12.85,,ca,92704,Orange
292,Jack in the Box,"3050 w. chapman ave, orange, ca, 92868, us",6.11,,,11.98,,ca,92868,Orange
293,Jack in the Box,"290 w. lincoln ave., anaheim, ca, 92805, us",6.11,,,11.98,,ca,92805,Orange
294,Jack in the Box,"100 s. state college blvd., anaheim, ca, 92806, us",6.11,,,11.98,,ca,92806,Orange
295,Jack in the Box,"235 e orangethorpe ave, fullerton, ca, 92832, us",6.86,,,12.85,,ca,92832,Orange
296,Jack in the Box,"1155 north euclid avenue, anaheim, ca, 92801, us",6.61,,,12.48,,ca,92801,Orange
297,Jack in the Box,"797 west orangethorpe avenue, placentia, ca, 92870, us",6.11,,,11.98,,ca,92870,Orange
298,Jack in the Box,"999 s brookhurst st, anaheim, ca, 92804, us",5.99,,,12.23,,ca,92804,Orange
299,Jack in the Box,"1923 douglas blvd, roseville, ca, 95661, us",6.99,,,13.85,,ca,95661,Placer
300,Jack in the Box,"5150 foothills blvd., roseville, ca, 95747, us",6.49,,,13.48,,ca,95747,Placer
301,Jack in the Box,"6691 stanford ranch road, rocklin, ca, 95677, us",6.99,,,13.85,,ca,95677,Placer
302,Jack in the Box,"4410, rocklin, ca, 95677, us",6.99,,,13.85,,ca,95677,Placer
303,Jack in the Box,"6131 greenback ln, citrus heights, ca, 95621, us",6.99,,,13.85,,ca,95621,Sacramento
304,Jack in the Box,"13421 east lincoln way, auburn, ca, 95603, us",6.86,,,13.35,,ca,95603,Placer
305,Jack in the Box,"3434 14th st, riverside, ca, 92501, us",7.24,,,14.23,,ca,92501,Riverside
306,Jack in the Box,"1115 w la cadena dr, riverside, ca, 92501, us",7.24,,,14.23,,ca,92501,Riverside
307,Jack in the Box,"3886 chicago ave., riverside, ca, 92507, us",7.49,,,13.61,,ca,92507,Riverside
308,Jack in the Box,"3521 central ave, riverside, ca, 92506, us",7.24,,,14.23,,ca,92506,Riverside
309,Jack in the Box,"1371 blaine st, riverside, ca, 92507, us",5.99,,,11.85,,ca,92507,Riverside
310,Jack in the Box,"5642 30th street, rubidoux, ca, 92509, us",5.61,,,11.48,,ca,92509,Riverside
311,Jack in the Box,"15030 perris boulevard, moreno valley, ca, 92551, us",5.61,,,11.48,,ca,92551,Riverside
312,Jack in the Box,"12477 heacock st, moreno valley, ca, 92553, us",7.24,,,14.1,,ca,92553,Riverside
313,Jack in the Box,"24985 elder ave, moreno valley, ca, 92557, us",7.24,,,14.1,,ca,92557,Riverside
314,Jack in the Box,"25950 iris avenue, moreno valley, ca, 92551, us",5.61,,,11.48,,ca,92551,Riverside
315,Jack in the Box,"24620 madison ave, murrieta, ca, 92562, us",7.24,,,14.1,,ca,92562,Riverside
316,Jack in the Box,"39878 los alamos rd, murrieta, ca, 92562, us",7.24,,,13.98,,ca,92562,Riverside
317,Jack in the Box,"36196 hidden springs rd, wildomar, ca, 92595, us",7.24,,,14.23,,ca,92595,Riverside
318,Jack in the Box,"21960 bundy canyon road, wildomar, ca, 92595, us",5.39,,,11.02,,ca,92595,Riverside
319,Jack in the Box,"2560 w el camino ave, sacramento, ca, 95833, us",6.99,,,13.85,,ca,95833,Sacramento
320,Jack in the Box,"775 harbor pointe place, west sacramento, ca, 95605, us",6.99,,,13.85,,ca,95605,Yolo
321,Jack in the Box,"5800 freeport blvd., sacramento, ca, 95822, us",6.99,,,13.85,,ca,95822,Sacramento
322,Jack in the Box,"4128 norwood ave, sacramento, ca, 95838, us",6.24,,,13.48,,ca,95838,Sacramento
323,Jack in the Box,"2750 del paso rd, sacramento, ca, 95834, us",6.24,,,13.48,,ca,95834,Sacramento
324,Jack in the Box,"4601 broadway, sacramento, ca, 95820, us",6.49,,,13.48,,ca,95820,Sacramento
325,Jack in the Box,"9620 e stockton blvd, elk grove, ca, 95624, us",6.61,,,13.48,,ca,95624,Sacramento
326,Jack in the Box,"9179 elk grove florin road, elk grove, ca, 95624, us",6.99,,,13.85,,ca,95624,Sacramento
327,Jack in the Box,"4820 laguna blvd, elk grove, ca, 95758, us",6.99,,,13.85,,ca,95758,Sacramento
328,Jack in the Box,"7795 stockton boulevard, sacramento, ca, 95823, us",6.99,,,13.85,,ca,95823,Sacramento
329,Jack in the Box,"4435 florin rd, sacramento, ca, 95823, us",6.99,,,13.85,,ca,95823,Sacramento
330,Jack in the Box,"6300 power inn rd, sacramento, ca, 95824, us",6.61,,,13.48,,ca,95824,Sacramento
331,Jack in the Box,"495 n d st, san bernardino, ca, 92401, us",6.86,,,13.36,,ca,92401,San Bernardino
332,Jack in the Box,"497 s e st, san bernardino, ca, 92401, us",6.86,,,13.36,,ca,92401,San Bernardino
333,Jack in the Box,"1199 n mt vernon ave, colton, ca, 92324, us",6.86,,,13.36,,ca,92324,San Bernardino
334,Jack in the Box,"1141 w highland ave, san bernardino, ca, 92405, us",7.49,,,14.35,,ca,92405,San Bernardino
335,Jack in the Box,"8134 sierra ave, fontana, ca, 92335, us",5.99,,,11.85,,ca,92335,San Bernardino
336,Jack in the Box,"7261 citrus ave, fontana, ca, 92336, us",7.36,,,12.73,,ca,92336,San Bernardino
337,Jack in the Box,"10110 sierra ave, fontana, ca, 92335, us",5.39,,,10.9,,ca,92335,San Bernardino
338,Jack in the Box,"17020 s highland ave, fontana, ca, 92336, us",6.49,,,12.85,,ca,92336,San Bernardino
339,Jack in the Box,"475 s cedar ave, rialto, ca, 92376, us",5.99,,,11.85,,ca,92376,San Bernardino
340,Jack in the Box,"14485 foothill blvd, fontana, ca, 92335, us",5.61,,,,,ca,92335,San Bernardino
341,Jack in the Box,"14618 7th street, victorville, ca, 92392, us",6.86,,,13.36,,ca,92392,San Bernardino
342,Jack in the Box,"12440 amargosa rd., victorville, ca, 92392, us",6.86,,,13.36,,ca,92392,San Bernardino
343,Jack in the Box,"12134 hesperia road, victorville, ca, 92392, us",6.86,,,13.36,,ca,92392,San Bernardino
344,Jack in the Box,"20168 highway 18, apple valley, ca, 92307, us",6.86,,,13.36,,ca,92307,San Bernardino
345,Jack in the Box,"1619 pacific hwy, san diego, ca, 92101, us",6.86,,,13.1,,ca,92101,San Diego
346,Jack in the Box,"1110 c st, san diego, ca, 92101, us",7.24,,,14.23,,ca,92101,San Diego
347,Jack in the Box,"2404 market st, san diego, ca, 92102, us",5.61,,,11.35,,ca,92102,San Diego
348,Jack in the Box,"804 university ave, san diego, ca, 92103, us",6.24,,,12.48,,ca,92103,San Diego
349,Jack in the Box,"2890 national ave, san diego, ca, 92113, us",7.24,,,14.23,,ca,92113,San Diego
350,Jack in the Box,"220 w. washington st., san diego, ca, 92103, us",5.61,,,11.85,,ca,92103,San Diego
351,Jack in the Box,"5 n 4th ave, chula vista, ca, 91910, us",7.24,,,14.23,,ca,91910,San Diego
352,Jack in the Box,"486 broadway, chula vista, ca, 91910, us",5.36,,,10.73,,ca,91910,San Diego
353,Jack in the Box,"370 e h st, chula vista, ca, 91910, us",5.36,,,11.1,,ca,91910,San Diego
354,Jack in the Box,"1745 highland ave, national city, ca, 91950, us",5.61,,,11.1,,ca,91950,San Diego
355,Jack in the Box,"802 3rd ave, chula vista, ca, 91911, us",7.24,,,14.1,,ca,91911,San Diego
356,Jack in the Box,"4011 bonita rd, bonita, usa, chula vista, ca, 91902, us",7.24,,,14.1,,ca,91902,San Diego
357,Jack in the Box,"1900 mission ave, oceanside, ca, 92054, us",7.24,,,14.23,,ca,92054,San Diego
358,Jack in the Box,"2474 vista way, oceanside, ca, 92054, us",6.11,,,12.48,,ca,92054,San Diego
359,Jack in the Box,"901, carlsbad, ca, 92008, us",7.24,,,14.23,,ca,92008,San Diego
360,Jack in the Box,"3909 mission avenue, oceanside, ca, 92054, us",7.24,,,14.23,,ca,92054,San Diego
361,Jack in the Box,"3808 plaza dr, oceanside, ca, 92056, us",7.24,,,14.23,,ca,92056,San Diego
362,Jack in the Box,"400 geary st, san francisco, ca, 94102, us",7.11,,,13.48,,ca,94102,San Francisco
363,Jack in the Box,"366 bayshore blvd, san francisco, ca, 94124, us",7.11,,,13.48,,ca,94124,San Francisco
364,Jack in the Box,"4649 geary blvd, san francisco, ca, 94118, us",7.11,,,13.48,,ca,94118,San Francisco
365,Jack in the Box,"1695 el camino real, south san francisco, ca, 94080, us",7.24,,,14.23,,ca,94080,San Mateo
366,Jack in the Box,"7217 mission st, daly city, ca, 94014, us",5.61,,,11.73,,ca,94014,San Mateo
367,Jack in the Box,"201 south spruce street, south san francisco, ca, 94080, us",7.24,,,14.23,,ca,94080,San Mateo
368,Jack in the Box,"1504 pacific ave, stockton, ca, 95204, us",6.99,,,13.85,,ca,95204,San Joaquin
369,Jack in the Box,"733 west charter wy, stockton, ca, 95206, us",6.99,,,13.85,,ca,95206,San Joaquin
370,Jack in the Box,"2592 west march ln, stockton, ca, 95207, us",6.99,,,13.85,,ca,95207,San Joaquin
371,Jack in the Box,"1916 east march ln, stockton, ca, 95210, us",6.99,,,13.85,,ca,95210,San Joaquin
372,Jack in the Box,"3506 west hammer ln, stockton, ca, 95219, us",6.99,,,13.85,,ca,95219,San Joaquin
373,Jack in the Box,"390 santa rosa street, san luis obispo, ca, 93405, us",6.86,,,12.98,,ca,93405,San Luis Obispo
374,Jack in the Box,"1208 grand avenue, arroyo grande, ca, 93420, us",6.86,,,12.98,,ca,93420,San Luis Obispo
375,Jack in the Box,"9000 west front street, atascadero, ca, 93422, us",6.86,,,12.98,,ca,93422,San Luis Obispo
376,Jack in the Box,"1900 ramada drive, paso robles, ca, 93446, us",6.86,,,12.98,,ca,93446,San Luis Obispo
377,Jack in the Box,"555 east 3rd avenue, san mateo, ca, 94401, us",5.61,,,11.73,,ca,94401,San Mateo
378,Jack in the Box,"1100 el camino real, san carlos, ca, 94070, us",5.61,,,11.85,,ca,94070,San Mateo
379,Jack in the Box,"1205 broadway st, redwood city, ca, 94063, us",5.99,,,12.35,,ca,94063,San Mateo
380,Jack in the Box,"986 woodside rd, redwood city, ca, 94061, us",5.99,,,12.35,,ca,94061,San Mateo
381,Jack in the Box,"3199 el camino real, redwood city, ca, 94061, us",6.74,,,12.73,,ca,94061,San Mateo
382,Jack in the Box,"1041 east main street, santa maria, ca, 93454, us",6.86,,,12.98,,ca,93454,Santa Barbara
383,Jack in the Box,"705 east betteravia road, santa maria, ca, 93454, us",6.86,,,12.98,,ca,93454,Santa Barbara
384,Jack in the Box,"2306 south broadway, santa maria, ca, 93454, us",6.86,,,12.98,,ca,93454,Santa Barbara
385,Jack in the Box,"5001, orcutt, ca, 93455, us",6.86,,,12.98,,ca,93455,Santa Barbara
386,Jack in the Box,"501 north milpas street, santa barbara, ca, 93103, us",6.86,,,12.98,,ca,93103,Santa Barbara
387,Jack in the Box,"3747 state street, santa barbara, ca, 93105, us",6.86,,,12.98,,ca,93105,Santa Barbara
388,Jack in the Box,"6875 hollister avenue, goleta, ca, 93117, us",6.86,,,12.98,,ca,93117,Santa Barbara
389,Jack in the Box,"2352 east thompson boulevard, ventura, ca, 93003, us",6.24,,,11.73,,ca,93003,Ventura
390,Jack in the Box,"2115 south victoria ave., ventura, ca, 93003, us",6.24,,,11.73,,ca,93003,Ventura
391,Jack in the Box,"550 s victoria ave, oxnard, ca, 93035, us",6.86,,,12.23,,ca,93035,Ventura
392,Jack in the Box,"148 e san carlos st, san jose, ca, 95112, us",4.86,,,11.6,,ca,95112,Santa Clara
393,Jack in the Box,"1490 monterey road, san jose, ca, 95110, us",5.61,,,11.85,,ca,95110,Santa Clara
394,Jack in the Box,"697 curtner avenue, san jose, ca, 95125, us",5.61,,,11.85,,ca,95125,Santa Clara
395,Jack in the Box,"1558 w san carlos st, san jose, ca, 95126, us",4.86,,,11.6,,ca,95126,Santa Clara
396,Jack in the Box,"1841 story road, san jose, ca, 95122, us",5.61,,,11.73,,ca,95122,Santa Clara
397,Jack in the Box,"200 west el camino real, mountain view, ca, 94040, us",6.86,,,13.23,,ca,94040,Santa Clara
398,Jack in the Box,"2845 augustine dr, santa clara, ca, 95054, us",6.74,,,12.73,,ca,95054,Santa Clara
399,Jack in the Box,"3367 el camino real, santa clara, ca, 95051, us",6.74,,,12.73,,ca,95051,Santa Clara
400,Jack in the Box,"510 n shoreline blvd, mountain view, ca, 94043, us",6.74,,,12.73,,ca,94043,Santa Clara
401,Jack in the Box,"3465 homestead rd, santa clara, ca, 95051, us",5.74,,,12.1,,ca,95051,Santa Clara
402,Jack in the Box,"640 ocean street, santa cruz, ca, 95060, us",6.86,,,13.23,,ca,95060,Santa Cruz
403,Jack in the Box,"6014, scotts valley, ca, 95066, us",4.99,,,11.48,,ca,95066,Santa Cruz
404,Jack in the Box,"1700, freedom, ca, 95019, us",6.86,,,13.23,,ca,95019,Santa Cruz
405,Jack in the Box,"15771, los gatos, ca, 95032, us",6.86,,,13.23,,ca,95032,Santa Clara
406,Jack in the Box,"400 broadway st., vallejo, ca, 94590, us",5.61,,,11.85,,ca,94590,Solano
407,Jack in the Box,"35 admiral callaghan ln, vallejo, ca, 94591, us",5.36,,,11.48,,ca,94591,Solano
408,Jack in the Box,"1610 lewis brown dr, vallejo, ca, 94589, us",5.61,,,11.85,,ca,94589,Solano
409,Jack in the Box,"107 west american canyon road, american canyon, ca, 94503, us",5.61,,,11.85,,ca,94503,Napa
410,Jack in the Box,"3800 san pablo ave bldg a, hercules, ca, 94547, us",6.24,,,12.6,,ca,94547,Contra Costa
411,Jack in the Box,"2689, pinole, ca, 94564, us",6.24,,,12.6,,ca,94564,Contra Costa
412,Jack in the Box,"1980 n. texas st., fairfield, ca, 94533, us",5.61,,,11.85,,ca,94533,Solano
413,Jack in the Box,"1965 w. texas st., fairfield, ca, 94533, us",5.61,,,11.85,,ca,94533,Solano
414,Jack in the Box,"499 grizzly island rd, suisun city, ca, 94585, us",5.61,,,11.85,,ca,94585,Solano
415,Jack in the Box,"1035 alamo dr, vacaville, ca, 95687, us",4.86,,,11.6,,ca,95687,Solano
416,Jack in the Box,"107 red top road, fairfield, ca, 94534, us",5.61,,,11.85,,ca,94534,Solano
417,Jack in the Box,"425 sebastopol road, santa rosa, ca, 95407, us",7.24,,,14.23,,ca,95407,Sonoma
418,Jack in the Box,"2550 hoen frontage road, santa rosa, ca, 95405, us",7.24,,,14.23,,ca,95405,Sonoma
419,Jack in the Box,"1004 steele ln, santa rosa, ca, 95403, us",6.24,,,12.6,,ca,95403,Sonoma
420,Jack in the Box,"2755, santa rosa, ca, 95407, us",7.24,,,14.23,,ca,95407,Sonoma
421,Jack in the Box,"3086 marlow rd, santa rosa, ca, 95403, us",6.74,,,13.1,,ca,95403,Sonoma
422,Jack in the Box,"6299 commerce blvd, rohnert park, ca, 94928, us",6.24,,,12.48,,ca,94928,Sonoma
423,Jack in the Box,"339 paradise avenue, modesto, ca, 95351, us",6.99,,,13.85,,ca,95351,Stanislaus
424,Jack in the Box,"2044 w orangeburg ave, modesto, ca, 95350, us",6.99,,,13.85,,ca,95350,Stanislaus
425,Jack in the Box,"1120 s mooney blvd, visalia, ca, 93277, us",9.11,,,18.35,,ca,93277,Tulare
426,Jack in the Box,"5340 w cypress ave, visalia, ca, 93277, us",9.11,,,18.35,,ca,93277,Tulare
427,Jack in the Box,"960 n ventura rd, oxnard, ca, 93030, us",6.86,,,12.23,,ca,93030,Ventura
428,Jack in the Box,"2800 s rose ave, oxnard, ca, 93033, us",5.61,,,11.48,,ca,93033,Ventura
429,Jack in the Box,"2580 north vineyard avenue, oxnard, ca, 93030, us",6.24,,,12.35,,ca,93030,Ventura
430,Jack in the Box,"814 n. ventura rd., port hueneme, ca, 93041, us",6.24,,,12.35,,ca,93041,Ventura
431,Wendy,"5211 broadway, oakland, ca, 94618, us",7.67,2.92,2.43,,,ca,94618,Alameda
432,Wendy,"3111 e. 14th street, oakland, ca, 94601, us",7.92,2.79,2.18,,,ca,94601,Alameda
433,Wendy,"189 98th avenue, oakland, ca, 94603, us",8.04,3.77,2.31,,,ca,94603,Alameda
434,Wendy,"1185, san leandro, ca, 94577, us",8.28,2.79,2.18,,,ca,94577,Alameda
435,Wendy,"12201 san pablo avenue, richmond, ca, 94805, us",7.67,2.92,2.43,,,ca,94805,Contra Costa
436,Wendy,"17435 hesperian blvd, san lorenzo, ca, 94580, us",6.29,2.39,1.99,,,ca,94580,Alameda
437,Wendy,"5535 automall parkway, fremont, ca, 94538, us",7.55,3.04,2.43,,,ca,94538,Alameda
438,Wendy,"35229, newark, ca, 94560, us",9.02,3.4,2.92,,,ca,94560,Alameda
439,Wendy,"7143, dublin, ca, 94568, us",7.67,2.92,2.43,,,ca,94568,Alameda
440,Wendy,"23969 mission blvd., hayward, ca, 94544, us",7.67,2.92,2.43,,,ca,94544,Alameda
441,Wendy,"2475, castro valley, ca, 94546, us",7.67,2.92,2.43,,,ca,94546,Alameda
442,Wendy,"5943, pacheco, ca, 94553, us",9.02,3.77,3.4,,,ca,94553,Contra Costa
443,Wendy,"2955 north main st., walnut creek, ca, 94597, us",7.67,2.92,2.43,,,ca,94597,Contra Costa
444,Wendy,"2243 loveridge road, pittsburg, ca, 94565, us",7.31,3.28,2.43,,,ca,94565,Contra Costa
445,Wendy,"1809 a street, antioch, ca, 94509, us",5.99,2.69,1.99,,,ca,94509,Contra Costa
446,Wendy,"2222, san ramon, ca, 94583, us",6.29,2.39,1.99,,,ca,94583,Contra Costa
447,Wendy,"2005 n blackstone, fresno, ca, 93703, us",8.6,3.77,3.4,,,ca,93703,Fresno
448,Wendy,"765 south clovis avenue, fresno, ca, 93727, us",8.6,3.77,3.4,,,ca,93727,Fresno
449,Wendy,"7164 blackstone blvd., fresno, ca, 93650, us",8.77,3.89,3.53,,,ca,93650,Fresno
450,Wendy,"1778 e. shaw, fresno, ca, 93710, us",8.77,3.89,3.53,,,ca,93710,Fresno
451,Wendy,"2501 n. chester, oildale, ca, 93308, us",8.77,3.4,2.92,,,ca,93308,Kern
452,Wendy,"2608 oswell st., bakersfield, ca, 93306, us",8.77,3.4,2.92,,,ca,93306,Kern
453,Wendy,"9180 rosedale hwy, bakersfield, ca, 93312, us",8.77,3.4,2.92,,,ca,93312,Kern
454,Wendy,"2150 panama lane, bakersfield, ca, 93307, us",8.77,3.4,2.92,,,ca,93307,Kern
455,Wendy,"4650 gosford road, bakersfield, ca, 93313, us",8.77,3.4,2.92,,,ca,93313,Kern
456,Wendy,"800 south figueroa street, los angeles, ca, 90017, us",8.77,4.01,3.65,,,ca,90017,Los Angeles
457,Wendy,"1305 n. vermont ave., hollywood, ca, 90027, us",8.28,3.89,3.4,,,ca,90027,Los Angeles
458,Wendy,"245 south atlantic, alhambra, ca, 91801, us",8.04,2.79,2.43,,,ca,91801,Los Angeles
459,Wendy,"1201 e valley, alhambra, ca, 91801, us",8.41,3.65,3.65,,,ca,91801,Los Angeles
460,Wendy,"8810 s garfield ave, s.gate, ca, 90280, us",7.55,2.92,2.43,,,ca,90280,Los Angeles
461,Wendy,"4148 florence ave, bell, ca, 90201, us",8.53,3.65,2.43,,,ca,90201,Los Angeles
462,Wendy,"23750 main street, carson, ca, 90745, us",8.16,3.65,3.4,,,ca,90745,Los Angeles
463,Wendy,"2201 bellflower blvd., long beach, ca, 90815, us",8.28,3.89,3.4,,,ca,90815,Los Angeles
464,Wendy,"2438 e carson st, lakewood, ca, 90712, us",7.67,3.4,2.43,,,ca,90712,Los Angeles
465,Wendy,"4314 south street, lakewood, ca, 90712, us",8.53,3.65,2.43,,,ca,90712,Los Angeles
466,Wendy,"11254, los alamitos, ca, 90720, us",8.16,3.65,3.65,,,ca,90720,Orange
467,Wendy,"27544 the old road, valencia, ca, 91355, us",,3.4,2.43,,,ca,91355,Los Angeles
468,Wendy,"24525 lyons avenue, santa clarita, ca, 91321, us",7.67,3.4,2.43,,,ca,91321,Los Angeles
469,Wendy,"28180 newhall ranch road, santa clarita, ca, 91355, us",7.67,3.4,2.43,,,ca,91355,Los Angeles
470,Wendy,"19018 soledad canyon rd, canyon country, ca, 91351, us",7.67,3.4,2.43,,,ca,91351,Los Angeles
471,Wendy,"18507 devonshire street, northridge, ca, 91324, us",8.04,3.65,3.28,,,ca,91324,Los Angeles
472,Wendy,"1581 fitzgerald drive, pinole, ca, 94564, us",5.69,2.89,1.89,,,ca,94564,Contra Costa
473,Wendy,"1001 redwood, vallejo, ca, 94590, us",6.29,2.39,1.99,,,ca,94590,Solano
474,Wendy,"500 e washington st, petaluma, ca, 94952, us",6.19,2.49,1.99,,,ca,94952,Marin
475,Wendy,"1450 trancas st, napa, ca, 94558, us",6.29,2.39,1.99,,,ca,94558,Napa
476,Wendy,"1850, santa rosa, ca, 95407, us",6.29,2.39,1.99,,,ca,95407,Sonoma
477,Wendy,"1339 north main, salinas, ca, 93906, us",9.02,3.77,3.4,,,ca,93906,Monterey
478,Wendy,"1369 north davis road, salinas, ca, 93907, us",7.31,3.28,2.67,,,ca,93907,Monterey
479,Wendy,"1180 fremont, seaside, ca, 93955, us",9.02,3.77,3.4,,,ca,93955,Monterey
480,Wendy,"1480 freedom blvd, watsonville, ca, 95076, us",7.39,3.09,2.79,,,ca,95076,Santa Cruz
481,Wendy,"393 e 10th st, gilroy, ca, 95020, us",8.49,3.29,2.39,,,ca,95020,Santa Clara
482,Wendy,"1737 e 17th st, santa ana, ca, 92705, us",8.41,3.65,3.65,,,ca,92705,Orange
483,Wendy,"3739 w. chapman ave., orange, ca, 92868, us",7.67,3.4,2.43,,,ca,92868,Orange
484,Wendy,"13922 redhill avenue, tustin, ca, 92780, us",8.16,3.65,3.4,,,ca,92780,Orange
485,Wendy,"1237 n. tustin, orange, ca, 92867, us",8.04,3.65,3.28,,,ca,92867,Orange
486,Wendy,"1012 n. state college blvd., anaheim, ca, 92806, us",8.16,3.65,3.65,,,ca,92806,Orange
487,Wendy,"10040 chapman ave., garden grove, ca, 92840, us",8.41,3.65,3.65,,,ca,92840,Orange
488,Wendy,"680 n. euclid ave., anaheim, ca, 92801, us",8.16,3.65,3.4,,,ca,92801,Orange
489,Wendy,"15700 valley view ave, la mirada, ca, 90638, us",8.16,3.65,3.4,,,ca,90638,Los Angeles
490,Wendy,"924 pleasant grove blvd, roseville, ca, 95678, us",8.97,3.97,3.6,,,ca,95678,Placer
491,Wendy,"6435 antelope road, citrus hts., ca, 95621, us",8.97,3.97,3.6,,,ca,95621,Sacramento
492,Wendy,"7983 greenback lane, citrus hts., ca, 95610, us",8.77,3.89,3.53,,,ca,95610,Sacramento
493,Wendy,"4320 watt ave, sacramento, ca, 95821, us",8.6,3.77,3.4,,,ca,95821,Sacramento
494,Wendy,"2646 watt avenue, sacramento, ca, 95821, us",8.6,3.77,3.4,,,ca,95821,Sacramento
495,Wendy,"2560 bell rd, auburn, ca, 95602, us",7.55,3.04,2.43,,,ca,95602,Placer
496,Wendy,"3565 central ave, riverside, ca, 92506, us",7.67,3.4,2.43,,,ca,92506,Riverside
497,Wendy,"10020 arlington avenue, riverside, ca, 92503, us",8.16,3.65,3.4,,,ca,92503,Riverside
498,Wendy,"3838 tyler street, riverside, ca, 92503, us",7.67,3.4,2.43,,,ca,92503,Riverside
499,Wendy,"1090 n. pepper ave., colton, ca, 92324, us",7.67,3.4,2.43,,,ca,92324,San Bernardino
500,Wendy,"22320 cactus ave, moreno valley, ca, 92553, us",8.16,3.65,3.4,,,ca,92553,Riverside
501,Wendy,"12410 day street, moreno valley, ca, 92553, us",8.16,3.65,3.4,,,ca,92553,Riverside
502,Wendy,"12671 moreno beach drive, moreno valley, ca, 92555, us",7.67,3.4,2.43,,,ca,92555,Riverside
503,Wendy,"40460, murrieta, ca, 92563, us",8.04,3.65,3.28,,,ca,92563,Riverside
504,Wendy,"27251 newport rd, menifee, ca, 92586, us",7.67,3.4,2.43,,,ca,92586,Riverside
505,Wendy,"29275 central avenue, lake elsinore, ca, 92532, us",7.67,3.4,2.43,,,ca,92532,Riverside
506,Wendy,"1830 n., perris, ca, 92571, us",6.29,2.79,1.99,,,ca,92571,Riverside
507,Wendy,"3450 w florida blvd, hemet, ca, 92545, us",6.29,2.79,1.99,,,ca,92545,Riverside
508,Wendy,"2360 arena blvd, sacramento, ca, 95834, us",8.97,3.97,3.6,,,ca,95834,Sacramento
509,Wendy,"2750 power inn road, sacramento, ca, 95826, us",8.6,3.77,3.4,,,ca,95826,Sacramento
510,Wendy,"7931 e stockton blvd, sacramento, ca, 95823, us",8.77,3.89,3.53,,,ca,95823,Sacramento
511,Wendy,"8871 bond road, elk grove, ca, 95624, us",8.77,3.89,3.53,,,ca,95624,Sacramento
512,Wendy,"1471 meadowview rd, sacramento, ca, 95822, us",8.6,3.77,3.4,,,ca,95822,Sacramento
513,Wendy,"1110 s. mt. vernon ave., colton, ca, 92324, us",8.16,3.65,3.4,,,ca,92324,San Bernardino
514,Wendy,"2077 e highland ave, san bernardino, ca, 92404, us",7.67,3.4,2.43,,,ca,92404,San Bernardino
515,Wendy,"27879 baseline avenue, highland, ca, 92346, us",7.67,3.4,2.43,,,ca,92346,San Bernardino
516,Wendy,"1991, redlands, ca, 92373, us",7.67,3.4,2.43,,,ca,92373,San Bernardino
517,Wendy,"1260 w. foothill blvd., rialto, ca, 92376, us",7.67,3.4,2.43,,,ca,92376,San Bernardino
518,Wendy,"16984 valley blvd., fontana, ca, 92335, us",7.67,3.4,2.43,,,ca,92335,San Bernardino
519,Wendy,"17017 sierra lakes pkwy, fontana, ca, 92336, us",7.67,3.4,2.43,,,ca,92336,San Bernardino
520,Wendy,"14439 baseline avenue, fontana, ca, 92336, us",7.67,3.4,2.43,,,ca,92336,San Bernardino
521,Wendy,"15110 east summit ave., fontana, ca, 92336, us",7.67,3.4,2.43,,,ca,92336,San Bernardino
522,Wendy,"14798 lapaz drive, victorville, ca, 92395, us",7.67,3.4,2.43,,,ca,92395,San Bernardino
523,Wendy,"14303 bear valley road, victorville, ca, 92392, us",7.67,3.4,2.43,,,ca,92392,San Bernardino
524,Wendy,"3760 midway drive, san diego, ca, 92110, us",8.28,3.89,3.4,,,ca,92110,San Diego
525,Wendy,"1111 camino del rio s., mission valley, ca, 92108, us",8.28,3.89,3.4,,,ca,92108,San Diego
526,Wendy,"8310 rio, san diego, ca, 92108, us",8.04,3.65,3.28,,,ca,92108,San Diego
527,Wendy,"8749 campo road, la mesa, ca, 91941, us",8.28,3.89,3.4,,,ca,91941,San Diego
528,Wendy,"618 e street, chula vista, ca, 91910, us",8.04,3.65,3.28,,,ca,91910,San Diego
529,Wendy,"960 eastlake parkway, chula vista, ca, 91914, us",8.04,3.65,3.28,,,ca,91914,San Diego
530,Wendy,"2825 el cajon blvd, san diego, ca, 92104, us",8.04,3.65,3.28,,,ca,92104,San Diego
531,Wendy,"1497 piper ranch road, san diego, ca, 92154, us",9.14,1.7,1.7,,,ca,92154,San Diego
532,Wendy,"3705 plaza drive, oceanside, ca, 92056, us",8.28,3.89,3.4,,,ca,92056,San Diego
533,Wendy,"567 w., vista, ca, 92083, us",8.28,3.89,3.4,,,ca,92083,San Diego
534,Wendy,"102 encinites blvd, encinitas, ca, 92024, us",8.28,3.89,3.4,,,ca,92024,San Diego
535,Wendy,"960 w. el norte, escondido, ca, 92026, us",6.59,2.99,2.69,,,ca,92026,San Diego
536,Wendy,"1530 w. valley pkwy, escondido, ca, 92029, us",6.59,2.99,2.69,,,ca,92029,San Diego
537,Wendy,"176 gateway blvd, s.san francisco, ca, 94080, us",9.02,3.89,3.16,,,ca,94080,San Mateo
538,Wendy,"499 el camino real, san bruno, ca, 94066, us",8.53,4.14,3.65,,,ca,94066,San Mateo
539,Wendy,"2439 march ln., stockton, ca, 95207, us",8.77,3.4,2.92,,,ca,95207,San Joaquin
540,Wendy,"725 west hammer lane, stockton, ca, 95210, us",8.6,3.77,3.4,,,ca,95210,San Joaquin
541,Wendy,"698 ralston avenue, belmont, ca, 94002, us",9.02,3.16,2.67,,,ca,94002,San Mateo
542,Wendy,"1852 el camino real, redwood city, ca, 94063, us",9.75,4.14,3.65,,,ca,94063,San Mateo
543,Wendy,"2120 n preisker lane, santa maria, ca, 93458, us",7.67,3.4,2.43,,,ca,93458,Santa Barbara
544,Wendy,"2150 south bradley road, santa maria, ca, 93455, us",7.55,3.53,3.16,,,ca,93455,Santa Barbara
545,Wendy,"5724 holli, goleta, ca, 93117, us",8.04,3.65,3.28,,,ca,93117,Santa Barbara
546,Wendy,"2662 thompson blvd., ventura, ca, 93003, us",6.59,2.99,2.69,,,ca,93003,Ventura
547,Wendy,"1401 victoria, ventura, ca, 93003, us",6.59,2.99,2.69,,,ca,93003,Ventura
548,Wendy,"2275 mc kee road, san jose, ca, 95133, us",10.36,4.26,2.92,,,ca,95133,Santa Clara
549,Wendy,"782 s. bascom, san jose, ca, 95128, us",9.75,4.14,3.65,,,ca,95128,Santa Clara
550,Wendy,"1845 e capitol expy, san jose, ca, 95121, us",9.75,4.14,3.65,,,ca,95121,Santa Clara
551,Wendy,"2624 s. bascom, san jose, ca, 95124, us",9.75,4.14,3.65,,,ca,95124,Santa Clara
552,Wendy,"990 saratoga ave, san jose, ca, 95129, us",10.36,4.26,2.92,,,ca,95129,Santa Clara
553,Wendy,"1313 s. wolfe road, sunnyvale, ca, 94087, us",9.75,4.14,3.65,,,ca,94087,Santa Clara
554,Wendy,"2045 north texas, fairfield, ca, 94533, us",7.55,3.04,2.43,,,ca,94533,Solano
555,Wendy,"1377 monte vista, vacaville, ca, 95688, us",8.89,3.77,2.67,,,ca,95688,Solano
556,Wendy,"1501 mchenry ave, modesto, ca, 95350, us",8.77,3.4,2.92,,,ca,95350,Stanislaus
557,Wendy,"1617 north carpenter road, modesto, ca, 95351, us",8.77,3.4,2.92,,,ca,95351,Stanislaus
558,Wendy,"1374 e. hatch rd., modesto, ca, 95351, us",8.77,3.4,2.92,,,ca,95351,Stanislaus
559,Wendy,"3250 dale rd., modesto, ca, 95356, us",8.77,3.4,2.92,,,ca,95356,Stanislaus
560,Wendy,"2395 geer rd., turlock, ca, 95382, us",7.19,2.79,2.39,,,ca,95382,Stanislaus
561,Wendy,"1110 east, tulare, ca, 93274, us",8.6,3.77,3.4,,,ca,93274,Tulare
562,Wendy,"2010 n. rose avenue, oxnard, ca, 93036, us",7.55,3.53,3.16,,,ca,93036,Ventura
563,Wendy,"175 n ventura road, port hueneme, ca, 93041, us",7.55,3.53,3.16,,,ca,93041,Ventura
564,Wendy,"149 west ventura blvd, camarillo, ca, 93010, us",8.04,3.65,3.28,,,ca,93010,Ventura
565,Wendy,"307 arneill road, camarillo, ca, 93010, us",7.55,3.53,3.16,,,ca,93010,Ventura
566,Burger King,"1541 east 12th street, oakland, ca, 94606, us",8.59,3.49,4.99,13.99,3.99,ca,94606,Alameda
567,Burger King,"4424 broadway, oakland, ca, 94611, us",9.86,2.73,4.86,14.98,4.61,ca,94611,Alameda
568,Burger King,"580 hegenberger road, oakland, ca, 94621, us",9.86,2.73,4.86,14.98,4.61,ca,94621,Alameda
569,Burger King,"5701 christie avenue, emeryville, ca, 94608, us",10.59,4.69,6.29,17.19,5.59,ca,94608,Alameda
570,Burger King,"4200 east 14th street, oakland, ca, 94601, us",9.23,2.63,4.67,15.58,4.31,ca,94601,Alameda
571,Burger King,"849 university avenue, berkeley, ca, 94710, us",9.39,2.49,6.89,14.99,2.79,ca,94710,Alameda
572,Burger King,"3996 washington boulevard, fremont, ca, 94538, us",9.6,4.13,6.31,16.43,4.39,ca,94538,Alameda
573,Burger King,"34943, newark, ca, 94560, us",7.99,1.89,5.29,11.69,5.99,ca,94560,Alameda
574,Burger King,"1801 decoto road, union city, ca, 94587, us",9.86,2.73,4.86,14.98,4.61,ca,94587,Alameda
575,Burger King,"46700 mission boulevard, fremont, ca, 94539, us",9.6,4.13,6.31,16.43,4.39,ca,94539,Alameda
576,Burger King,"31361 alavarado niles road, union city, ca, 94587, us",9.86,2.73,4.86,14.98,4.61,ca,94587,Alameda
577,Burger King,"29671 mission blvd., hayward, ca, 94544, us",9.59,3.99,4.99,14.99,5.99,ca,94544,Alameda
578,Burger King,"950 west a street, hayward, ca, 94541, us",9.86,2.73,4.86,14.98,4.61,ca,94541,Alameda
579,Burger King,"2757, castro valley, ca, 94546, us",9.6,4.13,6.31,16.43,4.39,ca,94546,Alameda
580,Burger King,"15050 e. 14th street, san leandro, ca, 94578, us",9.86,2.73,4.86,14.98,4.61,ca,94578,Alameda
581,Burger King,"26251 hesperian boulevard, hayward, ca, 94545, us",9.86,2.73,4.86,14.98,4.61,ca,94545,Alameda
582,Burger King,"3399 port chicago hwy, concord, ca, 94520, us",9.79,3.89,5.39,16.39,5.59,ca,94520,Contra Costa
583,Burger King,"4320 clayton road, concord, ca, 94521, us",9.79,3.89,5.39,16.39,5.59,ca,94521,Contra Costa
584,Burger King,"677 contra costa boulevard, pleasant hill, ca, 94523, us",9.79,3.89,5.39,16.39,5.59,ca,94523,Contra Costa
585,Burger King,"5400 ygnacio valley road, concord, ca, 94521, us",10.29,4.49,5.99,16.89,5.59,ca,94521,Contra Costa
586,Burger King,"4610 east king's canyon rd., fresno, ca, 93702, us",8.59,2.59,4.69,14.69,4.56,ca,93702,Fresno
587,Burger King,"2410 north cedar, fresno, ca, 93703, us",8.59,2.59,4.69,14.69,4.56,ca,93703,Fresno
588,Burger King,"575 north clovis avenue, fresno, ca, 93727, us",9.79,3.89,5.39,16.39,5.59,ca,93727,Fresno
589,Burger King,"4087 west clinton avenue, fresno, ca, 93722, us",9.79,3.89,5.39,16.39,5.59,ca,93722,Fresno
590,Burger King,"3405 union ave, bakersfield, ca, 93305, us",8.09,2.89,4.79,14.19,3.99,ca,93305,Kern
591,Burger King,"1949 columbus avenue, bakersfield, ca, 93305, us",8.09,2.89,4.79,14.19,3.99,ca,93305,Kern
592,Burger King,"5120 olive drive, bakersfield, ca, 93308, us",8.56,3.1,4.4,14.52,3.82,ca,93308,Kern
593,Burger King,"2508 white lane, bakersfield, ca, 93304, us",8.09,2.89,4.79,14.19,3.99,ca,93304,Kern
594,Burger King,"8200 stockdale hwy, bakersfield, ca, 93309, us",8.09,2.89,4.79,14.19,3.99,ca,93309,Kern
595,Burger King,"700 east cesar e chavez avenue, los angeles, ca, 90012, us",10.29,2.79,5.39,15.29,4.89,ca,90012,Los Angeles
596,Burger King,"1501 west 6th street, los angeles, ca, 90017, us",9.69,4.79,7.39,15.19,4.99,ca,90017,Los Angeles
597,Burger King,"1830 west 8th street, los angeles, ca, 90057, us",10.29,2.79,5.39,15.29,4.89,ca,90057,Los Angeles
598,Burger King,"3501 whittier blvd., los angeles, ca, 90023, us",9.35,2.48,6.32,13.97,4.46,ca,90023,Los Angeles
599,Burger King,"1540 north eastern avenue, los angeles, ca, 90063, us",10.29,2.79,5.39,15.29,4.89,ca,90063,Los Angeles
600,Burger King,"1845 s. vermont ave., los angeles, ca, 90006, us",10.29,2.79,5.39,15.29,4.89,ca,90006,Los Angeles
601,Burger King,"127 west 4th street, long beach, ca, 90802, us",10.29,2.79,5.39,15.29,4.89,ca,90802,Los Angeles
602,Burger King,"2600, long beach, ca, 90806, us",10.29,2.79,5.39,15.29,4.89,ca,90806,Los Angeles
603,Burger King,"2955 north bellflower boulevard, long beach, ca, 90815, us",10.29,2.79,5.39,15.29,4.89,ca,90815,Los Angeles
604,Burger King,"865 west sepulveda boulevard, torrance, ca, 90502, us",8.03,2.76,3.59,15.94,3.85,ca,90502,Los Angeles
605,Burger King,"5540 cherry avenue, long beach, ca, 90805, us",8.09,3.99,5.49,13.29,4.99,ca,90805,Los Angeles
606,Burger King,"20950 figueroa street, carson, ca, 90745, us",10.29,2.79,5.39,15.29,4.89,ca,90745,Los Angeles
607,Burger King,"24530 lyons avenue, newhall, ca, 91321, us",9.69,4.79,7.39,15.19,4.99,ca,91321,Los Angeles
608,Burger King,"2008 glenoaks boulevard, san fernando, ca, 91340, us",9.69,4.79,7.39,15.19,4.99,ca,91340,Los Angeles
609,Burger King,"20838 devonshire st., chatsworth, ca, 91311, us",9.69,4.79,7.39,15.19,4.99,ca,91311,Los Angeles
610,Burger King,"19662 nordhoff street, northridge, ca, 91324, us",10.29,2.79,5.39,15.29,4.89,ca,91324,Los Angeles
611,Burger King,"12781 van nuys boulevard, pacoima, ca, 91331, us",10.59,4.39,8.19,16.79,5.39,ca,91331,Los Angeles
612,Burger King,"9025 balboa, northridge, ca, 91325, us",9.89,,5.99,15.99,5.99,ca,91325,Los Angeles
613,Burger King,"969 east francisco blvd., san rafael, ca, 94901, us",9.89,2.89,4.89,16.69,5.69,ca,94901,Marin
614,Burger King,"220 alameda del prado, novato, ca, 94949, us",9.89,2.89,4.89,16.69,5.69,ca,94949,Marin
615,Burger King,"1300 mcdonald avenue, richmond, ca, 94801, us",9.23,2.63,4.67,15.58,4.31,ca,94801,Contra Costa
616,Burger King,"12999 san pablo avenue, richmond, ca, 94805, us",9.86,2.73,4.86,14.98,4.61,ca,94805,Contra Costa
617,Burger King,"1571 fitzgerald drive, pinole, ca, 94564, us",9.86,2.73,4.86,14.98,4.61,ca,94564,Contra Costa
618,Burger King,"5304 old redwood highway, petaluma, ca, 94954, us",9.29,2.69,4.79,15.99,4.69,ca,94954,Sonoma
619,Burger King,"909 south main street, salinas, ca, 93901, us",9.09,2.59,4.69,15.49,4.49,ca,93901,Monterey
620,Burger King,"41 s. sanborn road, salinas, ca, 93905, us",9.09,2.59,4.69,15.49,4.49,ca,93905,Monterey
621,Burger King,"701 north main street, santa ana, ca, 92701, us",8.29,3.99,5.49,13.29,4.99,ca,92701,Orange
622,Burger King,"2100 east 17th street, santa ana, ca, 92701, us",10.29,2.79,5.39,15.29,4.89,ca,92701,Orange
623,Burger King,"200 north harbor boulevard, santa ana, ca, 92703, us",8.29,3.99,5.49,13.29,4.99,ca,92703,Orange
624,Burger King,"2850 south bristol street, santa ana, ca, 92704, us",10.29,2.79,5.39,15.29,4.89,ca,92704,Orange
625,Burger King,"601 east dyer road, santa ana, ca, 92705, us",9.89,,5.99,15.99,5.99,ca,92705,Orange
626,Burger King,"14601 red hill avenue, tustin, ca, 92780, us",8.29,3.99,5.49,13.29,4.99,ca,92780,Orange
627,Burger King,"1201 south, anaheim, ca, 92805, us",9.59,3.59,5.99,15.59,4.29,ca,92805,Orange
628,Burger King,"2210 e lincoln ave, anaheim, ca, 92806, us",8.09,3.99,5.49,13.29,4.99,ca,92806,Orange
629,Burger King,"510 south euclid street, anaheim, ca, 92802, us",9.69,4.79,7.39,15.19,4.99,ca,92802,Orange
630,Burger King,"1329 south harbor boulevard, fullerton, ca, 92832, us",10.29,2.79,5.39,15.29,4.89,ca,92832,Orange
631,Burger King,"2403 east chapman avenue, fullerton, ca, 92831, us",10.29,2.79,5.39,15.29,4.89,ca,92831,Orange
632,Burger King,"2751 w. orangethorpe blvd, fullerton, ca, 92833, us",10.29,2.79,5.39,15.29,4.89,ca,92833,Orange
633,Burger King,"5121 foothills boulevard, roseville, ca, 95747, us",8.59,2.69,4.79,14.99,4.29,ca,95747,Placer
634,Burger King,"1300 east, roseville, ca, 95661, us",9.89,3.99,5.59,16.49,5.59,ca,95661,Placer
635,Burger King,"5869 antelope rd, sacramento, ca, 95621, us",8.59,2.69,4.79,14.99,4.29,ca,95621,Sacramento
636,Burger King,"7760 sunrise blvd, citrus heights, ca, 95610, us",9.89,3.99,5.59,16.49,5.59,ca,95610,Sacramento
637,Burger King,"4960 auburn blvd., sacramento, ca, 95841, us",8.59,2.69,4.79,14.99,4.29,ca,95841,Sacramento
638,Burger King,"115, lincoln, ca, 95648, us",8.59,2.69,4.79,14.99,4.29,ca,95648,Placer
639,Burger King,"6835 valley way, riverside, ca, 92509, us",10.29,2.79,5.39,15.29,4.89,ca,92509,Riverside
640,Burger King,"5790 van buren boulevard, riverside, ca, 92503, us",10.29,2.79,5.39,15.29,4.89,ca,92503,Riverside
641,Burger King,"3630 tyler street, riverside, ca, 92505, us",10.29,2.79,5.39,15.29,4.89,ca,92505,Riverside
642,Burger King,"10055 cedar avenue, bloomington, ca, 92316, us",10.29,2.79,5.39,15.29,4.89,ca,92316,San Bernardino
643,Burger King,"24800 sunnymead blvd, moreno valley, ca, 92553, us",9.69,4.79,7.39,15.19,4.99,ca,92553,Riverside
644,Burger King,"1688 north, perris, ca, 92571, us",9.69,4.79,7.39,15.19,4.99,ca,92571,Riverside
645,Burger King,"2167 university avenue, riverside, ca, 92507, us",10.29,2.79,5.39,15.29,4.89,ca,92507,Riverside
646,Burger King,"23125 hemlock avenue, moreno valley, ca, 92557, us",10.29,2.79,5.39,15.29,4.89,ca,92557,Riverside
647,Burger King,"1320 industrial park avenue, redlands, ca, 92374, us",10.29,2.79,5.39,15.29,4.89,ca,92374,San Bernardino
648,Burger King,"18611 dexter avenue, lake elsinore, ca, 92532, us",10.29,2.79,5.39,15.29,4.89,ca,92532,Riverside
649,Burger King,"32110 state highway 79 south, temecula, ca, 92592, us",10.29,2.79,5.39,15.29,4.89,ca,92592,Riverside
650,Burger King,"2020 west florida avenue, hemet, ca, 92545, us",10.29,2.79,5.39,15.29,4.89,ca,92545,Riverside
651,Burger King,"2714 el centro road, sacramento, ca, 95833, us",9.34,3.3,4.92,15.84,4.92,ca,95833,Sacramento
652,Burger King,"5610 freeport boulevard, sacramento, ca, 95822, us",8.59,2.69,4.79,14.99,4.29,ca,95822,Sacramento
653,Burger King,"1915 arden way, sacramento, ca, 95815, us",8.59,2.69,4.79,14.99,4.29,ca,95815,Sacramento
654,Burger King,"7225 greenhaven drive, sacramento, ca, 95831, us",8.59,2.69,4.79,14.99,4.29,ca,95831,Sacramento
655,Burger King,"5150 stockton blvd., sacramento, ca, 95820, us",8.59,2.69,4.79,14.99,4.29,ca,95820,Sacramento
656,Burger King,"9181 east stockton boulevard, elk grove, ca, 95624, us",8.59,2.69,4.79,14.99,4.29,ca,95624,Sacramento
657,Burger King,"7218 stockton boulevard, sacramento, ca, 95823, us",8.59,2.69,4.79,14.99,4.29,ca,95823,Sacramento
658,Burger King,"935 north waterman, san bernardino, ca, 92410, us",10.29,2.79,5.39,15.29,4.89,ca,92410,San Bernardino
659,Burger King,"487 west highland, san bernardino, ca, 92405, us",10.29,2.79,5.39,15.29,4.89,ca,92405,San Bernardino
660,Burger King,"205 east redlands, san bernardino, ca, 92408, us",10.29,2.79,5.39,15.29,4.89,ca,92408,San Bernardino
661,Burger King,"503 east foothill, rialto, ca, 92376, us",10.29,2.79,5.39,15.29,4.89,ca,92376,San Bernardino
662,Burger King,"3235 west little league drive, san bernardino, ca, 92407, us",10.29,2.79,5.39,15.29,4.89,ca,92407,San Bernardino
663,Burger King,"16878 foothill boulevard, fontana, ca, 92335, us",10.29,2.79,5.39,15.29,4.89,ca,92335,San Bernardino
664,Burger King,"1361 west foothill boulevard, rialto, ca, 92376, us",10.29,2.79,5.39,15.29,4.89,ca,92376,San Bernardino
665,Burger King,"12077 palmdale road, victorville, ca, 92392, us",10.29,2.79,5.39,15.29,4.89,ca,92392,San Bernardino
666,Burger King,"9760 sheep creek road, phelan, ca, 92371, us",10.29,2.79,5.39,15.29,4.89,ca,92371,San Bernardino
667,Burger King,"1210 11th ave, san diego, ca, 92101, us",9.29,3.89,4.49,13.99,4.99,ca,92101,San Diego
668,Burger King,"1220 south 28th street, san diego, ca, 92113, us",9.29,3.89,4.49,13.99,4.99,ca,92113,San Diego
669,Burger King,"3676 market street, san diego, ca, 92102, us",9.29,3.89,4.49,13.99,4.99,ca,92102,San Diego
670,Burger King,"3747 rosecrans street, san diego, ca, 92110, us",10.29,2.79,5.39,15.29,4.89,ca,92110,San Diego
671,Burger King,"6960 broadway, lemon grove, ca, 91945, us",9.29,3.89,4.49,13.99,4.99,ca,91945,San Diego
672,Burger King,"97 bonita road, chula vista, ca, 91910, us",10.29,2.79,5.39,15.29,4.89,ca,91910,San Diego
673,Burger King,"599 broadway, chula vista, ca, 91910, us",10.29,2.79,5.39,15.29,4.89,ca,91910,San Diego
674,Burger King,"1265 third avenue, chula vista, ca, 91911, us",10.29,2.79,5.39,15.29,4.89,ca,91911,San Diego
675,Burger King,"815 highland avenue, national city, ca, 91950, us",10.29,2.79,5.39,15.29,4.89,ca,91950,San Diego
676,Burger King,"1180 palm ave, imperial beach, ca, 91932, us",10.29,2.79,5.39,15.29,4.89,ca,91932,San Diego
677,Burger King,"3746 mission avenue, oceanside, ca, 92058, us",10.49,3.99,7.99,14.69,6.79,ca,92058,San Diego
678,Burger King,"377, vista, ca, 92083, us",10.49,3.99,7.99,14.69,6.79,ca,92083,San Diego
679,Burger King,"728 west, san marcos, ca, 92078, us",10.49,3.99,7.99,14.69,6.79,ca,92078,San Diego
680,Burger King,"244 west mission avenue, escondido, ca, 92025, us",8.7,3.25,5.95,13.4,4.5,ca,92025,San Diego
681,Burger King,"1677 s. centre city parkway, escondido, ca, 92025, us",8.7,3.25,5.95,13.4,4.5,ca,92025,San Diego
682,Burger King,"819 van ness avenue, san francisco, ca, 94109, us",9.89,2.89,4.89,16.89,5.59,ca,94109,San Francisco
683,Burger King,"1701 fillmore st, san francisco, ca, 94115, us",9.89,2.89,4.89,16.89,5.59,ca,94115,San Francisco
684,Burger King,"3900 geary boulevard, san francisco, ca, 94118, us",9.89,2.89,4.89,16.89,5.59,ca,94118,San Francisco
685,Burger King,"1690 valencia street, san francisco, ca, 94110, us",9.89,2.89,4.89,16.89,5.59,ca,94110,San Francisco
686,Burger King,"245 bayshore blvd., san francisco, ca, 94124, us",8.29,4.09,5.29,15.29,4.19,ca,94124,San Francisco
687,Burger King,"111, colma, ca, 94014, us",9.89,2.89,4.89,16.69,5.69,ca,94014,San Mateo
688,Burger King,"898 john daly boulevard, daly city, ca, 94015, us",9.89,2.89,4.89,16.69,5.69,ca,94015,San Mateo
689,Burger King,"702 north wilson way, stockton, ca, 95205, us",9.89,3.99,5.59,16.49,5.59,ca,95205,San Joaquin
690,Burger King,"619 west charter way, stockton, ca, 95206, us",8.89,2.59,4.69,15.09,4.29,ca,95206,San Joaquin
691,Burger King,"4571 north pershing avenue, stockton, ca, 95207, us",8.89,2.59,4.69,15.09,4.29,ca,95207,San Joaquin
692,Burger King,"1358 madonna road, san luis obispo, ca, 93405, us",10.29,2.79,5.39,15.29,4.89,ca,93405,San Luis Obispo
693,Burger King,"1773 w grand ave, grover beach, ca, 93433, us",8.69,2.49,4.59,14.59,4.59,ca,93433,San Luis Obispo
694,Burger King,"8304 el camino real, atascadero, ca, 93422, us",10.29,2.79,5.39,15.29,4.89,ca,93422,San Luis Obispo
695,Burger King,"2817 south el camino real, san mateo, ca, 94403, us",9.89,2.89,4.89,16.69,5.69,ca,94403,San Mateo
696,Burger King,"575 el camino real, redwood city, ca, 94063, us",8.29,4.09,5.29,15.29,4.19,ca,94063,San Mateo
697,Burger King,"2102 middlefield road, redwood city, ca, 94063, us",8.29,4.09,5.29,15.29,4.19,ca,94063,San Mateo
698,Burger King,"1278 el camino real, san bruno, ca, 94066, us",8.29,4.09,5.29,15.29,4.19,ca,94066,San Mateo
699,Burger King,"972 el camino real, south san francisco, ca, 94080, us",8.29,4.09,5.29,15.29,4.19,ca,94080,San Mateo
700,Burger King,"1030 mclaughlin ave., san jose, ca, 95122, us",9.23,2.63,4.67,15.58,4.31,ca,95122,Santa Clara
701,Burger King,"2390 almaden road, san jose, ca, 95125, us",9.49,3.49,6.49,14.99,4.49,ca,95125,Santa Clara
702,Burger King,"1181 old oakland road, san jose, ca, 95112, us",7.99,1.89,5.29,11.69,5.99,ca,95112,Santa Clara
703,Burger King,"2170 monterey road, san jose, ca, 95112, us",8.49,2.99,4.99,13.99,3.49,ca,95112,Santa Clara
704,Burger King,"329 north capital avenue, san jose, ca, 95133, us",7.99,1.89,5.29,11.69,5.99,ca,95133,Santa Clara
705,Burger King,"2532 channing avenue, san jose, ca, 95131, us",9.6,4.13,6.31,16.43,4.39,ca,95131,Santa Clara
706,Burger King,"773 north mathilda avenue, sunnyvale, ca, 94085, us",9.6,4.13,6.31,16.43,4.39,ca,94085,Santa Clara
707,Burger King,"3750 el camino real, santa clara, ca, 95051, us",9.6,4.13,6.31,16.43,4.39,ca,95051,Santa Clara
708,Burger King,"385 south kiely, san jose, ca, 95129, us",9.69,2.79,4.79,16.59,5.59,ca,95129,Santa Clara
709,Burger King,"2015 mission street, santa cruz, ca, 95060, us",9.09,2.59,4.69,15.49,4.49,ca,95060,Santa Cruz
710,Burger King,"1302 soquel avenue, santa cruz, ca, 95062, us",9.09,2.59,4.69,15.49,4.49,ca,95062,Santa Cruz
711,Burger King,"2001 - 41st avenue, capitola, ca, 95010, us",9.09,2.59,4.69,15.49,4.49,ca,95010,Santa Cruz
712,Burger King,"3606 sonoma boulevard, vallejo, ca, 94590, us",8.14,3.23,4.54,13.3,4.19,ca,94590,Solano
713,Burger King,"844 willow avenue, hercules, ca, 94547, us",9.86,2.73,4.86,14.98,4.61,ca,94547,Contra Costa
714,Burger King,"190 pittman road, suisun city, ca, 94534, us",8.59,2.69,4.79,14.99,4.29,ca,94534,Solano
715,Burger King,"1260 anderson drive, suisun city, ca, 94585, us",8.59,2.69,4.79,14.99,4.29,ca,94585,Solano
716,Burger King,"2005 huntington drive, fairfield, ca, 94533, us",8.59,3.49,4.99,13.99,3.99,ca,94533,Solano
717,Burger King,"56 mission circle, santa rosa, ca, 95409, us",9.49,3.49,4.33,15.05,4.66,ca,95409,Sonoma
718,Burger King,"741 stony point road, santa rosa, ca, 95407-6864, us",9.29,2.69,4.79,15.99,4.69,ca,95407,Sonoma
719,Burger King,"2542 guerneville road, santa rosa, ca, 95401, us",9.49,3.49,4.33,15.05,4.66,ca,95401,Sonoma
720,Burger King,"5020 redwood drive, rohnert park, ca, 94928, us",9.29,2.69,4.79,15.99,4.69,ca,94928,Sonoma
721,Burger King,"6125 commerce boulevard, rohnert park, ca, 94928, us",9.29,2.69,4.79,15.99,4.69,ca,94928,Sonoma
722,Burger King,"1042 north carpenter road, modesto, ca, 95351, us",9.79,3.89,5.39,16.39,5.59,ca,95351,Stanislaus
723,Burger King,"2320 mchenry ave, modesto, ca, 95350, us",9.79,3.89,5.39,16.39,5.59,ca,95350,Stanislaus
724,Burger King,"1009 n ben maddox way, visalia, ca, 93292, us",9.89,3.49,3.79,16.69,5.29,ca,93292,Tulare
725,Burger King,"500 south de maree, visalia, ca, 93277, us",8.59,2.59,4.69,14.69,4.56,ca,93277,Tulare
726,Burger King,"6603 betty dr, visalia, ca, 93291, us",8.59,2.59,4.69,14.69,4.56,ca,93291,Tulare
727,Burger King,"1255 north blackstone street, tulare, ca, 93274, us",8.59,2.59,4.69,14.69,4.56,ca,93274,Tulare
728,Burger King,"2001 north, oxnard, ca, 93036, us",10.29,2.79,5.39,15.29,4.89,ca,93036,Ventura
729,Burger King,"2500 s. ventura road, oxnard, ca, 93033, us",10.29,2.79,5.39,15.29,4.89,ca,93033,Ventura
730,Burger King,"5950 telegraph road, ventura, ca, 93003, us",10.29,2.79,5.39,15.29,4.89,ca,93003,Ventura
731,Burger King,"181 south arniell road, camarillo, ca, 93010, us",10.29,2.79,5.39,15.29,4.89,ca,93010,Ventura
732,Burger King,"21 west main street, ventura, ca, 93001, us",10.29,2.79,5.39,15.29,4.89,ca,93001,Ventura
733,Shake Shack,"1954 telegraph avenue, oakland, ca, 94612, us",9.59,9.39,8.99,,5.49,ca,94612,Alameda
734,Shake Shack,"5614 bay street suite 240, emeryville, ca, 94608, us",9.59,9.39,8.99,,5.49,ca,94608,Alameda
735,Shake Shack,"845 market street, san francisco, ca, 94103, us",9.59,9.39,8.99,,5.79,ca,94103,San Francisco
736,Shake Shack,"3060 fillmore street, san francisco, ca, 94123, us",9.59,9.39,8.99,,5.79,ca,94123,San Francisco
737,Shake Shack,"3251 20th avenue, san francisco, ca, 94132, us",9.59,9.39,8.99,,5.49,ca,94132,San Francisco
738,Shake Shack,"1604 mount diablo boulevard, walnut creek, ca, 94596, us",9.59,9.39,8.99,,5.79,ca,94596,Contra Costa
739,Shake Shack,"180 el camino real, palo alto, ca, 94304, us",9.59,9.39,8.99,,5.79,ca,94304,Santa Clara
740,Shake Shack,"2855 stevens creek boulevard, santa clara, ca, 95050, us",9.59,9.39,8.99,,5.79,ca,95050,Santa Clara
741,Shake Shack,"33 hillsdale shopping center, san mateo, ca, 94403, us",9.59,9.39,8.99,,5.79,ca,94403,San Mateo
742,Shake Shack,"925 blossom hill road, san jose, ca, 95123, us",9.59,9.39,8.99,,5.49,ca,95123,Santa Clara
743,Shake Shack,"330 south hope st, los angeles, ca, 90071, us",9.59,9.39,8.99,,5.49,ca,90071,Los Angeles
744,Shake Shack,"400 w. 8th street, los angeles, ca, 90015, us",9.59,9.39,8.99,,5.49,ca,90015,Los Angeles
745,Shake Shack,"750 south arroyo parkway, pasadena, ca, 91105, us",9.59,9.39,8.99,,5.49,ca,91105,Los Angeles
746,Shake Shack,"6201 hollywood blvd., los angeles, ca, 90028, us",9.59,9.39,8.99,,5.79,ca,90028,Los Angeles
747,Shake Shack,"252 s. brand blvd., glendale, ca, 91204, us",9.59,9.39,8.99,,5.49,ca,91204,Los Angeles
748,Shake Shack,"8520 santa monica blvd., west hollywood, ca, 90069, us",9.59,9.39,8.99,,5.79,ca,90069,Los Angeles
749,Shake Shack,"6440 pacific coast hwy, long beach, ca, 90803, us",9.59,9.39,8.99,,5.49,ca,90803,Los Angeles
750,Shake Shack,"3525 west carson street, space vc 08, torrance, ca, 90503, us",9.59,9.39,8.99,,5.49,ca,90503,Los Angeles
751,Shake Shack,"2171 rosecrans avenue, el segundo, ca, 90245, us",9.59,9.39,8.99,,5.79,ca,90245,Los Angeles
752,Shake Shack,"6000 sepulveda boulevard, culver city, ca, 90230, us",9.59,9.39,8.99,,5.49,ca,90230,Los Angeles
753,Shake Shack,"6443 topanga canyon blvd, los angeles, ca, 91303, us",9.59,9.39,8.99,,5.49,ca,91303,Los Angeles
754,Shake Shack,"17401 ventura boulevard, los angeles, ca, 91316, us",9.59,9.39,8.99,,5.49,ca,91316,Los Angeles
755,Shake Shack,"200 n. san fernando blvd., burbank, ca, 91502, us",9.59,9.39,8.99,,5.49,ca,91502,Los Angeles
756,Shake Shack,"120 promenade way, thousand oaks, ca, 91362, us",9.59,9.39,8.99,,5.79,ca,91362,Ventura
757,Shake Shack,"13009 ventura boulevard, studio city, ca, 91604, us",9.59,9.39,8.99,,5.79,ca,91604,Los Angeles
758,Shake Shack,"1401, larkspur, ca, 94939, us",9.59,9.39,8.99,,5.79,ca,94939,Marin
759,Shake Shack,"512 spectrum center drive, irvine, ca, 92618, us",9.59,9.39,8.99,,5.49,ca,92618,Orange
760,Shake Shack,"1151 galleria boulevard, roseville, ca, 95678, us",9.59,9.39,8.99,,5.49,ca,95678,Placer
761,Shake Shack,"1710 r st, sacramento, ca, 95811, us",9.59,9.39,8.99,,5.49,ca,95811,Sacramento
762,Shake Shack,"12456 north mainstreet, rancho cucamonga, ca, 91739, us",8.99,8.79,8.39,,5.49,ca,91739,San Bernardino
763,Shake Shack,"7740 el camino real, carlsbad, ca, 92009, us",9.39,8.99,8.79,,5.49,ca,92009,San Diego
764,Shake Shack,"2008 india st., san diego, ca, 92101, us",9.39,8.99,8.79,,5.49,ca,92101,San Diego
765,Shake Shack,"3030 plaza bonita road suite f3, national city, ca, 91950, us",9.39,8.99,8.79,,5.49,ca,91950,San Diego
766,Shake Shack,"4309 la jolla village drive, san diego, ca, 92122, us",9.39,8.99,8.79,,5.49,ca,92122,San Diego
767,Shake Shack,"3705 paseo place, san diego, ca, 92130, us",9.39,8.99,8.79,,5.49,ca,92130,San Diego
768,Shake Shack,"675 camino de la reina, san diego, ca, 92108, us",9.39,8.99,8.79,,5.49,ca,92108,San Diego
769,Sonic,"31187 mission boulevard, hayward, ca, 94544, us",,3.56,,,,ca,94544,Alameda
770,Sonic,"1400 north park boulevard, pittsburg, ca, 94565, us",,4.87,,,,ca,94565,Contra Costa
771,Sonic,"6055 main street, american canyon, ca, 94503, us",,4.79,,,,ca,94503,Napa
772,Sonic,"151 bella vista road, vacaville, ca, 95687, us",,4.79,,,,ca,95687,Solano
773,Sonic,"3701 mall view rd, bakersfield, ca, 93306, us",,4.87,,,,ca,93306,Kern
774,Sonic,"1070 e huntington dr, duarte, ca, 91010, us",,4.87,,,,ca,91010,Los Angeles
775,Sonic,"441 n placentia ave, fullerton, ca, 92831, us",,4.87,,,,ca,92831,Orange
776,Sonic,"17811 beach blvd, huntington beach, ca, 92647, us",,4.87,,,,ca,92647,Orange
777,Sonic,"3095 harbor blvd, costa mesa, ca, 92626, us",,4.87,,,,ca,92626,Orange
778,Sonic,"1632 lemon st, anaheim, ca, 92801, us",,4.87,,,,ca,92801,Orange
779,Sonic,"3531 south fairview street, santa ana, ca, 92704, us",,4.87,,,,ca,92704,Orange
780,Sonic,"25502 jeronimo rd, mission viejo, ca, 92691, us",,4.87,,,,ca,92691,Orange
781,Sonic,"40 rio rancho road, pomona, ca, 91766, us",,4.75,,,,ca,91766,Los Angeles
782,Sonic,"913 pleasant grove blvd, roseville, ca, 95678, us",,4.87,,,,ca,95678,Placer
783,Sonic,"9505 magnolia ave, riverside, ca, 92503, us",,4.5,,,,ca,92503,Riverside
784,Sonic,"1060 west renaissance parkway, rialto, ca, 92376, us",,4.75,,,,ca,92376,San Bernardino
785,Sonic,"11370 4th street, rancho cucamonga, ca, 91730, us",,4.75,,,,ca,91730,San Bernardino
786,Sonic,"1202 magnolia ave, corona, ca, 92881, us",,4.5,,,,ca,92881,Riverside
787,Sonic,"1495 north mountain avenue, ontario, ca, 91762, us",,4.87,,,,ca,91762,San Bernardino
788,Sonic,"30171 haun rd, menifee, ca, 92584, us",,4.5,,,,ca,92584,Riverside
789,Sonic,"1610 e 1st street, beaumont, ca, 92223, us",,4.75,,,,ca,92223,Riverside
790,Sonic,"3651 west stetson, hemet, ca, 92545, us",,4.75,,,,ca,92545,Riverside
791,Sonic,"39490, murrieta, ca, 92563, us",,4.87,,,,ca,92563,Riverside
792,Sonic,"101 main st, vista, ca, 92084, us",,4.87,,,,ca,92084,San Diego
793,Sonic,"1580 e main st, woodland, ca, 95776, us",,4.79,,,,ca,95776,Yolo
794,Sonic,"11780 amargosa road, victorville, ca, 92392, us",,,,,,ca,92392,San Bernardino
795,Sonic,"19398 bear valley rd, apple valley, ca, 92308, us",,4.75,,,,ca,92308,San Bernardino
796,Sonic,"2829 el cajon blvd, san diego, ca, 92104, us",,4.5,,,,ca,92104,San Diego
797,Sonic,"3005 highland ave, national city, ca, 91950, us",,4.5,,,,ca,91950,San Diego
798,Sonic,"5247 kearny villa rd., san diego, ca, 92123, us",,4.5,,,,ca,92123,San Diego
799,Sonic,"10515 mission gorge rd, santee, ca, 92071, us",,4.87,,,,ca,92071,San Diego
800,Sonic,"1215 grand ave, san marcos, ca, 92078, us",,4.5,,,,ca,92078,San Diego
801,Sonic,"51095 basilone road, camp pendleton north, ca, 92055, us",,4.79,,,,ca,92055,San Diego
802,Sonic,"10354 trinity parkway, stockton, ca, 95219, us",,4.87,,,,ca,95219,San Joaquin
803,Sonic,"1420 mchenry ave, modesto, ca, 95350, us",,4.87,,,,ca,95350,Stanislaus
804,Five Guys,"2254 south shore center, alameda, ca, 94501, us",13.79,10.31,9.83,,7.19,ca,94501,Alameda
805,Five Guys,"1201 marina blvd., san leandro, ca, 94577, us",13.79,10.31,9.83,,7.19,ca,94577,Alameda
806,Five Guys,"19621 hesperian blvd, hayward, ca, 94541, us",13.79,10.31,9.83,,7.19,ca,94541,Alameda
807,Five Guys,"2782, pinole, ca, 94564, us",13.55,10.79,9.59,,6.95,ca,94564,Contra Costa
808,Five Guys,"100 crescent drive, pleasant hill, ca, 94523, us",13.55,10.79,9.59,,6.95,ca,94523,Contra Costa
809,Five Guys,"43518 christy street, fremont, ca, 94538, us",13.79,10.31,9.83,,7.19,ca,94538,Alameda
810,Five Guys,"28529 hesperian blvd, hayward, ca, 94545, us",13.79,10.31,9.83,,7.19,ca,94545,Alameda
811,Five Guys,"4930, dublin, ca, 94568, us",13.79,10.31,9.83,,7.19,ca,94568,Alameda
812,Five Guys,"4180 n. first st., suite 50, san jose, ca, 95134, us",13.55,11.03,10.19,,7.49,ca,95134,Santa Clara
813,Five Guys,"438 north capitol avenue, san jose, ca, 95127, us",13.79,10.31,9.83,,7.19,ca,95127,Santa Clara
814,Five Guys,"3456 camino tassajara, danville, ca, 94506, us",13.55,10.79,9.59,,6.95,ca,94506,Contra Costa
815,Five Guys,"6660 lone tree way, brentwood, ca, 94513, us",13.55,10.79,9.59,,6.95,ca,94513,Contra Costa
816,Five Guys,"523 e shaw ave, fresno, ca, 93710, us",14.15,11.27,10.07,,7.91,ca,93710,Fresno
817,Five Guys,"1840 herndon ave., building b, suite 105, clovis, ca, 93611, us",15.47,12.47,11.15,,8.75,ca,93611,Fresno
818,Five Guys,"6623 riverside dr., fresno, ca, 93722, us",15.47,12.47,11.15,,8.75,ca,93722,Fresno
819,Five Guys,"180 e. paseo del centro, fresno, ca, 93720, us",15.47,12.47,11.15,,8.75,ca,93720,Fresno
820,Five Guys,"2701 ming ave, bakersfield, ca, 93304, us",15.83,12.83,11.39,,8.87,ca,93304,Kern
821,Five Guys,"2701 calloway dr ste 400, bakersfield, ca, 93312, us",15.83,12.83,11.39,,8.87,ca,93312,Kern
822,Five Guys,"735 s. figueroa st., #120, los angeles, ca, 90017, us",15.47,12.47,11.15,,8.75,ca,90017,Los Angeles
823,Five Guys,"530 w 27th st. #101, los angeles, ca, 90007, us",15.47,12.47,11.15,,8.75,ca,90007,Los Angeles
824,Five Guys,"230 south lake avenue, pasadena, ca, 91101, us",15.47,12.47,11.15,,8.75,ca,91101,Los Angeles
825,Five Guys,"4737 venice blvd, los angeles, ca, 90019, us",15.47,12.47,11.15,,8.75,ca,90019,Los Angeles
826,Five Guys,"5550 wilshire blvd ste 101d, los angeles, ca, 90036, us",15.47,12.47,11.15,,8.75,ca,90036,Los Angeles
827,Five Guys,"1254 west redondo beach blvd, gardena, ca, 90247, us",14.15,11.27,10.07,,7.91,ca,90247,Los Angeles
828,Five Guys,"6650 e pch, long beach, ca, 90803, us",15.47,12.47,11.15,,8.75,ca,90803,Los Angeles
829,Five Guys,"south bay pavilion 20700 s avalon blvd, carson, ca, 90746, us",15.47,12.47,11.15,,8.75,ca,90746,Los Angeles
830,Five Guys,"4625 candlewood st., lakewood, ca, 90712, us",15.47,12.47,11.15,,8.75,ca,90712,Los Angeles
831,Five Guys,"8901 apollo way, downey, ca, 90242, us",15.47,12.47,11.15,,8.75,ca,90242,Los Angeles
832,Five Guys,"23240 hawthorne blvd., #101, torrance, ca, 90505, us",15.47,12.47,11.15,,8.75,ca,90505,Los Angeles
833,Five Guys,"24201 w, valencia, ca, 91355, us",15.47,12.47,11.15,,8.75,ca,91355,Los Angeles
834,Five Guys,"8850 tampa ave. ste 102, northridge, ca, 91324, us",15.47,12.47,11.15,,8.75,ca,91324,Los Angeles
835,Five Guys,"8420 balboa blvd. suite 115, northridge, ca, 91343, us",15.47,12.47,11.15,,8.75,ca,91343,Los Angeles
836,Five Guys,"12930 ventura blvd., suite 106, studio city, ca, 91604, us",15.47,12.47,11.15,,8.75,ca,91604,Los Angeles
837,Five Guys,"201 e magnolia blvd, burbank, ca, 91502, us",15.47,12.47,11.15,,8.75,ca,91502,Los Angeles
838,Five Guys,"401 kenilworth drive, petaluma, ca, 94952, us",13.67,10.07,9.47,,7.19,ca,94952,Marin
839,Five Guys,"2280 mendocino ave. b-5, santa rosa, ca, 95403, us",13.67,10.07,9.47,,7.19,ca,95403,Sonoma
840,Five Guys,"915 playa ave, sand city, ca, 93955, us",12.83,10.43,9.59,,7.31,ca,93955,Monterey
841,Five Guys,"1549 e. katella ave., orange, ca, 92867, us",15.47,12.47,11.15,,8.75,ca,92867,Orange
842,Five Guys,"444 n. state college blvd. #444, fullerton, ca, 92831, us",15.47,12.47,11.15,,8.75,ca,92831,Orange
843,Five Guys,"18645 beach blvd., huntington beach, ca, 92648, us",15.47,12.47,11.15,,8.75,ca,92648,Orange
844,Five Guys,"401 newport center dr. a103, newport beach, ca, 92660, us",15.47,12.47,11.15,,8.75,ca,92660,Orange
845,Five Guys,"24391 alicia pkwy, mission viejo, ca, 92691, us",15.47,12.47,11.15,,8.75,ca,92691,Orange
846,Five Guys,"10140 carmenita rd., whittier, ca, 90605, us",14.15,11.27,10.07,,7.91,ca,90605,Los Angeles
847,Five Guys,"1552 s azusa ave, city of industry, ca, 91748, us",15.47,12.47,11.15,,8.75,ca,91748,Los Angeles
848,Five Guys,"8620 sierra college blvd., roseville, ca, 95661, us",15.47,12.47,11.15,,8.75,ca,95661,Placer
849,Five Guys,"2912 pasatiempo lane, sacremento, ca, 95821, us",15.47,12.47,11.15,,8.75,ca,95821,Sacramento
850,Five Guys,"5442 hazel ave., fair oaks, ca, 95628, us",15.83,12.83,11.39,,8.87,ca,95628,Sacramento
851,Five Guys,"2310 sunrise blvd., rancho cordova, ca, 95670, us",15.83,12.83,11.39,,8.87,ca,95670,Sacramento
852,Five Guys,"4630 natomas blvd., suite #100, sacramento, ca, 95835, us",15.47,12.47,11.15,,8.75,ca,95835,Sacramento
853,Five Guys,"10540 sierra avenue, fontana, ca, 92337, us",13.19,10.43,9.23,,7.19,ca,92337,San Bernardino
854,Five Guys,"6285 pats ranch rd., mira loma, ca, 91752, us",13.19,10.43,9.23,,7.19,ca,91752,Riverside
855,Five Guys,"10060 alabama street, redlands, ca, 92374, us",13.19,10.43,9.23,,7.19,ca,92374,San Bernardino
856,Five Guys,"929 n. milliken avenue suite 103, ontario, ca, 91764, us",13.19,10.43,9.23,,7.19,ca,91764,San Bernardino
857,Five Guys,"15218 summit avenue, fontana, ca, 92336, us",13.19,10.43,9.23,,7.19,ca,92336,San Bernardino
858,Five Guys,"12515 frederick st, moreno valley, ca, 92553, us",13.19,10.43,9.23,,7.19,ca,92553,Riverside
859,Five Guys,"31495, yucaipa, ca, 92399, us",13.19,10.43,9.23,,7.19,ca,92399,San Bernardino
860,Five Guys,"2690 tuscany street, corona, ca, 92881, us",13.19,10.43,9.23,,7.19,ca,92881,Riverside
861,Five Guys,"27774 newport rd., menifee, ca, 92584, us",13.19,10.43,9.23,,7.19,ca,92584,Riverside
862,Five Guys,"40426 winchester rd., temecula, ca, 92591, us",13.19,10.43,9.23,,7.19,ca,92591,Riverside
863,Five Guys,"32195, temecula, ca, 92592, us",13.19,10.43,9.23,,7.19,ca,92592,Riverside
864,Five Guys,"30622 santa margarita pkwy, rancho santa margarita, ca, 92688, us",15.47,12.47,11.15,,8.75,ca,92688,Orange
865,Five Guys,"151 s. las posas road ste. 170, san marcos, ca, 92078, us",15.47,12.47,11.15,,8.75,ca,92078,San Diego
866,Five Guys,"2519 palomar airport rd., suite #100, carlsbad, ca, 92011, us",15.47,12.47,11.15,,8.75,ca,92011,San Diego
867,Five Guys,"768 ikea ct., suite 120, west sacramento, ca, 95605, us",15.47,12.47,11.15,,8.75,ca,95605,Yolo
868,Five Guys,"3660 crocker dr, sacramento, ca, 95818, us",15.47,12.47,11.15,,8.75,ca,95818,Sacramento
869,Five Guys,"9257 laguna springs dr, elk grove, ca, 95758, us",15.47,12.47,11.15,,8.75,ca,95758,Sacramento
870,Five Guys,"7945 haven ave, rancho cucamonga, ca, 91730, us",13.19,10.43,9.23,,7.19,ca,91730,San Bernardino
871,Five Guys,"12719 main street, hesperia, ca, 92344, us",12.95,10.19,9.11,,6.95,ca,92344,San Bernardino
872,Five Guys,"670 university ave, san diego, ca, 92103, us",15.47,12.47,11.15,,8.75,ca,92103,San Diego
873,Five Guys,"2445 truxton rd., san diego, ca, 92106, us",15.47,12.47,11.15,,8.75,ca,92106,San Diego
874,Five Guys,"555 broadway, chula vista, ca, 91910, us",15.47,12.47,11.15,,8.75,ca,91910,San Diego
875,Five Guys,"5650 balboa ave suite 101, san diego, ca, 92117, us",15.47,12.47,11.15,,8.75,ca,92117,San Diego
876,Five Guys,"781 palm ave., imperial beach, ca, 91932, us",15.47,12.47,11.15,,8.75,ca,91932,San Diego
877,Five Guys,"345 fletcher parkway, el cajon, ca, 92020, us",15.47,12.47,11.15,,8.75,ca,92020,San Diego
878,Five Guys,"130 n el camino real, ste c, encinitas, ca, 92024, us",15.47,11.27,11.15,,8.75,ca,92024,San Diego
879,Five Guys,"2278 westborough blvd., south san francisco, ca, 94080, us",13.79,10.31,9.83,,7.19,ca,94080,San Mateo
880,Five Guys,"203 primrose drive, burlingame, ca, 94010, us",13.79,10.31,9.83,,7.19,ca,94010,San Mateo
881,Five Guys,"933 e. hillsdale, foster city, ca, 94404, us",13.79,10.31,9.83,,7.19,ca,94404,San Mateo
882,Five Guys,"238 redwood shores parkway, redwood city, ca, 94065, us",13.79,10.31,9.83,,7.19,ca,94065,San Mateo
883,Five Guys,"801 middlefield road, redwood city, ca, 94063, us",14.15,10.67,9.95,,7.19,ca,94063,San Mateo
884,Five Guys,"5633 pacific ave, stockton, ca, 95207, us",15.47,12.47,11.15,,8.75,ca,95207,San Joaquin
885,Five Guys,"2970 w. grant line road, tracy, ca, 95304, us",15.47,12.47,11.15,,8.75,ca,95304,San Joaquin
886,Five Guys,"763 east foothill blvd, san luis obisp, ca, 93405, us",15.47,12.47,11.15,,8.75,ca,93405,San Luis Obispo
887,Five Guys,"1229 e. grand ave., arroyo grande, ca, 93420, us",14.15,11.27,10.07,,7.91,ca,93420,San Luis Obispo
888,Five Guys,"2098 el camino real, mountain view, ca, 94040, us",13.79,10.31,9.83,,7.19,ca,94040,Santa Clara
889,Five Guys,"1205 the alameda, suite 10, san jose, ca, 95126, us",13.55,11.03,10.19,,7.49,ca,95126,Santa Clara
890,Five Guys,"121 curtner ave, san jose, ca, 95125, us",13.55,11.03,10.19,,7.49,ca,95125,Santa Clara
891,Five Guys,"5353 almaden expy # n60, san jose, ca, 95118, us",13.55,11.03,10.19,,7.49,ca,95118,Santa Clara
892,Five Guys,"5660 cottle rd, san jose, ca, 95123, us",13.55,11.03,10.19,,7.49,ca,95123,Santa Clara
893,Five Guys,"116 e. el camino real, sunnyvale, ca, 94087, us",13.55,11.03,10.19,,7.49,ca,94087,Santa Clara
894,Five Guys,"5205 prospect rd, san jose, ca, 95129, us",13.55,11.03,10.19,,7.49,ca,95129,Santa Clara
895,Five Guys,"1101 pacific avenue, santa cruz, ca, 95060, us",12.83,10.43,9.59,,7.31,ca,95060,Santa Cruz
896,Five Guys,"2007 camden ave, san jose, ca, 95124, us",13.55,11.03,10.19,,7.49,ca,95124,Santa Clara
897,Five Guys,"1570 gateway boulevard, fairfield, ca, 94533, us",15.47,12.47,11.15,,8.75,ca,94533,Solano
898,Five Guys,"5442 ygnacio valley rd., concord, ca, 94521, us",13.55,10.79,9.59,,6.95,ca,94521,Contra Costa
899,Five Guys,"1651 monte vista ave., vacaville, ca, 95688, us",15.47,12.47,11.15,,8.75,ca,95688,Solano
900,Five Guys,"2207 claribel road, riverbank, ca, 95357, us",15.47,12.47,11.15,,8.75,ca,95357,Stanislaus
901,Five Guys,"4129 s. mooney blvd., visalia, ca, 93277, us",14.15,11.27,10.07,,7.91,ca,93277,Tulare
902,Five Guys,"1693 west lacy blvd, hanford, ca, 93230, us",14.15,11.27,10.07,,7.91,ca,93230,Kings
903,Five Guys,"487 n. moorpark rd., thousand oaks, ca, 91360, us",15.47,12.47,11.15,,8.75,ca,91360,Ventura
904,The Habit,"2640 5th st, alameda, ca, 94501, us",9.49,8.36,7.24,17.49,4.36,ca,94501,Alameda
905,The Habit,"3060 east 9th street, oakland, ca, 94601, us",9.24,8.36,7.24,17.24,4.36,ca,94601,Alameda
906,The Habit,"5108 broadway, oakland, ca, 94611, us",9.49,8.36,7.24,17.49,4.36,ca,94611,Alameda
907,The Habit,"1540 e 14th st, san leandro, ca, 94577, us",9.49,8.36,7.24,17.49,4.36,ca,94577,Alameda
908,The Habit,"1080 monroe st, albany, ca, 94706, us",9.49,8.36,7.24,17.49,4.36,ca,94706,Alameda
909,The Habit,"1255 s california blvd, walnut creek, ca, 94596, us",9.24,8.11,6.99,17.24,4.36,ca,94596,Contra Costa
910,The Habit,"43830 pacific commons blvd, fremont, ca, 94538, us",9.24,8.11,6.99,17.24,4.36,ca,94538,Alameda
911,The Habit,"32185 union landing boulevard, union city, ca, 94587, us",9.24,8.36,7.24,17.24,4.36,ca,94587,Alameda
912,The Habit,"7295 amador plaza rd, dublin, ca, 94568, us",9.24,8.11,6.99,17.24,4.36,ca,94568,Alameda
913,The Habit,"22301 foothill boulevard, hayward, ca, 94541, us",9.49,8.36,7.24,17.49,4.36,ca,94541,Alameda
914,The Habit,"5291 martinelli way, dublin, ca, 94568, us",9.24,8.11,6.99,17.24,4.36,ca,94568,Alameda
915,The Habit,"3650 village dr, castro valley, ca, 94546, us",9.49,8.36,7.24,17.49,4.36,ca,94546,Alameda
916,The Habit,"1110, concord, ca, 94520, us",9.49,8.36,7.24,17.49,4.36,ca,94520,Contra Costa
917,The Habit,"1504 geary rd, walnut creek, ca, 94597, us",9.49,8.36,7.24,17.49,4.36,ca,94597,Contra Costa
918,The Habit,"2430 mahogany way, antioch, ca, 94509, us",8.86,8.11,6.99,16.86,4.36,ca,94509,Contra Costa
919,The Habit,"3121 crow canyon pl, san ramon, ca, 94583, us",9.24,8.11,6.99,17.24,4.36,ca,94583,Contra Costa
920,The Habit,"1412, pinole, ca, 94564, us",9.24,8.11,6.99,17.24,4.36,ca,94564,Contra Costa
921,The Habit,"3520 n blackstone ave, fresno, ca, 93726, us",9.24,8.36,7.24,17.24,4.36,ca,93726,Fresno
922,The Habit,"8480 n friant rd, fresno, ca, 93720, us",9.24,8.11,6.99,17.24,4.36,ca,93720,Fresno
923,The Habit,"6724 north brawley avenue, fresno, ca, 93711, us",9.24,8.11,6.99,17.24,4.36,ca,93711,Fresno
924,The Habit,"702 w shaw ave, fresno, ca, 93704, us",9.24,8.11,6.99,17.24,4.36,ca,93704,Fresno
925,The Habit,"1195 herndon ave, clovis, ca, 93612, us",8.74,7.86,6.74,16.24,4.11,ca,93612,Fresno
926,The Habit,"3110 e floral ave, selma, ca, 93662, us",8.86,8.11,6.99,16.86,4.36,ca,93662,Fresno
927,The Habit,"3900 california ave, bakersfield, ca, 93309, us",8.86,8.11,6.99,16.86,4.36,ca,93309,Kern
928,The Habit,"12900 brimhall rd, bakersfield, ca, 93314, us",8.74,7.86,6.74,16.24,4.11,ca,93314,Kern
929,The Habit,"5503 calloway drive, bakersfield, ca, 93312, us",8.74,7.86,6.74,15.87,3.74,ca,93312,Kern
930,The Habit,"6326 ashe road, bakersfield, ca, 93313, us",9.24,8.36,7.24,17.24,4.36,ca,93313,Kern
931,The Habit,"888 s hope st, los angeles, ca, 90017, us",8.86,8.11,6.99,16.86,4.36,ca,90017,Los Angeles
932,The Habit,"2134 sunset blvd, los angeles, ca, 90026, us",9.24,8.36,7.24,17.24,4.36,ca,90026,Los Angeles
933,The Habit,"7307 n figueroa st, los angeles, ca, 90041, us",8.86,8.11,6.99,16.86,4.36,ca,90041,Los Angeles
934,The Habit,"901 fair oaks avenue, south pasadena, ca, 91030, us",9.49,8.36,7.24,17.49,4.36,ca,91030,Los Angeles
935,The Habit,"6821 eastern ave., bell gardens, ca, 90201, us",8.74,7.86,6.74,15.87,3.74,ca,90201,Los Angeles
936,The Habit,"3610, rosemead, ca, 91770, us",8.74,7.86,6.74,15.87,3.74,ca,91770,Los Angeles
937,The Habit,"4542 east pacific coast highway, long beach, ca, 90804, us",8.74,7.86,6.74,16.24,4.11,ca,90804,Los Angeles
938,The Habit,"15754, paramount, ca, 90723, us",8.74,7.86,6.74,15.87,3.74,ca,90723,Los Angeles
939,The Habit,"3801 n lakewood blvd, long beach, ca, 90808, us",8.74,7.86,6.74,16.24,4.11,ca,90808,Los Angeles
940,The Habit,"148 east, compton, ca, 90220, us",8.86,8.11,6.99,16.86,4.36,ca,90220,Los Angeles
941,The Habit,"12380, seal beach, ca, 90740, us",9.49,8.36,7.24,17.49,4.36,ca,90740,Orange
942,The Habit,"11257 183rd st, cerritos, ca, 90703, us",8.74,7.86,6.74,15.87,3.74,ca,90703,Los Angeles
943,The Habit,"25948 mcbean parkway, santa clarita, ca, 91355, us",9.24,8.11,6.99,17.24,4.36,ca,91355,Los Angeles
944,The Habit,"28251 newhall ranch rd, santa clarita, ca, 91355, us",8.74,7.86,6.74,15.87,3.74,ca,91355,Los Angeles
945,The Habit,"19223 golden valley rd, santa clarita, ca, 91387, us",9.24,8.11,6.99,17.24,4.36,ca,91387,Los Angeles
946,The Habit,"12631 glenoaks boulevard, los angeles, ca, 91342, us",9.24,8.36,7.24,17.24,4.36,ca,91342,Los Angeles
947,The Habit,"10370 sepulveda blvd, mission hills, usa, los angeles, ca, 91345, us",8.86,8.11,6.99,16.86,4.36,ca,91345,Los Angeles
948,The Habit,"17947 chatsworth street, los angeles, ca, 91344, us",9.24,8.11,6.99,17.24,4.36,ca,91344,Los Angeles
949,The Habit,"924 diablo ave, novato, ca, 94947, us",9.49,8.36,7.24,17.49,4.36,ca,94947,Marin
950,The Habit,"496 las gallinas avenue, san rafael, ca, 94903, us",9.49,8.36,7.24,17.49,4.36,ca,94903,Marin
951,The Habit,"447 n mcdowell blvd, petaluma, ca, 94954, us",9.24,8.11,6.99,17.24,4.36,ca,94954,Sonoma
952,The Habit,"118 plaza dr, vallejo, ca, 94591, us",9.24,8.11,6.99,17.24,4.36,ca,94591,Solano
953,The Habit,"304 soscol ave, napa, ca, 94559, us",9.49,8.36,7.24,17.49,4.36,ca,94559,Napa
954,The Habit,"1602 north main st, salinas, ca, 93906, us",9.24,8.36,7.24,17.24,4.36,ca,93906,Monterey
955,The Habit,"2120 california ave, sand city, ca, 93955, us",9.24,8.36,7.24,17.24,4.36,ca,93955,Monterey
956,The Habit,"999 main street, watsonville, ca, 95076, us",9.24,8.36,7.24,17.24,4.36,ca,95076,Santa Cruz
957,The Habit,"2640 south bristol street, santa ana, ca, 92704, us",9.24,8.11,6.99,17.24,4.36,ca,92704,Orange
958,The Habit,"2720 nutwood ave, fullerton, ca, 92831, us",8.74,7.86,6.74,15.87,3.74,ca,92831,Orange
959,The Habit,"101 e orangethorpe ave, fullerton, ca, 92832, us",9.24,8.11,6.99,17.24,4.36,ca,92832,Orange
960,The Habit,"111 e katella ave, anaheim, ca, 92802, us",9.24,8.36,7.24,17.24,4.36,ca,92802,Orange
961,The Habit,"2777 n main st, santa ana, ca, 92705, us",8.74,7.86,6.74,15.87,3.74,ca,92705,Orange
962,The Habit,"5968 orangethorpe ave, buena park, ca, 90620, us",8.74,7.86,6.74,15.87,3.74,ca,90620,Orange
963,The Habit,"13982 newport avenue, tustin, ca, 92780, us",8.86,8.11,6.99,16.86,4.36,ca,92780,Orange
964,The Habit,"933 pleasant grove blvd, roseville, ca, 95678, us",8.74,7.86,6.74,16.24,4.11,ca,95678,Placer
965,The Habit,"1940 blue oaks boulevard, roseville, ca, 95747, us",9.49,8.36,7.24,17.49,4.36,ca,95747,Placer
966,The Habit,"5437 sunrise blvd, citrus heights, ca, 95610, us",9.24,8.11,6.99,17.24,4.36,ca,95610,Sacramento
967,The Habit,"1115 e bidwell st, folsom, ca, 95630, us",8.74,7.86,6.74,16.24,4.11,ca,95630,Sacramento
968,The Habit,"3970 missouri flat road, placerville, ca, 95667, us",8.74,7.86,6.74,15.87,3.74,ca,95667,El Dorado
969,The Habit,"3555, riverside, ca, 92506, us",8.74,7.86,6.74,15.87,3.74,ca,92506,Riverside
970,The Habit,"1550 w valley blvd, colton, ca, 92324, us",9.49,8.36,7.24,17.49,4.36,ca,92324,San Bernardino
971,The Habit,"3510 tyler st, riverside, ca, 92505, us",8.74,7.86,6.74,15.87,3.74,ca,92505,Riverside
972,The Habit,"9750 sierra avenue, fontana, ca, 92335, us",9.49,8.36,7.24,17.49,4.36,ca,92335,San Bernardino
973,The Habit,"12560 day st, moreno valley, ca, 92553, us",8.86,8.11,6.99,16.86,4.36,ca,92553,Riverside
974,The Habit,"27511 san bernardino ave, redlands, ca, 92374, us",9.49,8.36,7.24,17.49,4.36,ca,92374,San Bernardino
975,The Habit,"36350 hidden springs rd, wildomar, ca, 92595, us",8.74,7.86,6.74,15.87,3.74,ca,92595,Riverside
976,The Habit,"32068, temecula, ca, 92592, us",9.24,8.11,6.99,17.24,4.36,ca,92592,Riverside
977,The Habit,"24875 iris avenue, moreno valley, ca, 92551, us",8.86,8.11,6.99,16.86,4.36,ca,92551,Riverside
978,The Habit,"3030 capitol avenue, sacramento, ca, 95816, us",8.98,8.01,7.03,17.0,4.24,ca,95816,Sacramento
979,The Habit,"4730 freeport boulevard, sacramento, ca, 95822, us",9.49,8.36,7.24,17.49,4.36,ca,95822,Sacramento
980,The Habit,"1431 howe ave, sacramento, ca, 95825, us",8.74,7.86,6.74,16.24,4.11,ca,95825,Sacramento
981,The Habit,"8124 delta shores circle, sacramento, ca, 95832, us",9.24,8.11,6.99,17.24,4.36,ca,95832,Sacramento
982,The Habit,"3161 zinfandel dr, rancho cordova, ca, 95670, us",8.74,7.86,6.74,16.24,4.11,ca,95670,Sacramento
983,The Habit,"7400 laguna blvd, elk grove, ca, 95758, us",8.74,7.86,6.74,16.24,4.11,ca,95758,Sacramento
984,The Habit,"1205 w renaissance pkwy, rialto, ca, 92376, us",9.49,8.36,7.24,17.49,4.36,ca,92376,San Bernardino
985,The Habit,"16138 south highland avenue, fontana, ca, 92336, us",9.49,8.36,7.24,17.49,4.36,ca,92336,San Bernardino
986,The Habit,"4210 east 4th street, ontario, ca, 91764, us",9.49,8.36,7.24,17.49,4.36,ca,91764,San Bernardino
987,The Habit,"10895 foothill blvd, rancho cucamonga, ca, 91730, us",9.49,8.36,7.24,17.49,4.36,ca,91730,San Bernardino
988,The Habit,"11608 amargosa rd, victorville, ca, 92392, us",9.49,8.36,7.24,17.49,4.36,ca,92392,San Bernardino
989,The Habit,"845 camino de la reina, san diego, ca, 92108, us",9.49,8.36,7.24,17.49,4.36,ca,92108,San Diego
990,The Habit,"3455 sports arena blvd, san diego, ca, 92110, us",9.49,8.36,7.24,17.49,4.36,ca,92110,San Diego
991,The Habit,"4175 genesee ave, san diego, ca, 92111, us",8.74,7.86,6.74,16.24,4.11,ca,92111,San Diego
992,The Habit,"8216 parkway dr, la mesa, ca, 91942, us",8.74,7.86,6.74,15.87,3.74,ca,91942,San Diego
993,The Habit,"770 otay lakes road, chula vista, ca, 91910, us",8.86,8.11,6.99,16.86,4.36,ca,91910,San Diego
994,The Habit,"5500 campanile dr. 5500 campanile dr. aztec student union sdsu, san diego, ca, 92115, us",9.24,8.11,6.99,17.24,4.36,ca,92115,San Diego
995,The Habit,"2992 jamacha road, el cajon, ca, 92019, us",9.24,8.11,6.99,17.24,4.36,ca,92019,San Diego
996,The Habit,"2267 s el camino real, oceanside, ca, 92054, us",9.24,8.11,6.99,17.24,4.36,ca,92054,San Diego
997,The Habit,"1870 rancho del oro drive, oceanside, ca, 92057, us",9.24,8.36,7.24,17.24,4.36,ca,92057,San Diego
998,The Habit,"445 hacienda drive, vista, ca, 92081, us",9.24,8.36,7.24,17.24,4.36,ca,92081,San Diego
999,The Habit,"7610 via campanile, carlsbad, ca, 92009, us",8.74,7.86,6.74,16.24,4.11,ca,92009,San Diego
1000,The Habit,"727 w, san marcos, ca, 92078, us",8.74,7.86,6.74,15.87,3.74,ca,92078,San Diego
1001,The Habit,"1446, encinitas, ca, 92024, us",8.74,7.86,6.74,15.87,3.74,ca,92024,San Diego
1002,The Habit,"305 gellert blvd, daly city, ca, 94015, us",9.24,8.36,7.24,17.24,4.36,ca,94015,San Mateo
1003,The Habit,"143 south el camino real, millbrae, ca, 94030, us",9.24,8.11,6.99,17.24,4.36,ca,94030,San Mateo
1004,The Habit,"2829 w march ln, stockton, ca, 95219, us",8.74,7.86,6.74,15.87,3.74,ca,95219,San Joaquin
1005,The Habit,"1325 e yosemite ave, manteca, ca, 95336, us",9.24,8.36,7.24,17.24,4.36,ca,95336,San Joaquin
1006,The Habit,"2682 naglee rd, tracy, ca, 95304, us",9.49,8.36,7.24,17.49,4.36,ca,95304,San Joaquin
1007,The Habit,"839 higuera st, san luis obispo, ca, 93401, us",9.24,8.11,6.99,17.24,4.36,ca,93401,San Luis Obispo
1008,The Habit,"1297 chess dr, foster city, ca, 94404, us",9.49,8.36,7.24,17.49,4.36,ca,94404,San Mateo
1009,The Habit,"1111 el camino real, redwood city, ca, 94063, us",9.24,8.36,7.24,17.24,4.36,ca,94063,San Mateo
1010,The Habit,"985 betteravia road, santa maria, ca, 93454, us",8.74,7.86,6.74,16.24,4.11,ca,93454,Santa Barbara
1011,The Habit,"1413 north h street, lompoc, ca, 93436, us",8.74,7.86,6.74,16.24,4.11,ca,93436,Santa Barbara
1012,The Habit,"628 state street, santa barbara, ca, 93101, us",8.74,7.86,6.74,16.24,4.11,ca,93101,Santa Barbara
1013,The Habit,"216 south milpas street, santa barbara, ca, 93103, us",8.74,7.86,6.74,16.24,4.11,ca,93103,Santa Barbara
1014,The Habit,"5735 hollister avenue, goleta, ca, 93117, us",8.74,7.86,6.74,16.24,4.11,ca,93117,Santa Barbara
1015,The Habit,"888 embarcadero del norte, isla vista, ca, 93117, us",8.74,7.86,6.74,16.24,4.11,ca,93117,Santa Barbara
1016,The Habit,"3890 la cumbre plaza lane, santa barbara, ca, 93105, us",8.74,7.86,6.74,16.24,4.11,ca,93105,Santa Barbara
1017,The Habit,"487 e thompson blvd, ventura, ca, 93001, us",8.86,8.11,6.99,16.86,4.36,ca,93001,Ventura
1018,The Habit,"1510 monterey rd, san jose, ca, 95110, us",9.24,8.36,7.24,17.24,4.36,ca,95110,Santa Clara
1019,The Habit,"1078 e brokaw rd, san jose, ca, 95131, us",9.24,8.11,6.99,17.24,4.36,ca,95131,Santa Clara
1020,The Habit,"5018 almaden expy, san jose, ca, 95118, us",9.49,8.36,7.24,17.49,4.36,ca,95118,Santa Clara
1021,The Habit,"2000 el camino real, santa clara, ca, 95050, us",9.49,8.36,7.24,17.49,4.36,ca,95050,Santa Clara
1022,The Habit,"2000 s bascom ave, campbell, ca, 95008, us",9.49,8.36,7.24,17.49,4.36,ca,95008,Santa Clara
1023,The Habit,"2030 wyatt drive, santa clara, ca, 95054, us",9.24,8.36,7.24,17.24,4.36,ca,95054,Santa Clara
1024,The Habit,"146 w el camino real, sunnyvale, ca, 94087, us",9.24,8.11,6.99,17.24,4.36,ca,94087,Santa Clara
1025,The Habit,"20735 stevens creek blvd, cupertino, ca, 95014, us",9.24,8.11,6.99,17.24,4.36,ca,95014,Santa Clara
1026,The Habit,"1040 grant road suite 370, mountain view, ca, 94040, us",9.24,8.11,6.99,17.24,4.36,ca,94040,Santa Clara
1027,The Habit,"1400 ocean st, santa cruz, ca, 95060, us",9.24,8.11,6.99,17.24,4.36,ca,95060,Santa Cruz
1028,The Habit,"1735 trancas street, suite d, napa, ca, 94558, us",9.24,8.11,6.99,17.24,4.36,ca,94558,Napa
1029,The Habit,"1320 travis blvd, fairfield, ca, 94533, us",9.24,8.36,7.24,17.24,4.36,ca,94533,Solano
1030,The Habit,"1640 e monte vista ave, vacaville, ca, 95688, us",9.49,8.36,7.24,17.49,4.36,ca,95688,Solano
1031,The Habit,"1425 ary ln, dixon, ca, 95620, us",9.24,8.36,7.24,17.24,4.36,ca,95620,Solano
1032,The Habit,"1801 mchenry ave, modesto, ca, 95350, us",8.74,7.86,6.74,15.87,3.74,ca,95350,Stanislaus
1033,The Habit,"2671 countryside dr, turlock, ca, 95380, us",8.86,8.11,6.99,16.86,4.36,ca,95380,Stanislaus
1034,The Habit,"604 s mooney blvd, visalia, ca, 93277, us",8.74,7.86,6.74,15.87,3.74,ca,93277,Tulare
1035,The Habit,"969 e prosperity ave, tulare, ca, 93274, us",9.24,8.36,7.24,17.24,4.36,ca,93274,Tulare
1036,The Habit,"344 west el monte way, dinuba, ca, 93618, us",9.24,8.36,7.24,17.24,4.36,ca,93618,Tulare
1037,The Habit,"1731 w lacey blvd, hanford, ca, 93230, us",9.24,8.36,7.24,17.24,4.36,ca,93230,Kings
1038,The Habit,"2350 e vineyard ave, oxnard, ca, 93036, us",8.74,7.86,6.74,15.87,3.74,ca,93036,Ventura
1039,The Habit,"563 w channel islands blvd, port hueneme, ca, 93041, us",8.74,7.86,6.74,15.87,3.74,ca,93041,Ventura
1040,The Habit,"4732 telephone rd, ventura, ca, 93003, us",8.74,7.86,6.74,16.24,4.11,ca,93003,Ventura
1041,The Habit,"1855 e daily dr, camarillo, ca, 93010, us",9.24,8.36,7.24,17.24,4.36,ca,93010,Ventura
1042,Carls Jr,"871 marina village pkwy, alameda, ca, 94501, us",,6.16,,,4.99,ca,94501,Alameda
1043,Carls Jr,"10770 macarthur blvd, oakland, ca, 94605, us",,5.75,,,4.65,ca,94605,Alameda
1044,Carls Jr,"1 hallidie plaza, san francisco, ca, 94102, us",,7.02,,,5.7,ca,94102,San Francisco
1045,Carls Jr,"20550 mission blvd, hayward, ca, 94541, us",,4.71,,,3.76,ca,94541,Alameda
1046,Carls Jr,"1550 fitzgerald drive, pinole, ca, 94564, us",,6.0,,,4.2,ca,94564,Contra Costa
1047,Carls Jr,"5670 thornton ave, newark, ca, 94560, us",,6.59,,,4.19,ca,94560,Alameda
1048,Carls Jr,"46637 mission blvd, fremont, ca, 94539, us",,6.59,,,4.19,ca,94539,Alameda
1049,Carls Jr,"27467 hesperian blvd, hayward, ca, 94545, us",,4.71,,,,ca,94545,Alameda
1050,Carls Jr,"1101 branham ln, san jose, ca, 95118, us",,5.99,,,4.07,ca,95118,Santa Clara
1051,Carls Jr,"4595 century blvd., pittsburg, ca, 94565, us",,6.18,,,4.5,ca,94565,Contra Costa
1052,Carls Jr,"915 main st, oakley, ca, 94561, us",,6.18,,,4.5,ca,94561,Contra Costa
1053,Carls Jr,"2590 s east ave, fresno, ca, 93706, us",,5.75,,,4.65,ca,93706,Fresno
1054,Carls Jr,"5007 e mckinley ave, fresno, ca, 93727, us",,5.75,,,4.65,ca,93727,Fresno
1055,Carls Jr,"101 s union ave, bakersfield, ca, 93307, us",8.37,6.18,,14.18,4.5,ca,93307,Kern
1056,Carls Jr,"229 west 7th street, los angeles, ca, 90014, us",,5.99,,,4.09,ca,90014,Los Angeles
1057,Carls Jr,"2320 e 4th st, los angeles, ca, 90033, us",,6.39,,,3.79,ca,90033,Los Angeles
1058,Carls Jr,"3215 n. broadway, los angeles, ca, 90031, us",,6.75,,,4.29,ca,90031,Los Angeles
1059,Carls Jr,"3005 w 6th st, los angeles, ca, 90020, us",,4.1,,,3.25,ca,90020,Los Angeles
1060,Carls Jr,"2912 s figueroa st, los angeles, ca, 90007, us",,6.39,,,3.79,ca,90007,Los Angeles
1061,Carls Jr,"1751 s soto st, los angeles, ca, 90023, us",,6.39,,,3.79,ca,90023,Los Angeles
1062,Carls Jr,"1670 w pacific coast hwy, long beach, ca, 90813, us",,,,,3.62,ca,90813,Los Angeles
1063,Carls Jr,"271 e willow st, long beach, ca, 90806, us",,6.39,,,3.79,ca,90806,Los Angeles
1064,Carls Jr,"1881 e del amo blvd, carson, ca, 90746, us",,6.44,,,3.86,ca,90746,Los Angeles
1065,Carls Jr,"840 sepulveda blvd, harbor city, ca, 90710, us",,6.39,,,3.79,ca,90710,Los Angeles
1066,Carls Jr,"6601 atlantic ave, long beach, ca, 90805, us",,6.44,,,3.86,ca,90805,Los Angeles
1067,Carls Jr,"24715 pico canyon rd, stevenson ranch, ca, 91381, us",,6.44,,,3.86,ca,91381,Los Angeles
1068,Carls Jr,"18950 soledad canyon rd, canyon country, ca, 91351, us",,6.44,,,3.86,ca,91351,Los Angeles
1069,Carls Jr,"18741 via princessa, santa clarita, ca, 91387, us",,6.44,,,3.86,ca,91387,Los Angeles
1070,Carls Jr,"3770 telegraph ave, oakland, ca, 94609, us",,5.75,,,4.65,ca,94609,Alameda
1071,Carls Jr,"3897 sonoma blvd, vallejo, ca, 94589, us",,6.0,,,4.2,ca,94589,Solano
1072,Carls Jr,"2434 junipero serra blvd, daly city, ca, 94015, us",,6.16,,,4.99,ca,94015,San Mateo
1073,Carls Jr,"6460 redwood dr, rohnert park, ca, 94928, us",,5.15,,,4.66,ca,94928,Sonoma
1074,Carls Jr,"1000 farmers ln, santa rosa, ca, 95405, us",,5.15,,,4.66,ca,95405,Sonoma
1075,Carls Jr,"495 stony point rd, santa rosa, ca, 95401, us",,5.15,,,4.66,ca,95401,Sonoma
1076,Carls Jr,"1142 fremont blvd, seaside, ca, 93955, us",,5.61,,,3.74,ca,93955,Monterey
1077,Carls Jr,"402 s main st, orange, ca, 92868, us",,4.1,,,3.25,ca,92868,Orange
1078,Carls Jr,"1809 e edinger ave, santa ana, ca, 92705, us",,3.98,,,3.13,ca,92705,Orange
1079,Carls Jr,"14041 newport ave, tustin, ca, 92780, us",,6.44,,,3.86,ca,92780,Orange
1080,Carls Jr,"13011 harbor blvd, garden grove, ca, 92843, us",,3.98,,,3.13,ca,92843,Orange
1081,Carls Jr,"2820 e. lincoln ave, anaheim, ca, 92806, us",,6.44,,,3.86,ca,92806,Orange
1082,Carls Jr,"794 n brookhurst st, anaheim, ca, 92801, us",,4.1,,,3.25,ca,92801,Orange
1083,Carls Jr,"2119 s harbor blvd, anaheim, ca, 92802, us",,4.1,,,3.25,ca,92802,Orange
1084,Carls Jr,"11051 euclid ave, garden grove, ca, 92840, us",,4.1,,,3.25,ca,92840,Orange
1085,Carls Jr,"3110 e la palma, anaheim, ca, 92806, us",,4.1,,,3.25,ca,92806,Orange
1086,Carls Jr,"4315 sierra college blvd, rocklin, ca, 95650, us",8.49,6.89,,,4.79,ca,95650,Placer
1087,Carls Jr,"101 ferrari ranch rd, lincoln, ca, 95648, us",8.37,6.18,,14.18,4.5,ca,95648,Placer
1088,Carls Jr,"5225 canyon crest dr ste 82, riverside, ca, 92507, us",,5.74,,,4.11,ca,92507,Riverside
1089,Carls Jr,"6061 van buren blvd, riverside, ca, 92503, us",,3.98,,,3.13,ca,92503,Riverside
1090,Carls Jr,"8919 limonite ave, riverside, ca, 92509, us",,5.15,,,4.55,ca,92509,Riverside
1091,Carls Jr,"2940 van buren boulevard suite 100, riverside, ca, 92503, us",,6.44,,,3.86,ca,92503,Riverside
1092,Carls Jr,"27670 eucalyptus ave, moreno valley, ca, 92555, us",,4.59,,,3.79,ca,92555,Riverside
1093,Carls Jr,"69 w nuevo rd, perris, ca, 92571, us",,4.1,,,3.25,ca,92571,Riverside
1094,Carls Jr,"40375, murrieta, ca, 92563, us",,5.15,,,4.55,ca,92563,Riverside
1095,Carls Jr,"251 diamond dr, lake elsinore, ca, 92530, us",,5.15,,,4.55,ca,92530,Riverside
1096,Carls Jr,"30604 benton rd, winchester, ca, 92596, us",,5.15,,,4.8,ca,92596,Riverside
1097,Carls Jr,"2615 broadway, sacramento, ca, 95818, us",8.37,6.18,,14.18,4.5,ca,95818,Sacramento
1098,Carls Jr,"854 harbor blvd, west sacramento, ca, 95691, us",8.37,6.18,,14.18,4.5,ca,95691,Yolo
1099,Carls Jr,"5501 freeport ave, sacramento, ca, 95822, us",8.37,6.18,,14.18,4.5,ca,95822,Sacramento
1100,Carls Jr,"8150 sheldon rd, elk grove, ca, 95758, us",8.37,6.18,,14.18,4.5,ca,95758,Sacramento
1101,Carls Jr,"6201 mack road, sacramento, ca, 95823, us",8.37,6.18,,14.18,4.5,ca,95823,Sacramento
1102,Carls Jr,"1505 e highland ave, san bernardino, ca, 92404, us",,3.98,,,3.13,ca,92404,San Bernardino
1103,Carls Jr,"1180 s mount vernon ave, colton, ca, 92324, us",,5.61,,,3.74,ca,92324,San Bernardino
1104,Carls Jr,"293 east 40th street, san bernardino, ca, 92404, us",,4.59,,,3.79,ca,92404,San Bernardino
1105,Carls Jr,"4424 university parkway, san bernardino, ca, 92407, us",,4.1,,,3.25,ca,92407,San Bernardino
1106,Carls Jr,"620 w foothill blvd, rialto, ca, 92376, us",,6.44,,,3.86,ca,92376,San Bernardino
1107,Carls Jr,"2022 n riverside ave, rialto, ca, 92377, us",,6.44,,,3.86,ca,92377,San Bernardino
1108,Carls Jr,"15669 main st, hesperia, ca, 92345, us",,4.19,,,3.39,ca,92345,San Bernardino
1109,Carls Jr,"15227 hook blvd, victorville, ca, 92394, us",,6.44,,,3.86,ca,92394,San Bernardino
1110,Carls Jr,"14292 highway 395, adelanto, ca, 92301, us",,6.44,,,3.86,ca,92301,San Bernardino
1111,Carls Jr,"3008 el cajon blvd, san diego, ca, 92104, us",,4.99,,,3.61,ca,92104,San Diego
1112,Carls Jr,"695 h st, chula vista, ca, 91910, us",,4.99,,,3.61,ca,91910,San Diego
1113,Carls Jr,"7162 broadway, lemon grove, ca, 91945, us",,4.99,,,3.61,ca,91945,San Diego
1114,Carls Jr,"1502 sweetwater rd, national city, ca, 91950, us",,4.99,,,3.61,ca,91950,San Diego
1115,Carls Jr,"996 third ave., chula vista, ca, 91911, us",,4.99,,,3.61,ca,91911,San Diego
1116,Carls Jr,"1280 e plaza blvd, national city, ca, 91950, us",,4.99,,,3.61,ca,91950,San Diego
1117,Carls Jr,"700 13th street, imperial beach, ca, 91932, us",,4.99,,,3.61,ca,91932,San Diego
1118,Carls Jr,"2608 el camino real, carlsbad, ca, 92010, us",,4.99,,,3.61,ca,92010,San Diego
1119,Carls Jr,"611 douglas dr, oceanside, ca, 92058, us",,4.99,,,3.61,ca,92058,San Diego
1120,Carls Jr,"4186, oceanside, ca, 92056, us",,4.99,,,3.61,ca,92056,San Diego
1121,Carls Jr,"775 college blvd, oceanside, ca, 92057, us",,4.99,,,3.61,ca,92057,San Diego
1122,Carls Jr,"660 hacienda dr, vista, ca, 92081, us",,4.99,,,3.61,ca,92081,San Diego
1123,Carls Jr,"899 cherry ave, san bruno, ca, 94066, us",,5.75,,,4.65,ca,94066,San Mateo
1124,Carls Jr,"1140 triton dr, san mateo, ca, 94404, us",,6.16,,,4.99,ca,94404,San Mateo
1125,Carls Jr,"4610, carpinteria, ca, 93013, us",,5.66,,,4.37,ca,93013,Santa Barbara
1126,Carls Jr,"3015 johnson drive, ventura, ca, 93003, us",,6.44,,,3.86,ca,93003,Ventura
1127,Carls Jr,"1745 s victoria ave, ventura, ca, 93003, us",,6.44,,,3.86,ca,93003,Ventura
1128,Carls Jr,"1095 oakland rd, san jose, ca, 95112, us",,6.59,,,4.19,ca,95112,Santa Clara
1129,Carls Jr,"172 bernal rd, san jose, ca, 95139, us",,5.99,,,4.07,ca,95139,Santa Clara
1130,Carls Jr,"1890 mccandless dr, milpitas, ca, 95035, us",,6.59,,,4.19,ca,95035,Santa Clara
1131,Carls Jr,"5000 el camino real, los altos, ca, 94022, us",,,,,,ca,94022,Santa Clara
1132,Carls Jr,"1999 camden ave, san jose, ca, 95124, us",,5.99,,,4.07,ca,95124,Santa Clara
1133,Carls Jr,"2380 n texas st, fairfield, ca, 94533, us",7.2,6.0,,12.6,4.2,ca,94533,Solano
1134,Carls Jr,"2808 mchenry ave, modesto, ca, 95350, us",8.89,5.75,,,4.65,ca,95350,Stanislaus
1135,Carls Jr,"1600 oakdale rd, modesto, ca, 95355, us",8.89,5.75,,,4.65,ca,95355,Stanislaus
1136,Carls Jr,"118 e whitmore ave, modesto, ca, 95358, us",8.89,5.75,,,4.65,ca,95358,Stanislaus
1137,Carls Jr,"3350 s mooney blvd, visalia, ca, 93277, us",,5.75,,,4.65,ca,93277,Tulare
1138,Carls Jr,"2301 n, oxnard, ca, 93036, us",,4.1,,,3.25,ca,93036,Ventura
1139,Carls Jr,"3255 saviers rd, oxnard, ca, 93033, us",,3.98,,,3.13,ca,93033,Ventura
