,restaurant_name,restaurant_location,specialty_item,cheeseburger,hamburger,combo,fries,drink,dessert,four_to_six,number_of_items,average_rating,number_of_ratings,average_menu_price,wave,uber_eats,fast_food,small,state,zip,county_name,ca
0,McDonald,"1330 jackson st, oakland, ca, 94612, us",6.79,3.49,2.89,12.59,4.69,2.09,3.19,46,135,4.600000000000001,100+,6.780074074074074,1,1,1,0,ca,94612,Alameda,1
1,McDonald,"800 market st, oakland, california 94607, oakland, ca, 94607-3116, us",7.39,3.49,4.19,12.59,4.89,1.99,2.99,36,137,4.200000000000001,95,5.579927007299269,1,1,1,0,ca,94607,Alameda,1
2,McDonald,"4514 telegraph ave, oakland, ca, 94609, us",7.39,3.49,4.19,12.59,4.89,1.99,2.99,36,136,4.5,100+,5.542058823529412,1,1,1,0,ca,94609,Alameda,1
3,McDonald,"715 central ave, alameda, ca, 94501, us",6.89,3.79,3.59,12.79,4.79,2.09,3.19,41,131,5.0,46,6.939618320610687,1,1,1,0,ca,94501,Alameda,1
4,McDonald,"6623 san pablo ave, oakland, ca, 94608, us",7.39,3.49,4.19,12.59,4.59,1.99,2.99,33,127,4.399999999999998,77,5.153228346456693,1,1,1,0,ca,94608,Alameda,1
5,McDonald,"2520 e 12th st, oakland, ca, 94601, us",7.19,3.99,3.59,12.29,5.19,2.19,3.79,46,139,4.3999999999999995,100+,5.873741007194245,1,1,1,0,ca,94601,Alameda,1
6,McDonald,"38860, fremont, ca, 94536, us",7.59,3.79,3.49,12.19,4.99,2.03,3.19,36,121,4.700000000000001,48,5.942396694214877,1,1,1,0,ca,94536,Alameda,1
7,McDonald,"40708 grimmer blvd, fremont, ca, 94538-2845, us",7.59,3.79,3.49,12.19,4.99,2.03,3.19,41,127,4.5,43,5.902204724409449,1,1,1,0,ca,94538,Alameda,1
8,McDonald,"4318 thornton ave, fremont, ca, 94536, us",6.99,4.09,3.49,12.19,4.99,2.19,3.39,48,132,4.600000000000001,30,7.1872727272727275,1,1,1,0,ca,94536,Alameda,1
9,McDonald,"3000 newpark mall rd, newark, ca, 94560, us",6.99,4.09,3.49,12.19,4.99,2.19,3.39,49,133,4.699999999999999,79,7.17751879699248,1,1,1,0,ca,94560,Alameda,1
10,McDonald,"3990 decoto rd, fremont, ca, 94536, us",9.29,3.89,3.36,14.7,6.19,2.28,2.95,43,126,4.5,37,6.371190476190476,1,1,1,0,ca,94536,Alameda,1
11,McDonald,"27 union square, union city, ca, 94587, us",9.29,4.03,3.63,14.7,6.19,2.28,2.95,37,119,4.799999999999996,35,6.474117647058824,1,1,1,0,ca,94587,Alameda,1
12,McDonald,"23989 watkins st, hayward, ca, 94544-1028, us",6.89,3.79,3.59,12.79,4.79,2.09,3.19,42,132,3.6999999999999993,35,6.928636363636363,1,1,1,0,ca,94544,Alameda,1
13,McDonald,"355 w a st, hayward, ca, 94541, us",6.89,3.79,3.59,12.79,4.79,2.09,3.19,42,128,4.6,43,7.023593750000002,1,1,1,0,ca,94541,Alameda,1
14,McDonald,"1620 strobridge ave, castro valley, ca, 94546, us",6.69,3.49,3.19,10.79,4.49,2.29,2.69,24,133,4.399999999999999,90,5.402406015037593,1,1,1,0,ca,94546,Alameda,1
15,McDonald,"2905 grove way, castro valley, ca, 94546, us",6.89,3.79,3.59,12.79,4.79,2.09,3.19,40,126,4.600000000000001,42,7.041587301587303,1,1,1,0,ca,94546,Alameda,1
16,McDonald,"26253 mission blvd, hayward, ca, 94544, us",6.89,3.79,3.59,12.79,4.79,2.09,3.19,41,127,4.600000000000001,54,7.034094488188978,1,1,1,0,ca,94544,Alameda,1
17,McDonald,"18708 hesperian blvd, hayward, ca, 94541-2248, us",6.89,3.79,3.59,12.79,4.79,2.09,3.19,41,127,4.5,22,7.035669291338585,1,1,1,0,ca,94541,Alameda,1
18,McDonald,"1691 monument blvd, concord, ca, 94520, us",6.89,3.79,3.59,12.79,4.79,2.09,3.19,35,120,4.299999999999999,73,7.146666666666667,1,1,1,0,ca,94520,Contra Costa,1
19,McDonald,"4550 clayton rd, concord, ca, 94521-2850, us",6.89,3.79,3.59,12.79,4.79,2.09,3.19,42,128,4.299999999999999,53,7.0228125000000015,1,1,1,0,ca,94521,Contra Costa,1
20,McDonald,"220 bailey road, bay point, ca, 94565, us",6.89,3.79,3.59,12.79,4.79,2.09,3.19,42,128,4.6,31,7.022031250000001,1,1,1,0,ca,94565,Contra Costa,1
21,McDonald,"1690 contra costa blvd, pleasant hill, ca, 94523, us",6.89,3.79,3.59,12.79,4.79,2.09,3.19,42,127,4.5,48,7.05692913385827,1,1,1,0,ca,94523,Contra Costa,1
22,McDonald,"1185 arnold dr, martinez, ca, 94553, us",6.89,3.79,3.59,12.79,4.79,2.09,3.19,42,128,4.5,27,7.022031250000001,1,1,1,0,ca,94553,Contra Costa,1
23,McDonald,"1739 divisadero st, fresno, ca, 93701-1920, us",6.19,3.39,2.89,9.79,4.99,1.79,1.99,32,128,4.1000000000000005,45,5.388671875,1,1,1,0,ca,93701,Fresno,1
24,McDonald,"1248 n blackstone, fresno, ca, 93703, us",6.99,3.47,2.92,11.35,4.88,1.89,2.45,20,122,3.2999999999999994,25,5.09655737704918,1,1,1,0,ca,93703,Fresno,1
25,McDonald,"4505 e kings canyon rd, fresno, ca, 93702, us",5.49,3.19,2.79,10.39,4.39,1.89,2.19,35,129,4.300000000000001,36,5.359999999999999,1,1,1,0,ca,93702,Fresno,1
26,McDonald,"3115 n blackstone ave, fresno, ca, 93704, us",6.19,3.19,2.79,9.99,4.19,1.79,2.19,35,124,3.899999999999998,50+,5.137258064516129,1,1,1,0,ca,93704,Fresno,1
27,McDonald,"4898 e kings canyon rd, fresno, ca, 93727, us",5.89,3.49,2.69,9.79,4.39,1.79,1.99,24,128,4.299999999999999,28,5.308203125,1,1,1,0,ca,93727,Fresno,1
28,McDonald,"1718 w olive, fresno, ca, 93728-2642, us",6.29,3.19,2.89,9.59,4.59,1.79,2.59,37,129,4.199999999999999,33,5.379612403100776,1,1,1,0,ca,93728,Fresno,1
29,McDonald,"2310 f st, bakersfield, ca, 93301, us",6.61,3.52,2.91,10.09,4.72,1.89,2.43,19,111,4.2,42,5.529549549549549,1,1,1,0,ca,93301,Kern,1
30,McDonald,"1812 n union ave, bakersfield, ca, 93305, us",6.19,3.09,2.79,11.39,4.59,1.99,2.29,19,128,4.200000000000001,41,6.007187499999999,1,1,1,0,ca,93305,Kern,1
31,McDonald,"1000 real rd, bakersfield, ca, 93309, us",6.19,3.09,2.79,11.39,4.59,1.99,2.29,19,127,4.899999999999999,25,6.0296850393700785,1,1,1,0,ca,93309,Kern,1
32,McDonald,"chester &amp; brundage, bakersfield, ca, 93304, us",7.49,3.99,3.09,11.89,5.19,2.69,1.99,30,125,4.5,44,5.38264,1,1,1,0,ca,93304,Kern,1
33,McDonald,"5410 stockdale hwy, bakersfield, ca, 93309, us",6.19,3.09,2.79,11.39,4.59,1.99,2.29,20,125,4.399999999999999,25,6.077199999999999,1,1,1,0,ca,93309,Kern,1
34,McDonald,"2699 mount vernon ave, bakersfield, ca, 93306, us",6.19,3.09,2.79,11.29,4.59,1.99,2.29,14,121,4.5,50+,6.123057851239668,1,1,1,0,ca,93306,Kern,1
35,McDonald,"690 alameda st., los angeles, ca, 90021, us",7.79,4.86,2.89,12.29,4.79,2.59,2.64,32,118,4.5,200+,6.4576271186440675,1,1,1,0,ca,90021,Los Angeles,1
36,McDonald,"1310 east olympic blvd, los angeles, ca, 90021, us",7.69,4.86,2.89,11.89,4.79,2.59,2.25,25,119,4.600000000000001,200+,6.362941176470588,1,1,1,0,ca,90021,Los Angeles,1
37,McDonald,"1625 wilshire blvd, los angeles, ca, 90017, us",7.89,3.39,2.79,11.69,3.99,2.29,2.79,40,115,4.399999999999999,200+,5.7936521739130455,1,1,1,0,ca,90017,Los Angeles,1
38,McDonald,"1716 marengo st, los angeles, ca, 90033-1315, us",8.69,3.75,3.1,14.28,5.05,2.84,2.58,38,112,4.3999999999999995,119,7.076428571428571,1,1,1,0,ca,90033,Los Angeles,1
39,McDonald,"405 n alvarado st, los angeles, ca, 90026, us",7.89,3.39,2.79,11.79,4.79,2.29,2.79,39,117,4.600000000000001,200+,5.975299145299146,1,1,1,0,ca,90026,Los Angeles,1
40,McDonald,"201 w washington blvd, los angeles, ca, 90015, us",7.79,4.34,2.69,11.69,4.89,2.59,2.25,22,104,4.200000000000001,200+,6.667307692307693,1,1,1,0,ca,90015,Los Angeles,1
41,McDonald,"640 long beach blvd, long beach, ca, 90802, us",6.46,3.04,2.95,12.09,4.59,2.59,2.15,17,114,4.399999999999999,200+,5.264736842105264,1,1,1,0,ca,90802,Los Angeles,1
42,McDonald,"1000 e 4th st, long beach, ca, 90802, us",8.29,4.39,3.89,14.39,5.29,2.49,3.79,42,117,4.700000000000003,137,7.439230769230768,1,1,1,0,ca,90802,Los Angeles,1
43,McDonald,"1705 pacific coast hwy, long beach, ca, 90810, us",6.49,3.39,2.99,11.79,4.49,2.29,2.29,33,111,4.399999999999998,120,5.693243243243244,1,1,1,0,ca,90810,Los Angeles,1
44,McDonald,"1830, long beach, ca, 90806, us",8.29,4.39,3.89,14.39,5.29,2.49,3.79,46,121,4.299999999999999,80,7.377272727272726,1,1,1,0,ca,90806,Los Angeles,1
45,McDonald,"2599, long beach, ca, 90806, us",6.29,3.09,2.99,12.39,4.59,2.29,2.29,29,112,4.6000000000000005,193,5.731607142857143,1,1,1,0,ca,90806,Los Angeles,1
46,McDonald,"230 e pacific coast hwy, wilmington, ca, 90744, us",6.59,3.29,3.09,12.59,4.59,2.29,2.29,35,111,4.3,134,5.779189189189191,1,1,1,0,ca,90744,Los Angeles,1
47,McDonald,"27103 mcbean pkwy, santa clarita, ca, 91355, us",8.09,5.49,4.69,14.29,6.29,3.79,3.69,31,119,4.399999999999999,33,7.286638655462186,1,1,1,0,ca,91355,Los Angeles,1
48,McDonald,"23110, valencia, ca, 91355, us",8.09,5.49,4.69,14.29,6.29,3.79,3.69,31,120,4.799999999999999,69,7.343833333333335,1,1,1,0,ca,91355,Los Angeles,1
49,McDonald,"27618 the old road, valencia, ca, 91355, us",8.09,5.49,4.69,14.29,6.29,3.79,3.69,30,120,4.700000000000001,22,7.3838333333333335,1,1,1,0,ca,91355,Los Angeles,1
50,McDonald,"27776 n mcbean pky, santa clarita, ca, 91354, us",8.09,5.49,4.69,14.29,6.29,3.79,3.69,19,96,4.700000000000001,111,7.87125,1,1,1,0,ca,91354,Los Angeles,1
51,McDonald,"25323 chiquella ln, stevenson ranch, ca, 91381, us",6.39,3.19,2.99,10.39,5.39,1.99,3.49,35,119,4.399999999999999,122,5.39470588235294,1,1,1,0,ca,91381,Los Angeles,1
52,McDonald,"26940 sierra hwy, newhall, ca, 91387, us",8.09,5.49,4.69,14.29,6.29,3.79,3.89,33,116,4.600000000000001,43,7.242155172413796,1,1,1,0,ca,91387,Los Angeles,1
53,McDonald,"2114 4th st, san rafael, ca, 94901, us",8.29,4.39,4.39,12.99,4.99,2.49,3.49,90,258,4.8,23,6.562558139534883,1,1,1,0,ca,94901,Marin,1
54,McDonald,"190 merrydale rd, san rafael, ca, 94903, us",8.29,4.39,4.39,12.99,4.99,2.49,3.49,98,272,4.7,47,6.474264705882353,1,1,1,0,ca,94903,Marin,1
55,McDonald,"600 redwood hwy, mill valley, ca, 94941, us",8.19,3.69,3.49,15.29,5.09,2.44,2.89,22,134,4.5,85,7.37910447761194,1,1,1,0,ca,94941,Marin,1
56,McDonald,"5600 nave dr, novato, ca, 94949, us",8.29,4.39,4.39,12.99,4.99,2.49,3.49,100,272,4.8,47,6.335441176470589,1,1,1,0,ca,94949,Marin,1
57,McDonald,"981 lakeville hwy, petaluma, ca, 94952, us",8.69,4.19,3.79,14.79,5.69,2.19,3.29,52,258,4.7,24,5.817906976744186,1,1,1,0,ca,94952,Marin,1
58,McDonald,"103 mcdowell blvd, petaluma, ca, 94954, us",8.69,4.49,3.99,14.79,5.69,2.19,3.29,84,258,4.8,24,5.835736434108527,1,1,1,0,ca,94954,Sonoma,1
59,McDonald,"18988, sonoma, ca, 95476, us",8.49,4.49,4.29,14.39,5.69,2.19,3.49,29,125,4.200000000000003,13,5.902799999999999,1,1,1,0,ca,95476,Sonoma,1
60,McDonald,"155 kern st, salinas, ca, 93905, us",6.89,3.78,3.23,10.95,4.99,2.03,2.19,86,264,4.299999999999999,20,5.765454545454546,1,1,1,0,ca,93905,Monterey,1
61,McDonald,"1365 n main st, salinas, ca, 93906, us",6.79,3.49,3.39,11.19,4.79,1.99,2.39,21,128,4.3999999999999995,37,5.350937500000001,1,1,1,0,ca,93906,Monterey,1
62,McDonald,"608 williams rd, salinas, ca, 93905, us",6.89,4.05,3.64,11.22,4.99,2.03,1.99,48,138,4.5,13,5.716014492753623,1,1,1,0,ca,93905,Monterey,1
63,McDonald,"600 east boranda drive, salinas, ca, 93906, us",6.99,3.85,3.17,10.95,4.89,2.03,2.19,41,134,4.5,20,5.731791044776119,1,1,1,0,ca,93906,Monterey,1
64,McDonald,"301 e 1st st, santa ana, ca, 92701, us",6.49,3.39,3.29,13.69,5.19,2.89,2.29,38,110,4.899999999999998,66,6.574545454545456,1,1,1,0,ca,92701,Orange,1
65,McDonald,"1501 n bristol st, santa ana, ca, 92706, us",6.49,3.39,3.29,13.69,5.19,2.69,2.29,45,119,4.5,60,6.252184873949581,1,1,1,0,ca,92706,Orange,1
66,McDonald,"1100 s grand ave, santa ana, ca, 92705, us",6.79,3.29,3.09,12.79,4.89,2.29,2.59,33,106,4.5,100+,6.154716981132076,1,1,1,0,ca,92705,Orange,1
67,McDonald,"1526 w edinger ave, santa ana, ca, 92704, us",6.79,3.29,3.09,12.79,4.89,2.29,2.59,38,113,4.200000000000001,100+,6.01353982300885,1,1,1,0,ca,92704,Orange,1
68,McDonald,"2300 s. main street, santa ana, ca, 92707, us",6.79,3.29,3.09,12.79,4.89,2.29,2.59,37,111,4.600000000000002,100+,6.05,1,1,1,0,ca,92707,Orange,1
69,McDonald,"119 west ball road, anaheim, ca, 92805-6045, us",6.59,3.69,2.99,13.19,4.89,3.89,2.99,36,106,4.799999999999999,100+,6.421132075471699,1,1,1,0,ca,92805,Orange,1
70,McDonald,"1410 north lemon street, anaheim, ca, 92801, us",6.69,2.99,2.89,13.89,4.59,3.69,3.49,37,105,4.600000000000001,70,6.363904761904761,1,1,1,0,ca,92801,Orange,1
71,McDonald,"1500 s harbor blvd, anaheim, ca, 92802, us",7.29,3.59,3.09,15.39,5.69,3.59,3.09,29,95,4.600000000000002,100+,6.727473684210526,1,1,1,0,ca,92802,Orange,1
72,McDonald,"740 n. euclid st., anaheim, ca, 92801-4115, us",6.89,3.39,3.19,13.39,5.09,3.69,3.09,44,109,4.399999999999998,84,6.341376146788992,1,1,1,0,ca,92801,Orange,1
73,McDonald,"1100 north state college blvd, anaheim, ca, 92806, us",6.59,2.79,2.59,13.59,4.69,3.69,2.69,40,107,4.299999999999999,82,6.166635514018691,1,1,1,0,ca,92806,Orange,1
74,McDonald,"1810 s state college blvd, anaheim, ca, 92805, us",6.89,3.19,2.99,13.99,4.89,3.99,3.09,22,105,4.5,79,6.469047619047619,1,1,1,0,ca,92805,Orange,1
75,McDonald,"120 harding blvd, roseville, ca, 95678, us",8.39,4.18,3.69,13.99,5.37,2.69,2.11,44,127,0.0,10,5.837874015748031,1,1,1,0,ca,95678,Placer,1
76,McDonald,"3994 foothills blvd, roseville, ca, 95747, us",7.79,3.89,3.59,12.88,5.09,1.79,2.39,50,138,4.3,27,7.44659420289855,1,1,1,0,ca,95747,Placer,1
77,McDonald,"1190 cirby way, roseville, ca, 95746, us",7.29,4.59,3.79,11.99,5.29,1.79,1.99,41,135,0.0,10,6.777851851851852,1,1,1,0,ca,95746,Placer,1
78,McDonald,"6710 stanford ranch rd, roseville, ca, 95678, us",8.29,3.89,3.49,11.49,5.59,1.59,2.17,39,134,4.300000000000001,25,5.899850746268658,1,1,1,0,ca,95678,Placer,1
79,McDonald,"7632 sunrise blvd., citrus heights, ca, 95610, us",7.79,3.89,3.59,12.88,5.09,1.79,2.39,49,137,4.0,24,7.45941605839416,1,1,1,0,ca,95610,Sacramento,1
80,McDonald,"13370 lincoln way, auburn, ca, 95603, us",7.79,3.0,2.79,12.4,5.39,2.19,2.41,46,127,0.0,2,4.862913385826773,1,1,1,0,ca,95603,Placer,1
81,McDonald,"270, lincoln, ca, 95648, us",8.29,3.89,3.49,11.49,5.59,1.59,2.09,36,136,4.899999999999999,16,5.874117647058823,1,1,1,0,ca,95648,Placer,1
82,McDonald,"55, lincoln, ca, 95648, us",8.29,3.89,3.49,11.39,5.59,1.49,2.09,40,133,4.800000000000001,10,5.932857142857143,1,1,1,0,ca,95648,Placer,1
83,McDonald,"2172 sunset blvd, rocklin, ca, 95765, us",8.29,3.89,3.49,11.49,5.59,1.59,2.29,39,132,4.7,38,5.954696969696969,1,1,1,0,ca,95765,Placer,1
84,McDonald,"2242 university ave, riverside, ca, 92507, us",7.19,4.09,3.59,12.29,4.99,3.19,3.09,23,107,4.799999999999999,50+,6.390000000000001,1,1,1,0,ca,92507,Riverside,1
85,McDonald,"2246 iowa avenue, riverside, ca, 92507, us",7.19,4.49,4.19,12.19,6.09,2.79,3.09,41,112,4.5,50+,6.378660714285715,1,1,1,0,ca,92507,Riverside,1
86,McDonald,"7474 indiana street, riverside, ca, 92504, us",9.07,5.27,4.09,17.5,5.74,3.61,3.62,38,112,4.200000000000001,23,7.779642857142856,1,1,1,0,ca,92504,Riverside,1
87,McDonald,"5425 arlington avenue, riverside, ca, 92504, us",9.07,5.27,4.09,17.5,5.74,3.61,3.62,45,118,4.200000000000001,33,7.60449152542373,1,1,1,0,ca,92504,Riverside,1
88,McDonald,"6815 valley way, rubidoux, ca, 92509, us",7.19,3.99,3.89,12.59,5.09,3.49,2.89,26,107,4.600000000000001,50+,6.370373831775701,1,1,1,0,ca,92509,Riverside,1
89,McDonald,"22257 barton rd, grand terrace, ca, 92313, us",7.19,3.89,3.49,12.59,5.39,2.99,3.19,30,111,4.600000000000002,50+,6.219369369369368,1,1,1,0,ca,92313,San Bernardino,1
90,McDonald,"24440 alessandro blvd, moreno valley, ca, 92553, us",9.07,5.27,3.98,17.5,5.77,3.61,3.62,44,124,4.100000000000001,50+,7.5972580645161285,1,1,1,0,ca,92553,Riverside,1
91,McDonald,"23831 sunnymead blvd, moreno valley, ca, 92553, us",9.09,5.29,3.79,17.5,5.74,3.61,3.69,44,122,4.100000000000001,30,7.665819672131148,1,1,1,0,ca,92553,Riverside,1
92,McDonald,"2891 canyon springs parkway, riverside, ca, 92507, us",9.09,5.29,3.99,17.5,5.74,3.61,3.69,43,121,3.700000000000001,23,7.6723140495867765,1,1,1,0,ca,92507,Riverside,1
93,McDonald,"12371 perris blvd., moreno valley, ca, 92557, us",9.07,5.27,3.84,17.5,5.74,3.61,3.62,45,123,4.6000000000000005,36,7.607886178861788,1,1,1,0,ca,92557,Riverside,1
94,McDonald,"26200 iris avenue, moreno valley, ca, 92555, us",9.07,5.27,3.61,17.5,5.74,3.61,3.62,45,121,4.200000000000001,40,7.482231404958678,1,1,1,0,ca,92555,Riverside,1
95,McDonald,"221 e alessandro, riverside, ca, 92508, us",8.09,3.79,3.59,12.79,4.09,2.39,2.19,16,119,4.700000000000004,40,6.092941176470589,1,1,1,0,ca,92508,Riverside,1
96,McDonald,"25280 madison ave, murrieta, ca, 92562, us",6.84,2.87,2.39,12.19,5.03,2.63,2.39,34,114,0.0,10,6.283508771929825,1,1,1,0,ca,92562,Riverside,1
97,McDonald,"40605 california oaks road, murrieta, ca, 92562, us",6.49,2.69,2.31,12.19,4.99,2.63,2.39,37,115,4.5,13,6.267217391304349,1,1,1,0,ca,92562,Riverside,1
98,McDonald,"39888 los alamos rd, murrieta, ca, 92562, us",6.84,2.81,2.31,11.91,4.9,2.63,2.39,38,119,4.3,29,6.179243697478993,1,1,1,0,ca,92562,Riverside,1
99,McDonald,"23819 clinton keith rd, wildomar, ca, 92595, us",7.07,2.87,2.39,11.99,5.03,2.63,2.29,31,108,4.399999999999999,43,6.45425925925926,1,1,1,0,ca,92595,Riverside,1
100,McDonald,"40465 winchester rd, temecula, ca, 92591, us",7.43,3.11,2.87,12.09,5.15,2.39,2.39,41,120,5.0,23,5.733583333333334,1,1,1,0,ca,92591,Riverside,1
101,McDonald,"39196 winchester rd, murrieta, ca, 92563, us",7.43,3.11,2.87,12.09,5.15,2.39,2.39,43,122,4.6000000000000005,45,5.729918032786886,1,1,1,0,ca,92563,Riverside,1
102,McDonald,"200 richards blvd, sacramento, ca, 95811, us",8.49,3.59,3.49,12.99,5.29,1.99,2.59,41,139,4.3999999999999995,50+,8.07798561151079,1,1,1,0,ca,95811,Sacramento,1
103,McDonald,"3006 k st, sacramento, ca, 95816, us",8.49,3.59,3.49,12.99,5.29,1.99,2.79,40,137,4.0,46,8.18189781021898,1,1,1,0,ca,95816,Sacramento,1
104,McDonald,"800 riverpoint dr, west sacramento, ca, 95605, us",7.89,3.59,3.39,12.99,4.79,1.79,2.79,47,138,4.5,15,7.746376811594203,1,1,1,0,ca,95605,Yolo,1
105,McDonald,"2331 broadway, sacramento, ca, 95818, us",8.49,3.59,3.49,12.99,5.29,1.99,2.59,39,135,4.100000000000001,38,8.204296296296295,1,1,1,0,ca,95818,Sacramento,1
106,McDonald,"1700 w capitol ave, west sacramento, ca, 95691-2520, us",7.39,3.99,3.99,10.89,4.59,1.89,3.49,16,119,0.0,10,5.232857142857144,1,1,1,0,ca,95691,Yolo,1
107,McDonald,"2985 freeport blvd, sacramento, ca, 95818, us",8.49,3.59,3.49,12.99,5.29,1.99,2.59,36,136,4.399999999999999,27,8.079191176470587,1,1,1,0,ca,95818,Sacramento,1
108,McDonald,"8710, elk grove, ca, 95624, us",7.69,4.09,3.69,11.79,4.99,1.89,2.39,46,128,3.799999999999999,10,7.9209375,1,1,1,0,ca,95624,Sacramento,1
109,McDonald,"7527 laguna blvd, elk grove, ca, 95758, us",7.69,4.09,3.69,11.79,4.99,1.89,2.39,48,131,4.5,31,7.812595419847328,1,1,1,0,ca,95758,Sacramento,1
110,McDonald,"8361 sheldon road, suite 100, elk grove, ca, 95624, us",7.69,4.09,3.69,11.79,4.99,1.89,2.39,39,122,0.0,2,8.00934426229508,1,1,1,0,ca,95624,Sacramento,1
111,McDonald,"10051 bruceville road, elk grove, ca, 95757, us",7.69,4.09,3.69,11.79,4.99,1.89,2.39,48,131,4.399999999999999,19,7.812595419847328,1,1,1,0,ca,95757,Sacramento,1
112,McDonald,"8220 calvine rd., sacramento, ca, 95828, us",7.69,4.09,3.69,11.79,4.99,1.89,2.39,48,130,4.2,10,7.844307692307693,1,1,1,0,ca,95828,Sacramento,1
113,McDonald,"699 2nd st, san bernardino, ca, 92410, us",6.69,2.91,2.59,11.99,4.29,2.39,2.39,31,125,4.0,50+,5.42344,1,1,1,0,ca,92410,San Bernardino,1
114,McDonald,"568 s mt vernon ave, san bernardino, ca, 92410, us",6.69,2.89,2.59,11.99,4.59,2.39,2.39,34,124,4.700000000000002,50+,5.515483870967743,1,1,1,0,ca,92410,San Bernardino,1
115,McDonald,"1208 n. mt. vernon blvd, san bernardino, ca, 92411, us",6.69,3.09,2.69,11.99,4.49,2.39,2.21,31,125,4.5,50+,5.500720000000001,1,1,1,0,ca,92411,San Bernardino,1
116,McDonald,"718 w highland ave, san bernardino, ca, 92405, us",6.69,2.91,2.69,11.99,4.39,2.39,2.39,27,117,4.399999999999999,50+,5.467350427350427,1,1,1,0,ca,92405,San Bernardino,1
117,McDonald,"100 e redlands blvd, san bernardino, ca, 92408, us",7.89,4.39,3.49,13.99,5.89,2.99,3.59,35,127,4.600000000000001,34,6.522047244094488,1,1,1,0,ca,92408,San Bernardino,1
118,McDonald,"225 w valley blvd, colton, ca, 92324, us",7.19,4.09,3.89,12.49,6.29,2.79,3.29,41,124,4.399999999999999,25,6.0583064516129035,1,1,1,0,ca,92324,San Bernardino,1
119,McDonald,"16063 foothill blvd, fontana, ca, 92335, us",6.19,4.19,3.89,10.49,4.89,1.99,2.99,26,126,4.299999999999997,50+,5.158809523809524,1,1,1,0,ca,92335,San Bernardino,1
120,McDonald,"1318 w foothill blvd, rialto, ca, 92376, us",8.09,3.79,3.59,12.79,4.09,2.39,2.19,19,120,4.5,50+,6.108583333333333,1,1,1,0,ca,92376,San Bernardino,1
121,McDonald,"17017 sierra lakes pkwy., fontana, ca, 92336, us",7.49,3.74,3.49,13.29,5.36,2.49,3.19,30,124,4.5,50+,5.879596774193548,1,1,1,0,ca,92336,San Bernardino,1
122,McDonald,"1173 west casmalia st, rialto, ca, 92377, us",8.09,3.79,3.59,12.79,4.09,2.39,2.19,14,117,4.799999999999997,35,6.095384615384615,1,1,1,0,ca,92377,San Bernardino,1
123,McDonald,"10143 sierra ave, fontana, ca, 92335, us",8.09,3.79,3.59,12.79,4.09,2.39,2.19,19,121,4.6000000000000005,50+,6.084049586776859,1,1,1,0,ca,92335,San Bernardino,1
124,McDonald,"nwc roy rogers &amp; la paz plz, victorville, ca, 92395, us",7.59,4.51,2.99,11.19,4.96,2.59,2.43,33,116,4.200000000000001,50+,6.090775862068967,1,1,1,0,ca,92395,San Bernardino,1
125,McDonald,"14526 palmdale rd, victorville, ca, 92392, us",7.69,4.68,2.89,11.19,4.87,2.59,2.65,33,117,4.200000000000001,50+,6.015384615384615,1,1,1,0,ca,92392,San Bernardino,1
126,McDonald,"12146 mariposa rd, victorville, ca, 92395, us",7.69,4.68,2.89,11.69,5.18,2.59,2.64,40,119,4.2,50+,6.066470588235294,1,1,1,0,ca,92395,San Bernardino,1
127,McDonald,"16670 bear valley road, victorville, ca, 92395, us",7.39,4.13,2.41,10.45,4.35,2.59,2.38,22,104,4.200000000000001,50+,5.880480769230768,1,1,1,0,ca,92395,San Bernardino,1
128,McDonald,"13625 bear valley rd, victorville, ca, 92392, us",7.89,3.99,3.59,13.99,5.89,2.99,3.59,15,108,4.399999999999999,36,6.777685185185186,1,1,1,0,ca,92392,San Bernardino,1
129,McDonald,"12254 palmdale road, victorville, ca, 92392, us",8.09,4.19,3.59,14.19,5.89,2.99,3.59,29,120,4.200000000000001,50+,6.658916666666666,1,1,1,0,ca,92392,San Bernardino,1
130,McDonald,"1260 park blvd, san diego, ca, 92101, us",8.49,4.39,3.79,14.19,5.59,3.19,3.69,38,118,4.5,100+,7.797627118644066,1,1,1,0,ca,92101,San Diego,1
131,McDonald,"2796 main st, san diego, ca, 92113, us",8.69,4.29,2.99,14.49,5.79,3.09,2.49,23,125,4.6000000000000005,100+,6.6913599999999995,1,1,1,0,ca,92113,San Diego,1
132,McDonald,"1414 university ave, san diego, ca, 92103, us",8.39,4.27,3.78,13.65,5.69,2.79,2.99,32,125,4.5,100+,6.6452800000000005,1,1,1,0,ca,92103,San Diego,1
133,McDonald,"1515 euclid ave, san diego, ca, 92105, us",8.69,4.19,2.79,14.09,5.79,2.89,2.49,39,124,4.5,100+,6.5760483870967725,1,1,1,0,ca,92105,San Diego,1
134,McDonald,"2345 el cajon blvd., san diego, ca, 92104, us",8.49,4.39,3.79,14.19,5.59,3.19,3.69,39,117,4.399999999999999,100+,7.819059829059828,1,1,1,0,ca,92104,San Diego,1
135,McDonald,"3805 midway dr, san diego, ca, 92110-5209, us",7.92,3.85,3.75,13.87,5.79,2.59,2.99,23,118,4.5,100+,8.884322033898306,1,1,1,0,ca,92110,San Diego,1
136,McDonald,"725 e st, chula vista, ca, 91910, us",6.97,3.61,3.39,12.47,5.29,2.12,2.69,44,119,5.0,27,5.58058823529412,1,1,1,0,ca,91910,San Diego,1
137,McDonald,"3400 highland ave, chula vista, ca, 91950, us",8.69,4.19,2.69,13.59,5.69,2.79,2.49,39,124,4.700000000000002,15,6.494596774193549,1,1,1,0,ca,91950,San Diego,1
138,McDonald,"619 broadway, chula vista, ca, 91910, us",8.39,4.28,3.78,13.65,5.5,2.79,2.99,25,122,4.799999999999998,25,6.6582786885245895,1,1,1,0,ca,91910,San Diego,1
139,McDonald,"2140 plaza blvd., national city, ca, 91950, us",8.69,4.19,2.99,13.99,5.69,2.89,2.49,33,118,4.700000000000003,79,6.721101694915253,1,1,1,0,ca,91950,San Diego,1
140,McDonald,"1110 3rd ave, chula vista, ca, 91911, us",6.97,3.85,3.59,11.83,5.29,2.12,2.63,46,124,4.5,64,5.409274193548387,1,1,1,0,ca,91911,San Diego,1
141,McDonald,"137 canyon dr, oceanside, ca, 92054, us",6.79,3.19,2.89,11.89,4.91,1.99,2.33,51,119,4.899999999999999,18,5.713361344537815,1,1,1,0,ca,92054,San Diego,1
142,McDonald,"1701, oceanside, ca, 92054, us",6.49,3.19,2.89,11.89,4.79,1.99,2.49,37,116,5.0,24,5.6899137931034485,1,1,1,0,ca,92054,San Diego,1
143,McDonald,"2185 vista way, oceanside, ca, 92054, us",6.79,3.19,2.89,11.99,4.89,1.99,2.49,43,114,4.700000000000002,21,5.889298245614034,1,1,1,0,ca,92054,San Diego,1
144,McDonald,"3720 mission ave, oceanside, ca, 92058, us",6.79,3.19,2.89,11.89,4.79,1.99,2.39,50,118,4.200000000000001,18,5.763389830508476,1,1,1,0,ca,92058,San Diego,1
145,McDonald,"4151 oceanside blvd, oceanside, ca, 92056, us",6.59,3.19,2.69,11.89,4.59,1.99,2.29,44,118,4.700000000000003,52,5.65050847457627,1,1,1,0,ca,92056,San Diego,1
146,McDonald,"487 college blvd, oceanside, ca, 92057, us",6.99,3.19,2.69,11.99,4.79,1.99,2.02,43,116,4.799999999999998,57,5.76146551724138,1,1,1,0,ca,92057,San Diego,1
147,McDonald,"1100 fillmore st, san francisco, ca, 94115, us",7.89,4.09,3.59,13.69,5.49,2.29,2.99,49,130,4.5,100+,6.033461538461538,1,1,1,0,ca,94115,San Francisco,1
148,McDonald,"441 sutter st, san francisco, ca, 94108, us",7.89,3.49,3.09,15.99,5.89,2.89,2.99,52,226,4.700000000000001,100+,8.41150442477876,1,1,1,0,ca,94108,San Francisco,1
149,McDonald,"302 potrero avenue, san francisco, ca, 94103, us",7.89,3.89,3.39,16.29,6.29,2.89,2.89,44,250,4.6,100+,7.34416,1,1,1,0,ca,94103,San Francisco,1
150,McDonald,"609 market st, san francisco, ca, 94105-3301, us",7.89,4.09,3.49,13.69,5.49,2.29,2.89,41,124,4.6000000000000005,100+,6.12241935483871,1,1,1,0,ca,94105,San Francisco,1
151,McDonald,"2801 mission st, san francisco, ca, 94110, us",8.09,3.09,2.79,16.09,5.89,2.89,2.99,42,272,4.600000000000001,100+,7.435441176470587,1,1,1,0,ca,94110,San Francisco,1
152,McDonald,"345 bay shore blvd, san francisco, ca, 94124, us",8.69,3.79,3.29,16.29,5.59,2.89,2.99,58,272,4.5,100+,7.481029411764705,1,1,1,0,ca,94124,San Francisco,1
153,McDonald,"1201 ocean ave, san francisco, ca, 94112-1830, us",7.89,4.09,3.49,13.69,5.29,2.29,2.89,98,262,4.600000000000001,100+,6.054961832061069,1,1,1,0,ca,94112,San Francisco,1
154,McDonald,"5454 mission st, san francisco, ca, 94112, us",8.29,3.49,2.99,15.79,5.29,2.89,2.99,48,268,4.5,100+,7.451940298507462,1,1,1,0,ca,94112,San Francisco,1
155,McDonald,"322 s center st, stockton, ca, 95203, us",7.69,4.09,3.69,11.79,4.99,1.89,2.39,48,131,4.3,20,7.812595419847328,1,1,1,0,ca,95203,San Joaquin,1
156,McDonald,"1423 n center st, stockton, ca, 95202, us",7.69,4.09,3.69,11.79,4.99,1.89,2.39,46,128,2.6000000000000005,11,7.906093749999999,1,1,1,0,ca,95202,San Joaquin,1
157,McDonald,"1009 n wilson way, stockton, ca, 95205-4217, us",7.69,4.09,3.69,11.79,4.99,1.89,2.39,48,131,4.5,13,7.812595419847328,1,1,1,0,ca,95205,San Joaquin,1
158,McDonald,"611 w charter way, stockton, ca, 95206, us",7.69,4.09,3.69,11.79,4.99,1.89,2.39,46,128,4.1000000000000005,40,7.920937499999999,1,1,1,0,ca,95206,San Joaquin,1
159,McDonald,"4515 pacific ave, stockton, ca, 95207, us",7.69,4.09,3.69,11.79,4.99,1.89,2.39,47,129,4.5,14,7.894341085271319,1,1,1,0,ca,95207,San Joaquin,1
160,McDonald,"4419 waterloo road, stockton, ca, 95215, us",7.69,4.09,3.69,11.79,4.99,1.89,2.39,42,123,4.299999999999998,12,8.048211382113822,1,1,1,0,ca,95215,San Joaquin,1
161,McDonald,"1550 grand ave, grover beach, ca, 93433, us",7.19,3.99,3.69,13.09,4.99,2.29,2.59,76,264,4.799999999999999,19,5.979318181818183,1,1,1,0,ca,93433,San Luis Obispo,1
162,McDonald,"1420 el camino real, san mateo, ca, 94402, us",6.69,3.19,2.79,10.69,3.99,2.09,1.99,21,129,4.699999999999999,100+,5.628914728682171,1,1,1,0,ca,94402,San Mateo,1
163,McDonald,"1101 triton dr, foster city, ca, 94404, us",6.69,3.19,2.79,10.69,3.99,2.09,1.99,22,127,4.700000000000004,99,5.661811023622048,1,1,1,0,ca,94404,San Mateo,1
164,McDonald,"522 el camino real, belmont, ca, 94002-2121, us",7.39,3.49,3.29,12.39,4.47,1.69,2.89,31,138,4.8,41,5.430072463768116,1,1,1,0,ca,94002,San Mateo,1
165,McDonald,"381 s airport blvd, south san francisco, ca, 94080, us",8.29,4.59,3.99,13.99,5.69,2.19,3.39,36,128,4.5,83,5.692343749999999,1,1,1,0,ca,94080,San Mateo,1
166,McDonald,"180 el camino real, san carlos, ca, 94070, us",7.39,3.49,4.19,12.05,4.59,1.69,2.89,28,131,4.5,22,5.450458015267175,1,1,1,0,ca,94070,San Mateo,1
167,McDonald,"1101 el camino real, millbrae, ca, 94030, us",6.69,3.19,2.79,10.69,3.99,2.09,2.19,21,124,4.6000000000000005,100+,5.760322580645162,1,1,1,0,ca,94030,San Mateo,1
168,McDonald,"2450 junipero serra blvd, daly city, ca, 94015-1632, us",8.49,4.49,4.39,14.29,5.69,2.19,3.19,41,127,4.700000000000004,100+,5.955354330708663,1,1,1,0,ca,94015,San Mateo,1
169,McDonald,"505 serramonte blvd, daly city, ca, 94015-4372, us",7.79,3.99,3.79,13.29,4.99,2.29,3.19,43,128,4.299999999999999,100+,6.857187500000001,1,1,1,0,ca,94015,San Mateo,1
170,McDonald,"125 monterey rd, pacifica, ca, 94044-1332, us",7.39,3.49,3.29,12.39,4.59,1.69,2.89,30,139,4.699999999999999,23,5.379064748201439,1,1,1,0,ca,94044,San Mateo,1
171,McDonald,"2298 gellert blvd, south san francisco, ca, 94080, us",8.69,4.49,4.39,14.29,5.69,2.19,3.29,29,128,4.1000000000000005,29,5.84078125,1,1,1,0,ca,94080,San Mateo,1
172,McDonald,"1710 s broadway, santa maria, ca, 93454, us",6.59,4.29,3.89,11.69,4.89,2.09,2.89,82,254,4.5,22,5.619212598425197,1,1,1,0,ca,93454,Santa Barbara,1
173,McDonald,"29 north milpas street, santa barbara, ca, 93103, us",6.79,4.59,4.19,12.59,5.59,1.69,2.89,48,124,4.6000000000000005,50+,5.938467741935484,1,1,1,0,ca,93103,Santa Barbara,1
174,McDonald,"1906 cliff dr, santa barbara, ca, 93109, us",6.79,3.99,3.89,12.39,5.79,1.69,2.99,35,125,4.700000000000003,50+,5.865279999999999,1,1,1,0,ca,93109,Santa Barbara,1
175,McDonald,"3940 state street, santa barbara, ca, 93110, us",6.59,4.29,4.09,12.29,5.19,1.69,2.59,33,125,4.8999999999999995,41,5.794080000000001,1,1,1,0,ca,93110,Santa Barbara,1
176,McDonald,"6900 marketplace drive, goleta, ca, 93117, us",7.18,4.19,3.99,13.42,5.02,2.09,2.69,41,125,4.6000000000000005,50+,6.14504,1,1,1,0,ca,93117,Santa Barbara,1
177,McDonald,"146 s fairview blvd, santa barbara, ca, 93117, us",7.18,4.19,3.99,13.42,5.02,2.09,2.69,47,133,4.800000000000001,21,6.025263157894737,1,1,1,0,ca,93117,Santa Barbara,1
178,McDonald,"1115 casitas pass road, carpinteria, ca, 93013, us",6.04,2.63,2.41,10.07,3.29,1.59,2.17,10,125,4.799999999999997,23,4.569679999999999,1,1,1,0,ca,93013,Santa Barbara,1
179,McDonald,"1299 e santa clara st, san jose, ca, 95116, us",6.69,3.59,3.19,10.79,4.99,2.19,2.69,29,135,4.399999999999999,99,5.421481481481481,1,1,1,0,ca,95116,Santa Clara,1
180,McDonald,"2191 monterey highway, san jose, ca, 95125, us",8.69,3.99,3.69,14.89,5.69,2.19,3.29,34,130,4.6000000000000005,35,5.973076923076923,1,1,1,0,ca,95125,Santa Clara,1
181,McDonald,"777 story rd, san jose, ca, 95122, us",7.19,3.89,2.99,11.59,5.09,2.09,2.89,22,127,4.200000000000004,28,5.835511811023625,1,1,1,0,ca,95122,Santa Clara,1
182,McDonald,"1398 w. san carlos, san jose, ca, 95126, us",8.49,3.99,3.69,14.49,5.69,2.19,3.29,37,134,4.699999999999999,100+,5.941492537313433,1,1,1,0,ca,95126,Santa Clara,1
183,McDonald,"585 tully rd, san jose, ca, 95112-1920, us",7.19,4.09,3.29,11.99,4.79,2.09,2.89,26,134,4.199999999999999,16,5.812238805970149,1,1,1,0,ca,95112,Santa Clara,1
184,McDonald,"2353 mckee rd, san jose, ca, 95133, us",7.3,3.47,2.39,12.22,4.99,2.09,2.39,39,128,4.6,37,5.682968750000001,1,1,1,0,ca,95133,Santa Clara,1
185,McDonald,"556 e el camino real, sunnyvale, ca, 94087, us",7.39,3.49,4.19,12.05,4.47,1.69,2.89,24,127,4.700000000000004,57,5.450787401574803,1,1,1,0,ca,94087,Santa Clara,1
186,McDonald,"696 n mathilda ave, sunnyvale, ca, 94085, us",8.69,4.29,3.79,15.29,5.69,2.19,3.39,44,130,4.8999999999999995,71,6.077692307692308,1,1,1,0,ca,94085,Santa Clara,1
187,McDonald,"10990 n stelling rd, cupertino, ca, 95014, us",7.39,3.49,4.19,12.05,4.47,1.69,2.69,31,128,4.6,69,5.52765625,1,1,1,0,ca,95014,Santa Clara,1
188,McDonald,"550 lawrence expy, sunnyvale, ca, 94085, us",9.43,4.03,3.63,14.7,6.05,2.28,2.95,44,131,4.600000000000001,74,6.35557251908397,1,1,1,0,ca,94085,Santa Clara,1
189,McDonald,"2850 augustine dr, santa clara, ca, 95054, us",9.29,4.03,3.63,14.7,6.05,2.37,2.95,45,130,4.3999999999999995,53,6.281153846153845,1,1,1,0,ca,95054,Santa Clara,1
190,McDonald,"3509 home stead rd, santa clara, ca, 95051, us",8.69,4.39,3.79,14.89,5.69,2.19,3.39,30,119,4.600000000000001,35,5.895042016806722,1,1,1,0,ca,95051,Santa Clara,1
191,McDonald,"1210 ocean ave, santa cruz, ca, 95060, us",7.09,3.59,2.89,11.79,4.79,2.48,2.59,82,260,4.7,48,5.997,1,1,1,0,ca,95060,Santa Cruz,1
192,McDonald,"1760 41st ave, capitola, ca, 95010-2503, us",7.29,3.59,2.69,11.79,4.79,2.09,2.39,28,130,4.3,43,5.781384615384615,1,1,1,0,ca,95010,Santa Cruz,1
193,McDonald,"259 mount hermon rd, scotts valley, ca, 95066, us",6.99,3.59,3.19,12.19,4.79,2.09,2.39,30,123,4.799999999999998,19,5.940813008130082,1,1,1,0,ca,95066,Santa Cruz,1
194,McDonald,"3289 sonoma blvd, vallejo, ca, 94590, us",8.29,3.59,3.49,12.99,4.79,2.29,2.59,41,147,4.3,35,8.058775510204082,1,1,1,0,ca,94590,Solano,1
195,McDonald,"416 e lincoln rd, vallejo, ca, 94591, us",7.99,4.19,3.49,12.29,5.29,2.39,3.19,46,134,4.0,14,6.38686567164179,1,1,1,0,ca,94591,Solano,1
196,McDonald,"170 lincoln rd e, vallejo, ca, 94591-8206, us",7.99,4.19,3.59,12.29,5.19,2.39,3.09,47,134,4.100000000000001,16,6.435373134328359,1,1,1,0,ca,94591,Solano,1
197,McDonald,"2565 springs rd, vallejo, ca, 94591-5612, us",7.99,4.19,3.49,12.29,5.39,2.39,3.09,46,134,4.899999999999999,16,6.4129850746268655,1,1,1,0,ca,94591,Solano,1
198,McDonald,"2110 columbus parkway, benicia, ca, 94510, us",6.89,3.99,3.59,11.79,4.99,2.19,3.79,48,140,3.8999999999999986,15,5.928,1,1,1,0,ca,94510,Solano,1
199,McDonald,"902 admiral callaghan ln, vallejo, ca, 94591, us",7.99,4.19,3.59,12.09,5.19,2.39,3.19,47,134,4.600000000000001,23,6.429925373134329,1,1,1,0,ca,94591,Solano,1
200,McDonald,"699 beck ave, fairfield, ca, 94533, us",7.09,3.19,3.09,12.69,5.19,1.69,2.29,27,123,4.700000000000002,14,5.547154471544715,1,1,1,0,ca,94533,Solano,1
201,McDonald,"2212 no texas st, fairfield, ca, 94533, us",8.29,3.59,3.49,12.99,4.79,1.99,2.59,42,135,4.399999999999999,38,7.249629629629628,1,1,1,0,ca,94533,Solano,1
202,McDonald,"101 sunset ave, suisun city, ca, 94585, us",8.49,3.59,3.49,12.99,5.09,1.99,2.59,42,138,4.899999999999999,26,8.051159420289855,1,1,1,0,ca,94585,Solano,1
203,McDonald,"4400 central pl, fairfield, ca, 94534, us",6.89,3.79,3.59,12.79,4.79,2.09,3.19,42,128,4.799999999999999,21,7.022031250000001,1,1,1,0,ca,94534,Solano,1
204,McDonald,"990 alamo dr, vacaville, ca, 95687, us",8.49,3.59,3.49,12.99,5.29,1.99,2.59,41,136,4.7,18,8.24389705882353,1,1,1,0,ca,95687,Solano,1
205,McDonald,"2642 santa rosa ave, santa rosa, ca, 95407, us",7.99,3.89,3.29,12.59,4.99,2.09,2.43,22,130,4.7,62,5.957461538461539,1,1,1,0,ca,95407,Sonoma,1
206,McDonald,"mission blvd, santa rosa, ca, 95409, us",7.99,3.89,3.39,12.69,4.89,2.09,2.49,23,128,4.6,37,5.952109375000001,1,1,1,0,ca,95409,Sonoma,1
207,McDonald,"879 hopper ave, santa rosa, ca, 95403, us",7.99,3.89,3.39,12.39,4.99,2.09,2.59,21,128,4.700000000000001,14,5.808359375000001,1,1,1,0,ca,95403,Sonoma,1
208,McDonald,"2521 guerneville rd, santa rosa, ca, 95401, us",7.99,3.89,3.39,12.89,4.99,2.09,2.33,23,131,4.5,27,5.946106870229008,1,1,1,0,ca,95401,Sonoma,1
209,McDonald,"6600 commerce blvd, rohnert park, ca, 94928, us",8.69,4.39,3.79,14.29,5.69,2.19,3.29,25,126,4.299999999999997,26,5.863015873015872,1,1,1,0,ca,94928,Sonoma,1
210,McDonald,"900 9th st, modesto, ca, 95354, us",8.29,4.49,4.19,13.69,5.69,1.99,2.29,42,136,4.399999999999999,14,8.103455882352943,1,1,1,0,ca,95354,Stanislaus,1
211,McDonald,"409 paradise road, modesto, ca, 95351, us",8.29,4.49,4.19,13.69,5.69,1.99,2.29,44,138,4.5,14,8.067028985507246,1,1,1,0,ca,95351,Stanislaus,1
212,McDonald,"901 n carpenter rd, modesto, ca, 95358, us",8.29,4.49,4.19,13.69,5.69,1.99,2.29,43,137,0.0,2,8.086569343065692,1,1,1,0,ca,95358,Stanislaus,1
213,McDonald,"801 oakdale ave, modesto, ca, 95355, us",7.69,4.09,3.69,11.79,4.99,1.89,2.39,46,128,4.299999999999999,18,7.920937500000001,1,1,1,0,ca,95355,Stanislaus,1
214,McDonald,"2118 mchenry ave, modesto, ca, 95350-3213, us",7.89,3.59,3.39,12.99,4.99,1.79,2.79,47,139,4.3999999999999995,18,7.687410071942446,1,1,1,0,ca,95350,Stanislaus,1
215,McDonald,"1800 prescott rd, modesto, ca, 95350, us",7.89,3.89,3.39,12.99,4.99,1.79,2.79,47,138,4.399999999999999,16,7.74391304347826,1,1,1,0,ca,95350,Stanislaus,1
216,McDonald,"3636 w mineral king ave, visalia, ca, 93291, us",7.19,3.89,3.39,11.69,4.59,1.69,2.29,90,274,4.399999999999999,18,6.370072992700729,1,1,1,0,ca,93291,Tulare,1
217,McDonald,"3636 s mooney blvd, visalia, ca, 93277-8019, us",7.19,3.89,3.39,11.69,4.59,1.69,2.29,45,135,4.2,16,6.169777777777778,1,1,1,0,ca,93277,Tulare,1
218,McDonald,"5215 w akers / walnut, visalia, ca, 93277, us",7.19,3.89,3.39,11.69,4.59,1.69,2.29,45,134,4.800000000000001,13,6.481044776119403,1,1,1,0,ca,93277,Tulare,1
219,McDonald,"3102 ndinuba, visalia, ca, 93291, us",7.19,3.89,3.39,11.69,4.59,1.69,2.29,46,135,4.2,13,6.488814814814815,1,1,1,0,ca,93291,Tulare,1
220,McDonald,"5205 w goshen, visalia, ca, 93291, us",7.19,3.89,3.39,11.69,4.59,1.69,2.29,38,123,0.0,10,6.720406504065042,1,1,1,0,ca,93291,Tulare,1
221,McDonald,"401 ventura ave, oxnard, ca, 93030, us",5.71,2.39,2.52,9.76,3.34,1.59,2.15,16,124,4.5,47,4.627903225806452,1,1,1,0,ca,93030,Ventura,1
222,McDonald,"605 s. rose ave., oxnard, ca, 93030, us",5.93,2.69,2.63,10.06,3.53,1.59,2.27,15,126,4.200000000000003,25,4.590873015873016,1,1,1,0,ca,93030,Ventura,1
223,McDonald,"1711 n, oxnard, ca, 93030, us",6.5,2.49,2.63,9.98,3.49,1.59,2.25,12,126,4.600000000000001,50+,4.61730158730159,1,1,1,0,ca,93030,Ventura,1
224,McDonald,"1741 pacific ave, oxnard, ca, 93033, us",5.82,2.74,2.39,9.77,3.19,1.59,2.25,15,126,4.5,39,4.616825396825396,1,1,1,0,ca,93033,Ventura,1
225,McDonald,"2201 n rose ave, oxnard, ca, 93036, us",5.93,2.79,2.63,9.86,3.18,1.59,2.25,16,121,4.5,28,4.613223140495868,1,1,1,0,ca,93036,Ventura,1
226,McDonald,"3120 s saviers rd, oxnard, ca, 93033, us",6.89,3.49,2.75,14.78,6.59,2.69,3.19,35,117,4.600000000000001,28,6.9557264957264975,1,1,1,0,ca,93033,Ventura,1
227,Jack in the Box,"4425 telegraph ave, oakland, ca, 94609, us",5.86,,,11.6,,,3.36,44,264,4.299999999999999,100+,7.861590909090909,1,1,1,0,ca,94609,Alameda,1
228,Jack in the Box,"2424 east international boulevard, oakland, ca, 94601, us",5.86,,,11.6,,,3.86,23,131,4.3,100+,7.864274809160304,1,1,1,0,ca,94601,Alameda,1
229,Jack in the Box,"6510 telegraph ave, oakland, ca, 94609, us",5.86,,,11.6,,,3.36,20,133,4.199999999999999,78,7.8154887218045115,1,1,1,0,ca,94609,Alameda,1
230,Jack in the Box,"532 hegenberger road, oakland, ca, 94621, us",5.86,,,11.6,,,3.36,22,132,4.399999999999999,97,7.829393939393939,1,1,1,0,ca,94621,Alameda,1
231,Jack in the Box,"1257 park st, alameda, ca, 94501, us",6.24,,,12.85,,,4.11,40,135,4.5,63,8.296666666666669,1,1,1,0,ca,94501,Alameda,1
232,Jack in the Box,"5533 stevenson blvd., fremont, ca, 94538, us",7.24,,,14.23,,,4.11,80,272,4.8,20,8.587573529411763,1,1,1,0,ca,94538,Alameda,1
233,Jack in the Box,"41115, fremont, ca, 94538, us",7.24,,,14.23,,,4.11,40,136,4.100000000000001,14,8.587573529411763,1,1,1,0,ca,94538,Alameda,1
234,Jack in the Box,"39017 cedar blvd., newark, ca, 94560, us",7.24,,,14.23,,,4.11,40,136,4.7,25,8.58470588235294,1,1,1,0,ca,94560,Alameda,1
235,Jack in the Box,"43921 osgood road., fremont, ca, 94539, us",7.24,,,14.23,,,4.11,40,137,4.5,11,8.54941605839416,1,1,1,0,ca,94539,Alameda,1
236,Jack in the Box,"34701 ardenwood blvd., fremont, ca, 94555, us",7.24,,,14.23,,,4.11,40,135,3.899999999999998,22,8.623407407407408,1,1,1,0,ca,94555,Alameda,1
237,Jack in the Box,"24175 mission boulevard, hayward, ca, 94544, us",4.86,,,11.6,,,4.36,40,137,4.6000000000000005,45,7.9262043795620425,1,1,1,0,ca,94544,Alameda,1
238,Jack in the Box,"18555 mission blvd, hayward, ca, 94541, us",6.99,,,12.85,,,4.11,38,135,4.399999999999999,33,8.50577777777778,1,1,1,0,ca,94541,Alameda,1
239,Jack in the Box,"17550 hesperian blvd, san lorenzo, ca, 94580, us",5.86,,,11.6,,,3.49,21,131,3.6999999999999993,14,7.834809160305345,1,1,1,0,ca,94580,Alameda,1
240,Jack in the Box,"3035, castro valley, ca, 94546, us",5.86,,,11.6,,,3.36,21,134,4.5,46,7.787910447761195,1,1,1,0,ca,94546,Alameda,1
241,Jack in the Box,"25198 hesperian boulevard, hayward, ca, 94545, us",4.86,,,11.6,,,4.36,40,136,4.5,32,7.956985294117648,1,1,1,0,ca,94545,Alameda,1
242,Jack in the Box,"1051 willow pass ct., concord, ca, 94520, us",7.24,,,14.23,,,4.11,40,131,4.899999999999999,31,8.743664122137405,1,1,1,0,ca,94520,Contra Costa,1
243,Jack in the Box,"4740 clayton rd, concord, ca, 94521, us",6.61,,,12.85,,,4.11,38,137,4.6000000000000005,11,8.366496350364963,1,1,1,0,ca,94521,Contra Costa,1
244,Jack in the Box,"1710 monument blvd, concord, ca, 94518, us",6.61,,,12.85,,,4.11,38,137,4.1000000000000005,46,8.366496350364963,1,1,1,0,ca,94518,Contra Costa,1
245,Jack in the Box,"1817 contra costa blvd, pleasant hill, ca, 94523, us",7.24,,,14.23,,,4.11,40,137,4.700000000000001,18,8.54941605839416,1,1,1,0,ca,94523,Contra Costa,1
246,Jack in the Box,"2295 n main st, walnut creek, ca, 94596, us",6.61,,,12.85,,,4.11,38,133,4.600000000000001,27,8.477218045112782,1,1,1,0,ca,94596,Contra Costa,1
247,Jack in the Box,"2135 railroad avenue, pittsburg, ca, 94565, us",5.61,,,11.73,,,3.36,23,135,4.600000000000001,37,7.2073333333333345,1,1,1,0,ca,94565,Contra Costa,1
248,Jack in the Box,"3110 e tulare st, fresno, ca, 93702, us",6.61,,,13.35,,,3.74,23,138,4.100000000000001,28,7.913768115942029,1,1,1,0,ca,93702,Fresno,1
249,Jack in the Box,"1167 n clovis ave, fresno, ca, 93727, us",6.61,,,13.35,,,3.74,23,137,3.6999999999999997,11,7.948832116788322,1,1,1,0,ca,93727,Fresno,1
250,Jack in the Box,"2124 n blackstone hwy, fresno, ca, 93703, us",6.61,,,13.35,,,3.74,23,137,4.5,39,7.948832116788322,1,1,1,0,ca,93703,Fresno,1
251,Jack in the Box,"4968 e kings canyon rd, fresno, ca, 93727, us",6.61,,,13.35,,,3.74,23,135,4.2,40,8.011037037037037,1,1,1,0,ca,93727,Fresno,1
252,Jack in the Box,"3058 w clinton ave, fresno, ca, 93722, us",6.61,,,13.35,,,3.74,23,135,4.3,35,7.815925925925926,1,1,1,0,ca,93722,Fresno,1
253,Jack in the Box,"2220 chester ave, bakersfield, ca, 93301, us",7.49,,,13.73,,,4.36,40,137,4.200000000000001,18,8.523576642335767,1,1,1,0,ca,93301,Kern,1
254,Jack in the Box,"1200 oak street, bakersfield, ca, 93304, us",7.49,,,13.73,,,4.36,40,136,4.0,21,8.563382352941176,1,1,1,0,ca,93304,Kern,1
255,Jack in the Box,"10 union ave, bakersfield, ca, 93307, us",7.49,,,13.73,,,4.36,40,136,4.399999999999999,17,8.563382352941176,1,1,1,0,ca,93307,Kern,1
256,Jack in the Box,"4200 chester ave, bakersfield, ca, 93301, us",7.49,,,13.73,,,4.36,40,136,4.399999999999999,30,8.563382352941176,1,1,1,0,ca,93301,Kern,1
257,Jack in the Box,"1003 east california avenue, bakersfield, ca, 93307, us",9.11,,,18.35,,,4.99,40,136,4.3,11,10.281911764705884,1,1,1,0,ca,93307,Kern,1
258,Jack in the Box,"147 s oswell st, bakersfield, ca, 93307, us",7.49,,,13.73,,,4.36,40,137,4.3999999999999995,21,8.528248175182483,1,1,1,0,ca,93307,Kern,1
259,Jack in the Box,"516 north beaudry avenue, los angeles, ca, 90012, us",5.61,,,11.48,,,3.49,24,135,4.399999999999999,78,7.336814814814815,1,1,1,0,ca,90012,Los Angeles,1
260,Jack in the Box,"1900 w. 6th st, los angeles, ca, 90057, us",6.86,,,13.74,,,3.11,11,136,4.5,116,8.160661764705882,1,1,1,0,ca,90057,Los Angeles,1
261,Jack in the Box,"1135 north mission road, los angeles, ca, 90033, us",6.86,,,13.74,,,3.11,12,136,4.600000000000001,89,8.16529411764706,1,1,1,0,ca,90033,Los Angeles,1
262,Jack in the Box,"1415 south alameda street, los angeles, ca, 90021, us",6.61,,,12.35,,,3.49,35,137,4.299999999999999,166,7.835766423357664,1,1,1,0,ca,90021,Los Angeles,1
263,Jack in the Box,"4228 n figueroa st, los angeles, ca, 90065, us",6.86,,,13.74,,,3.11,12,136,4.7,55,8.16529411764706,1,1,1,0,ca,90065,Los Angeles,1
264,Jack in the Box,"1615 s broadway, los angeles, ca, 90015, us",5.99,,,11.73,,,3.49,33,133,4.399999999999999,148,7.6006015037594,1,1,1,0,ca,90015,Los Angeles,1
265,Jack in the Box,"652 atlantic ave, long beach, ca, 90802, us",6.86,,,13.74,,,3.11,12,137,4.299999999999999,113,8.162627737226277,1,1,1,0,ca,90802,Los Angeles,1
266,Jack in the Box,"1720 w pacific coast hwy, long beach, ca, 90813, us",6.86,,,12.85,,,3.49,39,136,4.600000000000001,58,7.861470588235293,1,1,1,0,ca,90813,Los Angeles,1
267,Jack in the Box,"2101 e anaheim st, long beach, ca, 90804, us",6.86,,,12.85,,,3.49,39,137,4.5,90,8.047372262773722,1,1,1,0,ca,90804,Los Angeles,1
268,Jack in the Box,"3980 e ocean blvd, long beach, ca, 90803, us",6.86,,,12.85,,,3.49,39,139,4.300000000000001,36,7.9827338129496415,1,1,1,0,ca,90803,Los Angeles,1
269,Jack in the Box,"22220 wilmington avenue, carson, ca, 90745, us",6.61,,,12.48,,,3.74,34,137,4.799999999999999,35,7.635547445255476,1,1,1,0,ca,90745,Los Angeles,1
270,Jack in the Box,"6025, long beach, ca, 90805, us",6.86,,,13.36,,,3.99,35,137,4.3999999999999995,34,7.771751824817518,1,1,1,0,ca,90805,Los Angeles,1
271,Jack in the Box,"26547 bouquet canyon road, santa clarita, ca, 91350, us",6.86,,,13.74,,,3.11,12,133,4.699999999999999,76,8.236766917293233,1,1,1,0,ca,91350,Los Angeles,1
272,Jack in the Box,"22908 lyons avenue, santa clarita, ca, 91321, us",6.61,,,12.35,,,3.49,35,136,4.7,86,7.840220588235294,1,1,1,0,ca,91321,Los Angeles,1
273,Jack in the Box,"28144 the old road, valencia, ca, 91355, us",6.86,,,13.74,,,3.11,12,138,4.399999999999999,16,8.098478260869566,1,1,1,0,ca,91355,Los Angeles,1
274,Jack in the Box,"24820 pico canyon road, santa clarita, ca, 91381, us",5.99,,,11.85,,,3.36,22,136,4.600000000000001,22,7.2807352941176475,1,1,1,0,ca,91381,Los Angeles,1
275,Jack in the Box,"18955 west soledad cyn road, canyon country, ca, 91351, us",6.86,,,13.74,,,3.11,12,138,4.600000000000001,84,8.098478260869566,1,1,1,0,ca,91351,Los Angeles,1
276,Jack in the Box,"1814 2nd street, san rafael, ca, 94901, us",7.24,,,14.23,,,4.11,76,265,4.299999999999999,89,8.642301886792453,1,1,1,0,ca,94901,Marin,1
277,Jack in the Box,"301 enfrente rd, novato, ca, 94949, us",6.24,,,12.6,,,3.74,68,270,4.6000000000000005,20,7.798444444444444,1,1,1,0,ca,94949,Marin,1
278,Jack in the Box,"7135 redwood blvd., novato, ca, 94945, us",7.24,,,14.23,,,4.11,76,274,0.0,5,8.524160583941605,1,1,1,0,ca,94945,Marin,1
279,Jack in the Box,"14395, san pablo, ca, 94806, us",6.24,,,12.85,,,4.11,38,133,4.399999999999999,65,8.380526315789474,1,1,1,0,ca,94806,Contra Costa,1
280,Jack in the Box,"50 san pablo towne ctr, san pablo, ca, 94806, us",6.74,,,13.1,,,3.99,38,135,4.3,36,8.36111111111111,1,1,1,0,ca,94806,Contra Costa,1
281,Jack in the Box,"5920 cutting blvd, el-cerrito, ca, 94530, us",6.74,,,13.23,,,3.99,42,135,4.399999999999999,49,8.327037037037037,1,1,1,0,ca,94530,Contra Costa,1
282,Jack in the Box,"837 e washington st, petaluma, ca, 94952, us",6.99,,,12.85,,,4.11,36,135,4.5,19,8.486296296296297,1,1,1,0,ca,94952,Marin,1
283,Jack in the Box,"602 w. napa st., sonoma, ca, 95476, us",7.24,,,14.23,,,4.11,38,136,3.5,13,8.539044117647059,1,1,1,0,ca,95476,Sonoma,1
284,Jack in the Box,"645 south main street, salinas, ca, 93901, us",6.86,,,13.23,,,3.74,36,132,4.2,21,8.09871212121212,1,1,1,0,ca,93901,Monterey,1
285,Jack in the Box,"1810 n main st., salinas, ca, 93906, us",6.86,,,13.23,,,3.74,37,135,3.8000000000000007,13,8.163703703703705,1,1,1,0,ca,93906,Monterey,1
286,Jack in the Box,"1540 n sanborn rd., salinas, ca, 93905, us",6.86,,,13.23,,,3.74,37,136,4.600000000000001,11,8.13125,1,1,1,0,ca,93905,Monterey,1
287,Jack in the Box,"211 reservation rd, marina, ca, 93933, us",6.86,,,13.23,,,3.74,37,135,4.8,28,8.163703703703705,1,1,1,0,ca,93933,Monterey,1
288,Jack in the Box,"601 north main street, santa ana, ca, 92701, us",4.99,,,10.6,,,3.61,23,137,4.200000000000001,28,7.306496350364964,1,1,1,0,ca,92701,Orange,1
289,Jack in the Box,"719 north bristol street, santa ana, ca, 92703, us",4.99,,,10.6,,,3.61,23,137,4.3999999999999995,35,7.306496350364964,1,1,1,0,ca,92703,Orange,1
290,Jack in the Box,"1406 east first street, santa ana, ca, 92701, us",6.11,,,11.98,,,3.74,34,133,4.399999999999999,59,7.636842105263158,1,1,1,0,ca,92701,Orange,1
291,Jack in the Box,"1300 w edinger ave, santa ana, ca, 92704, us",6.86,,,12.85,,,3.49,39,138,4.5,39,8.013405797101449,1,1,1,0,ca,92704,Orange,1
292,Jack in the Box,"3050 w. chapman ave, orange, ca, 92868, us",6.11,,,11.98,,,3.74,33,130,4.7,50,7.7238461538461545,1,1,1,0,ca,92868,Orange,1
293,Jack in the Box,"290 w. lincoln ave., anaheim, ca, 92805, us",6.11,,,11.98,,,3.74,34,134,4.699999999999999,78,7.582761194029851,1,1,1,0,ca,92805,Orange,1
294,Jack in the Box,"100 s. state college blvd., anaheim, ca, 92806, us",6.11,,,11.98,,,3.74,35,137,4.6000000000000005,54,7.567080291970803,1,1,1,0,ca,92806,Orange,1
295,Jack in the Box,"235 e orangethorpe ave, fullerton, ca, 92832, us",6.86,,,12.85,,,3.49,39,139,4.6000000000000005,48,7.98273381294964,1,1,1,0,ca,92832,Orange,1
296,Jack in the Box,"1155 north euclid avenue, anaheim, ca, 92801, us",6.61,,,12.48,,,3.74,35,137,4.200000000000001,28,7.642992700729928,1,1,1,0,ca,92801,Orange,1
297,Jack in the Box,"797 west orangethorpe avenue, placentia, ca, 92870, us",6.11,,,11.98,,,3.74,35,138,4.5,28,7.536594202898552,1,1,1,0,ca,92870,Orange,1
298,Jack in the Box,"999 s brookhurst st, anaheim, ca, 92804, us",5.99,,,12.23,,,3.11,36,136,4.5,75,7.582794117647061,1,1,1,0,ca,92804,Orange,1
299,Jack in the Box,"1923 douglas blvd, roseville, ca, 95661, us",6.99,,,13.85,,,4.11,76,288,3.8999999999999995,15,8.555277777777778,1,1,1,0,ca,95661,Placer,1
300,Jack in the Box,"5150 foothills blvd., roseville, ca, 95747, us",6.49,,,13.48,,,3.99,72,288,4.3,21,8.169652777777777,1,1,1,0,ca,95747,Placer,1
301,Jack in the Box,"6691 stanford ranch road, rocklin, ca, 95677, us",6.99,,,13.85,,,4.11,76,286,4.0,16,8.604615384615386,1,1,1,0,ca,95677,Placer,1
302,Jack in the Box,"4410, rocklin, ca, 95677, us",6.99,,,13.85,,,4.11,78,286,4.7,12,8.562797202797203,1,1,1,0,ca,95677,Placer,1
303,Jack in the Box,"6131 greenback ln, citrus heights, ca, 95621, us",6.99,,,13.85,,,4.11,39,141,4.7,29,8.607375886524823,1,1,1,0,ca,95621,Sacramento,1
304,Jack in the Box,"13421 east lincoln way, auburn, ca, 95603, us",6.86,,,13.35,,,3.99,37,144,3.3000000000000003,14,8.053194444444445,1,1,1,0,ca,95603,Placer,1
305,Jack in the Box,"3434 14th st, riverside, ca, 92501, us",7.24,,,14.23,,,3.74,30,135,4.399999999999999,10,8.137851851851853,1,1,1,0,ca,92501,Riverside,1
306,Jack in the Box,"1115 w la cadena dr, riverside, ca, 92501, us",7.24,,,14.23,,,3.74,31,136,4.8,16,8.110220588235295,1,1,1,0,ca,92501,Riverside,1
307,Jack in the Box,"3886 chicago ave., riverside, ca, 92507, us",7.49,,,13.61,,,3.11,35,136,4.600000000000001,34,7.760514705882351,1,1,1,0,ca,92507,Riverside,1
308,Jack in the Box,"3521 central ave, riverside, ca, 92506, us",7.24,,,14.23,,,3.74,30,136,4.899999999999999,13,8.10558823529412,1,1,1,0,ca,92506,Riverside,1
309,Jack in the Box,"1371 blaine st, riverside, ca, 92507, us",5.99,,,11.85,,,3.36,22,136,4.7,50+,7.2807352941176475,1,1,1,0,ca,92507,Riverside,1
310,Jack in the Box,"5642 30th street, rubidoux, ca, 92509, us",5.61,,,11.48,,,3.24,20,136,4.399999999999999,22,7.21360294117647,1,1,1,0,ca,92509,Riverside,1
311,Jack in the Box,"15030 perris boulevard, moreno valley, ca, 92551, us",5.61,,,11.48,,,3.24,42,272,4.5,34,7.3027941176470605,1,1,1,0,ca,92551,Riverside,1
312,Jack in the Box,"12477 heacock st, moreno valley, ca, 92553, us",7.24,,,14.1,,,3.74,32,137,4.5,46,8.11014598540146,1,1,1,0,ca,92553,Riverside,1
313,Jack in the Box,"24985 elder ave, moreno valley, ca, 92557, us",7.24,,,14.1,,,3.74,32,133,4.300000000000001,15,7.9307518796992476,1,1,1,0,ca,92557,Riverside,1
314,Jack in the Box,"25950 iris avenue, moreno valley, ca, 92551, us",5.61,,,11.48,,,3.24,22,136,4.8,43,7.312720588235295,1,1,1,0,ca,92551,Riverside,1
315,Jack in the Box,"24620 madison ave, murrieta, ca, 92562, us",7.24,,,14.1,,,3.74,30,133,4.199999999999999,15,8.141203007518799,1,1,1,0,ca,92562,Riverside,1
316,Jack in the Box,"39878 los alamos rd, murrieta, ca, 92562, us",7.24,,,13.98,,,3.74,31,137,4.0,10,8.087372262773723,1,1,1,0,ca,92562,Riverside,1
317,Jack in the Box,"36196 hidden springs rd, wildomar, ca, 92595, us",7.24,,,14.23,,,3.74,31,138,4.600000000000001,18,8.060579710144927,1,1,1,0,ca,92595,Riverside,1
318,Jack in the Box,"21960 bundy canyon road, wildomar, ca, 92595, us",5.39,,,11.02,,,3.47,31,135,4.3,16,7.028148148148148,1,1,1,0,ca,92595,Riverside,1
319,Jack in the Box,"2560 w el camino ave, sacramento, ca, 95833, us",6.99,,,13.85,,,4.11,39,145,3.7,50+,8.517793103448275,1,1,1,0,ca,95833,Sacramento,1
320,Jack in the Box,"775 harbor pointe place, west sacramento, ca, 95605, us",6.99,,,13.85,,,4.11,39,143,4.300000000000001,22,8.592587412587415,1,1,1,0,ca,95605,Yolo,1
321,Jack in the Box,"5800 freeport blvd., sacramento, ca, 95822, us",6.99,,,13.85,,,4.11,38,141,4.5,26,8.62340425531915,1,1,1,0,ca,95822,Sacramento,1
322,Jack in the Box,"4128 norwood ave, sacramento, ca, 95838, us",6.24,,,13.48,,,3.74,36,144,4.3,46,8.350069444444445,1,1,1,0,ca,95838,Sacramento,1
323,Jack in the Box,"2750 del paso rd, sacramento, ca, 95834, us",6.24,,,13.48,,,3.74,34,134,4.699999999999999,26,8.515000000000002,1,1,1,0,ca,95834,Sacramento,1
324,Jack in the Box,"4601 broadway, sacramento, ca, 95820, us",6.49,,,13.48,,,3.74,33,139,4.1000000000000005,28,8.347553956834531,1,1,1,0,ca,95820,Sacramento,1
325,Jack in the Box,"9620 e stockton blvd, elk grove, ca, 95624, us",6.61,,,13.48,,,3.99,36,141,4.6000000000000005,14,8.27808510638298,1,1,1,0,ca,95624,Sacramento,1
326,Jack in the Box,"9179 elk grove florin road, elk grove, ca, 95624, us",6.99,,,13.85,,,4.11,39,145,4.3,18,8.526482758620691,1,1,1,0,ca,95624,Sacramento,1
327,Jack in the Box,"4820 laguna blvd, elk grove, ca, 95758, us",6.99,,,13.85,,,4.11,39,143,4.5,28,8.596013986013986,1,1,1,0,ca,95758,Sacramento,1
328,Jack in the Box,"7795 stockton boulevard, sacramento, ca, 95823, us",6.99,,,13.85,,,4.11,38,140,4.0,30,8.582214285714286,1,1,1,0,ca,95823,Sacramento,1
329,Jack in the Box,"4435 florin rd, sacramento, ca, 95823, us",6.99,,,13.85,,,4.11,39,143,4.5,42,8.611748251748251,1,1,1,0,ca,95823,Sacramento,1
330,Jack in the Box,"6300 power inn rd, sacramento, ca, 95824, us",6.61,,,13.48,,,3.74,35,145,4.3999999999999995,19,8.186344827586208,1,1,1,0,ca,95824,Sacramento,1
331,Jack in the Box,"495 n d st, san bernardino, ca, 92401, us",6.86,,,13.36,,,3.74,23,135,4.7,50+,7.829555555555555,1,1,1,0,ca,92401,San Bernardino,1
332,Jack in the Box,"497 s e st, san bernardino, ca, 92401, us",6.86,,,13.36,,,3.74,23,137,4.3999999999999995,11,7.767153284671534,1,1,1,0,ca,92401,San Bernardino,1
333,Jack in the Box,"1199 n mt vernon ave, colton, ca, 92324, us",6.86,,,13.36,,,3.99,36,136,4.399999999999999,31,7.87919117647059,1,1,1,0,ca,92324,San Bernardino,1
334,Jack in the Box,"1141 w highland ave, san bernardino, ca, 92405, us",7.49,,,14.35,,,3.74,31,137,4.3999999999999995,50+,8.117518248175182,1,1,1,0,ca,92405,San Bernardino,1
335,Jack in the Box,"8134 sierra ave, fontana, ca, 92335, us",5.99,,,11.85,,,3.36,22,136,4.7,42,7.285441176470589,1,1,1,0,ca,92335,San Bernardino,1
336,Jack in the Box,"7261 citrus ave, fontana, ca, 92336, us",7.36,,,12.73,,,3.61,22,136,4.8,25,7.772205882352941,1,1,1,0,ca,92336,San Bernardino,1
337,Jack in the Box,"10110 sierra ave, fontana, ca, 92335, us",5.39,,,10.9,,,3.23,32,136,4.5,50+,6.957867647058824,1,1,1,0,ca,92335,San Bernardino,1
338,Jack in the Box,"17020 s highland ave, fontana, ca, 92336, us",6.49,,,12.85,,,3.24,16,137,4.6000000000000005,40,7.624306569343067,1,1,1,0,ca,92336,San Bernardino,1
339,Jack in the Box,"475 s cedar ave, rialto, ca, 92376, us",5.99,,,11.85,,,3.36,22,136,4.7,43,7.285441176470589,1,1,1,0,ca,92376,San Bernardino,1
340,Jack in the Box,"14485 foothill blvd, fontana, ca, 92335, us",5.61,,,,,,,21,115,4.700000000000002,37,6.848521739130434,1,1,1,0,ca,92335,San Bernardino,1
341,Jack in the Box,"14618 7th street, victorville, ca, 92392, us",6.86,,,13.36,,,2.99,35,135,4.5,50+,7.580962962962963,1,1,1,0,ca,92392,San Bernardino,1
342,Jack in the Box,"12440 amargosa rd., victorville, ca, 92392, us",6.86,,,13.36,,,2.99,34,130,4.3999999999999995,50+,7.543230769230769,1,1,1,0,ca,92392,San Bernardino,1
343,Jack in the Box,"12134 hesperia road, victorville, ca, 92392, us",6.86,,,13.36,,,2.99,35,135,4.2,27,7.580962962962963,1,1,1,0,ca,92392,San Bernardino,1
344,Jack in the Box,"20168 highway 18, apple valley, ca, 92307, us",6.86,,,13.36,,,2.99,34,134,4.600000000000001,38,7.604850746268657,1,1,1,0,ca,92307,San Bernardino,1
345,Jack in the Box,"1619 pacific hwy, san diego, ca, 92101, us",6.86,,,13.1,,,3.99,38,136,4.7,73,8.005073529411765,1,1,1,0,ca,92101,San Diego,1
346,Jack in the Box,"1110 c st, san diego, ca, 92101, us",7.24,,,14.23,,,3.74,31,139,4.3999999999999995,100+,8.03071942446043,1,1,1,0,ca,92101,San Diego,1
347,Jack in the Box,"2404 market st, san diego, ca, 92102, us",5.61,,,11.35,,,3.11,25,137,4.5,82,7.1514598540145995,1,1,1,0,ca,92102,San Diego,1
348,Jack in the Box,"804 university ave, san diego, ca, 92103, us",6.24,,,12.48,,,3.61,21,136,4.5,24,7.9079411764705885,1,1,1,0,ca,92103,San Diego,1
349,Jack in the Box,"2890 national ave, san diego, ca, 92113, us",7.24,,,14.23,,,3.74,31,139,4.6000000000000005,52,8.03071942446043,1,1,1,0,ca,92113,San Diego,1
350,Jack in the Box,"220 w. washington st., san diego, ca, 92103, us",5.61,,,11.85,,,3.74,25,131,4.399999999999999,34,7.536946564885497,1,1,1,0,ca,92103,San Diego,1
351,Jack in the Box,"5 n 4th ave, chula vista, ca, 91910, us",7.24,,,14.23,,,3.74,31,137,4.5,38,7.986715328467152,1,1,1,0,ca,91910,San Diego,1
352,Jack in the Box,"486 broadway, chula vista, ca, 91910, us",5.36,,,10.73,,,3.11,25,135,4.600000000000001,35,7.236,1,1,1,0,ca,91910,San Diego,1
353,Jack in the Box,"370 e h st, chula vista, ca, 91910, us",5.36,,,11.1,,,3.11,26,137,4.1000000000000005,42,7.237956204379562,1,1,1,0,ca,91910,San Diego,1
354,Jack in the Box,"1745 highland ave, national city, ca, 91950, us",5.61,,,11.1,,,3.11,25,138,4.600000000000001,46,7.201811594202899,1,1,1,0,ca,91950,San Diego,1
355,Jack in the Box,"802 3rd ave, chula vista, ca, 91911, us",7.24,,,14.1,,,3.74,31,135,4.3,22,8.13474074074074,1,1,1,0,ca,91911,San Diego,1
356,Jack in the Box,"4011 bonita rd, bonita, usa, chula vista, ca, 91902, us",7.24,,,14.1,,,3.74,31,137,4.3999999999999995,15,8.103430656934307,1,1,1,0,ca,91902,San Diego,1
357,Jack in the Box,"1900 mission ave, oceanside, ca, 92054, us",7.24,,,14.23,,,3.74,31,139,4.6000000000000005,45,8.030575539568344,1,1,1,0,ca,92054,San Diego,1
358,Jack in the Box,"2474 vista way, oceanside, ca, 92054, us",6.11,,,12.48,,,4.24,38,134,4.300000000000001,57,7.914402985074626,1,1,1,0,ca,92054,San Diego,1
359,Jack in the Box,"901, carlsbad, ca, 92008, us",7.24,,,14.23,,,3.74,31,139,4.199999999999999,30,8.030575539568344,1,1,1,0,ca,92008,San Diego,1
360,Jack in the Box,"3909 mission avenue, oceanside, ca, 92054, us",7.24,,,14.23,,,3.74,31,136,4.5,49,8.03889705882353,1,1,1,0,ca,92054,San Diego,1
361,Jack in the Box,"3808 plaza dr, oceanside, ca, 92056, us",7.24,,,14.23,,,3.74,30,134,4.800000000000001,17,8.12,1,1,1,0,ca,92056,San Diego,1
362,Jack in the Box,"400 geary st, san francisco, ca, 94102, us",7.11,,,13.48,,,4.36,118,397,4.6000000000000005,100+,9.202468513853903,1,1,1,0,ca,94102,San Francisco,1
363,Jack in the Box,"366 bayshore blvd, san francisco, ca, 94124, us",7.11,,,13.48,,,4.36,160,536,4.3,100+,9.114701492537314,1,1,1,0,ca,94124,San Francisco,1
364,Jack in the Box,"4649 geary blvd, san francisco, ca, 94118, us",7.11,,,13.48,,,4.36,78,270,4.5,100+,9.136814814814816,1,1,1,0,ca,94118,San Francisco,1
365,Jack in the Box,"1695 el camino real, south san francisco, ca, 94080, us",7.24,,,14.23,,,4.11,120,405,4.600000000000001,98,8.623407407407408,1,1,1,0,ca,94080,San Mateo,1
366,Jack in the Box,"7217 mission st, daly city, ca, 94014, us",5.61,,,11.73,,,3.11,60,395,4.799999999999999,100+,7.237822784810126,1,1,1,0,ca,94014,San Mateo,1
367,Jack in the Box,"201 south spruce street, south san francisco, ca, 94080, us",7.24,,,14.23,,,4.11,156,524,4.5,100+,8.714198473282442,1,1,1,0,ca,94080,San Mateo,1
368,Jack in the Box,"1504 pacific ave, stockton, ca, 95204, us",6.99,,,13.85,,,4.11,39,145,3.8,21,8.533379310344829,1,1,1,0,ca,95204,San Joaquin,1
369,Jack in the Box,"733 west charter wy, stockton, ca, 95206, us",6.99,,,13.85,,,4.11,38,142,3.899999999999998,30,8.535070422535211,1,1,1,0,ca,95206,San Joaquin,1
370,Jack in the Box,"2592 west march ln, stockton, ca, 95207, us",6.99,,,13.85,,,4.11,38,142,4.2,18,8.632746478873239,1,1,1,0,ca,95207,San Joaquin,1
371,Jack in the Box,"1916 east march ln, stockton, ca, 95210, us",6.99,,,13.85,,,4.11,37,134,4.600000000000001,12,8.396417910447761,1,1,1,0,ca,95210,San Joaquin,1
372,Jack in the Box,"3506 west hammer ln, stockton, ca, 95219, us",6.99,,,13.85,,,4.11,39,143,3.8999999999999986,11,8.603006993006993,1,1,1,0,ca,95219,San Joaquin,1
373,Jack in the Box,"390 santa rosa street, san luis obispo, ca, 93405, us",6.86,,,12.98,,,3.74,40,133,4.699999999999999,50+,8.298345864661655,1,1,1,0,ca,93405,San Luis Obispo,1
374,Jack in the Box,"1208 grand avenue, arroyo grande, ca, 93420, us",6.86,,,12.98,,,3.74,82,274,4.299999999999999,24,8.215401459854014,1,1,1,0,ca,93420,San Luis Obispo,1
375,Jack in the Box,"9000 west front street, atascadero, ca, 93422, us",6.86,,,12.98,,,3.74,41,138,4.5,13,8.18304347826087,1,1,1,0,ca,93422,San Luis Obispo,1
376,Jack in the Box,"1900 ramada drive, paso robles, ca, 93446, us",6.86,,,12.98,,,3.74,41,138,0.0,8,8.193985507246376,1,1,1,0,ca,93446,San Luis Obispo,1
377,Jack in the Box,"555 east 3rd avenue, san mateo, ca, 94401, us",5.61,,,11.73,,,2.99,21,135,4.100000000000001,100+,7.222000000000001,1,1,1,0,ca,94401,San Mateo,1
378,Jack in the Box,"1100 el camino real, san carlos, ca, 94070, us",5.61,,,11.85,,,3.99,38,136,4.3,47,8.028529411764707,1,1,1,0,ca,94070,San Mateo,1
379,Jack in the Box,"1205 broadway st, redwood city, ca, 94063, us",5.99,,,12.35,,,3.24,25,136,4.7,27,7.63985294117647,1,1,1,0,ca,94063,San Mateo,1
380,Jack in the Box,"986 woodside rd, redwood city, ca, 94061, us",5.99,,,12.35,,,3.49,24,137,5.0,12,7.623065693430658,1,1,1,0,ca,94061,San Mateo,1
381,Jack in the Box,"3199 el camino real, redwood city, ca, 94061, us",6.74,,,12.73,,,4.11,35,136,4.0,30,8.389264705882354,1,1,1,0,ca,94061,San Mateo,1
382,Jack in the Box,"1041 east main street, santa maria, ca, 93454, us",6.86,,,12.98,,,3.74,41,134,4.5,10,8.287462686567164,1,1,1,0,ca,93454,Santa Barbara,1
383,Jack in the Box,"705 east betteravia road, santa maria, ca, 93454, us",6.86,,,12.98,,,3.74,40,133,4.899999999999999,12,8.328195488721805,1,1,1,0,ca,93454,Santa Barbara,1
384,Jack in the Box,"2306 south broadway, santa maria, ca, 93454, us",6.86,,,12.98,,,3.74,40,128,4.299999999999999,10,8.344296875,1,1,1,0,ca,93454,Santa Barbara,1
385,Jack in the Box,"5001, orcutt, ca, 93455, us",6.86,,,12.98,,,3.74,40,136,4.899999999999999,14,8.254705882352942,1,1,1,0,ca,93455,Santa Barbara,1
386,Jack in the Box,"501 north milpas street, santa barbara, ca, 93103, us",6.86,,,12.98,,,3.74,41,138,4.7,50+,8.193985507246376,1,1,1,0,ca,93103,Santa Barbara,1
387,Jack in the Box,"3747 state street, santa barbara, ca, 93105, us",6.86,,,12.98,,,3.74,40,137,4.700000000000001,22,8.221824817518248,1,1,1,0,ca,93105,Santa Barbara,1
388,Jack in the Box,"6875 hollister avenue, goleta, ca, 93117, us",6.86,,,12.98,,,3.74,41,138,4.5,50+,8.193985507246376,1,1,1,0,ca,93117,Santa Barbara,1
389,Jack in the Box,"2352 east thompson boulevard, ventura, ca, 93003, us",6.24,,,11.73,,,3.49,35,137,4.700000000000001,49,7.651605839416058,1,1,1,0,ca,93003,Ventura,1
390,Jack in the Box,"2115 south victoria ave., ventura, ca, 93003, us",6.24,,,11.73,,,3.49,70,276,4.3,40,7.620507246376812,1,1,1,0,ca,93003,Ventura,1
391,Jack in the Box,"550 s victoria ave, oxnard, ca, 93035, us",6.86,,,12.23,,,2.86,42,276,4.3,20,7.5368115942028995,1,1,1,0,ca,93035,Ventura,1
392,Jack in the Box,"148 e san carlos st, san jose, ca, 95112, us",4.86,,,11.6,,,4.36,40,136,4.2,87,7.956911764705882,1,1,1,0,ca,95112,Santa Clara,1
393,Jack in the Box,"1490 monterey road, san jose, ca, 95110, us",5.61,,,11.85,,,3.99,37,133,4.300000000000001,17,8.135639097744361,1,1,1,0,ca,95110,Santa Clara,1
394,Jack in the Box,"697 curtner avenue, san jose, ca, 95125, us",5.61,,,11.85,,,3.99,38,135,4.2,12,8.089185185185187,1,1,1,0,ca,95125,Santa Clara,1
395,Jack in the Box,"1558 w san carlos st, san jose, ca, 95126, us",4.86,,,11.6,,,4.36,40,135,4.8,45,8.022444444444446,1,1,1,0,ca,95126,Santa Clara,1
396,Jack in the Box,"1841 story road, san jose, ca, 95122, us",5.61,,,11.73,,,3.11,21,135,4.100000000000001,60,7.228962962962964,1,1,1,0,ca,95122,Santa Clara,1
397,Jack in the Box,"200 west el camino real, mountain view, ca, 94040, us",6.86,,,13.23,,,3.74,37,136,4.7,37,8.13125,1,1,1,0,ca,94040,Santa Clara,1
398,Jack in the Box,"2845 augustine dr, santa clara, ca, 95054, us",6.74,,,12.73,,,4.11,35,130,4.2,42,8.48023076923077,1,1,1,0,ca,95054,Santa Clara,1
399,Jack in the Box,"3367 el camino real, santa clara, ca, 95051, us",6.74,,,12.73,,,4.11,35,135,4.7,46,8.443555555555557,1,1,1,0,ca,95051,Santa Clara,1
400,Jack in the Box,"510 n shoreline blvd, mountain view, ca, 94043, us",6.74,,,12.73,,,4.11,35,136,4.5,40,8.40904411764706,1,1,1,0,ca,94043,Santa Clara,1
401,Jack in the Box,"3465 homestead rd, santa clara, ca, 95051, us",5.74,,,12.1,,,3.49,22,134,4.600000000000001,17,7.674179104477613,1,1,1,0,ca,95051,Santa Clara,1
402,Jack in the Box,"640 ocean street, santa cruz, ca, 95060, us",6.86,,,13.23,,,3.74,36,133,4.399999999999999,100+,8.199097744360902,1,1,1,0,ca,95060,Santa Cruz,1
403,Jack in the Box,"6014, scotts valley, ca, 95066, us",4.99,,,11.48,,,3.74,39,136,4.7,18,7.85625,1,1,1,0,ca,95066,Santa Cruz,1
404,Jack in the Box,"1700, freedom, ca, 95019, us",6.86,,,13.23,,,3.74,37,136,3.8000000000000007,15,8.131250000000001,1,1,1,0,ca,95019,Santa Cruz,1
405,Jack in the Box,"15771, los gatos, ca, 95032, us",6.86,,,13.23,,,3.74,37,137,4.3999999999999995,13,8.096423357664234,1,1,1,0,ca,95032,Santa Clara,1
406,Jack in the Box,"400 broadway st., vallejo, ca, 94590, us",5.61,,,11.85,,,3.99,38,135,4.399999999999999,24,8.082962962962963,1,1,1,0,ca,94590,Solano,1
407,Jack in the Box,"35 admiral callaghan ln, vallejo, ca, 94591, us",5.36,,,11.48,,,3.11,26,135,4.3,59,7.22051851851852,1,1,1,0,ca,94591,Solano,1
408,Jack in the Box,"1610 lewis brown dr, vallejo, ca, 94589, us",5.61,,,11.85,,,3.99,37,134,4.899999999999999,12,8.08955223880597,1,1,1,0,ca,94589,Solano,1
409,Jack in the Box,"107 west american canyon road, american canyon, ca, 94503, us",5.61,,,11.85,,,3.99,37,136,4.5,20,8.04639705882353,1,1,1,0,ca,94503,Napa,1
410,Jack in the Box,"3800 san pablo ave bldg a, hercules, ca, 94547, us",6.24,,,12.6,,,3.74,36,137,3.8999999999999995,22,7.9310218978102185,1,1,1,0,ca,94547,Contra Costa,1
411,Jack in the Box,"2689, pinole, ca, 94564, us",6.24,,,12.6,,,3.74,36,136,4.5,31,7.961764705882352,1,1,1,0,ca,94564,Contra Costa,1
412,Jack in the Box,"1980 n. texas st., fairfield, ca, 94533, us",5.61,,,11.85,,,4.11,37,141,4.0,36,8.262624113475178,1,1,1,0,ca,94533,Solano,1
413,Jack in the Box,"1965 w. texas st., fairfield, ca, 94533, us",5.61,,,11.85,,,4.11,36,139,5.0,16,8.166762589928059,1,1,1,0,ca,94533,Solano,1
414,Jack in the Box,"499 grizzly island rd, suisun city, ca, 94585, us",5.61,,,11.85,,,4.11,38,143,4.300000000000001,10,8.228321678321679,1,1,1,0,ca,94585,Solano,1
415,Jack in the Box,"1035 alamo dr, vacaville, ca, 95687, us",4.86,,,11.6,,,4.36,40,142,4.3,18,8.125422535211268,1,1,1,0,ca,95687,Solano,1
416,Jack in the Box,"107 red top road, fairfield, ca, 94534, us",5.61,,,11.85,,,4.11,40,145,4.3999999999999995,15,8.151793103448275,1,1,1,0,ca,94534,Solano,1
417,Jack in the Box,"425 sebastopol road, santa rosa, ca, 95407, us",7.24,,,14.23,,,4.11,38,137,4.6000000000000005,43,8.522262773722629,1,1,1,0,ca,95407,Sonoma,1
418,Jack in the Box,"2550 hoen frontage road, santa rosa, ca, 95405, us",7.24,,,14.23,,,4.11,36,132,4.3,15,8.485,1,1,1,0,ca,95405,Sonoma,1
419,Jack in the Box,"1004 steele ln, santa rosa, ca, 95403, us",6.24,,,12.6,,,3.74,35,133,4.100000000000001,38,7.798345864661655,1,1,1,0,ca,95403,Sonoma,1
420,Jack in the Box,"2755, santa rosa, ca, 95407, us",7.24,,,14.23,,,4.11,38,136,4.600000000000001,16,8.557573529411764,1,1,1,0,ca,95407,Sonoma,1
421,Jack in the Box,"3086 marlow rd, santa rosa, ca, 95403, us",6.74,,,13.1,,,3.99,38,134,4.699999999999999,26,8.339626865671642,1,1,1,0,ca,95403,Sonoma,1
422,Jack in the Box,"6299 commerce blvd, rohnert park, ca, 94928, us",6.24,,,12.48,,,3.74,35,136,4.5,58,7.807279411764705,1,1,1,0,ca,94928,Sonoma,1
423,Jack in the Box,"339 paradise avenue, modesto, ca, 95351, us",6.99,,,13.85,,,4.11,39,145,3.899999999999999,26,8.523103448275862,1,1,1,0,ca,95351,Stanislaus,1
424,Jack in the Box,"2044 w orangeburg ave, modesto, ca, 95350, us",6.99,,,13.85,,,4.11,38,142,3.699999999999999,12,8.425422535211268,1,1,1,0,ca,95350,Stanislaus,1
425,Jack in the Box,"1120 s mooney blvd, visalia, ca, 93277, us",9.11,,,18.35,,,4.99,40,135,4.5,20,10.330296296296297,1,1,1,0,ca,93277,Tulare,1
426,Jack in the Box,"5340 w cypress ave, visalia, ca, 93277, us",9.11,,,18.35,,,4.99,40,134,4.100000000000001,10,10.23134328358209,1,1,1,0,ca,93277,Tulare,1
427,Jack in the Box,"960 n ventura rd, oxnard, ca, 93030, us",6.86,,,12.23,,,2.86,21,137,4.700000000000001,26,7.543576642335767,1,1,1,0,ca,93030,Ventura,1
428,Jack in the Box,"2800 s rose ave, oxnard, ca, 93033, us",5.61,,,11.48,,,3.49,24,137,4.200000000000001,18,7.2797810218978105,1,1,1,0,ca,93033,Ventura,1
429,Jack in the Box,"2580 north vineyard avenue, oxnard, ca, 93030, us",6.24,,,12.35,,,3.49,22,138,4.7,23,7.481739130434783,1,1,1,0,ca,93030,Ventura,1
430,Jack in the Box,"814 n. ventura rd., port hueneme, ca, 93041, us",6.24,,,12.35,,,3.49,22,136,4.3,25,7.413676470588236,1,1,1,0,ca,93041,Ventura,1
431,Wendy,"5211 broadway, oakland, ca, 94618, us",7.67,2.92,2.43,,,3.65,2.06,31,280,4.5,100+,5.1070714285714285,1,1,1,0,ca,94618,Alameda,1
432,Wendy,"3111 e. 14th street, oakland, ca, 94601, us",7.92,2.79,2.18,,,4.38,2.55,36,220,4.200000000000001,71,5.402772727272728,1,1,1,0,ca,94601,Alameda,1
433,Wendy,"189 98th avenue, oakland, ca, 94603, us",8.04,3.77,2.31,,,3.89,2.55,66,348,4.399999999999999,53,5.524425287356322,1,1,1,0,ca,94603,Alameda,1
434,Wendy,"1185, san leandro, ca, 94577, us",8.28,2.79,2.18,,,3.89,2.43,13,55,4.4,65,6.281999999999999,1,1,1,0,ca,94577,Alameda,1
435,Wendy,"12201 san pablo avenue, richmond, ca, 94805, us",7.67,2.92,2.43,,,3.65,2.06,38,336,4.600000000000001,68,5.250595238095237,1,1,1,0,ca,94805,Contra Costa,1
436,Wendy,"17435 hesperian blvd, san lorenzo, ca, 94580, us",6.29,2.39,1.99,,,2.99,1.69,20,165,4.8,29,5.68660606060606,1,1,1,0,ca,94580,Alameda,1
437,Wendy,"5535 automall parkway, fremont, ca, 94538, us",7.55,3.04,2.43,,,3.65,1.94,20,165,4.600000000000001,21,5.670121212121212,1,1,1,0,ca,94538,Alameda,1
438,Wendy,"35229, newark, ca, 94560, us",9.02,3.4,2.92,,,3.65,2.31,21,108,4.299999999999999,20,6.274629629629629,1,1,1,0,ca,94560,Alameda,1
439,Wendy,"7143, dublin, ca, 94568, us",7.67,2.92,2.43,,,3.65,2.06,14,112,4.799999999999999,13,5.968214285714287,1,1,1,0,ca,94568,Alameda,1
440,Wendy,"23969 mission blvd., hayward, ca, 94544, us",7.67,2.92,2.43,,,3.65,2.06,14,112,4.700000000000001,91,5.968214285714287,1,1,1,0,ca,94544,Alameda,1
441,Wendy,"2475, castro valley, ca, 94546, us",7.67,2.92,2.43,,,3.65,2.06,7,55,4.899999999999999,41,6.050363636363637,1,1,1,0,ca,94546,Alameda,1
442,Wendy,"5943, pacheco, ca, 94553, us",9.02,3.77,3.4,,,4.26,2.43,37,162,4.7,41,6.145185185185185,1,1,1,0,ca,94553,Contra Costa,1
443,Wendy,"2955 north main st., walnut creek, ca, 94597, us",7.67,2.92,2.43,,,3.65,2.06,7,56,4.3999999999999995,39,5.968214285714287,1,1,1,0,ca,94597,Contra Costa,1
444,Wendy,"2243 loveridge road, pittsburg, ca, 94565, us",7.31,3.28,2.43,,,3.65,2.06,11,55,4.4,26,6.198727272727273,1,1,1,0,ca,94565,Contra Costa,1
445,Wendy,"1809 a street, antioch, ca, 94509, us",5.99,2.69,1.99,,,2.99,1.69,8,55,4.6,29,5.080909090909089,1,1,1,0,ca,94509,Contra Costa,1
446,Wendy,"2222, san ramon, ca, 94583, us",6.29,2.39,1.99,,,2.99,1.69,6,56,4.8,27,4.891785714285715,1,1,1,0,ca,94583,Contra Costa,1
447,Wendy,"2005 n blackstone, fresno, ca, 93703, us",8.6,3.77,3.4,,,4.14,2.06,16,56,4.3999999999999995,17,7.404464285714285,1,1,1,0,ca,93703,Fresno,1
448,Wendy,"765 south clovis avenue, fresno, ca, 93727, us",8.6,3.77,3.4,,,4.14,2.06,16,56,4.5,12,7.404464285714285,1,1,1,0,ca,93727,Fresno,1
449,Wendy,"7164 blackstone blvd., fresno, ca, 93650, us",8.77,3.89,3.53,,,4.26,2.14,16,58,4.3999999999999995,14,7.398620689655172,1,1,1,0,ca,93650,Fresno,1
450,Wendy,"1778 e. shaw, fresno, ca, 93710, us",8.77,3.89,3.53,,,4.26,2.14,16,56,4.5,15,7.551785714285714,1,1,1,0,ca,93710,Fresno,1
451,Wendy,"2501 n. chester, oildale, ca, 93308, us",8.77,3.4,2.92,,,3.65,2.31,13,55,4.4,22,7.087999999999999,1,1,1,0,ca,93308,Kern,1
452,Wendy,"2608 oswell st., bakersfield, ca, 93306, us",8.77,3.4,2.92,,,3.65,2.31,13,55,4.800000000000001,49,7.087999999999999,1,1,1,0,ca,93306,Kern,1
453,Wendy,"9180 rosedale hwy, bakersfield, ca, 93312, us",8.77,3.4,2.92,,,3.65,2.31,13,55,4.199999999999998,31,7.087999999999999,1,1,1,0,ca,93312,Kern,1
454,Wendy,"2150 panama lane, bakersfield, ca, 93307, us",8.77,3.4,2.92,,,3.65,2.31,13,55,4.699999999999999,19,7.087999999999999,1,1,1,0,ca,93307,Kern,1
455,Wendy,"4650 gosford road, bakersfield, ca, 93313, us",8.77,3.4,2.92,,,3.65,2.31,13,55,4.6,43,7.087999999999999,1,1,1,0,ca,93313,Kern,1
456,Wendy,"800 south figueroa street, los angeles, ca, 90017, us",8.77,4.01,3.65,,,4.14,2.79,19,57,4.3999999999999995,200+,7.21157894736842,1,1,1,0,ca,90017,Los Angeles,1
457,Wendy,"1305 n. vermont ave., hollywood, ca, 90027, us",8.28,3.89,3.4,,,4.01,2.67,16,55,4.4,200+,6.926545454545453,1,1,1,0,ca,90027,Los Angeles,1
458,Wendy,"245 south atlantic, alhambra, ca, 91801, us",8.04,2.79,2.43,,,3.65,2.06,12,54,4.6,200+,6.382962962962961,1,1,1,0,ca,91801,Los Angeles,1
459,Wendy,"1201 e valley, alhambra, ca, 91801, us",8.41,3.65,3.65,,,3.65,1.21,15,55,4.5,121,6.6961818181818185,1,1,1,0,ca,91801,Los Angeles,1
460,Wendy,"8810 s garfield ave, s.gate, ca, 90280, us",7.55,2.92,2.43,,,3.53,2.18,10,58,4.800000000000001,189,5.961206896551724,1,1,1,0,ca,90280,Los Angeles,1
461,Wendy,"4148 florence ave, bell, ca, 90201, us",8.53,3.65,2.43,,,3.65,1.94,8,57,4.6000000000000005,131,7.433859649122806,1,1,1,0,ca,90201,Los Angeles,1
462,Wendy,"23750 main street, carson, ca, 90745, us",8.16,3.65,3.4,,,4.01,2.43,40,110,4.600000000000002,121,6.946000000000001,1,1,1,0,ca,90745,Los Angeles,1
463,Wendy,"2201 bellflower blvd., long beach, ca, 90815, us",8.28,3.89,3.4,,,4.01,2.67,16,55,4.300000000000002,188,6.926545454545455,1,1,1,0,ca,90815,Los Angeles,1
464,Wendy,"2438 e carson st, lakewood, ca, 90712, us",7.67,3.4,2.43,,,3.65,1.7,15,54,4.6,75,6.344814814814815,1,1,1,0,ca,90712,Los Angeles,1
465,Wendy,"4314 south street, lakewood, ca, 90712, us",8.53,3.65,2.43,,,3.65,1.94,8,55,4.5,98,7.615818181818182,1,1,1,0,ca,90712,Los Angeles,1
466,Wendy,"11254, los alamitos, ca, 90720, us",8.16,3.65,3.65,,,3.65,1.21,15,54,4.5,68,6.729629629629631,1,1,1,0,ca,90720,Orange,1
467,Wendy,"27544 the old road, valencia, ca, 91355, us",,3.4,2.43,,,3.65,1.7,30,104,4.8999999999999995,13,6.131923076923077,1,1,1,0,ca,91355,Los Angeles,1
468,Wendy,"24525 lyons avenue, santa clarita, ca, 91321, us",7.67,3.4,2.43,,,3.65,1.7,15,55,4.899999999999999,28,6.295818181818181,1,1,1,0,ca,91321,Los Angeles,1
469,Wendy,"28180 newhall ranch road, santa clarita, ca, 91355, us",7.67,3.4,2.43,,,3.65,1.7,15,55,4.800000000000001,17,6.295818181818181,1,1,1,0,ca,91355,Los Angeles,1
470,Wendy,"19018 soledad canyon rd, canyon country, ca, 91351, us",7.67,3.4,2.43,,,3.65,1.7,15,57,4.5,68,6.13877192982456,1,1,1,0,ca,91351,Los Angeles,1
471,Wendy,"18507 devonshire street, northridge, ca, 91324, us",8.04,3.65,3.28,,,3.89,2.43,17,55,4.6,90,6.7556363636363645,1,1,1,0,ca,91324,Los Angeles,1
472,Wendy,"1581 fitzgerald drive, pinole, ca, 94564, us",5.69,2.89,1.89,,,2.29,1.99,27,165,4.399999999999999,35,5.392848484848485,1,1,1,0,ca,94564,Contra Costa,1
473,Wendy,"1001 redwood, vallejo, ca, 94590, us",6.29,2.39,1.99,,,2.99,1.69,25,224,4.5,59,5.160892857142856,1,1,1,0,ca,94590,Solano,1
474,Wendy,"500 e washington st, petaluma, ca, 94952, us",6.19,2.49,1.99,,,2.99,1.59,19,168,4.799999999999999,23,5.235357142857143,1,1,1,0,ca,94952,Marin,1
475,Wendy,"1450 trancas st, napa, ca, 94558, us",6.29,2.39,1.99,,,2.99,1.69,21,174,4.8,29,4.9365517241379315,1,1,1,0,ca,94558,Napa,1
476,Wendy,"1850, santa rosa, ca, 95407, us",6.29,2.39,1.99,,,2.99,1.69,13,110,4.5,64,5.504727272727273,1,1,1,0,ca,95407,Sonoma,1
477,Wendy,"1339 north main, salinas, ca, 93906, us",9.02,3.77,3.4,,,4.26,2.43,16,55,4.800000000000001,29,6.946727272727273,1,1,1,0,ca,93906,Monterey,1
478,Wendy,"1369 north davis road, salinas, ca, 93907, us",7.31,3.28,2.67,,,3.65,2.06,8,50,4.800000000000001,11,6.380800000000001,1,1,1,0,ca,93907,Monterey,1
479,Wendy,"1180 fremont, seaside, ca, 93955, us",9.02,3.77,3.4,,,4.26,2.43,16,55,4.699999999999999,20,6.946727272727273,1,1,1,0,ca,93955,Monterey,1
480,Wendy,"1480 freedom blvd, watsonville, ca, 95076, us",7.39,3.09,2.79,,,3.49,1.99,27,110,4.3,16,6.320181818181821,1,1,1,0,ca,95076,Santa Cruz,1
481,Wendy,"393 e 10th st, gilroy, ca, 95020, us",8.49,3.29,2.39,,,2.69,1.89,6,55,4.4,15,6.0209090909090905,1,1,1,0,ca,95020,Santa Clara,1
482,Wendy,"1737 e 17th st, santa ana, ca, 92705, us",8.41,3.65,3.65,,,3.65,1.21,30,110,4.700000000000001,68,6.69618181818182,1,1,1,0,ca,92705,Orange,1
483,Wendy,"3739 w. chapman ave., orange, ca, 92868, us",7.67,3.4,2.43,,,3.65,1.7,30,110,4.600000000000002,100+,6.295818181818183,1,1,1,0,ca,92868,Orange,1
484,Wendy,"13922 redhill avenue, tustin, ca, 92780, us",8.16,3.65,3.4,,,4.01,2.43,20,55,4.6,57,6.946,1,1,1,0,ca,92780,Orange,1
485,Wendy,"1237 n. tustin, orange, ca, 92867, us",8.04,3.65,3.28,,,3.89,2.43,17,55,4.899999999999999,54,6.7556363636363645,1,1,1,0,ca,92867,Orange,1
486,Wendy,"1012 n. state college blvd., anaheim, ca, 92806, us",8.16,3.65,3.65,,,3.65,1.21,15,55,4.699999999999999,59,6.675818181818182,1,1,1,0,ca,92806,Orange,1
487,Wendy,"10040 chapman ave., garden grove, ca, 92840, us",8.41,3.65,3.65,,,3.65,1.21,30,110,4.5,60,6.696181818181819,1,1,1,0,ca,92840,Orange,1
488,Wendy,"680 n. euclid ave., anaheim, ca, 92801, us",8.16,3.65,3.4,,,4.01,2.43,40,110,4.5,71,6.946000000000001,1,1,1,0,ca,92801,Orange,1
489,Wendy,"15700 valley view ave, la mirada, ca, 90638, us",8.16,3.65,3.4,,,4.01,2.43,20,55,4.899999999999999,32,6.946,1,1,1,0,ca,90638,Los Angeles,1
490,Wendy,"924 pleasant grove blvd, roseville, ca, 95678, us",8.97,3.97,3.6,,,4.38,2.18,28,112,4.3999999999999995,16,6.971875,1,1,1,0,ca,95678,Placer,1
491,Wendy,"6435 antelope road, citrus hts., ca, 95621, us",8.97,3.97,3.6,,,4.38,2.18,15,56,4.8,24,7.663035714285714,1,1,1,0,ca,95621,Sacramento,1
492,Wendy,"7983 greenback lane, citrus hts., ca, 95610, us",8.77,3.89,3.53,,,4.26,2.14,27,112,4.299999999999999,27,6.8707142857142856,1,1,1,0,ca,95610,Sacramento,1
493,Wendy,"4320 watt ave, sacramento, ca, 95821, us",8.6,3.77,3.4,,,4.14,2.06,32,112,4.3999999999999995,15,7.404464285714286,1,1,1,0,ca,95821,Sacramento,1
494,Wendy,"2646 watt avenue, sacramento, ca, 95821, us",8.6,3.77,3.4,,,4.14,2.06,43,168,4.200000000000001,28,6.959166666666666,1,1,1,0,ca,95821,Sacramento,1
495,Wendy,"2560 bell rd, auburn, ca, 95602, us",7.55,3.04,2.43,,,3.65,1.94,7,57,4.0,11,5.8614035087719305,1,1,1,0,ca,95602,Placer,1
496,Wendy,"3565 central ave, riverside, ca, 92506, us",7.67,3.4,2.43,,,3.65,1.7,30,110,4.399999999999998,45,6.295818181818183,1,1,1,0,ca,92506,Riverside,1
497,Wendy,"10020 arlington avenue, riverside, ca, 92503, us",8.16,3.65,3.4,,,4.01,2.43,19,54,4.300000000000002,18,6.968703703703704,1,1,1,0,ca,92503,Riverside,1
498,Wendy,"3838 tyler street, riverside, ca, 92503, us",7.67,3.4,2.43,,,3.65,1.7,15,58,4.600000000000001,14,6.066379310344827,1,1,1,0,ca,92503,Riverside,1
499,Wendy,"1090 n. pepper ave., colton, ca, 92324, us",7.67,3.4,2.43,,,3.65,1.7,45,165,4.399999999999999,50+,6.2958181818181815,1,1,1,0,ca,92324,San Bernardino,1
500,Wendy,"22320 cactus ave, moreno valley, ca, 92553, us",8.16,3.65,3.4,,,4.01,2.43,20,57,4.6000000000000005,22,6.770350877192982,1,1,1,0,ca,92553,Riverside,1
501,Wendy,"12410 day street, moreno valley, ca, 92553, us",8.16,3.65,3.4,,,4.01,2.43,20,55,4.800000000000001,48,6.946,1,1,1,0,ca,92553,Riverside,1
502,Wendy,"12671 moreno beach drive, moreno valley, ca, 92555, us",7.67,3.4,2.43,,,3.65,1.7,15,55,4.899999999999999,22,6.295818181818181,1,1,1,0,ca,92555,Riverside,1
503,Wendy,"40460, murrieta, ca, 92563, us",8.04,3.65,3.28,,,3.89,2.43,17,55,4.300000000000002,23,6.755636363636364,1,1,1,0,ca,92563,Riverside,1
504,Wendy,"27251 newport rd, menifee, ca, 92586, us",7.67,3.4,2.43,,,3.65,1.7,15,55,4.899999999999999,22,6.295818181818181,1,1,1,0,ca,92586,Riverside,1
505,Wendy,"29275 central avenue, lake elsinore, ca, 92532, us",7.67,3.4,2.43,,,3.65,1.7,15,55,4.6,16,6.295818181818181,1,1,1,0,ca,92532,Riverside,1
506,Wendy,"1830 n., perris, ca, 92571, us",6.29,2.79,1.99,,,2.99,1.39,10,55,4.699999999999999,21,5.160909090909091,1,1,1,0,ca,92571,Riverside,1
507,Wendy,"3450 w florida blvd, hemet, ca, 92545, us",6.29,2.79,1.99,,,2.99,1.39,10,55,4.4,37,5.160909090909091,1,1,1,0,ca,92545,Riverside,1
508,Wendy,"2360 arena blvd, sacramento, ca, 95834, us",8.97,3.97,3.6,,,4.38,2.18,30,114,4.100000000000001,29,7.063859649122807,1,1,1,0,ca,95834,Sacramento,1
509,Wendy,"2750 power inn road, sacramento, ca, 95826, us",8.6,3.77,3.4,,,4.14,2.06,32,112,4.5,47,7.404464285714286,1,1,1,0,ca,95826,Sacramento,1
510,Wendy,"7931 e stockton blvd, sacramento, ca, 95823, us",8.77,3.89,3.53,,,4.26,2.14,32,112,3.600000000000001,27,7.551785714285714,1,1,1,0,ca,95823,Sacramento,1
511,Wendy,"8871 bond road, elk grove, ca, 95624, us",8.77,3.89,3.53,,,4.26,2.14,16,56,4.0,22,7.551785714285714,1,1,1,0,ca,95624,Sacramento,1
512,Wendy,"1471 meadowview rd, sacramento, ca, 95822, us",8.6,3.77,3.4,,,4.14,2.06,16,56,4.3999999999999995,26,7.404464285714285,1,1,1,0,ca,95822,Sacramento,1
513,Wendy,"1110 s. mt. vernon ave., colton, ca, 92324, us",8.16,3.65,3.4,,,4.01,2.43,20,55,4.699999999999999,26,6.946,1,1,1,0,ca,92324,San Bernardino,1
514,Wendy,"2077 e highland ave, san bernardino, ca, 92404, us",7.67,3.4,2.43,,,3.65,1.7,15,55,4.300000000000002,50+,6.295818181818181,1,1,1,0,ca,92404,San Bernardino,1
515,Wendy,"27879 baseline avenue, highland, ca, 92346, us",7.67,3.4,2.43,,,3.65,1.7,11,51,4.0,25,6.340980392156863,1,1,1,0,ca,92346,San Bernardino,1
516,Wendy,"1991, redlands, ca, 92373, us",7.67,3.4,2.43,,,3.65,1.7,15,55,4.5,40,6.295818181818181,1,1,1,0,ca,92373,San Bernardino,1
517,Wendy,"1260 w. foothill blvd., rialto, ca, 92376, us",7.67,3.4,2.43,,,3.65,1.7,15,55,4.699999999999999,30,6.295818181818181,1,1,1,0,ca,92376,San Bernardino,1
518,Wendy,"16984 valley blvd., fontana, ca, 92335, us",7.67,3.4,2.43,,,3.65,1.7,30,110,4.799999999999998,30,6.295818181818183,1,1,1,0,ca,92335,San Bernardino,1
519,Wendy,"17017 sierra lakes pkwy, fontana, ca, 92336, us",7.67,3.4,2.43,,,3.65,1.7,11,56,4.2,21,6.157321428571429,1,1,1,0,ca,92336,San Bernardino,1
520,Wendy,"14439 baseline avenue, fontana, ca, 92336, us",7.67,3.4,2.43,,,3.65,1.7,15,55,4.699999999999999,14,6.295818181818182,1,1,1,0,ca,92336,San Bernardino,1
521,Wendy,"15110 east summit ave., fontana, ca, 92336, us",7.67,3.4,2.43,,,3.65,1.7,15,55,4.199999999999998,19,6.295818181818181,1,1,1,0,ca,92336,San Bernardino,1
522,Wendy,"14798 lapaz drive, victorville, ca, 92395, us",7.67,3.4,2.43,,,3.65,1.7,14,50,4.5,10,5.979999999999999,1,1,1,0,ca,92395,San Bernardino,1
523,Wendy,"14303 bear valley road, victorville, ca, 92392, us",7.67,3.4,2.43,,,3.65,1.7,14,50,4.6,16,5.98,1,1,1,0,ca,92392,San Bernardino,1
524,Wendy,"3760 midway drive, san diego, ca, 92110, us",8.28,3.89,3.4,,,4.01,2.67,32,110,4.700000000000001,55,6.9265454545454554,1,1,1,0,ca,92110,San Diego,1
525,Wendy,"1111 camino del rio s., mission valley, ca, 92108, us",8.28,3.89,3.4,,,4.01,2.67,32,110,4.700000000000001,37,6.9265454545454554,1,1,1,0,ca,92108,San Diego,1
526,Wendy,"8310 rio, san diego, ca, 92108, us",8.04,3.65,3.28,,,3.89,2.43,17,55,4.6,17,6.7556363636363645,1,1,1,0,ca,92108,San Diego,1
527,Wendy,"8749 campo road, la mesa, ca, 91941, us",8.28,3.89,3.4,,,4.01,2.67,32,110,4.700000000000001,100+,6.9265454545454554,1,1,1,0,ca,91941,San Diego,1
528,Wendy,"618 e street, chula vista, ca, 91910, us",8.04,3.65,3.28,,,3.89,2.43,17,55,4.6,100+,6.755636363636364,1,1,1,0,ca,91910,San Diego,1
529,Wendy,"960 eastlake parkway, chula vista, ca, 91914, us",8.04,3.65,3.28,,,3.89,2.43,17,55,4.699999999999999,45,6.755636363636364,1,1,1,0,ca,91914,San Diego,1
530,Wendy,"2825 el cajon blvd, san diego, ca, 92104, us",8.04,3.65,3.28,,,3.89,2.43,17,55,4.300000000000002,100+,6.7556363636363645,1,1,1,0,ca,92104,San Diego,1
531,Wendy,"1497 piper ranch road, san diego, ca, 92154, us",9.14,1.7,1.7,,,3.4,1.7,15,57,4.800000000000001,34,6.370701754385965,1,1,1,0,ca,92154,San Diego,1
532,Wendy,"3705 plaza drive, oceanside, ca, 92056, us",8.28,3.89,3.4,,,4.01,2.67,16,55,4.300000000000002,27,6.926545454545455,1,1,1,0,ca,92056,San Diego,1
533,Wendy,"567 w., vista, ca, 92083, us",8.28,3.89,3.4,,,4.01,2.67,16,55,4.300000000000002,28,6.926545454545455,1,1,1,0,ca,92083,San Diego,1
534,Wendy,"102 encinites blvd, encinitas, ca, 92024, us",8.28,3.89,3.4,,,4.01,2.67,16,55,4.800000000000001,26,6.926545454545453,1,1,1,0,ca,92024,San Diego,1
535,Wendy,"960 w. el norte, escondido, ca, 92026, us",6.59,2.99,2.69,,,3.19,1.99,10,55,4.899999999999999,27,5.537272727272729,1,1,1,0,ca,92026,San Diego,1
536,Wendy,"1530 w. valley pkwy, escondido, ca, 92029, us",6.59,2.99,2.69,,,3.19,1.99,10,55,5.0,12,5.537272727272729,1,1,1,0,ca,92029,San Diego,1
537,Wendy,"176 gateway blvd, s.san francisco, ca, 94080, us",9.02,3.89,3.16,,,4.01,2.55,44,220,4.5,43,6.629272727272728,1,1,1,0,ca,94080,San Mateo,1
538,Wendy,"499 el camino real, san bruno, ca, 94066, us",8.53,4.14,3.65,,,3.65,2.43,72,220,4.899999999999999,64,6.922727272727272,1,1,1,0,ca,94066,San Mateo,1
539,Wendy,"2439 march ln., stockton, ca, 95207, us",8.77,3.4,2.92,,,3.65,2.31,13,55,4.199999999999998,18,7.087999999999999,1,1,1,0,ca,95207,San Joaquin,1
540,Wendy,"725 west hammer lane, stockton, ca, 95210, us",8.6,3.77,3.4,,,4.14,2.06,16,56,3.1000000000000005,14,7.404464285714285,1,1,1,0,ca,95210,San Joaquin,1
541,Wendy,"698 ralston avenue, belmont, ca, 94002, us",9.02,3.16,2.67,,,4.01,2.43,19,110,4.399999999999998,51,5.970636363636363,1,1,1,0,ca,94002,San Mateo,1
542,Wendy,"1852 el camino real, redwood city, ca, 94063, us",9.75,4.14,3.65,,,4.26,2.06,15,56,4.6000000000000005,28,7.9382142857142854,1,1,1,0,ca,94063,San Mateo,1
543,Wendy,"2120 n preisker lane, santa maria, ca, 93458, us",7.67,3.4,2.43,,,3.65,1.7,15,57,4.300000000000001,10,6.138771929824561,1,1,1,0,ca,93458,Santa Barbara,1
544,Wendy,"2150 south bradley road, santa maria, ca, 93455, us",7.55,3.53,3.16,,,3.65,2.31,15,55,0.0,6,6.5538181818181815,1,1,1,0,ca,93455,Santa Barbara,1
545,Wendy,"5724 holli, goleta, ca, 93117, us",8.04,3.65,3.28,,,3.89,2.43,17,55,4.6,37,6.7556363636363645,1,1,1,0,ca,93117,Santa Barbara,1
546,Wendy,"2662 thompson blvd., ventura, ca, 93003, us",6.59,2.99,2.69,,,3.19,1.99,27,110,4.899999999999998,12,6.146454545454546,1,1,1,0,ca,93003,Ventura,1
547,Wendy,"1401 victoria, ventura, ca, 93003, us",6.59,2.99,2.69,,,3.19,1.99,27,108,4.399999999999999,16,6.100185185185187,1,1,1,0,ca,93003,Ventura,1
548,Wendy,"2275 mc kee road, san jose, ca, 95133, us",10.36,4.26,2.92,,,3.89,2.31,36,110,4.700000000000001,53,7.743090909090908,1,1,1,0,ca,95133,Santa Clara,1
549,Wendy,"782 s. bascom, san jose, ca, 95128, us",9.75,4.14,3.65,,,4.26,2.06,30,112,4.299999999999999,39,7.9382142857142854,1,1,1,0,ca,95128,Santa Clara,1
550,Wendy,"1845 e capitol expy, san jose, ca, 95121, us",9.75,4.14,3.65,,,4.26,2.06,15,56,4.8,57,7.9382142857142854,1,1,1,0,ca,95121,Santa Clara,1
551,Wendy,"2624 s. bascom, san jose, ca, 95124, us",9.75,4.14,3.65,,,4.26,2.06,30,112,4.200000000000001,20,7.938214285714286,1,1,1,0,ca,95124,Santa Clara,1
552,Wendy,"990 saratoga ave, san jose, ca, 95129, us",10.36,4.26,2.92,,,3.89,2.31,34,112,4.5,45,7.6067857142857145,1,1,1,0,ca,95129,Santa Clara,1
553,Wendy,"1313 s. wolfe road, sunnyvale, ca, 94087, us",9.75,4.14,3.65,,,4.26,2.06,30,112,4.1000000000000005,50,7.9382142857142854,1,1,1,0,ca,94087,Santa Clara,1
554,Wendy,"2045 north texas, fairfield, ca, 94533, us",7.55,3.04,2.43,,,3.65,1.94,7,56,4.6000000000000005,43,5.951071428571429,1,1,1,0,ca,94533,Solano,1
555,Wendy,"1377 monte vista, vacaville, ca, 95688, us",8.89,3.77,2.67,,,3.77,2.43,14,55,4.6,23,6.855636363636362,1,1,1,0,ca,95688,Solano,1
556,Wendy,"1501 mchenry ave, modesto, ca, 95350, us",8.77,3.4,2.92,,,3.65,2.31,9,50,4.1,23,7.3389999999999995,1,1,1,0,ca,95350,Stanislaus,1
557,Wendy,"1617 north carpenter road, modesto, ca, 95351, us",8.77,3.4,2.92,,,3.65,2.31,13,55,0.0,6,7.087999999999999,1,1,1,0,ca,95351,Stanislaus,1
558,Wendy,"1374 e. hatch rd., modesto, ca, 95351, us",8.77,3.4,2.92,,,3.65,2.31,13,55,4.6,19,7.087999999999999,1,1,1,0,ca,95351,Stanislaus,1
559,Wendy,"3250 dale rd., modesto, ca, 95356, us",8.77,3.4,2.92,,,3.65,2.31,13,56,0.0,6,6.998214285714286,1,1,1,0,ca,95356,Stanislaus,1
560,Wendy,"2395 geer rd., turlock, ca, 95382, us",7.19,2.79,2.39,,,2.99,1.89,10,55,4.5,15,5.81,1,1,1,0,ca,95382,Stanislaus,1
561,Wendy,"1110 east, tulare, ca, 93274, us",8.6,3.77,3.4,,,4.14,2.06,16,55,0.0,3,7.029090909090908,1,1,1,0,ca,93274,Tulare,1
562,Wendy,"2010 n. rose avenue, oxnard, ca, 93036, us",7.55,3.53,3.16,,,3.65,2.31,15,55,4.5,28,6.553818181818182,1,1,1,0,ca,93036,Ventura,1
563,Wendy,"175 n ventura road, port hueneme, ca, 93041, us",7.55,3.53,3.16,,,3.65,2.31,15,54,4.4,19,6.501481481481481,1,1,1,0,ca,93041,Ventura,1
564,Wendy,"149 west ventura blvd, camarillo, ca, 93010, us",8.04,3.65,3.28,,,3.89,2.43,17,54,4.6,13,6.704814814814816,1,1,1,0,ca,93010,Ventura,1
565,Wendy,"307 arneill road, camarillo, ca, 93010, us",7.55,3.53,3.16,,,3.65,2.31,15,54,4.800000000000001,20,6.501481481481481,1,1,1,0,ca,93010,Ventura,1
566,Burger King,"1541 east 12th street, oakland, ca, 94606, us",8.59,3.49,4.99,13.99,3.99,,3.89,13,76,4.399999999999999,35,8.688815789473685,1,1,1,0,ca,94606,Alameda,1
567,Burger King,"4424 broadway, oakland, ca, 94611, us",9.86,2.73,4.86,14.98,4.61,,4.89,17,81,4.5,96,8.50567901234568,1,1,1,0,ca,94611,Alameda,1
568,Burger King,"580 hegenberger road, oakland, ca, 94621, us",9.86,2.73,4.86,14.98,4.61,,4.89,34,162,4.2,21,8.505679012345679,1,1,1,0,ca,94621,Alameda,1
569,Burger King,"5701 christie avenue, emeryville, ca, 94608, us",10.59,4.69,6.29,17.19,5.59,,4.29,26,81,4.8,81,9.925802469135801,1,1,1,0,ca,94608,Alameda,1
570,Burger King,"4200 east 14th street, oakland, ca, 94601, us",9.23,2.63,4.67,15.58,4.31,,3.59,15,78,4.199999999999999,30,8.494487179487182,1,1,1,0,ca,94601,Alameda,1
571,Burger King,"849 university avenue, berkeley, ca, 94710, us",9.39,2.49,6.89,14.99,2.79,,2.99,12,80,4.8999999999999995,28,8.39275,1,1,1,0,ca,94710,Alameda,1
572,Burger King,"3996 washington boulevard, fremont, ca, 94538, us",9.6,4.13,6.31,16.43,4.39,,4.39,18,82,4.2,21,9.827073170731708,1,1,1,0,ca,94538,Alameda,1
573,Burger King,"34943, newark, ca, 94560, us",7.99,1.89,5.29,11.69,5.99,,3.99,20,81,4.5,19,8.832098765432098,1,1,1,0,ca,94560,Alameda,1
574,Burger King,"1801 decoto road, union city, ca, 94587, us",9.86,2.73,4.86,14.98,4.61,,4.89,18,81,4.5,29,8.522716049382717,1,1,1,0,ca,94587,Alameda,1
575,Burger King,"46700 mission boulevard, fremont, ca, 94539, us",9.6,4.13,6.31,16.43,4.39,,4.39,18,83,3.8999999999999986,11,9.744698795180724,1,1,1,0,ca,94539,Alameda,1
576,Burger King,"31361 alavarado niles road, union city, ca, 94587, us",9.86,2.73,4.86,14.98,4.61,,4.89,13,75,4.600000000000001,16,8.82746666666667,1,1,1,0,ca,94587,Alameda,1
577,Burger King,"29671 mission blvd., hayward, ca, 94544, us",9.59,3.99,4.99,14.99,5.99,,4.99,38,154,4.8,22,10.002987012987012,1,1,1,0,ca,94544,Alameda,1
578,Burger King,"950 west a street, hayward, ca, 94541, us",9.86,2.73,4.86,14.98,4.61,,4.89,18,81,4.7,22,8.522716049382717,1,1,1,0,ca,94541,Alameda,1
579,Burger King,"2757, castro valley, ca, 94546, us",9.6,4.13,6.31,16.43,4.39,,4.39,18,81,4.600000000000001,17,9.579506172839507,1,1,1,0,ca,94546,Alameda,1
580,Burger King,"15050 e. 14th street, san leandro, ca, 94578, us",9.86,2.73,4.86,14.98,4.61,,4.89,18,81,4.600000000000001,36,8.522716049382717,1,1,1,0,ca,94578,Alameda,1
581,Burger King,"26251 hesperian boulevard, hayward, ca, 94545, us",9.86,2.73,4.86,14.98,4.61,,4.89,18,82,4.399999999999999,24,8.467317073170733,1,1,1,0,ca,94545,Alameda,1
582,Burger King,"3399 port chicago hwy, concord, ca, 94520, us",9.79,3.89,5.39,16.39,5.59,,4.29,27,81,4.3,17,9.645555555555555,1,1,1,0,ca,94520,Contra Costa,1
583,Burger King,"4320 clayton road, concord, ca, 94521, us",9.79,3.89,5.39,16.39,5.59,,4.29,27,81,4.899999999999999,10,9.645555555555555,1,1,1,0,ca,94521,Contra Costa,1
584,Burger King,"677 contra costa boulevard, pleasant hill, ca, 94523, us",9.79,3.89,5.39,16.39,5.59,,4.29,27,81,3.5,20,9.645555555555555,1,1,1,0,ca,94523,Contra Costa,1
585,Burger King,"5400 ygnacio valley road, concord, ca, 94521, us",10.29,4.49,5.99,16.89,5.59,,4.29,27,81,0.0,16,9.833209876543208,1,1,1,0,ca,94521,Contra Costa,1
586,Burger King,"4610 east king's canyon rd., fresno, ca, 93702, us",8.59,2.59,4.69,14.69,4.56,,2.39,19,81,4.100000000000001,20,8.190246913580246,1,1,1,0,ca,93702,Fresno,1
587,Burger King,"2410 north cedar, fresno, ca, 93703, us",8.59,2.59,4.69,14.69,4.56,,2.39,19,81,4.5,19,8.190246913580244,1,1,1,0,ca,93703,Fresno,1
588,Burger King,"575 north clovis avenue, fresno, ca, 93727, us",9.79,3.89,5.39,16.39,5.59,,4.29,27,81,4.600000000000001,10,9.638148148148145,1,1,1,0,ca,93727,Fresno,1
589,Burger King,"4087 west clinton avenue, fresno, ca, 93722, us",9.79,3.89,5.39,16.39,5.59,,4.29,27,81,4.0,11,9.638148148148147,1,1,1,0,ca,93722,Fresno,1
590,Burger King,"3405 union ave, bakersfield, ca, 93305, us",8.09,2.89,4.79,14.19,3.99,,2.39,15,82,4.100000000000001,16,8.162560975609756,1,1,1,0,ca,93305,Kern,1
591,Burger King,"1949 columbus avenue, bakersfield, ca, 93305, us",8.09,2.89,4.79,14.19,3.99,,2.39,15,80,4.3999999999999995,19,8.056875,1,1,1,0,ca,93305,Kern,1
592,Burger King,"5120 olive drive, bakersfield, ca, 93308, us",8.56,3.1,4.4,14.52,3.82,,3.04,15,80,4.1000000000000005,17,8.399875,1,1,1,0,ca,93308,Kern,1
593,Burger King,"2508 white lane, bakersfield, ca, 93304, us",8.09,2.89,4.79,14.19,3.99,,2.39,15,82,4.600000000000001,30,8.162560975609756,1,1,1,0,ca,93304,Kern,1
594,Burger King,"8200 stockdale hwy, bakersfield, ca, 93309, us",8.09,2.89,4.79,14.19,3.99,,2.39,15,82,4.7,17,8.162560975609756,1,1,1,0,ca,93309,Kern,1
595,Burger King,"700 east cesar e chavez avenue, los angeles, ca, 90012, us",10.29,2.79,5.39,15.29,4.89,,3.99,21,78,4.600000000000002,91,8.970256410256411,1,1,1,0,ca,90012,Los Angeles,1
596,Burger King,"1501 west 6th street, los angeles, ca, 90017, us",9.69,4.79,7.39,15.19,4.99,,4.99,17,81,4.7,178,10.278395061728398,1,1,1,0,ca,90017,Los Angeles,1
597,Burger King,"1830 west 8th street, los angeles, ca, 90057, us",10.29,2.79,5.39,15.29,4.89,,3.99,21,78,4.399999999999998,42,8.97025641025641,1,1,1,0,ca,90057,Los Angeles,1
598,Burger King,"3501 whittier blvd., los angeles, ca, 90023, us",9.35,2.48,6.32,13.97,4.46,,3.01,4,61,4.600000000000002,57,9.619180327868852,1,1,1,0,ca,90023,Los Angeles,1
599,Burger King,"1540 north eastern avenue, los angeles, ca, 90063, us",10.29,2.79,5.39,15.29,4.89,,3.99,21,78,4.600000000000002,57,8.97025641025641,1,1,1,0,ca,90063,Los Angeles,1
600,Burger King,"1845 s. vermont ave., los angeles, ca, 90006, us",10.29,2.79,5.39,15.29,4.89,,3.99,21,78,4.600000000000002,79,8.97025641025641,1,1,1,0,ca,90006,Los Angeles,1
601,Burger King,"127 west 4th street, long beach, ca, 90802, us",10.29,2.79,5.39,15.29,4.89,,3.99,21,78,4.699999999999999,81,8.970256410256411,1,1,1,0,ca,90802,Los Angeles,1
602,Burger King,"2600, long beach, ca, 90806, us",10.29,2.79,5.39,15.29,4.89,,3.99,21,78,4.600000000000002,63,8.97025641025641,1,1,1,0,ca,90806,Los Angeles,1
603,Burger King,"2955 north bellflower boulevard, long beach, ca, 90815, us",10.29,2.79,5.39,15.29,4.89,,3.99,21,78,4.399999999999998,29,8.970256410256411,1,1,1,0,ca,90815,Los Angeles,1
604,Burger King,"865 west sepulveda boulevard, torrance, ca, 90502, us",8.03,2.76,3.59,15.94,3.85,,3.85,5,80,4.799999999999999,71,9.16325,1,1,1,0,ca,90502,Los Angeles,1
605,Burger King,"5540 cherry avenue, long beach, ca, 90805, us",8.09,3.99,5.49,13.29,4.99,,4.29,19,78,4.399999999999998,52,9.402435897435895,1,1,1,0,ca,90805,Los Angeles,1
606,Burger King,"20950 figueroa street, carson, ca, 90745, us",10.29,2.79,5.39,15.29,4.89,,3.99,21,78,4.699999999999999,51,8.97025641025641,1,1,1,0,ca,90745,Los Angeles,1
607,Burger King,"24530 lyons avenue, newhall, ca, 91321, us",9.69,4.79,7.39,15.19,4.99,,4.99,16,82,4.5,42,10.422439024390245,1,1,1,0,ca,91321,Los Angeles,1
608,Burger King,"2008 glenoaks boulevard, san fernando, ca, 91340, us",9.69,4.79,7.39,15.19,4.99,,4.99,17,84,4.399999999999999,74,10.238333333333333,1,1,1,0,ca,91340,Los Angeles,1
609,Burger King,"20838 devonshire st., chatsworth, ca, 91311, us",9.69,4.79,7.39,15.19,4.99,,4.99,17,84,5.0,35,10.238333333333333,1,1,1,0,ca,91311,Los Angeles,1
610,Burger King,"19662 nordhoff street, northridge, ca, 91324, us",10.29,2.79,5.39,15.29,4.89,,3.99,21,78,4.600000000000002,22,8.97025641025641,1,1,1,0,ca,91324,Los Angeles,1
611,Burger King,"12781 van nuys boulevard, pacoima, ca, 91331, us",10.59,4.39,8.19,16.79,5.39,,4.79,17,78,4.300000000000001,24,10.158076923076921,1,1,1,0,ca,91331,Los Angeles,1
612,Burger King,"9025 balboa, northridge, ca, 91325, us",9.89,,5.99,15.99,5.99,,4.99,15,66,4.600000000000001,30,10.349999999999998,1,1,1,0,ca,91325,Los Angeles,1
613,Burger King,"969 east francisco blvd., san rafael, ca, 94901, us",9.89,2.89,4.89,16.69,5.69,,4.39,32,164,4.399999999999999,44,8.897926829268293,1,1,1,0,ca,94901,Marin,1
614,Burger King,"220 alameda del prado, novato, ca, 94949, us",9.89,2.89,4.89,16.69,5.69,,4.39,32,160,4.799999999999999,22,9.023125000000002,1,1,1,0,ca,94949,Marin,1
615,Burger King,"1300 mcdonald avenue, richmond, ca, 94801, us",9.23,2.63,4.67,15.58,4.31,,3.59,30,156,4.6000000000000005,30,8.49448717948718,1,1,1,0,ca,94801,Contra Costa,1
616,Burger King,"12999 san pablo avenue, richmond, ca, 94805, us",9.86,2.73,4.86,14.98,4.61,,4.89,17,79,4.800000000000001,49,8.675696202531649,1,1,1,0,ca,94805,Contra Costa,1
617,Burger King,"1571 fitzgerald drive, pinole, ca, 94564, us",9.86,2.73,4.86,14.98,4.61,,4.89,34,162,4.399999999999999,30,8.505679012345679,1,1,1,0,ca,94564,Contra Costa,1
618,Burger King,"5304 old redwood highway, petaluma, ca, 94954, us",9.29,2.69,4.79,15.99,4.69,,2.79,34,162,4.8,20,8.53283950617284,1,1,1,0,ca,94954,Sonoma,1
619,Burger King,"909 south main street, salinas, ca, 93901, us",9.09,2.59,4.69,15.49,4.49,,2.69,16,82,4.3,10,8.439024390243903,1,1,1,0,ca,93901,Monterey,1
620,Burger King,"41 s. sanborn road, salinas, ca, 93905, us",9.09,2.59,4.69,15.49,4.49,,2.69,16,82,4.2,11,8.439024390243903,1,1,1,0,ca,93905,Monterey,1
621,Burger King,"701 north main street, santa ana, ca, 92701, us",8.29,3.99,5.49,13.29,4.99,,4.29,17,80,4.3999999999999995,22,9.428375,1,1,1,0,ca,92701,Orange,1
622,Burger King,"2100 east 17th street, santa ana, ca, 92701, us",10.29,2.79,5.39,15.29,4.89,,3.99,21,78,4.600000000000002,18,8.97025641025641,1,1,1,0,ca,92701,Orange,1
623,Burger King,"200 north harbor boulevard, santa ana, ca, 92703, us",8.29,3.99,5.49,13.29,4.99,,4.29,17,80,4.799999999999999,40,9.427125,1,1,1,0,ca,92703,Orange,1
624,Burger King,"2850 south bristol street, santa ana, ca, 92704, us",10.29,2.79,5.39,15.29,4.89,,3.99,21,78,4.600000000000002,62,8.970256410256411,1,1,1,0,ca,92704,Orange,1
625,Burger King,"601 east dyer road, santa ana, ca, 92705, us",9.89,,5.99,15.99,5.99,,4.99,15,69,4.600000000000002,23,10.453188405797103,1,1,1,0,ca,92705,Orange,1
626,Burger King,"14601 red hill avenue, tustin, ca, 92780, us",8.29,3.99,5.49,13.29,4.99,,4.29,17,78,4.399999999999998,18,9.340897435897434,1,1,1,0,ca,92780,Orange,1
627,Burger King,"1201 south, anaheim, ca, 92805, us",9.59,3.59,5.99,15.59,4.29,,3.99,20,77,4.600000000000002,52,9.480909090909092,1,1,1,0,ca,92805,Orange,1
628,Burger King,"2210 e lincoln ave, anaheim, ca, 92806, us",8.09,3.99,5.49,13.29,4.99,,4.29,18,80,4.799999999999999,38,9.378375,1,1,1,0,ca,92806,Orange,1
629,Burger King,"510 south euclid street, anaheim, ca, 92802, us",9.69,4.79,7.39,15.19,4.99,,4.99,17,84,4.8,37,10.252619047619048,1,1,1,0,ca,92802,Orange,1
630,Burger King,"1329 south harbor boulevard, fullerton, ca, 92832, us",10.29,2.79,5.39,15.29,4.89,,3.99,21,78,4.300000000000001,13,8.97025641025641,1,1,1,0,ca,92832,Orange,1
631,Burger King,"2403 east chapman avenue, fullerton, ca, 92831, us",10.29,2.79,5.39,15.29,4.89,,3.99,21,78,4.100000000000002,21,8.97025641025641,1,1,1,0,ca,92831,Orange,1
632,Burger King,"2751 w. orangethorpe blvd, fullerton, ca, 92833, us",10.29,2.79,5.39,15.29,4.89,,3.99,21,78,4.800000000000001,31,8.97025641025641,1,1,1,0,ca,92833,Orange,1
633,Burger King,"5121 foothills boulevard, roseville, ca, 95747, us",8.59,2.69,4.79,14.99,4.29,,2.39,32,160,4.6000000000000005,19,8.266250000000001,1,1,1,0,ca,95747,Placer,1
634,Burger King,"1300 east, roseville, ca, 95661, us",9.89,3.99,5.59,16.49,5.59,,4.29,52,158,0.0,4,9.58493670886076,1,1,1,0,ca,95661,Placer,1
635,Burger King,"5869 antelope rd, sacramento, ca, 95621, us",8.59,2.69,4.79,14.99,4.29,,2.39,11,72,4.6000000000000005,26,8.787222222222223,1,1,1,0,ca,95621,Sacramento,1
636,Burger King,"7760 sunrise blvd, citrus heights, ca, 95610, us",9.89,3.99,5.59,16.49,5.59,,4.29,52,158,4.7,16,9.58493670886076,1,1,1,0,ca,95610,Sacramento,1
637,Burger King,"4960 auburn blvd., sacramento, ca, 95841, us",8.59,2.69,4.79,14.99,4.29,,2.39,15,76,4.0,27,8.470263157894735,1,1,1,0,ca,95841,Sacramento,1
638,Burger King,"115, lincoln, ca, 95648, us",8.59,2.69,4.79,14.99,4.29,,2.39,15,77,4.600000000000002,11,8.392597402597403,1,1,1,0,ca,95648,Placer,1
639,Burger King,"6835 valley way, riverside, ca, 92509, us",10.29,2.79,5.39,15.29,4.89,,3.99,21,78,4.5,17,8.97025641025641,1,1,1,0,ca,92509,Riverside,1
640,Burger King,"5790 van buren boulevard, riverside, ca, 92503, us",10.29,2.79,5.39,15.29,4.89,,3.99,42,156,4.5,14,8.970256410256408,1,1,1,0,ca,92503,Riverside,1
641,Burger King,"3630 tyler street, riverside, ca, 92505, us",10.29,2.79,5.39,15.29,4.89,,3.99,21,79,3.699999999999999,11,8.895822784810127,1,1,1,0,ca,92505,Riverside,1
642,Burger King,"10055 cedar avenue, bloomington, ca, 92316, us",10.29,2.79,5.39,15.29,4.89,,3.99,42,156,4.6000000000000005,11,8.97025641025641,1,1,1,0,ca,92316,San Bernardino,1
643,Burger King,"24800 sunnymead blvd, moreno valley, ca, 92553, us",9.69,4.79,7.39,15.19,4.99,,4.99,16,84,4.7,32,10.251428571428571,1,1,1,0,ca,92553,Riverside,1
644,Burger King,"1688 north, perris, ca, 92571, us",9.69,4.79,7.39,15.19,4.99,,4.99,32,168,4.299999999999999,28,10.251428571428573,1,1,1,0,ca,92571,Riverside,1
645,Burger King,"2167 university avenue, riverside, ca, 92507, us",10.29,2.79,5.39,15.29,4.89,,3.99,21,78,4.300000000000001,42,8.970256410256411,1,1,1,0,ca,92507,Riverside,1
646,Burger King,"23125 hemlock avenue, moreno valley, ca, 92557, us",10.29,2.79,5.39,15.29,4.89,,3.99,21,78,4.899999999999998,11,8.970256410256411,1,1,1,0,ca,92557,Riverside,1
647,Burger King,"1320 industrial park avenue, redlands, ca, 92374, us",10.29,2.79,5.39,15.29,4.89,,3.99,21,78,4.699999999999999,22,8.970256410256411,1,1,1,0,ca,92374,San Bernardino,1
648,Burger King,"18611 dexter avenue, lake elsinore, ca, 92532, us",10.29,2.79,5.39,15.29,4.89,,3.99,21,78,4.800000000000001,16,8.97025641025641,1,1,1,0,ca,92532,Riverside,1
649,Burger King,"32110 state highway 79 south, temecula, ca, 92592, us",10.29,2.79,5.39,15.29,4.89,,3.99,21,78,4.0,10,8.970256410256411,1,1,1,0,ca,92592,Riverside,1
650,Burger King,"2020 west florida avenue, hemet, ca, 92545, us",10.29,2.79,5.39,15.29,4.89,,3.99,21,78,4.5,32,8.970256410256411,1,1,1,0,ca,92545,Riverside,1
651,Burger King,"2714 el centro road, sacramento, ca, 95833, us",9.34,3.3,4.92,15.84,4.92,,4.25,34,150,4.600000000000001,30,9.466000000000001,1,1,1,0,ca,95833,Sacramento,1
652,Burger King,"5610 freeport boulevard, sacramento, ca, 95822, us",8.59,2.69,4.79,14.99,4.29,,2.39,32,160,4.200000000000001,13,8.26625,1,1,1,0,ca,95822,Sacramento,1
653,Burger King,"1915 arden way, sacramento, ca, 95815, us",8.59,2.69,4.79,14.99,4.29,,2.39,16,80,4.200000000000001,50+,8.26625,1,1,1,0,ca,95815,Sacramento,1
654,Burger King,"7225 greenhaven drive, sacramento, ca, 95831, us",8.59,2.69,4.79,14.99,4.29,,2.39,16,80,4.200000000000001,29,8.26625,1,1,1,0,ca,95831,Sacramento,1
655,Burger King,"5150 stockton blvd., sacramento, ca, 95820, us",8.59,2.69,4.79,14.99,4.29,,2.39,16,79,4.399999999999998,41,8.324177215189874,1,1,1,0,ca,95820,Sacramento,1
656,Burger King,"9181 east stockton boulevard, elk grove, ca, 95624, us",8.59,2.69,4.79,14.99,4.29,,2.39,16,80,3.8,10,8.26625,1,1,1,0,ca,95624,Sacramento,1
657,Burger King,"7218 stockton boulevard, sacramento, ca, 95823, us",8.59,2.69,4.79,14.99,4.29,,2.39,16,80,4.200000000000001,25,8.26625,1,1,1,0,ca,95823,Sacramento,1
658,Burger King,"935 north waterman, san bernardino, ca, 92410, us",10.29,2.79,5.39,15.29,4.89,,3.99,21,78,3.8999999999999977,11,8.97025641025641,1,1,1,0,ca,92410,San Bernardino,1
659,Burger King,"487 west highland, san bernardino, ca, 92405, us",10.29,2.79,5.39,15.29,4.89,,3.99,21,78,4.399999999999998,46,8.97025641025641,1,1,1,0,ca,92405,San Bernardino,1
660,Burger King,"205 east redlands, san bernardino, ca, 92408, us",10.29,2.79,5.39,15.29,4.89,,3.99,21,78,4.100000000000002,15,8.970256410256411,1,1,1,0,ca,92408,San Bernardino,1
661,Burger King,"503 east foothill, rialto, ca, 92376, us",10.29,2.79,5.39,15.29,4.89,,3.99,42,156,4.8999999999999995,19,8.97025641025641,1,1,1,0,ca,92376,San Bernardino,1
662,Burger King,"3235 west little league drive, san bernardino, ca, 92407, us",10.29,2.79,5.39,15.29,4.89,,3.99,42,156,4.6000000000000005,14,8.970256410256408,1,1,1,0,ca,92407,San Bernardino,1
663,Burger King,"16878 foothill boulevard, fontana, ca, 92335, us",10.29,2.79,5.39,15.29,4.89,,3.99,21,78,4.699999999999999,28,8.97025641025641,1,1,1,0,ca,92335,San Bernardino,1
664,Burger King,"1361 west foothill boulevard, rialto, ca, 92376, us",10.29,2.79,5.39,15.29,4.89,,3.99,21,78,4.399999999999998,12,8.970256410256411,1,1,1,0,ca,92376,San Bernardino,1
665,Burger King,"12077 palmdale road, victorville, ca, 92392, us",10.29,2.79,5.39,15.29,4.89,,3.99,42,156,4.5,38,8.970256410256408,1,1,1,0,ca,92392,San Bernardino,1
666,Burger King,"9760 sheep creek road, phelan, ca, 92371, us",10.29,2.79,5.39,15.29,4.89,,3.99,21,78,4.600000000000002,10,8.97025641025641,1,1,1,0,ca,92371,San Bernardino,1
667,Burger King,"1210 11th ave, san diego, ca, 92101, us",9.29,3.89,4.49,13.99,4.99,,4.09,13,75,4.5,67,9.088133333333333,1,1,1,0,ca,92101,San Diego,1
668,Burger King,"1220 south 28th street, san diego, ca, 92113, us",9.29,3.89,4.49,13.99,4.99,,4.09,26,150,4.399999999999999,100+,9.088133333333332,1,1,1,0,ca,92113,San Diego,1
669,Burger King,"3676 market street, san diego, ca, 92102, us",9.29,3.89,4.49,13.99,4.99,,4.09,13,70,4.899999999999998,53,9.366571428571431,1,1,1,0,ca,92102,San Diego,1
670,Burger King,"3747 rosecrans street, san diego, ca, 92110, us",10.29,2.79,5.39,15.29,4.89,,3.99,16,78,4.399999999999998,51,8.931794871794871,1,1,1,0,ca,92110,San Diego,1
671,Burger King,"6960 broadway, lemon grove, ca, 91945, us",9.29,3.89,4.49,13.99,4.99,,4.09,13,75,4.600000000000001,100+,9.088133333333333,1,1,1,0,ca,91945,San Diego,1
672,Burger King,"97 bonita road, chula vista, ca, 91910, us",10.29,2.79,5.39,15.29,4.89,,3.99,16,80,4.5,16,9.09825,1,1,1,0,ca,91910,San Diego,1
673,Burger King,"599 broadway, chula vista, ca, 91910, us",10.29,2.79,5.39,15.29,4.89,,3.99,16,80,4.5,10,9.098249999999998,1,1,1,0,ca,91910,San Diego,1
674,Burger King,"1265 third avenue, chula vista, ca, 91911, us",10.29,2.79,5.39,15.29,4.89,,3.99,16,80,4.6000000000000005,28,9.098249999999998,1,1,1,0,ca,91911,San Diego,1
675,Burger King,"815 highland avenue, national city, ca, 91950, us",10.29,2.79,5.39,15.29,4.89,,3.99,16,78,4.800000000000001,37,8.931794871794873,1,1,1,0,ca,91950,San Diego,1
676,Burger King,"1180 palm ave, imperial beach, ca, 91932, us",10.29,2.79,5.39,15.29,4.89,,3.99,16,78,4.699999999999999,27,8.931794871794873,1,1,1,0,ca,91932,San Diego,1
677,Burger King,"3746 mission avenue, oceanside, ca, 92058, us",10.49,3.99,7.99,14.69,6.79,,5.49,12,75,4.3,32,9.554266666666667,1,1,1,0,ca,92058,San Diego,1
678,Burger King,"377, vista, ca, 92083, us",10.49,3.99,7.99,14.69,6.79,,5.49,13,77,4.699999999999999,39,9.494155844155845,1,1,1,0,ca,92083,San Diego,1
679,Burger King,"728 west, san marcos, ca, 92078, us",10.49,3.99,7.99,14.69,6.79,,5.49,13,75,4.8,13,9.580933333333334,1,1,1,0,ca,92078,San Diego,1
680,Burger King,"244 west mission avenue, escondido, ca, 92025, us",8.7,3.25,5.95,13.4,4.5,,3.7,12,73,4.7,17,8.597671232876714,1,1,1,0,ca,92025,San Diego,1
681,Burger King,"1677 s. centre city parkway, escondido, ca, 92025, us",8.7,3.25,5.95,13.4,4.5,,3.7,12,73,4.7,15,8.597671232876712,1,1,1,0,ca,92025,San Diego,1
682,Burger King,"819 van ness avenue, san francisco, ca, 94109, us",9.89,2.89,4.89,16.89,5.59,,4.39,32,164,4.600000000000001,100+,8.900365853658538,1,1,1,0,ca,94109,San Francisco,1
683,Burger King,"1701 fillmore st, san francisco, ca, 94115, us",9.89,2.89,4.89,16.89,5.59,,4.39,32,160,4.700000000000001,70,9.090625,1,1,1,0,ca,94115,San Francisco,1
684,Burger King,"3900 geary boulevard, san francisco, ca, 94118, us",9.89,2.89,4.89,16.89,5.59,,4.39,48,237,4.5,100+,9.12227848101266,1,1,1,0,ca,94118,San Francisco,1
685,Burger King,"1690 valencia street, san francisco, ca, 94110, us",9.89,2.89,4.89,16.89,5.59,,4.39,48,228,4.399999999999999,94,9.123552631578947,1,1,1,0,ca,94110,San Francisco,1
686,Burger King,"245 bayshore blvd., san francisco, ca, 94124, us",8.29,4.09,5.29,15.29,4.19,,3.29,48,213,4.399999999999999,100+,9.35943661971831,1,1,1,0,ca,94124,San Francisco,1
687,Burger King,"111, colma, ca, 94014, us",9.89,2.89,4.89,16.69,5.69,,4.39,32,162,4.399999999999999,42,8.927654320987656,1,1,1,0,ca,94014,San Mateo,1
688,Burger King,"898 john daly boulevard, daly city, ca, 94015, us",9.89,2.89,4.89,16.69,5.69,,4.39,16,80,4.6000000000000005,100+,9.088125,1,1,1,0,ca,94015,San Mateo,1
689,Burger King,"702 north wilson way, stockton, ca, 95205, us",9.89,3.99,5.59,16.49,5.59,,4.29,26,79,4.100000000000002,14,9.58493670886076,1,1,1,0,ca,95205,San Joaquin,1
690,Burger King,"619 west charter way, stockton, ca, 95206, us",8.89,2.59,4.69,15.09,4.29,,2.69,15,80,4.200000000000001,36,8.240625,1,1,1,0,ca,95206,San Joaquin,1
691,Burger King,"4571 north pershing avenue, stockton, ca, 95207, us",8.89,2.59,4.69,15.09,4.29,,2.69,10,74,4.3,13,8.558243243243245,1,1,1,0,ca,95207,San Joaquin,1
692,Burger King,"1358 madonna road, san luis obispo, ca, 93405, us",10.29,2.79,5.39,15.29,4.89,,3.99,16,78,4.800000000000001,32,8.931794871794873,1,1,1,0,ca,93405,San Luis Obispo,1
693,Burger King,"1773 w grand ave, grover beach, ca, 93433, us",8.69,2.49,4.59,14.59,4.59,,3.29,38,166,4.899999999999999,36,8.135542168674698,1,1,1,0,ca,93433,San Luis Obispo,1
694,Burger King,"8304 el camino real, atascadero, ca, 93422, us",10.29,2.79,5.39,15.29,4.89,,3.99,16,78,0.0,12,8.931794871794873,1,1,1,0,ca,93422,San Luis Obispo,1
695,Burger King,"2817 south el camino real, san mateo, ca, 94403, us",9.89,2.89,4.89,16.69,5.69,,4.39,16,81,4.600000000000001,59,8.927654320987656,1,1,1,0,ca,94403,San Mateo,1
696,Burger King,"575 el camino real, redwood city, ca, 94063, us",8.29,4.09,5.29,15.29,4.19,,3.29,16,72,4.3,19,9.273888888888889,1,1,1,0,ca,94063,San Mateo,1
697,Burger King,"2102 middlefield road, redwood city, ca, 94063, us",8.29,4.09,5.29,15.29,4.19,,3.29,16,72,4.5,24,9.273888888888889,1,1,1,0,ca,94063,San Mateo,1
698,Burger King,"1278 el camino real, san bruno, ca, 94066, us",8.29,4.09,5.29,15.29,4.19,,3.29,32,144,4.6000000000000005,50,9.273888888888889,1,1,1,0,ca,94066,San Mateo,1
699,Burger King,"972 el camino real, south san francisco, ca, 94080, us",8.29,4.09,5.29,15.29,4.19,,3.29,32,144,4.8,45,9.273888888888889,1,1,1,0,ca,94080,San Mateo,1
700,Burger King,"1030 mclaughlin ave., san jose, ca, 95122, us",9.23,2.63,4.67,15.58,4.31,,3.59,15,80,4.299999999999999,39,8.656749999999999,1,1,1,0,ca,95122,Santa Clara,1
701,Burger King,"2390 almaden road, san jose, ca, 95125, us",9.49,3.49,6.49,14.99,4.49,,4.99,19,78,4.899999999999998,29,9.305512820512819,1,1,1,0,ca,95125,Santa Clara,1
702,Burger King,"1181 old oakland road, san jose, ca, 95112, us",7.99,1.89,5.29,11.69,5.99,,3.99,40,162,4.5,29,8.8320987654321,1,1,1,0,ca,95112,Santa Clara,1
703,Burger King,"2170 monterey road, san jose, ca, 95112, us",8.49,2.99,4.99,13.99,3.49,,2.99,14,76,4.3,15,7.921842105263159,1,1,1,0,ca,95112,Santa Clara,1
704,Burger King,"329 north capital avenue, san jose, ca, 95133, us",7.99,1.89,5.29,11.69,5.99,,3.99,20,81,4.399999999999999,18,8.832098765432098,1,1,1,0,ca,95133,Santa Clara,1
705,Burger King,"2532 channing avenue, san jose, ca, 95131, us",9.6,4.13,6.31,16.43,4.39,,4.39,36,162,4.3,12,9.579506172839507,1,1,1,0,ca,95131,Santa Clara,1
706,Burger King,"773 north mathilda avenue, sunnyvale, ca, 94085, us",9.6,4.13,6.31,16.43,4.39,,4.39,18,81,4.8,79,9.579506172839507,1,1,1,0,ca,94085,Santa Clara,1
707,Burger King,"3750 el camino real, santa clara, ca, 95051, us",9.6,4.13,6.31,16.43,4.39,,4.39,18,81,4.3,19,9.579506172839507,1,1,1,0,ca,95051,Santa Clara,1
708,Burger King,"385 south kiely, san jose, ca, 95129, us",9.69,2.79,4.79,16.59,5.59,,4.29,16,82,5.0,11,8.85890243902439,1,1,1,0,ca,95129,Santa Clara,1
709,Burger King,"2015 mission street, santa cruz, ca, 95060, us",9.09,2.59,4.69,15.49,4.49,,2.69,16,82,4.7,36,8.439024390243903,1,1,1,0,ca,95060,Santa Cruz,1
710,Burger King,"1302 soquel avenue, santa cruz, ca, 95062, us",9.09,2.59,4.69,15.49,4.49,,2.69,16,82,4.7,21,8.439024390243903,1,1,1,0,ca,95062,Santa Cruz,1
711,Burger King,"2001 - 41st avenue, capitola, ca, 95010, us",9.09,2.59,4.69,15.49,4.49,,2.69,16,82,4.8,37,8.439024390243903,1,1,1,0,ca,95010,Santa Cruz,1
712,Burger King,"3606 sonoma boulevard, vallejo, ca, 94590, us",8.14,3.23,4.54,13.3,4.19,,2.62,16,67,4.399999999999999,18,9.36089552238806,1,1,1,0,ca,94590,Solano,1
713,Burger King,"844 willow avenue, hercules, ca, 94547, us",9.86,2.73,4.86,14.98,4.61,,4.89,17,81,4.600000000000001,11,8.505679012345679,1,1,1,0,ca,94547,Contra Costa,1
714,Burger King,"190 pittman road, suisun city, ca, 94534, us",8.59,2.69,4.79,14.99,4.29,,2.39,32,160,4.6000000000000005,10,8.26625,1,1,1,0,ca,94534,Solano,1
715,Burger King,"1260 anderson drive, suisun city, ca, 94585, us",8.59,2.69,4.79,14.99,4.29,,2.39,16,80,3.8,14,8.26625,1,1,1,0,ca,94585,Solano,1
716,Burger King,"2005 huntington drive, fairfield, ca, 94533, us",8.59,3.49,4.99,13.99,3.99,,3.89,13,74,4.5,10,8.586081081081083,1,1,1,0,ca,94533,Solano,1
717,Burger King,"56 mission circle, santa rosa, ca, 95409, us",9.49,3.49,4.33,15.05,4.66,,2.98,21,80,4.3999999999999995,25,8.748125,1,1,1,0,ca,95409,Sonoma,1
718,Burger King,"741 stony point road, santa rosa, ca, 95407-6864, us",9.29,2.69,4.79,15.99,4.69,,2.79,12,57,3.9,10,9.44578947368421,1,1,1,0,ca,95407,Sonoma,1
719,Burger King,"2542 guerneville road, santa rosa, ca, 95401, us",9.49,3.49,4.33,15.05,4.66,,2.98,21,80,4.5,40,8.748124999999998,1,1,1,0,ca,95401,Sonoma,1
720,Burger King,"5020 redwood drive, rohnert park, ca, 94928, us",9.29,2.69,4.79,15.99,4.69,,2.79,17,81,3.399999999999999,10,8.53283950617284,1,1,1,0,ca,94928,Sonoma,1
721,Burger King,"6125 commerce boulevard, rohnert park, ca, 94928, us",9.29,2.69,4.79,15.99,4.69,,2.79,17,81,4.0,21,8.53283950617284,1,1,1,0,ca,94928,Sonoma,1
722,Burger King,"1042 north carpenter road, modesto, ca, 95351, us",9.79,3.89,5.39,16.39,5.59,,4.29,27,79,3.8999999999999972,15,9.540632911392406,1,1,1,0,ca,95351,Stanislaus,1
723,Burger King,"2320 mchenry ave, modesto, ca, 95350, us",9.79,3.89,5.39,16.39,5.59,,4.29,27,79,4.300000000000001,13,9.540632911392404,1,1,1,0,ca,95350,Stanislaus,1
724,Burger King,"1009 n ben maddox way, visalia, ca, 93292, us",9.89,3.49,3.79,16.69,5.29,,3.79,22,84,4.8,12,9.74952380952381,1,1,1,0,ca,93292,Tulare,1
725,Burger King,"500 south de maree, visalia, ca, 93277, us",8.59,2.59,4.69,14.69,4.56,,2.39,19,72,4.8999999999999995,15,8.59236111111111,1,1,1,0,ca,93277,Tulare,1
726,Burger King,"6603 betty dr, visalia, ca, 93291, us",8.59,2.59,4.69,14.69,4.56,,2.39,19,81,5.0,11,8.190246913580246,1,1,1,0,ca,93291,Tulare,1
727,Burger King,"1255 north blackstone street, tulare, ca, 93274, us",8.59,2.59,4.69,14.69,4.56,,2.39,20,81,4.7,11,8.222345679012346,1,1,1,0,ca,93274,Tulare,1
728,Burger King,"2001 north, oxnard, ca, 93036, us",10.29,2.79,5.39,15.29,4.89,,3.99,21,78,4.199999999999999,12,8.970256410256411,1,1,1,0,ca,93036,Ventura,1
729,Burger King,"2500 s. ventura road, oxnard, ca, 93033, us",10.29,2.79,5.39,15.29,4.89,,3.99,21,78,4.600000000000002,22,8.970256410256411,1,1,1,0,ca,93033,Ventura,1
730,Burger King,"5950 telegraph road, ventura, ca, 93003, us",10.29,2.79,5.39,15.29,4.89,,3.99,21,78,4.699999999999999,11,8.970256410256411,1,1,1,0,ca,93003,Ventura,1
731,Burger King,"181 south arniell road, camarillo, ca, 93010, us",10.29,2.79,5.39,15.29,4.89,,3.99,21,78,4.699999999999999,30,8.970256410256411,1,1,1,0,ca,93010,Ventura,1
732,Burger King,"21 west main street, ventura, ca, 93001, us",10.29,2.79,5.39,15.29,4.89,,3.99,21,78,0.0,8,8.97025641025641,1,1,1,0,ca,93001,Ventura,1
733,Shake Shack,"1954 telegraph avenue, oakland, ca, 94612, us",9.59,9.39,8.99,,5.49,4.49,7.59,126,405,4.600000000000001,100+,8.181111111111113,1,1,1,0,ca,94612,Alameda,1
734,Shake Shack,"5614 bay street suite 240, emeryville, ca, 94608, us",9.59,9.39,8.99,,5.49,4.49,7.59,112,352,4.799999999999999,100+,8.094545454545454,1,1,1,0,ca,94608,Alameda,1
735,Shake Shack,"845 market street, san francisco, ca, 94103, us",9.59,9.39,8.99,,5.79,4.79,7.89,109,388,4.5,100+,8.307268041237112,1,1,1,0,ca,94103,San Francisco,1
736,Shake Shack,"3060 fillmore street, san francisco, ca, 94123, us",9.59,9.39,8.99,,5.79,4.79,7.89,104,360,4.6000000000000005,100+,8.385555555555555,1,1,1,0,ca,94123,San Francisco,1
737,Shake Shack,"3251 20th avenue, san francisco, ca, 94132, us",9.59,9.39,8.99,,5.49,4.49,7.59,84,270,4.6000000000000005,100+,8.181111111111111,1,1,1,0,ca,94132,San Francisco,1
738,Shake Shack,"1604 mount diablo boulevard, walnut creek, ca, 94596, us",9.59,9.39,8.99,,5.79,4.79,7.89,56,216,4.3999999999999995,73,8.527962962962963,1,1,1,0,ca,94596,Contra Costa,1
739,Shake Shack,"180 el camino real, palo alto, ca, 94304, us",9.59,9.39,8.99,,5.79,4.79,7.89,65,220,4.799999999999998,100+,8.385454545454545,1,1,1,0,ca,94304,Santa Clara,1
740,Shake Shack,"2855 stevens creek boulevard, santa clara, ca, 95050, us",9.59,9.39,8.99,,5.79,4.79,7.89,52,180,4.5,100+,8.385555555555555,1,1,1,0,ca,95050,Santa Clara,1
741,Shake Shack,"33 hillsdale shopping center, san mateo, ca, 94403, us",9.59,9.39,8.99,,5.79,4.79,7.89,72,258,4.8,99,8.401627906976744,1,1,1,0,ca,94403,San Mateo,1
742,Shake Shack,"925 blossom hill road, san jose, ca, 95123, us",9.59,9.39,8.99,,5.49,4.49,7.59,28,90,4.5,57,8.181111111111111,1,1,1,0,ca,95123,Santa Clara,1
743,Shake Shack,"330 south hope st, los angeles, ca, 90071, us",9.59,9.39,8.99,,5.49,4.49,7.59,28,88,4.700000000000001,88,8.183181818181819,1,1,1,0,ca,90071,Los Angeles,1
744,Shake Shack,"400 w. 8th street, los angeles, ca, 90015, us",9.59,9.39,8.99,,5.49,4.49,7.59,14,44,4.699999999999999,200+,8.094545454545456,1,1,1,0,ca,90015,Los Angeles,1
745,Shake Shack,"750 south arroyo parkway, pasadena, ca, 91105, us",9.59,9.39,8.99,,5.49,4.49,7.59,14,43,4.699999999999999,200+,8.003953488372094,1,1,1,0,ca,91105,Los Angeles,1
746,Shake Shack,"6201 hollywood blvd., los angeles, ca, 90028, us",9.59,9.39,8.99,,5.79,4.79,7.89,12,43,4.6,200+,8.436511627906977,1,1,1,0,ca,90028,Los Angeles,1
747,Shake Shack,"252 s. brand blvd., glendale, ca, 91204, us",9.59,9.39,8.99,,5.49,4.49,7.59,14,45,4.699999999999998,185,8.230000000000002,1,1,1,0,ca,91204,Los Angeles,1
748,Shake Shack,"8520 santa monica blvd., west hollywood, ca, 90069, us",9.59,9.39,8.99,,5.79,4.79,7.89,13,45,4.5,200+,8.434444444444447,1,1,1,0,ca,90069,Los Angeles,1
749,Shake Shack,"6440 pacific coast hwy, long beach, ca, 90803, us",9.59,9.39,8.99,,5.49,4.49,7.59,40,133,4.699999999999999,200+,8.28172932330827,1,1,1,0,ca,90803,Los Angeles,1
750,Shake Shack,"3525 west carson street, space vc 08, torrance, ca, 90503, us",9.59,9.39,8.99,,5.49,4.49,7.59,14,44,4.5,114,8.094545454545456,1,1,1,0,ca,90503,Los Angeles,1
751,Shake Shack,"2171 rosecrans avenue, el segundo, ca, 90245, us",9.59,9.39,8.99,,5.79,4.79,7.89,13,43,4.699999999999999,200+,8.448139534883722,1,1,1,0,ca,90245,Los Angeles,1
752,Shake Shack,"6000 sepulveda boulevard, culver city, ca, 90230, us",9.59,9.39,8.99,,5.49,4.49,7.59,14,44,4.6,161,8.094545454545456,1,1,1,0,ca,90230,Los Angeles,1
753,Shake Shack,"6443 topanga canyon blvd, los angeles, ca, 91303, us",9.59,9.39,8.99,,5.49,4.49,7.59,14,42,4.800000000000001,192,8.113809523809525,1,1,1,0,ca,91303,Los Angeles,1
754,Shake Shack,"17401 ventura boulevard, los angeles, ca, 91316, us",9.59,9.39,8.99,,5.49,4.49,7.59,14,45,4.699999999999998,200+,8.23,1,1,1,0,ca,91316,Los Angeles,1
755,Shake Shack,"200 n. san fernando blvd., burbank, ca, 91502, us",9.59,9.39,8.99,,5.49,4.49,7.59,14,45,4.800000000000002,200+,8.230000000000002,1,1,1,0,ca,91502,Los Angeles,1
756,Shake Shack,"120 promenade way, thousand oaks, ca, 91362, us",9.59,9.39,8.99,,5.79,4.79,7.89,26,90,4.5,50+,8.434444444444441,1,1,1,0,ca,91362,Ventura,1
757,Shake Shack,"13009 ventura boulevard, studio city, ca, 91604, us",9.59,9.39,8.99,,5.79,4.79,7.89,13,44,4.699999999999999,95,8.303636363636365,1,1,1,0,ca,91604,Los Angeles,1
758,Shake Shack,"1401, larkspur, ca, 94939, us",9.59,9.39,8.99,,5.79,4.79,7.89,65,225,4.6,89,8.385555555555555,1,1,1,0,ca,94939,Marin,1
759,Shake Shack,"512 spectrum center drive, irvine, ca, 92618, us",9.59,9.39,8.99,,5.49,4.49,7.59,28,91,4.3,100+,8.198791208791208,1,1,1,0,ca,92618,Orange,1
760,Shake Shack,"1151 galleria boulevard, roseville, ca, 95678, us",9.59,9.39,8.99,,5.49,4.49,7.59,56,176,4.5,20,8.133181818181818,1,1,1,0,ca,95678,Placer,1
761,Shake Shack,"1710 r st, sacramento, ca, 95811, us",9.59,9.39,8.99,,5.49,4.49,7.59,42,135,4.7,50+,8.181111111111111,1,1,1,0,ca,95811,Sacramento,1
762,Shake Shack,"12456 north mainstreet, rancho cucamonga, ca, 91739, us",8.99,8.79,8.39,,5.49,4.19,7.59,44,152,4.7,50+,7.732105263157896,1,1,1,0,ca,91739,San Bernardino,1
763,Shake Shack,"7740 el camino real, carlsbad, ca, 92009, us",9.39,8.99,8.79,,5.49,4.49,7.59,28,94,4.600000000000002,86,8.007021276595745,1,1,1,0,ca,92009,San Diego,1
764,Shake Shack,"2008 india st., san diego, ca, 92101, us",9.39,8.99,8.79,,5.49,4.49,7.59,28,96,4.700000000000001,100+,8.004583333333334,1,1,1,0,ca,92101,San Diego,1
765,Shake Shack,"3030 plaza bonita road suite f3, national city, ca, 91950, us",9.39,8.99,8.79,,5.49,4.49,7.59,28,90,4.700000000000001,92,8.052222222222222,1,1,1,0,ca,91950,San Diego,1
766,Shake Shack,"4309 la jolla village drive, san diego, ca, 92122, us",9.39,8.99,8.79,,5.49,4.49,7.59,28,96,4.6000000000000005,100+,8.004583333333333,1,1,1,0,ca,92122,San Diego,1
767,Shake Shack,"3705 paseo place, san diego, ca, 92130, us",9.39,8.99,8.79,,5.49,4.49,7.59,28,96,4.799999999999999,97,8.004583333333333,1,1,1,0,ca,92130,San Diego,1
768,Shake Shack,"675 camino de la reina, san diego, ca, 92108, us",9.39,8.99,8.79,,5.49,4.49,7.59,14,48,4.7,100+,8.004583333333334,1,1,1,0,ca,92108,San Diego,1
769,Sonic,"31187 mission boulevard, hayward, ca, 94544, us",,3.56,,,,3.8,2.96,81,306,4.1000000000000005,44,4.437352941176471,1,1,1,0,ca,94544,Alameda,1
770,Sonic,"1400 north park boulevard, pittsburg, ca, 94565, us",,4.87,,,,3.89,4.87,8,36,4.300000000000001,13,5.898611111111111,1,1,1,0,ca,94565,Contra Costa,1
771,Sonic,"6055 main street, american canyon, ca, 94503, us",,4.79,,,,3.83,4.19,44,140,4.5,11,5.246,1,1,1,0,ca,94503,Napa,1
772,Sonic,"151 bella vista road, vacaville, ca, 95687, us",,4.79,,,,3.83,4.19,30,105,4.399999999999999,16,5.198,1,1,1,0,ca,95687,Solano,1
773,Sonic,"3701 mall view rd, bakersfield, ca, 93306, us",,4.87,,,,3.89,4.87,12,36,4.5,50+,5.333055555555556,1,1,1,0,ca,93306,Kern,1
774,Sonic,"1070 e huntington dr, duarte, ca, 91010, us",,4.87,,,,3.89,4.01,9,36,4.599999999999999,87,5.2333333333333325,1,1,1,0,ca,91010,Los Angeles,1
775,Sonic,"441 n placentia ave, fullerton, ca, 92831, us",,4.87,,,,3.89,4.14,44,144,4.6000000000000005,39,5.113333333333333,1,1,1,0,ca,92831,Orange,1
776,Sonic,"17811 beach blvd, huntington beach, ca, 92647, us",,4.87,,,,3.89,4.01,24,105,4.5,46,5.35342857142857,1,1,1,0,ca,92647,Orange,1
777,Sonic,"3095 harbor blvd, costa mesa, ca, 92626, us",,4.87,,,,3.89,4.14,24,108,4.399999999999999,35,5.387777777777777,1,1,1,0,ca,92626,Orange,1
778,Sonic,"1632 lemon st, anaheim, ca, 92801, us",,4.87,,,,3.89,4.87,36,108,4.100000000000001,60,5.33,1,1,1,0,ca,92801,Orange,1
779,Sonic,"3531 south fairview street, santa ana, ca, 92704, us",,4.87,,,,3.89,4.14,27,108,4.399999999999999,33,5.278333333333332,1,1,1,0,ca,92704,Orange,1
780,Sonic,"25502 jeronimo rd, mission viejo, ca, 92691, us",,4.87,,,,3.89,4.14,16,70,4.699999999999999,38,5.398285714285715,1,1,1,0,ca,92691,Orange,1
781,Sonic,"40 rio rancho road, pomona, ca, 91766, us",,4.75,,,,3.89,4.01,27,108,4.399999999999999,46,5.237222222222221,1,1,1,0,ca,91766,Los Angeles,1
782,Sonic,"913 pleasant grove blvd, roseville, ca, 95678, us",,4.87,,,,3.89,,24,128,4.299999999999999,21,5.775625,1,1,1,0,ca,95678,Placer,1
783,Sonic,"9505 magnolia ave, riverside, ca, 92503, us",,4.5,,,,3.89,,12,96,4.299999999999999,25,5.4246875,1,1,1,0,ca,92503,Riverside,1
784,Sonic,"1060 west renaissance parkway, rialto, ca, 92376, us",,4.75,,,,3.89,4.01,36,144,4.3999999999999995,50+,5.266944444444444,1,1,1,0,ca,92376,San Bernardino,1
785,Sonic,"11370 4th street, rancho cucamonga, ca, 91730, us",,4.75,,,,3.89,3.53,18,108,4.399999999999999,22,4.403888888888888,1,1,1,0,ca,91730,San Bernardino,1
786,Sonic,"1202 magnolia ave, corona, ca, 92881, us",,4.5,,,,3.89,,12,96,4.700000000000001,15,5.4246875,1,1,1,0,ca,92881,Riverside,1
787,Sonic,"1495 north mountain avenue, ontario, ca, 91762, us",,4.87,,,,3.89,4.01,27,93,3.3000000000000003,12,5.720967741935484,1,1,1,0,ca,91762,San Bernardino,1
788,Sonic,"30171 haun rd, menifee, ca, 92584, us",,4.5,,,,3.89,,8,64,4.5,28,5.4246875,1,1,1,0,ca,92584,Riverside,1
789,Sonic,"1610 e 1st street, beaumont, ca, 92223, us",,4.75,,,,3.89,4.01,18,72,3.8000000000000003,10,5.226666666666666,1,1,1,0,ca,92223,Riverside,1
790,Sonic,"3651 west stetson, hemet, ca, 92545, us",,4.75,,,,3.89,4.01,16,72,4.8,15,5.119166666666666,1,1,1,0,ca,92545,Riverside,1
791,Sonic,"39490, murrieta, ca, 92563, us",,4.87,,,,3.89,,6,32,4.4,39,5.805937500000001,1,1,1,0,ca,92563,Riverside,1
792,Sonic,"101 main st, vista, ca, 92084, us",,4.87,,,,3.89,,12,64,4.2,32,5.7871875,1,1,1,0,ca,92084,San Diego,1
793,Sonic,"1580 e main st, woodland, ca, 95776, us",,4.79,,,,3.83,4.19,22,70,4.5,13,5.249428571428571,1,1,1,0,ca,95776,Yolo,1
794,Sonic,"11780 amargosa road, victorville, ca, 92392, us",,,,,,3.89,3.89,10,68,4.800000000000001,24,4.344117647058823,1,1,1,0,ca,92392,San Bernardino,1
795,Sonic,"19398 bear valley rd, apple valley, ca, 92308, us",,4.75,,,,3.89,3.89,6,36,4.400000000000001,12,4.468333333333332,1,1,1,0,ca,92308,San Bernardino,1
796,Sonic,"2829 el cajon blvd, san diego, ca, 92104, us",,4.5,,,,3.89,,8,66,4.399999999999999,100+,5.345454545454546,1,1,1,0,ca,92104,San Diego,1
797,Sonic,"3005 highland ave, national city, ca, 91950, us",,4.5,,,,3.89,,8,64,4.5,100+,5.4021875,1,1,1,0,ca,91950,San Diego,1
798,Sonic,"5247 kearny villa rd., san diego, ca, 92123, us",,4.5,,,,3.89,,8,64,4.8999999999999995,65,5.4021875,1,1,1,0,ca,92123,San Diego,1
799,Sonic,"10515 mission gorge rd, santee, ca, 92071, us",,4.87,,,,3.89,,12,64,3.8999999999999995,47,5.7871875,1,1,1,0,ca,92071,San Diego,1
800,Sonic,"1215 grand ave, san marcos, ca, 92078, us",,4.5,,,,3.89,,4,32,4.3,28,5.4021875,1,1,1,0,ca,92078,San Diego,1
801,Sonic,"51095 basilone road, camp pendleton north, ca, 92055, us",,4.79,,,,3.83,,6,29,0.0,3,5.994137931034482,1,1,1,0,ca,92055,San Diego,1
802,Sonic,"10354 trinity parkway, stockton, ca, 95219, us",,4.87,,,,3.89,3.89,8,34,4.9,17,4.71735294117647,1,1,1,0,ca,95219,San Joaquin,1
803,Sonic,"1420 mchenry ave, modesto, ca, 95350, us",,4.87,,,,3.89,3.65,6,36,4.5,25,4.435,1,1,1,0,ca,95350,Stanislaus,1
804,Five Guys,"2254 south shore center, alameda, ca, 94501, us",13.79,10.31,9.83,,7.19,3.95,6.83,4,54,4.699999999999998,96,8.923333333333332,1,1,1,0,ca,94501,Alameda,1
805,Five Guys,"1201 marina blvd., san leandro, ca, 94577, us",13.79,10.31,9.83,,7.19,3.95,6.83,4,56,4.7,32,8.715714285714286,1,1,1,0,ca,94577,Alameda,1
806,Five Guys,"19621 hesperian blvd, hayward, ca, 94541, us",13.79,10.31,9.83,,7.19,3.95,6.83,6,84,4.8,55,8.715714285714288,1,1,1,0,ca,94541,Alameda,1
807,Five Guys,"2782, pinole, ca, 94564, us",13.55,10.79,9.59,,6.95,3.11,6.95,6,87,4.600000000000002,51,8.319655172413794,1,1,1,0,ca,94564,Contra Costa,1
808,Five Guys,"100 crescent drive, pleasant hill, ca, 94523, us",13.55,10.79,9.59,,6.95,3.11,6.95,10,145,4.7,45,8.319655172413793,1,1,1,0,ca,94523,Contra Costa,1
809,Five Guys,"43518 christy street, fremont, ca, 94538, us",13.79,10.31,9.83,,7.19,3.95,6.83,2,28,4.8,43,8.715714285714286,1,1,1,0,ca,94538,Alameda,1
810,Five Guys,"28529 hesperian blvd, hayward, ca, 94545, us",13.79,10.31,9.83,,7.19,3.95,6.83,4,56,4.8999999999999995,17,8.63857142857143,1,1,1,0,ca,94545,Alameda,1
811,Five Guys,"4930, dublin, ca, 94568, us",13.79,10.31,9.83,,7.19,3.95,6.83,4,56,4.8999999999999995,32,8.707142857142857,1,1,1,0,ca,94568,Alameda,1
812,Five Guys,"4180 n. first st., suite 50, san jose, ca, 95134, us",13.55,11.03,10.19,,7.49,3.95,7.19,6,87,4.8,61,8.671379310344829,1,1,1,0,ca,95134,Santa Clara,1
813,Five Guys,"438 north capitol avenue, san jose, ca, 95127, us",13.79,10.31,9.83,,7.19,3.95,6.83,6,84,4.600000000000001,28,8.715714285714288,1,1,1,0,ca,95127,Santa Clara,1
814,Five Guys,"3456 camino tassajara, danville, ca, 94506, us",13.55,10.79,9.59,,6.95,3.11,6.95,4,58,4.600000000000001,22,8.319655172413793,1,1,1,0,ca,94506,Contra Costa,1
815,Five Guys,"6660 lone tree way, brentwood, ca, 94513, us",13.55,10.79,9.59,,6.95,3.11,6.95,2,29,4.800000000000001,40,8.319655172413793,1,1,1,0,ca,94513,Contra Costa,1
816,Five Guys,"523 e shaw ave, fresno, ca, 93710, us",14.15,11.27,10.07,,7.91,4.31,8.15,7,29,4.7,15,9.116551724137931,1,1,1,0,ca,93710,Fresno,1
817,Five Guys,"1840 herndon ave., building b, suite 105, clovis, ca, 93611, us",15.47,12.47,11.15,,8.75,4.79,8.15,5,29,4.5,20,9.908620689655171,1,1,1,0,ca,93611,Fresno,1
818,Five Guys,"6623 riverside dr., fresno, ca, 93722, us",15.47,12.47,11.15,,8.75,4.79,8.15,5,29,4.299999999999999,14,9.908620689655173,1,1,1,0,ca,93722,Fresno,1
819,Five Guys,"180 e. paseo del centro, fresno, ca, 93720, us",15.47,12.47,11.15,,8.75,4.79,8.15,5,29,4.400000000000001,11,9.908620689655173,1,1,1,0,ca,93720,Fresno,1
820,Five Guys,"2701 ming ave, bakersfield, ca, 93304, us",15.83,12.83,11.39,,8.87,4.91,8.64,4,28,4.6,11,10.393214285714285,1,1,1,0,ca,93304,Kern,1
821,Five Guys,"2701 calloway dr ste 400, bakersfield, ca, 93312, us",15.83,12.83,11.39,,8.87,4.91,8.64,5,29,4.800000000000001,12,10.204137931034483,1,1,1,0,ca,93312,Kern,1
822,Five Guys,"735 s. figueroa st., #120, los angeles, ca, 90017, us",15.47,12.47,11.15,,8.75,4.79,,5,28,4.6,116,9.971428571428572,1,1,1,0,ca,90017,Los Angeles,1
823,Five Guys,"530 w 27th st. #101, los angeles, ca, 90007, us",15.47,12.47,11.15,,8.75,4.79,8.15,5,29,4.6,131,9.908620689655173,1,1,1,0,ca,90007,Los Angeles,1
824,Five Guys,"230 south lake avenue, pasadena, ca, 91101, us",15.47,12.47,11.15,,8.75,4.79,8.15,5,29,4.6,65,9.908620689655175,1,1,1,0,ca,91101,Los Angeles,1
825,Five Guys,"4737 venice blvd, los angeles, ca, 90019, us",15.47,12.47,11.15,,8.75,4.79,8.15,5,29,4.7,66,9.908620689655173,1,1,1,0,ca,90019,Los Angeles,1
826,Five Guys,"5550 wilshire blvd ste 101d, los angeles, ca, 90036, us",15.47,12.47,11.15,,8.75,4.79,8.15,5,29,4.7,200+,9.908620689655173,1,1,1,0,ca,90036,Los Angeles,1
827,Five Guys,"1254 west redondo beach blvd, gardena, ca, 90247, us",14.15,11.27,10.07,,7.91,4.31,8.15,14,58,4.899999999999999,28,9.116551724137931,1,1,1,0,ca,90247,Los Angeles,1
828,Five Guys,"6650 e pch, long beach, ca, 90803, us",15.47,12.47,11.15,,8.75,4.79,8.15,15,87,4.7,27,9.908620689655171,1,1,1,0,ca,90803,Los Angeles,1
829,Five Guys,"south bay pavilion 20700 s avalon blvd, carson, ca, 90746, us",15.47,12.47,11.15,,8.75,4.79,8.15,5,28,4.6,48,9.851428571428572,1,1,1,0,ca,90746,Los Angeles,1
830,Five Guys,"4625 candlewood st., lakewood, ca, 90712, us",15.47,12.47,11.15,,8.75,4.79,8.15,5,29,4.7,71,9.908620689655173,1,1,1,0,ca,90712,Los Angeles,1
831,Five Guys,"8901 apollo way, downey, ca, 90242, us",15.47,12.47,11.15,,8.75,4.79,8.15,5,29,4.7,53,9.908620689655173,1,1,1,0,ca,90242,Los Angeles,1
832,Five Guys,"23240 hawthorne blvd., #101, torrance, ca, 90505, us",15.47,12.47,11.15,,8.75,4.79,8.15,5,29,4.7,41,9.908620689655173,1,1,1,0,ca,90505,Los Angeles,1
833,Five Guys,"24201 w, valencia, ca, 91355, us",15.47,12.47,11.15,,8.75,4.79,8.15,5,29,4.9,38,9.908620689655171,1,1,1,0,ca,91355,Los Angeles,1
834,Five Guys,"8850 tampa ave. ste 102, northridge, ca, 91324, us",15.47,12.47,11.15,,8.75,4.79,8.15,5,29,4.7,56,9.858965517241378,1,1,1,0,ca,91324,Los Angeles,1
835,Five Guys,"8420 balboa blvd. suite 115, northridge, ca, 91343, us",15.47,12.47,11.15,,8.75,4.79,8.15,5,29,4.800000000000001,76,9.87551724137931,1,1,1,0,ca,91343,Los Angeles,1
836,Five Guys,"12930 ventura blvd., suite 106, studio city, ca, 91604, us",15.47,12.47,11.15,,8.75,4.79,8.15,5,29,4.7,146,9.83,1,1,1,0,ca,91604,Los Angeles,1
837,Five Guys,"201 e magnolia blvd, burbank, ca, 91502, us",15.47,12.47,11.15,,8.75,4.79,8.15,5,29,4.5,52,9.908620689655173,1,1,1,0,ca,91502,Los Angeles,1
838,Five Guys,"401 kenilworth drive, petaluma, ca, 94952, us",13.67,10.07,9.47,,7.19,3.95,6.83,8,100,4.7,19,9.2492,1,1,1,0,ca,94952,Marin,1
839,Five Guys,"2280 mendocino ave. b-5, santa rosa, ca, 95403, us",13.67,10.07,9.47,,7.19,3.95,6.83,4,54,4.4,30,8.825555555555555,1,1,1,0,ca,95403,Sonoma,1
840,Five Guys,"915 playa ave, sand city, ca, 93955, us",12.83,10.43,9.59,,7.31,3.95,6.95,2,28,4.700000000000001,31,8.419999999999998,1,1,1,0,ca,93955,Monterey,1
841,Five Guys,"1549 e. katella ave., orange, ca, 92867, us",15.47,12.47,11.15,,8.75,4.79,8.15,10,58,4.699999999999999,83,9.908620689655173,1,1,1,0,ca,92867,Orange,1
842,Five Guys,"444 n. state college blvd. #444, fullerton, ca, 92831, us",15.47,12.47,11.15,,8.75,4.79,8.15,10,58,4.800000000000001,57,9.908620689655173,1,1,1,0,ca,92831,Orange,1
843,Five Guys,"18645 beach blvd., huntington beach, ca, 92648, us",15.47,12.47,11.15,,8.75,4.79,8.15,10,58,4.800000000000001,64,9.908620689655173,1,1,1,0,ca,92648,Orange,1
844,Five Guys,"401 newport center dr. a103, newport beach, ca, 92660, us",15.47,12.47,11.15,,8.75,4.79,,5,28,4.6,41,9.971428571428572,1,1,1,0,ca,92660,Orange,1
845,Five Guys,"24391 alicia pkwy, mission viejo, ca, 92691, us",15.47,12.47,11.15,,8.75,4.79,8.15,5,29,4.6,50,9.908620689655173,1,1,1,0,ca,92691,Orange,1
846,Five Guys,"10140 carmenita rd., whittier, ca, 90605, us",14.15,11.27,10.07,,7.91,4.31,8.15,7,29,4.7,46,9.116551724137931,1,1,1,0,ca,90605,Los Angeles,1
847,Five Guys,"1552 s azusa ave, city of industry, ca, 91748, us",15.47,12.47,11.15,,8.75,4.79,8.15,5,29,4.800000000000001,27,9.908620689655173,1,1,1,0,ca,91748,Los Angeles,1
848,Five Guys,"8620 sierra college blvd., roseville, ca, 95661, us",15.47,12.47,11.15,,8.75,4.79,8.15,10,58,4.699999999999999,20,9.908620689655173,1,1,1,0,ca,95661,Placer,1
849,Five Guys,"2912 pasatiempo lane, sacremento, ca, 95821, us",15.47,12.47,11.15,,8.75,4.79,8.15,20,116,4.399999999999999,15,9.908620689655171,1,1,1,0,ca,95821,Sacramento,1
850,Five Guys,"5442 hazel ave., fair oaks, ca, 95628, us",15.83,12.83,11.39,,8.87,4.91,8.64,10,58,4.300000000000001,12,10.204137931034483,1,1,1,0,ca,95628,Sacramento,1
851,Five Guys,"2310 sunrise blvd., rancho cordova, ca, 95670, us",15.83,12.83,11.39,,8.87,4.91,8.64,20,116,4.700000000000002,15,10.204137931034484,1,1,1,0,ca,95670,Sacramento,1
852,Five Guys,"4630 natomas blvd., suite #100, sacramento, ca, 95835, us",15.47,12.47,11.15,,8.75,4.79,8.15,20,116,5.0,11,9.908620689655175,1,1,1,0,ca,95835,Sacramento,1
853,Five Guys,"10540 sierra avenue, fontana, ca, 92337, us",13.19,10.43,9.23,,7.19,3.95,7.67,8,112,4.700000000000001,32,8.458571428571428,1,1,1,0,ca,92337,San Bernardino,1
854,Five Guys,"6285 pats ranch rd., mira loma, ca, 91752, us",13.19,10.43,9.23,,7.19,3.95,7.67,4,58,4.5,31,8.290689655172415,1,1,1,0,ca,91752,Riverside,1
855,Five Guys,"10060 alabama street, redlands, ca, 92374, us",13.19,10.43,9.23,,7.19,3.95,7.67,10,145,4.8,45,8.327931034482758,1,1,1,0,ca,92374,San Bernardino,1
856,Five Guys,"929 n. milliken avenue suite 103, ontario, ca, 91764, us",13.19,10.43,9.23,,7.19,3.95,7.67,4,56,4.6000000000000005,18,8.484285714285715,1,1,1,0,ca,91764,San Bernardino,1
857,Five Guys,"15218 summit avenue, fontana, ca, 92336, us",13.19,10.43,9.23,,7.19,3.95,7.67,6,87,4.8,24,8.327931034482763,1,1,1,0,ca,92336,San Bernardino,1
858,Five Guys,"12515 frederick st, moreno valley, ca, 92553, us",13.19,10.43,9.23,,7.19,3.95,7.67,4,58,4.600000000000001,43,8.303103448275863,1,1,1,0,ca,92553,Riverside,1
859,Five Guys,"31495, yucaipa, ca, 92399, us",13.19,10.43,9.23,,7.19,3.95,7.67,4,58,4.5,24,8.327931034482758,1,1,1,0,ca,92399,San Bernardino,1
860,Five Guys,"2690 tuscany street, corona, ca, 92881, us",13.19,10.43,9.23,,7.19,3.95,7.67,2,25,4.7,24,8.1068,1,1,1,0,ca,92881,Riverside,1
861,Five Guys,"27774 newport rd., menifee, ca, 92584, us",13.19,10.43,9.23,,7.19,3.95,7.67,4,58,4.5,20,8.327931034482758,1,1,1,0,ca,92584,Riverside,1
862,Five Guys,"40426 winchester rd., temecula, ca, 92591, us",13.19,10.43,9.23,,7.19,3.95,7.67,2,29,4.7,32,8.327931034482758,1,1,1,0,ca,92591,Riverside,1
863,Five Guys,"32195, temecula, ca, 92592, us",13.19,10.43,9.23,,7.19,3.95,7.67,4,58,4.800000000000001,26,8.327931034482758,1,1,1,0,ca,92592,Riverside,1
864,Five Guys,"30622 santa margarita pkwy, rancho santa margarita, ca, 92688, us",15.47,12.47,11.15,,8.75,4.79,8.15,5,29,4.9,14,9.863103448275863,1,1,1,0,ca,92688,Orange,1
865,Five Guys,"151 s. las posas road ste. 170, san marcos, ca, 92078, us",15.47,12.47,11.15,,8.75,4.79,,10,56,4.7,23,9.971428571428573,1,1,1,0,ca,92078,San Diego,1
866,Five Guys,"2519 palomar airport rd., suite #100, carlsbad, ca, 92011, us",15.47,12.47,11.15,,8.75,4.79,8.15,10,58,4.800000000000001,36,9.908620689655173,1,1,1,0,ca,92011,San Diego,1
867,Five Guys,"768 ikea ct., suite 120, west sacramento, ca, 95605, us",15.47,12.47,11.15,,8.75,4.79,8.15,10,58,4.800000000000001,20,9.908620689655173,1,1,1,0,ca,95605,Yolo,1
868,Five Guys,"3660 crocker dr, sacramento, ca, 95818, us",15.47,12.47,11.15,,8.75,4.79,8.15,10,58,4.600000000000001,28,9.908620689655173,1,1,1,0,ca,95818,Sacramento,1
869,Five Guys,"9257 laguna springs dr, elk grove, ca, 95758, us",15.47,12.47,11.15,,8.75,4.79,8.15,10,58,4.699999999999999,16,9.908620689655173,1,1,1,0,ca,95758,Sacramento,1
870,Five Guys,"7945 haven ave, rancho cucamonga, ca, 91730, us",13.19,10.43,9.23,,7.19,3.95,7.67,2,29,4.800000000000001,40,8.327931034482758,1,1,1,0,ca,91730,San Bernardino,1
871,Five Guys,"12719 main street, hesperia, ca, 92344, us",12.95,10.19,9.11,,6.95,3.47,7.67,2,25,4.8,40,7.833200000000001,1,1,1,0,ca,92344,San Bernardino,1
872,Five Guys,"670 university ave, san diego, ca, 92103, us",15.47,12.47,11.15,,8.75,4.79,8.15,10,54,4.699999999999998,100+,9.989999999999998,1,1,1,0,ca,92103,San Diego,1
873,Five Guys,"2445 truxton rd., san diego, ca, 92106, us",15.47,12.47,11.15,,8.75,4.79,8.15,10,58,4.800000000000001,65,9.908620689655173,1,1,1,0,ca,92106,San Diego,1
874,Five Guys,"555 broadway, chula vista, ca, 91910, us",15.47,12.47,11.15,,8.75,4.79,8.15,10,58,4.699999999999999,53,9.908620689655173,1,1,1,0,ca,91910,San Diego,1
875,Five Guys,"5650 balboa ave suite 101, san diego, ca, 92117, us",15.47,12.47,11.15,,8.75,4.79,8.15,10,58,4.600000000000001,90,9.900344827586208,1,1,1,0,ca,92117,San Diego,1
876,Five Guys,"781 palm ave., imperial beach, ca, 91932, us",15.47,12.47,11.15,,8.75,4.79,8.15,10,58,4.600000000000001,24,9.908620689655173,1,1,1,0,ca,91932,San Diego,1
877,Five Guys,"345 fletcher parkway, el cajon, ca, 92020, us",15.47,12.47,11.15,,8.75,4.79,8.15,10,58,4.699999999999999,77,9.908620689655173,1,1,1,0,ca,92020,San Diego,1
878,Five Guys,"130 n el camino real, ste c, encinitas, ca, 92024, us",15.47,11.27,11.15,,8.75,4.79,8.15,5,29,4.9,18,9.867241379310345,1,1,1,0,ca,92024,San Diego,1
879,Five Guys,"2278 westborough blvd., south san francisco, ca, 94080, us",13.79,10.31,9.83,,7.19,3.95,6.71,8,112,4.799999999999999,100+,8.711428571428572,1,1,1,0,ca,94080,San Mateo,1
880,Five Guys,"203 primrose drive, burlingame, ca, 94010, us",13.79,10.31,9.83,,7.19,3.83,6.71,8,116,4.600000000000001,72,8.543103448275863,1,1,1,0,ca,94010,San Mateo,1
881,Five Guys,"933 e. hillsdale, foster city, ca, 94404, us",13.79,10.31,9.83,,7.19,3.95,6.71,8,112,4.6000000000000005,27,8.737142857142858,1,1,1,0,ca,94404,San Mateo,1
882,Five Guys,"238 redwood shores parkway, redwood city, ca, 94065, us",13.79,10.31,9.83,,7.19,3.95,6.71,8,112,4.8999999999999995,16,8.711428571428572,1,1,1,0,ca,94065,San Mateo,1
883,Five Guys,"801 middlefield road, redwood city, ca, 94063, us",14.15,10.67,9.95,,7.19,3.95,6.83,8,112,4.700000000000001,58,8.95142857142857,1,1,1,0,ca,94063,San Mateo,1
884,Five Guys,"5633 pacific ave, stockton, ca, 95207, us",15.47,12.47,11.15,,8.75,4.79,8.15,5,29,4.6,17,9.908620689655173,1,1,1,0,ca,95207,San Joaquin,1
885,Five Guys,"2970 w. grant line road, tracy, ca, 95304, us",15.47,12.47,11.15,,8.75,4.79,8.15,5,29,4.7,16,9.908620689655171,1,1,1,0,ca,95304,San Joaquin,1
886,Five Guys,"763 east foothill blvd, san luis obisp, ca, 93405, us",15.47,12.47,11.15,,8.75,4.79,8.15,5,29,4.5,17,9.908620689655173,1,1,1,0,ca,93405,San Luis Obispo,1
887,Five Guys,"1229 e. grand ave., arroyo grande, ca, 93420, us",14.15,11.27,10.07,,7.91,4.31,8.15,14,58,5.0,22,9.116551724137931,1,1,1,0,ca,93420,San Luis Obispo,1
888,Five Guys,"2098 el camino real, mountain view, ca, 94040, us",13.79,10.31,9.83,,7.19,3.95,6.83,4,54,4.800000000000001,71,8.892222222222223,1,1,1,0,ca,94040,Santa Clara,1
889,Five Guys,"1205 the alameda, suite 10, san jose, ca, 95126, us",13.55,11.03,10.19,,7.49,3.95,7.19,4,58,4.600000000000001,80,8.671379310344829,1,1,1,0,ca,95126,Santa Clara,1
890,Five Guys,"121 curtner ave, san jose, ca, 95125, us",13.55,11.03,10.19,,7.49,3.95,7.19,2,29,4.0,23,8.671379310344827,1,1,1,0,ca,95125,Santa Clara,1
891,Five Guys,"5353 almaden expy # n60, san jose, ca, 95118, us",13.55,11.03,10.19,,7.49,3.95,7.19,2,29,4.7,27,8.671379310344827,1,1,1,0,ca,95118,Santa Clara,1
892,Five Guys,"5660 cottle rd, san jose, ca, 95123, us",13.55,11.03,10.19,,7.49,3.95,7.19,2,29,4.7,23,8.671379310344827,1,1,1,0,ca,95123,Santa Clara,1
893,Five Guys,"116 e. el camino real, sunnyvale, ca, 94087, us",13.55,11.03,10.19,,7.49,3.95,7.19,2,29,4.800000000000001,53,8.671379310344827,1,1,1,0,ca,94087,Santa Clara,1
894,Five Guys,"5205 prospect rd, san jose, ca, 95129, us",13.55,11.03,10.19,,7.49,3.95,7.19,2,29,4.400000000000001,28,8.671379310344827,1,1,1,0,ca,95129,Santa Clara,1
895,Five Guys,"1101 pacific avenue, santa cruz, ca, 95060, us",12.83,10.43,9.59,,7.31,3.95,6.95,2,27,4.400000000000001,60,8.567777777777776,1,1,1,0,ca,95060,Santa Cruz,1
896,Five Guys,"2007 camden ave, san jose, ca, 95124, us",13.55,11.03,10.19,,7.49,3.95,7.19,2,29,4.800000000000001,30,8.671379310344827,1,1,1,0,ca,95124,Santa Clara,1
897,Five Guys,"1570 gateway boulevard, fairfield, ca, 94533, us",15.47,12.47,11.15,,8.75,4.79,8.15,10,58,5.0,16,9.908620689655171,1,1,1,0,ca,94533,Solano,1
898,Five Guys,"5442 ygnacio valley rd., concord, ca, 94521, us",13.55,10.79,9.59,,6.95,3.11,6.95,4,58,4.699999999999999,25,8.319655172413793,1,1,1,0,ca,94521,Contra Costa,1
899,Five Guys,"1651 monte vista ave., vacaville, ca, 95688, us",15.47,12.47,11.15,,8.75,4.79,8.15,5,29,4.400000000000001,21,9.908620689655173,1,1,1,0,ca,95688,Solano,1
900,Five Guys,"2207 claribel road, riverbank, ca, 95357, us",15.47,12.47,11.15,,8.75,4.79,8.15,5,29,4.5,12,9.908620689655175,1,1,1,0,ca,95357,Stanislaus,1
901,Five Guys,"4129 s. mooney blvd., visalia, ca, 93277, us",14.15,11.27,10.07,,7.91,4.31,8.15,7,29,4.9,12,9.116551724137931,1,1,1,0,ca,93277,Tulare,1
902,Five Guys,"1693 west lacy blvd, hanford, ca, 93230, us",14.15,11.27,10.07,,7.91,4.31,8.15,7,29,5.0,14,9.116551724137931,1,1,1,0,ca,93230,Kings,1
903,Five Guys,"487 n. moorpark rd., thousand oaks, ca, 91360, us",15.47,12.47,11.15,,8.75,4.79,8.15,5,29,4.5,20,9.87551724137931,1,1,1,0,ca,91360,Ventura,1
904,The Habit,"2640 5th st, alameda, ca, 94501, us",9.49,8.36,7.24,17.49,4.36,3.74,6.99,70,395,4.600000000000001,27,10.986202531645567,1,1,1,0,ca,94501,Alameda,1
905,The Habit,"3060 east 9th street, oakland, ca, 94601, us",9.24,8.36,7.24,17.24,4.36,3.74,6.99,70,395,4.799999999999999,30,10.91215189873418,1,1,1,0,ca,94601,Alameda,1
906,The Habit,"5108 broadway, oakland, ca, 94611, us",9.49,8.36,7.24,17.49,4.36,3.74,6.99,70,395,4.700000000000001,36,10.986202531645567,1,1,1,0,ca,94611,Alameda,1
907,The Habit,"1540 e 14th st, san leandro, ca, 94577, us",9.49,8.36,7.24,17.49,4.36,3.74,6.99,42,222,4.700000000000003,67,10.670135135135133,1,1,1,0,ca,94577,Alameda,1
908,The Habit,"1080 monroe st, albany, ca, 94706, us",9.49,8.36,7.24,17.49,4.36,3.74,6.99,70,390,4.700000000000001,36,11.037435897435897,1,1,1,0,ca,94706,Alameda,1
909,The Habit,"1255 s california blvd, walnut creek, ca, 94596, us",9.24,8.11,6.99,17.24,4.36,3.74,6.86,26,154,4.150000000000001,14,10.963376623376623,1,1,1,0,ca,94596,Contra Costa,1
910,The Habit,"43830 pacific commons blvd, fremont, ca, 94538, us",9.24,8.11,6.99,17.24,4.36,3.74,6.86,14,79,4.600000000000002,17,10.788354430379746,1,1,1,0,ca,94538,Alameda,1
911,The Habit,"32185 union landing boulevard, union city, ca, 94587, us",9.24,8.36,7.24,17.24,4.36,3.74,6.99,42,237,4.399999999999999,30,10.912151898734178,1,1,1,0,ca,94587,Alameda,1
912,The Habit,"7295 amador plaza rd, dublin, ca, 94568, us",9.24,8.11,6.99,17.24,4.36,3.74,6.86,28,158,4.399999999999999,12,10.800886075949366,1,1,1,0,ca,94568,Alameda,1
913,The Habit,"22301 foothill boulevard, hayward, ca, 94541, us",9.49,8.36,7.24,17.49,4.36,3.74,6.99,28,158,4.5,36,10.986202531645569,1,1,1,0,ca,94541,Alameda,1
914,The Habit,"5291 martinelli way, dublin, ca, 94568, us",9.24,8.11,6.99,17.24,4.36,3.74,6.86,14,79,4.800000000000001,19,10.788354430379746,1,1,1,0,ca,94568,Alameda,1
915,The Habit,"3650 village dr, castro valley, ca, 94546, us",9.49,8.36,7.24,17.49,4.36,3.74,6.99,14,74,4.399999999999999,44,10.670135135135133,1,1,1,0,ca,94546,Alameda,1
916,The Habit,"1110, concord, ca, 94520, us",9.49,8.36,7.24,17.49,4.36,3.74,6.99,28,158,5.0,27,10.986202531645567,1,1,1,0,ca,94520,Contra Costa,1
917,The Habit,"1504 geary rd, walnut creek, ca, 94597, us",9.49,8.36,7.24,17.49,4.36,3.74,6.99,14,79,4.300000000000001,15,10.986202531645569,1,1,1,0,ca,94597,Contra Costa,1
918,The Habit,"2430 mahogany way, antioch, ca, 94509, us",8.86,8.11,6.99,16.86,4.36,3.74,6.86,14,79,4.0,13,10.73632911392405,1,1,1,0,ca,94509,Contra Costa,1
919,The Habit,"3121 crow canyon pl, san ramon, ca, 94583, us",9.24,8.11,6.99,17.24,4.36,3.74,6.86,14,79,4.600000000000002,21,10.788354430379748,1,1,1,0,ca,94583,Contra Costa,1
920,The Habit,"1412, pinole, ca, 94564, us",9.24,8.11,6.99,17.24,4.36,3.74,6.86,56,316,4.799999999999999,41,10.788354430379746,1,1,1,0,ca,94564,Contra Costa,1
921,The Habit,"3520 n blackstone ave, fresno, ca, 93726, us",9.24,8.36,7.24,17.24,4.36,3.74,6.99,14,78,4.5,40,10.962435897435897,1,1,1,0,ca,93726,Fresno,1
922,The Habit,"8480 n friant rd, fresno, ca, 93720, us",9.24,8.11,6.99,17.24,4.36,3.74,6.86,14,79,4.5,20,10.800886075949366,1,1,1,0,ca,93720,Fresno,1
923,The Habit,"6724 north brawley avenue, fresno, ca, 93711, us",9.24,8.11,6.99,17.24,4.36,3.74,6.86,14,79,4.600000000000002,17,10.800886075949366,1,1,1,0,ca,93711,Fresno,1
924,The Habit,"702 w shaw ave, fresno, ca, 93704, us",9.24,8.11,6.99,17.24,4.36,3.74,6.86,13,77,4.600000000000002,14,10.963376623376623,1,1,1,0,ca,93704,Fresno,1
925,The Habit,"1195 herndon ave, clovis, ca, 93612, us",8.74,7.86,6.74,16.24,4.11,3.49,6.74,14,79,4.600000000000002,16,10.413291139240505,1,1,1,0,ca,93612,Fresno,1
926,The Habit,"3110 e floral ave, selma, ca, 93662, us",8.86,8.11,6.99,16.86,4.36,3.74,6.86,14,78,0.0,10,10.78602564102564,1,1,1,0,ca,93662,Fresno,1
927,The Habit,"3900 california ave, bakersfield, ca, 93309, us",8.86,8.11,6.99,16.86,4.36,3.74,6.86,14,79,4.300000000000001,23,10.73632911392405,1,1,1,0,ca,93309,Kern,1
928,The Habit,"12900 brimhall rd, bakersfield, ca, 93314, us",8.74,7.86,6.74,16.24,4.11,3.49,6.74,14,78,4.600000000000002,20,10.460384615384616,1,1,1,0,ca,93314,Kern,1
929,The Habit,"5503 calloway drive, bakersfield, ca, 93312, us",8.74,7.86,6.74,15.87,3.74,3.49,6.49,13,79,4.600000000000002,20,10.269493670886076,1,1,1,0,ca,93312,Kern,1
930,The Habit,"6326 ashe road, bakersfield, ca, 93313, us",9.24,8.36,7.24,17.24,4.36,3.74,6.99,14,79,4.399999999999998,40,10.912151898734177,1,1,1,0,ca,93313,Kern,1
931,The Habit,"888 s hope st, los angeles, ca, 90017, us",8.86,8.11,6.99,16.86,4.36,3.74,6.86,14,79,4.699999999999999,120,10.73632911392405,1,1,1,0,ca,90017,Los Angeles,1
932,The Habit,"2134 sunset blvd, los angeles, ca, 90026, us",9.24,8.36,7.24,17.24,4.36,3.74,6.99,15,80,4.700000000000001,144,10.85075,1,1,1,0,ca,90026,Los Angeles,1
933,The Habit,"7307 n figueroa st, los angeles, ca, 90041, us",8.86,8.11,6.99,16.86,4.36,3.74,6.86,14,79,4.800000000000001,106,10.736329113924052,1,1,1,0,ca,90041,Los Angeles,1
934,The Habit,"901 fair oaks avenue, south pasadena, ca, 91030, us",9.49,8.36,7.24,17.49,4.36,3.74,6.99,14,79,4.899999999999998,56,10.986202531645567,1,1,1,0,ca,91030,Los Angeles,1
935,The Habit,"6821 eastern ave., bell gardens, ca, 90201, us",8.74,7.86,6.74,15.87,3.74,3.49,6.49,13,78,4.699999999999999,31,10.317948717948717,1,1,1,0,ca,90201,Los Angeles,1
936,The Habit,"3610, rosemead, ca, 91770, us",8.74,7.86,6.74,15.87,3.74,3.49,6.49,13,78,4.699999999999999,52,10.317948717948717,1,1,1,0,ca,91770,Los Angeles,1
937,The Habit,"4542 east pacific coast highway, long beach, ca, 90804, us",8.74,7.86,6.74,16.24,4.11,3.49,6.74,14,79,4.699999999999999,71,10.413291139240505,1,1,1,0,ca,90804,Los Angeles,1
938,The Habit,"15754, paramount, ca, 90723, us",8.74,7.86,6.74,15.87,3.74,3.49,6.49,13,79,4.899999999999998,48,10.269493670886076,1,1,1,0,ca,90723,Los Angeles,1
939,The Habit,"3801 n lakewood blvd, long beach, ca, 90808, us",8.74,7.86,6.74,16.24,4.11,3.49,6.74,14,79,4.399999999999998,63,10.413291139240506,1,1,1,0,ca,90808,Los Angeles,1
940,The Habit,"148 east, compton, ca, 90220, us",8.86,8.11,6.99,16.86,4.36,3.74,6.86,14,79,4.600000000000002,23,10.73632911392405,1,1,1,0,ca,90220,Los Angeles,1
941,The Habit,"12380, seal beach, ca, 90740, us",9.49,8.36,7.24,17.49,4.36,3.74,6.99,14,79,4.0,29,10.986202531645567,1,1,1,0,ca,90740,Orange,1
942,The Habit,"11257 183rd st, cerritos, ca, 90703, us",8.74,7.86,6.74,15.87,3.74,3.49,6.49,13,79,4.699999999999999,43,10.269493670886076,1,1,1,0,ca,90703,Los Angeles,1
943,The Habit,"25948 mcbean parkway, santa clarita, ca, 91355, us",9.24,8.11,6.99,17.24,4.36,3.74,6.86,13,76,4.7,41,11.030394736842105,1,1,1,0,ca,91355,Los Angeles,1
944,The Habit,"28251 newhall ranch rd, santa clarita, ca, 91355, us",8.74,7.86,6.74,15.87,3.74,3.49,6.49,13,78,4.600000000000002,44,10.317948717948717,1,1,1,0,ca,91355,Los Angeles,1
945,The Habit,"19223 golden valley rd, santa clarita, ca, 91387, us",9.24,8.11,6.99,17.24,4.36,3.74,6.86,14,79,4.800000000000001,71,10.800886075949366,1,1,1,0,ca,91387,Los Angeles,1
946,The Habit,"12631 glenoaks boulevard, los angeles, ca, 91342, us",9.24,8.36,7.24,17.24,4.36,3.74,6.99,14,78,4.600000000000002,85,10.962435897435897,1,1,1,0,ca,91342,Los Angeles,1
947,The Habit,"10370 sepulveda blvd, mission hills, usa, los angeles, ca, 91345, us",8.86,8.11,6.99,16.86,4.36,3.74,6.86,14,79,4.600000000000002,143,10.73632911392405,1,1,1,0,ca,91345,Los Angeles,1
948,The Habit,"17947 chatsworth street, los angeles, ca, 91344, us",9.24,8.11,6.99,17.24,4.36,3.74,6.86,14,79,4.399999999999998,17,10.800886075949366,1,1,1,0,ca,91344,Los Angeles,1
949,The Habit,"924 diablo ave, novato, ca, 94947, us",9.49,8.36,7.24,17.49,4.36,3.74,6.99,42,237,4.399999999999999,27,10.986202531645569,1,1,1,0,ca,94947,Marin,1
950,The Habit,"496 las gallinas avenue, san rafael, ca, 94903, us",9.49,8.36,7.24,17.49,4.36,3.74,6.99,14,79,4.800000000000001,29,10.986202531645569,1,1,1,0,ca,94903,Marin,1
951,The Habit,"447 n mcdowell blvd, petaluma, ca, 94954, us",9.24,8.11,6.99,17.24,4.36,3.74,6.86,28,158,4.2,15,10.800886075949366,1,1,1,0,ca,94954,Sonoma,1
952,The Habit,"118 plaza dr, vallejo, ca, 94591, us",9.24,8.11,6.99,17.24,4.36,3.74,6.86,42,222,4.600000000000001,45,10.464054054054056,1,1,1,0,ca,94591,Solano,1
953,The Habit,"304 soscol ave, napa, ca, 94559, us",9.49,8.36,7.24,17.49,4.36,3.74,6.99,56,316,4.899999999999999,15,10.986202531645569,1,1,1,0,ca,94559,Napa,1
954,The Habit,"1602 north main st, salinas, ca, 93906, us",9.24,8.36,7.24,17.24,4.36,3.74,6.99,14,79,4.699999999999999,18,10.912151898734177,1,1,1,0,ca,93906,Monterey,1
955,The Habit,"2120 california ave, sand city, ca, 93955, us",9.24,8.36,7.24,17.24,4.36,3.74,6.99,14,79,0.0,10,10.912151898734177,1,1,1,0,ca,93955,Monterey,1
956,The Habit,"999 main street, watsonville, ca, 95076, us",9.24,8.36,7.24,17.24,4.36,3.74,6.99,28,158,4.7,12,10.912151898734177,1,1,1,0,ca,95076,Santa Cruz,1
957,The Habit,"2640 south bristol street, santa ana, ca, 92704, us",9.24,8.11,6.99,17.24,4.36,3.74,6.86,28,156,4.3999999999999995,27,10.838717948717946,1,1,1,0,ca,92704,Orange,1
958,The Habit,"2720 nutwood ave, fullerton, ca, 92831, us",8.74,7.86,6.74,15.87,3.74,3.49,,24,144,4.3999999999999995,28,10.666527777777778,1,1,1,0,ca,92831,Orange,1
959,The Habit,"101 e orangethorpe ave, fullerton, ca, 92832, us",9.24,8.11,6.99,17.24,4.36,3.74,6.86,14,79,4.699999999999999,32,10.800886075949366,1,1,1,0,ca,92832,Orange,1
960,The Habit,"111 e katella ave, anaheim, ca, 92802, us",9.24,8.36,7.24,17.24,4.36,3.74,6.99,14,79,4.800000000000001,42,10.912151898734178,1,1,1,0,ca,92802,Orange,1
961,The Habit,"2777 n main st, santa ana, ca, 92705, us",8.74,7.86,6.74,15.87,3.74,3.49,6.49,13,79,4.399999999999998,35,10.269493670886076,1,1,1,0,ca,92705,Orange,1
962,The Habit,"5968 orangethorpe ave, buena park, ca, 90620, us",8.74,7.86,6.74,15.87,3.74,3.49,6.49,13,78,4.699999999999999,47,10.317948717948717,1,1,1,0,ca,90620,Orange,1
963,The Habit,"13982 newport avenue, tustin, ca, 92780, us",8.86,8.11,6.99,16.86,4.36,3.74,6.86,15,80,4.6000000000000005,26,10.677125,1,1,1,0,ca,92780,Orange,1
964,The Habit,"933 pleasant grove blvd, roseville, ca, 95678, us",8.74,7.86,6.74,16.24,4.11,3.49,6.74,28,158,4.8,18,10.413291139240506,1,1,1,0,ca,95678,Placer,1
965,The Habit,"1940 blue oaks boulevard, roseville, ca, 95747, us",9.49,8.36,7.24,17.49,4.36,3.74,6.99,28,158,4.600000000000001,28,10.986202531645569,1,1,1,0,ca,95747,Placer,1
966,The Habit,"5437 sunrise blvd, citrus heights, ca, 95610, us",9.24,8.11,6.99,17.24,4.36,3.74,6.86,14,78,4.699999999999999,30,10.851410256410256,1,1,1,0,ca,95610,Sacramento,1
967,The Habit,"1115 e bidwell st, folsom, ca, 95630, us",8.74,7.86,6.74,16.24,4.11,3.49,6.74,28,158,4.399999999999999,23,10.413291139240506,1,1,1,0,ca,95630,Sacramento,1
968,The Habit,"3970 missouri flat road, placerville, ca, 95667, us",8.74,7.86,6.74,15.87,3.74,3.49,6.49,13,79,0.0,1,10.269493670886076,1,1,1,0,ca,95667,El Dorado,1
969,The Habit,"3555, riverside, ca, 92506, us",8.74,7.86,6.74,15.87,3.74,3.49,6.49,26,158,3.899999999999999,22,10.269493670886076,1,1,1,0,ca,92506,Riverside,1
970,The Habit,"1550 w valley blvd, colton, ca, 92324, us",9.49,8.36,7.24,17.49,4.36,3.74,6.99,56,312,4.5,24,11.030897435897437,1,1,1,0,ca,92324,San Bernardino,1
971,The Habit,"3510 tyler st, riverside, ca, 92505, us",8.74,7.86,6.74,15.87,3.74,3.49,6.24,26,158,4.8,26,10.258481012658228,1,1,1,0,ca,92505,Riverside,1
972,The Habit,"9750 sierra avenue, fontana, ca, 92335, us",9.49,8.36,7.24,17.49,4.36,3.74,6.99,42,234,4.6000000000000005,14,11.030897435897439,1,1,1,0,ca,92335,San Bernardino,1
973,The Habit,"12560 day st, moreno valley, ca, 92553, us",8.86,8.11,6.99,16.86,4.36,3.74,6.86,42,237,4.200000000000002,27,10.736329113924056,1,1,1,0,ca,92553,Riverside,1
974,The Habit,"27511 san bernardino ave, redlands, ca, 92374, us",9.49,8.36,7.24,17.49,4.36,3.74,6.99,42,234,4.399999999999999,45,11.030897435897433,1,1,1,0,ca,92374,San Bernardino,1
975,The Habit,"36350 hidden springs rd, wildomar, ca, 92595, us",8.74,7.86,6.74,15.87,3.74,3.49,6.49,26,158,4.2,24,10.269493670886076,1,1,1,0,ca,92595,Riverside,1
976,The Habit,"32068, temecula, ca, 92592, us",9.24,8.11,6.99,17.24,4.36,3.74,6.86,14,79,4.899999999999998,29,10.800886075949368,1,1,1,0,ca,92592,Riverside,1
977,The Habit,"24875 iris avenue, moreno valley, ca, 92551, us",8.86,8.11,6.99,16.86,4.36,3.74,6.86,14,79,0.0,2,10.736329113924052,1,1,1,0,ca,92551,Riverside,1
978,The Habit,"3030 capitol avenue, sacramento, ca, 95816, us",8.98,8.01,7.03,17.0,4.24,4.0,6.55,36,156,4.3999999999999995,26,10.470897435897436,1,1,1,0,ca,95816,Sacramento,1
979,The Habit,"4730 freeport boulevard, sacramento, ca, 95822, us",9.49,8.36,7.24,17.49,4.36,3.74,6.99,28,158,4.7,25,10.98620253164557,1,1,1,0,ca,95822,Sacramento,1
980,The Habit,"1431 howe ave, sacramento, ca, 95825, us",8.74,7.86,6.74,16.24,4.11,3.49,6.74,26,154,4.3999999999999995,29,10.585064935064935,1,1,1,0,ca,95825,Sacramento,1
981,The Habit,"8124 delta shores circle, sacramento, ca, 95832, us",9.24,8.11,6.99,17.24,4.36,3.74,6.86,28,158,4.600000000000001,17,10.800886075949366,1,1,1,0,ca,95832,Sacramento,1
982,The Habit,"3161 zinfandel dr, rancho cordova, ca, 95670, us",8.74,7.86,6.74,16.24,4.11,3.49,6.74,28,158,4.5,22,10.413291139240505,1,1,1,0,ca,95670,Sacramento,1
983,The Habit,"7400 laguna blvd, elk grove, ca, 95758, us",8.74,7.86,6.74,16.24,4.11,3.49,6.74,26,154,4.3999999999999995,29,10.585064935064935,1,1,1,0,ca,95758,Sacramento,1
984,The Habit,"1205 w renaissance pkwy, rialto, ca, 92376, us",9.49,8.36,7.24,17.49,4.36,3.74,6.99,28,156,4.6000000000000005,36,11.030897435897435,1,1,1,0,ca,92376,San Bernardino,1
985,The Habit,"16138 south highland avenue, fontana, ca, 92336, us",9.49,8.36,7.24,17.49,4.36,3.74,6.99,42,234,4.700000000000001,12,11.030897435897439,1,1,1,0,ca,92336,San Bernardino,1
986,The Habit,"4210 east 4th street, ontario, ca, 91764, us",9.49,8.36,7.24,17.49,4.36,3.74,6.99,14,78,5.0,11,11.030897435897435,1,1,1,0,ca,91764,San Bernardino,1
987,The Habit,"10895 foothill blvd, rancho cucamonga, ca, 91730, us",9.49,8.36,7.24,17.49,4.36,3.74,,13,71,4.0,24,11.453943661971831,1,1,1,0,ca,91730,San Bernardino,1
988,The Habit,"11608 amargosa rd, victorville, ca, 92392, us",9.49,8.36,7.24,17.49,4.36,3.74,6.99,14,78,4.5,17,11.030897435897435,1,1,1,0,ca,92392,San Bernardino,1
989,The Habit,"845 camino de la reina, san diego, ca, 92108, us",9.49,8.36,7.24,17.49,4.36,3.74,6.99,42,231,4.5,80,11.083376623376624,1,1,1,0,ca,92108,San Diego,1
990,The Habit,"3455 sports arena blvd, san diego, ca, 92110, us",9.49,8.36,7.24,17.49,4.36,3.74,6.99,28,156,4.8999999999999995,33,11.030897435897435,1,1,1,0,ca,92110,San Diego,1
991,The Habit,"4175 genesee ave, san diego, ca, 92111, us",8.74,7.86,6.74,16.24,4.11,3.49,6.74,14,78,4.199999999999999,20,10.450641025641024,1,1,1,0,ca,92111,San Diego,1
992,The Habit,"8216 parkway dr, la mesa, ca, 91942, us",8.74,7.86,6.74,15.87,3.74,3.49,6.49,26,156,4.7,46,10.305,1,1,1,0,ca,91942,San Diego,1
993,The Habit,"770 otay lakes road, chula vista, ca, 91910, us",8.86,8.11,6.99,16.86,4.36,3.74,6.86,14,78,4.699999999999999,39,10.777820512820513,1,1,1,0,ca,91910,San Diego,1
994,The Habit,"5500 campanile dr. 5500 campanile dr. aztec student union sdsu, san diego, ca, 92115, us",9.24,8.11,6.99,17.24,4.36,3.74,6.86,24,142,4.8,13,11.332394366197184,1,1,1,0,ca,92115,San Diego,1
995,The Habit,"2992 jamacha road, el cajon, ca, 92019, us",9.24,8.11,6.99,17.24,4.36,3.74,6.86,14,78,4.699999999999999,38,10.84320512820513,1,1,1,0,ca,92019,San Diego,1
996,The Habit,"2267 s el camino real, oceanside, ca, 92054, us",9.24,8.11,6.99,17.24,4.36,3.74,6.86,14,78,4.5,39,10.830512820512821,1,1,1,0,ca,92054,San Diego,1
997,The Habit,"1870 rancho del oro drive, oceanside, ca, 92057, us",9.24,8.36,7.24,17.24,4.36,3.74,6.99,14,78,4.899999999999998,35,10.955897435897436,1,1,1,0,ca,92057,San Diego,1
998,The Habit,"445 hacienda drive, vista, ca, 92081, us",9.24,8.36,7.24,17.24,4.36,3.74,6.99,14,78,4.399999999999998,23,10.955897435897436,1,1,1,0,ca,92081,San Diego,1
999,The Habit,"7610 via campanile, carlsbad, ca, 92009, us",8.74,7.86,6.74,16.24,4.11,3.49,6.74,14,78,4.699999999999999,29,10.450641025641024,1,1,1,0,ca,92009,San Diego,1
1000,The Habit,"727 w, san marcos, ca, 92078, us",8.74,7.86,6.74,15.87,3.74,3.49,6.49,13,78,4.5,19,10.305,1,1,1,0,ca,92078,San Diego,1
1001,The Habit,"1446, encinitas, ca, 92024, us",8.74,7.86,6.74,15.87,3.74,3.49,6.49,13,78,4.800000000000001,12,10.305,1,1,1,0,ca,92024,San Diego,1
1002,The Habit,"305 gellert blvd, daly city, ca, 94015, us",9.24,8.36,7.24,17.24,4.36,3.74,6.99,56,316,4.600000000000001,100+,10.912151898734177,1,1,1,0,ca,94015,San Mateo,1
1003,The Habit,"143 south el camino real, millbrae, ca, 94030, us",9.24,8.11,6.99,17.24,4.36,3.74,6.86,56,316,4.600000000000001,21,10.788354430379746,1,1,1,0,ca,94030,San Mateo,1
1004,The Habit,"2829 w march ln, stockton, ca, 95219, us",8.74,7.86,6.74,15.87,3.74,3.49,6.49,13,79,3.800000000000001,23,10.269493670886076,1,1,1,0,ca,95219,San Joaquin,1
1005,The Habit,"1325 e yosemite ave, manteca, ca, 95336, us",9.24,8.36,7.24,17.24,4.36,3.74,6.99,14,79,4.300000000000001,22,10.912151898734177,1,1,1,0,ca,95336,San Joaquin,1
1006,The Habit,"2682 naglee rd, tracy, ca, 95304, us",9.49,8.36,7.24,17.49,4.36,3.74,6.99,14,79,4.699999999999999,28,10.986202531645569,1,1,1,0,ca,95304,San Joaquin,1
1007,The Habit,"839 higuera st, san luis obispo, ca, 93401, us",9.24,8.11,6.99,17.24,4.36,3.74,6.86,14,79,4.600000000000002,45,10.788354430379746,1,1,1,0,ca,93401,San Luis Obispo,1
1008,The Habit,"1297 chess dr, foster city, ca, 94404, us",9.49,8.36,7.24,17.49,4.36,3.74,6.99,28,156,4.7,24,11.037435897435897,1,1,1,0,ca,94404,San Mateo,1
1009,The Habit,"1111 el camino real, redwood city, ca, 94063, us",9.24,8.36,7.24,17.24,4.36,3.74,6.99,14,79,4.699999999999999,26,10.912151898734177,1,1,1,0,ca,94063,San Mateo,1
1010,The Habit,"985 betteravia road, santa maria, ca, 93454, us",8.74,7.86,6.74,16.24,4.11,3.49,6.74,11,64,4.3999999999999995,13,9.673281249999999,1,1,1,0,ca,93454,Santa Barbara,1
1011,The Habit,"1413 north h street, lompoc, ca, 93436, us",8.74,7.86,6.74,16.24,4.11,3.49,6.74,11,64,4.8999999999999995,10,9.673281249999999,1,1,1,0,ca,93436,Santa Barbara,1
1012,The Habit,"628 state street, santa barbara, ca, 93101, us",8.74,7.86,6.74,16.24,4.11,3.49,6.74,11,64,4.5,44,9.673281249999999,1,1,1,0,ca,93101,Santa Barbara,1
1013,The Habit,"216 south milpas street, santa barbara, ca, 93103, us",8.74,7.86,6.74,16.24,4.11,3.49,6.74,11,64,4.7,23,9.673281249999999,1,1,1,0,ca,93103,Santa Barbara,1
1014,The Habit,"5735 hollister avenue, goleta, ca, 93117, us",8.74,7.86,6.74,16.24,4.11,3.49,6.74,11,61,4.600000000000002,23,9.817540983606557,1,1,1,0,ca,93117,Santa Barbara,1
1015,The Habit,"888 embarcadero del norte, isla vista, ca, 93117, us",8.74,7.86,6.74,16.24,4.11,3.49,6.74,11,64,4.2,21,9.673281249999999,1,1,1,0,ca,93117,Santa Barbara,1
1016,The Habit,"3890 la cumbre plaza lane, santa barbara, ca, 93105, us",8.74,7.86,6.74,16.24,4.11,3.49,,10,56,0.0,1,9.250892857142857,1,1,1,0,ca,93105,Santa Barbara,1
1017,The Habit,"487 e thompson blvd, ventura, ca, 93001, us",8.86,8.11,6.99,16.86,4.36,3.74,6.86,28,158,5.0,23,10.736329113924048,1,1,1,0,ca,93001,Ventura,1
1018,The Habit,"1510 monterey rd, san jose, ca, 95110, us",9.24,8.36,7.24,17.24,4.36,3.74,,13,72,4.8999999999999995,42,11.317777777777778,1,1,1,0,ca,95110,Santa Clara,1
1019,The Habit,"1078 e brokaw rd, san jose, ca, 95131, us",9.24,8.11,6.99,17.24,4.36,3.74,6.86,28,158,4.8,22,10.788354430379746,1,1,1,0,ca,95131,Santa Clara,1
1020,The Habit,"5018 almaden expy, san jose, ca, 95118, us",9.49,8.36,7.24,17.49,4.36,3.74,,13,72,4.7,37,11.399027777777778,1,1,1,0,ca,95118,Santa Clara,1
1021,The Habit,"2000 el camino real, santa clara, ca, 95050, us",9.49,8.36,7.24,17.49,4.36,3.74,6.99,28,156,4.5,28,11.037435897435897,1,1,1,0,ca,95050,Santa Clara,1
1022,The Habit,"2000 s bascom ave, campbell, ca, 95008, us",9.49,8.36,7.24,17.49,4.36,3.74,6.99,14,79,4.300000000000001,36,10.986202531645569,1,1,1,0,ca,95008,Santa Clara,1
1023,The Habit,"2030 wyatt drive, santa clara, ca, 95054, us",9.24,8.36,7.24,17.24,4.36,3.74,6.99,28,158,4.899999999999999,18,10.912151898734177,1,1,1,0,ca,95054,Santa Clara,1
1024,The Habit,"146 w el camino real, sunnyvale, ca, 94087, us",9.24,8.11,6.99,17.24,4.36,3.74,6.86,14,78,4.899999999999998,26,10.851410256410256,1,1,1,0,ca,94087,Santa Clara,1
1025,The Habit,"20735 stevens creek blvd, cupertino, ca, 95014, us",9.24,8.11,6.99,17.24,4.36,3.74,6.86,14,79,4.800000000000001,14,10.788354430379746,1,1,1,0,ca,95014,Santa Clara,1
1026,The Habit,"1040 grant road suite 370, mountain view, ca, 94040, us",9.24,8.11,6.99,17.24,4.36,3.74,6.86,14,79,4.800000000000001,22,10.800886075949366,1,1,1,0,ca,94040,Santa Clara,1
1027,The Habit,"1400 ocean st, santa cruz, ca, 95060, us",9.24,8.11,6.99,17.24,4.36,3.74,6.86,14,79,4.800000000000001,83,10.800886075949366,1,1,1,0,ca,95060,Santa Cruz,1
1028,The Habit,"1735 trancas street, suite d, napa, ca, 94558, us",9.24,8.11,6.99,17.24,4.36,3.74,6.86,42,237,4.5,33,10.788354430379748,1,1,1,0,ca,94558,Napa,1
1029,The Habit,"1320 travis blvd, fairfield, ca, 94533, us",9.24,8.36,7.24,17.24,4.36,3.74,6.99,14,79,4.5,22,10.912151898734177,1,1,1,0,ca,94533,Solano,1
1030,The Habit,"1640 e monte vista ave, vacaville, ca, 95688, us",9.49,8.36,7.24,17.49,4.36,3.74,6.99,14,79,4.5,15,10.98620253164557,1,1,1,0,ca,95688,Solano,1
1031,The Habit,"1425 ary ln, dixon, ca, 95620, us",9.24,8.36,7.24,17.24,4.36,3.74,6.99,14,79,0.0,10,10.912151898734177,1,1,1,0,ca,95620,Solano,1
1032,The Habit,"1801 mchenry ave, modesto, ca, 95350, us",8.74,7.86,6.74,15.87,3.74,3.49,6.49,13,79,4.699999999999999,15,10.269493670886076,1,1,1,0,ca,95350,Stanislaus,1
1033,The Habit,"2671 countryside dr, turlock, ca, 95380, us",8.86,8.11,6.99,16.86,4.36,3.74,6.86,14,79,0.0,2,10.736329113924052,1,1,1,0,ca,95380,Stanislaus,1
1034,The Habit,"604 s mooney blvd, visalia, ca, 93277, us",8.74,7.86,6.74,15.87,3.74,3.49,6.49,13,79,4.699999999999999,44,10.269493670886076,1,1,1,0,ca,93277,Tulare,1
1035,The Habit,"969 e prosperity ave, tulare, ca, 93274, us",9.24,8.36,7.24,17.24,4.36,3.74,6.99,14,79,4.899999999999998,23,10.912151898734177,1,1,1,0,ca,93274,Tulare,1
1036,The Habit,"344 west el monte way, dinuba, ca, 93618, us",9.24,8.36,7.24,17.24,4.36,3.74,6.99,14,79,0.0,10,10.912151898734177,1,1,1,0,ca,93618,Tulare,1
1037,The Habit,"1731 w lacey blvd, hanford, ca, 93230, us",9.24,8.36,7.24,17.24,4.36,3.74,6.99,14,79,4.5,11,10.912151898734177,1,1,1,0,ca,93230,Kings,1
1038,The Habit,"2350 e vineyard ave, oxnard, ca, 93036, us",8.74,7.86,6.74,15.87,3.74,3.49,6.24,13,79,4.600000000000002,27,10.258481012658228,1,1,1,0,ca,93036,Ventura,1
1039,The Habit,"563 w channel islands blvd, port hueneme, ca, 93041, us",8.74,7.86,6.74,15.87,3.74,3.49,6.49,13,79,4.600000000000002,34,10.269493670886076,1,1,1,0,ca,93041,Ventura,1
1040,The Habit,"4732 telephone rd, ventura, ca, 93003, us",8.74,7.86,6.74,16.24,4.11,3.49,6.74,13,76,4.7,29,10.635657894736841,1,1,1,0,ca,93003,Ventura,1
1041,The Habit,"1855 e daily dr, camarillo, ca, 93010, us",9.24,8.36,7.24,17.24,4.36,3.74,6.99,14,79,4.800000000000001,29,10.912151898734177,1,1,1,0,ca,93010,Ventura,1
1042,Carls Jr,"871 marina village pkwy, alameda, ca, 94501, us",,6.16,,,4.99,4.48,8.75,95,370,4.799999999999999,25,7.576081081081082,1,1,1,0,ca,94501,Alameda,1
1043,Carls Jr,"10770 macarthur blvd, oakland, ca, 94605, us",,5.75,,,4.65,4.18,8.16,34,106,4.799999999999999,33,7.464339622641511,1,1,1,0,ca,94605,Alameda,1
1044,Carls Jr,"1 hallidie plaza, san francisco, ca, 94102, us",,7.02,,,5.7,5.11,9.98,39,156,4.5,100+,9.172692307692309,1,1,1,0,ca,94102,San Francisco,1
1045,Carls Jr,"20550 mission blvd, hayward, ca, 94541, us",,4.71,,,3.76,4.12,,13,47,4.800000000000002,23,6.312978723404256,1,1,1,0,ca,94541,Alameda,1
1046,Carls Jr,"1550 fitzgerald drive, pinole, ca, 94564, us",,6.0,,,4.2,3.95,6.6,42,240,5.0,18,9.92625,1,1,1,0,ca,94564,Contra Costa,1
1047,Carls Jr,"5670 thornton ave, newark, ca, 94560, us",,6.59,,,4.19,3.95,6.35,30,100,0.0,9,6.986000000000001,1,1,1,0,ca,94560,Alameda,1
1048,Carls Jr,"46637 mission blvd, fremont, ca, 94539, us",,6.59,,,4.19,3.95,6.35,15,50,4.6,13,6.985999999999999,1,1,1,0,ca,94539,Alameda,1
1049,Carls Jr,"27467 hesperian blvd, hayward, ca, 94545, us",,4.71,,,,,,8,72,4.8,16,5.769722222222223,1,1,1,0,ca,94545,Alameda,1
1050,Carls Jr,"1101 branham ln, san jose, ca, 95118, us",,5.99,,,4.07,3.59,6.47,42,240,4.5,55,10.734499999999999,1,1,1,0,ca,95118,Santa Clara,1
1051,Carls Jr,"4595 century blvd., pittsburg, ca, 94565, us",,6.18,,,4.5,3.86,7.21,16,100,4.8,13,10.0502,1,1,1,0,ca,94565,Contra Costa,1
1052,Carls Jr,"915 main st, oakley, ca, 94561, us",,6.18,,,4.5,3.86,7.21,13,78,4.699999999999999,10,10.401153846153846,1,1,1,0,ca,94561,Contra Costa,1
1053,Carls Jr,"2590 s east ave, fresno, ca, 93706, us",,5.75,,,4.65,4.18,8.16,24,75,4.0,25,6.997866666666667,1,1,1,0,ca,93706,Fresno,1
1054,Carls Jr,"5007 e mckinley ave, fresno, ca, 93727, us",,5.75,,,4.65,4.18,8.16,17,53,0.0,9,7.412452830188679,1,1,1,0,ca,93727,Fresno,1
1055,Carls Jr,"101 s union ave, bakersfield, ca, 93307, us",8.37,6.18,,14.18,4.5,3.86,7.21,13,92,4.5,15,11.165000000000001,1,1,1,0,ca,93307,Kern,1
1056,Carls Jr,"229 west 7th street, los angeles, ca, 90014, us",,5.99,,,4.09,4.09,5.99,18,50,4.800000000000001,61,7.156000000000001,1,1,1,0,ca,90014,Los Angeles,1
1057,Carls Jr,"2320 e 4th st, los angeles, ca, 90033, us",,6.39,,,3.79,4.09,6.39,16,47,4.5,42,7.117659574468086,1,1,1,0,ca,90033,Los Angeles,1
1058,Carls Jr,"3215 n. broadway, los angeles, ca, 90031, us",,6.75,,,4.29,4.42,6.88,15,77,4.5,78,10.560649350649351,1,1,1,0,ca,90031,Los Angeles,1
1059,Carls Jr,"3005 w 6th st, los angeles, ca, 90020, us",,4.1,,,3.25,3.62,5.67,14,48,4.7,144,6.1504166666666675,1,1,1,0,ca,90020,Los Angeles,1
1060,Carls Jr,"2912 s figueroa st, los angeles, ca, 90007, us",,6.39,,,3.79,4.09,6.39,15,48,4.3,108,7.167083333333333,1,1,1,0,ca,90007,Los Angeles,1
1061,Carls Jr,"1751 s soto st, los angeles, ca, 90023, us",,6.39,,,3.79,4.09,6.39,16,49,4.800000000000001,18,7.138979591836735,1,1,1,0,ca,90023,Los Angeles,1
1062,Carls Jr,"1670 w pacific coast hwy, long beach, ca, 90813, us",,,,,3.62,3.86,6.16,13,46,4.800000000000002,13,7.073913043478262,1,1,1,0,ca,90813,Los Angeles,1
1063,Carls Jr,"271 e willow st, long beach, ca, 90806, us",,6.39,,,3.79,4.09,6.39,16,49,4.699999999999999,35,7.138979591836735,1,1,1,0,ca,90806,Los Angeles,1
1064,Carls Jr,"1881 e del amo blvd, carson, ca, 90746, us",,6.44,,,3.86,3.86,6.7,12,83,4.600000000000001,25,10.71963855421687,1,1,1,0,ca,90746,Los Angeles,1
1065,Carls Jr,"840 sepulveda blvd, harbor city, ca, 90710, us",,6.39,,,3.79,4.09,6.39,16,49,4.5,26,7.138979591836735,1,1,1,0,ca,90710,Los Angeles,1
1066,Carls Jr,"6601 atlantic ave, long beach, ca, 90805, us",,6.44,,,3.86,3.86,6.7,12,83,4.600000000000001,38,10.719638554216868,1,1,1,0,ca,90805,Los Angeles,1
1067,Carls Jr,"24715 pico canyon rd, stevenson ranch, ca, 91381, us",,6.44,,,3.86,3.86,6.7,12,83,4.7,18,10.71963855421687,1,1,1,0,ca,91381,Los Angeles,1
1068,Carls Jr,"18950 soledad canyon rd, canyon country, ca, 91351, us",,6.44,,,3.86,3.86,6.7,12,83,4.5,34,10.719638554216868,1,1,1,0,ca,91351,Los Angeles,1
1069,Carls Jr,"18741 via princessa, santa clarita, ca, 91387, us",,6.44,,,3.86,3.86,6.7,12,83,4.7,46,10.71963855421687,1,1,1,0,ca,91387,Los Angeles,1
1070,Carls Jr,"3770 telegraph ave, oakland, ca, 94609, us",,5.75,,,4.65,4.18,8.16,51,159,4.699999999999999,48,7.4643396226415115,1,1,1,0,ca,94609,Alameda,1
1071,Carls Jr,"3897 sonoma blvd, vallejo, ca, 94589, us",,6.0,,,4.2,3.95,6.6,30,156,4.5,25,9.436538461538463,1,1,1,0,ca,94589,Solano,1
1072,Carls Jr,"2434 junipero serra blvd, daly city, ca, 94015, us",,6.16,,,4.99,4.48,8.75,76,296,4.700000000000001,54,7.576081081081083,1,1,1,0,ca,94015,San Mateo,1
1073,Carls Jr,"6460 redwood dr, rohnert park, ca, 94928, us",,5.15,,,4.66,4.42,6.63,34,162,4.5,15,10.185432098765432,1,1,1,0,ca,94928,Sonoma,1
1074,Carls Jr,"1000 farmers ln, santa rosa, ca, 95405, us",,5.15,,,4.66,4.42,,17,74,4.2,21,9.931621621621622,1,1,1,0,ca,95405,Sonoma,1
1075,Carls Jr,"495 stony point rd, santa rosa, ca, 95401, us",,5.15,,,4.66,4.42,6.63,34,150,4.399999999999999,37,9.871199999999998,1,1,1,0,ca,95401,Sonoma,1
1076,Carls Jr,"1142 fremont blvd, seaside, ca, 93955, us",,5.61,,,3.74,4.11,6.24,16,81,4.899999999999999,23,9.844197530864198,1,1,1,0,ca,93955,Monterey,1
1077,Carls Jr,"402 s main st, orange, ca, 92868, us",,4.1,,,3.25,3.62,5.67,15,49,4.800000000000001,41,6.1283673469387745,1,1,1,0,ca,92868,Orange,1
1078,Carls Jr,"1809 e edinger ave, santa ana, ca, 92705, us",,3.98,,,3.13,3.62,5.55,13,49,4.800000000000001,61,6.027346938775509,1,1,1,0,ca,92705,Orange,1
1079,Carls Jr,"14041 newport ave, tustin, ca, 92780, us",,6.44,,,3.86,3.86,6.7,12,83,4.600000000000001,16,10.71963855421687,1,1,1,0,ca,92780,Orange,1
1080,Carls Jr,"13011 harbor blvd, garden grove, ca, 92843, us",,3.98,,,3.13,3.62,5.55,13,49,4.699999999999999,35,6.027346938775509,1,1,1,0,ca,92843,Orange,1
1081,Carls Jr,"2820 e. lincoln ave, anaheim, ca, 92806, us",,6.44,,,3.86,3.86,6.7,12,83,4.8,16,10.71963855421687,1,1,1,0,ca,92806,Orange,1
1082,Carls Jr,"794 n brookhurst st, anaheim, ca, 92801, us",,4.1,,,3.25,3.62,5.67,13,44,4.6,27,5.899318181818183,1,1,1,0,ca,92801,Orange,1
1083,Carls Jr,"2119 s harbor blvd, anaheim, ca, 92802, us",,4.1,,,3.25,3.62,5.67,15,49,4.699999999999999,56,6.128367346938776,1,1,1,0,ca,92802,Orange,1
1084,Carls Jr,"11051 euclid ave, garden grove, ca, 92840, us",,4.1,,,3.25,3.62,5.67,15,49,4.800000000000001,44,6.128367346938776,1,1,1,0,ca,92840,Orange,1
1085,Carls Jr,"3110 e la palma, anaheim, ca, 92806, us",,4.1,,,3.25,3.62,5.67,15,49,4.3999999999999995,17,6.1283673469387745,1,1,1,0,ca,92806,Orange,1
1086,Carls Jr,"4315 sierra college blvd, rocklin, ca, 95650, us",8.49,6.89,,,4.79,3.79,6.89,22,102,0.0,9,7.354705882352942,1,1,1,0,ca,95650,Placer,1
1087,Carls Jr,"101 ferrari ranch rd, lincoln, ca, 95648, us",8.37,6.18,,14.18,4.5,3.86,7.21,13,92,4.8,17,10.951847826086958,1,1,1,0,ca,95648,Placer,1
1088,Carls Jr,"5225 canyon crest dr ste 82, riverside, ca, 92507, us",,5.74,,,4.11,4.36,6.86,20,52,0.0,5,6.840769230769231,1,1,1,0,ca,92507,Riverside,1
1089,Carls Jr,"6061 van buren blvd, riverside, ca, 92503, us",,3.98,,,3.13,3.62,5.55,13,49,4.699999999999999,19,6.027346938775509,1,1,1,0,ca,92503,Riverside,1
1090,Carls Jr,"8919 limonite ave, riverside, ca, 92509, us",,5.15,,,4.55,3.9,6.45,13,49,5.0,22,6.759183673469387,1,1,1,0,ca,92509,Riverside,1
1091,Carls Jr,"2940 van buren boulevard suite 100, riverside, ca, 92503, us",,6.44,,,3.86,3.86,6.7,13,85,4.2,13,10.618823529411767,1,1,1,0,ca,92503,Riverside,1
1092,Carls Jr,"27670 eucalyptus ave, moreno valley, ca, 92555, us",,4.59,,,3.79,3.59,5.99,11,49,4.800000000000001,10,6.404285714285714,1,1,1,0,ca,92555,Riverside,1
1093,Carls Jr,"69 w nuevo rd, perris, ca, 92571, us",,4.1,,,3.25,3.62,5.67,15,49,4.5,28,6.128367346938776,1,1,1,0,ca,92571,Riverside,1
1094,Carls Jr,"40375, murrieta, ca, 92563, us",,5.15,,,4.55,3.9,6.45,13,49,4.800000000000001,13,6.759183673469389,1,1,1,0,ca,92563,Riverside,1
1095,Carls Jr,"251 diamond dr, lake elsinore, ca, 92530, us",,5.15,,,4.55,3.9,6.45,13,50,4.800000000000001,23,6.775999999999999,1,1,1,0,ca,92530,Riverside,1
1096,Carls Jr,"30604 benton rd, winchester, ca, 92596, us",,5.15,,,4.8,3.9,6.6,13,49,4.199999999999999,10,6.843877551020409,1,1,1,0,ca,92596,Riverside,1
1097,Carls Jr,"2615 broadway, sacramento, ca, 95818, us",8.37,6.18,,14.18,4.5,3.86,7.21,26,184,4.1000000000000005,21,10.951847826086956,1,1,1,0,ca,95818,Sacramento,1
1098,Carls Jr,"854 harbor blvd, west sacramento, ca, 95691, us",8.37,6.18,,14.18,4.5,3.86,7.21,13,92,3.899999999999998,20,10.95184782608696,1,1,1,0,ca,95691,Yolo,1
1099,Carls Jr,"5501 freeport ave, sacramento, ca, 95822, us",8.37,6.18,,14.18,4.5,3.86,7.21,13,92,4.899999999999999,10,10.951847826086958,1,1,1,0,ca,95822,Sacramento,1
1100,Carls Jr,"8150 sheldon rd, elk grove, ca, 95758, us",8.37,6.18,,14.18,4.5,3.86,,13,91,4.7,14,10.992967032967034,1,1,1,0,ca,95758,Sacramento,1
1101,Carls Jr,"6201 mack road, sacramento, ca, 95823, us",8.37,6.18,,14.18,4.5,3.86,,13,90,4.899999999999999,14,11.079444444444446,1,1,1,0,ca,95823,Sacramento,1
1102,Carls Jr,"1505 e highland ave, san bernardino, ca, 92404, us",,3.98,,,3.13,3.62,5.55,13,49,4.5,50+,6.027346938775509,1,1,1,0,ca,92404,San Bernardino,1
1103,Carls Jr,"1180 s mount vernon ave, colton, ca, 92324, us",,5.61,,,3.74,4.11,6.24,17,53,0.0,9,6.461509433962264,1,1,1,0,ca,92324,San Bernardino,1
1104,Carls Jr,"293 east 40th street, san bernardino, ca, 92404, us",,4.59,,,3.79,3.59,5.99,11,49,4.5,41,6.404285714285714,1,1,1,0,ca,92404,San Bernardino,1
1105,Carls Jr,"4424 university parkway, san bernardino, ca, 92407, us",,4.1,,,3.25,3.62,5.67,30,98,4.399999999999999,15,6.1283673469387745,1,1,1,0,ca,92407,San Bernardino,1
1106,Carls Jr,"620 w foothill blvd, rialto, ca, 92376, us",,6.44,,,3.86,3.86,6.7,12,83,4.8,20,10.71963855421687,1,1,1,0,ca,92376,San Bernardino,1
1107,Carls Jr,"2022 n riverside ave, rialto, ca, 92377, us",,6.44,,,3.86,3.86,6.7,12,83,4.399999999999999,18,10.71963855421687,1,1,1,0,ca,92377,San Bernardino,1
1108,Carls Jr,"15669 main st, hesperia, ca, 92345, us",,4.19,,,3.39,3.59,5.99,12,49,4.699999999999999,22,5.969591836734695,1,1,1,0,ca,92345,San Bernardino,1
1109,Carls Jr,"15227 hook blvd, victorville, ca, 92394, us",,6.44,,,3.86,3.86,6.7,12,83,4.600000000000001,10,10.719638554216868,1,1,1,0,ca,92394,San Bernardino,1
1110,Carls Jr,"14292 highway 395, adelanto, ca, 92301, us",,6.44,,,3.86,3.86,6.7,12,83,4.5,20,10.719638554216868,1,1,1,0,ca,92301,San Bernardino,1
1111,Carls Jr,"3008 el cajon blvd, san diego, ca, 92104, us",,4.99,,,3.61,4.11,6.49,15,80,4.5,93,9.285,1,1,1,0,ca,92104,San Diego,1
1112,Carls Jr,"695 h st, chula vista, ca, 91910, us",,4.99,,,3.61,4.11,6.49,15,80,4.799999999999999,23,9.285,1,1,1,0,ca,91910,San Diego,1
1113,Carls Jr,"7162 broadway, lemon grove, ca, 91945, us",,4.99,,,3.61,4.11,6.49,15,80,4.799999999999999,36,9.285,1,1,1,0,ca,91945,San Diego,1
1114,Carls Jr,"1502 sweetwater rd, national city, ca, 91950, us",,4.99,,,3.61,4.11,6.49,15,80,4.700000000000001,33,9.285,1,1,1,0,ca,91950,San Diego,1
1115,Carls Jr,"996 third ave., chula vista, ca, 91911, us",,4.99,,,3.61,4.11,6.49,15,80,4.6000000000000005,17,9.285,1,1,1,0,ca,91911,San Diego,1
1116,Carls Jr,"1280 e plaza blvd, national city, ca, 91950, us",,4.99,,,3.61,4.11,6.49,15,80,4.700000000000001,47,9.285,1,1,1,0,ca,91950,San Diego,1
1117,Carls Jr,"700 13th street, imperial beach, ca, 91932, us",,4.99,,,3.61,4.11,6.49,15,80,4.799999999999999,24,9.285,1,1,1,0,ca,91932,San Diego,1
1118,Carls Jr,"2608 el camino real, carlsbad, ca, 92010, us",,4.99,,,3.61,4.11,6.49,15,80,5.0,12,9.285,1,1,1,0,ca,92010,San Diego,1
1119,Carls Jr,"611 douglas dr, oceanside, ca, 92058, us",,4.99,,,3.61,4.11,6.49,15,80,4.299999999999999,15,9.285,1,1,1,0,ca,92058,San Diego,1
1120,Carls Jr,"4186, oceanside, ca, 92056, us",,4.99,,,3.61,4.11,6.49,15,80,4.700000000000001,19,9.285,1,1,1,0,ca,92056,San Diego,1
1121,Carls Jr,"775 college blvd, oceanside, ca, 92057, us",,4.99,,,3.61,4.11,6.49,15,80,4.8999999999999995,29,9.285,1,1,1,0,ca,92057,San Diego,1
1122,Carls Jr,"660 hacienda dr, vista, ca, 92081, us",,4.99,,,3.61,4.11,6.49,15,80,5.0,10,9.285,1,1,1,0,ca,92081,San Diego,1
1123,Carls Jr,"899 cherry ave, san bruno, ca, 94066, us",,5.75,,,4.65,4.18,8.16,68,212,4.700000000000001,57,7.41245283018868,1,1,1,0,ca,94066,San Mateo,1
1124,Carls Jr,"1140 triton dr, san mateo, ca, 94404, us",,6.16,,,4.99,4.48,8.75,19,74,4.7,26,7.57608108108108,1,1,1,0,ca,94404,San Mateo,1
1125,Carls Jr,"4610, carpinteria, ca, 93013, us",,5.66,,,4.37,3.86,7.08,15,52,0.0,5,6.801346153846155,1,1,1,0,ca,93013,Santa Barbara,1
1126,Carls Jr,"3015 johnson drive, ventura, ca, 93003, us",,6.44,,,3.86,3.86,6.7,24,166,4.600000000000001,11,10.719638554216868,1,1,1,0,ca,93003,Ventura,1
1127,Carls Jr,"1745 s victoria ave, ventura, ca, 93003, us",,6.44,,,3.86,3.86,6.7,24,166,4.2,16,10.719638554216868,1,1,1,0,ca,93003,Ventura,1
1128,Carls Jr,"1095 oakland rd, san jose, ca, 95112, us",,6.59,,,4.19,3.95,6.35,30,100,4.5,49,6.986000000000001,1,1,1,0,ca,95112,Santa Clara,1
1129,Carls Jr,"172 bernal rd, san jose, ca, 95139, us",,5.99,,,4.07,3.59,6.47,14,80,4.3999999999999995,13,10.7345,1,1,1,0,ca,95139,Santa Clara,1
1130,Carls Jr,"1890 mccandless dr, milpitas, ca, 95035, us",,6.59,,,4.19,3.95,6.35,30,100,4.600000000000001,14,6.9860000000000015,1,1,1,0,ca,95035,Santa Clara,1
1131,Carls Jr,"5000 el camino real, los altos, ca, 94022, us",,,,,,,,5,57,4.800000000000001,44,9.070175438596491,1,1,1,0,ca,94022,Santa Clara,1
1132,Carls Jr,"1999 camden ave, san jose, ca, 95124, us",,5.99,,,4.07,3.59,6.47,13,79,4.199999999999999,13,10.799113924050635,1,1,1,0,ca,95124,Santa Clara,1
1133,Carls Jr,"2380 n texas st, fairfield, ca, 94533, us",7.2,6.0,,12.6,4.2,3.95,6.6,13,91,4.3,28,10.394505494505495,1,1,1,0,ca,94533,Solano,1
1134,Carls Jr,"2808 mchenry ave, modesto, ca, 95350, us",8.89,5.75,,,4.65,4.18,8.16,17,55,4.6,10,7.564181818181818,1,1,1,0,ca,95350,Stanislaus,1
1135,Carls Jr,"1600 oakdale rd, modesto, ca, 95355, us",8.89,5.75,,,4.65,4.18,8.16,17,55,4.4,10,7.564181818181818,1,1,1,0,ca,95355,Stanislaus,1
1136,Carls Jr,"118 e whitmore ave, modesto, ca, 95358, us",8.89,5.75,,,4.65,4.18,8.16,24,77,4.100000000000002,10,7.117012987012987,1,1,1,0,ca,95358,Stanislaus,1
1137,Carls Jr,"3350 s mooney blvd, visalia, ca, 93277, us",,5.75,,,4.65,4.18,8.16,25,75,4.3,10,7.048666666666667,1,1,1,0,ca,93277,Tulare,1
1138,Carls Jr,"2301 n, oxnard, ca, 93036, us",,4.1,,,3.25,3.62,5.67,15,49,5.0,10,6.1283673469387745,1,1,1,0,ca,93036,Ventura,1
1139,Carls Jr,"3255 saviers rd, oxnard, ca, 93033, us",,3.98,,,3.13,3.62,5.55,13,49,4.3999999999999995,32,6.0273469387755085,1,1,1,0,ca,93033,Ventura,1
1140,McDonald,"800 market st, oakland, california 94607, oakland, ca, 94607-3116, us",7.69,3.49,4.19,12.99,4.89,1.99,,28,124,4.399999999999999,2,5.634677419354839,2,1,1,0,ca,94607,Alameda,1
1141,McDonald,"4514 telegraph ave, oakland, ca, 94609, us",7.69,3.49,4.19,12.99,4.89,1.99,,28,114,4.6000000000000005,2,5.838421052631579,2,1,1,0,ca,94609,Alameda,1
1142,McDonald,"715 central ave, alameda, ca, 94501, us",6.99,3.79,3.59,12.89,4.79,2.09,3.19,39,127,4.5,1,7.057716535433074,2,1,1,0,ca,94501,Alameda,1
1143,McDonald,"6623 san pablo ave, oakland, ca, 94608, us",7.69,3.49,4.19,12.99,4.59,1.99,,33,130,4.3999999999999995,2,5.542846153846154,2,1,1,0,ca,94608,Alameda,1
1144,McDonald,"1330 jackson st, oakland, ca, 94612, us",6.89,3.49,2.99,12.79,4.79,2.09,3.19,39,126,4.5,2,6.938888888888888,2,1,1,0,ca,94612,Alameda,1
1145,McDonald,"2520 e 12th st, oakland, ca, 94601, us",7.39,4.19,3.69,12.29,5.19,2.39,,47,140,4.399999999999999,3,5.891857142857142,2,1,1,0,ca,94601,Alameda,1
1146,McDonald,"38860, fremont, ca, 94536, us",7.69,3.99,3.49,12.29,4.99,2.03,3.19,37,120,4.700000000000001,1,6.005333333333334,2,1,1,0,ca,94536,Alameda,1
1147,McDonald,"40708 grimmer blvd, fremont, ca, 94538-2845, us",7.59,3.79,3.49,12.19,4.99,2.19,3.19,39,123,4.5,1,6.000975609756098,2,1,1,0,ca,94538,Alameda,1
1148,McDonald,"4318 thornton ave, fremont, ca, 94536, us",6.99,4.09,3.49,12.19,4.99,2.19,3.39,45,127,4.5,490+,7.289370078740157,2,1,1,0,ca,94536,Alameda,1
1149,McDonald,"3000 newpark mall rd, newark, ca, 94560, us",6.99,4.09,3.49,12.19,4.99,2.19,3.39,45,127,4.600000000000001,800+,7.2893700787401565,2,1,1,0,ca,94560,Alameda,1
1150,McDonald,"3990 decoto rd, fremont, ca, 94536, us",8.76,4.03,3.63,15.51,5.79,2.28,3.63,41,128,4.5,900+,6.331796874999999,2,1,1,0,ca,94536,Alameda,1
1151,McDonald,"42800 mission blvd, fremont, ca, 94539, us",7.69,3.79,3.49,12.29,5.19,2.19,3.39,33,119,4.700000000000004,130+,6.019579831932774,2,1,1,0,ca,94539,Alameda,1
1152,McDonald,"23989 watkins st, hayward, ca, 94544-1028, us",6.99,3.79,3.59,12.89,4.79,2.09,3.19,33,121,4.299999999999999,700+,7.1528099173553725,2,1,1,0,ca,94544,Alameda,1
1153,McDonald,"355 w a st, hayward, ca, 94541, us",6.99,3.79,3.59,12.89,4.79,2.09,3.19,36,120,4.3999999999999995,1,7.211666666666669,2,1,1,0,ca,94541,Alameda,1
1154,McDonald,"1620 strobridge ave, castro valley, ca, 94546, us",6.89,3.49,3.19,11.29,4.49,2.29,2.69,22,132,4.2,1,5.614242424242424,2,1,1,0,ca,94546,Alameda,1
1155,McDonald,"2905 grove way, castro valley, ca, 94546, us",6.99,3.79,3.59,12.89,4.79,2.09,3.19,39,123,4.5,900+,7.1591056910569115,2,1,1,0,ca,94546,Alameda,1
1156,McDonald,"26253 mission blvd, hayward, ca, 94544, us",6.99,3.79,3.59,12.89,4.79,2.09,3.19,39,123,4.5,1,7.1591056910569115,2,1,1,0,ca,94544,Alameda,1
1157,McDonald,"18708 hesperian blvd, hayward, ca, 94541-2248, us",6.99,3.79,3.59,12.89,4.79,2.09,3.19,39,123,4.6000000000000005,800+,7.160731707317075,2,1,1,0,ca,94541,Alameda,1
1158,McDonald,"1691 monument blvd, concord, ca, 94520, us",6.99,3.79,3.59,12.89,4.79,2.09,3.19,34,117,4.600000000000001,1,7.268632478632481,2,1,1,0,ca,94520,Contra Costa,1
1159,McDonald,"4550 clayton rd, concord, ca, 94521-2850, us",6.99,3.79,3.59,12.89,4.79,2.09,3.19,37,121,4.299999999999999,1,7.200743801652894,2,1,1,0,ca,94521,Contra Costa,1
1160,McDonald,"1690 contra costa blvd, pleasant hill, ca, 94523, us",6.99,3.79,3.59,12.89,4.79,2.09,3.19,39,123,4.5,800+,7.1574796747967495,2,1,1,0,ca,94523,Contra Costa,1
1161,McDonald,"1185 arnold dr, martinez, ca, 94553, us",6.99,3.79,3.59,12.89,4.79,2.09,3.19,38,122,4.700000000000002,600+,7.178524590163936,2,1,1,0,ca,94553,Contra Costa,1
1162,McDonald,"220 bailey road, bay point, ca, 94565, us",6.99,3.79,3.59,12.89,4.79,2.09,3.19,38,122,4.299999999999998,1,7.180163934426231,2,1,1,0,ca,94565,Contra Costa,1
1163,McDonald,"1739 divisadero st, fresno, ca, 93701-1920, us",6.39,3.39,2.89,10.39,4.99,1.79,1.99,70,260,4.2,1,5.758461538461539,2,1,1,0,ca,93701,Fresno,1
1164,McDonald,"4505 e kings canyon rd, fresno, ca, 93702, us",5.69,3.39,2.79,10.59,4.69,1.89,2.19,32,126,4.399999999999998,900+,5.7082539682539695,2,1,1,0,ca,93702,Fresno,1
1165,McDonald,"3110 e jensen, fresno, ca, 93706-5113, us",7.19,3.69,3.49,13.09,5.99,1.99,3.29,24,133,4.5,800+,6.429172932330826,2,1,1,0,ca,93706,Fresno,1
1166,McDonald,"3115 n blackstone ave, fresno, ca, 93704, us",6.19,3.19,2.79,9.99,4.39,1.79,2.19,33,127,4.200000000000004,1,5.5120472440944885,2,1,1,0,ca,93704,Fresno,1
1167,McDonald,"1718 w olive, fresno, ca, 93728-2642, us",6.49,3.39,2.89,9.99,4.59,1.79,2.59,33,127,4.100000000000002,600+,5.796299212598426,2,1,1,0,ca,93728,Fresno,1
1168,McDonald,"4898 e kings canyon rd, fresno, ca, 93727, us",5.89,3.49,2.69,9.79,4.39,1.79,1.99,23,130,4.3,800+,5.694615384615385,2,1,1,0,ca,93727,Fresno,1
1169,McDonald,"2310 f st, bakersfield, ca, 93301, us",6.79,3.69,2.99,10.29,4.72,1.89,2.43,18,116,4.600000000000001,900+,5.987155172413794,2,1,1,0,ca,93301,Kern,1
1170,McDonald,"1812 n union ave, bakersfield, ca, 93305, us",6.49,3.49,2.99,11.39,4.79,1.99,2.29,20,133,4.199999999999999,1,6.376616541353383,2,1,1,0,ca,93305,Kern,1
1171,McDonald,"chester &amp; brundage, bakersfield, ca, 93304, us",7.49,3.99,3.19,11.89,5.39,2.69,1.99,27,126,4.299999999999997,900+,5.749365079365081,2,1,1,0,ca,93304,Kern,1
1172,McDonald,"225 n chester avenue, oildale, ca, 93308, us",8.09,4.39,3.89,13.19,5.29,1.69,2.29,39,134,4.0,1,7.342164179104477,2,1,1,0,ca,93308,Kern,1
1173,McDonald,"4600 ming ave, bakersfield, ca, 93309, us",6.49,3.49,2.99,11.39,4.79,1.99,2.29,14,125,4.399999999999999,1,6.49096,2,1,1,0,ca,93309,Kern,1
1174,McDonald,"2699 mount vernon ave, bakersfield, ca, 93306, us",6.49,3.49,2.99,11.39,4.79,1.99,2.29,20,133,4.399999999999999,1,6.376616541353383,2,1,1,0,ca,93306,Kern,1
1175,McDonald,"690 alameda st., los angeles, ca, 90021, us",7.99,4.86,2.89,12.69,4.99,3.49,2.64,28,120,4.5,6,6.377916666666666,2,1,1,0,ca,90021,Los Angeles,1
1176,McDonald,"1310 east olympic blvd, los angeles, ca, 90021, us",7.89,4.86,2.89,11.89,4.99,3.49,2.25,24,114,4.5,4,6.470438596491227,2,1,1,0,ca,90021,Los Angeles,1
1177,McDonald,"1625 wilshire blvd, los angeles, ca, 90017, us",7.99,3.49,3.36,12.74,4.99,2.29,2.86,40,111,4.5,10,6.355135135135136,2,1,1,0,ca,90017,Los Angeles,1
1178,McDonald,"1716 marengo st, los angeles, ca, 90033-1315, us",9.58,4.5,3.39,15.47,5.3,3.05,2.75,41,112,4.6000000000000005,2,7.455267857142857,2,1,1,0,ca,90033,Los Angeles,1
1179,McDonald,"405 n alvarado st, los angeles, ca, 90026, us",7.99,3.49,3.36,12.74,4.99,2.29,,38,108,4.700000000000001,6,6.424814814814816,2,1,1,0,ca,90026,Los Angeles,1
1180,McDonald,"245 n soto st, los angeles, ca, 90033, us",9.58,4.5,3.39,15.47,5.3,3.05,2.75,41,109,4.600000000000002,4,7.238899082568807,2,1,1,0,ca,90033,Los Angeles,1
1181,McDonald,"640 long beach blvd, long beach, ca, 90802, us",6.69,3.49,3.29,12.29,4.79,2.59,2.49,16,116,4.5,9,5.523448275862069,2,1,1,0,ca,90802,Los Angeles,1
1182,McDonald,"1000 e 4th st, long beach, ca, 90802, us",8.29,4.99,4.29,14.69,5.29,2.49,3.99,41,116,4.5,4,7.6128448275862075,2,1,1,0,ca,90802,Los Angeles,1
1183,McDonald,"2599, long beach, ca, 90806, us",6.59,3.59,3.19,12.69,4.79,2.29,2.29,73,332,4.5,4,5.522409638554217,2,1,1,0,ca,90806,Los Angeles,1
1184,McDonald,"3302 e anaheim st, long beach, ca, 90804, us",8.99,3.85,3.49,14.99,4.69,2.39,3.19,45,115,4.600000000000001,8,6.893478260869565,2,1,1,0,ca,90804,Los Angeles,1
1185,McDonald,"2290 north bellflower blvd, long beach, ca, 90815, us",6.79,3.19,3.19,10.99,4.59,2.09,2.59,34,124,4.6000000000000005,3,5.5976612903225815,2,1,1,0,ca,90815,Los Angeles,1
1186,McDonald,"21836 south avalon blvd, carson, ca, 90745, us",7.79,3.99,3.58,13.99,5.53,2.79,2.89,31,104,4.700000000000001,2,6.915000000000001,2,1,1,0,ca,90745,Los Angeles,1
1187,McDonald,"27618 the old road, valencia, ca, 91355, us",6.99,5.69,4.69,14.29,6.29,3.89,3.69,27,114,4.6000000000000005,380+,7.68736842105263,2,1,1,0,ca,91355,Los Angeles,1
1188,McDonald,"25323 chiquella ln, stevenson ranch, ca, 91381, us",6.59,3.39,2.99,10.39,5.39,1.99,3.49,32,117,4.600000000000001,2,5.648632478632479,2,1,1,0,ca,91381,Los Angeles,1
1189,McDonald,"golden valley and hwy 14, santa clarita, ca, 91387, us",8.39,4.39,3.79,13.89,4.79,2.39,3.19,120,356,4.5,900+,6.873146067415731,2,1,1,0,ca,91387,Los Angeles,1
1190,McDonald,"18850 soledad canyon rd, santa clarita, ca, 91351, us",8.69,5.49,4.69,14.49,6.29,3.99,3.89,28,111,4.600000000000002,3,7.640990990990991,2,1,1,0,ca,91351,Los Angeles,1
1191,McDonald,"27103 mcbean pkwy, santa clarita, ca, 91355, us",6.99,5.69,4.69,14.29,6.29,3.89,3.69,57,230,4.5,800+,7.716086956521738,2,1,1,0,ca,91355,Los Angeles,1
1192,McDonald,"23110, valencia, ca, 91355, us",6.99,5.69,4.69,14.29,6.29,3.89,3.69,28,115,4.600000000000001,1,7.634347826086957,2,1,1,0,ca,91355,Los Angeles,1
1193,McDonald,"600 redwood hwy, mill valley, ca, 94941, us",8.19,3.69,3.49,15.29,5.09,2.54,2.89,24,131,4.5,900+,7.491450381679389,2,1,1,0,ca,94941,Marin,1
1194,McDonald,"2114 4th st, san rafael, ca, 94901, us",8.29,4.39,4.39,12.99,4.99,2.49,3.49,44,130,4.5,480+,6.512769230769231,2,1,1,0,ca,94901,Marin,1
1195,McDonald,"190 merrydale rd, san rafael, ca, 94903, us",8.29,4.39,4.39,12.99,4.99,2.49,3.49,45,131,4.7,1,6.5293893129771,2,1,1,0,ca,94903,Marin,1
1196,McDonald,"969 east francisco blvd., san rafael, ca, 94901, us",,3.76,3.24,,,,,28,73,4.6000000000000005,800+,5.634794520547945,2,1,1,0,ca,94901,Marin,1
1197,McDonald,"5600 nave dr, novato, ca, 94949, us",8.29,4.39,4.39,12.99,4.99,2.49,,45,132,4.7,700+,6.531363636363637,2,1,1,0,ca,94949,Marin,1
1198,McDonald,"981 lakeville hwy, petaluma, ca, 94952, us",,,,,,2.29,3.29,28,125,4.399999999999999,450+,5.168320000000001,2,1,1,0,ca,94952,Marin,1
1199,McDonald,"155 kern st, salinas, ca, 93905, us",6.99,3.89,3.23,11.19,4.99,2.19,2.19,43,134,4.399999999999999,270+,6.020970149253731,2,1,1,0,ca,93905,Monterey,1
1200,McDonald,"1213 s main st, salinas, ca, 93901, us",6.99,3.79,3.59,11.69,4.99,2.09,2.59,36,118,4.600000000000001,450+,5.725254237288137,2,1,1,0,ca,93901,Monterey,1
1201,McDonald,"608 williams rd, salinas, ca, 93905, us",6.89,4.29,3.64,11.29,4.99,2.19,1.99,42,129,4.3999999999999995,500+,6.055348837209302,2,1,1,0,ca,93905,Monterey,1
1202,McDonald,"975 e blanco rd, salinas, ca, 93901, us",,,,,,,,20,90,4.600000000000001,260+,12.560222222222222,2,1,1,0,ca,93901,Monterey,1
1203,McDonald,"301 e 1st st, santa ana, ca, 92701, us",6.49,3.59,3.59,14.19,5.39,,2.29,41,106,4.600000000000001,1,6.898490566037736,2,1,1,0,ca,92701,Orange,1
1204,McDonald,"1011 e 17th st, santa ana, ca, 92706, us",6.49,3.69,3.29,13.69,5.29,2.89,2.29,49,118,4.399999999999999,1,6.452711864406781,2,1,1,0,ca,92706,Orange,1
1205,McDonald,"1100 s grand ave, santa ana, ca, 92705, us",6.99,3.39,3.19,13.29,4.89,2.29,2.59,36,117,4.600000000000001,2,5.905555555555558,2,1,1,0,ca,92705,Orange,1
1206,McDonald,"1526 w edinger ave, santa ana, ca, 92704, us",6.99,3.39,3.19,13.49,5.19,2.29,2.59,36,115,4.5,3,5.9840869565217405,2,1,1,0,ca,92704,Orange,1
1207,McDonald,"2300 s. main street, santa ana, ca, 92707, us",6.99,3.39,3.19,13.29,4.89,2.29,2.59,35,115,4.5,2,5.948434782608697,2,1,1,0,ca,92707,Orange,1
1208,McDonald,"119 west ball road, anaheim, ca, 92805-6045, us",6.89,3.89,3.19,13.79,5.19,3.39,2.99,35,106,4.5,2,6.5796226415094345,2,1,1,0,ca,92805,Orange,1
1209,McDonald,"740 n. euclid st., anaheim, ca, 92801-4115, us",7.19,3.59,3.19,13.79,5.29,3.39,3.09,80,214,4.399999999999999,2,6.5582242990654205,2,1,1,0,ca,92801,Orange,1
1210,McDonald,"1100 north state college blvd, anaheim, ca, 92806, us",6.89,3.19,2.89,13.69,4.69,3.39,2.89,34,101,4.5,2,6.438514851485148,2,1,1,0,ca,92806,Orange,1
1211,McDonald,"1810 s state college blvd, anaheim, ca, 92805, us",7.19,3.39,2.99,14.69,5.19,3.39,3.19,41,211,4.549763033175356,1,6.649668246445496,2,1,1,0,ca,92805,Orange,1
1212,McDonald,"1341 s brookhurst rd, fullerton, ca, 92833, us",7.19,3.99,3.59,12.69,4.79,3.29,2.99,26,121,4.5,2,6.030495867768596,2,1,1,0,ca,92833,Orange,1
1213,McDonald,"770 w chapman ave, placentia, ca, 92870, us",6.99,3.19,2.89,13.99,4.79,3.39,3.29,36,103,4.600000000000002,1,6.411359223300972,2,1,1,0,ca,92870,Orange,1
1214,McDonald,"7899 walerga rd, antelope, ca, 95843, us",8.19,4.39,3.49,11.99,5.79,1.89,1.99,37,138,4.3,900+,7.460652173913043,2,1,1,0,ca,95843,Sacramento,1
1215,McDonald,"5301 elkhorn blvd, sacramento, ca, 95842, us",7.59,4.29,4.19,12.19,5.69,1.89,,34,129,4.199999999999999,500+,7.373333333333332,2,1,1,0,ca,95842,Sacramento,1
1216,McDonald,"120 harding blvd, roseville, ca, 95678, us",8.49,4.29,3.69,13.99,5.37,2.69,2.11,45,130,4.3999999999999995,210+,6.143461538461538,2,1,1,0,ca,95678,Placer,1
1217,McDonald,"3994 foothills blvd, roseville, ca, 95747, us",7.79,3.89,3.59,12.88,5.09,1.79,2.39,44,138,4.399999999999999,440+,7.691449275362319,2,1,1,0,ca,95747,Placer,1
1218,McDonald,"1300 east, roseville, ca, 95661, us",,4.39,,,,,,23,105,4.5,120+,10.339238095238095,2,1,1,0,ca,95661,Placer,1
1219,McDonald,"13370 lincoln way, auburn, ca, 95603, us",7.79,3.49,3.39,12.99,5.39,2.19,2.49,43,129,4.699999999999999,69,6.0490697674418605,2,1,1,0,ca,95603,Placer,1
1220,McDonald,"2865 bell rd, auburn, ca, 95603, us",7.79,3.49,3.29,12.99,5.79,2.69,2.79,40,132,3.8000000000000003,50,6.590378787878788,2,1,1,0,ca,95603,Placer,1
1221,McDonald,"4211 sierra college blvd, rocklin, ca, 95650, us",7.79,3.39,3.29,12.99,5.19,2.19,2.49,48,134,4.199999999999999,160+,5.974402985074627,2,1,1,0,ca,95650,Placer,1
1222,McDonald,"2172 sunset blvd, rocklin, ca, 95765, us",8.49,3.99,3.49,11.49,5.59,1.59,2.29,36,136,4.5,500+,6.3004411764705885,2,1,1,0,ca,95765,Placer,1
1223,McDonald,"2242 university ave, riverside, ca, 92507, us",7.19,4.09,3.69,12.79,4.99,3.29,3.09,70,436,4.6000000000000005,3,5.946422018348625,2,1,1,0,ca,92507,Riverside,1
1224,McDonald,"2246 iowa avenue, riverside, ca, 92507, us",8.19,4.99,4.89,13.19,6.39,2.89,3.09,40,108,4.399999999999999,2,6.615833333333335,2,1,1,0,ca,92507,Riverside,1
1225,McDonald,"6815 valley way, rubidoux, ca, 92509, us",7.49,4.29,3.89,13.19,5.09,3.29,2.89,27,118,4.399999999999999,1,6.0332203389830505,2,1,1,0,ca,92509,Riverside,1
1226,McDonald,"7474 indiana street, riverside, ca, 92504, us",9.07,5.39,3.99,17.7,5.89,3.71,3.79,39,116,4.299999999999999,800+,8.090172413793104,2,1,1,0,ca,92504,Riverside,1
1227,McDonald,"5425 arlington avenue, riverside, ca, 92504, us",9.07,5.39,3.99,17.7,5.89,3.71,3.79,43,115,4.399999999999999,1,7.83,2,1,1,0,ca,92504,Riverside,1
1228,McDonald,"4407 brockton ave, riverside, ca, 92501, us",,,,,,,,13,96,4.3999999999999995,500+,7.326458333333334,2,1,1,0,ca,92501,Riverside,1
1229,McDonald,"64 e ramona expy, perris, ca, 92571, us",8.19,4.99,4.89,13.19,6.39,2.89,3.29,85,227,4.2493392070484575,1,6.603568281938325,2,1,1,0,ca,92571,Riverside,1
1230,McDonald,"24440 alessandro blvd, moreno valley, ca, 92553, us",9.07,5.27,3.98,17.5,5.77,3.61,3.62,38,122,4.299999999999998,1,8.105,2,1,1,0,ca,92553,Riverside,1
1231,McDonald,"23831 sunnymead blvd, moreno valley, ca, 92553, us",9.19,5.39,3.99,17.7,5.89,3.71,3.79,45,124,4.299999999999998,1,8.261451612903226,2,1,1,0,ca,92553,Riverside,1
1232,McDonald,"22580 cactus ave, moreno valley, ca, 92553, us",,,,,,,,13,38,4.699999999999998,130+,6.900789473684211,2,1,1,0,ca,92553,Riverside,1
1233,McDonald,"25280 madison ave, murrieta, ca, 92562, us",6.99,3.34,2.99,12.25,5.23,2.8,2.39,35,111,4.600000000000002,200+,6.506756756756759,2,1,1,0,ca,92562,Riverside,1
1234,McDonald,"40605 california oaks road, murrieta, ca, 92562, us",6.79,3.34,2.99,12.25,5.23,2.8,2.39,38,114,4.5,700+,6.462017543859651,2,1,1,0,ca,92562,Riverside,1
1235,McDonald,"39888 los alamos rd, murrieta, ca, 92562, us",6.99,3.34,2.99,12.25,5.23,2.8,2.39,37,114,4.5,800+,6.460175438596491,2,1,1,0,ca,92562,Riverside,1
1236,McDonald,"23819 clinton keith rd, wildomar, ca, 92595, us",7.07,3.34,2.99,12.25,5.23,2.8,2.39,36,111,4.600000000000002,1,6.5465765765765775,2,1,1,0,ca,92595,Riverside,1
1237,McDonald,"200 richards blvd, sacramento, ca, 95811, us",8.69,3.79,3.49,13.29,5.29,1.99,2.79,72,293,4.3999999999999995,1,8.433686006825939,2,1,1,0,ca,95811,Sacramento,1
1238,McDonald,"3006 k st, sacramento, ca, 95816, us",8.69,3.79,3.49,13.29,5.29,1.99,2.79,35,142,4.399999999999998,2,8.522112676056338,2,1,1,0,ca,95816,Sacramento,1
1239,McDonald,"2331 broadway, sacramento, ca, 95818, us",8.69,3.79,3.49,13.29,5.29,1.99,2.79,36,145,4.3,1,8.434827586206898,2,1,1,0,ca,95818,Sacramento,1
1240,McDonald,"1700 w capitol ave, west sacramento, ca, 95691-2520, us",7.39,3.99,3.99,10.89,4.59,1.89,3.49,15,120,4.299999999999999,370+,5.763333333333334,2,1,1,0,ca,95691,Yolo,1
1241,McDonald,"2985 freeport blvd, sacramento, ca, 95818, us",8.69,3.79,3.49,13.29,5.29,1.99,2.79,39,147,4.5,500+,8.39748299319728,2,1,1,0,ca,95818,Sacramento,1
1242,McDonald,"2729 w capitol ave, west sacramento, ca, 95691, us",7.39,3.99,3.99,10.89,4.59,1.89,3.49,15,125,4.399999999999999,200+,6.0156,2,1,1,0,ca,95691,Yolo,1
1243,McDonald,"8282 laguna blvd, elk grove, ca, 95758, us",7.89,4.39,3.69,14.79,5.49,1.89,2.49,35,127,4.399999999999998,260+,8.951259842519688,2,1,1,0,ca,95758,Sacramento,1
1244,McDonald,"8710, elk grove, ca, 95624, us",7.99,4.29,3.69,14.79,5.49,,2.49,38,131,4.399999999999999,490+,8.855496183206109,2,1,1,0,ca,95624,Sacramento,1
1245,McDonald,"7527 laguna blvd, elk grove, ca, 95758, us",7.99,4.29,3.69,14.79,5.49,1.89,2.49,40,129,4.5,600+,8.707596899224807,2,1,1,0,ca,95758,Sacramento,1
1246,McDonald,"8361 sheldon road, suite 100, elk grove, ca, 95624, us",7.89,4.29,3.69,14.79,5.49,1.89,2.49,34,127,4.600000000000001,230+,9.17204724409449,2,1,1,0,ca,95624,Sacramento,1
1247,McDonald,"10051 bruceville road, elk grove, ca, 95757, us",7.99,4.39,3.69,14.79,5.49,1.89,2.49,39,128,4.5,490+,8.978124999999999,2,1,1,0,ca,95757,Sacramento,1
1248,McDonald,"8220 calvine rd., sacramento, ca, 95828, us",7.99,4.39,3.69,14.79,5.49,1.89,2.49,36,130,4.5,360+,8.866769230769231,2,1,1,0,ca,95828,Sacramento,1
1249,McDonald,"699 2nd st, san bernardino, ca, 92410, us",,,,,,2.39,2.39,35,121,4.399999999999999,1,5.004380165289256,2,1,1,0,ca,92410,San Bernardino,1
1250,McDonald,"568 s mt vernon ave, san bernardino, ca, 92410, us",,,,,,2.39,2.39,33,120,4.3999999999999995,1,5.104833333333334,2,1,1,0,ca,92410,San Bernardino,1
1251,McDonald,"1208 n. mt. vernon blvd, san bernardino, ca, 92411, us",,,,,,2.39,2.21,32,121,4.299999999999999,1,5.120495867768596,2,1,1,0,ca,92411,San Bernardino,1
1252,McDonald,"718 w highland ave, san bernardino, ca, 92405, us",,,,,,2.39,2.39,34,120,4.3999999999999995,2,5.068166666666667,2,1,1,0,ca,92405,San Bernardino,1
1253,McDonald,"100 e redlands blvd, san bernardino, ca, 92408, us",8.19,4.59,3.69,14.59,6.09,2.99,3.79,26,126,4.399999999999998,1,6.924444444444445,2,1,1,0,ca,92408,San Bernardino,1
1254,McDonald,"1575 e highland ave, san bernardino, ca, 92404, us",7.39,4.59,2.89,11.49,4.59,3.49,2.5,34,111,4.100000000000002,3,6.134054054054055,2,1,1,0,ca,92404,San Bernardino,1
1255,McDonald,"nwc roy rogers &amp; la paz plz, victorville, ca, 92395, us",7.69,4.79,2.99,11.19,4.99,,2.43,36,116,4.299999999999999,1,6.073362068965517,2,1,1,0,ca,92395,San Bernardino,1
1256,McDonald,"14526 palmdale rd, victorville, ca, 92392, us",7.89,4.68,2.89,11.59,5.19,3.49,2.65,31,114,4.399999999999999,1,6.080964912280701,2,1,1,0,ca,92392,San Bernardino,1
1257,McDonald,"12146 mariposa rd, victorville, ca, 92395, us",7.89,4.68,2.89,11.99,5.18,3.49,2.64,39,118,4.299999999999999,1,6.080254237288135,2,1,1,0,ca,92395,San Bernardino,1
1258,McDonald,"16670 bear valley road, victorville, ca, 92395, us",7.39,4.29,2.89,10.45,4.99,3.49,2.38,29,118,4.299999999999999,100+,5.7016949152542376,2,1,1,0,ca,92395,San Bernardino,1
1259,McDonald,"13625 bear valley rd, victorville, ca, 92392, us",8.29,4.29,3.89,14.79,6.19,2.99,3.89,27,126,4.399999999999998,1,6.961746031746032,2,1,1,0,ca,92392,San Bernardino,1
1260,McDonald,"12254 palmdale road, victorville, ca, 92392, us",8.49,4.49,3.79,14.69,6.09,2.99,3.59,23,119,4.3,2,7.055042016806723,2,1,1,0,ca,92392,San Bernardino,1
1261,McDonald,"1260 park blvd, san diego, ca, 92101, us",7.99,4.49,3.79,13.49,5.69,2.99,3.49,38,114,4.5,9,7.876842105263157,2,1,1,0,ca,92101,San Diego,1
1262,McDonald,"1414 university ave, san diego, ca, 92103, us",9.29,5.29,4.49,15.49,6.29,3.29,3.79,27,121,4.5,4,7.076859504132231,2,1,1,0,ca,92103,San Diego,1
1263,McDonald,"2796 main st, san diego, ca, 92113, us",8.48,4.49,3.29,14.19,5.99,3.19,2.79,21,119,4.5,3,6.840084033613445,2,1,1,0,ca,92113,San Diego,1
1264,McDonald,"2345 el cajon blvd., san diego, ca, 92104, us",7.99,4.49,3.79,13.49,5.69,2.99,3.49,33,106,4.600000000000001,5,8.08056603773585,2,1,1,0,ca,92104,San Diego,1
1265,McDonald,"3805 midway dr, san diego, ca, 92110-5209, us",7.99,3.99,3.75,13.87,5.79,2.59,2.99,22,115,4.5,5,9.026521739130434,2,1,1,0,ca,92110,San Diego,1
1266,McDonald,"725 e st, chula vista, ca, 91910, us",6.99,3.79,3.39,12.59,5.29,2.19,2.69,42,121,4.399999999999999,700+,5.625123966942149,2,1,1,0,ca,91910,San Diego,1
1267,McDonald,"3400 highland ave, chula vista, ca, 91950, us",8.48,4.39,2.89,13.59,5.79,2.89,2.79,33,118,4.5,500+,6.681186440677966,2,1,1,0,ca,91950,San Diego,1
1268,McDonald,"619 broadway, chula vista, ca, 91910, us",8.59,4.49,3.99,13.79,5.5,3.29,3.59,23,117,4.600000000000001,900+,6.991367521367521,2,1,1,0,ca,91910,San Diego,1
1269,McDonald,"1110 3rd ave, chula vista, ca, 91911, us",6.99,3.99,3.59,11.89,5.29,2.19,2.63,41,123,4.5,1,5.625691056910569,2,1,1,0,ca,91911,San Diego,1
1270,McDonald,"1630 highland ave, national city, ca, 91950, us",8.48,4.39,3.29,13.89,5.89,2.89,2.79,34,120,4.5,1,6.7379999999999995,2,1,1,0,ca,91950,San Diego,1
1271,McDonald,"2140 plaza blvd., national city, ca, 91950, us",8.48,4.39,3.29,13.89,5.89,2.89,2.79,34,120,4.5,2,6.783833333333333,2,1,1,0,ca,91950,San Diego,1
1272,McDonald,"137 canyon dr, oceanside, ca, 92054, us",6.99,3.39,2.89,12.99,4.91,2.99,2.33,46,117,4.600000000000001,700+,5.832222222222223,2,1,1,0,ca,92054,San Diego,1
1273,McDonald,"1701, oceanside, ca, 92054, us",6.49,3.29,2.89,12.89,4.79,2.99,2.49,32,118,4.700000000000003,800+,5.717627118644066,2,1,1,0,ca,92054,San Diego,1
1274,McDonald,"2185 vista way, oceanside, ca, 92054, us",6.99,3.19,2.89,12.99,4.89,2.99,2.49,39,117,4.700000000000003,600+,5.87051282051282,2,1,1,0,ca,92054,San Diego,1
1275,McDonald,"3720 mission ave, oceanside, ca, 92058, us",,,,,,2.99,2.39,40,111,4.600000000000002,700+,4.646756756756758,2,1,1,0,ca,92058,San Diego,1
1276,McDonald,"185 old grove rd., oceanside, ca, 92057, us",,,,,,2.99,2.33,40,114,4.5,800+,4.601403508771931,2,1,1,0,ca,92057,San Diego,1
1277,McDonald,"4151 oceanside blvd, oceanside, ca, 92056, us",,,,,,2.99,2.29,37,113,4.700000000000001,1,4.631592920353983,2,1,1,0,ca,92056,San Diego,1
1278,McDonald,"1100 fillmore st, san francisco, ca, 94115, us",,,,,,2.29,2.99,42,123,4.6000000000000005,10,5.436178861788618,2,1,1,0,ca,94115,San Francisco,1
1279,McDonald,"441 sutter st, san francisco, ca, 94108, us",,,,,,2.89,2.99,38,208,4.6000000000000005,10,5.835961538461539,2,1,1,0,ca,94108,San Francisco,1
1280,McDonald,"302 potrero avenue, san francisco, ca, 94103, us",,,,,,2.89,2.89,40,236,4.6000000000000005,6,5.304237288135593,2,1,1,0,ca,94103,San Francisco,1
1281,McDonald,"609 market st, san francisco, ca, 94105-3301, us",,,,,,2.29,2.89,42,123,4.5,7,5.38430894308943,2,1,1,0,ca,94105,San Francisco,1
1282,McDonald,"2801 mission st, san francisco, ca, 94110, us",,,,,,2.89,2.99,40,238,4.6000000000000005,3,5.26109243697479,2,1,1,0,ca,94110,San Francisco,1
1283,McDonald,"345 bay shore blvd, san francisco, ca, 94124, us",,,,,,2.89,2.99,52,238,4.6000000000000005,5,5.25310924369748,2,1,1,0,ca,94124,San Francisco,1
1284,McDonald,"1201 ocean ave, san francisco, ca, 94112-1830, us",8.19,4.39,3.59,13.69,5.49,2.29,2.89,91,250,4.6,7,5.731520000000001,2,1,1,0,ca,94112,San Francisco,1
1285,McDonald,"5454 mission st, san francisco, ca, 94112, us",8.29,3.49,2.99,16.09,5.29,2.89,2.99,52,251,4.6000000000000005,4,6.661474103585657,2,1,1,0,ca,94112,San Francisco,1
1286,McDonald,"322 s center st, stockton, ca, 95203, us",,,,,,1.89,2.49,39,122,4.100000000000001,360+,5.709344262295081,2,1,1,0,ca,95203,San Joaquin,1
1287,McDonald,"1423 n center st, stockton, ca, 95202, us",,,,,,1.89,2.49,37,120,4.299999999999999,410+,5.708833333333333,2,1,1,0,ca,95202,San Joaquin,1
1288,McDonald,"1009 n wilson way, stockton, ca, 95205-4217, us",,,,,,1.89,2.49,38,122,4.299999999999998,390+,5.744590163934426,2,1,1,0,ca,95205,San Joaquin,1
1289,McDonald,"611 w charter way, stockton, ca, 95206, us",,,,,,1.89,2.49,38,123,4.200000000000002,700+,5.708373983739836,2,1,1,0,ca,95206,San Joaquin,1
1290,McDonald,"4515 pacific ave, stockton, ca, 95207, us",,,,,,1.89,2.49,37,120,4.299999999999999,450+,5.711333333333332,2,1,1,0,ca,95207,San Joaquin,1
1291,McDonald,"563 carolyn weston blvd, stockton, ca, 95206, us",,,,,,2.29,2.49,37,120,3.799999999999999,43,5.747166666666667,2,1,1,0,ca,95206,San Joaquin,1
1292,McDonald,"275 madonna rd (#2), san luis obispo, ca, 93405, us",,,,,,2.29,2.79,33,123,4.6000000000000005,3,5.062764227642277,2,1,1,0,ca,93405,San Luis Obispo,1
1293,McDonald,"350 five cities drive, pismo beach, ca, 93449, us",,,,,,1.99,2.29,39,127,4.799999999999996,270+,4.736377952755906,2,1,1,0,ca,93449,San Luis Obispo,1
1294,McDonald,"1550 grand ave, grover beach, ca, 93433, us",,,,,,2.29,2.59,37,124,4.5,500+,5.014112903225806,2,1,1,0,ca,93433,San Luis Obispo,1
1295,McDonald,"780 quintana rd, morro bay, ca, 93442, us",,,,,,2.29,2.49,32,123,4.700000000000002,260+,4.93918699186992,2,1,1,0,ca,93442,San Luis Obispo,1
1296,McDonald,"410 grand ave po box 306, arroyo grande, ca, 93420, us",,,,,,2.29,2.69,39,123,4.6000000000000005,150+,5.078943089430894,2,1,1,0,ca,93420,San Luis Obispo,1
1297,McDonald,"6300 morro rd, atascadero, ca, 93422, us",,,,,,1.99,2.29,38,123,4.799999999999998,170+,4.719105691056912,2,1,1,0,ca,93422,San Luis Obispo,1
1298,McDonald,"1420 el camino real, san mateo, ca, 94402, us",,,,,,2.09,1.99,20,126,4.700000000000003,3,4.21888888888889,2,1,1,0,ca,94402,San Mateo,1
1299,McDonald,"522 el camino real, belmont, ca, 94002-2121, us",,,,,,1.69,,16,125,4.700000000000003,1,4.592320000000001,2,1,1,0,ca,94002,San Mateo,1
1300,McDonald,"1101 triton dr, foster city, ca, 94404, us",,,,,,2.19,1.99,21,125,4.6000000000000005,2,4.25752,2,1,1,0,ca,94404,San Mateo,1
1301,McDonald,"381 s airport blvd, south san francisco, ca, 94080, us",,,,,,2.29,3.39,34,125,4.399999999999999,1,5.1995200000000015,2,1,1,0,ca,94080,San Mateo,1
1302,McDonald,"587 el camino real, south san francisco, california, south san franc, ca, 94080, us",,,,,,2.29,3.39,39,124,4.6000000000000005,1,5.237500000000001,2,1,1,0,ca,94080,San Mateo,1
1303,McDonald,"180 el camino real, san carlos, ca, 94070, us",,,,,,1.79,,17,124,4.700000000000002,700+,4.632661290322582,2,1,1,0,ca,94070,San Mateo,1
1304,McDonald,"2450 junipero serra blvd, daly city, ca, 94015-1632, us",8.49,4.49,4.39,14.29,5.69,2.29,3.19,40,123,4.6000000000000005,3,6.000487804878048,2,1,1,0,ca,94015,San Mateo,1
1305,McDonald,"505 serramonte blvd, daly city, ca, 94015-4372, us",7.89,4.19,3.79,13.39,4.99,2.29,3.19,84,256,4.44921875,1,6.686484375000001,2,1,1,0,ca,94015,San Mateo,1
1306,McDonald,"125 monterey rd, pacifica, ca, 94044-1332, us",7.69,3.59,3.29,12.39,4.59,1.79,,27,132,4.7,600+,5.490833333333333,2,1,1,0,ca,94044,San Mateo,1
1307,McDonald,"2750 geneva ave, daly city, ca, 94014-1521, us",8.79,3.69,3.49,16.29,5.59,2.29,3.19,22,131,4.7,2,7.65473282442748,2,1,1,0,ca,94014,San Mateo,1
1308,McDonald,"1407 bradley rd, santa maria, ca, 93454, us",7.09,3.49,3.29,12.79,4.59,1.99,2.29,44,129,4.6000000000000005,360+,5.98906976744186,2,1,1,0,ca,93454,Santa Barbara,1
1309,McDonald,"1710 s broadway, santa maria, ca, 93454, us",6.59,4.29,3.89,11.69,4.89,2.09,2.89,41,127,4.399999999999998,76,5.6192125984251975,2,1,1,0,ca,93454,Santa Barbara,1
1310,McDonald,"2280 skyway dr, santa maria, ca, 93455, us",6.59,4.49,4.29,11.69,5.09,2.09,2.89,42,127,4.600000000000001,150+,5.611889763779528,2,1,1,0,ca,93455,Santa Barbara,1
1311,McDonald,"29 north milpas street, santa barbara, ca, 93103, us",7.19,4.59,4.19,12.89,5.59,1.79,2.89,43,116,4.700000000000002,1,6.435689655172416,2,1,1,0,ca,93103,Santa Barbara,1
1312,McDonald,"1906 cliff dr, santa barbara, ca, 93109, us",6.99,3.99,3.89,12.79,5.79,1.79,2.99,33,118,4.600000000000001,1,6.190847457627119,2,1,1,0,ca,93109,Santa Barbara,1
1313,McDonald,"146 s fairview blvd, santa barbara, ca, 93117, us",7.19,4.19,3.79,13.39,4.99,1.99,2.59,45,127,4.700000000000004,600+,6.0262204724409445,2,1,1,0,ca,93117,Santa Barbara,1
1314,McDonald,"6900 marketplace drive, goleta, ca, 93117, us",7.19,4.19,3.79,13.39,4.99,1.99,2.59,42,124,4.700000000000002,1,6.055241935483871,2,1,1,0,ca,93117,Santa Barbara,1
1315,McDonald,"3940 state street, santa barbara, ca, 93110, us",6.89,4.29,4.09,12.59,5.19,1.79,2.59,30,116,4.700000000000002,900+,6.058103448275862,2,1,1,0,ca,93110,Santa Barbara,1
1316,McDonald,"1115 casitas pass road, carpinteria, ca, 93013, us",6.26,3.39,3.19,10.21,3.49,1.69,2.29,10,120,4.6,360+,4.823666666666666,2,1,1,0,ca,93013,Santa Barbara,1
1317,McDonald,"1299 e santa clara st, san jose, ca, 95116, us",6.89,3.79,3.19,11.29,5.19,2.19,2.69,29,134,4.5,2,5.817611940298507,2,1,1,0,ca,95116,Santa Clara,1
1318,McDonald,"777 story rd, san jose, ca, 95122, us",7.49,4.29,3.39,12.29,5.09,2.19,2.99,25,128,4.5,600+,5.890546875,2,1,1,0,ca,95122,Santa Clara,1
1319,McDonald,"1398 w. san carlos, san jose, ca, 95126, us",8.79,4.19,3.69,14.69,5.69,2.29,3.29,37,128,4.700000000000001,2,5.996718749999999,2,1,1,0,ca,95126,Santa Clara,1
1320,McDonald,"2191 monterey highway, san jose, ca, 95125, us",8.89,3.99,3.69,14.99,5.69,2.29,3.29,33,127,4.600000000000001,700+,5.917952755905511,2,1,1,0,ca,95125,Santa Clara,1
1321,McDonald,"2353 mckee rd, san jose, ca, 95133, us",7.3,3.47,2.59,12.59,4.99,2.19,2.39,34,120,4.6,1,5.839333333333333,2,1,1,0,ca,95133,Santa Clara,1
1322,McDonald,"585 tully rd, san jose, ca, 95112-1920, us",7.39,4.49,3.39,12.19,4.79,2.09,2.89,27,127,4.600000000000001,390+,5.959842519685041,2,1,1,0,ca,95112,Santa Clara,1
1323,McDonald,"556 e el camino real, sunnyvale, ca, 94087, us",7.69,3.49,4.19,12.39,4.47,1.79,,26,127,4.700000000000004,1,5.581023622047246,2,1,1,0,ca,94087,Santa Clara,1
1324,McDonald,"696 n mathilda ave, sunnyvale, ca, 94085, us",8.99,4.29,3.79,15.29,5.69,2.29,3.39,38,126,4.700000000000003,1,5.9596825396825395,2,1,1,0,ca,94085,Santa Clara,1
1325,McDonald,"10990 n stelling rd, cupertino, ca, 95014, us",7.69,3.49,4.19,12.39,4.47,1.79,,26,124,4.799999999999998,1,5.594274193548388,2,1,1,0,ca,95014,Santa Clara,1
1326,McDonald,"550 lawrence expy, sunnyvale, ca, 94085, us",10.38,4.98,4.03,16.05,6.73,2.28,3.63,42,138,4.600000000000001,2,6.517826086956522,2,1,1,0,ca,94085,Santa Clara,1
1327,McDonald,"3509 home stead rd, santa clara, ca, 95051, us",8.99,4.69,3.79,14.89,5.69,2.29,3.39,36,126,4.700000000000003,900+,5.980476190476191,2,1,1,0,ca,95051,Santa Clara,1
1328,McDonald,"2850 augustine dr, santa clara, ca, 95054, us",10.38,4.98,4.03,16.05,6.73,2.37,3.63,38,131,4.399999999999999,900+,6.540839694656489,2,1,1,0,ca,95054,Santa Clara,1
1329,McDonald,"1421 mission st, santa cruz, ca, 95060-4738, us",8.39,3.99,3.49,13.29,4.99,2.68,2.49,36,128,4.700000000000001,1,6.474609375,2,1,1,0,ca,95060,Santa Cruz,1
1330,McDonald,"1210 ocean ave, santa cruz, ca, 95060, us",8.39,4.19,3.49,13.29,4.99,2.68,2.59,41,131,4.7,800+,6.454885496183207,2,1,1,0,ca,95060,Santa Cruz,1
1331,McDonald,"259 mount hermon rd, scotts valley, ca, 95066, us",8.39,3.99,3.49,13.29,4.99,2.29,2.49,38,127,4.700000000000004,300+,6.325433070866142,2,1,1,0,ca,95066,Santa Cruz,1
1332,McDonald,"1760 41st ave, capitola, ca, 95010-2503, us",8.39,3.99,3.49,13.29,4.99,2.29,2.49,41,133,4.600000000000001,1,6.277218045112782,2,1,1,0,ca,95010,Santa Cruz,1
1333,McDonald,"1459 main st, watsonville, ca, 95076, us",8.39,3.73,3.38,14.79,4.99,2.19,2.17,47,139,4.3999999999999995,230+,7.16410071942446,2,1,1,0,ca,95076,Santa Cruz,1
1334,McDonald,"1598 freedom blvd, watsonville, ca, 95076, us",8.22,3.69,3.38,14.79,4.99,2.19,2.17,44,137,4.5,180+,7.281240875912409,2,1,1,0,ca,95076,Santa Cruz,1
1335,McDonald,"3289 sonoma blvd, vallejo, ca, 94590, us",8.59,3.89,3.49,13.29,4.99,2.29,2.69,35,142,4.5,1,8.215704225352113,2,1,1,0,ca,94590,Solano,1
1336,McDonald,"416 e lincoln rd, vallejo, ca, 94591, us",8.29,4.19,3.49,12.29,5.29,2.39,3.19,77,250,4.3,500+,6.27384,2,1,1,0,ca,94591,Solano,1
1337,McDonald,"170 lincoln rd e, vallejo, ca, 94591-8206, us",8.29,4.19,3.59,12.49,5.39,2.39,3.09,42,125,4.5,350+,6.27784,2,1,1,0,ca,94591,Solano,1
1338,McDonald,"2565 springs rd, vallejo, ca, 94591-5612, us",8.19,4.19,3.49,12.29,5.39,2.39,3.09,41,122,4.399999999999999,430+,6.256229508196722,2,1,1,0,ca,94591,Solano,1
1339,McDonald,"902 admiral callaghan ln, vallejo, ca, 94591, us",7.99,4.19,3.59,12.09,5.19,2.39,3.19,42,125,4.700000000000003,500+,6.20904,2,1,1,0,ca,94591,Solano,1
1340,McDonald,"5200 sonoma blvd, vallejo, ca, 94589, us",6.99,3.79,3.59,12.89,4.79,2.09,3.19,38,125,4.5,800+,7.066960000000002,2,1,1,0,ca,94589,Solano,1
1341,McDonald,"699 beck ave, fairfield, ca, 94533, us",8.09,3.59,3.49,13.19,5.29,1.79,2.69,25,129,4.5,170+,6.477984496124032,2,1,1,0,ca,94533,Solano,1
1342,McDonald,"2212 no texas st, fairfield, ca, 94533, us",8.29,3.89,3.49,12.99,4.99,1.99,2.79,36,143,4.5,800+,7.605734265734265,2,1,1,0,ca,94533,Solano,1
1343,McDonald,"3080 travis blvd, fairfield, ca, 94534, us",8.69,3.79,3.49,13.29,5.29,1.99,2.79,36,145,4.5,140+,8.434827586206898,2,1,1,0,ca,94534,Solano,1
1344,McDonald,"101 sunset ave, suisun city, ca, 94585, us",8.69,3.59,3.49,13.19,5.29,1.99,2.59,32,136,4.399999999999999,700+,8.610955882352942,2,1,1,0,ca,94585,Solano,1
1345,McDonald,"3500 nelson rd, fairfield, ca, 94533, us",8.69,3.79,3.49,13.29,5.29,1.99,2.79,67,275,4.3999999999999995,240+,8.526363636363635,2,1,1,0,ca,94533,Solano,1
1346,McDonald,"4400 central pl, fairfield, ca, 94534, us",6.99,3.79,3.59,12.89,4.79,2.09,3.19,39,123,4.700000000000002,190+,7.1574796747967495,2,1,1,0,ca,94534,Solano,1
1347,McDonald,"2642 santa rosa ave, santa rosa, ca, 95407, us",8.39,3.99,3.49,13.29,4.99,2.29,2.49,41,133,4.399999999999999,1,6.233609022556391,2,1,1,0,ca,95407,Sonoma,1
1348,McDonald,"mission blvd, santa rosa, ca, 95409, us",8.39,4.19,3.49,13.29,4.99,2.29,2.49,39,133,4.399999999999999,500+,6.237368421052631,2,1,1,0,ca,95409,Sonoma,1
1349,McDonald,"879 hopper ave, santa rosa, ca, 95403, us",8.59,4.19,3.49,13.49,4.99,2.29,2.49,42,131,4.399999999999999,290+,6.11824427480916,2,1,1,0,ca,95403,Sonoma,1
1350,McDonald,"2521 guerneville rd, santa rosa, ca, 95401, us",8.39,3.99,3.49,13.29,4.99,2.29,2.49,40,132,4.5,470+,6.243787878787878,2,1,1,0,ca,95401,Sonoma,1
1351,McDonald,"6600 commerce blvd, rohnert park, ca, 94928, us",8.99,4.69,3.79,14.39,5.69,2.29,3.29,27,126,4.5,700+,5.87968253968254,2,1,1,0,ca,94928,Sonoma,1
1352,McDonald,"900 9th st, modesto, ca, 95354, us",8.49,4.49,4.19,13.79,5.69,1.99,2.29,39,142,4.5,290+,8.446549295774648,2,1,1,0,ca,95354,Stanislaus,1
1353,McDonald,"409 paradise road, modesto, ca, 95351, us",8.49,4.49,4.19,13.79,5.69,1.99,2.29,38,138,4.3,350+,8.592463768115941,2,1,1,0,ca,95351,Stanislaus,1
1354,McDonald,"901 n carpenter rd, modesto, ca, 95358, us",8.49,4.49,4.19,13.79,5.69,1.99,2.29,38,137,4.299999999999999,130+,8.608540145985401,2,1,1,0,ca,95358,Stanislaus,1
1355,McDonald,"2118 mchenry ave, modesto, ca, 95350-3213, us",7.89,3.59,3.39,12.99,4.99,1.89,2.79,42,141,4.3,500+,8.102056737588653,2,1,1,0,ca,95350,Stanislaus,1
1356,McDonald,"801 oakdale ave, modesto, ca, 95355, us",7.99,4.39,3.69,14.79,5.49,1.89,2.49,37,131,4.3,500+,8.837175572519085,2,1,1,0,ca,95355,Stanislaus,1
1357,McDonald,"1324 e hatch rd, ceres, ca, 95351, us",7.79,4.59,3.59,12.79,5.49,2.39,2.59,45,137,4.299999999999999,280+,8.13065693430657,2,1,1,0,ca,95351,Stanislaus,1
1358,McDonald,"1401 e noble ave, visalia, ca, 93292, us",8.09,4.39,3.89,13.19,5.29,1.69,2.29,44,139,4.3999999999999995,700+,7.318129496402879,2,1,1,0,ca,93292,Tulare,1
1359,McDonald,"3636 w mineral king ave, visalia, ca, 93291, us",8.09,4.39,3.89,13.19,5.29,1.69,2.29,43,141,4.3999999999999995,500+,7.154397163120567,2,1,1,0,ca,93291,Tulare,1
1360,McDonald,"3102 ndinuba, visalia, ca, 93291, us",8.09,4.39,3.89,13.19,5.29,1.69,2.29,43,139,4.199999999999999,310+,7.248345323741007,2,1,1,0,ca,93291,Tulare,1
1361,McDonald,"3636 s mooney blvd, visalia, ca, 93277-8019, us",8.09,4.39,3.89,13.19,5.29,1.69,2.29,43,142,4.3,340+,7.171549295774648,2,1,1,0,ca,93277,Tulare,1
1362,McDonald,"5205 w goshen, visalia, ca, 93291, us",8.09,4.39,3.89,13.19,5.29,1.69,2.29,43,139,4.199999999999999,180+,7.248345323741007,2,1,1,0,ca,93291,Tulare,1
1363,McDonald,"5215 w akers / walnut, visalia, ca, 93277, us",8.09,4.39,3.89,13.19,5.29,1.69,2.29,43,139,4.800000000000001,430+,7.248345323741007,2,1,1,0,ca,93277,Tulare,1
1364,McDonald,"401 ventura ave, oxnard, ca, 93030, us",6.49,3.39,3.19,10.29,3.49,1.69,2.59,17,121,4.6000000000000005,1,4.842727272727272,2,1,1,0,ca,93030,Ventura,1
1365,McDonald,"605 s. rose ave., oxnard, ca, 93030, us",6.49,3.39,3.19,10.16,3.69,1.69,2.59,15,121,4.5,420+,4.848925619834711,2,1,1,0,ca,93030,Ventura,1
1366,McDonald,"1711 n, oxnard, ca, 93030, us",6.5,3.39,2.99,10.08,3.69,1.69,2.59,14,117,4.399999999999999,900+,4.914700854700856,2,1,1,0,ca,93030,Ventura,1
1367,McDonald,"1741 pacific ave, oxnard, ca, 93033, us",6.79,3.39,2.69,10.16,3.39,1.69,2.69,16,120,4.3999999999999995,600+,4.9125,2,1,1,0,ca,93033,Ventura,1
1368,McDonald,"2201 n rose ave, oxnard, ca, 93036, us",6.49,3.39,3.19,10.16,3.29,1.69,2.59,18,121,4.700000000000001,700+,4.799090909090909,2,1,1,0,ca,93036,Ventura,1
1369,McDonald,"3120 s saviers rd, oxnard, ca, 93033, us",7.39,3.79,3.79,13.89,4.79,2.39,3.19,31,111,4.5,900+,6.773963963963964,2,1,1,0,ca,93033,Ventura,1
1370,McDonald,"7632 sunrise blvd., citrus heights, ca, 95610, us",7.79,3.89,3.59,12.88,5.09,1.79,2.39,42,139,4.3999999999999995,600+,7.835971223021583,2,1,1,0,ca,95610,Sacramento,1
1371,McDonald,"1515 euclid ave, san diego, ca, 92105, us",8.89,4.39,2.99,14.39,6.09,3.19,2.79,35,119,4.399999999999999,3,6.91327731092437,2,1,1,0,ca,92105,San Diego,1
1372,McDonald,"27776 n mcbean pky, santa clarita, ca, 91354, us",6.99,5.69,4.69,14.29,6.29,3.89,3.69,16,94,4.7,1,8.20595744680851,2,1,1,0,ca,91354,Los Angeles,1
1373,McDonald,"800 riverpoint dr, west sacramento, ca, 95605, us",7.99,3.89,3.39,12.99,4.79,1.89,2.79,42,142,4.399999999999998,440+,8.206760563380282,2,1,1,0,ca,95605,Yolo,1
1374,McDonald,"1101 el camino real, millbrae, ca, 94030, us",6.89,3.39,2.99,10.89,3.99,2.09,2.19,19,128,4.6,4,5.666875000000001,2,1,1,0,ca,94030,San Mateo,1
1375,McDonald,"2110 columbus parkway, benicia, ca, 94510, us",6.89,4.19,3.69,11.79,4.99,2.39,3.79,44,138,4.399999999999999,310+,6.011739130434782,2,1,1,0,ca,94510,Solano,1
1376,McDonald,"40465 winchester rd, temecula, ca, 92591, us",7.69,3.19,2.89,12.49,5.19,2.39,2.39,33,112,4.3999999999999995,600+,6.079642857142857,2,1,1,0,ca,92591,Riverside,1
1377,McDonald,"39196 winchester rd, murrieta, ca, 92563, us",7.69,3.19,2.89,12.49,5.19,2.39,2.39,76,234,4.5,1,6.021623931623932,2,1,1,0,ca,92563,Riverside,1
1378,McDonald,"1248 n blackstone, fresno, ca, 93703, us",7.99,3.59,3.29,12.59,4.79,1.89,2.49,16,130,4.3,500+,5.466307692307693,2,1,1,0,ca,93703,Fresno,1
1379,McDonald,"600 east boranda drive, salinas, ca, 93906, us",7.19,3.99,3.17,10.95,4.89,2.19,2.19,38,129,4.5,500+,5.9327131782945735,2,1,1,0,ca,93906,Monterey,1
1380,McDonald,"1000 real rd, bakersfield, ca, 93309, us",6.49,3.49,2.99,11.39,4.79,1.99,2.29,20,134,4.5,500+,6.407313432835821,2,1,1,0,ca,93309,Kern,1
1381,McDonald,"1365 n main st, salinas, ca, 93906, us",6.99,3.79,3.59,11.69,4.99,2.09,2.59,38,124,4.399999999999999,800+,5.694516129032259,2,1,1,0,ca,93906,Monterey,1
1382,McDonald,"1800 prescott rd, modesto, ca, 95350, us",7.99,3.99,3.39,12.99,4.99,1.89,2.79,42,141,4.3,500+,8.246524822695035,2,1,1,0,ca,95350,Stanislaus,1
1383,McDonald,"16063 foothill blvd, fontana, ca, 92335, us",6.19,4.19,3.89,10.89,4.89,1.99,2.99,44,238,4.299999999999997,4,5.4342016806722695,2,1,1,0,ca,92335,San Bernardino,1
1384,McDonald,"5410 stockdale hwy, bakersfield, ca, 93309, us",6.49,3.49,2.99,11.39,4.79,1.99,2.29,20,135,4.5,700+,6.415333333333333,2,1,1,0,ca,93309,Kern,1
1385,McDonald,"22257 barton rd, grand terrace, ca, 92313, us",7.39,3.99,3.59,13.19,5.49,3.29,3.19,27,118,4.600000000000001,1,6.2306779661016956,2,1,1,0,ca,92313,San Bernardino,1
1386,McDonald,"1201 s mount vernon ave, colton, ca, 92324, us",8.19,4.99,4.89,13.19,6.39,2.89,3.29,41,117,4.200000000000001,490+,6.606410256410255,2,1,1,0,ca,92324,San Bernardino,1
1387,McDonald,"225 w valley blvd, colton, ca, 92324, us",8.19,4.99,4.89,13.19,6.39,2.89,3.29,43,119,4.5,1,6.623277310924371,2,1,1,0,ca,92324,San Bernardino,1
1388,McDonald,"487 college blvd, oceanside, ca, 92057, us",6.99,3.39,2.69,12.99,4.79,2.99,2.02,39,118,4.5,1,5.911949152542374,2,1,1,0,ca,92057,San Diego,1
1389,McDonald,"201 w washington blvd, los angeles, ca, 90015, us",7.99,4.59,2.69,11.79,4.99,3.49,2.29,21,112,4.3999999999999995,6,6.548839285714284,2,1,1,0,ca,90015,Los Angeles,1
1390,McDonald,"1830, long beach, ca, 90806, us",,4.99,4.29,,5.69,2.89,3.99,43,109,4.299999999999999,1,7.227614678899082,2,1,1,0,ca,90806,Los Angeles,1
1391,McDonald,"221 e alessandro, riverside, ca, 92508, us",8.79,4.09,3.99,13.99,4.39,2.39,2.79,17,114,4.5,1,6.938684210526316,2,1,1,0,ca,92508,Riverside,1
1392,McDonald,"10143 sierra ave, fontana, ca, 92335, us",8.79,4.09,3.99,13.99,4.39,2.39,2.79,19,117,4.399999999999999,3,6.875384615384615,2,1,1,0,ca,92335,San Bernardino,1
1393,McDonald,"18988, sonoma, ca, 95476, us",8.49,4.49,4.29,14.39,5.69,2.29,3.49,30,122,4.399999999999999,210+,6.102295081967214,2,1,1,0,ca,95476,Sonoma,1
1394,McDonald,"4419 waterloo road, stockton, ca, 95215, us",7.79,4.29,3.69,14.79,5.49,1.89,2.49,38,132,4.399999999999999,280+,8.893636363636364,2,1,1,0,ca,95215,San Joaquin,1
1395,McDonald,"1500 s harbor blvd, anaheim, ca, 92802, us",7.49,3.79,3.09,15.59,5.99,3.59,3.19,29,94,4.399999999999998,2,7.116489361702129,2,1,1,0,ca,92802,Orange,1
1396,McDonald,"17017 sierra lakes pkwy., fontana, ca, 92336, us",7.69,3.99,3.49,13.29,5.36,2.49,3.19,84,363,4.5,2,6.054628099173554,2,1,1,0,ca,92336,San Bernardino,1
1397,McDonald,"2891 canyon springs parkway, riverside, ca, 92507, us",9.09,5.39,3.99,17.7,5.89,3.71,3.79,40,109,4.200000000000001,1,8.25467889908257,2,1,1,0,ca,92507,Riverside,1
1398,McDonald,"6710 stanford ranch rd, roseville, ca, 95678, us",8.59,3.99,3.49,11.59,5.59,1.69,2.17,35,137,4.5,500+,6.342992700729927,2,1,1,0,ca,95678,Placer,1
1399,McDonald,"230 e pacific coast hwy, wilmington, ca, 90744, us",7.19,3.59,3.39,13.19,5.09,2.59,,38,118,4.600000000000001,4,6.118135593220339,2,1,1,0,ca,90744,Los Angeles,1
1400,McDonald,"931 sepulveda blvd, torrance, ca, 90502, us",7.59,3.82,3.58,14.69,5.53,2.79,2.89,38,100,4.5,1,6.5256,2,1,1,0,ca,90502,Los Angeles,1
1401,McDonald,"1501 n bristol st, santa ana, ca, 92706, us",6.49,3.59,3.59,13.19,5.39,2.69,2.29,45,119,4.600000000000001,1,6.5316806722689105,2,1,1,0,ca,92706,Orange,1
1402,McDonald,"1318 w foothill blvd, rialto, ca, 92376, us",8.79,4.09,3.99,13.99,4.39,2.39,2.79,18,116,4.100000000000001,2,6.889568965517242,2,1,1,0,ca,92376,San Bernardino,1
1403,McDonald,"2298 gellert blvd, south san francisco, ca, 94080, us",8.69,4.49,4.39,14.49,5.69,2.29,3.29,31,126,4.5,1,6.051904761904762,2,1,1,0,ca,94080,San Mateo,1
1404,McDonald,"1173 west casmalia st, rialto, ca, 92377, us",8.79,4.09,3.99,13.99,4.39,2.39,2.79,17,115,4.5,700+,6.889391304347826,2,1,1,0,ca,92377,San Bernardino,1
1405,McDonald,"55, lincoln, ca, 95648, us",8.49,3.99,3.49,11.59,5.59,1.69,2.09,34,135,4.8,240+,6.356,2,1,1,0,ca,95648,Placer,1
1406,McDonald,"12371 perris blvd., moreno valley, ca, 92557, us",9.07,5.39,3.99,17.7,5.89,3.71,3.79,44,122,4.299999999999998,1,7.938442622950819,2,1,1,0,ca,92557,Riverside,1
1407,McDonald,"103 mcdowell blvd, petaluma, ca, 94954, us",8.89,4.49,3.99,14.79,5.69,2.29,3.29,38,126,4.600000000000001,280+,6.013015873015874,2,1,1,0,ca,94954,Sonoma,1
1408,McDonald,"541 davis st, vacaville, ca, 95688, us",8.29,3.89,3.49,12.99,5.49,1.99,2.69,34,140,4.600000000000001,130+,8.57707142857143,2,1,1,0,ca,95688,Solano,1
1409,McDonald,"1705 pacific coast hwy, long beach, ca, 90810, us",6.99,3.69,3.29,12.79,4.89,2.29,2.39,30,118,4.600000000000001,1,5.847796610169492,2,1,1,0,ca,90810,Los Angeles,1
1410,McDonald,"1410 north lemon street, anaheim, ca, 92801, us",6.99,3.29,2.89,14.09,4.79,3.39,3.49,38,105,4.5,1,6.6546666666666665,2,1,1,0,ca,92801,Orange,1
1411,McDonald,"27 union square, union city, ca, 94587, us",8.76,4.03,3.63,15.51,5.79,2.28,3.63,17,109,4.5,1,6.68302752293578,2,1,1,0,ca,94587,Alameda,1
1412,McDonald,"1190 cirby way, roseville, ca, 95746, us",8.49,4.59,3.79,12.99,5.49,1.89,2.19,35,140,4.7,380+,7.861071428571426,2,1,1,0,ca,95746,Placer,1
1413,McDonald,"26200 iris avenue, moreno valley, ca, 92555, us",,5.39,3.99,,5.89,3.71,3.79,41,108,4.299999999999999,2,7.92601851851852,2,1,1,0,ca,92555,Riverside,1
1414,McDonald,"270, lincoln, ca, 95648, us",8.39,3.99,3.49,11.49,5.59,1.69,2.09,32,138,4.5,250+,6.301449275362319,2,1,1,0,ca,95648,Placer,1
1415,McDonald,"26940 sierra hwy, newhall, ca, 91387, us",8.69,5.49,4.69,14.49,6.29,3.99,3.89,29,112,4.700000000000001,1,7.739642857142856,2,1,1,0,ca,91387,Los Angeles,1
1416,Jack in the Box,"1826 webster st, alameda, ca, 94501, us",6.86,,,13.98,5.36,,4.36,51,155,4.399999999999999,1,9.256967741935483,2,1,1,0,ca,94501,Alameda,1
1417,Jack in the Box,"4425 telegraph ave, oakland, ca, 94609, us",6.49,,,12.6,4.99,,3.61,37,148,4.3,2,8.914594594594595,2,1,1,0,ca,94609,Alameda,1
1418,Jack in the Box,"2424 east international boulevard, oakland, ca, 94601, us",6.49,,,12.6,4.99,,4.11,40,156,4.3,3,8.6975,2,1,1,0,ca,94601,Alameda,1
1419,Jack in the Box,"6510 telegraph ave, oakland, ca, 94609, us",6.49,,,12.6,4.99,,3.61,40,155,4.2,3,8.713612903225807,2,1,1,0,ca,94609,Alameda,1
1420,Jack in the Box,"1257 park st, alameda, ca, 94501, us",6.86,,,13.98,5.36,,4.36,52,155,4.5,1,9.24883870967742,2,1,1,0,ca,94501,Alameda,1
1421,Jack in the Box,"2197 san pablo ave, berkeley, ca, 94702, us",6.61,,,11.98,5.99,,4.99,40,160,4.3999999999999995,700+,9.5664375,2,1,1,0,ca,94702,Alameda,1
1422,Jack in the Box,"36848, fremont, ca, 94536, us",7.74,,,14.98,5.24,,4.24,46,157,4.2,600+,9.495668789808919,2,1,1,0,ca,94536,Alameda,1
1423,Jack in the Box,"5533 stevenson blvd., fremont, ca, 94538, us",7.74,,,14.98,5.24,,4.24,43,155,4.5,600+,9.542064516129033,2,1,1,0,ca,94538,Alameda,1
1424,Jack in the Box,"41115, fremont, ca, 94538, us",7.74,,,14.98,5.24,,4.24,46,159,4.199999999999999,420+,9.472578616352202,2,1,1,0,ca,94538,Alameda,1
1425,Jack in the Box,"39017 cedar blvd., newark, ca, 94560, us",7.74,,,14.98,5.24,,4.24,46,159,4.5,460+,9.472578616352202,2,1,1,0,ca,94560,Alameda,1
1426,Jack in the Box,"43921 osgood road., fremont, ca, 94539, us",7.74,,,14.98,5.24,,4.24,46,159,4.199999999999999,230+,9.472578616352202,2,1,1,0,ca,94539,Alameda,1
1427,Jack in the Box,"34701 ardenwood blvd., fremont, ca, 94555, us",7.74,,,14.98,5.24,,4.24,46,159,4.399999999999998,800+,9.472578616352202,2,1,1,0,ca,94555,Alameda,1
1428,Jack in the Box,"24175 mission boulevard, hayward, ca, 94544, us",7.74,,,14.85,5.99,,4.61,39,156,4.3,900+,9.566794871794873,2,1,1,0,ca,94544,Alameda,1
1429,Jack in the Box,"18555 mission blvd, hayward, ca, 94541, us",7.74,,,14.6,4.99,,4.24,43,160,4.299999999999999,600+,9.2891875,2,1,1,0,ca,94541,Alameda,1
1430,Jack in the Box,"3035, castro valley, ca, 94546, us",6.49,,,12.6,4.99,,3.61,41,148,4.5,600+,8.610472972972973,2,1,1,0,ca,94546,Alameda,1
1431,Jack in the Box,"17550 hesperian blvd, san lorenzo, ca, 94580, us",6.49,,,12.6,4.99,,3.74,38,152,4.3999999999999995,600+,8.735986842105262,2,1,1,0,ca,94580,Alameda,1
1432,Jack in the Box,"25198 hesperian boulevard, hayward, ca, 94545, us",7.74,,,14.85,5.99,,4.61,35,149,4.5,700+,9.72536912751678,2,1,1,0,ca,94545,Alameda,1
1433,Jack in the Box,"1490 west winton avenue, hayward, ca, 94545, us",6.49,,,12.6,4.99,,3.61,41,154,4.3999999999999995,130+,8.726493506493508,2,1,1,0,ca,94545,Alameda,1
1434,Jack in the Box,"1710 monument blvd, concord, ca, 94518, us",7.49,,,13.73,4.99,,4.49,40,153,4.399999999999999,1,9.484183006535947,2,1,1,0,ca,94518,Contra Costa,1
1435,Jack in the Box,"1051 willow pass ct., concord, ca, 94520, us",7.86,,,14.98,5.24,,4.24,45,152,4.5,380+,9.54657894736842,2,1,1,0,ca,94520,Contra Costa,1
1436,Jack in the Box,"4740 clayton rd, concord, ca, 94521, us",7.49,,,13.73,4.99,,4.49,41,155,4.399999999999999,500+,9.451806451612905,2,1,1,0,ca,94521,Contra Costa,1
1437,Jack in the Box,"1817 contra costa blvd, pleasant hill, ca, 94523, us",7.86,,,14.98,5.24,,4.24,46,159,4.199999999999999,280+,9.415094339622641,2,1,1,0,ca,94523,Contra Costa,1
1438,Jack in the Box,"2295 n main st, walnut creek, ca, 94596, us",7.49,,,13.73,4.99,,4.49,41,157,4.5,700+,9.41891719745223,2,1,1,0,ca,94596,Contra Costa,1
1439,Jack in the Box,"3955 alhambra ave, martinez, ca, 94553, us",6.86,,,13.73,4.99,,3.99,40,149,4.399999999999999,280+,8.778322147651007,2,1,1,0,ca,94553,Contra Costa,1
1440,Jack in the Box,"3110 e tulare st, fresno, ca, 93702, us",6.61,,,13.35,4.99,,3.74,29,155,4.2,700+,8.619483870967741,2,1,1,0,ca,93702,Fresno,1
1441,Jack in the Box,"2124 n blackstone hwy, fresno, ca, 93703, us",6.61,,,13.35,4.99,,3.74,29,154,4.1000000000000005,700+,8.667857142857143,2,1,1,0,ca,93703,Fresno,1
1442,Jack in the Box,"4968 e kings canyon rd, fresno, ca, 93727, us",6.61,,,13.35,4.99,,3.74,31,155,4.399999999999999,600+,8.65258064516129,2,1,1,0,ca,93727,Fresno,1
1443,Jack in the Box,"3058 w clinton ave, fresno, ca, 93722, us",6.61,,,13.35,4.99,,3.74,28,151,4.3,700+,8.581390728476821,2,1,1,0,ca,93722,Fresno,1
1444,Jack in the Box,"1167 n clovis ave, fresno, ca, 93727, us",6.61,,,13.35,4.99,,3.74,25,148,4.3,470+,8.741148648648648,2,1,1,0,ca,93727,Fresno,1
1445,Jack in the Box,"2220 chester ave, bakersfield, ca, 93301, us",7.49,,,13.73,5.36,,4.36,42,159,4.5,300+,9.132955974842767,2,1,1,0,ca,93301,Kern,1
1446,Jack in the Box,"1200 oak street, bakersfield, ca, 93304, us",7.49,,,13.73,5.36,,4.36,42,159,4.399999999999998,410+,9.132955974842767,2,1,1,0,ca,93304,Kern,1
1447,Jack in the Box,"10 union ave, bakersfield, ca, 93307, us",7.49,,,13.73,5.36,,4.36,39,156,4.3999999999999995,440+,9.214871794871796,2,1,1,0,ca,93307,Kern,1
1448,Jack in the Box,"4200 chester ave, bakersfield, ca, 93301, us",7.49,,,13.73,5.36,,4.36,38,146,4.3,500+,9.195890410958903,2,1,1,0,ca,93301,Kern,1
1449,Jack in the Box,"1003 east california avenue, bakersfield, ca, 93307, us",9.11,,,18.35,5.99,,4.99,38,150,4.399999999999999,86,10.940533333333333,2,1,1,0,ca,93307,Kern,1
1450,Jack in the Box,"3002 ming ave, bakersfield, ca, 93304, us",7.49,,,13.73,5.36,,4.36,40,153,4.399999999999999,600+,9.254313725490197,2,1,1,0,ca,93304,Kern,1
1451,Jack in the Box,"516 north beaudry avenue, los angeles, ca, 90012, us",5.86,,,,,,3.61,33,160,4.3999999999999995,2,8.6419375,2,1,1,0,ca,90012,Los Angeles,1
1452,Jack in the Box,"1135 north mission road, los angeles, ca, 90033, us",6.86,,,13.74,3.74,,3.11,14,146,4.3999999999999995,1,8.753356164383561,2,1,1,0,ca,90033,Los Angeles,1
1453,Jack in the Box,"1900 w. 6th st, los angeles, ca, 90057, us",6.86,,,13.74,3.74,,3.11,16,155,4.399999999999999,2,8.79232258064516,2,1,1,0,ca,90057,Los Angeles,1
1454,Jack in the Box,"1615 s broadway, los angeles, ca, 90015, us",6.24,,,12.48,4.49,,3.49,42,155,4.5,3,8.319354838709678,2,1,1,0,ca,90015,Los Angeles,1
1455,Jack in the Box,"1415 south alameda street, los angeles, ca, 90021, us",6.61,,,,,,3.49,30,155,4.5,1,8.956709677419354,2,1,1,0,ca,90021,Los Angeles,1
1456,Jack in the Box,"2521 pasadena ave, los angeles, ca, 90031, us",6.24,,,12.48,4.49,,3.49,73,326,4.600000000000001,1,8.907208588957054,2,1,1,0,ca,90031,Los Angeles,1
1457,Jack in the Box,"652 atlantic ave, long beach, ca, 90802, us",6.86,,,13.74,3.74,,3.11,16,157,4.3,3,8.743885350318472,2,1,1,0,ca,90802,Los Angeles,1
1458,Jack in the Box,"1190 east pacific coast highway, long beach, ca, 90806, us",6.74,,,12.73,4.49,,4.11,28,151,4.3,1,8.342317880794702,2,1,1,0,ca,90806,Los Angeles,1
1459,Jack in the Box,"1720 w pacific coast hwy, long beach, ca, 90813, us",7.24,,,13.35,5.24,,3.61,37,146,4.3,1,8.906369863013698,2,1,1,0,ca,90813,Los Angeles,1
1460,Jack in the Box,"2101 e anaheim st, long beach, ca, 90804, us",6.99,,,13.35,4.99,,3.74,40,150,4.5,2,8.9296,2,1,1,0,ca,90804,Los Angeles,1
1461,Jack in the Box,"3980 e ocean blvd, long beach, ca, 90803, us",7.24,,,13.35,5.24,,3.61,43,160,4.5,1,8.784125,2,1,1,0,ca,90803,Los Angeles,1
1462,Jack in the Box,"3399 e pacific coast hwy, long beach, ca, 90755, us",6.49,,,12.73,4.74,,3.74,44,154,4.5,2,8.56038961038961,2,1,1,0,ca,90755,Los Angeles,1
1463,Jack in the Box,"26547 bouquet canyon road, santa clarita, ca, 91350, us",6.86,,,13.74,3.74,,3.11,16,157,4.600000000000001,1,8.743885350318472,2,1,1,0,ca,91350,Los Angeles,1
1464,Jack in the Box,"24820 pico canyon road, santa clarita, ca, 91381, us",6.24,,,,,,3.49,31,156,4.5,600+,8.711602564102565,2,1,1,0,ca,91381,Los Angeles,1
1465,Jack in the Box,"22908 lyons avenue, santa clarita, ca, 91321, us",6.61,,,12.35,4.99,,3.49,37,151,4.7,900+,8.582913907284768,2,1,1,0,ca,91321,Los Angeles,1
1466,Jack in the Box,"28144 the old road, valencia, ca, 91355, us",6.86,,,13.74,3.74,,3.11,16,156,4.5,320+,8.759935897435895,2,1,1,0,ca,91355,Los Angeles,1
1467,Jack in the Box,"18955 west soledad cyn road, canyon country, ca, 91351, us",6.86,,,13.74,3.74,,3.11,16,157,4.600000000000001,1,8.743885350318472,2,1,1,0,ca,91351,Los Angeles,1
1468,Jack in the Box,"18525 via princessa, santa clarita, ca, 91387, us",6.86,,,13.74,3.74,,3.11,16,152,4.6000000000000005,900+,8.7975,2,1,1,0,ca,91387,Los Angeles,1
1469,Jack in the Box,"1814 2nd street, san rafael, ca, 94901, us",7.74,,,14.98,5.24,,4.24,84,296,4.5,2,9.502027027027028,2,1,1,0,ca,94901,Marin,1
1470,Jack in the Box,"301 enfrente rd, novato, ca, 94949, us",6.86,,,13.73,4.99,,3.99,80,292,4.3999999999999995,330+,8.586369863013699,2,1,1,0,ca,94949,Marin,1
1471,Jack in the Box,"7135 redwood blvd., novato, ca, 94945, us",7.74,,,14.98,5.24,,4.24,90,314,4.5,160+,9.47108280254777,2,1,1,0,ca,94945,Marin,1
1472,Jack in the Box,"14395, san pablo, ca, 94806, us",6.99,,,13.73,4.99,,4.36,41,138,4.3,1,9.514202898550725,2,1,1,0,ca,94806,Contra Costa,1
1473,Jack in the Box,"50 san pablo towne ctr, san pablo, ca, 94806, us",7.36,,,14.23,5.36,,4.24,48,160,4.1000000000000005,600+,9.207374999999999,2,1,1,0,ca,94806,Contra Costa,1
1474,Jack in the Box,"5920 cutting blvd, el-cerrito, ca, 94530, us",7.24,,,14.1,4.74,,4.24,49,154,4.5,1,9.012077922077923,2,1,1,0,ca,94530,Contra Costa,1
1475,Jack in the Box,"837 e washington st, petaluma, ca, 94952, us",7.74,,,14.6,4.99,,4.24,40,155,4.600000000000001,340+,9.426967741935485,2,1,1,0,ca,94952,Marin,1
1476,Jack in the Box,"645 south main street, salinas, ca, 93901, us",7.49,,,14.23,5.24,,3.74,42,146,4.3999999999999995,310+,8.95890410958904,2,1,1,0,ca,93901,Monterey,1
1477,Jack in the Box,"975 n. main st., salinas, ca, 93906, us",7.49,,,14.23,5.24,,3.74,45,157,4.3,420+,8.903821656050956,2,1,1,0,ca,93906,Monterey,1
1478,Jack in the Box,"1225 de la torre street, salinas, ca, 93905, us",7.49,,,14.23,5.24,,3.74,44,151,4.2,110+,8.988940397350992,2,1,1,0,ca,93905,Monterey,1
1479,Jack in the Box,"1810 n main st., salinas, ca, 93906, us",7.49,,,14.23,5.24,,3.74,45,155,4.3,300+,8.922064516129034,2,1,1,0,ca,93906,Monterey,1
1480,Jack in the Box,"1540 n sanborn rd., salinas, ca, 93905, us",7.49,,,14.23,5.24,,3.74,45,157,4.3,450+,8.903821656050956,2,1,1,0,ca,93905,Monterey,1
1481,Jack in the Box,"211 reservation rd, marina, ca, 93933, us",7.49,,,14.23,5.24,,3.74,44,156,4.6000000000000005,600+,8.932948717948717,2,1,1,0,ca,93933,Monterey,1
1482,Jack in the Box,"601 north main street, santa ana, ca, 92701, us",5.61,,,11.6,4.49,,3.74,30,159,4.399999999999998,800+,8.173459119496856,2,1,1,0,ca,92701,Orange,1
1483,Jack in the Box,"719 north bristol street, santa ana, ca, 92703, us",5.61,,,11.6,4.49,,3.74,29,157,4.5,700+,8.220254777070064,2,1,1,0,ca,92703,Orange,1
1484,Jack in the Box,"1406 east first street, santa ana, ca, 92701, us",6.49,,,12.48,4.86,,3.74,41,151,4.5,600+,8.341324503311258,2,1,1,0,ca,92701,Orange,1
1485,Jack in the Box,"1300 w edinger ave, santa ana, ca, 92704, us",7.24,,,13.35,5.24,,3.61,41,148,4.3,1,8.79054054054054,2,1,1,0,ca,92704,Orange,1
1486,Jack in the Box,"1730 e. edinger ave., santa ana, ca, 92705, us",6.49,,,12.48,4.86,,3.74,41,149,4.699999999999999,500+,8.263825503355704,2,1,1,0,ca,92705,Orange,1
1487,Jack in the Box,"3050 w. chapman ave, orange, ca, 92868, us",6.49,,,12.48,4.86,,3.74,43,156,4.5,1,8.359807692307694,2,1,1,0,ca,92868,Orange,1
1488,Jack in the Box,"290 w. lincoln ave., anaheim, ca, 92805, us",6.49,,,12.48,4.86,,3.74,42,151,4.600000000000001,2,8.39112582781457,2,1,1,0,ca,92805,Orange,1
1489,Jack in the Box,"100 s. state college blvd., anaheim, ca, 92806, us",6.49,,,12.48,4.86,,3.74,43,156,4.5,1,8.395128205128204,2,1,1,0,ca,92806,Orange,1
1490,Jack in the Box,"235 e orangethorpe ave, fullerton, ca, 92832, us",7.24,,,13.35,5.24,,3.61,41,156,4.5,1,8.862884615384615,2,1,1,0,ca,92832,Orange,1
1491,Jack in the Box,"1155 north euclid avenue, anaheim, ca, 92801, us",6.61,,,12.48,4.49,,3.74,42,153,4.5,1,8.353856209150326,2,1,1,0,ca,92801,Orange,1
1492,Jack in the Box,"797 west orangethorpe avenue, placentia, ca, 92870, us",6.49,,,12.48,4.86,,3.74,43,155,4.5,500+,8.319612903225806,2,1,1,0,ca,92870,Orange,1
1493,Jack in the Box,"999 s brookhurst st, anaheim, ca, 92804, us",6.24,,,12.48,4.86,,3.24,41,152,4.5,1,8.08671052631579,2,1,1,0,ca,92804,Orange,1
1494,Jack in the Box,"1923 douglas blvd, roseville, ca, 95661, us",7.49,,,14.73,5.24,,4.24,88,316,4.399999999999999,320+,9.343987341772152,2,1,1,0,ca,95661,Placer,1
1495,Jack in the Box,"5150 foothills blvd., roseville, ca, 95747, us",6.61,,,13.85,4.99,,3.99,74,284,4.399999999999999,500+,9.106338028169015,2,1,1,0,ca,95747,Placer,1
1496,Jack in the Box,"8655 auburn blvd, roseville, ca, 95661, us",7.49,,,14.73,5.24,,4.24,43,152,4.1000000000000005,210+,9.348815789473685,2,1,1,0,ca,95661,Placer,1
1497,Jack in the Box,"6691 stanford ranch road, rocklin, ca, 95677, us",7.49,,,14.73,5.24,,4.24,84,306,4.1000000000000005,430+,9.539346405228757,2,1,1,0,ca,95677,Placer,1
1498,Jack in the Box,"4410, rocklin, ca, 95677, us",7.49,,,14.73,5.24,,4.24,82,298,4.3999999999999995,190+,9.61751677852349,2,1,1,0,ca,95677,Placer,1
1499,Jack in the Box,"8100 greenback ln, fair oaks, ca, 95628, us",7.24,,,13.35,4.99,,3.99,44,154,4.3,390+,8.616948051948052,2,1,1,0,ca,95628,Sacramento,1
1500,Jack in the Box,"13421 east lincoln way, auburn, ca, 95603, us",6.86,,,13.35,4.99,,3.99,40,146,3.6999999999999997,89,8.83582191780822,2,1,1,0,ca,95603,Placer,1
1501,Jack in the Box,"455 highway 65, lincoln, ca, 95648, us",7.49,,,14.73,5.24,,4.24,41,154,4.3999999999999995,290+,9.509675324675325,2,1,1,0,ca,95648,Placer,1
1502,Jack in the Box,"3434 14th st, riverside, ca, 92501, us",7.86,,,,,,3.74,27,153,4.299999999999999,500+,9.319281045751634,2,1,1,0,ca,92501,Riverside,1
1503,Jack in the Box,"3521 central ave, riverside, ca, 92506, us",7.86,,,,,,3.74,29,155,4.600000000000001,440+,9.263612903225807,2,1,1,0,ca,92506,Riverside,1
1504,Jack in the Box,"1371 blaine st, riverside, ca, 92507, us",6.24,,,,,,3.49,31,156,4.5,1,8.711602564102565,2,1,1,0,ca,92507,Riverside,1
1505,Jack in the Box,"1115 w la cadena dr, riverside, ca, 92501, us",7.86,,,14.85,4.99,,3.74,32,148,4.399999999999999,370+,8.8575,2,1,1,0,ca,92501,Riverside,1
1506,Jack in the Box,"5642 30th street, rubidoux, ca, 92509, us",5.74,,,,,,3.36,30,151,4.3,500+,8.636821192052981,2,1,1,0,ca,92509,Riverside,1
1507,Jack in the Box,"5126 arlington ave., riverside, ca, 92504, us",7.49,,,13.99,5.24,,3.11,43,153,4.700000000000001,800+,8.663986928104576,2,1,1,0,ca,92504,Riverside,1
1508,Jack in the Box,"22485 alessandro boulevard, moreno valley, ca, 92553, us",5.86,,,,,,3.61,30,151,4.399999999999999,500+,8.762317880794702,2,1,1,0,ca,92553,Riverside,1
1509,Jack in the Box,"12477 heacock st, moreno valley, ca, 92553, us",7.86,,,14.85,4.99,,3.74,35,154,4.5,800+,9.01435064935065,2,1,1,0,ca,92553,Riverside,1
1510,Jack in the Box,"15030 perris boulevard, moreno valley, ca, 92551, us",5.74,,,,,,3.49,31,154,4.3999999999999995,900+,8.727922077922077,2,1,1,0,ca,92551,Riverside,1
1511,Jack in the Box,"24985 elder ave, moreno valley, ca, 92557, us",7.86,,,14.85,4.99,,3.74,35,154,4.3999999999999995,700+,8.779935064935065,2,1,1,0,ca,92557,Riverside,1
1512,Jack in the Box,"5700 sycamore canyon boulevard, riverside, ca, 92507, us",7.49,,,13.99,5.24,,3.11,36,146,4.3999999999999995,350+,8.77945205479452,2,1,1,0,ca,92507,Riverside,1
1513,Jack in the Box,"25950 iris avenue, moreno valley, ca, 92551, us",5.74,,,,,,3.36,32,156,4.3999999999999995,700+,8.728269230769232,2,1,1,0,ca,92551,Riverside,1
1514,Jack in the Box,"24620 madison ave, murrieta, ca, 92562, us",7.86,,,14.98,4.99,,3.74,33,149,4.399999999999999,340+,9.132214765100672,2,1,1,0,ca,92562,Riverside,1
1515,Jack in the Box,"39878 los alamos rd, murrieta, ca, 92562, us",7.86,,,14.85,4.99,,3.74,35,153,4.299999999999999,460+,9.012549019607844,2,1,1,0,ca,92562,Riverside,1
1516,Jack in the Box,"36196 hidden springs rd, wildomar, ca, 92595, us",7.86,,,,,,3.74,29,155,4.600000000000001,330+,9.12032258064516,2,1,1,0,ca,92595,Riverside,1
1517,Jack in the Box,"40412 winchester rd, temecula, ca, 92591, us",7.86,,,14.98,4.99,,3.74,35,148,4.399999999999999,600+,9.161959459459462,2,1,1,0,ca,92591,Riverside,1
1518,Jack in the Box,"21960 bundy canyon road, wildomar, ca, 92595, us",5.74,,,,,,3.74,30,155,4.5,410+,8.774709677419354,2,1,1,0,ca,92595,Riverside,1
1519,Jack in the Box,"33080 antelope road, murrieta, ca, 92563, us",7.86,,,,,,3.74,30,141,4.3999999999999995,340+,8.655035460992908,2,1,1,0,ca,92563,Riverside,1
1520,Jack in the Box,"2560 w el camino ave, sacramento, ca, 95833, us",7.49,,,14.73,5.24,,4.24,43,155,4.2,1,9.35083870967742,2,1,1,0,ca,95833,Sacramento,1
1521,Jack in the Box,"775 harbor pointe place, west sacramento, ca, 95605, us",7.49,,,14.73,5.24,,4.24,42,155,4.5,600+,9.51283870967742,2,1,1,0,ca,95605,Yolo,1
1522,Jack in the Box,"5800 freeport blvd., sacramento, ca, 95822, us",7.49,,,14.73,5.24,,4.24,86,325,4.3,700+,9.772092307692308,2,1,1,0,ca,95822,Sacramento,1
1523,Jack in the Box,"2293 arden way, sacramento, ca, 95825, us",6.86,,,13.35,4.99,,3.99,43,157,4.3,700+,8.715031847133758,2,1,1,0,ca,95825,Sacramento,1
1524,Jack in the Box,"4128 norwood ave, sacramento, ca, 95838, us",6.49,,,13.73,4.99,,3.99,38,154,4.3999999999999995,800+,9.027012987012986,2,1,1,0,ca,95838,Sacramento,1
1525,Jack in the Box,"2750 del paso rd, sacramento, ca, 95834, us",6.49,,,13.73,4.99,,3.99,38,147,4.2,500+,9.191020408163265,2,1,1,0,ca,95834,Sacramento,1
1526,Jack in the Box,"9620 e stockton blvd, elk grove, ca, 95624, us",6.61,,,13.85,4.99,,4.11,39,139,4.5,340+,9.036906474820142,2,1,1,0,ca,95624,Sacramento,1
1527,Jack in the Box,"9179 elk grove florin road, elk grove, ca, 95624, us",7.49,,,14.73,5.24,,4.24,44,159,4.399999999999998,410+,9.418805031446542,2,1,1,0,ca,95624,Sacramento,1
1528,Jack in the Box,"4820 laguna blvd, elk grove, ca, 95758, us",7.49,,,14.73,5.24,,4.24,43,157,4.399999999999999,500+,9.467133757961783,2,1,1,0,ca,95758,Sacramento,1
1529,Jack in the Box,"7795 stockton boulevard, sacramento, ca, 95823, us",7.49,,,14.73,5.24,,4.24,43,157,4.399999999999999,500+,9.46312101910828,2,1,1,0,ca,95823,Sacramento,1
1530,Jack in the Box,"4435 florin rd, sacramento, ca, 95823, us",7.49,,,14.73,5.24,,4.24,42,154,4.2,900+,9.398441558441558,2,1,1,0,ca,95823,Sacramento,1
1531,Jack in the Box,"6300 power inn rd, sacramento, ca, 95824, us",6.74,,,13.85,4.99,,3.99,39,157,4.3,380+,8.93267515923567,2,1,1,0,ca,95824,Sacramento,1
1532,Jack in the Box,"303 e base line st, san bernardino, ca, 92410, us",6.86,,,13.36,5.24,,3.74,39,155,4.399999999999999,1,8.539870967741935,2,1,1,0,ca,92410,San Bernardino,1
1533,Jack in the Box,"1199 n mt vernon ave, colton, ca, 92324, us",6.86,,,,,,3.99,30,156,4.3,700+,8.851730769230768,2,1,1,0,ca,92324,San Bernardino,1
1534,Jack in the Box,"1141 w highland ave, san bernardino, ca, 92405, us",8.11,,,14.98,4.99,,3.74,35,155,4.399999999999999,1,8.98225806451613,2,1,1,0,ca,92405,San Bernardino,1
1535,Jack in the Box,"1148 coulston st, san bernardino, ca, 92408, us",6.86,,,13.36,4.86,,3.99,41,152,4.5,700+,8.600328947368421,2,1,1,0,ca,92408,San Bernardino,1
1536,Jack in the Box,"14618 7th street, victorville, ca, 92392, us",7.49,,,,,,3.11,30,153,4.299999999999999,800+,9.15235294117647,2,1,1,0,ca,92392,San Bernardino,1
1537,Jack in the Box,"14515 mojave dr., victorville, ca, 92394, us",7.49,,,,,,3.11,30,157,4.3,1,9.118089171974521,2,1,1,0,ca,92394,San Bernardino,1
1538,Jack in the Box,"12440 amargosa rd., victorville, ca, 92392, us",7.49,,,,,,3.11,30,152,4.3,1,9.159210526315789,2,1,1,0,ca,92392,San Bernardino,1
1539,Jack in the Box,"12134 hesperia road, victorville, ca, 92392, us",7.49,,,,,,3.11,31,160,4.3999999999999995,700+,9.068125,2,1,1,0,ca,92392,San Bernardino,1
1540,Jack in the Box,"18901 bear valley rd., apple valley, ca, 92308, us",7.49,,,,,,3.11,33,156,4.3,370+,9.309166666666666,2,1,1,0,ca,92308,San Bernardino,1
1541,Jack in the Box,"15818, apple valley, ca, 92307, us",7.49,,,13.49,5.24,,3.11,35,170,4.200000000000001,270+,9.547529411764705,2,1,1,0,ca,92307,San Bernardino,1
1542,Jack in the Box,"1110 c st, san diego, ca, 92101, us",7.86,,,14.98,4.99,,3.74,37,180,4.399999999999999,1,9.56611111111111,2,1,1,0,ca,92101,San Diego,1
1543,Jack in the Box,"1619 pacific hwy, san diego, ca, 92101, us",7.24,,,13.73,5.24,,4.11,46,180,4.5,1,9.566222222222223,2,1,1,0,ca,92101,San Diego,1
1544,Jack in the Box,"2404 market st, san diego, ca, 92102, us",5.86,,,11.73,4.49,,3.11,34,180,4.600000000000001,3,8.835944444444445,2,1,1,0,ca,92102,San Diego,1
1545,Jack in the Box,"804 university ave, san diego, ca, 92103, us",6.86,,,13.35,5.36,,3.74,27,176,4.3999999999999995,800+,9.614318181818183,2,1,1,0,ca,92103,San Diego,1
1546,Jack in the Box,"220 w. washington st., san diego, ca, 92103, us",5.99,,,12.35,5.36,,3.74,30,170,4.399999999999999,1,9.232529411764705,2,1,1,0,ca,92103,San Diego,1
1547,Jack in the Box,"2890 national ave, san diego, ca, 92113, us",7.86,,,14.98,4.99,,3.74,35,180,4.5,900+,9.708166666666669,2,1,1,0,ca,92113,San Diego,1
1548,Jack in the Box,"2959 upas st, san diego, ca, 92104, us",7.86,,,14.98,4.99,,3.74,36,179,4.600000000000001,410+,9.699441340782124,2,1,1,0,ca,92104,San Diego,1
1549,Jack in the Box,"486 broadway, chula vista, ca, 91910, us",5.61,,,11.1,4.49,,3.11,32,175,4.399999999999999,1,8.779200000000001,2,1,1,0,ca,91910,San Diego,1
1550,Jack in the Box,"5 n 4th ave, chula vista, ca, 91910, us",7.86,,,14.98,4.99,,3.74,37,169,4.6000000000000005,500+,8.987218934911244,2,1,1,0,ca,91910,San Diego,1
1551,Jack in the Box,"802 3rd ave, chula vista, ca, 91911, us",7.86,,,14.98,4.99,,3.74,36,180,4.399999999999999,600+,9.710722222222223,2,1,1,0,ca,91911,San Diego,1
1552,Jack in the Box,"370 e h st, chula vista, ca, 91910, us",5.61,,,11.48,4.49,,3.11,33,153,4.5,1,7.7047712418300645,2,1,1,0,ca,91910,San Diego,1
1553,Jack in the Box,"1745 highland ave, national city, ca, 91950, us",5.86,,,11.35,4.49,,3.11,34,169,4.5,800+,8.251775147928996,2,1,1,0,ca,91950,San Diego,1
1554,Jack in the Box,"585 palomar st, chula vista, ca, 91911, us",5.61,,,11.35,4.49,,3.11,34,179,4.399999999999999,800+,8.885418994413408,2,1,1,0,ca,91911,San Diego,1
1555,Jack in the Box,"1900 mission ave, oceanside, ca, 92054, us",7.86,,,14.98,4.99,,3.74,36,172,4.5,1,9.704186046511628,2,1,1,0,ca,92054,San Diego,1
1556,Jack in the Box,"2474 vista way, oceanside, ca, 92054, us",7.11,,,13.23,4.99,,4.36,41,174,4.399999999999999,700+,9.732988505747127,2,1,1,0,ca,92054,San Diego,1
1557,Jack in the Box,"901, carlsbad, ca, 92008, us",7.86,,,14.98,4.99,,3.74,37,181,4.5,900+,9.718232044198896,2,1,1,0,ca,92008,San Diego,1
1558,Jack in the Box,"3909 mission avenue, oceanside, ca, 92054, us",7.86,,,14.98,4.99,,3.74,37,176,4.6000000000000005,1,9.682272727272728,2,1,1,0,ca,92054,San Diego,1
1559,Jack in the Box,"3808 plaza dr, oceanside, ca, 92056, us",7.86,,,14.98,4.99,,3.74,36,180,4.399999999999999,600+,9.544055555555556,2,1,1,0,ca,92056,San Diego,1
1560,Jack in the Box,"4211, oceanside, ca, 92056, us",7.86,,,14.98,4.99,,3.74,36,166,4.399999999999999,500+,9.133313253012048,2,1,1,0,ca,92056,San Diego,1
1561,Jack in the Box,"400 geary st, san francisco, ca, 94102, us",7.49,,,14.73,6.24,,4.36,120,525,4.5,5,10.513600000000002,2,1,1,0,ca,94102,San Francisco,1
1562,Jack in the Box,"366 bayshore blvd, san francisco, ca, 94124, us",7.49,,,14.73,6.24,,4.36,114,537,4.299999999999999,6,10.71469273743017,2,1,1,0,ca,94124,San Francisco,1
1563,Jack in the Box,"4649 geary blvd, san francisco, ca, 94118, us",7.49,,,14.73,6.24,,4.36,117,516,4.5,9,10.474651162790698,2,1,1,0,ca,94118,San Francisco,1
1564,Jack in the Box,"7217 mission st, daly city, ca, 94014, us",5.86,,,12.1,4.49,,3.11,81,490,4.6,3,8.89065306122449,2,1,1,0,ca,94014,San Mateo,1
1565,Jack in the Box,"1695 el camino real, south san francisco, ca, 94080, us",7.74,,,14.98,5.24,,4.24,135,471,4.5,3,9.542420382165604,2,1,1,0,ca,94080,San Mateo,1
1566,Jack in the Box,"201 south spruce street, south san francisco, ca, 94080, us",7.74,,,14.98,5.24,,4.24,176,708,4.3999999999999995,1,10.359209039548022,2,1,1,0,ca,94080,San Mateo,1
1567,Jack in the Box,"1504 pacific ave, stockton, ca, 95204, us",7.49,,,14.73,5.24,,4.24,42,180,4.200000000000001,500+,10.250944444444446,2,1,1,0,ca,95204,San Joaquin,1
1568,Jack in the Box,"733 west charter wy, stockton, ca, 95206, us",7.49,,,14.73,5.24,,4.24,43,177,4.3,460+,10.305762711864407,2,1,1,0,ca,95206,San Joaquin,1
1569,Jack in the Box,"1916 east march ln, stockton, ca, 95210, us",7.49,,,14.73,5.24,,4.24,39,148,4.3,250+,9.55972972972973,2,1,1,0,ca,95210,San Joaquin,1
1570,Jack in the Box,"2592 west march ln, stockton, ca, 95207, us",7.49,,,14.73,5.24,,4.24,44,182,4.3,380+,10.193296703296705,2,1,1,0,ca,95207,San Joaquin,1
1571,Jack in the Box,"6200 pacific ave., stockton, ca, 95207, us",7.49,,,14.73,5.24,,4.24,44,182,4.3,300+,10.19467032967033,2,1,1,0,ca,95207,San Joaquin,1
1572,Jack in the Box,"920 e hammer ln, stockton, ca, 95210, us",6.99,,,14.1,4.99,,3.99,40,176,4.299999999999999,340+,9.526761363636364,2,1,1,0,ca,95210,San Joaquin,1
1573,Jack in the Box,"390 santa rosa street, san luis obispo, ca, 93405, us",6.86,,,12.98,4.99,,3.74,45,180,4.600000000000001,1,9.694277777777776,2,1,1,0,ca,93405,San Luis Obispo,1
1574,Jack in the Box,"334 five cities drive, pismo beach, ca, 93449, us",6.86,,,12.98,4.99,,3.74,44,173,4.600000000000001,170+,9.68150289017341,2,1,1,0,ca,93449,San Luis Obispo,1
1575,Jack in the Box,"1208 grand avenue, arroyo grande, ca, 93420, us",6.86,,,12.98,4.99,,3.74,88,360,4.3999999999999995,350+,9.71561111111111,2,1,1,0,ca,93420,San Luis Obispo,1
1576,Jack in the Box,"2304 spring street, paso robles, ca, 93446, us",6.86,,,12.98,4.99,,3.74,43,179,4.5,180+,9.736424581005588,2,1,1,0,ca,93446,San Luis Obispo,1
1577,Jack in the Box,"9000 west front street, atascadero, ca, 93422, us",6.86,,,12.98,4.99,,3.74,42,172,3.8000000000000003,49,9.703662790697676,2,1,1,0,ca,93422,San Luis Obispo,1
1578,Jack in the Box,"555 east 3rd avenue, san mateo, ca, 94401, us",5.86,,,12.1,4.49,,2.99,29,179,4.299999999999999,2,8.7036312849162,2,1,1,0,ca,94401,San Mateo,1
1579,Jack in the Box,"1100 el camino real, san carlos, ca, 94070, us",6.61,,,13.23,5.24,,4.24,44,183,4.399999999999999,900+,10.023333333333335,2,1,1,0,ca,94070,San Mateo,1
1580,Jack in the Box,"1205 broadway st, redwood city, ca, 94063, us",6.74,,,13.35,4.99,,3.36,43,180,4.5,420+,9.490944444444445,2,1,1,0,ca,94063,San Mateo,1
1581,Jack in the Box,"986 woodside rd, redwood city, ca, 94061, us",6.74,,,13.35,4.99,,3.61,44,182,4.399999999999999,450+,9.463296703296702,2,1,1,0,ca,94061,San Mateo,1
1582,Jack in the Box,"3199 el camino real, redwood city, ca, 94061, us",6.74,,,12.73,5.61,,4.11,35,182,4.2,500+,9.768571428571429,2,1,1,0,ca,94061,San Mateo,1
1583,Jack in the Box,"830 south broadway, santa maria, ca, 93454, us",6.86,,,12.98,4.99,,3.74,46,180,4.100000000000001,330+,9.699833333333334,2,1,1,0,ca,93454,Santa Barbara,1
1584,Jack in the Box,"1041 east main street, santa maria, ca, 93454, us",6.86,,,12.98,4.99,,3.74,38,161,4.5,210+,9.658633540372671,2,1,1,0,ca,93454,Santa Barbara,1
1585,Jack in the Box,"705 east betteravia road, santa maria, ca, 93454, us",6.86,,,12.98,4.99,,3.74,43,176,4.6000000000000005,26,9.798977272727273,2,1,1,0,ca,93454,Santa Barbara,1
1586,Jack in the Box,"2306 south broadway, santa maria, ca, 93454, us",6.86,,,12.98,4.99,,3.74,44,168,4.5,260+,9.517857142857142,2,1,1,0,ca,93454,Santa Barbara,1
1587,Jack in the Box,"5001, orcutt, ca, 93455, us",6.86,,,12.98,4.99,,3.74,44,179,4.399999999999999,130+,9.723910614525138,2,1,1,0,ca,93455,Santa Barbara,1
1588,Jack in the Box,"501 north milpas street, santa barbara, ca, 93103, us",6.86,,,12.98,4.99,,3.74,47,174,4.5,1,9.649022988505747,2,1,1,0,ca,93103,Santa Barbara,1
1589,Jack in the Box,"3747 state street, santa barbara, ca, 93105, us",6.86,,,12.98,4.99,,3.74,41,161,4.5,460+,9.185341614906832,2,1,1,0,ca,93105,Santa Barbara,1
1590,Jack in the Box,"6875 hollister avenue, goleta, ca, 93117, us",6.86,,,12.98,4.99,,3.74,47,162,4.5,1,8.79351851851852,2,1,1,0,ca,93117,Santa Barbara,1
1591,Jack in the Box,"2352 east thompson boulevard, ventura, ca, 93003, us",6.24,,,11.73,4.99,,3.49,40,166,4.5,700+,8.711506024096387,2,1,1,0,ca,93003,Ventura,1
1592,Jack in the Box,"2115 south victoria ave., ventura, ca, 93003, us",6.24,,,11.73,4.99,,3.49,80,334,4.5,600+,9.024311377245509,2,1,1,0,ca,93003,Ventura,1
1593,Jack in the Box,"550 s victoria ave, oxnard, ca, 93035, us",6.86,,,12.23,4.49,,2.86,52,326,4.5,420+,8.470122699386504,2,1,1,0,ca,93035,Ventura,1
1594,Jack in the Box,"148 e san carlos st, san jose, ca, 95112, us",7.74,,,14.85,5.99,,4.61,41,182,4.399999999999999,2,10.186318681318681,2,1,1,0,ca,95112,Santa Clara,1
1595,Jack in the Box,"1490 monterey road, san jose, ca, 95110, us",6.61,,,13.23,5.24,,4.24,44,182,4.3,310+,10.031043956043957,2,1,1,0,ca,95110,Santa Clara,1
1596,Jack in the Box,"1558 w san carlos st, san jose, ca, 95126, us",7.74,,,14.85,5.99,,4.61,40,182,4.7,800+,10.187747252747254,2,1,1,0,ca,95126,Santa Clara,1
1597,Jack in the Box,"1075 willow street, san jose, ca, 95125, us",6.61,,,13.23,5.24,,4.24,45,184,4.3999999999999995,460+,9.991902173913045,2,1,1,0,ca,95125,Santa Clara,1
1598,Jack in the Box,"1841 story road, san jose, ca, 95122, us",5.86,,,12.1,4.49,,3.11,28,175,4.399999999999999,1,8.779428571428571,2,1,1,0,ca,95122,Santa Clara,1
1599,Jack in the Box,"697 curtner avenue, san jose, ca, 95125, us",6.61,,,13.23,5.24,,4.24,43,176,4.3999999999999995,370+,9.811022727272729,2,1,1,0,ca,95125,Santa Clara,1
1600,Jack in the Box,"200 west el camino real, mountain view, ca, 94040, us",7.49,,,14.23,5.24,,3.74,41,145,4.6000000000000005,1,8.839655172413794,2,1,1,0,ca,94040,Santa Clara,1
1601,Jack in the Box,"3367 el camino real, santa clara, ca, 95051, us",6.74,,,12.73,5.61,,4.11,33,156,4.6000000000000005,700+,9.239166666666666,2,1,1,0,ca,95051,Santa Clara,1
1602,Jack in the Box,"510 n shoreline blvd, mountain view, ca, 94043, us",6.74,,,12.73,5.61,,4.11,35,178,4.600000000000001,900+,9.847865168539327,2,1,1,0,ca,94043,Santa Clara,1
1603,Jack in the Box,"2845 augustine dr, santa clara, ca, 95054, us",6.74,,,12.73,5.61,,4.11,33,172,4.5,1,9.96889534883721,2,1,1,0,ca,95054,Santa Clara,1
1604,Jack in the Box,"3465 homestead rd, santa clara, ca, 95051, us",6.49,,,13.35,5.24,,3.61,32,182,4.3,440+,9.45291208791209,2,1,1,0,ca,95051,Santa Clara,1
1605,Jack in the Box,"4896 el camino real, los altos, ca, 94022, us",6.86,,,13.48,5.24,,3.74,46,168,4.700000000000001,490+,8.883392857142857,2,1,1,0,ca,94022,Santa Clara,1
1606,Jack in the Box,"640 ocean street, santa cruz, ca, 95060, us",7.49,,,14.23,5.24,,3.74,47,183,4.399999999999999,3,9.59169398907104,2,1,1,0,ca,95060,Santa Cruz,1
1607,Jack in the Box,"6014, scotts valley, ca, 95066, us",5.61,,,12.23,5.24,,4.24,42,177,4.6000000000000005,350+,10.02576271186441,2,1,1,0,ca,95066,Santa Cruz,1
1608,Jack in the Box,"1085 s green valley rd, watsonville, ca, 95076, us",7.49,,,14.23,5.24,,3.74,44,180,4.5,370+,9.67238888888889,2,1,1,0,ca,95076,Santa Cruz,1
1609,Jack in the Box,"1700, freedom, ca, 95019, us",7.49,,,14.23,5.24,,3.74,47,183,4.200000000000001,310+,9.59169398907104,2,1,1,0,ca,95019,Santa Cruz,1
1610,Jack in the Box,"15771, los gatos, ca, 95032, us",7.49,,,14.23,5.24,,3.74,44,181,4.600000000000001,290+,9.641712707182322,2,1,1,0,ca,95032,Santa Clara,1
1611,Jack in the Box,"400 broadway st., vallejo, ca, 94590, us",6.61,,,13.23,5.24,,4.24,44,183,4.399999999999999,500+,10.034207650273226,2,1,1,0,ca,94590,Solano,1
1612,Jack in the Box,"35 admiral callaghan ln, vallejo, ca, 94591, us",5.61,,,11.85,4.49,,3.11,34,175,4.399999999999999,800+,8.743142857142859,2,1,1,0,ca,94591,Solano,1
1613,Jack in the Box,"1610 lewis brown dr, vallejo, ca, 94589, us",6.61,,,13.23,5.24,,4.24,44,183,4.5,500+,10.030054644808745,2,1,1,0,ca,94589,Solano,1
1614,Jack in the Box,"107 west american canyon road, american canyon, ca, 94503, us",6.61,,,13.23,5.24,,4.24,44,183,4.5,320+,10.034207650273226,2,1,1,0,ca,94503,Napa,1
1615,Jack in the Box,"3800 san pablo ave bldg a, hercules, ca, 94547, us",6.86,,,13.73,4.99,,3.99,42,182,4.3,310+,9.66456043956044,2,1,1,0,ca,94547,Contra Costa,1
1616,Jack in the Box,"2689, pinole, ca, 94564, us",6.86,,,13.73,4.99,,3.99,42,181,4.399999999999999,500+,9.673149171270719,2,1,1,0,ca,94564,Contra Costa,1
1617,Jack in the Box,"1980 n. texas st., fairfield, ca, 94533, us",6.86,,,13.35,5.24,,4.24,43,177,4.3,600+,10.064406779661017,2,1,1,0,ca,94533,Solano,1
1618,Jack in the Box,"1965 w. texas st., fairfield, ca, 94533, us",6.86,,,13.35,5.24,,4.24,42,176,4.6000000000000005,300+,10.157784090909091,2,1,1,0,ca,94533,Solano,1
1619,Jack in the Box,"499 grizzly island rd, suisun city, ca, 94585, us",6.86,,,13.35,5.24,,4.24,43,170,4.399999999999999,270+,9.372294117647058,2,1,1,0,ca,94585,Solano,1
1620,Jack in the Box,"1035 alamo dr, vacaville, ca, 95687, us",7.74,,,14.85,5.99,,4.61,40,179,4.5,370+,10.228100558659218,2,1,1,0,ca,95687,Solano,1
1621,Jack in the Box,"107 red top road, fairfield, ca, 94534, us",6.86,,,13.35,5.24,,4.24,43,171,4.6000000000000005,160+,10.102748538011697,2,1,1,0,ca,94534,Solano,1
1622,Jack in the Box,"290 e monte vista ave, vacaville, ca, 95688, us",6.86,,,13.35,4.99,,3.99,41,171,4.6000000000000005,120+,9.663742690058479,2,1,1,0,ca,95688,Solano,1
1623,Jack in the Box,"425 sebastopol road, santa rosa, ca, 95407, us",7.74,,,14.98,5.24,,4.24,46,179,4.299999999999999,700+,10.075865921787711,2,1,1,0,ca,95407,Sonoma,1
1624,Jack in the Box,"2550 hoen frontage road, santa rosa, ca, 95405, us",7.74,,,14.98,5.24,,4.24,46,182,4.2,600+,10.098516483516486,2,1,1,0,ca,95405,Sonoma,1
1625,Jack in the Box,"1004 steele ln, santa rosa, ca, 95403, us",6.86,,,13.73,4.99,,3.99,43,183,4.399999999999999,800+,9.461256830601094,2,1,1,0,ca,95403,Sonoma,1
1626,Jack in the Box,"2755, santa rosa, ca, 95407, us",7.74,,,14.98,5.24,,4.24,45,177,4.3999999999999995,390+,10.174915254237288,2,1,1,0,ca,95407,Sonoma,1
1627,Jack in the Box,"3086 marlow rd, santa rosa, ca, 95403, us",7.36,,,14.23,5.36,,4.24,48,170,4.5,500+,9.386117647058823,2,1,1,0,ca,95403,Sonoma,1
1628,Jack in the Box,"6299 commerce blvd, rohnert park, ca, 94928, us",6.86,,,13.73,4.99,,3.99,44,180,4.5,1,9.530222222222223,2,1,1,0,ca,94928,Sonoma,1
1629,Jack in the Box,"1120 s mooney blvd, visalia, ca, 93277, us",9.11,,,18.35,5.99,,4.99,39,178,4.5,410+,11.30112359550562,2,1,1,0,ca,93277,Tulare,1
1630,Jack in the Box,"1400 n ben maddox way, visalia, ca, 93292, us",9.11,,,18.35,5.99,,4.99,39,179,4.399999999999999,300+,11.288491620111733,2,1,1,0,ca,93292,Tulare,1
1631,Jack in the Box,"3416 north dinuba boulevard, visalia, ca, 93291, us",9.11,,,18.35,5.99,,4.99,37,154,4.7,59,10.770194805194807,2,1,1,0,ca,93291,Tulare,1
1632,Jack in the Box,"1145 south lovers ln, visalia, ca, 93292, us",9.11,,,18.35,5.99,,4.99,39,168,3.5,23,11.484523809523811,2,1,1,0,ca,93292,Tulare,1
1633,Jack in the Box,"107 w caldwell ave, visalia, ca, 93277, us",9.11,,,18.35,5.99,,4.99,37,166,4.5,180+,11.39090361445783,2,1,1,0,ca,93277,Tulare,1
1634,Jack in the Box,"5340 w cypress ave, visalia, ca, 93277, us",9.11,,,18.35,5.99,,4.99,37,163,4.5,260+,10.643374233128833,2,1,1,0,ca,93277,Tulare,1
1635,Jack in the Box,"960 n ventura rd, oxnard, ca, 93030, us",6.86,,,12.23,4.49,,2.86,27,180,4.600000000000001,500+,9.023,2,1,1,0,ca,93030,Ventura,1
1636,Jack in the Box,"2800 s rose ave, oxnard, ca, 93033, us",5.86,,,,,,3.61,32,157,4.399999999999999,500+,8.68375796178344,2,1,1,0,ca,93033,Ventura,1
1637,Jack in the Box,"2580 north vineyard avenue, oxnard, ca, 93030, us",6.24,,,12.35,4.99,,3.49,28,175,4.5,500+,9.141942857142858,2,1,1,0,ca,93030,Ventura,1
1638,Jack in the Box,"814 n. ventura rd., port hueneme, ca, 93041, us",6.24,,,12.35,4.99,,3.49,23,170,4.600000000000001,500+,9.263882352941176,2,1,1,0,ca,93041,Ventura,1
1639,Jack in the Box,"495 n d st, san bernardino, ca, 92401, us",6.86,,,13.36,4.86,,3.74,58,326,4.5,900+,9.12239263803681,2,1,1,0,ca,92401,San Bernardino,1
1640,Jack in the Box,"8134 sierra ave, fontana, ca, 92335, us",6.24,,,,,,3.49,26,139,4.5,1,8.739352517985612,2,1,1,0,ca,92335,San Bernardino,1
1641,Jack in the Box,"532 hegenberger road, oakland, ca, 94621, us",6.49,,,12.6,4.99,,3.61,41,176,4.200000000000001,2,9.459090909090909,2,1,1,0,ca,94621,Alameda,1
1642,Jack in the Box,"339 paradise avenue, modesto, ca, 95351, us",7.49,,,14.73,5.24,,4.24,44,167,3.6999999999999993,240+,9.507305389221557,2,1,1,0,ca,95351,Stanislaus,1
1643,Jack in the Box,"4601 broadway, sacramento, ca, 95820, us",6.61,,,13.85,5.36,,3.99,40,168,4.299999999999999,1,9.930833333333334,2,1,1,0,ca,95820,Sacramento,1
1644,Jack in the Box,"10110 sierra ave, fontana, ca, 92335, us",5.51,,,11.26,4.31,,3.35,36,171,4.5,900+,8.66812865497076,2,1,1,0,ca,92335,San Bernardino,1
1645,Jack in the Box,"602 w. napa st., sonoma, ca, 95476, us",7.74,,,14.98,5.24,,4.24,46,179,4.200000000000001,270+,10.265027932960894,2,1,1,0,ca,95476,Sonoma,1
1646,Jack in the Box,"1641 trancas street, napa, ca, 94558, us",5.36,,,11.48,4.99,,3.74,49,178,4.600000000000001,900+,9.385617977528089,2,1,1,0,ca,94558,Napa,1
1647,Jack in the Box,"14485 foothill blvd, fontana, ca, 92335, us",5.74,,,,,,3.36,27,139,4.6000000000000005,470+,8.818992805755396,2,1,1,0,ca,92335,San Bernardino,1
1648,Jack in the Box,"20168 highway 18, apple valley, ca, 92307, us",7.49,,,13.49,5.24,,3.11,37,166,4.399999999999999,600+,9.533734939759036,2,1,1,0,ca,92307,San Bernardino,1
1649,Jack in the Box,"3886 chicago ave., riverside, ca, 92507, us",7.49,,,13.99,5.24,,3.11,42,147,4.399999999999999,460+,8.560068027210884,2,1,1,0,ca,92507,Riverside,1
1650,Jack in the Box,"6025, long beach, ca, 90805, us",6.86,,,13.36,4.86,,3.99,41,153,4.299999999999999,900+,8.364444444444445,2,1,1,0,ca,90805,Los Angeles,1
1651,Jack in the Box,"6131 greenback ln, citrus heights, ca, 95621, us",7.49,,,14.73,5.24,,4.24,41,168,4.5,700+,10.481309523809525,2,1,1,0,ca,95621,Sacramento,1
1652,Jack in the Box,"497 s e st, san bernardino, ca, 92401, us",6.86,,,13.36,4.86,,3.74,29,163,4.600000000000001,250+,9.32723926380368,2,1,1,0,ca,92401,San Bernardino,1
1653,Jack in the Box,"147 s oswell st, bakersfield, ca, 93307, us",7.49,,,13.73,5.36,,4.36,38,173,4.399999999999999,450+,10.027398843930637,2,1,1,0,ca,93307,Kern,1
1654,Jack in the Box,"17020 s highland ave, fontana, ca, 92336, us",6.99,,,13.48,5.24,,3.36,26,178,4.5,390+,9.393707865168539,2,1,1,0,ca,92336,San Bernardino,1
1655,Jack in the Box,"475 s cedar ave, rialto, ca, 92376, us",6.24,,,,,,3.49,26,138,4.5,1,8.743913043478262,2,1,1,0,ca,92376,San Bernardino,1
1656,Jack in the Box,"2135 railroad avenue, pittsburg, ca, 94565, us",5.86,,,12.1,4.49,,3.36,24,169,4.5,600+,9.04698224852071,2,1,1,0,ca,94565,Contra Costa,1
1657,Jack in the Box,"7261 citrus ave, fontana, ca, 92336, us",7.36,,,,,,3.61,25,138,4.3,100+,9.157246376811592,2,1,1,0,ca,92336,San Bernardino,1
1658,Jack in the Box,"22220 wilmington avenue, carson, ca, 90745, us",6.61,,,,,,3.74,26,138,4.600000000000001,500+,8.932898550724637,2,1,1,0,ca,90745,Los Angeles,1
1659,Jack in the Box,"939 e, carson, ca, 90745, us",7.24,,,,,,3.61,28,137,4.3999999999999995,350+,9.412189781021898,2,1,1,0,ca,90745,Los Angeles,1
1660,Jack in the Box,"2044 w orangeburg ave, modesto, ca, 95350, us",7.49,,,14.73,5.24,,4.24,44,174,4.600000000000001,260+,10.19344827586207,2,1,1,0,ca,95350,Stanislaus,1
1661,Jack in the Box,"3506 west hammer ln, stockton, ca, 95219, us",7.49,,,14.73,5.24,,4.24,41,180,4.100000000000001,220+,10.412777777777778,2,1,1,0,ca,95219,San Joaquin,1
1662,Jack in the Box,"4011 bonita rd, bonita, usa, chula vista, ca, 91902, us",7.86,,,14.98,4.99,,3.74,36,169,4.5,450+,9.930828402366867,2,1,1,0,ca,91902,San Diego,1
1663,Jack in the Box,"4228 n figueroa st, los angeles, ca, 90065, us",6.86,,,13.74,3.74,,3.11,16,162,4.600000000000001,1,9.03969135802469,2,1,1,0,ca,90065,Los Angeles,1
1664,Wendy,"5211 broadway, oakland, ca, 94618, us",7.92,3.04,2.67,9.69,2.69,3.65,2.06,22,200,4.5,3,5.001699999999999,2,1,1,0,ca,94618,Alameda,1
1665,Wendy,"3111 e. 14th street, oakland, ca, 94601, us",8.28,3.04,2.18,9.99,2.99,4.62,2.43,41,247,4.399999999999999,1,5.483157894736843,2,1,1,0,ca,94601,Alameda,1
1666,Wendy,"189 98th avenue, oakland, ca, 94603, us",8.41,4.01,2.31,9.99,2.99,4.14,2.43,46,201,4.5,800+,5.897064676616915,2,1,1,0,ca,94603,Alameda,1
1667,Wendy,"1185, san leandro, ca, 94577, us",8.77,3.04,2.18,,,4.14,2.43,42,100,4.399999999999999,1,6.138799999999999,2,1,1,0,ca,94577,Alameda,1
1668,Wendy,"12201 san pablo avenue, richmond, ca, 94805, us",7.92,3.04,2.67,9.69,2.69,3.65,2.06,28,302,4.5,1,4.8739072847682126,2,1,1,0,ca,94805,Contra Costa,1
1669,Wendy,"17435 hesperian blvd, san lorenzo, ca, 94580, us",6.49,2.49,2.19,,,2.99,1.69,30,200,4.5,700+,5.53285,2,1,1,0,ca,94580,Alameda,1
1670,Wendy,"39175 blacow road, fremont, ca, 94538, us",7.92,3.04,2.67,,,3.65,1.94,9,50,4.6,1,5.7014,2,1,1,0,ca,94538,Alameda,1
1671,Wendy,"5535 automall parkway, fremont, ca, 94538, us",7.92,3.04,2.67,,,3.65,1.94,9,50,4.699999999999999,500+,5.7014,2,1,1,0,ca,94538,Alameda,1
1672,Wendy,"35229, newark, ca, 94560, us",9.14,3.4,3.04,,,3.65,2.31,40,98,4.600000000000001,600+,6.484081632653062,2,1,1,0,ca,94560,Alameda,1
1673,Wendy,"23969 mission blvd., hayward, ca, 94544, us",7.92,3.04,2.67,,,3.65,2.06,18,102,4.600000000000002,1,5.6752941176470575,2,1,1,0,ca,94544,Alameda,1
1674,Wendy,"7143, dublin, ca, 94568, us",7.92,3.04,2.67,,,3.65,2.06,9,51,4.5,460+,5.675294117647058,2,1,1,0,ca,94568,Alameda,1
1675,Wendy,"2475, castro valley, ca, 94546, us",7.92,3.04,2.67,,,3.65,2.06,9,49,4.5,800+,5.748163265306123,2,1,1,0,ca,94546,Alameda,1
1676,Wendy,"5943, pacheco, ca, 94553, us",9.26,3.77,3.4,11.49,3.59,4.26,2.43,33,189,4.5,700+,6.06973544973545,2,1,1,0,ca,94553,Contra Costa,1
1677,Wendy,"2955 north main st., walnut creek, ca, 94597, us",7.92,3.04,2.67,,,3.65,2.06,9,53,4.5,1,5.753018867924528,2,1,1,0,ca,94597,Contra Costa,1
1678,Wendy,"2243 loveridge road, pittsburg, ca, 94565, us",7.31,3.28,2.43,,,3.65,2.06,12,50,4.5,500+,5.7791999999999994,2,1,1,0,ca,94565,Contra Costa,1
1679,Wendy,"1809 a street, antioch, ca, 94509, us",5.99,2.69,1.99,,,2.99,1.69,4,50,4.5,700+,4.708,2,1,1,0,ca,94509,Contra Costa,1
1680,Wendy,"2222, san ramon, ca, 94583, us",6.49,2.49,2.19,,,2.99,1.69,3,51,4.5,310+,4.623333333333333,2,1,1,0,ca,94583,Contra Costa,1
1681,Wendy,"1080 e main st, oakley, ca, 94561, us",5.99,2.69,2.19,,,2.99,1.69,5,55,4.899999999999999,38,4.588181818181819,2,1,1,0,ca,94561,Contra Costa,1
1682,Wendy,"1140 c street, fresno, ca, 93706, us",8.77,3.77,3.4,,,4.14,2.06,21,52,4.300000000000001,220+,6.995769230769231,2,1,1,0,ca,93706,Fresno,1
1683,Wendy,"2005 n blackstone, fresno, ca, 93703, us",8.77,3.77,3.4,,,4.14,2.06,17,52,4.4,390+,7.1496153846153865,2,1,1,0,ca,93703,Fresno,1
1684,Wendy,"3210 e jensen, fresno, ca, 93725, us",9.02,3.89,3.53,,,4.26,2.14,21,52,4.300000000000001,160+,7.1573076923076915,2,1,1,0,ca,93725,Fresno,1
1685,Wendy,"765 south clovis avenue, fresno, ca, 93727, us",8.77,3.77,3.4,,,4.14,2.06,21,52,4.199999999999999,370+,6.9957692307692305,2,1,1,0,ca,93727,Fresno,1
1686,Wendy,"1778 e. shaw, fresno, ca, 93710, us",9.02,3.89,3.53,,,4.26,2.14,21,52,4.4,480+,7.1573076923076915,2,1,1,0,ca,93710,Fresno,1
1687,Wendy,"420 shaw avenue, clovis, ca, 93612, us",9.33,3.97,3.6,,,4.38,2.18,21,52,4.5,500+,7.322115384615386,2,1,1,0,ca,93612,Fresno,1
1688,Wendy,"2501 n. chester, oildale, ca, 93308, us",9.14,3.65,3.16,,,3.65,2.31,19,50,4.4,500+,6.6678,2,1,1,0,ca,93308,Kern,1
1689,Wendy,"2608 oswell st., bakersfield, ca, 93306, us",9.14,3.65,3.16,,,3.65,2.31,19,50,4.4,900+,6.6678,2,1,1,0,ca,93306,Kern,1
1690,Wendy,"9180 rosedale hwy, bakersfield, ca, 93312, us",9.14,3.65,3.16,,,3.65,2.31,19,50,4.6,900+,6.6678,2,1,1,0,ca,93312,Kern,1
1691,Wendy,"2150 panama lane, bakersfield, ca, 93307, us",9.14,3.65,3.16,,,3.65,2.31,19,49,4.5,500+,6.65469387755102,2,1,1,0,ca,93307,Kern,1
1692,Wendy,"4650 gosford road, bakersfield, ca, 93313, us",9.14,3.65,3.16,,,3.65,2.31,19,50,4.6,900+,6.6678,2,1,1,0,ca,93313,Kern,1
1693,Wendy,"800 south figueroa street, los angeles, ca, 90017, us",9.14,4.14,3.65,,,4.26,2.92,23,52,4.5,3,6.8803846153846155,2,1,1,0,ca,90017,Los Angeles,1
1694,Wendy,"1305 n. vermont ave., hollywood, ca, 90027, us",8.53,3.89,3.4,,,4.14,2.79,19,50,4.6,9,6.603400000000001,2,1,1,0,ca,90027,Los Angeles,1
1695,Wendy,"4148 florence ave, bell, ca, 90201, us",8.89,3.65,2.43,,,3.65,1.94,15,52,4.6,3,6.930192307692307,2,1,1,0,ca,90201,Los Angeles,1
1696,Wendy,"245 south atlantic, alhambra, ca, 91801, us",8.28,3.04,2.67,,,3.65,2.43,17,50,4.6,3,6.1419999999999995,2,1,1,0,ca,91801,Los Angeles,1
1697,Wendy,"7135 sunset blvd, los angeles, ca, 90046, us",8.53,3.89,3.4,,,4.14,2.79,19,50,4.5,9,6.603400000000001,2,1,1,0,ca,90046,Los Angeles,1
1698,Wendy,"3297 tweedy boulevard, south gate, ca, 90280, us",8.89,3.65,2.43,,,3.65,1.94,15,50,4.5,2,7.1102,2,1,1,0,ca,90280,Los Angeles,1
1699,Wendy,"2201 bellflower blvd., long beach, ca, 90815, us",8.53,3.89,3.4,,,4.14,2.79,19,50,4.4,2,6.603400000000001,2,1,1,0,ca,90815,Los Angeles,1
1700,Wendy,"2438 e carson st, lakewood, ca, 90712, us",7.92,3.65,2.79,,,3.77,1.82,15,49,4.5,2,6.079183673469389,2,1,1,0,ca,90712,Los Angeles,1
1701,Wendy,"23750 main street, carson, ca, 90745, us",8.89,4.01,3.65,,,4.38,2.67,12,50,4.699999999999999,1,7.2612,2,1,1,0,ca,90745,Los Angeles,1
1702,Wendy,"29035 s western ave, rancho palos verdes, ca, 90275, us",8.89,3.65,2.43,,,3.65,1.94,10,54,4.0,62,7.148888888888888,2,1,1,0,ca,90275,Los Angeles,1
1703,Wendy,"4314 south street, lakewood, ca, 90712, us",8.89,3.65,2.43,,,3.65,1.94,15,50,4.6,2,7.1102,2,1,1,0,ca,90712,Los Angeles,1
1704,Wendy,"6620 atlantic avenue, long beach, ca, 90805, us",8.89,4.01,3.65,,,4.38,2.67,16,52,4.4,1,6.902692307692307,2,1,1,0,ca,90805,Los Angeles,1
1705,Wendy,"26538 bouquet canyon, saugus, ca, 91350, us",,3.65,2.79,,,3.77,1.82,16,47,4.599999999999999,700+,5.827021276595744,2,1,1,0,ca,91350,Los Angeles,1
1706,Wendy,"27544 the old road, valencia, ca, 91355, us",,3.65,2.79,,,3.77,1.82,16,48,4.7,260+,6.086666666666667,2,1,1,0,ca,91355,Los Angeles,1
1707,Wendy,"24525 lyons avenue, santa clarita, ca, 91321, us",7.92,3.65,2.79,,,3.77,1.82,16,50,4.699999999999999,600+,6.040400000000001,2,1,1,0,ca,91321,Los Angeles,1
1708,Wendy,"28180 newhall ranch road, santa clarita, ca, 91355, us",7.92,3.65,2.79,,,3.77,1.82,16,51,4.5,460+,6.280588235294119,2,1,1,0,ca,91355,Los Angeles,1
1709,Wendy,"19018 soledad canyon rd, canyon country, ca, 91351, us",7.92,3.65,2.79,,,3.77,1.82,16,53,4.6,1,6.11679245283019,2,1,1,0,ca,91351,Los Angeles,1
1710,Wendy,"18507 devonshire street, northridge, ca, 91324, us",8.28,3.65,3.28,,,3.89,2.67,19,50,4.699999999999999,1,6.4113999999999995,2,1,1,0,ca,91324,Los Angeles,1
1711,Wendy,"500 e washington st, petaluma, ca, 94952, us",7.92,3.04,2.67,,,3.65,1.94,10,102,4.600000000000002,460+,5.0971568627450985,2,1,1,0,ca,94952,Marin,1
1712,Wendy,"1581 fitzgerald drive, pinole, ca, 94564, us",6.59,3.39,2.29,12.19,4.14,2.79,1.99,47,138,4.2,700+,6.556376811594204,2,1,1,0,ca,94564,Contra Costa,1
1713,Wendy,"1001 redwood, vallejo, ca, 94590, us",6.49,2.49,2.19,11.82,3.28,2.99,1.69,18,201,4.5,1,5.54776119402985,2,1,1,0,ca,94590,Solano,1
1714,Wendy,"1450 trancas st, napa, ca, 94558, us",6.49,2.49,2.19,9.69,2.69,2.99,1.69,12,201,4.6000000000000005,800+,4.986019900497513,2,1,1,0,ca,94558,Napa,1
1715,Wendy,"1850, santa rosa, ca, 95407, us",6.49,2.49,2.19,,,2.99,1.69,12,100,4.5,1,5.225899999999999,2,1,1,0,ca,95407,Sonoma,1
1716,Wendy,"1339 north main, salinas, ca, 93906, us",9.26,3.77,3.4,14.02,4.38,4.26,2.43,39,92,4.5,500+,7.461304347826086,2,1,1,0,ca,93906,Monterey,1
1717,Wendy,"1369 north davis road, salinas, ca, 93907, us",7.31,3.28,2.67,11.46,3.65,3.65,2.06,12,87,4.7,140+,6.886321839080461,2,1,1,0,ca,93907,Monterey,1
1718,Wendy,"393 e 10th st, gilroy, ca, 95020, us",10.36,4.01,2.92,14.99,3.89,3.28,2.31,25,92,4.3,150+,7.736739130434782,2,1,1,0,ca,95020,Santa Clara,1
1719,Wendy,"1737 e 17th st, santa ana, ca, 92705, us",8.89,4.14,3.65,,,4.01,1.21,18,50,4.6,1,6.4502,2,1,1,0,ca,92705,Orange,1
1720,Wendy,"3739 w. chapman ave., orange, ca, 92868, us",7.92,3.65,2.79,,,3.77,1.82,32,100,4.600000000000001,2,6.040400000000001,2,1,1,0,ca,92868,Orange,1
1721,Wendy,"13922 redhill avenue, tustin, ca, 92780, us",8.89,4.01,3.65,,,4.38,2.67,16,50,4.699999999999999,1,7.1012,2,1,1,0,ca,92780,Orange,1
1722,Wendy,"10040 chapman ave., garden grove, ca, 92840, us",8.89,4.14,3.65,,,4.01,1.21,36,100,4.7,1,6.450200000000002,2,1,1,0,ca,92840,Orange,1
1723,Wendy,"17940 brookhurst ave, fountain valley, ca, 92708, us",8.89,4.14,3.65,,,4.01,1.21,18,49,4.6000000000000005,2,6.43265306122449,2,1,1,0,ca,92708,Orange,1
1724,Wendy,"14386 culver drive, irvine, ca, 92604, us",8.89,4.01,3.65,,,4.38,2.67,16,50,4.5,900+,7.1012,2,1,1,0,ca,92604,Orange,1
1725,Wendy,"1012 n. state college blvd., anaheim, ca, 92806, us",8.89,4.14,3.65,,,4.01,1.21,18,50,4.6,1,6.4502,2,1,1,0,ca,92806,Orange,1
1726,Wendy,"680 n. euclid ave., anaheim, ca, 92801, us",8.89,4.01,3.65,,,4.38,2.67,16,50,4.6,1,7.1012,2,1,1,0,ca,92801,Orange,1
1727,Wendy,"11430 beach blvd, stanton, ca, 90680, us",8.89,4.01,3.65,,,4.38,2.67,16,49,4.699999999999999,600+,7.0771428571428565,2,1,1,0,ca,90680,Orange,1
1728,Wendy,"7570 orangethorpe, buena park, ca, 90621, us",8.89,4.01,3.65,,,4.38,2.67,16,50,4.6,800+,7.101199999999999,2,1,1,0,ca,90621,Orange,1
1729,Wendy,"6435 antelope road, citrus hts., ca, 95621, us",9.33,3.97,3.6,,,4.38,2.18,21,51,4.6,370+,7.347254901960785,2,1,1,0,ca,95621,Sacramento,1
1730,Wendy,"7983 greenback lane, citrus hts., ca, 95610, us",9.02,3.89,3.53,9.85,3.59,4.26,2.14,30,150,4.5,500+,6.571866666666667,2,1,1,0,ca,95610,Sacramento,1
1731,Wendy,"4320 watt ave, sacramento, ca, 95821, us",8.77,3.77,3.4,,,4.14,2.06,42,104,4.1000000000000005,500+,6.9957692307692305,2,1,1,0,ca,95821,Sacramento,1
1732,Wendy,"348 n. sunrise avenue, roseville, ca, 95661, us",9.02,3.89,3.53,12.02,4.38,4.26,2.14,48,149,4.399999999999999,180+,7.6248322147651,2,1,1,0,ca,95661,Placer,1
1733,Wendy,"924 pleasant grove blvd, roseville, ca, 95678, us",9.33,3.97,3.6,12.43,4.5,4.38,2.18,48,150,4.7,350+,7.732533333333334,2,1,1,0,ca,95678,Placer,1
1734,Wendy,"1300 east, roseville, ca, 95661, us",,,,,5.79,4.99,,23,105,4.5,120+,10.339238095238095,2,1,1,0,ca,95661,Placer,1
1735,Wendy,"2560 bell rd, auburn, ca, 95602, us",7.92,3.04,2.67,11.82,3.16,3.65,1.94,11,97,4.399999999999999,92,6.495463917525774,2,1,1,0,ca,95602,Placer,1
1736,Wendy,"1101 riley ave, folsom, ca, 95630, us",9.02,3.89,3.53,12.02,4.38,4.26,2.14,31,98,4.299999999999999,89,7.738979591836736,2,1,1,0,ca,95630,Sacramento,1
1737,Wendy,"2505 iron point road, folsom, ca, 95630, us",9.02,3.89,3.53,12.02,4.38,4.26,2.14,31,97,4.200000000000001,74,7.79298969072165,2,1,1,0,ca,95630,Sacramento,1
1738,Wendy,"10020 arlington avenue, riverside, ca, 92503, us",8.89,4.01,3.65,14.99,4.75,4.38,2.67,82,237,4.379324894514767,420+,8.216329113924052,2,1,1,0,ca,92503,Riverside,1
1739,Wendy,"12410 day street, moreno valley, ca, 92553, us",8.89,4.01,3.65,,,4.38,2.67,48,200,4.700000000000001,700+,7.2612,2,1,1,0,ca,92553,Riverside,1
1740,Wendy,"1090 n. pepper ave., colton, ca, 92324, us",7.92,3.65,2.79,,,3.77,1.82,36,102,4.399999999999998,1,6.359019607843139,2,1,1,0,ca,92324,San Bernardino,1
1741,Wendy,"16984 valley blvd., fontana, ca, 92335, us",7.92,3.65,2.79,,,3.77,1.82,36,102,4.5,900+,6.359019607843139,2,1,1,0,ca,92335,San Bernardino,1
1742,Wendy,"11053 riverside drive, jurupa valley, ca, 92509, us",9.75,1.7,1.7,,,3.4,2.43,32,106,4.299999999999999,100+,6.524528301886791,2,1,1,0,ca,92509,Riverside,1
1743,Wendy,"1991, redlands, ca, 92373, us",7.92,3.65,2.79,,,3.77,1.82,16,51,4.5,1,6.280588235294117,2,1,1,0,ca,92373,San Bernardino,1
1744,Wendy,"22320 cactus ave, moreno valley, ca, 92553, us",8.89,4.01,3.65,,,4.38,2.67,12,52,4.5,150+,7.0565384615384605,2,1,1,0,ca,92553,Riverside,1
1745,Wendy,"8745 trautwein road, riverside, ca, 92508, us",7.92,3.65,2.79,,,3.77,1.82,20,50,4.4,360+,6.200400000000001,2,1,1,0,ca,92508,Riverside,1
1746,Wendy,"64 e ramona expy, perris, ca, 92571, us",,,,,,,,42,112,4.299999999999999,1,6.564910714285714,2,1,1,0,ca,92571,Riverside,1
1747,Wendy,"22580 cactus ave, moreno valley, ca, 92553, us",,,,,,,,13,38,4.699999999999998,130+,6.900789473684211,2,1,1,0,ca,92553,Riverside,1
1748,Wendy,"40460, murrieta, ca, 92563, us",8.28,3.65,3.28,,,3.89,2.67,17,50,4.4,500+,6.571399999999999,2,1,1,0,ca,92563,Riverside,1
1749,Wendy,"27672 jefferson avenue, temecula, ca, 92590, us",8.28,3.65,3.28,,,3.89,2.67,17,50,4.4,470+,6.571399999999999,2,1,1,0,ca,92590,Riverside,1
1750,Wendy,"29275 central avenue, lake elsinore, ca, 92532, us",7.92,3.65,2.79,,,3.77,1.82,20,50,4.4,410+,6.200400000000001,2,1,1,0,ca,92532,Riverside,1
1751,Wendy,"24620 madison ave, murrieta, ca, 92562, us",,,,,,,,33,149,4.399999999999999,340+,9.132214765100672,2,1,1,0,ca,92562,Riverside,1
1752,Wendy,"4180 northgate blvd., sacramento, ca, 95834, us",9.33,3.97,3.6,,,4.38,2.18,21,52,4.4,1,7.322115384615386,2,1,1,0,ca,95834,Sacramento,1
1753,Wendy,"2750 power inn road, sacramento, ca, 95826, us",8.77,3.77,3.4,,,4.14,2.06,17,52,4.199999999999999,800+,7.1496153846153865,2,1,1,0,ca,95826,Sacramento,1
1754,Wendy,"854 harbor blvd, west sacramento, ca, 95691, us",,,,,,,,5,61,4.5,440+,11.121803278688526,2,1,1,0,ca,95691,Yolo,1
1755,Wendy,"3027 k st, sacramento, ca, 95816, us",,,,,,,,8,70,4.399999999999998,1,7.208571428571428,2,1,1,0,ca,95816,Sacramento,1
1756,Wendy,"2077 e highland ave, san bernardino, ca, 92404, us",7.92,3.65,2.79,,,3.77,1.82,16,51,4.300000000000001,1,6.280588235294119,2,1,1,0,ca,92404,San Bernardino,1
1757,Wendy,"1110 s. mt. vernon ave., colton, ca, 92324, us",8.89,4.01,3.65,,,4.38,2.67,24,100,4.650000000000001,600+,7.261200000000001,2,1,1,0,ca,92324,San Bernardino,1
1758,Wendy,"494 south mount vernon ave, san bernadino, ca, 92410, us",,,,,,,,17,69,4.199999999999999,600+,9.745362318840579,2,1,1,0,ca,92410,San Bernardino,1
1759,Wendy,"524 inland center dr, san bernardino, ca, 92410, us",,,,,,,,6,57,4.6000000000000005,700+,11.751403508771931,2,1,1,0,ca,92410,San Bernardino,1
1760,Wendy,"1260 w. foothill blvd., rialto, ca, 92376, us",7.92,3.65,2.79,,,3.77,1.82,20,50,4.6,1,6.200400000000001,2,1,1,0,ca,92376,San Bernardino,1
1761,Wendy,"16833 valley blvd., fontana, ca, 92335, us",,,,,,,,15,59,4.5,2,6.543220338983051,2,1,1,0,ca,92335,San Bernardino,1
1762,Wendy,"1325 w foothill blvd, rialto, ca, 92376, us",,,,,,,,3,78,4.5,320+,9.781025641025643,2,1,1,0,ca,92376,San Bernardino,1
1763,Wendy,"14181 hwy 395, victorville, ca, 92392, us",7.92,3.65,2.79,,,3.77,1.82,16,51,4.5,800+,6.280588235294119,2,1,1,0,ca,92392,San Bernardino,1
1764,Wendy,"14798 lapaz drive, victorville, ca, 92395, us",7.92,3.65,2.79,,,3.77,1.82,16,51,4.5,600+,6.280588235294117,2,1,1,0,ca,92395,San Bernardino,1
1765,Wendy,"14303 bear valley road, victorville, ca, 92392, us",7.92,3.65,2.79,,,3.77,1.82,16,50,4.4,360+,6.040400000000001,2,1,1,0,ca,92392,San Bernardino,1
1766,Wendy,"14244 valley center dr, victorville, ca, 92395, us",,7.47,,,,,,26,98,4.299999999999999,600+,11.496020408163266,2,1,1,0,ca,92395,San Bernardino,1
1767,Wendy,"bear valley road &amp; mojave fish hatchery rd, hesperia, ca, 92395, us",7.92,3.65,2.79,,,3.77,1.82,16,50,4.300000000000001,340+,6.040400000000001,2,1,1,0,ca,92395,San Bernardino,1
1768,Wendy,"13342 main street, hesperia, ca, 92345, us",7.92,3.65,2.79,,,3.77,1.82,16,50,4.6,290+,6.0404,2,1,1,0,ca,92345,San Bernardino,1
1769,Wendy,"17375 main street, hesperia, ca, 92345, us",,,,,,3.77,1.82,11,23,4.5,460+,4.342173913043478,2,1,1,0,ca,92345,San Bernardino,1
1770,Wendy,"2825 el cajon blvd, san diego, ca, 92104, us",8.28,3.65,3.28,13.04,4.14,3.89,2.67,41,145,4.6000000000000005,3,6.96255172413793,2,1,1,0,ca,92104,San Diego,1
1771,Wendy,"1111 camino del rio s., mission valley, ca, 92108, us",8.53,3.89,3.4,13.29,4.26,4.14,2.79,41,143,4.5,600+,7.131328671328671,2,1,1,0,ca,92108,San Diego,1
1772,Wendy,"3760 midway drive, san diego, ca, 92110, us",8.53,3.89,3.4,13.29,4.26,4.14,2.79,22,95,4.5,1,7.423263157894735,2,1,1,0,ca,92110,San Diego,1
1773,Wendy,"8310 rio, san diego, ca, 92108, us",8.28,3.65,3.28,13.04,4.14,3.89,2.67,22,95,4.5,390+,7.252631578947366,2,1,1,0,ca,92108,San Diego,1
1774,Wendy,"6585 mission gorge road, san diego, ca, 92120, us",8.28,3.65,3.28,13.04,4.14,3.89,2.67,22,95,4.5,900+,7.252631578947366,2,1,1,0,ca,92120,San Diego,1
1775,Wendy,"618 e street, chula vista, ca, 91910, us",8.28,3.65,3.28,13.04,4.14,3.89,2.67,41,145,4.6000000000000005,2,6.96255172413793,2,1,1,0,ca,91910,San Diego,1
1776,Wendy,"960 eastlake parkway, chula vista, ca, 91914, us",8.28,3.65,3.28,,,3.89,2.67,19,50,4.6,1,6.4113999999999995,2,1,1,0,ca,91914,San Diego,1
1777,Wendy,"8749 campo road, la mesa, ca, 91941, us",8.53,3.89,3.4,,,4.14,2.79,19,50,4.5,2,6.603400000000001,2,1,1,0,ca,91941,San Diego,1
1778,Wendy,"1497 piper ranch road, san diego, ca, 92154, us",9.75,1.7,1.7,,,3.4,2.43,16,52,4.5,89,6.314807692307692,2,1,1,0,ca,92154,San Diego,1
1779,Wendy,"1002 mission avenue, oceanside, ca, 92054, us",,,,,,4.14,2.79,11,23,4.5,500+,4.543913043478263,2,1,1,0,ca,92054,San Diego,1
1780,Wendy,"3705 plaza drive, oceanside, ca, 92056, us",,,,,,4.14,2.79,11,23,4.599999999999998,500+,4.543913043478263,2,1,1,0,ca,92056,San Diego,1
1781,Wendy,"567 w., vista, ca, 92083, us",,,,,,4.14,2.79,11,23,4.5,600+,4.543913043478263,2,1,1,0,ca,92083,San Diego,1
1782,Wendy,"102 encinites blvd, encinitas, ca, 92024, us",,,,,,4.14,2.79,11,23,4.599999999999998,440+,4.543913043478263,2,1,1,0,ca,92024,San Diego,1
1783,Wendy,"960 w. el norte, escondido, ca, 92026, us",,,,,,3.19,2.19,10,23,4.599999999999998,500+,3.529130434782609,2,1,1,0,ca,92026,San Diego,1
1784,Wendy,"7401 mission st, daly city, ca, 94014, us",9.02,4.14,3.28,13.65,4.26,4.14,2.43,72,247,4.600000000000001,4,6.401376518218623,2,1,1,0,ca,94014,San Mateo,1
1785,Wendy,"176 gateway blvd, s.san francisco, ca, 94080, us",9.38,4.14,3.16,13.9,4.62,4.26,2.43,54,197,4.600000000000001,800+,6.5069543147208115,2,1,1,0,ca,94080,San Mateo,1
1786,Wendy,"499 el camino real, san bruno, ca, 94066, us",9.14,4.26,3.89,13.65,4.26,3.65,2.55,44,147,4.7,1,6.784217687074831,2,1,1,0,ca,94066,San Mateo,1
1787,Wendy,"710 third street, san francisco, ca, 94107, us",,,,,,,,8,40,4.5,10,4.5825000000000005,2,1,1,0,ca,94107,San Francisco,1
1788,Wendy,"2439 march ln., stockton, ca, 95207, us",9.14,3.65,3.16,,,3.65,2.31,15,50,4.4,500+,6.8278,2,1,1,0,ca,95207,San Joaquin,1
1789,Wendy,"4431 e. waterloo road, stockton, ca, 95215, us",9.33,3.97,3.6,,,4.38,2.18,17,52,4.4,220+,7.4759615384615365,2,1,1,0,ca,95215,San Joaquin,1
1790,Wendy,"10512 trinity park, stockton, ca, 95219, us",9.02,3.89,3.53,,,4.26,2.14,17,52,3.699999999999999,48,7.311153846153844,2,1,1,0,ca,95219,San Joaquin,1
1791,Wendy,"45 e harding way, stockton, ca, 95204, us",,,,,,,,13,46,4.4,500+,4.136521739130434,2,1,1,0,ca,95204,San Joaquin,1
1792,Wendy,"8600 curbaril ave, atascadero, ca, 93422, us",7.92,3.65,2.79,,,3.77,1.82,20,50,4.4,100+,6.200400000000001,2,1,1,0,ca,93422,San Luis Obispo,1
1793,Wendy,"153 south frontage road, nipomo, ca, 93444, us",7.92,3.65,2.79,,,3.77,1.82,40,106,4.600000000000001,24,5.959245283018869,2,1,1,0,ca,93444,San Luis Obispo,1
1794,Wendy,"141 niblick road, paso robles, ca, 93446, us",7.8,3.53,3.16,,,3.65,2.43,15,50,4.6,150+,6.3668000000000005,2,1,1,0,ca,93446,San Luis Obispo,1
1795,Wendy,"698 ralston avenue, belmont, ca, 94002, us",9.38,3.4,2.67,,,4.26,2.43,12,50,4.6,1,6.4807999999999995,2,1,1,0,ca,94002,San Mateo,1
1796,Wendy,"1852 el camino real, redwood city, ca, 94063, us",10.07,4.14,3.65,,,4.26,2.06,17,52,4.5,500+,7.75326923076923,2,1,1,0,ca,94063,San Mateo,1
1797,Wendy,"2120 n preisker lane, santa maria, ca, 93458, us",7.92,3.65,2.79,,,3.77,1.82,16,52,4.5,220+,5.882692307692308,2,1,1,0,ca,93458,Santa Barbara,1
1798,Wendy,"2150 south bradley road, santa maria, ca, 93455, us",7.8,3.53,3.16,,,3.65,2.43,15,50,4.699999999999999,220+,6.206799999999999,2,1,1,0,ca,93455,Santa Barbara,1
1799,Wendy,"1102 n. h street, lompoc, ca, 93436, us",6.39,2.89,2.59,,,2.99,1.99,6,50,4.699999999999999,300+,5.058000000000001,2,1,1,0,ca,93436,Santa Barbara,1
1800,Wendy,"5724 holli, goleta, ca, 93117, us",8.28,3.65,3.28,,,3.89,2.67,19,50,4.699999999999999,700+,6.4113999999999995,2,1,1,0,ca,93117,Santa Barbara,1
1801,Wendy,"2662 thompson blvd., ventura, ca, 93003, us",6.79,2.99,2.69,13.04,4.14,3.19,2.19,28,144,4.8,210+,6.579930555555555,2,1,1,0,ca,93003,Ventura,1
1802,Wendy,"1401 victoria, ventura, ca, 93003, us",6.79,2.99,2.69,13.04,4.14,3.19,2.19,28,142,4.600000000000002,350+,6.466056338028169,2,1,1,0,ca,93003,Ventura,1
1803,Wendy,"1405 monterey rd., san jose, ca, 95110, us",10.07,4.14,3.65,14.63,4.75,4.26,2.06,62,188,4.5,500+,7.943297872340425,2,1,1,0,ca,95110,Santa Clara,1
1804,Wendy,"2275 mc kee road, san jose, ca, 95133, us",10.36,4.26,2.92,15.36,4.26,3.89,2.31,72,184,4.3999999999999995,1,8.141304347826088,2,1,1,0,ca,95133,Santa Clara,1
1805,Wendy,"782 s. bascom, san jose, ca, 95128, us",10.07,4.14,3.65,14.63,4.75,4.26,2.06,62,190,4.600000000000001,500+,8.052210526315788,2,1,1,0,ca,95128,Santa Clara,1
1806,Wendy,"1845 e capitol expy, san jose, ca, 95121, us",10.07,4.14,3.65,14.63,4.75,4.26,2.06,31,95,4.600000000000002,800+,8.052210526315788,2,1,1,0,ca,95121,Santa Clara,1
1807,Wendy,"2624 s. bascom, san jose, ca, 95124, us",10.07,4.14,3.65,14.63,4.75,4.26,2.06,62,190,4.5,410+,8.052210526315788,2,1,1,0,ca,95124,Santa Clara,1
1808,Wendy,"990 saratoga ave, san jose, ca, 95129, us",10.36,4.26,2.92,15.36,4.26,3.89,2.31,70,186,4.5,900+,8.05494623655914,2,1,1,0,ca,95129,Santa Clara,1
1809,Wendy,"1313 s. wolfe road, sunnyvale, ca, 94087, us",10.07,4.14,3.65,14.63,4.75,4.26,2.06,31,94,4.600000000000002,800+,8.133510638297873,2,1,1,0,ca,94087,Santa Clara,1
1810,Wendy,"1480 freedom blvd, watsonville, ca, 95076, us",7.59,3.09,2.79,,,3.49,1.99,6,50,4.6,210+,5.376,2,1,1,0,ca,95076,Santa Cruz,1
1811,Wendy,"4447 central place, fairfield, ca, 94534, us",10.36,4.01,2.92,14.99,3.89,3.28,2.31,43,144,4.7,100+,7.455555555555555,2,1,1,0,ca,94534,Solano,1
1812,Wendy,"2045 north texas, fairfield, ca, 94533, us",7.92,3.04,2.67,,,3.65,1.94,9,51,4.4,800+,5.618039215686274,2,1,1,0,ca,94533,Solano,1
1813,Wendy,"1377 monte vista, vacaville, ca, 95688, us",9.14,3.77,2.67,,,3.77,2.43,19,50,4.699999999999999,500+,6.499199999999999,2,1,1,0,ca,95688,Solano,1
1814,Wendy,"1501 mchenry ave, modesto, ca, 95350, us",9.14,3.65,3.16,,,3.65,2.31,15,45,4.300000000000002,500+,6.897333333333332,2,1,1,0,ca,95350,Stanislaus,1
1815,Wendy,"1617 north carpenter road, modesto, ca, 95351, us",9.14,3.65,3.16,,,3.65,2.31,19,50,4.1,120+,6.6678,2,1,1,0,ca,95351,Stanislaus,1
1816,Wendy,"1374 e. hatch rd., modesto, ca, 95351, us",9.14,3.65,3.16,,,3.65,2.31,19,50,4.4,270+,6.667799999999999,2,1,1,0,ca,95351,Stanislaus,1
1817,Wendy,"3250 dale rd., modesto, ca, 95356, us",9.14,3.65,3.16,,,3.65,2.31,19,51,4.6,130+,6.577450980392157,2,1,1,0,ca,95356,Stanislaus,1
1818,Wendy,"3450 w monte vista ave, turlock, ca, 95380, us",9.14,3.65,3.16,,,3.65,2.31,15,50,4.699999999999999,51,6.8278,2,1,1,0,ca,95380,Stanislaus,1
1819,Wendy,"2395 geer rd., turlock, ca, 95382, us",7.49,2.99,2.59,,,2.99,1.89,6,50,4.300000000000001,170+,5.435999999999999,2,1,1,0,ca,95382,Stanislaus,1
1820,Wendy,"1580 e. noble avenue, visalia, ca, 93292, us",9.02,3.89,3.53,,,4.26,2.14,21,54,4.6,280+,7.089629629629629,2,1,1,0,ca,93292,Tulare,1
1821,Wendy,"2125 n. dinuba ave, visalia, ca, 93291, us",8.77,3.77,3.4,,,4.14,2.06,21,52,4.199999999999999,54,6.9957692307692305,2,1,1,0,ca,93291,Tulare,1
1822,Wendy,"plaza dr &amp; w hurley ave, visalia, ca, 93291, us",9.02,3.89,3.53,,,4.26,2.14,21,51,4.800000000000001,27,6.747647058823529,2,1,1,0,ca,93291,Tulare,1
1823,Wendy,"979 east paige avenue, tulare, ca, 93274, us",9.75,1.7,1.7,14.02,3.4,3.4,2.43,29,150,4.3,22,7.194533333333332,2,1,1,0,ca,93274,Tulare,1
1824,Wendy,"1959 w lacey blvd, hanford, ca, 93230, us",7.65,3.25,2.95,,,3.59,1.79,10,51,4.199999999999999,290+,5.639803921568628,2,1,1,0,ca,93230,Kings,1
1825,Wendy,"2010 n. rose avenue, oxnard, ca, 93036, us",7.8,3.53,3.16,12.43,3.89,3.65,2.43,17,95,4.600000000000002,440+,7.053999999999998,2,1,1,0,ca,93036,Ventura,1
1826,Wendy,"175 n ventura road, port hueneme, ca, 93041, us",7.8,3.53,3.16,12.43,3.89,3.65,2.43,17,93,4.7,500+,7.034838709677422,2,1,1,0,ca,93041,Ventura,1
1827,Wendy,"149 west ventura blvd, camarillo, ca, 93010, us",8.28,3.65,3.28,13.04,4.14,3.89,2.67,22,93,4.8,160+,7.149139784946234,2,1,1,0,ca,93010,Ventura,1
1828,Wendy,"307 arneill road, camarillo, ca, 93010, us",7.8,3.53,3.16,12.43,3.89,3.65,2.43,17,92,4.600000000000001,300+,6.997934782608695,2,1,1,0,ca,93010,Ventura,1
1829,Wendy,"27925 encanto dr., sun city, ca, 92586, us",8.89,4.01,3.65,14.99,4.75,4.38,2.67,54,192,4.5,400+,7.90484375,2,1,1,0,ca,92586,Riverside,1
1830,Wendy,"1830 n., perris, ca, 92571, us",7.92,3.65,2.79,12.92,4.01,3.77,1.82,47,145,4.5,500+,6.822344827586207,2,1,1,0,ca,92571,Riverside,1
1831,Wendy,"14320 slover ave, fontana, ca, 92337, us",9.75,1.7,1.7,14.02,3.4,3.4,2.43,34,185,3.3,41,7.2,2,1,1,0,ca,92337,San Bernardino,1
1832,Wendy,"941 n. milleken ave., ontario, ca, 91764, us",8.89,4.01,3.65,14.99,4.75,4.38,2.67,54,192,4.6000000000000005,360+,7.90484375,2,1,1,0,ca,91764,San Bernardino,1
1833,Wendy,"15110 east summit ave., fontana, ca, 92336, us",7.92,3.65,2.79,12.92,4.01,3.77,1.82,27,95,4.5,600+,7.307684210526318,2,1,1,0,ca,92336,San Bernardino,1
1834,Wendy,"1237 n. tustin, orange, ca, 92867, us",8.41,3.89,3.28,,,3.89,2.67,15,50,4.699999999999999,1,6.639199999999999,2,1,1,0,ca,92867,Orange,1
1835,Wendy,"2360 arena blvd, sacramento, ca, 95834, us",9.33,3.97,3.6,12.43,4.5,4.38,2.18,32,100,3.899999999999998,260+,7.403799999999999,2,1,1,0,ca,95834,Sacramento,1
1836,Wendy,"3450 w florida blvd, hemet, ca, 92545, us",7.92,3.65,2.79,,,3.77,1.82,20,51,4.5,470+,6.437450980392158,2,1,1,0,ca,92545,Riverside,1
1837,Wendy,"27879 baseline avenue, highland, ca, 92346, us",7.92,3.65,2.79,,,3.77,1.82,16,47,4.300000000000002,700+,6.498510638297873,2,1,1,0,ca,92346,San Bernardino,1
1838,Wendy,"17017 sierra lakes pkwy, fontana, ca, 92336, us",7.92,3.65,2.79,,,3.77,1.82,17,52,3.9000000000000004,60,6.064807692307692,2,1,1,0,ca,92336,San Bernardino,1
1839,Wendy,"1530 w. valley pkwy, escondido, ca, 92029, us",8.41,3.89,3.28,,,3.89,2.67,15,50,4.699999999999999,400+,6.6392,2,1,1,0,ca,92029,San Diego,1
1840,Wendy,"8871 bond road, elk grove, ca, 95624, us",9.02,3.89,3.53,,,4.26,2.14,17,52,4.199999999999999,410+,7.311153846153845,2,1,1,0,ca,95624,Sacramento,1
1841,Wendy,"1471 meadowview rd, sacramento, ca, 95822, us",8.77,3.77,3.4,,,4.14,2.06,17,52,4.199999999999999,490+,7.1496153846153865,2,1,1,0,ca,95822,Sacramento,1
1842,Wendy,"7164 blackstone blvd., fresno, ca, 93650, us",9.02,3.89,3.53,,,4.26,2.14,17,54,4.4,330+,7.155555555555554,2,1,1,0,ca,93650,Fresno,1
1843,Wendy,"8810 s garfield ave, s.gate, ca, 90280, us",7.92,3.4,2.67,,,3.65,2.31,13,49,4.800000000000001,3,5.699591836734693,2,1,1,0,ca,90280,Los Angeles,1
1844,Wendy,"7931 e stockton blvd, sacramento, ca, 95823, us",9.02,3.89,3.53,,,4.26,2.14,17,52,4.0,430+,7.311153846153844,2,1,1,0,ca,95823,Sacramento,1
1845,Wendy,"3565 central ave, riverside, ca, 92506, us",7.92,3.65,2.79,12.92,4.01,3.77,1.82,27,95,4.5,1,7.149684210526319,2,1,1,0,ca,92506,Riverside,1
1846,Wendy,"1201 e valley, alhambra, ca, 91801, us",9.02,4.14,3.65,12.92,4.62,4.01,1.21,30,95,4.600000000000002,1,7.4598947368421085,2,1,1,0,ca,91801,Los Angeles,1
1847,Wendy,"2646 watt avenue, sacramento, ca, 95821, us",8.77,3.77,3.4,,,4.14,2.06,17,52,4.300000000000001,360+,7.1496153846153865,2,1,1,0,ca,95821,Sacramento,1
1848,Wendy,"1180 fremont, seaside, ca, 93955, us",9.26,3.77,3.4,,,4.26,2.43,17,50,4.300000000000001,500+,6.755,2,1,1,0,ca,93955,Monterey,1
1849,Wendy,"2119 baseline road, upland, ca, 91784, us",8.89,4.01,3.65,14.99,4.75,4.38,2.67,31,95,4.600000000000002,600+,8.419684210526317,2,1,1,0,ca,91784,San Bernardino,1
1850,Wendy,"14439 baseline avenue, fontana, ca, 92336, us",7.92,3.65,2.79,12.92,4.01,3.77,1.82,26,93,4.600000000000002,800+,7.2119354838709695,2,1,1,0,ca,92336,San Bernardino,1
1851,Wendy,"3838 tyler street, riverside, ca, 92503, us",7.92,3.65,2.79,12.92,4.01,3.77,1.82,27,95,4.5,100+,6.751263157894739,2,1,1,0,ca,92503,Riverside,1
1852,Wendy,"15700 valley view ave, la mirada, ca, 90638, us",8.89,4.01,3.65,14.99,4.75,4.38,2.67,33,95,4.5,370+,8.480000000000002,2,1,1,0,ca,90638,Los Angeles,1
1853,Wendy,"12671 moreno beach drive, moreno valley, ca, 92555, us",7.92,3.65,2.79,,,3.77,1.82,20,50,4.5,1,6.200400000000001,2,1,1,0,ca,92555,Riverside,1
1854,Wendy,"11254, los alamitos, ca, 90720, us",9.02,4.14,3.65,12.92,4.62,4.01,1.21,29,94,4.600000000000002,800+,7.493936170212768,2,1,1,0,ca,90720,Orange,1
1855,Wendy,"725 west hammer lane, stockton, ca, 95210, us",8.77,3.77,3.4,,,4.14,2.06,17,52,4.300000000000001,270+,7.1496153846153865,2,1,1,0,ca,95210,San Joaquin,1
1856,Burger King,"1541 east 12th street, oakland, ca, 94606, us",8.99,3.59,5.39,15.49,4.79,,,22,99,4.600000000000001,1,8.756262626262627,2,1,1,0,ca,94606,Alameda,1
1857,Burger King,"4424 broadway, oakland, ca, 94611, us",9.11,3.23,5.03,,4.43,,2.99,24,73,4.6000000000000005,1,4.96,2,1,1,0,ca,94611,Alameda,1
1858,Burger King,"5701 christie avenue, emeryville, ca, 94608, us",11.19,5.09,6.49,18.89,5.79,,,22,105,4.5,800+,10.536380952380954,2,1,1,0,ca,94608,Alameda,1
1859,Burger King,"2200 otis drive, alameda, ca, 94501, us",9.11,3.23,5.03,,4.43,,2.99,24,73,4.1000000000000005,200+,4.96,2,1,1,0,ca,94501,Alameda,1
1860,Burger King,"4200 east 14th street, oakland, ca, 94601, us",9.35,2.99,4.79,16.06,4.31,,,23,102,4.5,1,8.28107843137255,2,1,1,0,ca,94601,Alameda,1
1861,Burger King,"7200 bancroft road, oakland, ca, 94605, us",9.11,3.23,5.03,,4.43,,2.99,44,139,4.25251798561151,700+,5.079280575539568,2,1,1,0,ca,94605,Alameda,1
1862,Burger King,"3996 washington boulevard, fremont, ca, 94538, us",10.2,4.93,6.91,17.03,4.39,,,20,101,4.5,500+,9.790396039603957,2,1,1,0,ca,94538,Alameda,1
1863,Burger King,"1801 decoto road, union city, ca, 94587, us",9.11,3.23,5.03,15.69,4.43,,2.99,26,116,4.399999999999999,390+,7.872327586206897,2,1,1,0,ca,94587,Alameda,1
1864,Burger King,"34943, newark, ca, 94560, us",9.99,3.99,7.49,15.49,5.99,,,20,96,4.700000000000001,500+,10.100104166666666,2,1,1,0,ca,94560,Alameda,1
1865,Burger King,"46700 mission boulevard, fremont, ca, 94539, us",10.2,4.93,6.91,17.03,4.39,,,21,103,4.600000000000002,140+,9.680582524271841,2,1,1,0,ca,94539,Alameda,1
1866,Burger King,"31361 alavarado niles road, union city, ca, 94587, us",6.99,2.29,3.89,15.69,3.79,,2.19,32,232,4.399999999999999,310+,7.569310344827586,2,1,1,0,ca,94587,Alameda,1
1867,Burger King,"29671 mission blvd., hayward, ca, 94544, us",9.59,3.99,5.49,14.99,5.99,,,48,204,4.299999999999999,190+,9.555196078431372,2,1,1,0,ca,94544,Alameda,1
1868,Burger King,"2757, castro valley, ca, 94546, us",10.2,4.93,6.91,17.03,4.39,,,21,103,4.399999999999998,410+,9.67669902912621,2,1,1,0,ca,94546,Alameda,1
1869,Burger King,"950 west a street, hayward, ca, 94541, us",9.11,3.23,5.03,15.69,4.43,,2.99,26,116,4.5,460+,7.872327586206897,2,1,1,0,ca,94541,Alameda,1
1870,Burger King,"26251 hesperian boulevard, hayward, ca, 94545, us",9.11,3.23,5.03,15.59,4.43,,2.99,28,153,4.600000000000001,500+,8.335032679738564,2,1,1,0,ca,94545,Alameda,1
1871,Burger King,"15050 e. 14th street, san leandro, ca, 94578, us",9.11,3.23,5.03,12.49,4.43,,2.99,27,116,4.5,700+,7.299051724137932,2,1,1,0,ca,94578,Alameda,1
1872,Burger King,"3399 port chicago hwy, concord, ca, 94520, us",10.39,4.29,5.69,18.09,5.79,,,23,105,4.399999999999999,270+,10.304,2,1,1,0,ca,94520,Contra Costa,1
1873,Burger King,"4320 clayton road, concord, ca, 94521, us",10.39,4.29,5.69,18.09,5.79,,,23,105,4.600000000000001,150+,10.304,2,1,1,0,ca,94521,Contra Costa,1
1874,Burger King,"677 contra costa boulevard, pleasant hill, ca, 94523, us",10.39,4.29,5.69,18.09,5.79,,,23,105,4.5,230+,10.304,2,1,1,0,ca,94523,Contra Costa,1
1875,Burger King,"5400 ygnacio valley road, concord, ca, 94521, us",10.99,4.79,6.19,18.59,5.79,,,22,105,4.399999999999999,110+,10.457333333333333,2,1,1,0,ca,94521,Contra Costa,1
1876,Burger King,"2855 north main street, walnut creek, ca, 94597, us",10.39,4.29,5.69,18.09,5.79,,,23,105,4.399999999999999,260+,10.304,2,1,1,0,ca,94597,Contra Costa,1
1877,Burger King,"604 bailey rd, bay point, ca, 94565, us",10.39,4.29,5.69,18.09,5.79,,,23,105,4.5,290+,10.304,2,1,1,0,ca,94565,Contra Costa,1
1878,Burger King,"4610 east king's canyon rd., fresno, ca, 93702, us",8.99,3.36,4.99,,4.49,,3.11,18,74,4.2,270+,4.898783783783785,2,1,1,0,ca,93702,Fresno,1
1879,Burger King,"2410 north cedar, fresno, ca, 93703, us",8.99,3.36,4.99,,4.49,,3.11,18,78,4.199999999999999,600+,4.973846153846155,2,1,1,0,ca,93703,Fresno,1
1880,Burger King,"3482 west shaw road, fresno, ca, 93711, us",8.99,3.36,4.99,,4.49,,3.11,18,74,4.100000000000001,370+,4.898783783783785,2,1,1,0,ca,93711,Fresno,1
1881,Burger King,"1233, fresno, ca, 93706, us",10.29,4.19,5.49,17.99,5.79,,,23,105,4.200000000000001,300+,10.265904761904762,2,1,1,0,ca,93706,Fresno,1
1882,Burger King,"2755 n blackstone ave, fresno, ca, 93703, us",10.29,4.19,5.49,17.99,5.79,,,23,105,4.200000000000001,200+,10.265904761904762,2,1,1,0,ca,93703,Fresno,1
1883,Burger King,"3782 north blackstone ave, fresno, ca, 93726, us",,,,,,,,4,86,4.2,250+,8.492325581395349,2,1,1,0,ca,93726,Fresno,1
1884,Burger King,"3405 union ave, bakersfield, ca, 93305, us",9.87,2.99,4.86,,4.61,,2.99,18,73,4.2,410+,4.794931506849316,2,1,1,0,ca,93305,Kern,1
1885,Burger King,"2508 white lane, bakersfield, ca, 93304, us",9.87,2.99,4.86,,4.61,,2.99,18,73,4.2,700+,4.794931506849316,2,1,1,0,ca,93304,Kern,1
1886,Burger King,"8200 stockdale hwy, bakersfield, ca, 93309, us",9.87,2.99,4.86,,4.61,,2.99,18,73,4.2,420+,4.794931506849316,2,1,1,0,ca,93309,Kern,1
1887,Burger King,"6217 niles street, bakersfield, ca, 93306, us",8.35,3.06,4.42,,4.42,,3.68,23,73,3.899999999999999,17,4.728630136986301,2,1,1,0,ca,93306,Kern,1
1888,Burger King,"7990 white lane, bakersfield, ca, 93309, us",9.87,2.99,4.86,,4.61,,2.99,18,73,4.5,290+,4.794931506849316,2,1,1,0,ca,93309,Kern,1
1889,Burger King,"700 east cesar e chavez avenue, los angeles, ca, 90012, us",10.39,3.69,5.99,16.29,5.19,,,17,102,4.600000000000002,2,9.0328431372549,2,1,1,0,ca,90012,Los Angeles,1
1890,Burger King,"1501 west 6th street, los angeles, ca, 90017, us",10.39,4.28,8.57,15.69,5.32,,4.15,51,221,4.399999999999999,1,9.920995475113122,2,1,1,0,ca,90017,Los Angeles,1
1891,Burger King,"1845 s. vermont ave., los angeles, ca, 90006, us",10.39,3.5,5.97,14.39,5.19,,4.28,21,118,4.5,1,8.289152542372882,2,1,1,0,ca,90006,Los Angeles,1
1892,Burger King,"1540 north eastern avenue, los angeles, ca, 90063, us",10.39,3.69,5.99,16.29,5.19,,,17,102,4.7,1,9.0328431372549,2,1,1,0,ca,90063,Los Angeles,1
1893,Burger King,"4410 south figueroa street, los angeles, ca, 90037, us",10.13,4.54,8.31,15.63,5.06,,3.89,27,118,4.600000000000001,2,9.45949152542373,2,1,1,0,ca,90037,Los Angeles,1
1894,Burger King,"3101 north san fernando road, los angeles, ca, 90065, us",10.39,3.5,5.97,14.39,5.19,,4.28,21,118,4.600000000000001,1,8.289152542372882,2,1,1,0,ca,90065,Los Angeles,1
1895,Burger King,"865 west sepulveda boulevard, torrance, ca, 90502, us",8.86,2.84,3.7,16.42,3.97,,,13,100,4.7,1,9.122299999999997,2,1,1,0,ca,90502,Los Angeles,1
1896,Burger King,"20950 figueroa street, carson, ca, 90745, us",10.39,3.5,5.97,,5.19,,4.28,20,75,4.3,700+,5.615466666666667,2,1,1,0,ca,90745,Los Angeles,1
1897,Burger King,"7957 imperial highway, downey, ca, 90242, us",7.19,3.99,4.79,11.99,3.59,,,17,100,4.600000000000001,1,8.4986,2,1,1,0,ca,90242,Los Angeles,1
1898,Burger King,"2955 north bellflower boulevard, long beach, ca, 90815, us",10.39,3.69,5.99,16.29,5.19,,,17,102,4.600000000000002,600+,9.0328431372549,2,1,1,0,ca,90815,Los Angeles,1
1899,Burger King,"24530 lyons avenue, newhall, ca, 91321, us",10.39,4.28,8.57,,5.32,,4.15,25,74,4.5,500+,6.393108108108108,2,1,1,0,ca,91321,Los Angeles,1
1900,Burger King,"2008 glenoaks boulevard, san fernando, ca, 91340, us",10.13,4.54,8.31,,5.06,,3.89,24,74,4.600000000000001,1,5.994594594594594,2,1,1,0,ca,91340,Los Angeles,1
1901,Burger King,"12781 van nuys boulevard, pacoima, ca, 91331, us",11.19,4.69,8.39,18.09,5.19,,,12,94,4.7,800+,9.673510638297872,2,1,1,0,ca,91331,Los Angeles,1
1902,Burger King,"9025 balboa, northridge, ca, 91325, us",9.89,4.79,5.99,16.89,5.99,,,18,97,4.700000000000001,800+,10.036494845360822,2,1,1,0,ca,91325,Los Angeles,1
1903,Burger King,"969 east francisco blvd., san rafael, ca, 94901, us",10.26,3.76,5.45,16.86,5.97,,4.54,83,255,4.6000000000000005,800+,6.900941176470588,2,1,1,0,ca,94901,Marin,1
1904,Burger King,"550 cutting boulevard, richmond, ca, 94804, us",9.35,2.99,4.79,16.06,4.31,,,36,196,4.700000000000001,110+,8.646734693877551,2,1,1,0,ca,94804,Contra Costa,1
1905,Burger King,"1300 mcdonald avenue, richmond, ca, 94801, us",9.35,2.99,4.79,16.06,4.31,,,46,204,4.600000000000001,500+,8.28107843137255,2,1,1,0,ca,94801,Contra Costa,1
1906,Burger King,"5304 old redwood highway, petaluma, ca, 94954, us",,,,,,,,9,23,4.400000000000002,190+,3.6752173913043484,2,1,1,0,ca,94954,Sonoma,1
1907,Burger King,"701 north main street, santa ana, ca, 92701, us",8.49,3.99,5.59,14.69,4.99,,,15,83,4.600000000000001,700+,9.145903614457831,2,1,1,0,ca,92701,Orange,1
1908,Burger King,"3332 south bristol street, santa ana, ca, 92704, us",,,,,,,,12,47,4.699999999999998,2,13.364468085106381,2,1,1,0,ca,92704,Orange,1
1909,Burger King,"1201 south, anaheim, ca, 92805, us",9.59,3.59,5.99,16.79,4.29,,,37,176,4.6000000000000005,600+,9.262329545454547,2,1,1,0,ca,92805,Orange,1
1910,Burger King,"2210 e lincoln ave, anaheim, ca, 92806, us",8.39,3.99,5.49,14.59,4.99,,,17,83,4.5,700+,9.09168674698795,2,1,1,0,ca,92806,Orange,1
1911,Burger King,"1329 south harbor boulevard, fullerton, ca, 92832, us",10.39,3.69,5.99,16.29,5.19,,,17,102,4.399999999999998,290+,9.0328431372549,2,1,1,0,ca,92832,Orange,1
1912,Burger King,"1012 n. state college blvd., anaheim, ca, 92806, us",,,,,,,,18,50,4.6,1,6.4502,2,1,1,0,ca,92806,Orange,1
1913,Burger King,"1300 east, roseville, ca, 95661, us",10.49,4.39,5.79,18.19,5.79,,,92,402,4.452238805970149,120+,10.174228855721394,2,1,1,0,ca,95661,Placer,1
1914,Burger King,"7760 sunrise blvd, citrus heights, ca, 95610, us",10.49,4.39,5.79,18.19,5.79,,,46,210,4.299999999999999,200+,10.339238095238095,2,1,1,0,ca,95610,Sacramento,1
1915,Burger King,"5869 antelope rd, sacramento, ca, 95621, us",9.09,3.59,5.39,15.85,4.99,,,20,97,4.299999999999999,420+,8.689587628865977,2,1,1,0,ca,95621,Sacramento,1
1916,Burger King,"7899 walerga rd, antelope, ca, 95843, us",,4.39,,,,,,37,138,4.3,900+,7.460652173913043,2,1,1,0,ca,95843,Sacramento,1
1917,Burger King,"2905 bell rd, auburn, ca, 95603, us",9.61,2.98,5.36,16.74,5.11,,,17,93,4.2,53,8.933870967741935,2,1,1,0,ca,95603,Placer,1
1918,Burger King,"2167 university avenue, riverside, ca, 92507, us",10.39,3.69,5.99,16.29,5.19,,,17,102,4.3,600+,9.0328431372549,2,1,1,0,ca,92507,Riverside,1
1919,Burger King,"6835 valley way, riverside, ca, 92509, us",10.39,3.69,5.99,16.29,5.19,,,17,102,4.5,450+,9.0328431372549,2,1,1,0,ca,92509,Riverside,1
1920,Burger King,"1610 s riverside ave, rialto, ca, 92376, us",9.81,3.28,5.75,16.04,4.6,,,36,249,4.299999999999999,60,9.170963855421686,2,1,1,0,ca,92376,San Bernardino,1
1921,Burger King,"4407 brockton ave, riverside, ca, 92501, us",,,,,,,,13,96,4.3999999999999995,500+,7.326458333333334,2,1,1,0,ca,92501,Riverside,1
1922,Burger King,"23125 hemlock avenue, moreno valley, ca, 92557, us",10.39,3.69,5.99,16.29,5.19,,,17,102,4.600000000000002,340+,9.0328431372549,2,1,1,0,ca,92557,Riverside,1
1923,Burger King,"24800 sunnymead blvd, moreno valley, ca, 92553, us",9.99,4.99,7.79,15.49,4.99,,,16,103,4.600000000000002,470+,10.617378640776698,2,1,1,0,ca,92553,Riverside,1
1924,Burger King,"1320 industrial park avenue, redlands, ca, 92374, us",10.39,3.69,5.99,16.29,5.19,,,17,102,4.3,440+,9.0328431372549,2,1,1,0,ca,92374,San Bernardino,1
1925,Burger King,"40931 california oaks road, murrieta, ca, 92562, us",10.39,3.69,5.99,16.29,5.19,,,17,102,4.7,310+,9.0328431372549,2,1,1,0,ca,92562,Riverside,1
1926,Burger King,"30534 rancho california road, temecula, ca, 92591, us",10.39,3.69,5.99,16.29,5.19,,,17,102,4.399999999999998,320+,9.0328431372549,2,1,1,0,ca,92591,Riverside,1
1927,Burger King,"32110 state highway 79 south, temecula, ca, 92592, us",10.39,3.69,5.99,16.29,5.19,,,17,102,4.399999999999998,180+,9.0328431372549,2,1,1,0,ca,92592,Riverside,1
1928,Burger King,"18611 dexter avenue, lake elsinore, ca, 92532, us",10.39,3.69,5.99,16.29,5.19,,,17,102,4.2,230+,9.0328431372549,2,1,1,0,ca,92532,Riverside,1
1929,Burger King,"825 s main st, fallbrook, ca, 92028, us",8.99,3.25,5.99,14.11,4.5,,,21,131,4.600000000000001,140+,8.213435114503817,2,1,1,0,ca,92028,San Diego,1
1930,Burger King,"487 west highland, san bernardino, ca, 92405, us",10.39,3.69,5.99,16.29,5.19,,,17,102,4.2,800+,9.0328431372549,2,1,1,0,ca,92405,San Bernardino,1
1931,Burger King,"12925 hesperia road, victorville, ca, 92395, us",10.39,3.69,5.99,16.29,5.19,,,17,102,4.2,380+,9.0328431372549,2,1,1,0,ca,92395,San Bernardino,1
1932,Burger King,"12077 palmdale road, victorville, ca, 92392, us",10.39,3.69,5.99,16.29,5.19,,,17,102,4.3,700+,9.0328431372549,2,1,1,0,ca,92392,San Bernardino,1
1933,Burger King,"20610 bear valley road, apple valley, ca, 92308, us",10.39,3.69,5.99,16.29,5.19,,,17,102,4.100000000000002,290+,9.0328431372549,2,1,1,0,ca,92308,San Bernardino,1
1934,Burger King,"14244 valley center dr, victorville, ca, 92395, us",,,,,,,,26,98,4.299999999999999,600+,11.496020408163266,2,1,1,0,ca,92395,San Bernardino,1
1935,Burger King,"17021 main street, hesperia, ca, 92345, us",10.39,3.69,5.99,16.29,5.19,,,17,102,4.600000000000002,85,9.0328431372549,2,1,1,0,ca,92345,San Bernardino,1
1936,Burger King,"9640 mariposa road, hesperia, ca, 92344, us",10.39,3.69,5.99,16.29,5.19,,,17,102,4.100000000000002,110+,9.0328431372549,2,1,1,0,ca,92344,San Bernardino,1
1937,Burger King,"9760 sheep creek road, phelan, ca, 92371, us",10.39,3.69,5.99,16.29,5.19,,,17,102,4.2,120+,9.0328431372549,2,1,1,0,ca,92371,San Bernardino,1
1938,Burger King,"1210 11th ave, san diego, ca, 92101, us",9.29,4.29,4.79,14.94,5.19,,4.28,30,101,4.600000000000002,1,10.23950495049505,2,1,1,0,ca,92101,San Diego,1
1939,Burger King,"1201 1st st, coronado, ca, 92118, us",9.81,4.28,5.75,16.06,3.89,,,11,79,4.699999999999999,110+,9.165822784810125,2,1,1,0,ca,92118,San Diego,1
1940,Burger King,"1220 south 28th street, san diego, ca, 92113, us",9.22,4.28,4.8,14.94,5.19,,4.28,30,104,4.5,2,9.146730769230768,2,1,1,0,ca,92113,San Diego,1
1941,Burger King,"3676 market street, san diego, ca, 92102, us",9.22,4.28,4.8,14.94,5.19,,4.28,30,103,4.600000000000002,1,9.202815533980583,2,1,1,0,ca,92102,San Diego,1
1942,Burger King,"3747 rosecrans street, san diego, ca, 92110, us",10.39,3.69,5.99,16.29,5.19,,,17,102,4.399999999999998,900+,9.0328431372549,2,1,1,0,ca,92110,San Diego,1
1943,Burger King,"815 highland avenue, national city, ca, 91950, us",10.39,3.69,5.99,16.29,5.19,,,34,204,4.399999999999999,500+,9.0328431372549,2,1,1,0,ca,91950,San Diego,1
1944,Burger King,"599 broadway, chula vista, ca, 91910, us",10.39,3.69,5.99,16.29,5.19,,,17,104,4.700000000000001,320+,9.171442307692306,2,1,1,0,ca,91910,San Diego,1
1945,Burger King,"97 bonita road, chula vista, ca, 91910, us",10.39,3.69,5.99,16.29,5.19,,,17,104,4.3999999999999995,360+,9.171442307692306,2,1,1,0,ca,91910,San Diego,1
1946,Burger King,"1265 third avenue, chula vista, ca, 91911, us",10.39,3.69,5.99,16.29,5.19,,,17,104,4.6000000000000005,600+,9.171442307692306,2,1,1,0,ca,91911,San Diego,1
1947,Burger King,"899 east h street, chula vista, ca, 91910, us",10.39,3.69,5.99,16.29,5.19,,,17,104,4.700000000000001,600+,9.171442307692306,2,1,1,0,ca,91910,San Diego,1
1948,Burger King,"1180 palm ave, imperial beach, ca, 91932, us",10.39,3.69,5.99,16.29,5.19,,,17,102,4.600000000000002,500+,9.0328431372549,2,1,1,0,ca,91932,San Diego,1
1949,Burger King,"3746 mission avenue, oceanside, ca, 92058, us",11.49,4.99,8.99,15.69,,,,7,49,4.6000000000000005,420+,10.432857142857143,2,1,1,0,ca,92058,San Diego,1
1950,Burger King,"3405 marron rd, oceanside, ca, 92056, us",9.81,3.57,5.75,16.06,,,,5,45,4.6,110+,8.555555555555557,2,1,1,0,ca,92056,San Diego,1
1951,Burger King,"377, vista, ca, 92083, us",11.49,4.99,8.99,15.69,,,,7,49,4.699999999999999,500+,10.432857142857143,2,1,1,0,ca,92083,San Diego,1
1952,Burger King,"728 west, san marcos, ca, 92078, us",11.49,4.99,8.99,15.69,,,,7,49,4.6000000000000005,330+,10.432857142857143,2,1,1,0,ca,92078,San Diego,1
1953,Burger King,"244 west mission avenue, escondido, ca, 92025, us",8.99,3.25,5.99,14.11,,,,6,41,4.699999999999999,420+,7.899756097560975,2,1,1,0,ca,92025,San Diego,1
1954,Burger King,"819 van ness avenue, san francisco, ca, 94109, us",10.39,3.63,5.45,,,,,32,96,4.6000000000000005,2,6.461458333333333,2,1,1,0,ca,94109,San Francisco,1
1955,Burger King,"35 powell street, san francisco, ca, 94102, us",10.39,4.99,6.49,17.99,,,,18,90,4.700000000000001,2,9.916666666666666,2,1,1,0,ca,94102,San Francisco,1
1956,Burger King,"1701 fillmore st, san francisco, ca, 94115, us",10.39,3.59,5.39,18.19,,,,18,98,4.5,1,9.303673469387755,2,1,1,0,ca,94115,San Francisco,1
1957,Burger King,"3900 geary boulevard, san francisco, ca, 94118, us",10.39,3.63,5.45,,5.97,,4.54,57,169,4.6000000000000005,4,6.1250887573964485,2,1,1,0,ca,94118,San Francisco,1
1958,Burger King,"1690 valencia street, san francisco, ca, 94110, us",10.39,3.59,5.39,18.19,5.99,,,41,197,4.600000000000001,1,9.117969543147208,2,1,1,0,ca,94110,San Francisco,1
1959,Burger King,"245 bayshore blvd., san francisco, ca, 94124, us",8.72,4.09,5.62,16.04,3.59,,,48,187,4.5,3,8.568609625668449,2,1,1,0,ca,94124,San Francisco,1
1960,Burger King,"702 north wilson way, stockton, ca, 95205, us",10.49,4.39,5.79,18.19,5.79,,,37,146,4.1657534246575345,220+,10.130821917808218,2,1,1,0,ca,95205,San Joaquin,1
1961,Burger King,"619 west charter way, stockton, ca, 95206, us",9.61,3.63,5.45,15.07,,,,14,68,4.100000000000001,490+,7.243382352941175,2,1,1,0,ca,95206,San Joaquin,1
1962,Burger King,"1502 east march lane, stockton, ca, 95210, us",10.39,4.29,5.69,18.09,,,,14,50,3.9,150+,10.335999999999999,2,1,1,0,ca,95210,San Joaquin,1
1963,Burger King,"4608 east waterloo road, stockton, ca, 95215, us",10.39,4.29,5.69,18.09,,,,14,50,4.6,79,10.335999999999999,2,1,1,0,ca,95215,San Joaquin,1
1964,Burger King,"1358 madonna road, san luis obispo, ca, 93405, us",6.99,3.5,5.97,,,,,18,53,4.5,260+,5.78320754716981,2,1,1,0,ca,93405,San Luis Obispo,1
1965,Burger King,"1773 w grand ave, grover beach, ca, 93433, us",8.79,3.49,4.99,14.99,4.59,,,48,206,4.399999999999999,380+,8.320873786407766,2,1,1,0,ca,93433,San Luis Obispo,1
1966,Burger King,"781 quintana road, morro bay, ca, 93442, us",6.99,3.5,5.97,,,,,18,53,4.4,150+,5.78320754716981,2,1,1,0,ca,93442,San Luis Obispo,1
1967,Burger King,"8304 el camino real, atascadero, ca, 93422, us",10.39,3.89,5.79,15.29,5.19,,,10,79,4.5,16,8.709240506329113,2,1,1,0,ca,93422,San Luis Obispo,1
1968,Burger King,"180 niblick rd, paso robles, ca, 93446, us",9.81,3.28,5.75,16.04,4.6,,,12,83,4.5,39,9.170963855421686,2,1,1,0,ca,93446,San Luis Obispo,1
1969,Burger King,"2817 south el camino real, san mateo, ca, 94403, us",10.26,3.76,5.45,,,,,17,48,4.5,1,6.485625,2,1,1,0,ca,94403,San Mateo,1
1970,Burger King,"575 el camino real, redwood city, ca, 94063, us",8.72,4.09,5.62,16.04,3.59,,,20,94,4.399999999999998,280+,8.931914893617021,2,1,1,0,ca,94063,San Mateo,1
1971,Burger King,"2102 middlefield road, redwood city, ca, 94063, us",8.72,4.09,5.62,16.04,3.59,,,20,94,4.600000000000002,500+,8.931914893617021,2,1,1,0,ca,94063,San Mateo,1
1972,Burger King,"1278 el camino real, san bruno, ca, 94066, us",8.72,4.09,5.62,16.04,3.59,,,60,278,4.467625899280574,600+,8.890863309352518,2,1,1,0,ca,94066,San Mateo,1
1973,Burger King,"30 north cabrillo highway, half moon bay, ca, 94019, us",8.72,4.09,5.62,16.04,3.59,,,20,94,4.8,140+,8.931914893617021,2,1,1,0,ca,94019,San Mateo,1
1974,Burger King,"111, colma, ca, 94014, us",10.26,3.76,5.45,,5.97,,4.54,29,77,4.199999999999999,440+,5.68948051948052,2,1,1,0,ca,94014,San Mateo,1
1975,Burger King,"898 john daly boulevard, daly city, ca, 94015, us",10.26,3.76,5.45,,5.97,,4.54,58,156,4.550000000000001,2,5.649743589743589,2,1,1,0,ca,94015,San Mateo,1
1976,Burger King,"120 south nicholson avenue, santa maria, ca, 93454, us",6.99,3.5,5.97,,,,,18,53,4.6,35,5.78320754716981,2,1,1,0,ca,93454,Santa Barbara,1
1977,Burger King,"1864 north broadway, santa maria, ca, 93454, us",6.99,3.5,5.97,,5.19,,4.28,21,75,4.399999999999999,34,5.532266666666667,2,1,1,0,ca,93454,Santa Barbara,1
1978,Burger King,"2050 south broadway, santa maria, ca, 93454, us",6.99,3.5,5.97,,,,,18,53,4.5,80,5.78320754716981,2,1,1,0,ca,93454,Santa Barbara,1
1979,Burger King,"1153 north h street, lompoc, ca, 93436, us",6.99,3.5,5.97,,5.19,,4.28,21,75,4.600000000000001,94,5.532266666666667,2,1,1,0,ca,93436,Santa Barbara,1
1980,Burger King,"21 west main street, ventura, ca, 93001, us",10.39,3.5,5.97,10.99,5.19,,4.28,42,195,4.0,92,7.3913846153846166,2,1,1,0,ca,93001,Ventura,1
1981,Burger King,"1030 mclaughlin ave., san jose, ca, 95122, us",9.35,2.99,4.79,16.06,4.31,,,23,104,4.5,500+,8.427596153846155,2,1,1,0,ca,95122,Santa Clara,1
1982,Burger King,"1181 old oakland road, san jose, ca, 95112, us",9.99,3.99,7.49,15.49,5.99,,,20,96,4.700000000000001,500+,10.148020833333332,2,1,1,0,ca,95112,Santa Clara,1
1983,Burger King,"2170 monterey road, san jose, ca, 95112, us",8.49,2.99,4.99,13.99,3.49,,,17,98,4.5,130+,8.102448979591836,2,1,1,0,ca,95112,Santa Clara,1
1984,Burger King,"329 north capital avenue, san jose, ca, 95133, us",9.99,3.99,7.49,15.49,5.99,,,20,96,4.700000000000001,600+,10.148020833333332,2,1,1,0,ca,95133,Santa Clara,1
1985,Burger King,"2390 almaden road, san jose, ca, 95125, us",9.99,3.99,5.99,15.49,4.49,,,19,100,4.899999999999999,310+,8.963499999999998,2,1,1,0,ca,95125,Santa Clara,1
1986,Burger King,"3098 story road, san jose, ca, 95127, us",10.26,3.63,5.45,16.34,5.97,,4.54,32,124,4.700000000000002,500+,8.587016129032259,2,1,1,0,ca,95127,Santa Clara,1
1987,Burger King,"773 north mathilda avenue, sunnyvale, ca, 94085, us",10.2,4.93,6.91,17.03,4.39,,,20,102,4.7,900+,9.729607843137252,2,1,1,0,ca,94085,Santa Clara,1
1988,Burger King,"3750 el camino real, santa clara, ca, 95051, us",10.2,4.93,6.91,17.03,4.39,,,20,102,4.7,600+,9.729607843137252,2,1,1,0,ca,95051,Santa Clara,1
1989,Burger King,"1925 el camino real, santa clara, ca, 95050, us",10.2,4.93,6.91,17.03,4.39,,,19,101,4.7,240+,9.783564356435642,2,1,1,0,ca,95050,Santa Clara,1
1990,Burger King,"5154 moorpark ave, san jose, ca, 95129, us",8.49,2.99,4.99,13.99,3.49,,,17,100,4.399999999999999,270+,8.2102,2,1,1,0,ca,95129,Santa Clara,1
1991,Burger King,"385 south kiely, san jose, ca, 95129, us",10.26,3.63,5.45,16.34,5.97,,4.54,32,114,4.6000000000000005,350+,8.160877192982456,2,1,1,0,ca,95129,Santa Clara,1
1992,Burger King,"2532 channing avenue, san jose, ca, 95131, us",10.2,4.93,6.91,17.03,4.39,,,20,102,4.7,450+,9.729607843137252,2,1,1,0,ca,95131,Santa Clara,1
1993,Burger King,"2015 mission street, santa cruz, ca, 95060, us",9.49,3.36,4.99,,4.74,,3.49,18,73,4.3999999999999995,500+,4.995753424657535,2,1,1,0,ca,95060,Santa Cruz,1
1994,Burger King,"1302 soquel avenue, santa cruz, ca, 95062, us",9.49,3.36,4.99,,4.74,,3.49,18,73,4.3999999999999995,400+,4.995753424657535,2,1,1,0,ca,95062,Santa Cruz,1
1995,Burger King,"2001 - 41st avenue, capitola, ca, 95010, us",9.49,3.36,4.99,,4.74,,3.49,18,73,4.5,320+,4.995753424657535,2,1,1,0,ca,95010,Santa Cruz,1
1996,Burger King,"227 mt. herman road, scotts valley, ca, 95066, us",9.49,3.36,4.99,,4.74,,3.49,18,73,4.3999999999999995,100+,4.995753424657535,2,1,1,0,ca,95066,Santa Cruz,1
1997,Burger King,"1403 freedom boulevard, watsonville, ca, 95076, us",9.49,3.36,4.99,,4.74,,3.49,18,74,4.5,160+,4.961891891891892,2,1,1,0,ca,95076,Santa Cruz,1
1998,Burger King,"142 main street, watsonville, ca, 95076, us",9.49,3.36,4.99,,4.74,,3.49,18,73,4.3,100+,4.995753424657535,2,1,1,0,ca,95076,Santa Cruz,1
1999,Burger King,"3606 sonoma boulevard, vallejo, ca, 94590, us",8.98,3.83,5.15,14.87,4.55,,,15,76,4.8,90,9.508157894736842,2,1,1,0,ca,94590,Solano,1
2000,Burger King,"1 mariposa street, vallejo, ca, 94590, us",8.98,3.83,5.15,14.87,4.55,,,15,76,4.7,95,9.508157894736842,2,1,1,0,ca,94590,Solano,1
2001,Burger King,"844 willow avenue, hercules, ca, 94547, us",9.11,3.23,5.03,12.49,4.43,,2.99,26,116,4.299999999999999,140+,7.292068965517242,2,1,1,0,ca,94547,Contra Costa,1
2002,Burger King,"828 southampton rd, benicia, ca, 94510, us",9.99,4.99,5.99,15.99,5.69,,,25,97,4.799999999999999,420+,10.179381443298968,2,1,1,0,ca,94510,Solano,1
2003,Burger King,"1571 fitzgerald drive, pinole, ca, 94564, us",9.11,3.23,5.03,15.69,4.43,,2.99,26,116,4.600000000000001,500+,7.872327586206897,2,1,1,0,ca,94564,Contra Costa,1
2004,Burger King,"7 muir road, martinez, ca, 94553, us",8.99,3.59,5.39,15.49,4.79,,,22,99,4.399999999999999,120+,8.756262626262627,2,1,1,0,ca,94553,Contra Costa,1
2005,Burger King,"1475 holiday lane, fairfield, ca, 94534, us",8.99,3.59,5.39,15.49,4.79,,,22,99,4.399999999999999,150+,8.756262626262627,2,1,1,0,ca,94534,Solano,1
2006,Burger King,"1260 anderson drive, suisun city, ca, 94585, us",9.09,3.63,5.45,14.65,5.06,,3.11,20,116,4.0,180+,7.837155172413793,2,1,1,0,ca,94585,Solano,1
2007,Burger King,"2415 north texas street, fairfield, ca, 94533, us",7.74,2.49,4.49,12.59,3.99,,3.24,17,117,4.399999999999999,210+,7.328034188034188,2,1,1,0,ca,94533,Solano,1
2008,Burger King,"2005 huntington drive, fairfield, ca, 94533, us",8.99,3.59,5.39,15.49,4.79,,,22,99,4.5,130+,8.756262626262627,2,1,1,0,ca,94533,Solano,1
2009,Burger King,"190 pittman road, suisun city, ca, 94534, us",9.09,3.63,5.45,14.65,5.06,,3.11,20,116,4.600000000000001,71,7.837155172413793,2,1,1,0,ca,94534,Solano,1
2010,Burger King,"1330 east monte vista avenue, vacaville, ca, 95688, us",10.39,4.29,5.69,18.09,5.79,,,23,105,4.799999999999999,81,10.304,2,1,1,0,ca,95688,Solano,1
2011,Burger King,"741 stony point road, santa rosa, ca, 95407-6864, us",9.87,3.63,5.45,,5.06,,3.24,27,73,4.5,50,5.27013698630137,2,1,1,0,ca,95407,Sonoma,1
2012,Burger King,"56 mission circle, santa rosa, ca, 95409, us",10.17,4.4,4.55,16.01,5.34,,,22,101,4.600000000000002,370+,9.06861386138614,2,1,1,0,ca,95409,Sonoma,1
2013,Burger King,"2542 guerneville road, santa rosa, ca, 95401, us",10.17,4.4,4.55,16.01,5.34,,,22,101,4.600000000000002,600+,9.06861386138614,2,1,1,0,ca,95401,Sonoma,1
2014,Burger King,"5020 redwood drive, rohnert park, ca, 94928, us",9.87,3.63,5.45,,5.06,,3.24,27,73,4.5,140+,5.27013698630137,2,1,1,0,ca,94928,Sonoma,1
2015,Burger King,"6125 commerce boulevard, rohnert park, ca, 94928, us",9.87,3.63,5.45,,5.06,,3.24,27,74,4.399999999999999,310+,5.2514864864864865,2,1,1,0,ca,94928,Sonoma,1
2016,Burger King,"6351 hembree lane, windsor, ca, 95492, us",10.17,4.4,4.55,16.01,5.34,,,22,102,4.5,170+,9.012647058823532,2,1,1,0,ca,95492,Sonoma,1
2017,Burger King,"2320 mchenry ave, modesto, ca, 95350, us",10.39,4.29,5.69,18.09,5.79,,,23,105,4.0,140+,10.304,2,1,1,0,ca,95350,Stanislaus,1
2018,Burger King,"1421 e. hatch rd, ceres, ca, 95351, us",10.39,4.29,5.69,18.09,5.79,,,23,105,4.200000000000001,130+,10.304,2,1,1,0,ca,95351,Stanislaus,1
2019,Burger King,"3401 yosemite boulevard, modesto, ca, 95354, us",10.39,4.29,5.69,18.09,5.79,,,23,105,4.299999999999999,110+,10.304,2,1,1,0,ca,95354,Stanislaus,1
2020,Burger King,"2101 sylvan avenue, modesto, ca, 95355, us",10.39,4.29,5.69,18.09,5.79,,,23,105,4.299999999999999,110+,10.304,2,1,1,0,ca,95355,Stanislaus,1
2021,Burger King,"2732 mitchell road, ceres, ca, 95307, us",10.39,4.29,5.69,18.09,5.79,,,23,105,4.100000000000001,73,10.304,2,1,1,0,ca,95307,Stanislaus,1
2022,Burger King,"4612 kiernan avenue, salida, ca, 95368, us",10.39,4.29,5.69,18.09,5.79,,,23,105,4.5,48,10.304,2,1,1,0,ca,95368,Stanislaus,1
2023,Burger King,"1009 n ben maddox way, visalia, ca, 93292, us",10.04,3.59,3.75,17.54,5.39,,,23,105,4.600000000000001,190+,9.757809523809524,2,1,1,0,ca,93292,Tulare,1
2024,Burger King,"500 south de maree, visalia, ca, 93277, us",8.99,3.36,4.99,,4.49,,3.11,18,74,4.5,220+,4.898783783783785,2,1,1,0,ca,93277,Tulare,1
2025,Burger King,"3101 south mooney boulevard, visalia, ca, 93277, us",8.99,3.36,4.99,,4.49,,3.11,18,74,4.399999999999999,110+,4.898783783783785,2,1,1,0,ca,93277,Tulare,1
2026,Burger King,"6603 betty dr, visalia, ca, 93291, us",8.99,3.39,4.99,15.39,4.49,,,26,104,4.799999999999999,38,8.12701923076923,2,1,1,0,ca,93291,Tulare,1
2027,Burger King,"1255 north blackstone street, tulare, ca, 93274, us",8.99,3.36,4.99,,4.49,,3.11,18,74,4.7,100+,4.898783783783785,2,1,1,0,ca,93274,Tulare,1
2028,Burger King,"601 e. bardsley ave., tulare, ca, 93274, us",10.04,3.59,3.75,17.54,5.39,,,23,104,4.5,110+,9.837211538461538,2,1,1,0,ca,93274,Tulare,1
2029,Burger King,"2001 north, oxnard, ca, 93036, us",10.39,3.5,5.97,14.39,5.19,,4.28,24,118,4.5,290+,8.250677966101696,2,1,1,0,ca,93036,Ventura,1
2030,Burger King,"2500 s. ventura road, oxnard, ca, 93033, us",10.39,3.5,5.97,14.39,5.19,,4.28,24,118,4.600000000000001,380+,8.244830508474577,2,1,1,0,ca,93033,Ventura,1
2031,Burger King,"5950 telegraph road, ventura, ca, 93003, us",10.39,3.5,5.97,11.74,5.19,,4.28,24,118,4.5,240+,7.799745762711864,2,1,1,0,ca,93003,Ventura,1
2032,Burger King,"2800 paseo mercado, oxnard, ca, 93036, us",10.39,3.69,5.99,16.29,5.19,,,16,99,4.299999999999999,90,9.116969696969695,2,1,1,0,ca,93036,Ventura,1
2033,Burger King,"181 south arniell road, camarillo, ca, 93010, us",10.39,3.49,5.99,15.99,5.19,,,13,97,4.5,310+,8.940103092783504,2,1,1,0,ca,93010,Ventura,1
2034,Burger King,"13221 jamboree, tustin, ca, 92782, us",10.39,4.28,8.57,,5.32,,4.15,24,71,4.699999999999999,600+,6.4716901408450695,2,1,1,0,ca,92782,Orange,1
2035,Burger King,"10055 cedar avenue, bloomington, ca, 92316, us",10.39,3.63,5.97,14.29,5.19,,4.28,27,111,4.600000000000002,110+,8.351711711711712,2,1,1,0,ca,92316,San Bernardino,1
2036,Burger King,"5790 van buren boulevard, riverside, ca, 92503, us",10.39,3.63,5.97,14.29,5.19,,4.28,27,111,4.5,400+,8.351711711711712,2,1,1,0,ca,92503,Riverside,1
2037,Burger King,"2600, long beach, ca, 90806, us",10.39,3.63,5.97,14.29,5.19,,4.28,27,106,4.399999999999999,1,8.221226415094339,2,1,1,0,ca,90806,Los Angeles,1
2038,Burger King,"200 north harbor boulevard, santa ana, ca, 92703, us",8.49,3.99,5.59,14.69,4.99,,,14,91,4.600000000000001,1,9.308351648351644,2,1,1,0,ca,92703,Orange,1
2039,Burger King,"3501 whittier blvd., los angeles, ca, 90023, us",9.35,2.98,6.32,13.97,4.46,,,10,73,4.7,2,8.553424657534245,2,1,1,0,ca,90023,Los Angeles,1
2040,Burger King,"7225 greenhaven drive, sacramento, ca, 95831-3518, us",9.09,3.63,5.45,15.85,5.06,,3.11,46,204,4.399999999999999,410+,6.616470588235294,2,1,1,0,ca,95831,Sacramento,1
2041,Burger King,"5150 stockton blvd., sacramento, ca, 95820, us",9.09,3.63,5.45,15.2,5.06,,3.11,102,430,4.399999999999999,700+,6.59153488372093,2,1,1,0,ca,95820,Sacramento,1
2042,Burger King,"5610 freeport boulevard, sacramento, ca, 95822-3502, us",9.09,3.63,5.45,15.85,5.06,,3.11,23,100,4.399999999999999,260+,6.6919,2,1,1,0,ca,95822,Sacramento,1
2043,Burger King,"2751 w. orangethorpe blvd, fullerton, ca, 92833, us",10.39,3.69,5.99,16.29,5.19,,,15,91,4.5,500+,8.839010989010989,2,1,1,0,ca,92833,Orange,1
2044,Burger King,"220 alameda del prado, novato, ca, 94949, us",10.26,3.76,5.45,,5.97,,4.54,25,67,4.800000000000001,450+,5.663731343283581,2,1,1,0,ca,94949,Marin,1
2045,Burger King,"2403 east chapman avenue, fullerton, ca, 92831-3603, us",10.39,3.63,5.97,16.25,5.19,,4.28,29,102,4.5,480+,7.403137254901961,2,1,1,0,ca,92831,Orange,1
2046,Burger King,"5540 cherry avenue, long beach, ca, 90805, us",8.19,3.99,5.59,14.49,4.99,,,17,89,4.5,600+,9.20202247191011,2,1,1,0,ca,90805,Los Angeles,1
2047,Burger King,"16878 foothill boulevard, fontana, ca, 92335, us",10.39,3.63,5.97,14.29,5.19,,4.28,27,111,4.5,700+,8.351711711711712,2,1,1,0,ca,92335,San Bernardino,1
2048,Burger King,"5120 olive drive, bakersfield, ca, 93308, us",8.57,3.11,4.67,,4.67,,3.11,19,71,4.300000000000001,370+,5.100704225352112,2,1,1,0,ca,93308,Kern,1
2049,Burger King,"1830 west 8th street, los angeles, ca, 90057, us",10.39,3.63,5.97,,5.19,,4.28,26,68,4.5,1,5.62720588235294,2,1,1,0,ca,90057,Los Angeles,1
2050,Burger King,"849 university avenue, berkeley, ca, 94710, us",9.39,4.19,6.89,17.49,2.79,,,21,92,4.600000000000001,500+,8.427717391304347,2,1,1,0,ca,94710,Alameda,1
2051,Burger King,"19662 nordhoff street, northridge, ca, 91324, us",10.39,3.63,5.97,,5.19,,4.28,52,144,4.6000000000000005,500+,5.635416666666667,2,1,1,0,ca,91324,Los Angeles,1
2052,Burger King,"2020 west florida avenue, hemet, ca, 92545, us",10.39,3.63,5.97,14.29,5.19,,4.28,27,111,4.5,450+,8.351711711711712,2,1,1,0,ca,92545,Riverside,1
2053,Burger King,"510 south euclid street, anaheim, ca, 92802, us",10.39,4.28,8.57,15.59,5.32,,4.15,24,108,4.799999999999999,340+,10.084629629629628,2,1,1,0,ca,92802,Orange,1
2054,Burger King,"1361 west foothill boulevard, rialto, ca, 92376, us",10.39,3.63,5.97,14.29,5.19,,4.28,27,111,4.600000000000002,320+,8.351711711711712,2,1,1,0,ca,92376,San Bernardino,1
2055,Burger King,"2100 east 17th street, santa ana, ca, 92705-8607, us",10.39,3.63,5.97,16.25,5.19,,4.28,29,102,4.600000000000002,460+,7.403137254901961,2,1,1,0,ca,92705,Orange,1
2056,Burger King,"1042 north carpenter road, modesto, ca, 95351, us",10.39,4.29,5.69,18.09,5.79,,,23,96,4.299999999999999,110+,9.955208333333333,2,1,1,0,ca,95351,Stanislaus,1
2057,Burger King,"575 north clovis avenue, fresno, ca, 93727, us",10.29,4.19,5.49,17.99,5.79,,,23,96,4.0,170+,9.913541666666665,2,1,1,0,ca,93727,Fresno,1
2058,Burger King,"2850 south bristol street, santa ana, ca, 92704, us",10.39,3.69,5.99,16.29,5.19,,,30,182,4.600000000000001,1,8.839010989010989,2,1,1,0,ca,92704,Orange,1
2059,Burger King,"601 east dyer road, santa ana, ca, 92705, us",10.99,4.79,5.99,16.89,5.99,,,16,90,4.799999999999999,270+,9.998222222222221,2,1,1,0,ca,92705,Orange,1
2060,Burger King,"3235 west little league drive, san bernardino, ca, 92407, us",10.39,3.63,5.97,,5.19,,4.28,26,72,4.7,450+,5.635416666666667,2,1,1,0,ca,92407,San Bernardino,1
2061,Burger King,"1688 north, perris, ca, 92571, us",9.87,4.54,8.05,,5.06,,3.89,22,70,4.5,370+,6.157571428571428,2,1,1,0,ca,92571,Riverside,1
2062,Burger King,"12999 san pablo avenue, richmond, ca, 94805, us",9.49,3.39,5.29,,4.69,,3.49,22,70,4.600000000000002,1,5.195285714285714,2,1,1,0,ca,94805,Contra Costa,1
2063,Burger King,"115, lincoln, ca, 95648, us",9.09,3.63,5.45,11.69,5.06,,3.11,21,110,4.5,110+,7.252909090909092,2,1,1,0,ca,95648,Placer,1
2064,Burger King,"4571 north pershing avenue, stockton, ca, 95207-6705, us",9.61,3.63,5.45,16.33,5.19,,3.24,38,101,4.399999999999998,250+,6.772970297029704,2,1,1,0,ca,95207,San Joaquin,1
2065,Burger King,"1677 s. centre city parkway, escondido, ca, 92025, us",8.99,3.25,5.99,14.11,4.5,,,16,84,4.5,130+,8.228095238095236,2,1,1,0,ca,92025,San Diego,1
2066,Burger King,"1915 arden way, sacramento, ca, 95815, us",9.09,3.63,5.45,15.2,5.06,,3.11,24,109,4.100000000000002,800+,8.114036697247709,2,1,1,0,ca,95815,Sacramento,1
2067,Burger King,"41 s. sanborn road, salinas, ca, 93905-3235, us",9.49,3.36,4.99,16.12,4.74,,3.49,19,102,4.7,140+,6.583039215686274,2,1,1,0,ca,93905,Monterey,1
2068,Burger King,"580 hegenberger road, oakland, ca, 94621, us",9.49,3.39,5.29,,4.69,,3.49,22,70,4.199999999999999,340+,5.195285714285714,2,1,1,0,ca,94621,Alameda,1
2069,Burger King,"6960 broadway, lemon grove, ca, 91945-1404, us",9.29,4.99,5.99,15.59,5.19,,4.29,33,91,4.399999999999999,2,8.134945054945057,2,1,1,0,ca,91945,San Diego,1
2070,Burger King,"5121 foothills boulevard, roseville, ca, 95747-6501, us",9.09,3.63,5.45,15.85,5.06,,3.11,23,98,4.5,220+,6.74234693877551,2,1,1,0,ca,95747,Placer,1
2071,Burger King,"7218 stockton boulevard, sacramento, ca, 95823, us",9.09,3.63,5.45,,5.06,,3.11,18,71,4.399999999999998,500+,5.036478873239436,2,1,1,0,ca,95823,Sacramento,1
2072,Burger King,"2714 el centro road, sacramento, ca, 95833, us",9.09,3.63,5.45,,5.06,,3.11,18,71,4.399999999999998,600+,5.036478873239436,2,1,1,0,ca,95833,Sacramento,1
2073,Burger King,"3630 tyler street, riverside, ca, 92505, us",10.39,3.69,5.99,16.29,5.19,,,15,91,4.5,450+,8.839010989010989,2,1,1,0,ca,92505,Riverside,1
2074,Burger King,"503 east foothill, rialto, ca, 92376, us",10.39,3.63,5.97,,5.19,,4.28,26,72,4.3999999999999995,500+,5.635416666666667,2,1,1,0,ca,92376,San Bernardino,1
2075,Burger King,"4960 auburn blvd., sacramento, ca, 95841, us",9.09,3.63,5.45,15.2,5.06,,3.11,24,110,4.2,500+,8.073272727272728,2,1,1,0,ca,95841,Sacramento,1
2076,Burger King,"1949 columbus avenue, bakersfield, ca, 93305-2311, us",9.87,2.99,4.86,14.5,4.61,,2.99,23,101,4.399999999999998,500+,6.308514851485147,2,1,1,0,ca,93305,Kern,1
2077,Burger King,"8637 elk grove boulevard, elk grove, ca, 95624-1773, us",9.09,3.63,5.45,15.85,5.06,,3.11,23,101,4.5,140+,6.657623762376239,2,1,1,0,ca,95624,Sacramento,1
2078,Burger King,"127 west 4th street, long beach, ca, 90802, us",10.39,3.63,5.97,,5.19,,4.28,26,72,4.6000000000000005,1,5.635416666666667,2,1,1,0,ca,90802,Los Angeles,1
2079,Burger King,"909 south main street, salinas, ca, 93901-2404, us",9.49,3.36,4.99,16.12,4.74,,3.49,19,101,4.3,160+,6.630990099009899,2,1,1,0,ca,93901,Monterey,1
2080,Burger King,"205 east redlands, san bernardino, ca, 92408, us",10.39,3.63,5.97,,5.19,,4.28,26,72,4.3999999999999995,500+,5.610277777777778,2,1,1,0,ca,92408,San Bernardino,1
2081,Burger King,"935 north waterman, san bernardino, ca, 92410, us",10.39,3.63,5.97,,5.19,,4.28,26,72,4.3,500+,5.635416666666667,2,1,1,0,ca,92410,San Bernardino,1
2082,Burger King,"4087 west clinton avenue, fresno, ca, 93722, us",10.29,4.19,5.49,17.99,5.79,,,23,96,4.1000000000000005,210+,9.913541666666665,2,1,1,0,ca,93722,Fresno,1
2083,Shake Shack,"5614 bay street suite 240, emeryville, ca, 94608, us",9.59,9.39,8.99,,5.49,4.49,7.59,80,286,4.664335664335664,700+,25.357832167832168,2,1,1,0,ca,94608,Alameda,1
2084,Shake Shack,"845 market street, san francisco, ca, 94103, us",9.59,9.39,8.99,,5.79,4.79,7.89,93,332,4.5,5,25.475843373493973,2,1,1,0,ca,94103,San Francisco,1
2085,Shake Shack,"1604 mount diablo boulevard, walnut creek, ca, 94596, us",9.59,9.39,8.99,,5.79,4.79,7.89,52,188,4.6000000000000005,440+,25.772978723404254,2,1,1,0,ca,94596,Contra Costa,1
2086,Shake Shack,"1401, larkspur, ca, 94939, us",9.59,9.39,8.99,,5.79,4.79,7.89,74,276,4.600000000000001,2,26.179855072463766,2,1,1,0,ca,94939,Marin,1
2087,Shake Shack,"180 el camino real, palo alto, ca, 94304, us",9.59,9.39,8.99,,5.79,4.79,7.89,61,231,4.600000000000001,3,26.132857142857144,2,1,1,0,ca,94304,Santa Clara,1
2088,Shake Shack,"2855 stevens creek boulevard, santa clara, ca, 95050, us",9.59,9.39,8.99,,5.79,4.79,7.89,40,138,4.5,3,25.980579710144927,2,1,1,0,ca,95050,Santa Clara,1
2089,Shake Shack,"33 hillsdale shopping center, san mateo, ca, 94403, us",9.59,9.39,8.99,,5.79,4.79,7.89,68,250,4.6,2,25.316,2,1,1,0,ca,94403,San Mateo,1
2090,Shake Shack,"925 blossom hill road, san jose, ca, 95123, us",9.59,9.39,8.99,,5.49,4.49,7.59,40,142,4.600000000000002,320+,25.337887323943658,2,1,1,0,ca,95123,Santa Clara,1
2091,Shake Shack,"3060 fillmore street, san francisco, ca, 94123, us",9.59,9.39,8.99,,5.79,4.79,7.89,91,322,4.6000000000000005,10,26.06360248447205,2,1,1,0,ca,94123,San Francisco,1
2092,Shake Shack,"805 north willow avenue, clovis, ca, 93611, us",,,,,,,,6,79,4.399999999999998,240+,17.57544303797469,2,1,1,0,ca,93611,Fresno,1
2093,Shake Shack,"2220 chester ave, bakersfield, ca, 93301, us",,,,,,,,42,159,4.5,300+,9.132955974842767,2,1,1,0,ca,93301,Kern,1
2094,Shake Shack,"400 w. 8th street, los angeles, ca, 90015, us",9.59,9.39,8.99,,5.49,4.49,7.59,25,94,4.7,15,26.13042553191489,2,1,1,0,ca,90015,Los Angeles,1
2095,Shake Shack,"6201 hollywood blvd., los angeles, ca, 90028, us",9.59,9.39,8.99,,5.79,4.79,7.89,13,45,4.699999999999998,15,23.70111111111111,2,1,1,0,ca,90028,Los Angeles,1
2096,Shake Shack,"8520 santa monica blvd., west hollywood, ca, 90069, us",9.59,9.39,8.99,,5.79,4.79,7.89,13,44,4.699999999999999,15,27.00818181818182,2,1,1,0,ca,90069,Los Angeles,1
2097,Shake Shack,"2189 whittier boulevard, los angeles, ca, 90023, us",,,,,,,,4,44,4.5,2,32.94227272727272,2,1,1,0,ca,90023,Los Angeles,1
2098,Shake Shack,"6440 pacific coast hwy, long beach, ca, 90803, us",9.59,9.39,8.99,,5.49,4.49,7.59,23,91,4.7,5,26.192197802197803,2,1,1,0,ca,90803,Los Angeles,1
2099,Shake Shack,"1875 west 190th street, torrance, ca, 90504, us",9.59,9.39,8.99,,5.49,4.49,7.59,41,144,4.2,29,25.45527777777778,2,1,1,0,ca,90504,Los Angeles,1
2100,Shake Shack,"329 east 17th street, costa mesa, ca, 92627, us",9.59,9.39,8.99,,5.49,4.49,7.59,37,139,4.5,360+,25.80726618705036,2,1,1,0,ca,92627,Orange,1
2101,Shake Shack,"6000 sepulveda boulevard, culver city, ca, 90230, us",9.59,9.39,8.99,,5.49,4.49,7.59,13,46,4.699999999999998,2,25.76826086956522,2,1,1,0,ca,90230,Los Angeles,1
2102,Shake Shack,"6443 topanga canyon blvd, los angeles, ca, 91303, us",9.59,9.39,8.99,,5.49,4.49,7.59,12,44,4.699999999999999,5,26.56954545454546,2,1,1,0,ca,91303,Los Angeles,1
2103,Shake Shack,"17401 ventura boulevard, los angeles, ca, 91316, us",9.59,9.39,8.99,,5.49,4.49,7.59,13,47,4.800000000000002,4,25.52191489361702,2,1,1,0,ca,91316,Los Angeles,1
2104,Shake Shack,"13009 ventura boulevard, studio city, ca, 91604, us",9.59,9.39,8.99,,5.79,4.79,7.89,13,45,4.6,400+,26.465555555555557,2,1,1,0,ca,91604,Los Angeles,1
2105,Shake Shack,"200 n. san fernando blvd., burbank, ca, 91502, us",9.59,9.39,8.99,,5.49,4.49,7.59,12,44,4.800000000000001,7,23.826363636363638,2,1,1,0,ca,91502,Los Angeles,1
2106,Shake Shack,"120 promenade way, thousand oaks, ca, 91362, us",9.59,9.39,8.99,,5.79,4.79,7.89,27,95,4.7,1,25.611052631578943,2,1,1,0,ca,91362,Ventura,1
2107,Shake Shack,"3251 20th avenue, san francisco, ca, 94132, us",9.59,9.39,8.99,,5.49,4.49,7.59,55,191,4.600000000000002,2,25.16905759162304,2,1,1,0,ca,94132,San Francisco,1
2108,Shake Shack,"2424 magowan drive, santa rosa, ca, 95405, us",9.59,9.39,8.99,,5.79,4.79,7.89,27,81,4.5,170+,10.382592592592593,2,1,1,0,ca,95405,Sonoma,1
2109,Shake Shack,"975 e blanco rd, salinas, ca, 93901, us",,,,,,,,9,35,4.5,32,13.388857142857143,2,1,1,0,ca,93901,Monterey,1
2110,Shake Shack,"512 spectrum center drive, irvine, ca, 92618, us",9.59,9.39,8.99,,5.49,4.49,7.59,25,95,4.5,800+,25.36684210526316,2,1,1,0,ca,92618,Orange,1
2111,Shake Shack,"1151 galleria boulevard, roseville, ca, 95678, us",9.59,9.39,8.99,,5.49,4.49,7.59,53,185,4.399999999999999,390+,25.698108108108105,2,1,1,0,ca,95678,Placer,1
2112,Shake Shack,"1710 r st, sacramento, ca, 95811, us",9.59,9.39,8.99,,5.49,4.49,7.59,26,96,4.6000000000000005,3,25.081666666666667,2,1,1,0,ca,95811,Sacramento,1
2113,Shake Shack,"12456 north mainstreet, rancho cucamonga, ca, 91739, us",8.99,8.79,8.39,,5.49,4.19,7.59,30,135,4.600000000000001,430+,25.038888888888884,2,1,1,0,ca,91739,San Bernardino,1
2114,Shake Shack,"7740 el camino real, carlsbad, ca, 92009, us",9.39,8.99,8.79,,5.49,4.49,7.59,26,101,4.600000000000002,1,23.587029702970298,2,1,1,0,ca,92009,San Diego,1
2115,Shake Shack,"14244 valley center dr, victorville, ca, 92392, us",,,,,,,,9,34,4.300000000000001,70,12.197352941176472,2,1,1,0,ca,92392,San Bernardino,1
2116,Shake Shack,"2008 india st., san diego, ca, 92101, us",9.39,8.99,8.79,,5.49,4.49,7.59,26,98,4.700000000000001,8,24.06755102040816,2,1,1,0,ca,92101,San Diego,1
2117,Shake Shack,"675 camino de la reina, san diego, ca, 92108, us",9.39,8.99,8.79,,5.49,4.49,7.59,26,98,4.700000000000001,6,24.041020408163266,2,1,1,0,ca,92108,San Diego,1
2118,Shake Shack,"3705 paseo place, san diego, ca, 92130, us",9.39,8.99,8.79,,5.49,4.49,7.59,27,93,4.7,2,24.817956989247314,2,1,1,0,ca,92130,San Diego,1
2119,Shake Shack,"3030 plaza bonita road suite f3, national city, ca, 91950, us",9.39,8.99,8.79,,5.49,4.49,7.59,26,98,4.600000000000001,480+,24.06755102040816,2,1,1,0,ca,91950,San Diego,1
2120,Shake Shack,"4309 la jolla village drive, san diego, ca, 92122, us",9.39,8.99,8.79,,5.49,4.49,7.59,26,100,4.7,3,23.75,2,1,1,0,ca,92122,San Diego,1
2121,Shake Shack,"1690 valencia street, san francisco, ca, 94110, us",,3.59,,,,,,9,49,4.6000000000000005,1,9.303673469387755,2,1,1,0,ca,94110,San Francisco,1
2122,Shake Shack,"599 divisadero street, san francisco, ca, 94117, us",,,,,,,,7,36,4.599999999999999,5,14.543333333333331,2,1,1,0,ca,94117,San Francisco,1
2123,Shake Shack,"90 charter oak avenue, san francisco, ca, 94124, us",,,,,,,,6,45,4.5,2,32.834444444444436,2,1,1,0,ca,94124,San Francisco,1
2124,Shake Shack,"522 n. el dorado, stockton, ca, 95202, us",,,,,,,,50,149,4.5,1,5.695637583892618,2,1,1,0,ca,95202,San Joaquin,1
2125,Shake Shack,"101 town center east, santa maria, ca, 93454, us",,17.99,,,,,8.39,5,38,4.199999999999998,43,13.184736842105265,2,1,1,0,ca,93454,Santa Barbara,1
2126,Shake Shack,"716 state street, santa barbara, ca, 93101, us",,,,,,,,17,85,4.8,94,13.371058823529413,2,1,1,0,ca,93101,Santa Barbara,1
2127,Shake Shack,"1515 ocean st., santa cruz, ca, 95060, us",,,,,,,,9,35,4.300000000000001,130+,11.774857142857144,2,1,1,0,ca,95060,Santa Cruz,1
2128,Shake Shack,"950 10th st, modesto, ca, 95354, us",,,,,,,,5,81,4.3,47,8.13925925925926,2,1,1,0,ca,95354,Stanislaus,1
2129,Shake Shack,"301 north willis street, visalia, ca, 93291, us",,,,,4.99,,5.99,13,49,4.699999999999999,81,6.716326530612245,2,1,1,0,ca,93291,Tulare,1
2130,Shake Shack,"3525 west carson street, space vc 08, torrance, ca, 90503, us",9.59,9.59,8.99,,5.49,4.79,7.89,14,51,4.699999999999999,1,25.272352941176468,2,1,1,0,ca,90503,Los Angeles,1
2131,Shake Shack,"2171 rosecrans avenue, el segundo, ca, 90245, us",9.59,9.59,8.99,,5.99,4.79,7.89,13,47,4.699999999999998,6,19.46872340425532,2,1,1,0,ca,90245,Los Angeles,1
2132,Shake Shack,"252 s. brand blvd., glendale, ca, 91204, us",9.59,9.59,8.99,,5.49,4.79,7.89,14,51,4.800000000000001,7,25.272352941176468,2,1,1,0,ca,91204,Los Angeles,1
2133,Shake Shack,"750 south arroyo parkway, pasadena, ca, 91105, us",9.59,9.59,8.99,,5.49,4.79,7.89,14,51,4.699999999999999,9,25.272352941176468,2,1,1,0,ca,91105,Los Angeles,1
2134,Sonic,"31187 mission boulevard, hayward, ca, 94544, us",,4.15,,14.71,,3.8,3.44,76,387,4.299999999999999,120+,5.353798449612404,2,1,1,0,ca,94544,Alameda,1
2135,Sonic,"1400 north park boulevard, pittsburg, ca, 94565, us",,4.87,,,,3.89,4.87,28,84,4.5,310+,6.861666666666666,2,1,1,0,ca,94565,Contra Costa,1
2136,Sonic,"6055 main street, american canyon, ca, 94503, us",,4.79,,16.05,,3.83,4.43,94,302,4.3999999999999995,370+,5.746953642384105,2,1,1,0,ca,94503,Napa,1
2137,Sonic,"151 bella vista road, vacaville, ca, 95687, us",,4.79,,16.05,,3.83,4.43,51,182,4.5,370+,6.124725274725273,2,1,1,0,ca,95687,Solano,1
2138,Sonic,"2105 n. schnoor avenue, madera, ca, 93637, us",,4.87,,,,3.89,4.14,13,42,4.199999999999999,120+,5.226190476190476,2,1,1,0,ca,93637,Madera,1
2139,Sonic,"3701 mall view rd, bakersfield, ca, 93306, us",,4.87,,,,3.89,4.87,12,42,4.4,1,5.763333333333334,2,1,1,0,ca,93306,Kern,1
2140,Sonic,"1070 e huntington dr, duarte, ca, 91010, us",,4.87,,,,3.89,4.38,9,40,4.2,1,5.716500000000001,2,1,1,0,ca,91010,Los Angeles,1
2141,Sonic,"17811 beach blvd, huntington beach, ca, 92647, us",,4.87,,16.8,,3.89,4.38,41,181,4.3,800+,6.597458563535912,2,1,1,0,ca,92647,Orange,1
2142,Sonic,"26270 n bouquet canyon rd, saugus, ca, 91350, us",,,,,,,,5,97,4.700000000000001,1,8.518865979381443,2,1,1,0,ca,91350,Los Angeles,1
2143,Sonic,"1080 north davis road, salinas, ca, 93907, us",,4.15,,,,3.8,3.56,9,42,4.300000000000001,35,5.242619047619048,2,1,1,0,ca,93907,Monterey,1
2144,Sonic,"3095 harbor blvd, costa mesa, ca, 92626, us",,4.87,,16.8,,3.89,,31,137,4.3999999999999995,1,6.66905109489051,2,1,1,0,ca,92626,Orange,1
2145,Sonic,"1632 lemon st, anaheim, ca, 92801, us",,4.87,,16.56,,3.89,4.87,38,143,4.300000000000001,1,6.3024475524475525,2,1,1,0,ca,92801,Orange,1
2146,Sonic,"441 n placentia ave, fullerton, ca, 92831, us",,4.87,,16.19,,3.89,4.38,40,143,4.399999999999999,900+,6.317692307692306,2,1,1,0,ca,92831,Orange,1
2147,Sonic,"3531 south fairview street, santa ana, ca, 92704, us",,4.87,,16.56,,3.89,4.38,33,137,4.5,600+,6.271386861313869,2,1,1,0,ca,92704,Orange,1
2148,Sonic,"3332 south bristol street, santa ana, ca, 92704, us",,,,,4.79,,,12,47,4.699999999999998,2,13.364468085106381,2,1,1,0,ca,92704,Orange,1
2149,Sonic,"1012 n. state college blvd., anaheim, ca, 92806, us",,,,,,,,26,95,4.600000000000002,1,7.370315789473686,2,1,1,0,ca,92806,Orange,1
2150,Sonic,"913 pleasant grove blvd, roseville, ca, 95678, us",,4.87,,17.41,,3.89,,88,388,4.299999999999999,700+,6.975051546391754,2,1,1,0,ca,95678,Placer,1
2151,Sonic,"1580 e main st, woodland, ca, 95776, us",,4.79,,16.05,,,,48,168,4.600000000000001,280+,6.171904761904763,2,1,1,0,ca,95776,Yolo,1
2152,Sonic,"9505 magnolia ave, riverside, ca, 92503, us",,4.87,,17.17,,3.89,,35,173,4.5,1,6.696242774566473,2,1,1,0,ca,92503,Riverside,1
2153,Sonic,"1060 west renaissance parkway, rialto, ca, 92376, us",,,,16.56,,3.89,4.38,47,222,4.299999999999999,1,6.32099099099099,2,1,1,0,ca,92376,San Bernardino,1
2154,Sonic,"11370 4th street, rancho cucamonga, ca, 91730, us",,4.87,,,,3.89,3.89,30,126,4.200000000000003,600+,5.1847619047619045,2,1,1,0,ca,91730,San Bernardino,1
2155,Sonic,"1202 magnolia ave, corona, ca, 92881, us",,4.87,,17.17,,3.89,,28,135,4.399999999999999,600+,6.773851851851852,2,1,1,0,ca,92881,Riverside,1
2156,Sonic,"1495 north mountain avenue, ontario, ca, 91762, us",,4.87,,,,3.89,4.14,18,78,4.399999999999998,130+,6.121025641025639,2,1,1,0,ca,91762,San Bernardino,1
2157,Sonic,"40 rio rancho road, pomona, ca, 91766, us",,4.87,,,,3.89,4.38,9,42,4.4,1,5.902142857142857,2,1,1,0,ca,91766,Los Angeles,1
2158,Sonic,"30171 haun rd, menifee, ca, 92584, us",,4.87,,17.17,,3.89,,42,194,4.600000000000001,800+,6.912268041237113,2,1,1,0,ca,92584,Riverside,1
2159,Sonic,"1610 e 1st street, beaumont, ca, 92223, us",,4.87,,16.68,,3.89,4.38,25,100,4.399999999999999,320+,6.81,2,1,1,0,ca,92223,Riverside,1
2160,Sonic,"3651 west stetson, hemet, ca, 92545, us",,4.87,,16.44,,3.89,4.38,25,101,4.399999999999998,360+,6.6524752475247535,2,1,1,0,ca,92545,Riverside,1
2161,Sonic,"39490, murrieta, ca, 92563, us",,4.87,,17.17,,3.89,,21,92,4.5,1,6.671086956521739,2,1,1,0,ca,92563,Riverside,1
2162,Sonic,"101 main st, vista, ca, 92084, us",,4.87,,18.88,,3.89,,36,135,4.3,900+,7.233777777777777,2,1,1,0,ca,92084,San Diego,1
2163,Sonic,"25502 jeronimo rd, mission viejo, ca, 92691, us",,4.87,,16.56,,3.89,,23,97,4.299999999999999,600+,6.690412371134021,2,1,1,0,ca,92691,Orange,1
2164,Sonic,"8134 sierra ave, fontana, ca, 92335, us",,,,,,,,31,158,4.5,1,8.664493670886076,2,1,1,0,ca,92335,San Bernardino,1
2165,Sonic,"16833 valley blvd., fontana, ca, 92335, us",,,,,,,,15,59,4.5,2,6.543220338983051,2,1,1,0,ca,92335,San Bernardino,1
2166,Sonic,"1325 w foothill blvd, rialto, ca, 92376, us",,,,,,,,3,78,4.5,320+,9.781025641025643,2,1,1,0,ca,92376,San Bernardino,1
2167,Sonic,"11780 amargosa road, victorville, ca, 92392, us",,4.87,,,,3.89,4.26,13,41,4.4,480+,5.27609756097561,2,1,1,0,ca,92392,San Bernardino,1
2168,Sonic,"19398 bear valley rd, apple valley, ca, 92308, us",,4.01,,,,3.89,,10,38,4.300000000000002,360+,5.365000000000001,2,1,1,0,ca,92308,San Bernardino,1
2169,Sonic,"2829 el cajon blvd, san diego, ca, 92104, us",,4.87,,17.29,,3.89,,30,137,4.3999999999999995,3,6.729051094890511,2,1,1,0,ca,92104,San Diego,1
2170,Sonic,"3005 highland ave, national city, ca, 91950, us",,4.87,,17.29,,3.89,,27,134,4.399999999999999,2,6.775223880597014,2,1,1,0,ca,91950,San Diego,1
2171,Sonic,"5247 kearny villa rd., san diego, ca, 92123, us",,4.87,,17.29,,3.89,,25,135,4.600000000000001,1,6.77911111111111,2,1,1,0,ca,92123,San Diego,1
2172,Sonic,"10515 mission gorge rd, santee, ca, 92071, us",,4.87,,17.29,,3.89,,30,133,4.399999999999999,1,6.890225563909775,2,1,1,0,ca,92071,San Diego,1
2173,Sonic,"1215 grand ave, san marcos, ca, 92078, us",,4.87,,,,3.89,,6,35,4.300000000000001,600+,6.660285714285714,2,1,1,0,ca,92078,San Diego,1
2174,Sonic,"10354 trinity parkway, stockton, ca, 95219, us",,4.87,,,,3.89,4.14,14,40,4.5,320+,5.3965000000000005,2,1,1,0,ca,95219,San Joaquin,1
2175,Sonic,"3080 naglee rd, tracy, ca, 95304, us",,4.87,,,,3.89,3.89,8,42,4.300000000000001,120+,5.223095238095238,2,1,1,0,ca,95304,San Joaquin,1
2176,Sonic,"2450 junipero serra blvd, daly city, ca, 94015-1632, us",,,,,,,,40,123,4.6000000000000005,3,6.000487804878048,2,1,1,0,ca,94015,San Mateo,1
2177,Sonic,"650 4th street, santa rosa, ca, 95404, us",,,,,,,,48,163,4.600000000000001,68,5.7309815950920235,2,1,1,0,ca,95404,Sonoma,1
2178,Sonic,"1420 mchenry ave, modesto, ca, 95350, us",,4.87,,14.97,,3.89,3.89,30,101,4.3,420+,5.835445544554456,2,1,1,0,ca,95350,Stanislaus,1
2179,Sonic,"301 north willis street, visalia, ca, 93291, us",,,,,4.99,,,13,49,4.699999999999999,81,6.716326530612245,2,1,1,0,ca,93291,Tulare,1
2180,Sonic,"440 s b st, oxnard, ca, 93030, us",,,,,,,,4,77,4.899999999999998,72,9.514935064935065,2,1,1,0,ca,93030,Ventura,1
2181,Five Guys,"3839 emery street #700, emeryville, ca, 94608, us",14.39,11.51,10.19,,7.55,3.35,7.55,4,60,4.5,130+,8.954000000000002,2,1,1,0,ca,94608,Alameda,1
2182,Five Guys,"2254 south shore center, alameda, ca, 94501, us",16.07,11.75,10.55,,7.79,3.95,7.67,6,30,4.7,2,9.321666666666665,2,1,1,0,ca,94501,Alameda,1
2183,Five Guys,"2782, pinole, ca, 94564, us",14.39,11.39,10.19,,7.55,3.35,7.55,6,90,4.600000000000001,1,8.938,2,1,1,0,ca,94564,Contra Costa,1
2184,Five Guys,"190, alamo, ca, 94507, us",14.39,11.39,10.19,,7.55,3.35,7.55,2,30,4.800000000000001,360+,8.938,2,1,1,0,ca,94507,Contra Costa,1
2185,Five Guys,"43518 christy street, fremont, ca, 94538, us",16.07,11.75,10.55,,7.79,4.07,7.67,7,30,4.7,1,9.325999999999999,2,1,1,0,ca,94538,Alameda,1
2186,Five Guys,"28529 hesperian blvd, hayward, ca, 94545, us",16.07,11.75,10.55,,7.79,3.95,7.67,12,60,4.600000000000002,900+,9.322000000000003,2,1,1,0,ca,94545,Alameda,1
2187,Five Guys,"4930, dublin, ca, 94568, us",16.07,11.75,10.55,,7.79,4.07,7.67,14,60,4.699999999999999,800+,9.326000000000002,2,1,1,0,ca,94568,Alameda,1
2188,Five Guys,"38860, fremont, ca, 94536, us",3.99,,,,,,,37,120,4.700000000000001,1,6.005333333333334,2,1,1,0,ca,94536,Alameda,1
2189,Five Guys,"19621 hesperian blvd, hayward, ca, 94541, us",16.07,11.75,10.55,,7.79,4.07,7.67,7,30,4.599999999999999,1,9.326,2,1,1,0,ca,94541,Alameda,1
2190,Five Guys,"23989 watkins st, hayward, ca, 94544-1028, us",3.79,,,,,,,33,121,4.299999999999999,700+,7.1528099173553725,2,1,1,0,ca,94544,Alameda,1
2191,Five Guys,"100 crescent drive, pleasant hill, ca, 94523, us",14.39,11.39,10.19,,7.55,3.35,7.55,6,90,4.700000000000001,1,8.938,2,1,1,0,ca,94523,Contra Costa,1
2192,Five Guys,"5442 ygnacio valley rd., concord, ca, 94521, us",14.39,11.39,10.19,,7.55,3.35,7.55,6,90,4.700000000000001,500+,8.938,2,1,1,0,ca,94521,Contra Costa,1
2193,Five Guys,"6660 lone tree way, brentwood, ca, 94513, us",14.39,11.39,10.19,,7.55,3.35,7.55,2,30,4.7,800+,8.937999999999999,2,1,1,0,ca,94513,Contra Costa,1
2194,Five Guys,"523 e shaw ave, fresno, ca, 93710, us",14.15,11.27,10.07,,7.91,4.31,8.15,7,29,4.7,600+,9.11655172413793,2,1,1,0,ca,93710,Fresno,1
2195,Five Guys,"180 e. paseo del centro, fresno, ca, 93720, us",15.47,12.47,11.15,,8.75,4.79,8.15,5,29,4.7,290+,9.908620689655173,2,1,1,0,ca,93720,Fresno,1
2196,Five Guys,"2701 ming ave, bakersfield, ca, 93304, us",15.83,12.83,11.39,,8.87,4.91,8.64,4,28,4.5,170+,10.393214285714285,2,1,1,0,ca,93304,Kern,1
2197,Five Guys,"2701 calloway dr ste 400, bakersfield, ca, 93312, us",15.83,12.83,11.39,,8.87,4.91,8.64,5,29,4.7,600+,10.204137931034483,2,1,1,0,ca,93312,Kern,1
2198,Five Guys,"735 s. figueroa st., #120, los angeles, ca, 90017, us",15.47,12.47,11.15,,8.75,4.79,8.15,5,29,4.7,3,9.908620689655173,2,1,1,0,ca,90017,Los Angeles,1
2199,Five Guys,"530 w 27th st. #101, los angeles, ca, 90007, us",15.47,12.47,11.15,,8.75,4.79,8.15,5,29,4.7,4,9.908620689655171,2,1,1,0,ca,90007,Los Angeles,1
2200,Five Guys,"1137 galleria way ste fc11, glendale, ca, 91210, us",15.47,12.47,11.39,,8.75,4.79,8.15,5,29,4.5,500+,9.916896551724138,2,1,1,0,ca,91210,Los Angeles,1
2201,Five Guys,"2189 whittier boulevard, los angeles, ca, 90023, us",,,,,,,,4,44,4.5,2,32.94227272727272,2,1,1,0,ca,90023,Los Angeles,1
2202,Five Guys,"6650 e pch, long beach, ca, 90803, us",15.47,12.47,11.15,,8.75,4.79,8.15,10,58,4.699999999999999,1,9.908620689655171,2,1,1,0,ca,90803,Los Angeles,1
2203,Five Guys,"south bay pavilion 20700 s avalon blvd, carson, ca, 90746, us",15.47,12.47,11.15,,8.75,4.79,8.15,5,28,4.700000000000001,1,9.851428571428572,2,1,1,0,ca,90746,Los Angeles,1
2204,Five Guys,"8901 apollo way, downey, ca, 90242, us",15.47,12.47,11.15,,8.75,4.79,8.15,5,29,4.800000000000001,1,9.908620689655173,2,1,1,0,ca,90242,Los Angeles,1
2205,Five Guys,"24201 w, valencia, ca, 91355, us",15.47,12.47,11.15,,8.75,4.79,,5,28,4.8,1,9.971428571428573,2,1,1,0,ca,91355,Los Angeles,1
2206,Five Guys,"8850 tampa ave. ste 102, northridge, ca, 91324, us",15.47,12.47,11.15,,8.75,4.79,8.15,5,29,4.7,1,9.858965517241378,2,1,1,0,ca,91324,Los Angeles,1
2207,Five Guys,"8420 balboa blvd. suite 115, northridge, ca, 91343, us",15.47,12.47,11.15,,8.75,4.79,8.15,5,29,4.7,1,9.87551724137931,2,1,1,0,ca,91343,Los Angeles,1
2208,Five Guys,"12930 ventura blvd., suite 106, studio city, ca, 91604, us",15.47,12.47,11.15,,8.75,4.79,8.15,5,29,4.800000000000001,4,9.83,2,1,1,0,ca,91604,Los Angeles,1
2209,Five Guys,"201 e magnolia blvd, burbank, ca, 91502, us",15.47,12.47,11.15,,8.75,4.79,8.15,5,29,4.7,2,9.908620689655173,2,1,1,0,ca,91502,Los Angeles,1
2210,Five Guys,"401 kenilworth drive, petaluma, ca, 94952, us",16.07,11.75,10.55,,7.79,4.07,7.67,12,116,4.600000000000001,500+,9.536206896551725,2,1,1,0,ca,94952,Marin,1
2211,Five Guys,"2280 mendocino ave. b-5, santa rosa, ca, 95403, us",16.07,11.75,10.55,,7.79,4.07,7.67,12,58,4.600000000000001,900+,9.498965517241382,2,1,1,0,ca,95403,Sonoma,1
2212,Five Guys,"1742 north main street, salinas, ca, 93906, us",14.39,11.39,10.19,,7.55,3.35,7.55,2,29,4.6,16,8.832758620689654,2,1,1,0,ca,93906,Monterey,1
2213,Five Guys,"915 playa ave, sand city, ca, 93955, us",14.39,11.39,10.19,,7.55,3.59,7.55,2,29,4.6,1,8.898965517241379,2,1,1,0,ca,93955,Monterey,1
2214,Five Guys,"1549 e. katella ave., orange, ca, 92867, us",15.47,12.47,11.15,,8.75,4.79,8.15,10,58,4.699999999999999,2,9.908620689655171,2,1,1,0,ca,92867,Orange,1
2215,Five Guys,"18645 beach blvd., huntington beach, ca, 92648, us",15.47,12.47,11.15,,8.75,4.79,8.15,5,29,4.7,1,9.908620689655171,2,1,1,0,ca,92648,Orange,1
2216,Five Guys,"24391 alicia pkwy, mission viejo, ca, 92691, us",15.47,12.47,11.15,,8.75,4.79,8.15,5,29,4.7,1,9.908620689655173,2,1,1,0,ca,92691,Orange,1
2217,Five Guys,"444 n. state college blvd. #444, fullerton, ca, 92831, us",15.47,12.47,11.15,,8.75,4.79,8.15,5,29,4.7,1,9.908620689655173,2,1,1,0,ca,92831,Orange,1
2218,Five Guys,"1552 s azusa ave, city of industry, ca, 91748, us",15.47,12.47,11.15,,8.75,4.79,8.15,5,29,4.800000000000001,1,9.908620689655173,2,1,1,0,ca,91748,Los Angeles,1
2219,Five Guys,"1012 n. state college blvd., anaheim, ca, 92806, us",,,,,,,,18,50,4.6,1,6.4502,2,1,1,0,ca,92806,Orange,1
2220,Five Guys,"8620 sierra college blvd., roseville, ca, 95661, us",15.47,12.47,11.15,,8.75,4.79,8.15,10,58,4.600000000000001,440+,9.908620689655171,2,1,1,0,ca,95661,Placer,1
2221,Five Guys,"5442 hazel ave., fair oaks, ca, 95628, us",15.83,12.83,11.39,,8.87,4.91,8.64,10,58,4.699999999999999,250+,10.204137931034483,2,1,1,0,ca,95628,Sacramento,1
2222,Five Guys,"2912 pasatiempo lane, sacremento, ca, 95821, us",15.47,12.47,11.15,,8.75,4.79,8.15,10,58,4.600000000000001,700+,9.908620689655171,2,1,1,0,ca,95821,Sacramento,1
2223,Five Guys,"1300 east, roseville, ca, 95661, us",4.39,,,,,,,23,105,4.5,120+,10.339238095238095,2,1,1,0,ca,95661,Placer,1
2224,Five Guys,"2750 e bidwell street, folsom, ca, 95630, us",14.15,11.27,10.07,,7.91,4.31,8.15,7,29,4.7,180+,9.11655172413793,2,1,1,0,ca,95630,Sacramento,1
2225,Five Guys,"2310 sunrise blvd., rancho cordova, ca, 95670, us",15.83,12.83,11.39,,8.87,4.91,8.64,15,87,4.7,430+,10.204137931034483,2,1,1,0,ca,95670,Sacramento,1
2226,Five Guys,"4630 natomas blvd., suite #100, sacramento, ca, 95835, us",15.47,12.47,11.15,,8.75,4.79,8.15,10,58,4.600000000000001,600+,9.908620689655171,2,1,1,0,ca,95835,Sacramento,1
2227,Five Guys,"10540 sierra avenue, fontana, ca, 92337, us",13.67,10.79,9.59,,7.19,3.95,7.67,4,48,4.7,1,8.42,2,1,1,0,ca,92337,San Bernardino,1
2228,Five Guys,"12515 frederick st, moreno valley, ca, 92553, us",13.67,10.79,9.59,,7.19,3.95,7.67,4,58,4.600000000000001,1,8.452068965517242,2,1,1,0,ca,92553,Riverside,1
2229,Five Guys,"929 n. milliken avenue suite 103, ontario, ca, 91764, us",14.03,10.79,9.59,,7.19,3.95,7.67,2,29,4.800000000000001,59,8.783103448275861,2,1,1,0,ca,91764,San Bernardino,1
2230,Five Guys,"15218 summit avenue, fontana, ca, 92336, us",14.03,10.79,9.59,,7.19,3.95,7.67,2,29,4.7,1,8.78310344827586,2,1,1,0,ca,92336,San Bernardino,1
2231,Five Guys,"10060 alabama street, redlands, ca, 92374, us",14.03,10.79,9.59,,7.19,3.95,7.67,4,58,4.699999999999999,900+,8.783103448275863,2,1,1,0,ca,92374,San Bernardino,1
2232,Five Guys,"2690 tuscany street, corona, ca, 92881, us",14.03,10.79,9.59,,7.19,3.95,7.67,2,29,4.7,600+,8.783103448275861,2,1,1,0,ca,92881,Riverside,1
2233,Five Guys,"27774 newport rd., menifee, ca, 92584, us",14.03,10.79,9.59,,7.19,3.95,7.67,2,29,4.6,900+,8.783103448275861,2,1,1,0,ca,92584,Riverside,1
2234,Five Guys,"40426 winchester rd., temecula, ca, 92591, us",14.03,10.79,9.59,,7.19,3.95,7.67,2,29,4.7,900+,8.783103448275861,2,1,1,0,ca,92591,Riverside,1
2235,Five Guys,"32195, temecula, ca, 92592, us",14.03,10.79,9.59,,7.19,3.95,7.67,2,29,4.800000000000001,700+,8.783103448275861,2,1,1,0,ca,92592,Riverside,1
2236,Five Guys,"151 s. las posas road ste. 170, san marcos, ca, 92078, us",15.47,12.47,11.15,,8.75,4.79,,10,58,4.800000000000001,800+,10.016206896551726,2,1,1,0,ca,92078,San Diego,1
2237,Five Guys,"2519 palomar airport rd., suite #100, carlsbad, ca, 92011, us",15.47,12.47,11.15,,8.75,4.79,8.15,10,60,4.699999999999999,800+,9.953999999999999,2,1,1,0,ca,92011,San Diego,1
2238,Five Guys,"3660 crocker dr, sacramento, ca, 95818, us",15.47,12.47,11.15,,8.75,4.79,8.15,10,58,4.600000000000001,800+,9.908620689655171,2,1,1,0,ca,95818,Sacramento,1
2239,Five Guys,"768 ikea ct., suite 120, west sacramento, ca, 95605, us",15.47,12.47,11.15,,8.75,4.79,8.15,5,29,4.6,460+,9.908620689655173,2,1,1,0,ca,95605,Yolo,1
2240,Five Guys,"9257 laguna springs dr, elk grove, ca, 95758, us",15.47,12.47,11.15,,8.75,4.79,8.15,10,58,4.699999999999999,500+,9.908620689655171,2,1,1,0,ca,95758,Sacramento,1
2241,Five Guys,"198 e redlands blvd, san bernardino, ca, 92408, us",,,,,,,,7,43,4.300000000000001,1,12.339534883720933,2,1,1,0,ca,92408,San Bernardino,1
2242,Five Guys,"295 w highland, san bernardino, ca, 92405, us",,,,,,,,9,105,4.299999999999999,1,8.028857142857143,2,1,1,0,ca,92405,San Bernardino,1
2243,Five Guys,"494 south mount vernon ave, san bernadino, ca, 92410, us",,,,,,,,17,69,4.199999999999999,600+,9.745362318840579,2,1,1,0,ca,92410,San Bernardino,1
2244,Five Guys,"524 inland center dr, san bernardino, ca, 92410, us",,,,,,,,6,57,4.6000000000000005,700+,11.751403508771931,2,1,1,0,ca,92410,San Bernardino,1
2245,Five Guys,"12719 main street, hesperia, ca, 92344, us",13.19,10.55,9.47,,7.07,3.47,7.67,2,29,4.7,600+,8.216206896551725,2,1,1,0,ca,92344,San Bernardino,1
2246,Five Guys,"670 university ave, san diego, ca, 92103, us",15.47,12.47,11.15,,8.75,4.79,8.15,10,56,4.7,4,10.035714285714286,2,1,1,0,ca,92103,San Diego,1
2247,Five Guys,"2445 truxton rd., san diego, ca, 92106, us",15.47,12.47,11.15,,8.75,4.79,8.15,10,60,4.699999999999999,1,9.954,2,1,1,0,ca,92106,San Diego,1
2248,Five Guys,"781 palm ave., imperial beach, ca, 91932, us",15.47,12.47,11.15,,8.75,4.79,8.15,10,60,4.699999999999999,1,9.954,2,1,1,0,ca,91932,San Diego,1
2249,Five Guys,"345 fletcher parkway, el cajon, ca, 92020, us",15.47,12.47,11.15,,8.75,4.79,8.15,10,60,4.699999999999999,2,9.953999999999999,2,1,1,0,ca,92020,San Diego,1
2250,Five Guys,"5650 balboa ave suite 101, san diego, ca, 92117, us",15.47,12.47,11.15,,8.75,4.79,8.15,10,60,4.699999999999999,1,9.946,2,1,1,0,ca,92117,San Diego,1
2251,Five Guys,"555 broadway, chula vista, ca, 91910, us",15.47,12.47,11.15,,8.75,4.79,8.15,10,60,4.600000000000002,2,9.953999999999999,2,1,1,0,ca,91910,San Diego,1
2252,Five Guys,"2278 westborough blvd., south san francisco, ca, 94080, us",16.07,11.75,10.55,,7.79,3.95,7.67,24,120,4.700000000000001,4,9.322,2,1,1,0,ca,94080,San Mateo,1
2253,Five Guys,"203 primrose drive, burlingame, ca, 94010, us",16.07,11.75,10.55,,7.79,3.83,7.67,24,120,4.700000000000001,1,9.318,2,1,1,0,ca,94010,San Mateo,1
2254,Five Guys,"933 e. hillsdale, foster city, ca, 94404, us",16.07,11.75,10.55,,7.79,3.95,7.67,18,90,4.799999999999999,800+,9.322000000000001,2,1,1,0,ca,94404,San Mateo,1
2255,Five Guys,"238 redwood shores parkway, redwood city, ca, 94065, us",16.07,11.75,10.55,,7.79,3.95,7.67,12,60,4.800000000000001,500+,9.318000000000003,2,1,1,0,ca,94065,San Mateo,1
2256,Five Guys,"801 middlefield road, redwood city, ca, 94063, us",15.23,11.75,10.67,,7.79,3.95,7.67,18,90,4.799999999999999,1,9.454,2,1,1,0,ca,94063,San Mateo,1
2257,Five Guys,"5633 pacific ave, stockton, ca, 95207, us",15.47,12.47,11.15,,8.75,4.79,8.15,5,29,4.6,460+,9.908620689655173,2,1,1,0,ca,95207,San Joaquin,1
2258,Five Guys,"2140 daniels street, manteca, ca, 95337, us",15.47,12.47,11.15,,8.75,4.79,8.15,5,29,4.6,210+,9.908620689655173,2,1,1,0,ca,95337,San Joaquin,1
2259,Five Guys,"763 east foothill blvd, san luis obisp, ca, 93405, us",15.47,12.47,11.15,,8.75,4.79,8.15,5,29,4.7,700+,9.908620689655173,2,1,1,0,ca,93405,San Luis Obispo,1
2260,Five Guys,"1229 e. grand ave., arroyo grande, ca, 93420, us",14.15,11.27,10.07,,7.91,4.31,8.15,14,56,4.7,420+,9.022499999999999,2,1,1,0,ca,93420,San Luis Obispo,1
2261,Five Guys,"33 hillsdale shopping center, san mateo, ca, 94403, us",9.39,,,,,,,12,42,4.6,2,24.563809523809525,2,1,1,0,ca,94403,San Mateo,1
2262,Five Guys,"811 state st, santa barbara, ca, 93101, us",,,,,,,,3,33,4.6,380+,11.886363636363637,2,1,1,0,ca,93101,Santa Barbara,1
2263,Five Guys,"1205 the alameda, suite 10, san jose, ca, 95126, us",14.27,11.39,10.79,,7.79,4.07,7.91,14,60,4.699999999999999,1,9.154000000000003,2,1,1,0,ca,95126,Santa Clara,1
2264,Five Guys,"121 curtner ave, san jose, ca, 95125, us",14.27,11.39,10.79,,7.79,4.07,7.91,7,30,4.599999999999999,700+,9.154,2,1,1,0,ca,95125,Santa Clara,1
2265,Five Guys,"438 north capitol avenue, san jose, ca, 95127, us",16.07,11.75,10.55,,7.79,4.07,7.67,6,29,4.7,600+,9.507241379310344,2,1,1,0,ca,95127,Santa Clara,1
2266,Five Guys,"2007 camden ave, san jose, ca, 95124, us",14.27,11.39,10.79,,7.79,4.07,7.91,21,90,4.700000000000001,600+,9.154000000000002,2,1,1,0,ca,95124,Santa Clara,1
2267,Five Guys,"5353 almaden expy # n60, san jose, ca, 95118, us",14.27,11.39,10.79,,7.79,4.07,7.91,7,30,4.7,800+,9.154,2,1,1,0,ca,95118,Santa Clara,1
2268,Five Guys,"5205 prospect rd, san jose, ca, 95129, us",14.27,11.39,10.79,,7.79,4.07,7.91,14,60,4.699999999999999,1,9.154000000000003,2,1,1,0,ca,95129,Santa Clara,1
2269,Five Guys,"116 e. el camino real, sunnyvale, ca, 94087, us",14.27,11.39,10.79,,7.79,4.07,7.91,7,30,4.7,1,9.154,2,1,1,0,ca,94087,Santa Clara,1
2270,Five Guys,"2098 el camino real, mountain view, ca, 94040, us",16.07,11.75,10.55,,7.79,4.07,7.67,6,29,4.7,2,9.507241379310344,2,1,1,0,ca,94040,Santa Clara,1
2271,Five Guys,"4180 n. first st., suite 50, san jose, ca, 95134, us",14.27,11.39,10.79,,7.79,4.07,7.91,7,30,4.5,1,9.154,2,1,1,0,ca,95134,Santa Clara,1
2272,Five Guys,"1101 pacific avenue, santa cruz, ca, 95060, us",14.39,11.39,10.19,,7.55,3.59,7.55,2,30,4.599999999999999,800+,8.998,2,1,1,0,ca,95060,Santa Cruz,1
2273,Five Guys,"1570 gateway boulevard, fairfield, ca, 94533, us",15.47,12.47,11.15,,8.75,4.79,8.15,10,60,4.600000000000002,500+,9.953999999999999,2,1,1,0,ca,94533,Solano,1
2274,Five Guys,"1651 monte vista ave., vacaville, ca, 95688, us",15.47,12.47,11.15,,8.75,4.79,8.15,5,30,4.7,380+,9.954000000000002,2,1,1,0,ca,95688,Solano,1
2275,Five Guys,"2207 claribel road, riverbank, ca, 95357, us",15.47,12.47,11.15,,8.75,4.79,8.15,5,29,4.5,380+,9.908620689655173,2,1,1,0,ca,95357,Stanislaus,1
2276,Five Guys,"4129 s. mooney blvd., visalia, ca, 93277, us",14.15,11.27,10.07,,7.91,4.31,8.15,7,29,4.7,350+,9.11655172413793,2,1,1,0,ca,93277,Tulare,1
2277,Five Guys,"1693 west lacy blvd, hanford, ca, 93230, us",14.15,11.27,10.07,,7.91,4.31,8.15,7,29,4.800000000000001,300+,9.11655172413793,2,1,1,0,ca,93230,Kings,1
2278,Five Guys,"2730 portico way, oxnard, ca, 93036, us",15.47,12.47,11.15,,8.75,4.79,8.15,5,29,4.7,800+,9.875517241379312,2,1,1,0,ca,93036,Ventura,1
2279,Five Guys,"487 n. moorpark rd., thousand oaks, ca, 91360, us",15.47,12.47,11.15,,8.75,4.79,8.15,5,29,4.800000000000001,400+,9.875517241379312,2,1,1,0,ca,91360,Ventura,1
2280,Five Guys,"31495, yucaipa, ca, 92399, us",14.03,10.79,9.59,,7.19,3.95,7.67,2,29,4.7,110+,8.783103448275861,2,1,1,0,ca,92399,San Bernardino,1
2281,Five Guys,"1254 west redondo beach blvd, gardena, ca, 90247, us",14.15,11.27,10.07,,7.91,4.31,8.15,7,29,4.6,1,9.116551724137931,2,1,1,0,ca,90247,Los Angeles,1
2282,Five Guys,"6623 riverside dr., fresno, ca, 93722, us",15.47,12.47,11.15,,8.75,4.79,8.15,5,29,4.6,500+,9.908620689655173,2,1,1,0,ca,93722,Fresno,1
2283,Five Guys,"4625 candlewood st., lakewood, ca, 90712, us",15.47,12.47,11.15,,8.75,4.79,8.15,5,29,4.6,1,9.908620689655171,2,1,1,0,ca,90712,Los Angeles,1
2284,Five Guys,"1299 marina boulevard, san leandro, ca, 94577, us",16.07,11.75,10.55,,7.79,4.07,7.67,7,30,4.5,160+,9.325999999999999,2,1,1,0,ca,94577,Alameda,1
2285,Five Guys,"5550 wilshire blvd ste 101d, los angeles, ca, 90036, us",15.47,12.47,11.15,,8.75,4.79,8.15,5,29,4.800000000000001,7,9.908620689655173,2,1,1,0,ca,90036,Los Angeles,1
2286,Five Guys,"10140 carmenita rd., whittier, ca, 90605, us",14.15,11.27,10.07,,7.91,4.31,8.15,7,29,4.7,1,9.11655172413793,2,1,1,0,ca,90605,Los Angeles,1
2287,Five Guys,"6285 pats ranch rd., mira loma, ca, 91752, us",13.67,10.79,9.59,,7.19,3.95,7.67,2,29,4.7,1,8.439655172413792,2,1,1,0,ca,91752,Riverside,1
2288,Five Guys,"2970 w. grant line road, tracy, ca, 95304, us",15.47,12.47,11.15,,8.75,4.79,8.15,5,29,4.6,240+,9.908620689655173,2,1,1,0,ca,95304,San Joaquin,1
2289,Five Guys,"7945 haven ave, rancho cucamonga, ca, 91730, us",14.03,10.79,9.59,,7.19,3.95,7.67,2,29,4.7,1,8.78310344827586,2,1,1,0,ca,91730,San Bernardino,1
2290,Five Guys,"1840 herndon ave., building b, suite 105, clovis, ca, 93611, us",15.47,12.47,11.15,,8.75,4.79,,5,28,4.700000000000001,700+,9.971428571428573,2,1,1,0,ca,93611,Fresno,1
2291,Five Guys,"130 n el camino real, ste c, encinitas, ca, 92024, us",15.47,11.27,11.15,,8.75,4.79,8.15,5,30,4.800000000000001,700+,9.914000000000003,2,1,1,0,ca,92024,San Diego,1
2292,Five Guys,"5660 cottle rd, san jose, ca, 95123, us",14.27,11.39,10.79,,7.79,4.07,7.91,7,30,4.599999999999999,700+,9.154,2,1,1,0,ca,95123,Santa Clara,1
2293,Five Guys,"401 newport center dr. a103, newport beach, ca, 92660, us",15.47,12.47,11.15,,8.75,4.79,,5,28,4.6,700+,9.971428571428573,2,1,1,0,ca,92660,Orange,1
2294,Five Guys,"4737 venice blvd, los angeles, ca, 90019, us",15.47,12.47,11.15,,8.75,4.79,8.15,5,29,4.7,3,9.908620689655173,2,1,1,0,ca,90019,Los Angeles,1
2295,Five Guys,"30622 santa margarita pkwy, rancho santa margarita, ca, 92688, us",15.47,12.47,11.15,,8.75,4.79,8.15,5,29,4.6,800+,9.863103448275861,2,1,1,0,ca,92688,Orange,1
2296,Five Guys,"230 south lake avenue, pasadena, ca, 91101, us",15.47,12.47,11.15,,8.75,4.79,8.15,5,29,4.7,2,9.908620689655173,2,1,1,0,ca,91101,Los Angeles,1
2297,Five Guys,"23240 hawthorne blvd., #101, torrance, ca, 90505, us",15.47,12.47,11.15,,8.75,4.79,8.15,5,29,4.800000000000001,1,9.908620689655173,2,1,1,0,ca,90505,Los Angeles,1
2298,Five Guys,"3456 camino tassajara, danville, ca, 94506, us",14.39,11.39,10.19,,7.55,3.35,7.55,2,30,4.800000000000001,260+,8.937999999999999,2,1,1,0,ca,94506,Contra Costa,1
2299,Carls Jr,"3770 telegraph ave, oakland, ca, 94609, us",9.89,6.39,,16.44,5.19,4.65,9.09,63,265,4.6,900+,9.555622641509435,2,1,1,0,ca,94609,Alameda,1
2300,Carls Jr,"871 marina village pkwy, alameda, ca, 94501, us",9.89,6.39,,16.44,5.19,4.65,9.09,93,416,4.6000000000000005,420+,9.61141826923077,2,1,1,0,ca,94501,Alameda,1
2301,Carls Jr,"10770 macarthur blvd, oakland, ca, 94605, us",9.89,6.39,,16.44,5.19,4.65,9.09,29,140,4.5,600+,10.748928571428571,2,1,1,0,ca,94605,Alameda,1
2302,Carls Jr,"1 hallidie plaza, san francisco, ca, 94102, us",12.13,7.23,,20.23,5.87,5.27,10.28,61,350,4.5,4,11.570371428571429,2,1,1,0,ca,94102,San Francisco,1
2303,Carls Jr,"20550 mission blvd, hayward, ca, 94541, us",7.3,4.71,,9.66,4.0,4.12,5.89,34,134,4.600000000000001,600+,7.759477611940298,2,1,1,0,ca,94541,Alameda,1
2304,Carls Jr,"1550 fitzgerald drive, pinole, ca, 94564, us",8.05,6.0,,13.45,4.55,3.95,6.95,52,338,4.399999999999999,500+,10.582248520710058,2,1,1,0,ca,94564,Contra Costa,1
2305,Carls Jr,"37000, fremont, ca, 94536, us",10.79,7.19,,,4.43,3.95,6.35,22,108,4.600000000000001,430+,7.37888888888889,2,1,1,0,ca,94536,Alameda,1
2306,Carls Jr,"5670 thornton ave, newark, ca, 94560, us",10.79,7.19,,,4.43,3.95,6.35,22,108,4.600000000000001,230+,7.37888888888889,2,1,1,0,ca,94560,Alameda,1
2307,Carls Jr,"27467 hesperian blvd, hayward, ca, 94545, us",,,,,,,,9,72,4.6000000000000005,380+,4.982916666666667,2,1,1,0,ca,94545,Alameda,1
2308,Carls Jr,"39901 balentine dr, newark, ca, 94560, us",10.79,7.19,,,4.43,3.95,6.35,11,54,4.5,95,7.378888888888888,2,1,1,0,ca,94560,Alameda,1
2309,Carls Jr,"46637 mission blvd, fremont, ca, 94539, us",10.79,7.19,,,4.43,3.95,6.35,11,54,4.699999999999998,150+,7.378888888888889,2,1,1,0,ca,94539,Alameda,1
2310,Carls Jr,"38860, fremont, ca, 94536, us",,,,,,,,37,120,4.700000000000001,1,6.005333333333334,2,1,1,0,ca,94536,Alameda,1
2311,Carls Jr,"3131 crow canyon pl, san ramon, ca, 94583, us",9.89,6.39,,,5.19,4.65,9.09,38,154,4.3999999999999995,190+,8.089090909090908,2,1,1,0,ca,94583,Contra Costa,1
2312,Carls Jr,"1530 kirker pass rd, clayton, ca, 94517, us",9.89,6.39,,,5.19,4.65,9.09,14,55,4.300000000000002,190+,8.669636363636364,2,1,1,0,ca,94517,Contra Costa,1
2313,Carls Jr,"4595 century blvd., pittsburg, ca, 94565, us",8.89,6.44,,14.69,5.02,3.86,7.6,9,85,4.7,290+,11.233294117647057,2,1,1,0,ca,94565,Contra Costa,1
2314,Carls Jr,"5990 e. 2nd street, benicia, ca, 94510, us",9.06,5.19,,13.91,3.62,4.22,6.64,45,213,4.799999999999998,43,8.936666666666667,2,1,1,0,ca,94510,Solano,1
2315,Carls Jr,"915 main st, oakley, ca, 94561, us",8.89,6.44,,14.69,5.02,3.86,7.6,9,85,4.600000000000002,87,11.233294117647059,2,1,1,0,ca,94561,Contra Costa,1
2316,Carls Jr,"385 sun valley mall, concord, ca, 94520, us",,,,,,,,14,231,4.100000000000001,1,18.095670995670996,2,1,1,0,ca,94520,Contra Costa,1
2317,Carls Jr,"1611 n blackstone ave, fresno, ca, 93703, us",9.89,6.52,,16.44,5.19,4.65,9.09,12,78,4.399999999999998,170+,12.50897435897436,2,1,1,0,ca,93703,Fresno,1
2318,Carls Jr,"1588 n 1st st, fresno, ca, 93703, us",9.89,6.52,,16.44,5.19,4.65,9.09,17,100,4.3,83,11.217300000000002,2,1,1,0,ca,93703,Fresno,1
2319,Carls Jr,"2590 s east ave, fresno, ca, 93706, us",9.89,6.52,,16.44,5.19,4.65,9.09,17,100,4.600000000000001,270+,11.2173,2,1,1,0,ca,93706,Fresno,1
2320,Carls Jr,"3983 n blackstone ave, fresno, ca, 93726, us",9.89,6.52,,16.44,5.19,4.65,9.09,12,78,4.600000000000002,98,12.508974358974358,2,1,1,0,ca,93726,Fresno,1
2321,Carls Jr,"5007 e mckinley ave, fresno, ca, 93727, us",9.89,6.52,,16.44,5.19,4.65,9.09,12,78,4.600000000000002,81,12.50897435897436,2,1,1,0,ca,93727,Fresno,1
2322,Carls Jr,"5625 east kings canyon road, fresno, ca, 93727, us",9.89,6.52,,16.44,5.19,4.65,9.09,17,100,4.600000000000001,230+,11.217300000000002,2,1,1,0,ca,93727,Fresno,1
2323,Carls Jr,"3520 rosedale highway, bakersfield, ca, 93308, us",8.89,6.44,,14.69,5.02,3.86,7.6,6,80,4.5,100+,11.596250000000001,2,1,1,0,ca,93308,Kern,1
2324,Carls Jr,"101 s union ave, bakersfield, ca, 93307, us",8.89,6.44,,14.69,5.02,3.86,7.6,6,80,4.6000000000000005,290+,11.596250000000001,2,1,1,0,ca,93307,Kern,1
2325,Carls Jr,"2412 ming ave, bakersfield, ca, 93304, us",8.89,6.44,,14.69,5.02,3.86,7.6,6,80,4.299999999999999,170+,11.596250000000001,2,1,1,0,ca,93304,Kern,1
2326,Carls Jr,"2400 white ln, bakersfield, ca, 93304, us",8.89,6.44,,14.69,5.02,3.86,7.6,6,80,4.700000000000001,470+,11.596250000000001,2,1,1,0,ca,93304,Kern,1
2327,Carls Jr,"4800 white lane, bakersfield, ca, 93309, us",8.89,6.44,,14.69,5.02,3.86,7.6,6,80,4.700000000000001,120+,11.59625,2,1,1,0,ca,93309,Kern,1
2328,Carls Jr,"3901 auburn st., bakersfield, ca, 93306, us",8.89,6.44,,14.69,5.02,3.86,7.6,6,80,4.6000000000000005,500+,11.596250000000001,2,1,1,0,ca,93306,Kern,1
2329,Carls Jr,"3215 n. broadway, los angeles, ca, 90031, us",9.66,,,15.47,4.5,4.63,7.86,24,138,4.600000000000001,2,12.263985507246378,2,1,1,0,ca,90031,Los Angeles,1
2330,Carls Jr,"3005 w 6th st, los angeles, ca, 90020, us",7.01,,,,3.25,3.62,5.67,9,45,4.699999999999998,3,6.765999999999998,2,1,1,0,ca,90020,Los Angeles,1
2331,Carls Jr,"1611 s western ave, los angeles, ca, 90006, us",6.88,,,,3.13,3.62,5.55,9,46,4.5,2,6.631956521739129,2,1,1,0,ca,90006,Los Angeles,1
2332,Carls Jr,"424 w los feliz rd, glendale, ca, 91204, us",7.01,,,,3.25,3.62,5.67,10,46,4.699999999999998,3,6.729130434782608,2,1,1,0,ca,91204,Los Angeles,1
2333,Carls Jr,"2521 w. commonwealth ave., alhambra, ca, 91803, us",9.66,,,15.47,4.5,4.63,7.86,13,71,4.600000000000002,1,12.422112676056342,2,1,1,0,ca,91803,Los Angeles,1
2334,Carls Jr,"4966 florence ave, bell, ca, 90201, us",7.01,,,,3.25,3.62,5.67,10,46,4.699999999999998,2,6.729130434782608,2,1,1,0,ca,90201,Los Angeles,1
2335,Carls Jr,"2710 del amo blvd, lakewood, ca, 90712, us",8.76,,,15.6,4.12,4.5,6.95,8,76,4.600000000000001,1,12.364868421052634,2,1,1,0,ca,90712,Los Angeles,1
2336,Carls Jr,"1881 e del amo blvd, carson, ca, 90746, us",8.76,,,15.6,4.12,4.5,6.95,8,76,4.600000000000001,600+,12.364868421052634,2,1,1,0,ca,90746,Los Angeles,1
2337,Carls Jr,"1259 w carson st, torrance, ca, 90502, us",8.76,,,15.6,4.12,4.5,6.95,8,76,4.7,700+,12.364868421052634,2,1,1,0,ca,90502,Los Angeles,1
2338,Carls Jr,"6601 atlantic ave, long beach, ca, 90805, us",8.76,,,15.6,4.12,4.5,6.95,8,76,4.5,1,12.364868421052632,2,1,1,0,ca,90805,Los Angeles,1
2339,Carls Jr,"17450 s avalon blvd, carson, ca, 90746, us",8.76,,,15.6,4.12,4.5,6.95,8,76,4.5,600+,12.364868421052634,2,1,1,0,ca,90746,Los Angeles,1
2340,Carls Jr,"1360 w 190th st, torrance, ca, 90501, us",8.69,,,,3.79,4.09,6.89,12,49,4.6000000000000005,270+,9.202244897959183,2,1,1,0,ca,90501,Los Angeles,1
2341,Carls Jr,"27606 n newhall ranch road, santa clarita, ca, 91355, us",8.76,,,15.6,4.12,4.5,6.95,8,76,4.8,600+,12.364868421052632,2,1,1,0,ca,91355,Los Angeles,1
2342,Carls Jr,"24715 pico canyon rd, stevenson ranch, ca, 91381, us",8.76,,,15.6,4.12,4.5,6.95,8,76,4.5,330+,12.364868421052634,2,1,1,0,ca,91381,Los Angeles,1
2343,Carls Jr,"20425, newhall, ca, 91321, us",8.76,,,15.6,4.12,4.5,6.95,8,76,4.899999999999999,100+,12.364868421052632,2,1,1,0,ca,91321,Los Angeles,1
2344,Carls Jr,"18950 soledad canyon rd, canyon country, ca, 91351, us",8.76,,,15.6,4.12,4.5,6.95,8,76,4.8,1,12.364868421052634,2,1,1,0,ca,91351,Los Angeles,1
2345,Carls Jr,"18741 via princessa, santa clarita, ca, 91387, us",8.76,,,15.6,4.12,4.5,6.95,8,76,4.600000000000001,700+,12.364868421052634,2,1,1,0,ca,91387,Los Angeles,1
2346,Carls Jr,"18090 w. chatsworth st., granada hills, ca, 91344, us",9.66,,,15.47,4.5,4.63,7.86,13,73,4.7,490+,12.134657534246577,2,1,1,0,ca,91344,Los Angeles,1
2347,Carls Jr,"3897 sonoma blvd, vallejo, ca, 94589, us",8.05,6.0,,13.45,4.55,3.95,6.95,52,326,4.5,240+,10.058895705521474,2,1,1,0,ca,94589,Solano,1
2348,Carls Jr,"2434 junipero serra blvd, daly city, ca, 94015, us",9.89,6.39,,16.44,5.19,4.65,9.09,92,386,4.5,1,8.930466321243523,2,1,1,0,ca,94015,San Mateo,1
2349,Carls Jr,"6460 redwood dr, rohnert park, ca, 94928, us",9.28,5.41,,14.56,4.89,4.63,6.95,40,171,4.6000000000000005,150+,11.389415204678363,2,1,1,0,ca,94928,Sonoma,1
2350,Carls Jr,"1631 w imola ave, napa, ca, 94559, us",8.79,5.69,,12.97,3.99,3.79,6.89,30,210,4.5,240+,9.553809523809523,2,1,1,0,ca,94559,Napa,1
2351,Carls Jr,"1000 farmers ln, santa rosa, ca, 95405, us",9.28,5.41,,14.56,4.89,4.63,,39,157,4.600000000000001,290+,11.084012738853504,2,1,1,0,ca,95405,Sonoma,1
2352,Carls Jr,"495 stony point rd, santa rosa, ca, 95401, us",9.28,5.41,,14.56,4.89,4.63,6.95,38,161,4.5,600+,10.919689440993789,2,1,1,0,ca,95401,Sonoma,1
2353,Carls Jr,"400 e market st, salinas, ca, 93901, us",8.74,,,14.99,4.36,4.36,6.86,14,74,4.600000000000001,260+,11.407972972972972,2,1,1,0,ca,93901,Monterey,1
2354,Carls Jr,"1061 n davis rd, salinas, ca, 93907, us",8.74,,,14.99,4.36,4.36,6.86,14,74,4.600000000000001,350+,11.407972972972972,2,1,1,0,ca,93907,Monterey,1
2355,Carls Jr,"902 lighthouse ave, monterey, ca, 93940, us",8.74,,,14.99,4.36,4.36,6.86,14,74,4.600000000000001,370+,11.40797297297297,2,1,1,0,ca,93940,Monterey,1
2356,Carls Jr,"1901, freedom, ca, 95019, us",8.15,,,14.75,3.59,4.19,6.47,24,153,4.399999999999999,87,11.54294117647059,2,1,1,0,ca,95019,Santa Cruz,1
2357,Carls Jr,"1830 n bristol st bldg 18, santa ana, ca, 92706, us",6.88,,,,3.13,3.62,5.55,7,36,4.699999999999999,1,6.198888888888889,2,1,1,0,ca,92706,Orange,1
2358,Carls Jr,"1943 e. 17th st, santa ana, ca, 92705, us",8.76,,,15.6,4.12,4.5,6.95,6,55,4.5,270+,11.773454545454547,2,1,1,0,ca,92705,Orange,1
2359,Carls Jr,"402 s main st, orange, ca, 92868, us",7.01,,,,3.25,3.62,5.67,8,36,4.599999999999999,700+,6.292777777777779,2,1,1,0,ca,92868,Orange,1
2360,Carls Jr,"1809 e edinger ave, santa ana, ca, 92705, us",6.88,,,,3.13,3.62,5.55,7,36,4.599999999999999,1,6.19888888888889,2,1,1,0,ca,92705,Orange,1
2361,Carls Jr,"2511 s bristol, santa ana, ca, 92707, us",6.54,,,,2.98,3.44,5.28,8,36,4.599999999999999,900+,5.8916666666666675,2,1,1,0,ca,92707,Orange,1
2362,Carls Jr,"16101 n. harbor blvd, fountain valley, ca, 92708, us",8.76,,,15.6,4.12,4.5,,6,56,4.7,700+,11.837142857142855,2,1,1,0,ca,92708,Orange,1
2363,Carls Jr,"1701 douglas blvd, roseville, ca, 95661, us",8.89,6.44,,14.69,5.02,3.86,7.6,5,61,4.300000000000001,190+,11.121803278688526,2,1,1,0,ca,95661,Placer,1
2364,Carls Jr,"5201 elkhorn blvd, sacramento, ca, 95842, us",8.89,6.44,,14.69,5.02,3.86,,10,120,4.6,160+,11.180499999999999,2,1,1,0,ca,95842,Sacramento,1
2365,Carls Jr,"5935 madison ave, carmichael, ca, 95608, us",8.89,6.44,,14.69,5.02,3.86,7.6,10,122,4.100000000000001,360+,11.121803278688525,2,1,1,0,ca,95608,Sacramento,1
2366,Carls Jr,"4002 foothills blvd, roseville, ca, 95747, us",8.89,6.44,,14.69,5.02,3.86,7.6,5,58,4.199999999999999,100+,11.121724137931034,2,1,1,0,ca,95747,Placer,1
2367,Carls Jr,"6741 stanford ranch rd, rocklin, ca, 95677, us",,,,,4.79,3.79,7.29,7,34,4.699999999999999,98,5.469411764705883,2,1,1,0,ca,95677,Placer,1
2368,Carls Jr,"1300 east, roseville, ca, 95661, us",,,,,,,,23,105,4.5,120+,10.339238095238095,2,1,1,0,ca,95661,Placer,1
2369,Carls Jr,"2300 grass valley highway, auburn, ca, 95603-2554, us",,,,,4.59,4.83,7.01,8,24,4.4,37,4.627083333333334,2,1,1,0,ca,95603,Placer,1
2370,Carls Jr,"4315 sierra college blvd, rocklin, ca, 95650, us",,,,,4.79,3.79,7.29,5,23,4.799999999999999,23,4.859565217391304,2,1,1,0,ca,95650,Placer,1
2371,Carls Jr,"8477 sierra college blvd, roseville, ca, 95661, us",8.89,6.44,,14.69,5.02,3.86,7.6,5,56,4.5,61,11.18517857142857,2,1,1,0,ca,95661,Placer,1
2372,Carls Jr,"6608 lonetree blvd, rocklin, ca, 95765, us",8.89,6.44,,14.69,5.02,3.86,7.6,5,61,4.800000000000001,98,11.121803278688528,2,1,1,0,ca,95765,Placer,1
2373,Carls Jr,"1250 university ave, riverside, ca, 92507, us",8.76,,,15.6,4.12,4.5,6.95,20,181,4.3,310+,11.792817679558011,2,1,1,0,ca,92507,Riverside,1
2374,Carls Jr,"3483 madison st, riverside, ca, 92504, us",8.76,,,15.6,4.12,4.5,6.95,20,189,4.36031746031746,230+,11.911481481481479,2,1,1,0,ca,92504,Riverside,1
2375,Carls Jr,"10100 ben nevis blvd, glen avon, ca, 92509, us",8.76,,,15.6,4.12,4.5,6.95,19,180,4.636666666666668,86,11.835444444444445,2,1,1,0,ca,92509,Riverside,1
2376,Carls Jr,"22580 cactus ave, moreno valley, ca, 92553, us",8.74,5.98,,10.88,4.11,4.36,6.86,26,95,4.7,130+,7.921157894736842,2,1,1,0,ca,92553,Riverside,1
2377,Carls Jr,"620 w foothill blvd, rialto, ca, 92376, us",8.76,,,15.6,4.12,4.5,6.95,18,171,4.6000000000000005,600+,11.75140350877193,2,1,1,0,ca,92376,San Bernardino,1
2378,Carls Jr,"25055 elder ave, moreno valley, ca, 92557, us",8.74,5.98,,10.88,4.11,4.36,6.86,13,57,4.5,500+,8.601403508771929,2,1,1,0,ca,92557,Riverside,1
2379,Carls Jr,"16130 perris blvd, moreno valley, ca, 92551, us",8.76,,,15.6,4.12,4.5,6.95,7,58,4.5,310+,11.619827586206897,2,1,1,0,ca,92551,Riverside,1
2380,Carls Jr,"736 ramona expressway, perris, ca, 92570, us",8.74,5.98,,10.88,4.11,4.36,6.86,13,57,4.199999999999999,180+,8.601403508771929,2,1,1,0,ca,92570,Riverside,1
2381,Carls Jr,"69 w nuevo rd, perris, ca, 92571, us",7.01,,,10.75,3.25,3.62,5.67,20,95,4.5,700+,7.510421052631578,2,1,1,0,ca,92571,Riverside,1
2382,Carls Jr,"40980 california oaks rd, murrieta, ca, 92562, us",9.55,,,14.85,4.4,3.9,7.75,13,119,4.700000000000004,140+,9.973949579831931,2,1,1,0,ca,92562,Riverside,1
2383,Carls Jr,"23761 washington ave, murrieta, ca, 92562, us",9.55,,,,4.4,3.9,7.75,6,45,4.6,120+,7.795555555555557,2,1,1,0,ca,92562,Riverside,1
2384,Carls Jr,"30660 rancho california rd, temecula, ca, 92591, us",7.25,,,,4.22,3.62,6.04,9,45,4.5,180+,6.367777777777776,2,1,1,0,ca,92591,Riverside,1
2385,Carls Jr,"854 harbor blvd, west sacramento, ca, 95691, us",8.89,6.44,,14.69,5.02,3.86,7.6,5,61,4.5,440+,11.121803278688526,2,1,1,0,ca,95691,Yolo,1
2386,Carls Jr,"2615 broadway, sacramento, ca, 95818, us",8.89,6.44,,14.69,5.02,3.86,7.6,5,61,4.399999999999999,600+,11.121803278688525,2,1,1,0,ca,95818,Sacramento,1
2387,Carls Jr,"2460 w. el camino avenue, sacramento, ca, 95833, us",8.89,6.44,,14.69,5.02,3.86,7.6,5,61,4.5,330+,11.121803278688528,2,1,1,0,ca,95833,Sacramento,1
2388,Carls Jr,"3027 k st, sacramento, ca, 95816, us",,,,,,,,8,70,4.399999999999998,1,7.208571428571428,2,1,1,0,ca,95816,Sacramento,1
2389,Carls Jr,"8722, elk grove, ca, 95624, us",8.89,6.44,,14.69,5.02,3.86,,5,60,4.600000000000002,98,11.1805,2,1,1,0,ca,95624,Sacramento,1
2390,Carls Jr,"9664 bruceville rd, elk grove, ca, 95757, us",8.89,6.44,,14.69,5.02,3.86,,5,60,4.699999999999999,100+,11.1805,2,1,1,0,ca,95757,Sacramento,1
2391,Carls Jr,"6201 mack road, sacramento, ca, 95823, us",8.89,6.44,,14.69,5.02,3.86,,5,59,4.5,210+,11.315593220338984,2,1,1,0,ca,95823,Sacramento,1
2392,Carls Jr,"4244 florin rd, sacramento, ca, 95823, us",,,,,,,,8,103,4.0,500+,8.59155339805825,2,1,1,0,ca,95823,Sacramento,1
2393,Carls Jr,"293 east 40th street, san bernardino, ca, 92404, us",7.79,,,,3.59,3.59,5.99,7,36,4.199999999999999,450+,6.770555555555555,2,1,1,0,ca,92404,San Bernardino,1
2394,Carls Jr,"1334 s. riverside ave, rialto, ca, 92376, us",8.76,,,15.6,4.12,4.5,6.95,12,114,4.6000000000000005,340+,11.751403508771931,2,1,1,0,ca,92376,San Bernardino,1
2395,Carls Jr,"2022 n riverside ave, rialto, ca, 92377, us",8.76,,,15.6,4.12,4.5,6.95,12,114,4.399999999999999,220+,11.751403508771931,2,1,1,0,ca,92377,San Bernardino,1
2396,Carls Jr,"1205 colton ave, redlands, ca, 92374, us",8.76,,,15.6,4.12,4.5,6.95,6,57,4.5,700+,11.751403508771931,2,1,1,0,ca,92374,San Bernardino,1
2397,Carls Jr,"14454 valley blvd, fontana, ca, 92335, us",7.13,,,,3.25,3.62,5.67,8,36,4.599999999999999,900+,6.195277777777779,2,1,1,0,ca,92335,San Bernardino,1
2398,Carls Jr,"11738 foothill blvd, rancho cucamonga, ca, 91730, us",8.76,,,15.6,4.12,4.5,6.95,6,57,4.300000000000001,200+,11.751403508771931,2,1,1,0,ca,91730,San Bernardino,1
2399,Carls Jr,"15227 hook blvd, victorville, ca, 92394, us",8.76,,,15.6,4.12,4.5,6.95,9,77,4.399999999999998,300+,12.25779220779221,2,1,1,0,ca,92394,San Bernardino,1
2400,Carls Jr,"14292 highway 395, adelanto, ca, 92301, us",8.76,,,15.6,4.12,4.5,6.95,9,77,4.600000000000002,480+,12.25779220779221,2,1,1,0,ca,92301,San Bernardino,1
2401,Carls Jr,"12271, apple valley, ca, 92308, us",8.76,,,15.6,4.12,4.5,6.95,9,77,4.600000000000002,270+,12.25779220779221,2,1,1,0,ca,92308,San Bernardino,1
2402,Carls Jr,"14717 bear valley rd, victorville, ca, 92345, us",7.79,,,12.87,3.59,3.59,5.99,9,74,4.600000000000001,380+,9.706756756756755,2,1,1,0,ca,92345,San Bernardino,1
2403,Carls Jr,"17110 bear valley rd, victorville, ca, 92395, us",7.79,,,12.87,3.59,3.59,5.99,9,74,4.600000000000001,280+,9.706756756756755,2,1,1,0,ca,92395,San Bernardino,1
2404,Carls Jr,"14244 valley center dr, victorville, ca, 92395, us",,,,,,,,26,98,4.299999999999999,600+,11.496020408163266,2,1,1,0,ca,92395,San Bernardino,1
2405,Carls Jr,"15669 main st, hesperia, ca, 92345, us",7.79,,,12.87,3.59,3.59,5.99,9,74,4.600000000000001,500+,9.706756756756755,2,1,1,0,ca,92345,San Bernardino,1
2406,Carls Jr,"3381 rosecrans st, san diego, ca, 92110, us",7.74,5.49,,13.99,3.74,4.24,6.61,10,78,4.600000000000002,600+,10.608461538461537,2,1,1,0,ca,92110,San Diego,1
2407,Carls Jr,"3008 el cajon blvd, san diego, ca, 92104, us",7.74,5.49,,13.99,3.74,4.24,6.61,10,78,4.600000000000002,1,10.608461538461537,2,1,1,0,ca,92104,San Diego,1
2408,Carls Jr,"845 morena blvd, san diego, ca, 92110, us",7.74,5.49,,13.99,3.74,4.24,6.61,10,78,4.699999999999999,240+,10.608461538461537,2,1,1,0,ca,92110,San Diego,1
2409,Carls Jr,"1280 e plaza blvd, national city, ca, 91950, us",7.74,5.49,,,3.74,4.24,6.61,20,154,4.6000000000000005,1,10.564545454545453,2,1,1,0,ca,91950,San Diego,1
2410,Carls Jr,"2903 burgener blvd, san diego, ca, 92110, us",7.74,5.49,,13.99,3.74,4.24,6.61,10,78,4.199999999999999,370+,10.608461538461537,2,1,1,0,ca,92110,San Diego,1
2411,Carls Jr,"5901 university ave, san diego, ca, 92115, us",7.74,5.49,,13.99,3.74,4.24,6.61,10,78,4.600000000000002,500+,10.608461538461537,2,1,1,0,ca,92115,San Diego,1
2412,Carls Jr,"695 h st, chula vista, ca, 91910, us",7.74,5.49,,,3.74,4.24,6.61,10,77,4.600000000000002,310+,10.564545454545453,2,1,1,0,ca,91910,San Diego,1
2413,Carls Jr,"1502 sweetwater rd, national city, ca, 91950, us",7.74,5.49,,,3.74,4.24,6.61,10,77,4.600000000000002,500+,10.564545454545453,2,1,1,0,ca,91950,San Diego,1
2414,Carls Jr,"996 third ave., chula vista, ca, 91911, us",7.74,5.49,,13.99,3.74,4.24,6.61,10,78,4.699999999999999,500+,10.608461538461537,2,1,1,0,ca,91911,San Diego,1
2415,Carls Jr,"1100 broadway, chula vista, ca, 91911, us",7.74,5.49,,13.99,3.74,4.24,6.61,10,78,4.600000000000002,310+,10.608461538461537,2,1,1,0,ca,91911,San Diego,1
2416,Carls Jr,"700 13th street, imperial beach, ca, 91932, us",7.74,5.49,,13.99,3.74,4.24,6.61,10,78,4.600000000000002,600+,10.608461538461537,2,1,1,0,ca,91932,San Diego,1
2417,Carls Jr,"950, carlsbad, ca, 92008, us",7.74,5.49,,13.99,3.74,4.24,6.61,10,78,4.5,160+,10.299487179487178,2,1,1,0,ca,92008,San Diego,1
2418,Carls Jr,"2608 el camino real, carlsbad, ca, 92010, us",7.74,5.49,,13.99,3.74,4.24,6.61,12,84,4.600000000000001,160+,10.193809523809524,2,1,1,0,ca,92010,San Diego,1
2419,Carls Jr,"611 douglas dr, oceanside, ca, 92058, us",7.74,5.49,,13.99,3.74,4.24,6.61,12,84,4.5,360+,10.193809523809524,2,1,1,0,ca,92058,San Diego,1
2420,Carls Jr,"4186, oceanside, ca, 92056, us",7.74,5.49,,13.99,3.74,4.24,6.61,22,168,4.5,260+,10.526369047619047,2,1,1,0,ca,92056,San Diego,1
2421,Carls Jr,"775 college blvd, oceanside, ca, 92057, us",7.74,5.49,,13.99,3.74,4.24,6.61,12,84,4.600000000000001,270+,10.193809523809524,2,1,1,0,ca,92057,San Diego,1
2422,Carls Jr,"925 palomar airport rd, carlsbad, ca, 92011, us",7.74,5.49,,13.99,3.74,4.24,6.61,12,84,4.7,260+,10.193809523809524,2,1,1,0,ca,92011,San Diego,1
2423,Carls Jr,"110 hickey blvd, south san francisco, ca, 94080, us",9.67,5.43,,14.82,4.22,3.62,6.4,58,235,4.799999999999998,100+,8.189531914893617,2,1,1,0,ca,94080,San Mateo,1
2424,Carls Jr,"899 cherry ave, san bruno, ca, 94066, us",9.89,6.39,,16.44,5.19,4.65,9.09,63,265,4.6,700+,9.555622641509434,2,1,1,0,ca,94066,San Mateo,1
2425,Carls Jr,"939 w. charter way, stockton, ca, 95206, us",8.89,6.44,,14.69,5.02,3.86,,7,89,4.299999999999999,260+,10.642696629213482,2,1,1,0,ca,95206,San Joaquin,1
2426,Carls Jr,"2610 w. march lane, stockton, ca, 95207, us",8.89,6.44,,14.69,5.02,3.86,7.6,8,91,4.7,150+,10.523296703296703,2,1,1,0,ca,95207,San Joaquin,1
2427,Carls Jr,"1535 e. hammer lane, stockton, ca, 95210, us",8.89,6.44,,14.69,5.02,3.86,7.6,8,91,4.8,150+,10.523296703296703,2,1,1,0,ca,95210,San Joaquin,1
2428,Carls Jr,"7432 pacific ave, stockton, ca, 95207, us",8.89,6.44,,14.69,5.02,3.86,7.6,8,91,4.7,78,10.523296703296703,2,1,1,0,ca,95207,San Joaquin,1
2429,Carls Jr,"3205 w. hammer lane, stockton, ca, 95209, us",8.89,6.44,,14.69,5.02,3.86,7.6,8,91,4.5,95,10.523296703296705,2,1,1,0,ca,95209,San Joaquin,1
2430,Carls Jr,"200 louise ave, lathrop, ca, 95330, us",9.89,6.39,,,5.19,4.65,9.09,13,60,4.199999999999999,66,8.507833333333332,2,1,1,0,ca,95330,San Joaquin,1
2431,Carls Jr,"3980 broad street, san luis obispo, ca, 93401, us",9.4,6.44,,,4.89,4.12,7.47,11,58,4.600000000000001,89,7.377413793103447,2,1,1,0,ca,93401,San Luis Obispo,1
2432,Carls Jr,"1590 w branch street, arroyo grande, ca, 93420, us",9.4,6.44,,,4.89,4.12,7.47,21,109,4.200000000000001,69,7.5525688073394495,2,1,1,0,ca,93420,San Luis Obispo,1
2433,Carls Jr,"7085 el camino real, atascadero, ca, 93422, us",9.28,6.31,,,4.76,3.86,7.34,9,58,4.5,50,7.28862068965517,2,1,1,0,ca,93422,San Luis Obispo,1
2434,Carls Jr,"2201 theatre drive, paso robles, ca, 93446, us",9.28,6.31,,,4.76,3.86,7.34,9,58,4.5,35,7.28862068965517,2,1,1,0,ca,93446,San Luis Obispo,1
2435,Carls Jr,"2725 black oak drive, paso robles, ca, 93446, us",9.4,6.44,,,4.89,4.12,7.47,11,58,4.600000000000001,34,7.377413793103447,2,1,1,0,ca,93446,San Luis Obispo,1
2436,Carls Jr,"1140 triton dr, san mateo, ca, 94404, us",9.89,6.39,,16.44,5.19,4.65,9.09,39,184,4.700000000000001,600+,9.765815217391303,2,1,1,0,ca,94404,San Mateo,1
2437,Carls Jr,"1001 veterans blvd, redwood city, ca, 94063, us",9.89,6.39,,,5.19,4.65,9.09,14,55,4.4,500+,8.669636363636366,2,1,1,0,ca,94063,San Mateo,1
2438,Carls Jr,"1355 s bradley rd, santa maria, ca, 93454, us",9.4,6.44,,,4.89,4.12,7.47,10,51,3.6999999999999993,17,7.751764705882351,2,1,1,0,ca,93454,Santa Barbara,1
2439,Carls Jr,"2185 s broadway, santa maria, ca, 93454, us",9.28,6.31,,,4.76,3.86,7.34,8,51,4.6,64,7.648235294117646,2,1,1,0,ca,93454,Santa Barbara,1
2440,Carls Jr,"7 s milpas street, santa barbara, ca, 93103, us",9.28,6.31,,,4.76,3.86,7.34,8,51,4.699999999999999,300+,7.648235294117645,2,1,1,0,ca,93103,Santa Barbara,1
2441,Carls Jr,"5820 calle real, goleta, ca, 93117, us",9.4,6.44,,,4.89,4.12,7.47,10,51,4.699999999999999,90,7.751764705882351,2,1,1,0,ca,93117,Santa Barbara,1
2442,Carls Jr,"4610, carpinteria, ca, 93013, us",9.28,6.31,,,4.76,3.86,7.34,8,51,4.800000000000001,42,7.648235294117646,2,1,1,0,ca,93013,Santa Barbara,1
2443,Carls Jr,"2427 e thompson blvd, ventura, ca, 93003, us",6.88,,,,3.13,3.62,5.55,9,46,4.5,170+,6.63195652173913,2,1,1,0,ca,93003,Ventura,1
2444,Carls Jr,"1745 s victoria ave, ventura, ca, 93003, us",8.76,,,15.6,4.12,4.5,6.95,16,152,4.5,250+,12.364868421052632,2,1,1,0,ca,93003,Ventura,1
2445,Carls Jr,"3015 johnson drive, ventura, ca, 93003, us",8.76,,,15.6,4.12,4.5,6.95,16,152,4.6000000000000005,310+,12.364868421052632,2,1,1,0,ca,93003,Ventura,1
2446,Carls Jr,"655 coleman ave, san jose, ca, 95110, us",7.81,5.74,,14.13,3.44,4.01,6.2,24,157,4.2,250+,10.050445859872612,2,1,1,0,ca,95110,Santa Clara,1
2447,Carls Jr,"1095 oakland rd, san jose, ca, 95112, us",10.79,7.19,,14.99,4.43,3.95,6.35,11,85,4.600000000000002,800+,9.817058823529413,2,1,1,0,ca,95112,Santa Clara,1
2448,Carls Jr,"2495 lafayette st, santa clara, ca, 95050, us",7.81,5.74,,14.13,3.44,4.01,6.2,24,171,4.7,72,10.61204678362573,2,1,1,0,ca,95050,Santa Clara,1
2449,Carls Jr,"270 saratoga ave, santa clara, ca, 95050, us",7.81,5.74,,14.13,3.44,4.01,6.2,24,171,4.7,100+,10.61204678362573,2,1,1,0,ca,95050,Santa Clara,1
2450,Carls Jr,"1890 mccandless dr, milpitas, ca, 95035, us",10.79,7.19,,14.99,4.43,3.95,6.35,11,85,4.8,220+,9.817058823529413,2,1,1,0,ca,95035,Santa Clara,1
2451,Carls Jr,"2802 s white rd, san jose, ca, 95148, us",7.81,5.74,,14.13,3.44,4.01,6.2,12,86,4.3,130+,10.5703488372093,2,1,1,0,ca,95148,Santa Clara,1
2452,Carls Jr,"1051 e el camino real, sunnyvale, ca, 94086, us",9.89,6.39,,,5.19,4.65,9.09,14,55,4.5,700+,8.669636363636366,2,1,1,0,ca,94086,Santa Clara,1
2453,Carls Jr,"2900 bowers ave, santa clara, ca, 95051, us",7.81,5.74,,14.13,3.44,4.01,6.2,12,85,4.3,150+,10.654235294117646,2,1,1,0,ca,95051,Santa Clara,1
2454,Carls Jr,"5000 el camino real, los altos, ca, 94022, us",,,,,,,,5,37,4.599999999999999,500+,10.913783783783781,2,1,1,0,ca,94022,Santa Clara,1
2455,Carls Jr,"5620, scotts valley, ca, 95066, us",8.15,,,14.75,3.59,4.19,6.47,12,77,4.600000000000002,200+,11.491298701298703,2,1,1,0,ca,95066,Santa Cruz,1
2456,Carls Jr,"4400 central pl, fairfield, ca, 94534, us",8.05,6.0,,13.45,4.55,3.95,6.95,20,162,4.2,31,10.861728395061728,2,1,1,0,ca,94534,Solano,1
2457,Carls Jr,"2380 n texas st, fairfield, ca, 94533, us",8.05,6.0,,13.45,4.55,3.95,6.95,22,164,4.399999999999999,300+,10.802439024390244,2,1,1,0,ca,94533,Solano,1
2458,Carls Jr,"289 orange dr, vacaville, ca, 95687, us",8.05,6.0,,13.45,4.55,3.95,6.95,10,78,4.399999999999998,120+,10.325641025641024,2,1,1,0,ca,95687,Solano,1
2459,Carls Jr,"3640 industrial drive, santa rosa, ca, 95403, us",9.28,5.41,,14.56,4.89,4.63,6.95,19,81,4.5,110+,10.876913580246915,2,1,1,0,ca,95403,Sonoma,1
2460,Carls Jr,"373 aviation blvd, santa rosa, ca, 95403, us",9.28,5.41,,14.56,4.89,4.63,6.95,19,81,4.5,140+,10.876913580246914,2,1,1,0,ca,95403,Sonoma,1
2461,Carls Jr,"1037 vine st, healdsburg, ca, 95448, us",9.28,5.41,,14.56,4.89,4.63,6.95,19,81,4.600000000000001,82,10.876913580246914,2,1,1,0,ca,95448,Sonoma,1
2462,Carls Jr,"2808 mchenry ave, modesto, ca, 95350, us",9.89,6.39,,16.44,5.19,4.65,9.09,11,81,4.7,180+,12.44358024691358,2,1,1,0,ca,95350,Stanislaus,1
2463,Carls Jr,"1643 e. hatch road, modesto, ca, 95351, us",9.89,6.39,,16.44,5.19,4.65,9.09,11,81,4.7,110+,12.44358024691358,2,1,1,0,ca,95351,Stanislaus,1
2464,Carls Jr,"1600 oakdale rd, modesto, ca, 95355, us",9.89,6.39,,16.44,5.19,4.65,9.09,11,81,4.3,320+,12.443580246913582,2,1,1,0,ca,95355,Stanislaus,1
2465,Carls Jr,"118 e whitmore ave, modesto, ca, 95358, us",9.89,6.39,,16.44,5.19,4.65,9.09,16,103,4.8,46,11.203495145631072,2,1,1,0,ca,95358,Stanislaus,1
2466,Carls Jr,"2420 mitchell rd, ceres, ca, 95307, us",9.89,6.39,,16.44,5.19,4.65,9.09,11,81,4.3,70,12.443580246913582,2,1,1,0,ca,95307,Stanislaus,1
2467,Carls Jr,"4125 sisk rd, modesto, ca, 95356, us",9.89,6.39,,16.44,5.19,4.65,9.09,16,103,4.600000000000002,94,11.20349514563107,2,1,1,0,ca,95356,Stanislaus,1
2468,Carls Jr,"1336 e main st, visalia, ca, 93292, us",9.89,6.52,,,5.19,4.65,9.09,16,71,4.600000000000002,220+,8.284507042253521,2,1,1,0,ca,93292,Tulare,1
2469,Carls Jr,"501 s chinowth st, visalia, ca, 93277, us",9.89,6.52,,,5.19,4.65,9.09,16,71,4.5,140+,8.284507042253521,2,1,1,0,ca,93277,Tulare,1
2470,Carls Jr,"3350 s mooney blvd, visalia, ca, 93277, us",9.89,6.52,,,5.19,4.65,9.09,16,71,4.199999999999999,130+,8.284507042253521,2,1,1,0,ca,93277,Tulare,1
2471,Carls Jr,"1527 hillman st, tulare, ca, 93274, us",9.89,6.52,,,5.19,4.65,9.09,16,71,4.699999999999999,53,8.284507042253521,2,1,1,0,ca,93274,Tulare,1
2472,Carls Jr,"85 s tower sq, tulare, ca, 93274, us",9.89,6.52,,,5.19,4.65,9.09,16,71,4.199999999999999,95,8.28450704225352,2,1,1,0,ca,93274,Tulare,1
2473,Carls Jr,"480 n rose ave, oxnard, ca, 93030, us",6.54,,,,2.98,3.44,5.28,10,46,4.699999999999998,310+,6.303260869565216,2,1,1,0,ca,93030,Ventura,1
2474,Carls Jr,"2301 n, oxnard, ca, 93036, us",6.66,,,,3.09,3.44,5.39,10,46,4.4,440+,6.395217391304348,2,1,1,0,ca,93036,Ventura,1
2475,Carls Jr,"3255 saviers rd, oxnard, ca, 93033, us",6.54,,,,2.98,3.44,5.28,10,46,4.5,600+,6.303260869565216,2,1,1,0,ca,93033,Ventura,1
2476,Carls Jr,"717 channel islands blvd, port hueneme, ca, 93041, us",6.54,,,,2.98,3.44,5.28,10,46,4.699999999999998,340+,6.303260869565216,2,1,1,0,ca,93041,Ventura,1
2477,Carls Jr,"1670 w pacific coast hwy, long beach, ca, 90813, us",8.22,,,13.54,3.62,3.86,6.28,12,93,4.5,220+,10.311182795698924,2,1,1,0,ca,90813,Los Angeles,1
2478,Carls Jr,"700, long beach, ca, 90813, us",8.69,,,,4.19,4.09,6.89,9,42,4.5,2,8.040000000000001,2,1,1,0,ca,90813,Los Angeles,1
2479,Carls Jr,"7162 broadway, lemon grove, ca, 91945, us",7.74,5.49,,13.99,3.74,4.24,6.61,10,75,4.600000000000001,800+,10.696933333333332,2,1,1,0,ca,91945,San Diego,1
2480,Carls Jr,"14041 newport ave, tustin, ca, 92780, us",9.02,,,15.85,4.12,4.5,6.95,8,82,4.8,300+,12.612317073170733,2,1,1,0,ca,92780,Orange,1
2481,Carls Jr,"1751 s soto st, los angeles, ca, 90023, us",8.69,,,,4.19,4.09,6.89,11,54,4.6,600+,9.286296296296298,2,1,1,0,ca,90023,Los Angeles,1
2482,Carls Jr,"1439 e gage ave, los angeles, ca, 90001, us",6.88,,,,3.13,3.62,5.55,6,39,4.599999999999999,2,6.565128205128206,2,1,1,0,ca,90001,Los Angeles,1
2483,Carls Jr,"4424 university parkway, san bernardino, ca, 92407, us",7.01,,,10.75,3.25,3.62,5.67,13,65,4.3999999999999995,1,8.513846153846153,2,1,1,0,ca,92407,San Bernardino,1
2484,Carls Jr,"1142 fremont blvd, seaside, ca, 93955, us",8.74,,,14.99,4.36,4.36,6.86,12,66,4.7,270+,11.079393939393938,2,1,1,0,ca,93955,Monterey,1
2485,Carls Jr,"8919 limonite ave, riverside, ca, 92509, us",9.55,,,14.85,4.4,3.9,7.75,8,83,4.8,340+,10.939156626506024,2,1,1,0,ca,92509,Riverside,1
2486,Carls Jr,"8150 sheldon rd, elk grove, ca, 95758, us",8.89,6.44,,14.69,5.02,3.86,,6,86,4.2,150+,11.874883720930235,2,1,1,0,ca,95758,Sacramento,1
2487,Carls Jr,"7151 franklin blvd, sacramento, ca, 95823, us",8.89,6.44,,14.69,5.02,3.86,,10,133,4.100000000000001,210+,11.492631578947368,2,1,1,0,ca,95823,Sacramento,1
2488,Carls Jr,"11051 euclid ave, garden grove, ca, 92840, us",7.01,,,10.75,3.25,3.62,5.67,21,105,4.600000000000001,800+,7.800952380952381,2,1,1,0,ca,92840,Orange,1
2489,Carls Jr,"40375, murrieta, ca, 92563, us",9.55,,,14.85,4.4,3.9,7.75,7,74,4.600000000000001,300+,10.182432432432432,2,1,1,0,ca,92563,Riverside,1
2490,Carls Jr,"6061 van buren blvd, riverside, ca, 92503, us",6.88,,,,3.13,3.62,5.55,11,51,4.4,600+,6.75156862745098,2,1,1,0,ca,92503,Riverside,1
2491,Carls Jr,"13011 harbor blvd, garden grove, ca, 92843, us",6.88,,,10.63,3.13,3.62,5.55,14,83,4.600000000000001,500+,8.793012048192773,2,1,1,0,ca,92843,Orange,1
2492,Carls Jr,"1101 branham ln, san jose, ca, 95118, us",8.39,5.99,,14.99,3.59,4.19,6.47,35,222,4.600000000000001,500+,11.399729729729732,2,1,1,0,ca,95118,Santa Clara,1
2493,Carls Jr,"172 bernal rd, san jose, ca, 95139, us",8.39,5.99,,14.99,3.59,4.19,6.47,13,88,4.6000000000000005,280+,11.608181818181817,2,1,1,0,ca,95139,Santa Clara,1
2494,Carls Jr,"2320 e 4th st, los angeles, ca, 90033, us",8.69,,,,4.19,4.09,6.89,11,54,4.6,1,9.286296296296298,2,1,1,0,ca,90033,Los Angeles,1
2495,Carls Jr,"251 diamond dr, lake elsinore, ca, 92530, us",9.55,,,,4.4,3.9,7.75,8,51,4.6,340+,8.303921568627452,2,1,1,0,ca,92530,Riverside,1
2496,Carls Jr,"30604 benton rd, winchester, ca, 92596, us",9.7,,,,4.4,3.9,7.9,8,51,4.4,310+,8.384313725490196,2,1,1,0,ca,92596,Riverside,1
2497,Carls Jr,"1505 e highland ave, san bernardino, ca, 92404, us",6.88,,,10.63,3.13,3.62,5.55,12,65,4.5,1,8.441692307692309,2,1,1,0,ca,92404,San Bernardino,1
2498,Carls Jr,"2940 van buren boulevard suite 100, riverside, ca, 92503, us",9.02,,,15.85,4.12,4.5,6.95,10,87,4.100000000000002,32,12.338965517241379,2,1,1,0,ca,92503,Riverside,1
2499,Carls Jr,"101 ferrari ranch rd, lincoln, ca, 95648, us",8.89,6.44,,14.69,5.02,3.86,7.6,7,87,4.5,130+,11.80344827586207,2,1,1,0,ca,95648,Placer,1
2500,Carls Jr,"2912 s figueroa st, los angeles, ca, 90007, us",8.69,,,15.57,4.19,4.09,6.89,18,130,4.5,2,11.190615384615384,2,1,1,0,ca,90007,Los Angeles,1
2501,Carls Jr,"2820 e. lincoln ave, anaheim, ca, 92806, us",9.02,,,15.85,4.12,4.5,6.95,9,83,4.600000000000001,470+,12.510000000000002,2,1,1,0,ca,92806,Orange,1
2502,Carls Jr,"3110 e la palma, anaheim, ca, 92806, us",7.01,,,,3.25,3.62,5.67,18,82,4.7,500+,6.583414634146342,2,1,1,0,ca,92806,Orange,1
2503,Carls Jr,"1180 s mount vernon ave, colton, ca, 92324, us",8.74,6.24,,14.99,4.11,4.36,6.86,15,87,4.7,380+,10.879999999999997,2,1,1,0,ca,92324,San Bernardino,1
2504,Carls Jr,"524 inland center dr, san bernardino, ca, 92410, us",9.02,,,15.85,4.12,4.5,6.95,6,65,4.5,700+,12.101538461538462,2,1,1,0,ca,92410,San Bernardino,1
2505,Carls Jr,"27670 eucalyptus ave, moreno valley, ca, 92555, us",7.79,,,12.87,3.59,3.59,6.39,10,83,4.7,400+,9.89433734939759,2,1,1,0,ca,92555,Riverside,1
2506,Carls Jr,"5225 canyon crest dr ste 82, riverside, ca, 92507, us",8.74,6.24,,,4.11,4.36,6.86,15,54,4.699999999999998,270+,7.711666666666668,2,1,1,0,ca,92507,Riverside,1
2507,Carls Jr,"660 hacienda dr, vista, ca, 92081, us",7.74,5.49,,13.99,3.74,4.24,6.61,10,75,4.8,260+,10.696933333333332,2,1,1,0,ca,92081,San Diego,1
2508,Carls Jr,"794 n brookhurst st, anaheim, ca, 92801, us",7.01,,,,3.25,3.62,5.67,10,46,4.4,700+,6.7,2,1,1,0,ca,92801,Orange,1
2509,Carls Jr,"8361 la palma, buena park, ca, 90620, us",9.02,,,15.85,4.12,4.5,6.95,6,65,4.6000000000000005,240+,12.10153846153846,2,1,1,0,ca,90620,Orange,1
2510,Carls Jr,"271 e willow st, long beach, ca, 90806, us",8.69,,,,4.19,4.09,6.89,9,42,4.6,1,8.040000000000001,2,1,1,0,ca,90806,Los Angeles,1
2511,Carls Jr,"2119 s harbor blvd, anaheim, ca, 92802, us",6.66,,,,3.09,3.44,5.39,11,50,4.6,800+,6.551800000000001,2,1,1,0,ca,92802,Orange,1
2512,Carls Jr,"840 sepulveda blvd, harbor city, ca, 90710, us",8.69,,,,4.19,4.09,6.89,9,42,4.699999999999999,600+,8.040000000000001,2,1,1,0,ca,90710,Los Angeles,1
2513,Carls Jr,"229 west 7th street, los angeles, ca, 90014, us",9.39,,,,4.09,4.09,6.59,14,52,4.699999999999999,250+,7.813076923076922,2,1,1,0,ca,90014,Los Angeles,1
2514,Carls Jr,"1315 florin road, sacramento, ca, 95831, us",8.89,6.44,,14.69,5.02,3.86,7.6,6,87,4.600000000000002,230+,11.825747126436783,2,1,1,0,ca,95831,Sacramento,1
2515,Carls Jr,"5501 freeport ave, sacramento, ca, 95822, us",8.89,6.44,,14.69,5.02,3.86,7.6,6,88,4.700000000000001,250+,11.735227272727274,2,1,1,0,ca,95822,Sacramento,1
2516,The Habit,"2000 el camino real, santa clara, ca, 95050, us",9.99,8.86,7.49,19.12,4.99,4.24,7.36,39,234,4.5,1,12.357179487179488,2,1,1,0,ca,95050,Santa Clara,1
2517,The Habit,"1078 e brokaw rd, san jose, ca, 95131, us",9.86,8.74,7.49,18.99,4.99,4.24,7.36,14,79,4.600000000000002,1,12.212278481012659,2,1,1,0,ca,95131,Santa Clara,1
2518,The Habit,"2000 s bascom ave, campbell, ca, 95008, us",10.36,9.24,7.86,19.49,4.99,4.24,7.36,13,79,4.5,1,12.398987341772152,2,1,1,0,ca,95008,Santa Clara,1
2519,The Habit,"249-f n, glendale, ca, 91206, us",9.86,8.74,7.49,18.73,4.86,4.11,7.36,28,158,4.600000000000001,4,12.07481012658228,2,1,1,0,ca,91206,Los Angeles,1
2520,The Habit,"901 fair oaks avenue, south pasadena, ca, 91030, us",10.36,9.24,7.86,19.49,4.99,4.24,7.36,13,79,4.600000000000002,2,12.398987341772152,2,1,1,0,ca,91030,Los Angeles,1
2521,The Habit,"1115 e bidwell st, folsom, ca, 95630, us",9.61,8.74,7.49,17.61,4.49,3.61,6.99,13,79,4.399999999999998,460+,11.425822784810126,2,1,1,0,ca,95630,Sacramento,1
2522,The Habit,"1540 e 14th st, san leandro, ca, 94577, us",9.99,8.86,7.49,19.12,4.99,4.24,7.36,13,79,4.399999999999998,2,12.293924050632912,2,1,1,0,ca,94577,Alameda,1
2523,The Habit,"5108 broadway, oakland, ca, 94611, us",9.86,8.74,7.49,18.99,4.99,4.24,7.36,14,79,4.600000000000002,2,12.212278481012659,2,1,1,0,ca,94611,Alameda,1
2524,The Habit,"1400 ocean st, santa cruz, ca, 95060, us",9.86,8.74,7.49,18.73,4.86,4.11,7.36,14,79,4.5,1,12.07481012658228,2,1,1,0,ca,95060,Santa Cruz,1
2525,The Habit,"7307 n figueroa st, los angeles, ca, 90041, us",9.86,8.74,7.49,18.73,4.86,4.11,7.36,14,79,4.600000000000002,2,12.07481012658228,2,1,1,0,ca,90041,Los Angeles,1
2526,The Habit,"3801 n lakewood blvd, long beach, ca, 90808, us",9.61,8.74,7.49,17.61,4.49,3.61,6.99,13,79,4.600000000000002,3,11.425822784810128,2,1,1,0,ca,90808,Los Angeles,1
2527,The Habit,"15754, paramount, ca, 90723, us",9.49,8.61,7.36,17.36,4.36,3.61,6.86,13,79,4.600000000000002,2,11.274430379746835,2,1,1,0,ca,90723,Los Angeles,1
2528,The Habit,"12631 glenoaks boulevard, los angeles, ca, 91342, us",9.86,8.74,7.49,18.99,4.99,4.24,7.36,14,79,4.600000000000002,2,12.212278481012659,2,1,1,0,ca,91342,Los Angeles,1
2529,The Habit,"19223 golden valley rd, santa clarita, ca, 91387, us",9.99,8.86,7.49,19.12,4.99,4.24,7.36,13,79,4.600000000000002,2,12.293924050632912,2,1,1,0,ca,91387,Los Angeles,1
2530,The Habit,"2030 wyatt drive, santa clara, ca, 95054, us",9.86,8.74,7.49,18.99,4.99,4.24,7.36,14,79,4.699999999999999,190+,12.212278481012659,2,1,1,0,ca,95054,Santa Clara,1
2531,The Habit,"3510 tyler st, riverside, ca, 92505, us",9.61,8.74,7.49,17.61,4.49,3.61,6.99,13,79,4.5,1,11.425822784810128,2,1,1,0,ca,92505,Riverside,1
2532,The Habit,"2430 mahogany way, antioch, ca, 94509, us",9.86,8.74,7.49,18.73,4.86,4.11,7.36,14,79,4.5,500+,12.07481012658228,2,1,1,0,ca,94509,Contra Costa,1
2533,The Habit,"1640 e monte vista ave, vacaville, ca, 95688, us",10.36,9.24,7.86,19.49,4.99,4.24,7.36,13,79,4.5,500+,12.398987341772152,2,1,1,0,ca,95688,Solano,1
2534,The Habit,"2720 nutwood ave, fullerton, ca, 92831, us",9.61,8.74,7.49,17.61,4.49,3.61,6.99,13,79,4.5,1,11.425822784810128,2,1,1,0,ca,92831,Orange,1
2535,The Habit,"5735 hollister avenue, goleta, ca, 93117, us",9.61,8.74,7.49,17.61,4.49,3.61,6.99,10,62,4.699999999999998,95,10.81225806451613,2,1,1,0,ca,93117,Santa Barbara,1
2536,The Habit,"3555, riverside, ca, 92506, us",9.86,8.74,7.49,18.73,4.86,4.11,7.36,14,79,4.399999999999998,1,12.07481012658228,2,1,1,0,ca,92506,Riverside,1
2537,The Habit,"13982 newport avenue, tustin, ca, 92780, us",9.74,8.74,7.49,18.37,4.74,3.99,7.11,13,79,4.5,600+,11.783924050632914,2,1,1,0,ca,92780,Orange,1
2538,The Habit,"6326 ashe road, bakersfield, ca, 93313, us",9.99,8.86,7.49,19.12,4.99,4.24,7.36,13,79,4.600000000000002,1,12.293924050632912,2,1,1,0,ca,93313,Kern,1
2539,The Habit,"5503 calloway drive, bakersfield, ca, 93312, us",9.61,8.74,7.49,17.61,4.49,3.61,6.99,13,79,4.600000000000002,1,11.425822784810128,2,1,1,0,ca,93312,Kern,1
2540,The Habit,"2120 california ave, sand city, ca, 93955, us",9.99,8.86,7.49,19.12,4.99,4.24,7.36,13,79,4.699999999999999,700+,12.293924050632912,2,1,1,0,ca,93955,Monterey,1
2541,The Habit,"305 gellert blvd, daly city, ca, 94015, us",9.99,8.86,7.49,19.12,4.99,4.24,7.36,13,79,4.600000000000002,3,12.293924050632912,2,1,1,0,ca,94015,San Mateo,1
2542,The Habit,"7400 laguna blvd, elk grove, ca, 95758, us",9.61,8.74,7.49,17.61,4.49,3.61,6.99,12,77,4.5,800+,11.619090909090911,2,1,1,0,ca,95758,Sacramento,1
2543,The Habit,"6821 eastern ave., bell gardens, ca, 90201, us",9.49,8.61,7.36,17.36,4.36,3.61,6.86,13,78,4.5,1,11.331025641025642,2,1,1,0,ca,90201,Los Angeles,1
2544,The Habit,"5291 martinelli way, dublin, ca, 94568, us",9.86,8.74,7.49,18.73,4.86,4.11,7.36,14,79,4.600000000000002,390+,12.07481012658228,2,1,1,0,ca,94568,Alameda,1
2545,The Habit,"1255 s california blvd, walnut creek, ca, 94596, us",9.99,8.86,7.49,19.12,4.99,4.24,7.36,11,77,4.399999999999998,700+,12.493376623376623,2,1,1,0,ca,94596,Contra Costa,1
2546,The Habit,"3030 capitol avenue, sacramento, ca, 95816, us",9.99,8.86,7.49,19.12,4.99,4.24,7.36,13,79,4.5,600+,12.293924050632912,2,1,1,0,ca,95816,Sacramento,1
2547,The Habit,"1205 w renaissance pkwy, rialto, ca, 92376, us",9.99,8.86,7.49,19.12,4.99,4.24,7.36,13,79,4.5,1,12.293924050632912,2,1,1,0,ca,92376,San Bernardino,1
2548,The Habit,"2682 naglee rd, tracy, ca, 95304, us",10.36,9.24,7.86,19.49,4.99,4.24,7.36,13,79,4.600000000000002,480+,12.398987341772152,2,1,1,0,ca,95304,San Joaquin,1
2549,The Habit,"3900 california ave, bakersfield, ca, 93309, us",9.86,8.74,7.49,18.73,4.86,4.11,7.36,14,79,4.600000000000002,1,12.07481012658228,2,1,1,0,ca,93309,Kern,1
2550,The Habit,"17947 chatsworth street, los angeles, ca, 91344, us",9.86,8.74,7.49,18.73,4.86,4.11,7.36,14,79,4.5,170+,12.074810126582282,2,1,1,0,ca,91344,Los Angeles,1
2551,The Habit,"22301 foothill boulevard, hayward, ca, 94541, us",9.86,8.74,7.49,18.73,4.86,4.11,7.36,14,79,4.5,170+,12.074810126582282,2,1,1,0,ca,94541,Alameda,1
2552,The Habit,"8480 n friant rd, fresno, ca, 93720, us",9.99,8.86,7.49,19.12,4.99,4.24,7.36,13,79,4.600000000000002,1,12.293924050632912,2,1,1,0,ca,93720,Fresno,1
2553,The Habit,"9750 sierra avenue, fontana, ca, 92335, us",9.99,8.86,7.49,19.12,4.99,4.24,7.36,13,79,4.100000000000002,61,12.293924050632912,2,1,1,0,ca,92335,San Bernardino,1
2554,The Habit,"969 e prosperity ave, tulare, ca, 93274, us",10.36,9.24,7.86,19.49,4.99,4.24,7.36,13,79,4.5,230+,12.398987341772152,2,1,1,0,ca,93274,Tulare,1
2555,The Habit,"4542 east pacific coast highway, long beach, ca, 90804, us",9.49,8.61,7.36,17.36,4.36,3.61,6.86,13,79,4.5,700+,11.274430379746835,2,1,1,0,ca,90804,Los Angeles,1
2556,The Habit,"148 east, compton, ca, 90220, us",9.86,8.74,7.49,18.73,4.86,4.11,7.36,14,79,4.600000000000002,800+,12.07481012658228,2,1,1,0,ca,90220,Los Angeles,1
2557,The Habit,"3455 sports arena blvd, san diego, ca, 92110, us",9.99,8.86,7.49,19.12,4.99,4.24,7.36,13,79,4.600000000000002,1,12.293924050632912,2,1,1,0,ca,92110,San Diego,1
2558,The Habit,"4175 genesee ave, san diego, ca, 92111, us",9.49,8.61,7.36,17.36,4.36,3.61,6.86,13,79,4.5,2,11.274430379746837,2,1,1,0,ca,92111,San Diego,1
2559,The Habit,"1735 trancas street, suite d, napa, ca, 94558, us",9.86,8.74,7.49,18.73,4.86,4.11,7.36,14,79,4.5,900+,12.07481012658228,2,1,1,0,ca,94558,Napa,1
2560,The Habit,"2777 n main st, santa ana, ca, 92705, us",9.61,8.74,7.49,17.61,4.49,3.61,6.99,13,79,4.600000000000002,1,11.425822784810128,2,1,1,0,ca,92705,Orange,1
2561,The Habit,"1940 blue oaks boulevard, roseville, ca, 95747, us",9.86,8.74,7.49,18.99,4.99,4.24,7.36,14,79,4.399999999999998,130+,12.212278481012659,2,1,1,0,ca,95747,Placer,1
2562,The Habit,"28251 newhall ranch rd, santa clarita, ca, 91355, us",9.49,8.61,7.36,17.36,4.36,3.61,6.86,13,78,4.600000000000002,1,11.331025641025642,2,1,1,0,ca,91355,Los Angeles,1
2563,The Habit,"2992 jamacha road, el cajon, ca, 92019, us",9.74,8.74,7.49,18.37,4.74,3.99,7.11,13,79,4.5,600+,11.783924050632914,2,1,1,0,ca,92019,San Diego,1
2564,The Habit,"4730 freeport boulevard, sacramento, ca, 95822, us",9.99,8.86,7.49,19.12,4.99,4.24,7.36,13,79,4.399999999999998,900+,12.293924050632912,2,1,1,0,ca,95822,Sacramento,1
2565,The Habit,"3610, rosemead, ca, 91770, us",9.61,8.74,7.49,17.61,4.49,3.61,6.99,13,78,4.600000000000002,2,11.482692307692309,2,1,1,0,ca,91770,Los Angeles,1
2566,The Habit,"3520 n blackstone ave, fresno, ca, 93726, us",9.99,8.86,7.49,19.12,4.99,4.24,7.36,13,78,4.5,1,12.357179487179488,2,1,1,0,ca,93726,Fresno,1
2567,The Habit,"25948 mcbean parkway, santa clarita, ca, 91355, us",9.86,8.74,7.49,18.73,4.86,4.11,7.36,12,76,4.7,1,12.336578947368423,2,1,1,0,ca,91355,Los Angeles,1
2568,The Habit,"845 camino de la reina, san diego, ca, 92108, us",9.99,8.86,7.49,19.12,4.99,4.24,7.36,13,79,4.600000000000002,3,12.293924050632912,2,1,1,0,ca,92108,San Diego,1
2569,The Habit,"1413 north h street, lompoc, ca, 93436, us",9.61,8.74,7.49,17.61,4.49,3.61,6.99,10,63,4.600000000000003,120+,10.751587301587302,2,1,1,0,ca,93436,Santa Barbara,1
2570,The Habit,"888 embarcadero del norte, isla vista, ca, 93117, us",9.61,8.74,7.49,17.61,4.49,3.61,6.99,10,63,4.699999999999998,99,10.751587301587302,2,1,1,0,ca,93117,Santa Barbara,1
2571,The Habit,"2134 sunset blvd, los angeles, ca, 90026, us",9.99,8.86,7.49,19.12,4.99,4.24,7.36,13,79,4.600000000000002,5,12.293924050632912,2,1,1,0,ca,90026,Los Angeles,1
2572,The Habit,"8124 delta shores circle, sacramento, ca, 95832, us",9.99,8.86,7.49,19.12,4.99,4.24,7.36,13,79,4.399999999999998,440+,12.293924050632912,2,1,1,0,ca,95832,Sacramento,1
2573,The Habit,"4210 east 4th street, ontario, ca, 91764, us",9.99,8.86,7.49,19.12,4.99,4.24,7.36,13,79,4.5,130+,12.293924050632912,2,1,1,0,ca,91764,San Bernardino,1
2574,The Habit,"563 w channel islands blvd, port hueneme, ca, 93041, us",9.61,8.74,7.49,17.61,4.49,3.61,6.99,13,79,4.699999999999999,1,11.425822784810128,2,1,1,0,ca,93041,Ventura,1
2575,The Habit,"5500 campanile dr. 5500 campanile dr. aztec student union sdsu, san diego, ca, 92115, us",9.86,8.74,7.49,18.99,4.99,4.24,7.36,10,72,4.0,170+,12.758194444444447,2,1,1,0,ca,92115,San Diego,1
2576,The Habit,"5018 almaden expy, san jose, ca, 95118, us",10.36,9.24,7.86,19.49,4.99,4.24,7.36,13,79,4.5,1,12.398987341772152,2,1,1,0,ca,95118,Santa Clara,1
2577,The Habit,"702 w shaw ave, fresno, ca, 93704, us",9.99,8.86,7.49,19.12,4.99,4.24,7.36,11,77,4.5,700+,12.493376623376623,2,1,1,0,ca,93704,Fresno,1
2578,The Habit,"1504 geary rd, walnut creek, ca, 94597, us",10.36,9.24,7.86,19.49,4.99,4.24,7.36,13,79,4.5,700+,12.398987341772152,2,1,1,0,ca,94597,Contra Costa,1
2579,The Habit,"2267 s el camino real, oceanside, ca, 92054, us",9.74,8.74,7.49,18.37,4.74,3.99,7.11,13,79,4.5,1,11.783924050632914,2,1,1,0,ca,92054,San Diego,1
2580,The Habit,"1325 e yosemite ave, manteca, ca, 95336, us",9.99,8.86,7.49,19.12,4.99,4.24,7.36,13,79,4.199999999999999,320+,12.293924050632912,2,1,1,0,ca,95336,San Joaquin,1
2581,The Habit,"5968 orangethorpe ave, buena park, ca, 90620, us",9.61,8.74,7.49,17.61,4.49,3.61,6.99,13,78,4.699999999999999,1,11.482692307692307,2,1,1,0,ca,90620,Orange,1
2582,The Habit,"1446, encinitas, ca, 92024, us",9.49,8.61,7.36,17.36,4.36,3.61,6.86,13,79,4.600000000000002,600+,11.274430379746835,2,1,1,0,ca,92024,San Diego,1
2583,The Habit,"3060 east 9th street, oakland, ca, 94601, us",9.86,8.74,7.49,18.99,4.99,4.24,7.36,14,79,4.300000000000001,310+,12.212278481012659,2,1,1,0,ca,94601,Alameda,1
2584,The Habit,"3161 zinfandel dr, rancho cordova, ca, 95670, us",9.61,8.74,7.49,17.61,4.49,3.61,6.99,13,79,4.399999999999998,800+,11.425822784810126,2,1,1,0,ca,95670,Sacramento,1
2585,The Habit,"101 e orangethorpe ave, fullerton, ca, 92832, us",9.86,8.74,7.49,18.99,4.99,4.24,7.36,14,79,4.699999999999999,1,12.212278481012659,2,1,1,0,ca,92832,Orange,1
2586,The Habit,"10895 foothill blvd, rancho cucamonga, ca, 91730, us",9.99,8.86,7.49,19.12,4.99,4.24,7.36,13,79,4.600000000000002,1,12.293924050632912,2,1,1,0,ca,91730,San Bernardino,1
2587,The Habit,"1431 howe ave, sacramento, ca, 95825, us",9.61,8.74,7.49,17.61,4.49,3.61,6.99,12,77,4.399999999999998,1,11.619090909090911,2,1,1,0,ca,95825,Sacramento,1
2588,The Habit,"1602 north main st, salinas, ca, 93906, us",9.99,8.86,7.49,19.12,4.99,4.24,7.36,13,79,4.600000000000002,470+,12.293924050632912,2,1,1,0,ca,93906,Monterey,1
2589,The Habit,"12560 day st, moreno valley, ca, 92553, us",9.74,8.74,7.49,18.37,4.74,3.99,7.11,13,79,4.5,1,11.783924050632914,2,1,1,0,ca,92553,Riverside,1
2590,The Habit,"3650 village dr, castro valley, ca, 94546, us",9.99,8.86,7.49,19.12,4.99,4.24,7.36,13,79,4.399999999999998,1,12.293924050632912,2,1,1,0,ca,94546,Alameda,1
2591,The Habit,"999 main street, watsonville, ca, 95076, us",9.99,8.86,7.49,19.12,4.99,4.24,7.36,13,79,4.800000000000001,150+,12.293924050632912,2,1,1,0,ca,95076,Santa Cruz,1
2592,The Habit,"5437 sunrise blvd, citrus heights, ca, 95610, us",9.99,8.86,7.49,19.12,4.99,4.24,7.36,13,78,4.5,1,12.357179487179488,2,1,1,0,ca,95610,Sacramento,1
2593,The Habit,"1110, concord, ca, 94520, us",10.36,9.24,7.86,19.49,4.99,4.24,7.36,13,79,4.5,900+,12.398987341772152,2,1,1,0,ca,94520,Contra Costa,1
2594,The Habit,"839 higuera st, san luis obispo, ca, 93401, us",9.99,8.86,7.49,19.12,4.99,4.24,7.36,13,79,4.600000000000002,1,12.293924050632912,2,1,1,0,ca,93401,San Luis Obispo,1
2595,The Habit,"27511 san bernardino ave, redlands, ca, 92374, us",9.99,8.86,7.49,19.12,4.99,4.24,7.36,13,79,4.300000000000001,1,12.293924050632912,2,1,1,0,ca,92374,San Bernardino,1
2596,The Habit,"933 pleasant grove blvd, roseville, ca, 95678, us",9.49,8.61,7.36,17.36,4.36,3.61,6.86,13,79,4.300000000000001,600+,11.274430379746835,2,1,1,0,ca,95678,Placer,1
2597,The Habit,"1801 mchenry ave, modesto, ca, 95350, us",9.49,8.61,7.36,17.36,4.36,3.61,6.86,13,79,4.399999999999998,700+,11.274430379746835,2,1,1,0,ca,95350,Stanislaus,1
2598,The Habit,"32068, temecula, ca, 92592, us",9.86,8.74,7.49,18.73,4.86,4.11,7.36,14,79,4.600000000000002,1,12.07481012658228,2,1,1,0,ca,92592,Riverside,1
2599,The Habit,"12900 brimhall rd, bakersfield, ca, 93314, us",9.61,8.74,7.49,17.61,4.49,3.61,6.99,13,78,4.699999999999999,800+,11.482692307692309,2,1,1,0,ca,93314,Kern,1
2600,The Habit,"16138 south highland avenue, fontana, ca, 92336, us",9.99,8.86,7.49,19.12,4.99,4.24,7.36,13,79,4.600000000000002,76,12.293924050632912,2,1,1,0,ca,92336,San Bernardino,1
2601,The Habit,"7610 via campanile, carlsbad, ca, 92009, us",9.61,8.74,7.49,17.61,4.49,3.61,6.99,13,79,4.5,800+,11.425822784810128,2,1,1,0,ca,92009,San Diego,1
2602,The Habit,"2640 5th st, alameda, ca, 94501, us",9.99,8.86,7.49,19.12,4.99,4.24,7.36,13,79,4.399999999999998,1,12.293924050632912,2,1,1,0,ca,94501,Alameda,1
2603,The Habit,"6724 north brawley avenue, fresno, ca, 93711, us",9.86,8.74,7.49,18.73,4.86,4.11,7.36,14,79,4.399999999999998,88,12.07481012658228,2,1,1,0,ca,93711,Fresno,1
2604,The Habit,"445 hacienda drive, vista, ca, 92081, us",9.86,8.74,7.49,18.99,4.99,4.24,7.36,14,79,4.699999999999999,600+,12.212278481012659,2,1,1,0,ca,92081,San Diego,1
2605,The Habit,"11257 183rd st, cerritos, ca, 90703, us",9.49,8.61,7.36,17.36,4.36,3.61,6.86,13,79,4.5,1,11.274430379746835,2,1,1,0,ca,90703,Los Angeles,1
2606,The Habit,"7295 amador plaza rd, dublin, ca, 94568, us",9.86,8.74,7.49,18.73,4.86,4.11,7.36,14,79,4.600000000000002,500+,12.07481012658228,2,1,1,0,ca,94568,Alameda,1
2607,The Habit,"2350 e vineyard ave, oxnard, ca, 93036, us",9.61,8.74,7.49,17.61,4.49,3.61,6.99,13,79,4.600000000000002,1,11.425822784810126,2,1,1,0,ca,93036,Ventura,1
2608,The Habit,"111 e katella ave, anaheim, ca, 92802, us",9.99,8.86,7.49,19.12,4.99,4.24,7.36,13,79,4.5,1,12.293924050632912,2,1,1,0,ca,92802,Orange,1
2609,The Habit,"604 s mooney blvd, visalia, ca, 93277, us",9.49,8.61,7.36,17.36,4.36,3.61,6.86,13,79,4.600000000000002,1,11.274430379746835,2,1,1,0,ca,93277,Tulare,1
2610,The Habit,"11608 amargosa rd, victorville, ca, 92392, us",9.99,8.86,7.49,19.12,4.99,4.24,7.36,13,79,4.600000000000002,600+,12.293924050632912,2,1,1,0,ca,92392,San Bernardino,1
2611,The Habit,"628 state street, santa barbara, ca, 93101, us",9.61,8.74,7.49,17.61,4.49,3.61,6.99,10,64,4.3,190+,10.700625,2,1,1,0,ca,93101,Santa Barbara,1
2612,The Habit,"888 s hope st, los angeles, ca, 90017, us",9.86,8.74,7.49,18.73,4.86,4.11,7.36,14,79,4.5,4,12.07481012658228,2,1,1,0,ca,90017,Los Angeles,1
2613,The Habit,"8216 parkway dr, la mesa, ca, 91942, us",9.49,8.61,7.36,17.36,4.36,3.61,6.86,13,79,4.5,2,11.274430379746835,2,1,1,0,ca,91942,San Diego,1
2614,The Habit,"1425 ary ln, dixon, ca, 95620, us",10.36,9.24,7.86,19.49,4.99,4.24,7.36,13,79,4.100000000000002,97,12.398987341772152,2,1,1,0,ca,95620,Solano,1
2615,The Habit,"1080 monroe st, albany, ca, 94706, us",9.99,8.86,7.49,19.12,4.99,4.24,7.36,13,78,4.5,1,12.357179487179488,2,1,1,0,ca,94706,Alameda,1
2616,The Habit,"447 n mcdowell blvd, petaluma, ca, 94954, us",9.86,8.74,7.49,18.99,4.99,4.24,7.36,14,79,4.5,480+,12.212278481012659,2,1,1,0,ca,94954,Sonoma,1
2617,The Habit,"2829 w march ln, stockton, ca, 95219, us",9.61,8.74,7.49,17.61,4.49,3.61,6.99,13,79,4.199999999999999,700+,11.425822784810128,2,1,1,0,ca,95219,San Joaquin,1
2618,The Habit,"1111 el camino real, redwood city, ca, 94063, us",10.36,9.24,7.86,19.49,4.99,4.24,7.36,13,79,4.600000000000002,1,12.398987341772152,2,1,1,0,ca,94063,San Mateo,1
2619,The Habit,"146 w el camino real, sunnyvale, ca, 94087, us",9.86,8.74,7.49,18.73,4.86,4.11,7.36,14,79,4.600000000000002,1,12.07481012658228,2,1,1,0,ca,94087,Santa Clara,1
2620,The Habit,"20735 stevens creek blvd, cupertino, ca, 95014, us",9.86,8.74,7.49,18.99,4.99,4.24,7.36,14,79,4.600000000000002,500+,12.212278481012659,2,1,1,0,ca,95014,Santa Clara,1
2621,The Habit,"12380, seal beach, ca, 90740, us",9.99,8.86,7.49,19.12,4.99,4.24,7.36,13,79,4.600000000000002,340+,12.293924050632912,2,1,1,0,ca,90740,Orange,1
2622,The Habit,"1320 travis blvd, fairfield, ca, 94533, us",10.36,9.24,7.86,19.49,4.99,4.24,7.36,13,79,4.5,500+,12.398987341772152,2,1,1,0,ca,94533,Solano,1
2623,The Habit,"3121 crow canyon pl, san ramon, ca, 94583, us",9.86,8.74,7.49,18.99,4.99,4.24,7.36,14,79,4.600000000000002,800+,12.212278481012659,2,1,1,0,ca,94583,Contra Costa,1
2624,The Habit,"1855 e daily dr, camarillo, ca, 93010, us",10.36,9.24,7.86,19.49,4.99,4.24,7.36,13,79,4.600000000000002,1,12.398987341772152,2,1,1,0,ca,93010,Ventura,1
2625,The Habit,"1731 w lacey blvd, hanford, ca, 93230, us",10.36,9.24,7.86,19.49,4.99,4.24,7.36,13,79,4.600000000000002,440+,12.398987341772152,2,1,1,0,ca,93230,Kings,1
2626,The Habit,"3890 la cumbre plaza lane, santa barbara, ca, 93105, us",9.61,8.74,7.49,17.61,4.49,3.61,6.99,10,63,4.899999999999997,34,9.89809523809524,2,1,1,0,ca,93105,Santa Barbara,1
2627,The Habit,"1510 monterey rd, san jose, ca, 95110, us",9.99,8.86,7.49,19.12,4.99,4.24,7.36,13,79,4.600000000000002,800+,12.293924050632912,2,1,1,0,ca,95110,Santa Clara,1
2628,The Habit,"487 e thompson blvd, ventura, ca, 93001, us",9.99,8.86,7.49,19.12,4.99,4.24,7.36,13,79,4.600000000000002,900+,12.293924050632912,2,1,1,0,ca,93001,Ventura,1
2629,The Habit,"985 betteravia road, santa maria, ca, 93454, us",9.61,8.74,7.49,17.61,4.49,3.61,6.99,10,64,4.3,130+,10.700625,2,1,1,0,ca,93454,Santa Barbara,1
2630,The Habit,"32185 union landing boulevard, union city, ca, 94587, us",10.36,9.24,7.86,19.49,4.99,4.24,7.36,13,79,4.300000000000001,900+,12.398987341772152,2,1,1,0,ca,94587,Alameda,1
2631,The Habit,"727 w, san marcos, ca, 92078, us",9.61,8.74,7.49,17.61,4.49,3.61,6.99,13,79,4.699999999999999,900+,11.425822784810128,2,1,1,0,ca,92078,San Diego,1
2632,The Habit,"1412, pinole, ca, 94564, us",9.86,8.74,7.49,18.73,4.86,4.11,7.36,14,79,4.5,1,12.07481012658228,2,1,1,0,ca,94564,Contra Costa,1
2633,The Habit,"496 las gallinas avenue, san rafael, ca, 94903, us",10.36,9.24,7.86,19.49,4.99,4.24,7.36,13,79,4.600000000000002,370+,12.398987341772152,2,1,1,0,ca,94903,Marin,1
2634,The Habit,"344 west el monte way, dinuba, ca, 93618, us",9.86,8.74,7.49,18.73,4.86,4.11,7.36,14,79,4.600000000000002,30,12.07481012658228,2,1,1,0,ca,93618,Tulare,1
2635,The Habit,"36350 hidden springs rd, wildomar, ca, 92595, us",9.74,8.74,7.49,18.37,4.74,3.99,7.11,13,79,4.399999999999998,700+,11.78392405063291,2,1,1,0,ca,92595,Riverside,1
2636,The Habit,"924 diablo ave, novato, ca, 94947, us",9.86,8.74,7.49,18.99,4.99,4.24,7.36,14,79,4.600000000000002,800+,12.212278481012659,2,1,1,0,ca,94947,Marin,1
2637,The Habit,"1550 w valley blvd, colton, ca, 92324, us",9.99,8.86,7.49,19.12,4.99,4.24,7.36,13,79,4.5,900+,12.293924050632912,2,1,1,0,ca,92324,San Bernardino,1
2638,The Habit,"24875 iris avenue, moreno valley, ca, 92551, us",9.74,8.74,7.49,18.37,4.74,3.99,7.11,13,79,4.5,93,11.783924050632912,2,1,1,0,ca,92551,Riverside,1
2639,The Habit,"1297 chess dr, foster city, ca, 94404, us",10.36,9.24,7.86,19.49,4.99,4.24,7.36,13,78,4.600000000000002,900+,12.463589743589745,2,1,1,0,ca,94404,San Mateo,1
2640,The Habit,"1195 herndon ave, clovis, ca, 93612, us",9.61,8.74,7.49,17.61,4.49,3.61,6.99,13,79,4.5,1,11.425822784810128,2,1,1,0,ca,93612,Fresno,1
2641,The Habit,"216 south milpas street, santa barbara, ca, 93103, us",9.61,8.74,7.49,17.61,4.49,3.61,6.99,10,64,4.2,120+,10.700625,2,1,1,0,ca,93103,Santa Barbara,1
2642,The Habit,"43830 pacific commons blvd, fremont, ca, 94538, us",9.86,8.74,7.49,18.99,4.99,4.24,7.36,14,79,4.5,800+,12.212278481012659,2,1,1,0,ca,94538,Alameda,1
2643,The Habit,"304 soscol ave, napa, ca, 94559, us",10.36,9.24,7.86,19.49,4.99,4.24,7.36,13,79,4.5,390+,12.398987341772152,2,1,1,0,ca,94559,Napa,1
2644,The Habit,"770 otay lakes road, chula vista, ca, 91910, us",9.74,8.74,7.49,18.37,4.74,3.99,7.11,13,79,4.399999999999998,280+,11.78392405063291,2,1,1,0,ca,91910,San Diego,1
2645,The Habit,"1040 grant road suite 370, mountain view, ca, 94040, us",9.86,8.74,7.49,18.73,4.86,4.11,7.36,14,79,4.699999999999999,180+,12.07481012658228,2,1,1,0,ca,94040,Santa Clara,1
2646,The Habit,"143 south el camino real, millbrae, ca, 94030, us",9.74,8.74,7.49,18.37,4.74,3.99,7.11,13,79,4.600000000000002,600+,11.78392405063291,2,1,1,0,ca,94030,San Mateo,1
2647,The Habit,"1870 rancho del oro drive, oceanside, ca, 92057, us",9.86,8.74,7.49,18.73,4.86,4.11,7.36,14,79,4.699999999999999,180+,12.07481012658228,2,1,1,0,ca,92057,San Diego,1
2648,The Habit,"3970 missouri flat road, placerville, ca, 95667, us",9.49,8.61,7.36,17.36,4.36,3.61,6.86,13,79,4.399999999999998,91,11.274430379746837,2,1,1,0,ca,95667,El Dorado,1
2649,The Habit,"4732 telephone rd, ventura, ca, 93003, us",9.61,8.74,7.49,17.61,4.49,3.61,6.99,12,76,4.600000000000001,900+,11.68,2,1,1,0,ca,93003,Ventura,1
2650,The Habit,"118 plaza dr, vallejo, ca, 94591, us",9.99,8.86,7.49,19.12,4.99,4.24,7.36,13,78,4.600000000000002,1,12.349102564102564,2,1,1,0,ca,94591,Solano,1
2651,The Habit,"2640 south bristol street, santa ana, ca, 92704, us",9.86,8.74,7.49,18.73,4.86,4.11,7.36,14,78,4.699999999999999,700+,12.135256410256412,2,1,1,0,ca,92704,Orange,1
2652,The Habit,"10370 sepulveda blvd, mission hills, usa, los angeles, ca, 91345, us",9.74,8.74,7.49,18.37,4.74,3.99,7.11,13,79,4.600000000000002,4,11.783924050632912,2,1,1,0,ca,91345,Los Angeles,1
2653,The Habit,"3110 e floral ave, selma, ca, 93662, us",9.86,8.74,7.49,18.73,4.86,4.11,7.36,14,79,3.699999999999999,27,12.07481012658228,2,1,1,0,ca,93662,Fresno,1
2654,The Habit,"2671 countryside dr, turlock, ca, 95380, us",9.74,8.74,7.49,18.37,4.74,3.99,7.11,13,79,4.600000000000002,210+,11.783924050632912,2,1,1,0,ca,95380,Stanislaus,1
2655,McDonald,"800 market st, oakland, california 94607, oakland, ca, 94607-3116, us",7.39,3.49,4.19,12.59,4.89,1.99,2.99,35,137,4.3999999999999995,2,5.778759124087592,3,1,1,0,ca,94607,Alameda,1
2656,McDonald,"4514 telegraph ave, oakland, ca, 94609, us",7.39,3.49,4.19,12.59,4.89,1.99,2.99,35,137,4.6000000000000005,2,5.718394160583943,3,1,1,0,ca,94609,Alameda,1
2657,McDonald,"715 central ave, alameda, ca, 94501, us",6.89,3.79,3.59,12.79,4.79,2.09,3.19,38,131,4.600000000000001,1,7.154885496183208,3,1,1,0,ca,94501,Alameda,1
2658,McDonald,"6623 san pablo ave, oakland, ca, 94608, us",7.39,3.49,4.19,12.59,4.59,1.99,2.99,34,134,4.399999999999999,2,5.772611940298507,3,1,1,0,ca,94608,Alameda,1
2659,McDonald,"1330 jackson st, oakland, ca, 94612, us",6.89,3.49,2.99,12.79,4.79,2.09,3.19,34,124,4.5,2,7.1937096774193545,3,1,1,0,ca,94612,Alameda,1
2660,McDonald,"2520 e 12th st, oakland, ca, 94601, us",7.19,3.99,3.59,12.29,5.19,2.19,3.79,47,143,4.399999999999999,3,6.026223776223776,3,1,1,0,ca,94601,Alameda,1
2661,McDonald,"38860, fremont, ca, 94536, us",7.59,3.79,3.49,12.19,4.99,2.03,3.19,35,124,4.700000000000002,1,6.1443548387096785,3,1,1,0,ca,94536,Alameda,1
2662,McDonald,"40708 grimmer blvd, fremont, ca, 94538-2845, us",7.59,3.79,3.49,12.19,4.99,2.03,3.19,37,127,4.600000000000001,1,6.130551181102363,3,1,1,0,ca,94538,Alameda,1
2663,McDonald,"4318 thornton ave, fremont, ca, 94536, us",6.99,4.09,3.49,12.19,4.99,2.19,3.39,45,132,4.399999999999999,470+,7.419090909090909,3,1,1,0,ca,94536,Alameda,1
2664,McDonald,"3000 newpark mall rd, newark, ca, 94560, us",6.99,4.09,3.49,12.19,4.99,2.19,3.39,45,131,4.7,700+,7.4590076335877855,3,1,1,0,ca,94560,Alameda,1
2665,McDonald,"3990 decoto rd, fremont, ca, 94536, us",9.16,4.44,4.03,15.91,6.19,2.28,3.63,41,137,4.3999999999999995,900+,6.601459854014599,3,1,1,0,ca,94536,Alameda,1
2666,McDonald,"42800 mission blvd, fremont, ca, 94539, us",7.59,3.59,3.49,12.29,5.19,2.03,3.39,33,127,4.700000000000004,120+,6.104645669291339,3,1,1,0,ca,94539,Alameda,1
2667,McDonald,"23989 watkins st, hayward, ca, 94544-1028, us",6.89,3.79,3.59,12.79,4.79,2.09,3.19,38,131,4.3,600+,7.152595419847328,3,1,1,0,ca,94544,Alameda,1
2668,McDonald,"355 w a st, hayward, ca, 94541, us",6.89,3.79,3.59,12.79,4.79,2.09,3.19,36,125,4.399999999999999,1,7.287600000000001,3,1,1,0,ca,94541,Alameda,1
2669,McDonald,"1620 strobridge ave, castro valley, ca, 94546, us",6.69,3.49,3.19,10.79,4.49,2.29,2.69,18,128,4.200000000000001,1,5.6459375000000005,3,1,1,0,ca,94546,Alameda,1
2670,McDonald,"2905 grove way, castro valley, ca, 94546, us",6.89,3.79,3.59,12.79,4.79,2.09,3.19,38,127,4.5,900+,7.253779527559056,3,1,1,0,ca,94546,Alameda,1
2671,McDonald,"26253 mission blvd, hayward, ca, 94544, us",6.89,3.79,3.59,12.79,4.79,2.09,3.19,38,127,4.5,1,7.256141732283465,3,1,1,0,ca,94544,Alameda,1
2672,McDonald,"18708 hesperian blvd, hayward, ca, 94541-2248, us",6.89,3.79,3.59,12.79,4.79,2.09,3.19,38,127,4.600000000000001,700+,7.2577165354330715,3,1,1,0,ca,94541,Alameda,1
2673,McDonald,"4550 clayton rd, concord, ca, 94521-2850, us",6.89,3.79,3.59,12.79,4.79,2.09,3.19,38,127,4.399999999999998,1,7.254566929133859,3,1,1,0,ca,94521,Contra Costa,1
2674,McDonald,"1691 monument blvd, concord, ca, 94520, us",6.89,3.79,3.59,12.79,4.79,2.09,3.19,33,121,4.5,1,7.3643801652892575,3,1,1,0,ca,94520,Contra Costa,1
2675,McDonald,"1690 contra costa blvd, pleasant hill, ca, 94523, us",6.89,3.79,3.59,12.79,4.79,2.09,3.19,38,127,4.5,700+,7.25220472440945,3,1,1,0,ca,94523,Contra Costa,1
2676,McDonald,"1185 arnold dr, martinez, ca, 94553, us",6.89,3.79,3.59,12.79,4.79,2.09,3.19,36,124,4.399999999999999,500+,7.317419354838711,3,1,1,0,ca,94553,Contra Costa,1
2677,McDonald,"220 bailey road, bay point, ca, 94565, us",6.89,3.79,3.59,12.79,4.79,2.09,3.19,38,127,4.399999999999998,900+,7.253779527559056,3,1,1,0,ca,94565,Contra Costa,1
2678,McDonald,"1739 divisadero st, fresno, ca, 93701-1920, us",6.19,3.39,2.89,9.99,4.99,1.79,1.99,31,135,4.100000000000001,900+,5.8074814814814815,3,1,1,0,ca,93701,Fresno,1
2679,McDonald,"1248 n blackstone, fresno, ca, 93703, us",6.99,3.47,2.92,11.35,4.88,1.89,2.45,13,122,4.200000000000002,500+,5.475409836065574,3,1,1,0,ca,93703,Fresno,1
2680,McDonald,"4505 e kings canyon rd, fresno, ca, 93702, us",5.49,3.19,2.79,10.39,4.39,1.89,2.19,34,135,4.3,900+,5.7534074074074075,3,1,1,0,ca,93702,Fresno,1
2681,McDonald,"3115 n blackstone ave, fresno, ca, 93704, us",6.19,3.19,2.79,9.99,4.19,1.79,2.19,35,134,4.199999999999999,1,5.557611940298508,3,1,1,0,ca,93704,Fresno,1
2682,McDonald,"1718 w olive, fresno, ca, 93728-2642, us",6.29,3.19,2.89,9.89,4.59,1.79,2.59,35,135,4.0,600+,5.830444444444444,3,1,1,0,ca,93728,Fresno,1
2683,McDonald,"4803 e mckinley, fresno, ca, 93703, us",6.39,3.49,3.19,9.89,4.79,1.79,1.79,31,134,4.300000000000001,900+,5.78820895522388,3,1,1,0,ca,93703,Fresno,1
2684,McDonald,"2310 f st, bakersfield, ca, 93301, us",6.61,3.52,2.91,10.09,4.72,1.89,2.43,18,117,4.5,900+,6.078803418803419,3,1,1,0,ca,93301,Kern,1
2685,McDonald,"1812 n union ave, bakersfield, ca, 93305, us",6.49,3.49,2.99,11.39,4.79,1.99,2.29,17,133,4.399999999999999,900+,6.499624060150375,3,1,1,0,ca,93305,Kern,1
2686,McDonald,"1000 real rd, bakersfield, ca, 93309, us",6.49,3.49,2.99,11.39,4.79,1.99,2.29,19,134,4.600000000000001,490+,6.464477611940298,3,1,1,0,ca,93309,Kern,1
2687,McDonald,"chester &amp; brundage, bakersfield, ca, 93304, us",7.49,3.99,3.09,11.89,5.19,2.69,1.99,27,127,4.399999999999998,800+,5.805118110236221,3,1,1,0,ca,93304,Kern,1
2688,McDonald,"225 n chester avenue, oildale, ca, 93308, us",7.49,4.19,3.49,12.49,4.89,1.69,2.29,46,147,4.100000000000001,900+,7.111020408163267,3,1,1,0,ca,93308,Kern,1
2689,McDonald,"5410 stockdale hwy, bakersfield, ca, 93309, us",6.49,3.49,2.99,11.39,4.79,1.99,2.29,19,135,4.600000000000001,600+,6.472074074074074,3,1,1,0,ca,93309,Kern,1
2690,McDonald,"690 alameda st., los angeles, ca, 90021, us",7.79,4.86,2.89,12.29,4.79,2.59,2.64,28,118,4.5,5,6.702542372881355,3,1,1,0,ca,90021,Los Angeles,1
2691,McDonald,"1310 east olympic blvd, los angeles, ca, 90021, us",7.69,4.86,2.89,11.89,4.79,2.59,2.25,24,119,4.600000000000001,4,6.669663865546219,3,1,1,0,ca,90021,Los Angeles,1
2692,McDonald,"1625 wilshire blvd, los angeles, ca, 90017, us",7.99,3.49,3.36,12.74,4.99,2.29,2.79,43,126,4.5,9,6.629047619047619,3,1,1,0,ca,90017,Los Angeles,1
2693,McDonald,"1716 marengo st, los angeles, ca, 90033-1315, us",9.58,4.5,3.39,15.26,5.3,3.05,2.75,42,115,4.600000000000001,2,7.639652173913043,3,1,1,0,ca,90033,Los Angeles,1
2694,McDonald,"405 n alvarado st, los angeles, ca, 90026, us",7.99,3.49,3.36,12.74,4.99,2.29,2.79,43,122,4.6000000000000005,6,6.550491803278688,3,1,1,0,ca,90026,Los Angeles,1
2695,McDonald,"201 w washington blvd, los angeles, ca, 90015, us",7.79,4.34,2.69,11.69,4.89,2.59,2.25,22,108,4.399999999999999,5,6.8792592592592605,3,1,1,0,ca,90015,Los Angeles,1
2696,McDonald,"640 long beach blvd, long beach, ca, 90802, us",6.46,3.04,2.95,12.09,4.59,2.59,2.15,20,125,4.5,8,5.392080000000001,3,1,1,0,ca,90802,Los Angeles,1
2697,McDonald,"1830, long beach, ca, 90806, us",8.29,4.39,3.89,14.39,5.29,2.49,3.79,42,121,4.399999999999999,1,7.846446280991734,3,1,1,0,ca,90806,Los Angeles,1
2698,McDonald,"1000 e 4th st, long beach, ca, 90802, us",8.29,4.39,3.89,14.39,5.29,2.49,3.79,36,112,4.5,4,8.102053571428572,3,1,1,0,ca,90802,Los Angeles,1
2699,McDonald,"1705 pacific coast hwy, long beach, ca, 90810, us",6.79,3.39,3.09,12.49,4.69,2.29,2.29,32,117,4.5,1,6.380598290598292,3,1,1,0,ca,90810,Los Angeles,1
2700,McDonald,"2599, long beach, ca, 90806, us",6.59,3.59,3.19,12.69,4.79,2.29,2.29,24,116,4.5,4,6.093103448275864,3,1,1,0,ca,90806,Los Angeles,1
2701,McDonald,"3302 e anaheim st, long beach, ca, 90804, us",8.65,3.59,3.35,14.29,4.69,2.15,3.15,42,123,4.6000000000000005,8,7.078780487804879,3,1,1,0,ca,90804,Los Angeles,1
2702,McDonald,"27103 mcbean pkwy, santa clarita, ca, 91355, us",8.09,5.49,4.69,14.29,6.29,3.79,3.69,30,125,4.6000000000000005,700+,7.7956,3,1,1,0,ca,91355,Los Angeles,1
2703,McDonald,"23110, valencia, ca, 91355, us",8.09,5.49,4.69,14.29,6.29,3.79,3.69,28,123,4.700000000000002,1,7.937154471544717,3,1,1,0,ca,91355,Los Angeles,1
2704,McDonald,"27618 the old road, valencia, ca, 91355, us",8.09,5.49,4.69,14.29,6.29,3.79,3.69,27,118,4.600000000000001,330+,7.767118644067796,3,1,1,0,ca,91355,Los Angeles,1
2705,McDonald,"27776 n mcbean pky, santa clarita, ca, 91354, us",8.09,5.49,4.69,14.29,6.29,3.79,3.69,18,100,4.7,1,8.354000000000001,3,1,1,0,ca,91354,Los Angeles,1
2706,McDonald,"25323 chiquella ln, stevenson ranch, ca, 91381, us",6.39,3.19,2.99,10.39,5.39,1.99,3.49,36,124,4.6000000000000005,2,5.627580645161291,3,1,1,0,ca,91381,Los Angeles,1
2707,McDonald,"golden valley and hwy 14, santa clarita, ca, 91387, us",7.09,3.59,2.89,13.89,6.49,1.49,3.19,33,117,4.600000000000001,800+,7.2462393162393175,3,1,1,0,ca,91387,Los Angeles,1
2708,McDonald,"2114 4th st, san rafael, ca, 94901, us",8.29,4.39,4.39,12.99,4.99,2.49,3.49,86,268,4.7,440+,6.630746268656717,3,1,1,0,ca,94901,Marin,1
2709,McDonald,"190 merrydale rd, san rafael, ca, 94903, us",8.29,4.39,4.39,12.99,4.99,2.49,3.49,90,270,4.6000000000000005,1,6.634888888888889,3,1,1,0,ca,94903,Marin,1
2710,McDonald,"600 redwood hwy, mill valley, ca, 94941, us",8.19,3.69,3.49,15.29,5.09,2.44,2.89,24,140,4.5,900+,7.543142857142857,3,1,1,0,ca,94941,Marin,1
2711,McDonald,"5600 nave dr, novato, ca, 94949, us",8.29,4.39,4.39,12.99,4.99,2.49,3.49,100,284,4.600000000000001,700+,6.550985915492958,3,1,1,0,ca,94949,Marin,1
2712,McDonald,"981 lakeville hwy, petaluma, ca, 94952, us",8.69,4.19,3.79,14.79,5.69,2.19,3.29,56,258,4.7,420+,6.062093023255814,3,1,1,0,ca,94952,Marin,1
2713,McDonald,"103 mcdowell blvd, petaluma, ca, 94954, us",8.69,4.49,3.99,14.79,5.69,2.19,3.29,78,258,4.8,250+,6.046589147286822,3,1,1,0,ca,94954,Sonoma,1
2714,McDonald,"18988, sonoma, ca, 95476, us",8.49,4.49,4.29,14.39,5.69,2.19,3.49,28,124,4.700000000000002,170+,6.154516129032257,3,1,1,0,ca,95476,Sonoma,1
2715,McDonald,"155 kern st, salinas, ca, 93905, us",6.89,3.78,3.23,10.95,4.99,2.03,2.19,40,132,4.399999999999999,260+,5.955681818181818,3,1,1,0,ca,93905,Monterey,1
2716,McDonald,"1213 s main st, salinas, ca, 93901, us",6.69,3.49,3.39,11.19,4.69,1.99,2.39,20,128,4.700000000000001,420+,5.551484375,3,1,1,0,ca,93901,Monterey,1
2717,McDonald,"840 e alisal st, salinas, ca, 93905, us",6.89,3.87,3.32,10.79,4.89,2.03,2.19,40,132,4.600000000000001,230+,6.010378787878787,3,1,1,0,ca,93905,Monterey,1
2718,McDonald,"1365 n main st, salinas, ca, 93906, us",6.79,3.49,3.39,11.19,4.79,1.99,2.39,20,125,4.399999999999999,800+,5.5756000000000006,3,1,1,0,ca,93906,Monterey,1
2719,McDonald,"608 williams rd, salinas, ca, 93905, us",6.89,4.05,3.64,11.22,4.99,2.03,1.99,41,133,4.5,480+,5.983308270676692,3,1,1,0,ca,93905,Monterey,1
2720,McDonald,"600 east boranda drive, salinas, ca, 93906, us",6.99,3.85,3.17,10.95,4.89,2.03,2.19,33,124,4.6000000000000005,500+,6.115000000000001,3,1,1,0,ca,93906,Monterey,1
2721,McDonald,"301 e 1st st, santa ana, ca, 92701, us",6.49,3.39,3.29,13.49,5.19,2.89,2.29,41,123,4.6000000000000005,1,6.691626016260164,3,1,1,0,ca,92701,Orange,1
2722,McDonald,"1501 n bristol st, santa ana, ca, 92706, us",6.49,3.39,3.29,13.49,5.19,2.69,2.29,41,122,4.700000000000002,1,6.706885245901639,3,1,1,0,ca,92706,Orange,1
2723,McDonald,"1011 e 17th st, santa ana, ca, 92706, us",6.49,3.39,3.29,13.49,5.29,2.89,2.29,42,119,4.3,1,6.643781512605044,3,1,1,0,ca,92706,Orange,1
2724,McDonald,"1526 w edinger ave, santa ana, ca, 92704, us",6.99,3.39,3.19,13.29,4.89,2.29,2.59,40,126,4.5,3,6.609841269841272,3,1,1,0,ca,92704,Orange,1
2725,McDonald,"1100 s grand ave, santa ana, ca, 92705, us",6.99,3.39,3.19,13.29,4.89,2.29,2.59,36,113,4.5,2,6.43424778761062,3,1,1,0,ca,92705,Orange,1
2726,McDonald,"2300 s. main street, santa ana, ca, 92707, us",6.99,3.39,3.19,13.29,4.89,2.29,2.59,36,114,4.6000000000000005,2,6.398771929824561,3,1,1,0,ca,92707,Orange,1
2727,McDonald,"119 west ball road, anaheim, ca, 92805-6045, us",6.89,3.89,3.19,13.39,5.19,3.29,2.99,29,104,4.6000000000000005,2,6.737115384615384,3,1,1,0,ca,92805,Orange,1
2728,McDonald,"1500 s harbor blvd, anaheim, ca, 92802, us",7.29,3.59,3.09,15.59,5.99,3.59,3.09,25,95,4.5,2,7.5657894736842115,3,1,1,0,ca,92802,Orange,1
2729,McDonald,"740 n. euclid st., anaheim, ca, 92801-4115, us",7.19,3.59,3.19,13.59,5.29,3.29,3.09,37,110,4.399999999999998,2,6.630000000000002,3,1,1,0,ca,92801,Orange,1
2730,McDonald,"1100 north state college blvd, anaheim, ca, 92806, us",6.89,3.19,2.89,12.39,4.69,3.29,2.89,26,96,4.3999999999999995,2,6.635833333333333,3,1,1,0,ca,92806,Orange,1
2731,McDonald,"1410 north lemon street, anaheim, ca, 92801, us",6.99,3.29,2.89,13.69,4.79,3.29,3.49,37,109,4.600000000000002,1,6.613853211009175,3,1,1,0,ca,92801,Orange,1
2732,McDonald,"1810 s state college blvd, anaheim, ca, 92805, us",7.19,3.39,2.99,14.29,5.19,3.29,3.09,21,109,4.600000000000002,1,6.673486238532111,3,1,1,0,ca,92805,Orange,1
2733,McDonald,"120 harding blvd, roseville, ca, 95678, us",8.39,4.18,3.69,13.99,5.37,2.69,2.11,41,132,4.7,210+,6.326287878787879,3,1,1,0,ca,95678,Placer,1
2734,McDonald,"3994 foothills blvd, roseville, ca, 95747, us",7.79,3.89,3.59,12.88,5.09,1.79,2.39,48,147,4.5,420+,7.706190476190476,3,1,1,0,ca,95747,Placer,1
2735,McDonald,"1190 cirby way, roseville, ca, 95746, us",7.29,4.59,3.79,11.99,5.29,1.79,1.99,39,143,4.699999999999999,360+,7.237062937062937,3,1,1,0,ca,95746,Placer,1
2736,McDonald,"6710 stanford ranch rd, roseville, ca, 95678, us",8.29,3.89,3.49,11.49,5.59,1.59,2.17,38,142,4.399999999999998,490+,6.396619718309859,3,1,1,0,ca,95678,Placer,1
2737,McDonald,"4211 sierra college blvd, rocklin, ca, 95650, us",7.79,3.39,3.29,12.99,5.19,2.19,2.49,94,274,4.600000000000001,150+,5.9955474452554745,3,1,1,0,ca,95650,Placer,1
2738,McDonald,"8660 sierra college blvd, roseville, ca, 95661, us",8.39,3.89,3.69,13.99,5.37,2.69,2.11,20,116,4.600000000000001,170+,7.933793103448275,3,1,1,0,ca,95661,Placer,1
2739,McDonald,"13370 lincoln way, auburn, ca, 95603, us",7.79,3.49,3.39,12.99,5.39,2.19,2.49,44,130,4.3999999999999995,56,6.056615384615384,3,1,1,0,ca,95603,Placer,1
2740,McDonald,"2865 bell rd, auburn, ca, 95603, us",7.79,3.39,3.29,12.99,5.79,2.69,2.39,38,132,3.5,49,6.813863636363637,3,1,1,0,ca,95603,Placer,1
2741,McDonald,"270, lincoln, ca, 95648, us",8.29,3.89,3.49,11.49,5.59,1.59,2.09,32,141,4.8999999999999995,200+,6.393262411347518,3,1,1,0,ca,95648,Placer,1
2742,McDonald,"55, lincoln, ca, 95648, us",8.29,3.89,3.49,11.39,5.59,1.49,2.09,35,137,4.8999999999999995,220+,6.457007299270073,3,1,1,0,ca,95648,Placer,1
2743,McDonald,"2172 sunset blvd, rocklin, ca, 95765, us",8.29,3.89,3.49,11.49,5.59,1.59,2.29,37,141,4.6000000000000005,500+,6.392978723404255,3,1,1,0,ca,95765,Placer,1
2744,McDonald,"2242 university ave, riverside, ca, 92507, us",7.19,4.09,3.59,12.29,4.99,3.19,3.09,23,116,4.600000000000001,3,6.246896551724138,3,1,1,0,ca,92507,Riverside,1
2745,McDonald,"7474 indiana street, riverside, ca, 92504, us",9.07,5.27,4.09,17.5,5.74,3.61,3.62,40,123,4.399999999999999,700+,7.9508130081300825,3,1,1,0,ca,92504,Riverside,1
2746,McDonald,"2246 iowa avenue, riverside, ca, 92507, us",8.09,4.49,4.19,12.19,6.39,2.79,3.09,38,114,4.5,2,6.808684210526316,3,1,1,0,ca,92507,Riverside,1
2747,McDonald,"22257 barton rd, grand terrace, ca, 92313, us",7.19,3.89,3.49,12.59,5.39,2.99,3.19,28,113,4.6000000000000005,1,6.416548672566371,3,1,1,0,ca,92313,San Bernardino,1
2748,McDonald,"5425 arlington avenue, riverside, ca, 92504, us",9.07,5.27,4.09,17.5,5.74,3.61,3.62,40,119,4.399999999999999,1,7.9648739495798315,3,1,1,0,ca,92504,Riverside,1
2749,McDonald,"6815 valley way, rubidoux, ca, 92509, us",7.19,3.99,3.89,12.59,5.09,3.49,2.89,26,115,4.5,1,6.246521739130434,3,1,1,0,ca,92509,Riverside,1
2750,McDonald,"24440 alessandro blvd, moreno valley, ca, 92553, us",9.07,5.27,3.98,17.5,5.77,3.61,3.62,39,124,4.200000000000002,1,7.9742741935483865,3,1,1,0,ca,92553,Riverside,1
2751,McDonald,"23831 sunnymead blvd, moreno valley, ca, 92553, us",9.09,5.29,3.79,17.5,5.74,3.61,3.69,40,126,4.399999999999998,1,8.12547619047619,3,1,1,0,ca,92553,Riverside,1
2752,McDonald,"2891 canyon springs parkway, riverside, ca, 92507, us",9.09,5.29,3.99,17.5,5.74,3.61,3.69,39,125,4.200000000000003,1,8.1388,3,1,1,0,ca,92507,Riverside,1
2753,McDonald,"12371 perris blvd., moreno valley, ca, 92557, us",9.07,5.27,3.84,17.5,5.74,3.61,3.62,39,121,4.299999999999999,1,8.056446280991734,3,1,1,0,ca,92557,Riverside,1
2754,McDonald,"221 e alessandro, riverside, ca, 92508, us",8.79,4.09,3.99,13.99,4.39,2.39,2.79,18,125,4.6000000000000005,1,7.06896,3,1,1,0,ca,92508,Riverside,1
2755,McDonald,"26200 iris avenue, moreno valley, ca, 92555, us",9.07,5.27,3.61,17.5,5.74,3.61,3.62,34,116,4.200000000000001,1,8.120258620689654,3,1,1,0,ca,92555,Riverside,1
2756,McDonald,"25280 madison ave, murrieta, ca, 92562, us",6.84,2.87,2.39,12.19,5.03,2.63,2.39,33,117,4.700000000000003,190+,6.52948717948718,3,1,1,0,ca,92562,Riverside,1
2757,McDonald,"40605 california oaks road, murrieta, ca, 92562, us",6.49,2.69,2.31,12.19,4.99,2.63,2.39,36,119,4.600000000000001,600+,6.486470588235297,3,1,1,0,ca,92562,Riverside,1
2758,McDonald,"39888 los alamos rd, murrieta, ca, 92562, us",6.84,2.81,2.31,11.91,4.9,2.63,2.39,33,119,4.5,800+,6.594033613445379,3,1,1,0,ca,92562,Riverside,1
2759,McDonald,"23819 clinton keith rd, wildomar, ca, 92595, us",7.07,2.87,2.39,11.99,5.03,2.63,2.29,31,113,4.5,1,6.660088495575223,3,1,1,0,ca,92595,Riverside,1
2760,McDonald,"39196 winchester rd, murrieta, ca, 92563, us",7.69,3.11,2.87,12.49,5.15,2.39,2.39,39,120,4.5,1,6.088916666666667,3,1,1,0,ca,92563,Riverside,1
2761,McDonald,"35934 winchester road, murrieta, ca, 92563, us",6.89,2.89,2.39,12.19,4.99,2.69,2.49,34,119,4.2,96,6.506890756302522,3,1,1,0,ca,92563,Riverside,1
2762,McDonald,"200 richards blvd, sacramento, ca, 95811, us",8.49,3.59,3.49,12.99,5.29,1.99,2.79,39,148,4.399999999999999,1,8.566554054054055,3,1,1,0,ca,95811,Sacramento,1
2763,McDonald,"3006 k st, sacramento, ca, 95816, us",8.49,3.59,3.49,12.99,5.29,1.99,2.79,38,147,4.3,1,8.561360544217687,3,1,1,0,ca,95816,Sacramento,1
2764,McDonald,"2331 broadway, sacramento, ca, 95818, us",8.49,3.59,3.49,12.99,5.29,1.99,2.79,38,146,4.3,1,8.612808219178083,3,1,1,0,ca,95818,Sacramento,1
2765,McDonald,"1700 w capitol ave, west sacramento, ca, 95691-2520, us",7.39,3.99,3.99,10.89,4.59,1.89,3.49,15,125,4.399999999999999,350+,6.182000000000001,3,1,1,0,ca,95691,Yolo,1
2766,McDonald,"2985 freeport blvd, sacramento, ca, 95818, us",8.49,3.59,3.49,12.99,5.29,1.99,2.79,39,150,4.399999999999999,500+,8.482866666666666,3,1,1,0,ca,95818,Sacramento,1
2767,McDonald,"2729 w capitol ave, west sacramento, ca, 95691, us",7.39,3.99,3.99,10.89,4.59,1.89,3.49,15,129,4.199999999999999,200+,6.051317829457363,3,1,1,0,ca,95691,Yolo,1
2768,McDonald,"8282 laguna blvd, elk grove, ca, 95758, us",7.69,4.09,3.69,14.79,5.49,1.89,2.49,43,136,4.5,250+,8.836764705882354,3,1,1,0,ca,95758,Sacramento,1
2769,McDonald,"7527 laguna blvd, elk grove, ca, 95758, us",7.69,4.09,3.69,14.79,5.49,1.89,2.49,46,141,4.6000000000000005,500+,8.669148936170211,3,1,1,0,ca,95758,Sacramento,1
2770,McDonald,"8710, elk grove, ca, 95624, us",7.69,4.09,3.69,14.79,5.49,1.89,2.49,43,137,4.5,460+,8.828540145985402,3,1,1,0,ca,95624,Sacramento,1
2771,McDonald,"8361 sheldon road, suite 100, elk grove, ca, 95624, us",7.69,4.09,3.69,14.79,5.49,1.89,2.49,38,133,4.600000000000001,230+,8.91842105263158,3,1,1,0,ca,95624,Sacramento,1
2772,McDonald,"10051 bruceville road, elk grove, ca, 95757, us",7.69,4.09,3.69,14.79,5.49,1.89,2.49,47,141,4.3999999999999995,460+,8.696808510638299,3,1,1,0,ca,95757,Sacramento,1
2773,McDonald,"8220 calvine rd., sacramento, ca, 95828, us",7.69,4.09,3.69,14.79,5.49,1.89,2.49,39,133,4.5,350+,8.889097744360901,3,1,1,0,ca,95828,Sacramento,1
2774,McDonald,"699 2nd st, san bernardino, ca, 92410, us",6.99,3.29,2.59,12.79,4.29,2.39,2.39,32,123,4.299999999999998,1,6.0139837398374,3,1,1,0,ca,92410,San Bernardino,1
2775,McDonald,"568 s mt vernon ave, san bernardino, ca, 92410, us",6.99,3.29,2.79,12.79,4.89,2.39,2.39,32,124,4.5,900+,6.215241935483872,3,1,1,0,ca,92410,San Bernardino,1
2776,McDonald,"1208 n. mt. vernon blvd, san bernardino, ca, 92411, us",6.99,3.39,2.79,12.79,4.69,2.39,2.21,27,122,4.399999999999999,1,6.219262295081968,3,1,1,0,ca,92411,San Bernardino,1
2777,McDonald,"718 w highland ave, san bernardino, ca, 92405, us",6.99,3.29,2.69,12.79,4.39,2.39,2.39,27,108,4.5,2,6.124722222222222,3,1,1,0,ca,92405,San Bernardino,1
2778,McDonald,"100 e redlands blvd, san bernardino, ca, 92408, us",8.19,4.59,3.69,14.59,6.09,2.99,3.79,26,130,4.3999999999999995,1,7.103538461538462,3,1,1,0,ca,92408,San Bernardino,1
2779,McDonald,"225 w valley blvd, colton, ca, 92324, us",8.09,4.09,3.89,12.49,6.39,2.79,3.29,38,125,4.5,1,6.775120000000001,3,1,1,0,ca,92324,San Bernardino,1
2780,McDonald,"16063 foothill blvd, fontana, ca, 92335, us",6.19,4.19,3.89,10.49,4.89,1.99,2.99,26,130,4.3,3,5.575846153846154,3,1,1,0,ca,92335,San Bernardino,1
2781,McDonald,"17017 sierra lakes pkwy., fontana, ca, 92336, us",7.49,3.74,3.49,13.29,5.36,2.49,3.19,28,124,4.5,2,6.1291935483870965,3,1,1,0,ca,92336,San Bernardino,1
2782,McDonald,"10143 sierra ave, fontana, ca, 92335, us",8.79,4.09,3.99,13.99,4.39,2.39,2.79,19,122,4.399999999999999,3,6.941229508196722,3,1,1,0,ca,92335,San Bernardino,1
2783,McDonald,"1318 w foothill blvd, rialto, ca, 92376, us",8.79,4.09,3.99,13.99,4.39,2.39,2.79,20,125,4.200000000000003,2,6.863680000000001,3,1,1,0,ca,92376,San Bernardino,1
2784,McDonald,"1173 west casmalia st, rialto, ca, 92377, us",8.79,4.09,3.99,13.99,4.39,2.39,2.79,19,125,4.6000000000000005,600+,7.24216,3,1,1,0,ca,92377,San Bernardino,1
2785,McDonald,"111 w baseline rd, rialto, ca, 92376, us",8.79,4.09,3.99,13.99,4.39,2.39,2.79,20,123,4.299999999999998,2,6.989349593495937,3,1,1,0,ca,92376,San Bernardino,1
2786,McDonald,"nwc roy rogers &amp; la paz plz, victorville, ca, 92395, us",7.59,4.51,2.99,11.19,4.96,2.59,2.43,34,121,4.299999999999999,1,6.238677685950413,3,1,1,0,ca,92395,San Bernardino,1
2787,McDonald,"14526 palmdale rd, victorville, ca, 92392, us",7.69,4.68,2.89,11.19,4.87,2.59,2.65,32,118,4.299999999999999,1,6.4507627118644075,3,1,1,0,ca,92392,San Bernardino,1
2788,McDonald,"12146 mariposa rd, victorville, ca, 92395, us",7.69,4.68,2.89,11.69,5.18,2.59,2.64,35,118,4.299999999999999,1,6.435423728813562,3,1,1,0,ca,92395,San Bernardino,1
2789,McDonald,"16670 bear valley road, victorville, ca, 92395, us",7.39,4.13,2.41,10.45,4.35,2.59,2.38,29,119,4.100000000000002,71,5.852436974789917,3,1,1,0,ca,92395,San Bernardino,1
2790,McDonald,"13625 bear valley rd, victorville, ca, 92392, us",7.89,3.99,3.59,13.99,5.89,2.99,3.59,33,130,4.3999999999999995,1,6.792000000000001,3,1,1,0,ca,92392,San Bernardino,1
2791,McDonald,"12254 palmdale road, victorville, ca, 92392, us",8.49,4.49,3.79,14.69,6.09,2.99,3.59,25,132,4.399999999999999,2,7.551893939393938,3,1,1,0,ca,92392,San Bernardino,1
2792,McDonald,"1260 park blvd, san diego, ca, 92101, us",8.49,4.49,3.79,14.19,5.69,3.19,3.69,34,113,4.5,9,8.078141592920353,3,1,1,0,ca,92101,San Diego,1
2793,McDonald,"2796 main st, san diego, ca, 92113, us",8.89,4.49,3.29,14.79,5.99,3.09,2.79,21,128,4.6,2,7.267890625,3,1,1,0,ca,92113,San Diego,1
2794,McDonald,"1414 university ave, san diego, ca, 92103, us",8.39,4.27,3.78,13.65,5.69,2.79,2.99,30,130,4.6000000000000005,4,6.920076923076923,3,1,1,0,ca,92103,San Diego,1
2795,McDonald,"2345 el cajon blvd., san diego, ca, 92104, us",8.49,4.49,3.79,14.19,5.69,3.19,3.69,35,117,4.600000000000001,5,8.115641025641025,3,1,1,0,ca,92104,San Diego,1
2796,McDonald,"1515 euclid ave, san diego, ca, 92105, us",8.89,4.39,2.99,14.39,5.99,2.89,2.79,36,125,4.399999999999999,2,6.857760000000001,3,1,1,0,ca,92105,San Diego,1
2797,McDonald,"1630 highland ave, national city, ca, 91950, us",8.89,4.39,3.29,14.29,5.89,2.89,2.79,70,254,4.5,1,7.1700787401574795,3,1,1,0,ca,91950,San Diego,1
2798,McDonald,"725 e st, chula vista, ca, 91910, us",6.97,3.61,3.39,12.47,5.29,2.12,2.69,40,117,4.600000000000001,600+,5.822905982905983,3,1,1,0,ca,91910,San Diego,1
2799,McDonald,"3400 highland ave, chula vista, ca, 91950, us",8.89,4.39,2.89,13.89,5.79,2.79,2.79,36,127,4.5,500+,7.076377952755906,3,1,1,0,ca,91950,San Diego,1
2800,McDonald,"619 broadway, chula vista, ca, 91910, us",8.39,4.28,3.78,13.65,5.5,2.79,2.99,25,126,4.600000000000001,800+,7.012380952380952,3,1,1,0,ca,91910,San Diego,1
2801,McDonald,"2140 plaza blvd., national city, ca, 91950, us",8.89,4.39,3.29,14.29,5.89,2.89,2.79,33,123,4.6000000000000005,2,6.971056910569105,3,1,1,0,ca,91950,San Diego,1
2802,McDonald,"1110 3rd ave, chula vista, ca, 91911, us",6.97,3.85,3.59,11.83,5.29,2.12,2.63,46,133,4.600000000000001,1,5.8975187969924825,3,1,1,0,ca,91911,San Diego,1
2803,McDonald,"137 canyon dr, oceanside, ca, 92054, us",6.79,3.19,2.89,11.89,4.91,1.99,2.33,45,114,4.6000000000000005,700+,6.038070175438596,3,1,1,0,ca,92054,San Diego,1
2804,McDonald,"1701, oceanside, ca, 92054, us",6.49,3.19,2.89,11.89,4.79,1.99,2.49,34,115,4.700000000000002,800+,5.945565217391304,3,1,1,0,ca,92054,San Diego,1
2805,McDonald,"2185 vista way, oceanside, ca, 92054, us",6.79,3.19,2.89,11.99,4.89,1.99,2.49,38,113,4.6000000000000005,500+,6.0733628318584065,3,1,1,0,ca,92054,San Diego,1
2806,McDonald,"3720 mission ave, oceanside, ca, 92058, us",6.79,3.19,2.89,11.89,4.79,1.99,2.39,44,115,4.5,600+,6.041826086956522,3,1,1,0,ca,92058,San Diego,1
2807,McDonald,"185 old grove rd., oceanside, ca, 92057, us",6.79,3.19,2.69,11.89,4.89,1.99,2.33,39,107,4.600000000000001,800+,6.213364485981309,3,1,1,0,ca,92057,San Diego,1
2808,McDonald,"4151 oceanside blvd, oceanside, ca, 92056, us",6.59,3.19,2.69,11.89,4.59,1.99,2.29,40,115,4.700000000000002,1,5.951565217391303,3,1,1,0,ca,92056,San Diego,1
2809,McDonald,"1100 fillmore st, san francisco, ca, 94115, us",7.89,4.09,3.59,13.69,5.49,2.29,2.99,44,128,4.6,10,6.28890625,3,1,1,0,ca,94115,San Francisco,1
2810,McDonald,"441 sutter st, san francisco, ca, 94108, us",7.89,3.49,3.09,15.99,5.89,2.89,2.99,52,242,4.6000000000000005,10,8.436280991735538,3,1,1,0,ca,94108,San Francisco,1
2811,McDonald,"302 potrero avenue, san francisco, ca, 94103, us",7.89,3.89,3.39,16.29,6.29,2.89,2.89,46,232,4.6000000000000005,6,8.749310344827586,3,1,1,0,ca,94103,San Francisco,1
2812,McDonald,"609 market st, san francisco, ca, 94105-3301, us",7.89,4.09,3.49,13.69,5.49,2.29,2.89,45,131,4.600000000000001,7,6.301450381679389,3,1,1,0,ca,94105,San Francisco,1
2813,McDonald,"2801 mission st, san francisco, ca, 94110, us",8.09,3.09,2.79,16.09,5.89,2.89,2.99,40,268,4.7,3,7.811567164179104,3,1,1,0,ca,94110,San Francisco,1
2814,McDonald,"345 bay shore blvd, san francisco, ca, 94124, us",8.69,3.79,3.29,16.29,5.59,2.89,2.99,56,270,4.6000000000000005,5,7.806148148148147,3,1,1,0,ca,94124,San Francisco,1
2815,McDonald,"1201 ocean ave, san francisco, ca, 94112-1830, us",7.89,4.09,3.49,13.69,5.49,2.29,2.89,94,264,4.700000000000001,6,6.306212121212122,3,1,1,0,ca,94112,San Francisco,1
2816,McDonald,"5454 mission st, san francisco, ca, 94112, us",8.29,3.49,2.99,15.79,5.29,2.89,2.99,50,270,4.6000000000000005,3,7.763185185185185,3,1,1,0,ca,94112,San Francisco,1
2817,McDonald,"322 s center st, stockton, ca, 95203, us",7.69,4.09,3.69,14.79,5.49,1.89,2.49,47,142,4.2,350+,8.61788732394366,3,1,1,0,ca,95203,San Joaquin,1
2818,McDonald,"1423 n center st, stockton, ca, 95202, us",7.69,4.09,3.69,14.79,5.49,1.89,2.49,47,142,4.2,380+,8.617183098591548,3,1,1,0,ca,95202,San Joaquin,1
2819,McDonald,"611 w charter way, stockton, ca, 95206, us",7.69,4.09,3.69,14.79,5.49,1.89,2.49,47,141,4.1000000000000005,700+,8.676241134751772,3,1,1,0,ca,95206,San Joaquin,1
2820,McDonald,"1009 n wilson way, stockton, ca, 95205-4217, us",7.69,4.09,3.69,14.79,5.49,1.89,2.49,47,141,4.2,370+,8.674822695035461,3,1,1,0,ca,95205,San Joaquin,1
2821,McDonald,"563 carolyn weston blvd, stockton, ca, 95206, us",7.69,4.09,3.69,14.79,5.49,1.89,2.49,46,139,4.1000000000000005,10,8.764892086330937,3,1,1,0,ca,95206,San Joaquin,1
2822,McDonald,"275 madonna rd (#2), san luis obispo, ca, 93405, us",7.49,4.29,3.69,12.83,4.99,2.29,2.79,37,132,4.600000000000001,3,6.108636363636364,3,1,1,0,ca,93405,San Luis Obispo,1
2823,McDonald,"350 five cities drive, pismo beach, ca, 93449, us",7.09,3.49,3.29,12.79,4.99,1.99,2.29,84,272,4.8,250+,6.064264705882354,3,1,1,0,ca,93449,San Luis Obispo,1
2824,McDonald,"1550 grand ave, grover beach, ca, 93433, us",7.19,3.99,3.69,13.09,4.99,2.29,2.59,72,266,4.6000000000000005,460+,6.163533834586467,3,1,1,0,ca,93433,San Luis Obispo,1
2825,McDonald,"780 quintana rd, morro bay, ca, 93442, us",7.19,3.89,3.49,12.83,5.29,2.29,2.49,34,132,4.600000000000001,250+,6.022424242424242,3,1,1,0,ca,93442,San Luis Obispo,1
2826,McDonald,"410 grand ave po box 306, arroyo grande, ca, 93420, us",7.19,4.29,3.69,13.09,4.99,2.29,2.69,74,264,4.6000000000000005,140+,6.28469696969697,3,1,1,0,ca,93420,San Luis Obispo,1
2827,McDonald,"6300 morro rd, atascadero, ca, 93422, us",7.09,3.49,3.29,12.79,4.99,1.99,2.29,43,134,4.699999999999999,150+,6.0787313432835814,3,1,1,0,ca,93422,San Luis Obispo,1
2828,McDonald,"1420 el camino real, san mateo, ca, 94402, us",6.69,3.19,2.79,10.69,3.99,2.09,1.99,21,135,4.7,3,5.658296296296296,3,1,1,0,ca,94402,San Mateo,1
2829,McDonald,"1101 triton dr, foster city, ca, 94404, us",6.69,3.19,2.79,10.69,3.99,2.09,1.99,21,133,4.699999999999999,2,5.655563909774435,3,1,1,0,ca,94404,San Mateo,1
2830,McDonald,"522 el camino real, belmont, ca, 94002-2121, us",7.39,3.49,3.29,12.39,4.47,1.69,2.89,30,137,4.6000000000000005,1,5.642919708029198,3,1,1,0,ca,94002,San Mateo,1
2831,McDonald,"587 el camino real, south san francisco, california, south san franc, ca, 94080, us",8.49,4.09,3.49,14.99,5.69,2.19,3.39,37,128,4.6,1,6.125937499999999,3,1,1,0,ca,94080,San Mateo,1
2832,McDonald,"381 s airport blvd, south san francisco, ca, 94080, us",8.29,4.59,3.99,13.99,5.69,2.19,3.39,36,129,4.5,1,6.086124031007753,3,1,1,0,ca,94080,San Mateo,1
2833,McDonald,"505 serramonte blvd, daly city, ca, 94015-4372, us",7.79,3.99,3.79,13.29,4.99,2.29,3.19,80,262,4.5,1,6.87473282442748,3,1,1,0,ca,94015,San Mateo,1
2834,McDonald,"2450 junipero serra blvd, daly city, ca, 94015-1632, us",8.49,4.49,4.39,14.29,5.69,2.19,3.19,38,126,4.700000000000003,3,6.152619047619048,3,1,1,0,ca,94015,San Mateo,1
2835,McDonald,"125 monterey rd, pacifica, ca, 94044-1332, us",7.39,3.49,3.29,12.39,4.59,1.69,2.89,29,136,4.7,600+,5.655441176470588,3,1,1,0,ca,94044,San Mateo,1
2836,McDonald,"255 winston dr, san francisco, ca, 94132, us",8.29,2.99,2.49,15.39,4.89,2.89,2.89,19,120,4.700000000000001,3,7.847666666666667,3,1,1,0,ca,94132,San Francisco,1
2837,McDonald,"1407 bradley rd, santa maria, ca, 93454, us",7.09,3.49,3.29,12.79,4.99,1.99,2.29,42,134,4.5,340+,6.095149253731344,3,1,1,0,ca,93454,Santa Barbara,1
2838,McDonald,"1710 s broadway, santa maria, ca, 93454, us",6.59,4.29,3.89,11.69,4.89,2.09,2.89,41,127,4.600000000000001,65,5.619212598425198,3,1,1,0,ca,93454,Santa Barbara,1
2839,McDonald,"2280 skyway dr, santa maria, ca, 93455, us",6.59,4.49,4.29,11.69,5.09,2.09,2.89,42,127,4.700000000000004,130+,5.611889763779528,3,1,1,0,ca,93455,Santa Barbara,1
2840,McDonald,"29 north milpas street, santa barbara, ca, 93103, us",6.79,4.59,4.19,12.59,5.59,1.69,2.89,44,122,4.700000000000002,1,6.503114754098361,3,1,1,0,ca,93103,Santa Barbara,1
2841,McDonald,"1906 cliff dr, santa barbara, ca, 93109, us",6.79,3.99,3.89,12.39,5.79,1.69,2.99,33,123,4.6000000000000005,1,6.41439024390244,3,1,1,0,ca,93109,Santa Barbara,1
2842,McDonald,"3940 state street, santa barbara, ca, 93110, us",6.59,4.29,4.09,12.29,5.19,1.69,2.59,31,122,4.700000000000002,800+,6.401475409836066,3,1,1,0,ca,93110,Santa Barbara,1
2843,McDonald,"146 s fairview blvd, santa barbara, ca, 93117, us",7.18,4.19,3.99,13.42,5.02,2.09,2.69,43,131,4.7,600+,6.276793893129771,3,1,1,0,ca,93117,Santa Barbara,1
2844,McDonald,"6900 marketplace drive, goleta, ca, 93117, us",7.18,4.19,3.99,13.42,5.02,2.09,2.69,39,127,4.700000000000004,1,6.324409448818897,3,1,1,0,ca,93117,Santa Barbara,1
2845,McDonald,"1299 e santa clara st, san jose, ca, 95116, us",6.69,3.59,3.19,10.79,4.99,2.19,2.69,29,136,4.399999999999999,2,5.749264705882354,3,1,1,0,ca,95116,Santa Clara,1
2846,McDonald,"2191 monterey highway, san jose, ca, 95125, us",8.69,3.99,3.69,14.89,5.69,2.19,3.29,34,130,4.6000000000000005,700+,6.083461538461537,3,1,1,0,ca,95125,Santa Clara,1
2847,McDonald,"585 tully rd, san jose, ca, 95112-1920, us",7.39,4.39,3.39,12.19,4.79,2.09,2.89,27,135,4.5,380+,5.983851851851852,3,1,1,0,ca,95112,Santa Clara,1
2848,McDonald,"777 story rd, san jose, ca, 95122, us",7.39,4.19,3.29,11.99,5.09,2.09,2.99,17,124,4.6000000000000005,500+,5.9962096774193565,3,1,1,0,ca,95122,Santa Clara,1
2849,McDonald,"1398 w. san carlos, san jose, ca, 95126, us",8.49,3.99,3.69,14.49,5.69,2.19,3.29,35,131,4.7,1,6.056106870229008,3,1,1,0,ca,95126,Santa Clara,1
2850,McDonald,"2353 mckee rd, san jose, ca, 95133, us",7.3,3.47,2.39,12.22,4.99,2.09,2.39,31,121,4.6000000000000005,1,6.010330578512397,3,1,1,0,ca,95133,Santa Clara,1
2851,McDonald,"556 e el camino real, sunnyvale, ca, 94087, us",7.39,3.49,4.19,12.05,4.47,1.69,2.89,30,133,4.800000000000001,1,5.673007518796992,3,1,1,0,ca,94087,Santa Clara,1
2852,McDonald,"696 n mathilda ave, sunnyvale, ca, 94085, us",8.69,4.29,3.79,15.29,5.69,2.19,3.39,40,130,4.7,1,6.119076923076923,3,1,1,0,ca,94085,Santa Clara,1
2853,McDonald,"10990 n stelling rd, cupertino, ca, 95014, us",7.39,3.49,4.19,12.05,4.47,1.69,2.69,30,129,4.699999999999999,1,5.727441860465116,3,1,1,0,ca,95014,Santa Clara,1
2854,McDonald,"550 lawrence expy, sunnyvale, ca, 94085, us",10.38,4.98,4.03,16.05,6.73,2.28,3.63,23,123,4.6000000000000005,2,7.05219512195122,3,1,1,0,ca,94085,Santa Clara,1
2855,McDonald,"2850 augustine dr, santa clara, ca, 95054, us",10.38,4.98,4.03,16.05,6.73,2.37,3.63,43,142,4.5,800+,6.659647887323943,3,1,1,0,ca,95054,Santa Clara,1
2856,McDonald,"3509 home stead rd, santa clara, ca, 95051, us",8.69,4.39,3.79,14.89,5.69,2.19,3.39,35,128,4.6,900+,6.1759375,3,1,1,0,ca,95051,Santa Clara,1
2857,McDonald,"1421 mission st, santa cruz, ca, 95060-4738, us",8.39,3.99,3.49,13.29,4.99,2.58,2.49,34,121,4.700000000000001,1,6.9104132231404956,3,1,1,0,ca,95060,Santa Cruz,1
2858,McDonald,"1210 ocean ave, santa cruz, ca, 95060, us",8.39,3.99,3.49,13.29,4.99,2.58,2.59,42,131,4.600000000000001,800+,6.817251908396946,3,1,1,0,ca,95060,Santa Cruz,1
2859,McDonald,"1760 41st ave, capitola, ca, 95010-2503, us",8.39,3.99,3.49,13.29,4.99,2.19,2.49,39,127,4.600000000000001,1,6.7066141732283455,3,1,1,0,ca,95010,Santa Cruz,1
2860,McDonald,"259 mount hermon rd, scotts valley, ca, 95066, us",8.39,3.99,3.49,13.29,4.99,2.19,2.49,34,116,4.700000000000002,260+,6.823620689655172,3,1,1,0,ca,95066,Santa Cruz,1
2861,McDonald,"1459 main st, watsonville, ca, 95076, us",8.22,3.73,3.38,14.79,4.99,2.04,2.17,42,137,4.700000000000001,210+,7.519051094890512,3,1,1,0,ca,95076,Santa Cruz,1
2862,McDonald,"3289 sonoma blvd, vallejo, ca, 94590, us",8.29,3.59,3.49,12.99,4.99,2.29,2.69,34,143,4.399999999999999,1,8.473986013986014,3,1,1,0,ca,94590,Solano,1
2863,McDonald,"416 e lincoln rd, vallejo, ca, 94591, us",7.99,4.19,3.49,12.29,5.29,2.39,3.19,42,132,4.3,500+,6.633787878787879,3,1,1,0,ca,94591,Solano,1
2864,McDonald,"170 lincoln rd e, vallejo, ca, 94591-8206, us",7.99,4.19,3.59,12.29,5.19,2.39,3.09,42,131,4.399999999999999,330+,6.689847328244276,3,1,1,0,ca,94591,Solano,1
2865,McDonald,"2565 springs rd, vallejo, ca, 94591-5612, us",7.99,4.19,3.49,12.29,5.39,2.39,3.09,42,132,4.399999999999999,410+,6.658030303030303,3,1,1,0,ca,94591,Solano,1
2866,McDonald,"902 admiral callaghan ln, vallejo, ca, 94591, us",7.99,4.19,3.59,12.09,5.19,2.39,3.19,43,132,4.600000000000001,500+,6.672196969696969,3,1,1,0,ca,94591,Solano,1
2867,McDonald,"5200 sonoma blvd, vallejo, ca, 94589, us",6.89,3.79,3.59,12.79,4.79,2.09,3.19,34,126,4.5,800+,7.207619047619049,3,1,1,0,ca,94589,Solano,1
2868,McDonald,"699 beck ave, fairfield, ca, 94533, us",7.09,3.19,3.09,12.69,5.19,1.69,2.29,25,131,4.5,170+,6.215725190839694,3,1,1,0,ca,94533,Solano,1
2869,McDonald,"2212 no texas st, fairfield, ca, 94533, us",8.29,3.59,3.49,12.99,4.99,1.99,2.79,39,145,4.3999999999999995,800+,7.767586206896551,3,1,1,0,ca,94533,Solano,1
2870,McDonald,"3080 travis blvd, fairfield, ca, 94534, us",8.49,3.59,3.49,12.99,5.29,1.99,2.79,39,147,4.7,130+,8.593605442176873,3,1,1,0,ca,94534,Solano,1
2871,McDonald,"101 sunset ave, suisun city, ca, 94585, us",8.49,3.59,3.49,12.99,5.29,1.99,2.59,41,146,4.5,700+,8.554657534246575,3,1,1,0,ca,94585,Solano,1
2872,McDonald,"3500 nelson rd, fairfield, ca, 94533, us",8.49,3.59,3.49,12.99,5.29,1.99,2.79,36,144,4.5,210+,8.664513888888889,3,1,1,0,ca,94533,Solano,1
2873,McDonald,"4400 central pl, fairfield, ca, 94534, us",6.89,3.79,3.59,12.79,4.79,2.09,3.19,38,127,4.600000000000001,180+,7.253779527559056,3,1,1,0,ca,94534,Solano,1
2874,McDonald,"2642 santa rosa ave, santa rosa, ca, 95407, us",8.39,3.99,3.49,13.29,4.99,2.19,2.49,43,132,4.5,900+,6.618787878787879,3,1,1,0,ca,95407,Sonoma,1
2875,McDonald,"mission blvd, santa rosa, ca, 95409, us",8.39,3.99,3.49,13.29,4.99,2.19,2.49,43,132,4.7,460+,6.626363636363637,3,1,1,0,ca,95409,Sonoma,1
2876,McDonald,"879 hopper ave, santa rosa, ca, 95403, us",8.39,3.99,3.49,13.29,4.99,2.19,2.49,44,131,4.600000000000001,240+,6.506793893129772,3,1,1,0,ca,95403,Sonoma,1
2877,McDonald,"2521 guerneville rd, santa rosa, ca, 95401, us",8.39,3.99,3.49,13.29,4.99,2.19,2.49,44,133,4.5,440+,6.613308270676692,3,1,1,0,ca,95401,Sonoma,1
2878,McDonald,"6600 commerce blvd, rohnert park, ca, 94928, us",8.69,4.39,3.79,14.29,5.69,2.19,3.29,26,130,4.6000000000000005,600+,6.003846153846154,3,1,1,0,ca,94928,Sonoma,1
2879,McDonald,"900 9th st, modesto, ca, 95354, us",8.29,4.49,4.19,13.69,5.69,1.99,2.29,41,147,4.399999999999999,270+,8.513333333333334,3,1,1,0,ca,95354,Stanislaus,1
2880,McDonald,"409 paradise road, modesto, ca, 95351, us",8.29,4.49,4.19,13.69,5.69,1.99,2.29,42,148,4.5,340+,8.494932432432432,3,1,1,0,ca,95351,Stanislaus,1
2881,McDonald,"901 n carpenter rd, modesto, ca, 95358, us",8.29,4.49,4.19,13.69,5.69,1.99,2.29,42,148,4.3,120+,8.494932432432432,3,1,1,0,ca,95358,Stanislaus,1
2882,McDonald,"2118 mchenry ave, modesto, ca, 95350-3213, us",7.89,3.59,3.39,12.99,4.99,1.79,2.79,42,145,4.3999999999999995,500+,8.166137931034482,3,1,1,0,ca,95350,Stanislaus,1
2883,McDonald,"801 oakdale ave, modesto, ca, 95355, us",7.69,4.09,3.69,14.79,5.49,1.89,2.49,45,140,4.2,480+,8.698285714285712,3,1,1,0,ca,95355,Stanislaus,1
2884,McDonald,"1324 e hatch rd, ceres, ca, 95351, us",7.59,4.59,3.59,12.59,5.59,2.39,2.59,44,140,4.2,260+,8.108500000000001,3,1,1,0,ca,95351,Stanislaus,1
2885,McDonald,"1401 e noble ave, visalia, ca, 93292, us",7.49,4.19,3.49,12.49,4.89,1.69,2.29,45,145,4.3999999999999995,700+,7.1785517241379315,3,1,1,0,ca,93292,Tulare,1
2886,McDonald,"3636 w mineral king ave, visalia, ca, 93291, us",7.49,4.19,3.49,12.49,4.89,1.69,2.29,46,147,4.600000000000001,490+,7.122040816326531,3,1,1,0,ca,93291,Tulare,1
2887,McDonald,"3102 ndinuba, visalia, ca, 93291, us",7.49,4.19,3.49,12.49,4.89,1.69,2.29,46,146,4.2,290+,7.164246575342466,3,1,1,0,ca,93291,Tulare,1
2888,McDonald,"3636 s mooney blvd, visalia, ca, 93277-8019, us",7.49,4.19,3.49,12.49,4.89,1.69,2.29,46,147,4.399999999999999,330+,6.873061224489797,3,1,1,0,ca,93277,Tulare,1
2889,McDonald,"5205 w goshen, visalia, ca, 93291, us",7.49,4.19,3.49,12.49,4.89,1.69,2.29,46,146,4.6000000000000005,170+,7.164246575342466,3,1,1,0,ca,93291,Tulare,1
2890,McDonald,"5215 w akers / walnut, visalia, ca, 93277, us",7.49,4.19,3.49,12.49,4.89,1.69,2.29,46,147,4.600000000000001,410+,7.117210884353741,3,1,1,0,ca,93277,Tulare,1
2891,McDonald,"401 ventura ave, oxnard, ca, 93030, us",6.26,3.13,2.89,9.99,3.49,1.69,2.15,16,124,4.5,1,4.95508064516129,3,1,1,0,ca,93030,Ventura,1
2892,McDonald,"1711 n, oxnard, ca, 93030, us",6.5,3.13,2.89,10.08,3.69,1.69,2.25,13,124,4.299999999999998,800+,5.006854838709677,3,1,1,0,ca,93030,Ventura,1
2893,McDonald,"605 s. rose ave., oxnard, ca, 93030, us",6.36,3.13,2.89,10.16,3.69,1.69,2.27,15,120,4.5,400+,5.002916666666666,3,1,1,0,ca,93030,Ventura,1
2894,McDonald,"1741 pacific ave, oxnard, ca, 93033, us",6.26,3.13,2.59,10.16,3.39,1.69,2.25,17,124,4.399999999999999,600+,4.99508064516129,3,1,1,0,ca,93033,Ventura,1
2895,McDonald,"3120 s saviers rd, oxnard, ca, 93033, us",7.09,3.59,2.89,13.89,6.59,1.49,3.19,36,119,4.399999999999999,800+,7.063529411764707,3,1,1,0,ca,93033,Ventura,1
2896,McDonald,"401 w channel islands blvd, port hueneme, ca, 93041, us",7.09,3.59,2.89,13.89,6.59,1.49,3.19,33,111,4.5,600+,7.200810810810813,3,1,1,0,ca,93041,Ventura,1
2897,Jack in the Box,"4425 telegraph ave, oakland, ca, 94609, us",6.49,,,12.6,,,3.61,38,151,4.3,2,8.36887417218543,3,1,1,0,ca,94609,Alameda,1
2898,Jack in the Box,"1826 webster st, alameda, ca, 94501, us",6.86,,,13.73,,,4.36,47,151,4.399999999999999,1,8.783377483443708,3,1,1,0,ca,94501,Alameda,1
2899,Jack in the Box,"2424 east international boulevard, oakland, ca, 94601, us",6.49,,,12.6,,,4.11,40,152,4.3999999999999995,3,8.326907894736843,3,1,1,0,ca,94601,Alameda,1
2900,Jack in the Box,"6510 telegraph ave, oakland, ca, 94609, us",6.49,,,12.6,,,3.61,38,149,4.199999999999999,2,8.351073825503356,3,1,1,0,ca,94609,Alameda,1
2901,Jack in the Box,"1257 park st, alameda, ca, 94501, us",6.86,,,13.73,,,4.36,48,152,4.5,900+,8.774013157894737,3,1,1,0,ca,94501,Alameda,1
2902,Jack in the Box,"780 marina boulevard, san leandro, ca, 94577, us",5.61,,,11.73,,,3.36,26,152,4.3999999999999995,1,7.566513157894736,3,1,1,0,ca,94577,Alameda,1
2903,Jack in the Box,"39017 cedar blvd., newark, ca, 94560, us",7.74,,,14.98,,,4.24,46,153,4.5,440+,9.020261437908497,3,1,1,0,ca,94560,Alameda,1
2904,Jack in the Box,"40015 mission blvd, fremont, ca, 94539, us",7.74,,,14.85,,,4.61,41,152,4.6000000000000005,150+,9.154276315789472,3,1,1,0,ca,94539,Alameda,1
2905,Jack in the Box,"36848, fremont, ca, 94536, us",7.74,,,14.98,,,4.24,44,147,4.399999999999999,600+,9.12374149659864,3,1,1,0,ca,94536,Alameda,1
2906,Jack in the Box,"5533 stevenson blvd., fremont, ca, 94538, us",7.74,,,14.98,,,4.24,46,153,4.5,600+,9.020261437908497,3,1,1,0,ca,94538,Alameda,1
2907,Jack in the Box,"41115, fremont, ca, 94538, us",7.74,,,14.98,,,4.24,46,153,4.299999999999999,410+,9.020261437908498,3,1,1,0,ca,94538,Alameda,1
2908,Jack in the Box,"43921 osgood road., fremont, ca, 94539, us",7.74,,,14.98,,,4.24,46,153,4.600000000000001,210+,9.01045751633987,3,1,1,0,ca,94539,Alameda,1
2909,Jack in the Box,"24175 mission boulevard, hayward, ca, 94544, us",7.74,,,14.85,,,4.61,41,152,4.3,900+,9.164144736842104,3,1,1,0,ca,94544,Alameda,1
2910,Jack in the Box,"18555 mission blvd, hayward, ca, 94541, us",7.74,,,14.6,,,4.24,42,152,4.3999999999999995,600+,8.964934210526316,3,1,1,0,ca,94541,Alameda,1
2911,Jack in the Box,"3035, castro valley, ca, 94546, us",6.49,,,12.6,,,3.61,40,152,4.6000000000000005,600+,8.328552631578948,3,1,1,0,ca,94546,Alameda,1
2912,Jack in the Box,"17550 hesperian blvd, san lorenzo, ca, 94580, us",6.49,,,12.6,,,,40,144,4.3,600+,8.215694444444445,3,1,1,0,ca,94580,Alameda,1
2913,Jack in the Box,"25198 hesperian boulevard, hayward, ca, 94545, us",7.74,,,14.85,,,4.61,41,152,4.6000000000000005,600+,9.154276315789472,3,1,1,0,ca,94545,Alameda,1
2914,Jack in the Box,"15025 hesperian blvd., san leandro, ca, 94578, us",7.74,,,14.98,,,4.24,45,151,4.399999999999999,400+,9.048013245033113,3,1,1,0,ca,94578,Alameda,1
2915,Jack in the Box,"1710 monument blvd, concord, ca, 94518, us",7.49,,,13.73,,,4.49,41,152,4.5,900+,8.970592105263158,3,1,1,0,ca,94518,Contra Costa,1
2916,Jack in the Box,"1051 willow pass ct., concord, ca, 94520, us",7.74,,,14.85,,,4.11,46,153,4.399999999999999,350+,8.972679738562093,3,1,1,0,ca,94520,Contra Costa,1
2917,Jack in the Box,"4740 clayton rd, concord, ca, 94521, us",7.49,,,13.73,,,4.49,41,152,4.6000000000000005,500+,8.97059210526316,3,1,1,0,ca,94521,Contra Costa,1
2918,Jack in the Box,"1817 contra costa blvd, pleasant hill, ca, 94523, us",7.74,,,14.85,,,4.11,46,153,4.299999999999999,270+,8.982483660130718,3,1,1,0,ca,94523,Contra Costa,1
2919,Jack in the Box,"2135 railroad avenue, pittsburg, ca, 94565, us",5.61,,,11.73,,,3.36,26,152,4.3999999999999995,600+,7.566513157894738,3,1,1,0,ca,94565,Contra Costa,1
2920,Jack in the Box,"1213 california ave, pittsburg, ca, 94565, us",5.36,,,11.48,,,3.11,28,147,4.5,320+,7.526938775510204,3,1,1,0,ca,94565,Contra Costa,1
2921,Jack in the Box,"3110 e tulare st, fresno, ca, 93702, us",6.61,,,13.35,,,3.74,28,153,4.200000000000001,600+,8.180392156862744,3,1,1,0,ca,93702,Fresno,1
2922,Jack in the Box,"3025 e shaw ave, fresno, ca, 93710, us",6.61,,,13.35,,,3.74,28,153,4.299999999999999,900+,8.180392156862744,3,1,1,0,ca,93710,Fresno,1
2923,Jack in the Box,"2124 n blackstone hwy, fresno, ca, 93703, us",6.61,,,13.35,,,3.74,28,153,4.299999999999999,700+,8.173856209150326,3,1,1,0,ca,93703,Fresno,1
2924,Jack in the Box,"4968 e kings canyon rd, fresno, ca, 93727, us",6.61,,,13.35,,,3.74,28,153,4.200000000000001,600+,8.173856209150326,3,1,1,0,ca,93727,Fresno,1
2925,Jack in the Box,"3058 w clinton ave, fresno, ca, 93722, us",6.61,,,13.35,,,3.74,26,149,4.199999999999999,700+,8.094228187919464,3,1,1,0,ca,93722,Fresno,1
2926,Jack in the Box,"2220 chester ave, bakersfield, ca, 93301, us",7.49,,,13.73,,,4.36,44,152,4.5,260+,8.712236842105263,3,1,1,0,ca,93301,Kern,1
2927,Jack in the Box,"1200 oak street, bakersfield, ca, 93304, us",7.49,,,13.73,,,4.36,44,152,4.1000000000000005,370+,8.718815789473682,3,1,1,0,ca,93304,Kern,1
2928,Jack in the Box,"10 union ave, bakersfield, ca, 93307, us",7.49,,,13.73,,,4.36,44,152,4.3,380+,8.712236842105263,3,1,1,0,ca,93307,Kern,1
2929,Jack in the Box,"4200 chester ave, bakersfield, ca, 93301, us",7.49,,,13.73,,,4.36,44,152,4.3999999999999995,500+,8.712236842105263,3,1,1,0,ca,93301,Kern,1
2930,Jack in the Box,"1003 east california avenue, bakersfield, ca, 93307, us",9.11,,,18.35,,,4.99,45,153,4.700000000000001,66,10.24516339869281,3,1,1,0,ca,93307,Kern,1
2931,Jack in the Box,"2641 mt vernon avenue, bakersfield, ca, 93306, us",7.49,,,13.73,,,4.36,44,146,4.3999999999999995,600+,8.687328767123287,3,1,1,0,ca,93306,Kern,1
2932,Jack in the Box,"516 north beaudry avenue, los angeles, ca, 90012, us",5.61,,,11.48,,,3.49,27,152,4.3999999999999995,2,7.649407894736842,3,1,1,0,ca,90012,Los Angeles,1
2933,Jack in the Box,"1900 w. 6th st, los angeles, ca, 90057, us",6.86,,,13.74,,,3.11,12,147,4.5,2,8.526938775510203,3,1,1,0,ca,90057,Los Angeles,1
2934,Jack in the Box,"1135 north mission road, los angeles, ca, 90033, us",6.86,,,13.74,,,3.11,14,153,4.5,1,8.446143790849673,3,1,1,0,ca,90033,Los Angeles,1
2935,Jack in the Box,"1615 s broadway, los angeles, ca, 90015, us",6.24,,,12.48,,,3.49,36,152,4.5,3,7.9692763157894735,3,1,1,0,ca,90015,Los Angeles,1
2936,Jack in the Box,"1415 south alameda street, los angeles, ca, 90021, us",6.61,,,12.35,,,3.49,38,152,4.5,1,8.132302631578948,3,1,1,0,ca,90021,Los Angeles,1
2937,Jack in the Box,"4228 n figueroa st, los angeles, ca, 90065, us",6.86,,,13.74,,,3.11,14,153,4.600000000000001,1,8.446143790849673,3,1,1,0,ca,90065,Los Angeles,1
2938,Jack in the Box,"652 atlantic ave, long beach, ca, 90802, us",6.86,,,13.74,,,3.11,14,153,4.399999999999999,3,8.446143790849671,3,1,1,0,ca,90802,Los Angeles,1
2939,Jack in the Box,"1190 east pacific coast highway, long beach, ca, 90806, us",6.74,,,12.73,,,4.11,28,153,4.399999999999999,1,8.099019607843138,3,1,1,0,ca,90806,Los Angeles,1
2940,Jack in the Box,"3399 e pacific coast hwy, long beach, ca, 90755, us",6.49,,,12.73,,,3.74,44,152,4.5,1,8.121578947368421,3,1,1,0,ca,90755,Los Angeles,1
2941,Jack in the Box,"1720 w pacific coast hwy, long beach, ca, 90813, us",6.99,,,13.23,,,3.61,43,149,4.5,1,8.296241610738255,3,1,1,0,ca,90813,Los Angeles,1
2942,Jack in the Box,"2101 e anaheim st, long beach, ca, 90804, us",6.99,,,13.35,,,3.61,42,152,4.5,2,8.415131578947367,3,1,1,0,ca,90804,Los Angeles,1
2943,Jack in the Box,"3980 e ocean blvd, long beach, ca, 90803, us",6.99,,,13.23,,,3.61,43,153,4.5,900+,8.39346405228758,3,1,1,0,ca,90803,Los Angeles,1
2944,Jack in the Box,"26547 bouquet canyon road, santa clarita, ca, 91350, us",6.86,,,13.74,,,3.11,12,147,4.600000000000001,1,8.526938775510205,3,1,1,0,ca,91350,Los Angeles,1
2945,Jack in the Box,"28144 the old road, valencia, ca, 91355, us",6.86,,,13.74,,,3.11,14,153,4.700000000000001,300+,8.446143790849673,3,1,1,0,ca,91355,Los Angeles,1
2946,Jack in the Box,"28083 newhall ranch road, valencia, ca, 91355, us",6.86,,,13.74,,,3.11,14,153,4.700000000000001,350+,8.446143790849671,3,1,1,0,ca,91355,Los Angeles,1
2947,Jack in the Box,"24820 pico canyon road, santa clarita, ca, 91381, us",5.99,,,11.85,,,3.36,25,153,4.600000000000001,600+,7.586928104575165,3,1,1,0,ca,91381,Los Angeles,1
2948,Jack in the Box,"22908 lyons avenue, santa clarita, ca, 91321, us",6.61,,,12.35,,,3.49,38,152,4.6000000000000005,900+,8.106842105263159,3,1,1,0,ca,91321,Los Angeles,1
2949,Jack in the Box,"18955 west soledad cyn road, canyon country, ca, 91351, us",6.86,,,13.74,,,3.11,14,153,4.600000000000001,1,8.446143790849673,3,1,1,0,ca,91351,Los Angeles,1
2950,Jack in the Box,"1814 2nd street, san rafael, ca, 94901, us",7.74,,,14.98,,,4.24,78,280,4.3999999999999995,1,9.220214285714285,3,1,1,0,ca,94901,Marin,1
2951,Jack in the Box,"301 enfrente rd, novato, ca, 94949, us",6.86,,,13.73,,,3.99,76,300,4.2,310+,8.341533333333333,3,1,1,0,ca,94949,Marin,1
2952,Jack in the Box,"7135 redwood blvd., novato, ca, 94945, us",7.74,,,14.98,,,4.24,84,294,4.5,150+,9.08625850340136,3,1,1,0,ca,94945,Marin,1
2953,Jack in the Box,"35 admiral callaghan ln, vallejo, ca, 94591, us",5.36,,,11.48,,,3.11,87,456,4.3999999999999995,700+,7.579013157894736,3,1,1,0,ca,94591,Solano,1
2954,Jack in the Box,"7217 mission st, daly city, ca, 94014, us",5.61,,,11.73,,,3.11,96,600,4.700000000000001,3,7.6320000000000014,3,1,1,0,ca,94014,San Mateo,1
2955,Jack in the Box,"14395, san pablo, ca, 94806, us",6.86,,,13.6,,,4.36,43,136,4.3,1,8.809264705882352,3,1,1,0,ca,94806,Contra Costa,1
2956,Jack in the Box,"837 e washington st, petaluma, ca, 94952, us",7.74,,,14.6,,,4.24,41,151,4.600000000000001,310+,8.986291390728475,3,1,1,0,ca,94952,Marin,1
2957,Jack in the Box,"1401 n mcdowell blvd, petaluma, ca, 94954, us",7.74,,,14.6,,,4.24,42,151,4.7,46,8.970596026490066,3,1,1,0,ca,94954,Sonoma,1
2958,Jack in the Box,"645 south main street, salinas, ca, 93901, us",7.24,,,13.85,,,3.74,41,149,4.300000000000001,290+,8.510536912751679,3,1,1,0,ca,93901,Monterey,1
2959,Jack in the Box,"1225 de la torre street, salinas, ca, 93905, us",7.24,,,13.85,,,3.74,42,152,4.6000000000000005,100+,8.545394736842105,3,1,1,0,ca,93905,Monterey,1
2960,Jack in the Box,"1810 n main st., salinas, ca, 93906, us",7.24,,,13.85,,,3.74,42,152,4.3999999999999995,290+,8.545394736842105,3,1,1,0,ca,93906,Monterey,1
2961,Jack in the Box,"1540 n sanborn rd., salinas, ca, 93905, us",7.24,,,13.85,,,3.74,42,152,4.5,430+,8.538815789473684,3,1,1,0,ca,93905,Monterey,1
2962,Jack in the Box,"211 reservation rd, marina, ca, 93933, us",7.24,,,13.85,,,3.74,42,152,4.5,500+,8.538815789473684,3,1,1,0,ca,93933,Monterey,1
2963,Jack in the Box,"601 north main street, santa ana, ca, 92701, us",5.61,,,11.6,,,3.74,25,147,4.5,800+,7.735714285714287,3,1,1,0,ca,92701,Orange,1
2964,Jack in the Box,"719 north bristol street, santa ana, ca, 92703, us",5.61,,,11.6,,,3.74,25,152,4.5,700+,7.834210526315789,3,1,1,0,ca,92703,Orange,1
2965,Jack in the Box,"1406 east first street, santa ana, ca, 92701, us",6.49,,,12.48,,,3.74,38,150,4.5,600+,8.060133333333333,3,1,1,0,ca,92701,Orange,1
2966,Jack in the Box,"1300 w edinger ave, santa ana, ca, 92704, us",6.99,,,13.23,,,3.61,43,153,4.399999999999999,1,8.393464052287582,3,1,1,0,ca,92704,Orange,1
2967,Jack in the Box,"1502 s main st, santa ana, ca, 92707, us",6.74,,,13.48,,,3.49,22,153,4.600000000000001,410+,8.081699346405228,3,1,1,0,ca,92707,Orange,1
2968,Jack in the Box,"17401 17th st, tustin, ca, 92780, us",5.61,,,11.6,,,3.49,42,153,4.600000000000001,340+,7.6051633986928096,3,1,1,0,ca,92780,Orange,1
2969,Jack in the Box,"290 w. lincoln ave., anaheim, ca, 92805, us",6.49,,,12.48,,,3.74,37,151,4.600000000000001,2,8.03814569536424,3,1,1,0,ca,92805,Orange,1
2970,Jack in the Box,"100 s. state college blvd., anaheim, ca, 92806, us",6.49,,,12.48,,,3.74,38,153,4.600000000000001,1,8.008104575163399,3,1,1,0,ca,92806,Orange,1
2971,Jack in the Box,"235 e orangethorpe ave, fullerton, ca, 92832, us",6.99,,,13.23,,,3.61,43,153,4.5,900+,8.393464052287582,3,1,1,0,ca,92832,Orange,1
2972,Jack in the Box,"1155 north euclid avenue, anaheim, ca, 92801, us",6.61,,,12.48,,,3.74,38,153,4.600000000000001,900+,7.957254901960784,3,1,1,0,ca,92801,Orange,1
2973,Jack in the Box,"797 west orangethorpe avenue, placentia, ca, 92870, us",6.49,,,12.48,,,3.74,38,153,4.5,500+,8.00156862745098,3,1,1,0,ca,92870,Orange,1
2974,Jack in the Box,"2210 s harbor blvd, anaheim, ca, 92802, us",5.74,,,11.48,,,2.86,31,151,4.7,370+,7.623046357615894,3,1,1,0,ca,92802,Orange,1
2975,Jack in the Box,"1923 douglas blvd, roseville, ca, 95661, us",7.49,,,14.6,,,4.11,88,310,4.2,300+,8.935290322580645,3,1,1,0,ca,95661,Placer,1
2976,Jack in the Box,"5150 foothills blvd., roseville, ca, 95747, us",6.49,,,13.48,,,3.99,78,304,4.3999999999999995,480+,8.42236842105263,3,1,1,0,ca,95747,Placer,1
2977,Jack in the Box,"8655 auburn blvd, roseville, ca, 95661, us",7.49,,,14.6,,,4.11,42,153,4.100000000000001,190+,8.950130718954247,3,1,1,0,ca,95661,Placer,1
2978,Jack in the Box,"6691 stanford ranch road, rocklin, ca, 95677, us",7.49,,,14.6,,,4.11,82,302,4.3,390+,8.952980132450332,3,1,1,0,ca,95677,Placer,1
2979,Jack in the Box,"7807 sunrise boulevard, citrus heights, ca, 95610, us",7.49,,,14.6,,,4.11,43,152,4.3,300+,8.85046052631579,3,1,1,0,ca,95610,Sacramento,1
2980,Jack in the Box,"4410, rocklin, ca, 95677, us",7.49,,,14.6,,,4.11,86,310,4.3,190+,8.888516129032258,3,1,1,0,ca,95677,Placer,1
2981,Jack in the Box,"13421 east lincoln way, auburn, ca, 95603, us",6.86,,,13.35,,,3.99,38,142,3.899999999999998,80,8.210774647887327,3,1,1,0,ca,95603,Placer,1
2982,Jack in the Box,"455 highway 65, lincoln, ca, 95648, us",7.49,,,14.6,,,4.11,43,155,4.399999999999999,260+,8.875612903225807,3,1,1,0,ca,95648,Placer,1
2983,Jack in the Box,"3434 14th st, riverside, ca, 92501, us",7.86,,,14.85,,,3.74,34,152,4.5,470+,8.456513157894737,3,1,1,0,ca,92501,Riverside,1
2984,Jack in the Box,"3521 central ave, riverside, ca, 92506, us",7.86,,,14.85,,,3.74,34,153,4.5,430+,8.48294117647059,3,1,1,0,ca,92506,Riverside,1
2985,Jack in the Box,"1371 blaine st, riverside, ca, 92507, us",5.99,,,11.85,,,3.36,25,153,4.399999999999999,1,7.586928104575165,3,1,1,0,ca,92507,Riverside,1
2986,Jack in the Box,"1115 w la cadena dr, riverside, ca, 92501, us",7.86,,,14.85,,,3.74,34,153,4.600000000000001,350+,8.482941176470588,3,1,1,0,ca,92501,Riverside,1
2987,Jack in the Box,"3886 chicago ave., riverside, ca, 92507, us",7.49,,,13.99,,,3.11,38,151,4.600000000000001,420+,8.180993377483443,3,1,1,0,ca,92507,Riverside,1
2988,Jack in the Box,"5126 arlington ave., riverside, ca, 92504, us",7.49,,,13.99,,,3.11,38,153,4.700000000000001,800+,8.208692810457515,3,1,1,0,ca,92504,Riverside,1
2989,Jack in the Box,"25950 iris avenue, moreno valley, ca, 92551, us",5.61,,,11.48,,,3.24,25,153,4.5,700+,7.619411764705882,3,1,1,0,ca,92551,Riverside,1
2990,Jack in the Box,"12477 heacock st, moreno valley, ca, 92553, us",7.86,,,14.85,,,3.74,32,149,4.5,700+,8.567919463087248,3,1,1,0,ca,92553,Riverside,1
2991,Jack in the Box,"15030 perris boulevard, moreno valley, ca, 92551, us",5.61,,,11.48,,,3.24,24,153,4.399999999999999,900+,7.617124183006537,3,1,1,0,ca,92551,Riverside,1
2992,Jack in the Box,"24985 elder ave, moreno valley, ca, 92557, us",7.86,,,14.85,,,3.74,34,149,4.5,600+,8.340872483221476,3,1,1,0,ca,92557,Riverside,1
2993,Jack in the Box,"1001 e alessandro blvd, riverside, ca, 92508, us",7.86,,,14.85,,,3.74,34,151,4.600000000000001,140+,8.425761589403974,3,1,1,0,ca,92508,Riverside,1
2994,Jack in the Box,"5700 sycamore canyon boulevard, riverside, ca, 92507, us",7.49,,,13.99,,,3.11,38,153,4.5,330+,8.208692810457517,3,1,1,0,ca,92507,Riverside,1
2995,Jack in the Box,"24620 madison ave, murrieta, ca, 92562, us",7.86,,,14.98,,,3.74,34,152,4.2,320+,8.479671052631579,3,1,1,0,ca,92562,Riverside,1
2996,Jack in the Box,"39878 los alamos rd, murrieta, ca, 92562, us",7.86,,,14.85,,,3.74,34,153,4.299999999999999,440+,8.488692810457517,3,1,1,0,ca,92562,Riverside,1
2997,Jack in the Box,"36196 hidden springs rd, wildomar, ca, 92595, us",7.86,,,14.98,,,3.74,34,153,4.5,310+,8.518954248366013,3,1,1,0,ca,92595,Riverside,1
2998,Jack in the Box,"21960 bundy canyon road, wildomar, ca, 92595, us",5.39,,,11.02,,,3.47,33,152,4.6000000000000005,380+,7.334934210526315,3,1,1,0,ca,92595,Riverside,1
2999,Jack in the Box,"27608 clinton keith road, murrieta, ca, 92562, us",7.86,,,14.85,,,3.74,34,153,4.700000000000001,160+,8.489477124183006,3,1,1,0,ca,92562,Riverside,1
3000,Jack in the Box,"2511 e lakeshore dr, lake elsinore, ca, 92530, us",7.86,,,14.98,,,3.74,34,153,4.299999999999999,500+,8.512549019607844,3,1,1,0,ca,92530,Riverside,1
3001,Jack in the Box,"2560 w el camino ave, sacramento, ca, 95833, us",7.49,,,14.6,,,4.11,43,155,4.100000000000001,900+,8.885290322580646,3,1,1,0,ca,95833,Sacramento,1
3002,Jack in the Box,"775 harbor pointe place, west sacramento, ca, 95605, us",7.49,,,14.6,,,4.11,43,155,4.5,600+,8.873225806451613,3,1,1,0,ca,95605,Yolo,1
3003,Jack in the Box,"4128 norwood ave, sacramento, ca, 95838, us",6.24,,,13.48,,,3.74,39,151,4.2,700+,8.560927152317882,3,1,1,0,ca,95838,Sacramento,1
3004,Jack in the Box,"2750 del paso rd, sacramento, ca, 95834, us",6.24,,,13.48,,,3.74,38,147,4.2,500+,8.433061224489796,3,1,1,0,ca,95834,Sacramento,1
3005,Jack in the Box,"4601 broadway, sacramento, ca, 95820, us",6.49,,,13.48,,,3.74,37,150,4.399999999999999,1,8.518866666666666,3,1,1,0,ca,95820,Sacramento,1
3006,Jack in the Box,"5800 freeport blvd., sacramento, ca, 95822, us",7.49,,,14.6,,,4.11,42,152,4.3999999999999995,600+,8.946644736842105,3,1,1,0,ca,95822,Sacramento,1
3007,Jack in the Box,"9620 e stockton blvd, elk grove, ca, 95624, us",6.61,,,13.48,,,3.99,39,154,4.5,330+,8.511688311688314,3,1,1,0,ca,95624,Sacramento,1
3008,Jack in the Box,"9179 elk grove florin road, elk grove, ca, 95624, us",7.49,,,14.6,,,4.11,42,154,4.6000000000000005,380+,8.917922077922078,3,1,1,0,ca,95624,Sacramento,1
3009,Jack in the Box,"4820 laguna blvd, elk grove, ca, 95758, us",7.49,,,14.6,,,4.11,43,148,4.5,500+,8.867972972972973,3,1,1,0,ca,95758,Sacramento,1
3010,Jack in the Box,"7795 stockton boulevard, sacramento, ca, 95823, us",7.49,,,14.6,,,4.11,43,155,4.3,500+,8.890129032258065,3,1,1,0,ca,95823,Sacramento,1
3011,Jack in the Box,"4435 florin rd, sacramento, ca, 95823, us",7.49,,,14.6,,,4.11,43,155,4.399999999999999,800+,8.890129032258066,3,1,1,0,ca,95823,Sacramento,1
3012,Jack in the Box,"6300 power inn rd, sacramento, ca, 95824, us",6.61,,,13.48,,,3.74,38,155,4.399999999999999,360+,8.409806451612903,3,1,1,0,ca,95824,Sacramento,1
3013,Jack in the Box,"495 n d st, san bernardino, ca, 92401, us",6.86,,,13.36,,,3.74,26,161,4.5,800+,8.14472049689441,3,1,1,0,ca,92401,San Bernardino,1
3014,Jack in the Box,"303 e base line st, san bernardino, ca, 92410, us",6.86,,,13.36,,,3.74,37,158,4.3,1,8.210886075949368,3,1,1,0,ca,92410,San Bernardino,1
3015,Jack in the Box,"1199 n mt vernon ave, colton, ca, 92324, us",6.86,,,13.36,,,3.99,40,161,4.3999999999999995,600+,8.221428571428572,3,1,1,0,ca,92324,San Bernardino,1
3016,Jack in the Box,"1141 w highland ave, san bernardino, ca, 92405, us",8.11,,,14.98,,,3.74,34,153,4.299999999999999,1,8.503594771241831,3,1,1,0,ca,92405,San Bernardino,1
3017,Jack in the Box,"1148 coulston st, san bernardino, ca, 92408, us",6.86,,,13.36,,,3.99,37,155,4.600000000000001,700+,8.23316129032258,3,1,1,0,ca,92408,San Bernardino,1
3018,Jack in the Box,"1876 north riverside avenue, rialto, ca, 92376, us",5.39,,,11.02,,,3.35,35,153,4.5,1,7.3159477124183,3,1,1,0,ca,92376,San Bernardino,1
3019,Jack in the Box,"8134 sierra ave, fontana, ca, 92335, us",5.99,,,11.85,,,3.36,25,161,4.5,1,7.669130434782609,3,1,1,0,ca,92335,San Bernardino,1
3020,Jack in the Box,"17020 s highland ave, fontana, ca, 92336, us",6.86,,,13.48,,,3.24,24,161,4.5,360+,8.15527950310559,3,1,1,0,ca,92336,San Bernardino,1
3021,Jack in the Box,"475 s cedar ave, rialto, ca, 92376, us",5.99,,,11.85,,,3.36,25,161,4.3999999999999995,1,7.669130434782609,3,1,1,0,ca,92376,San Bernardino,1
3022,Jack in the Box,"10110 sierra ave, fontana, ca, 92335, us",5.39,,,10.9,,,3.23,34,153,4.399999999999999,900+,7.264967320261437,3,1,1,0,ca,92335,San Bernardino,1
3023,Jack in the Box,"7261 citrus ave, fontana, ca, 92336, us",7.36,,,13.6,,,3.61,25,161,4.8,57,8.267018633540372,3,1,1,0,ca,92336,San Bernardino,1
3024,Jack in the Box,"14485 foothill blvd, fontana, ca, 92335, us",5.61,,,,,,,27,127,4.299999999999996,430+,6.8913385826771645,3,1,1,0,ca,92335,San Bernardino,1
3025,Jack in the Box,"14618 7th street, victorville, ca, 92392, us",7.49,,,13.49,,,3.11,39,154,4.3999999999999995,800+,8.25,3,1,1,0,ca,92392,San Bernardino,1
3026,Jack in the Box,"14515 mojave dr., victorville, ca, 92394, us",7.49,,,13.49,,,3.11,39,145,4.3999999999999995,1,8.24806896551724,3,1,1,0,ca,92394,San Bernardino,1
3027,Jack in the Box,"12440 amargosa rd., victorville, ca, 92392, us",7.49,,,13.49,,,3.11,38,151,4.399999999999999,1,8.318940397350993,3,1,1,0,ca,92392,San Bernardino,1
3028,Jack in the Box,"15818, apple valley, ca, 92307, us",7.49,,,13.49,,,3.11,39,161,4.3999999999999995,260+,8.254906832298136,3,1,1,0,ca,92307,San Bernardino,1
3029,Jack in the Box,"13137 main street, hesperia, ca, 92345, us",7.49,,,13.49,,,3.11,39,154,4.5,900+,8.25,3,1,1,0,ca,92345,San Bernardino,1
3030,Jack in the Box,"18901 bear valley rd., apple valley, ca, 92308, us",7.49,,,,,,,26,131,4.600000000000001,340+,7.470229007633588,3,1,1,0,ca,92308,San Bernardino,1
3031,Jack in the Box,"1110 c st, san diego, ca, 92101, us",7.86,,,14.98,,,3.74,35,150,4.5,1,8.4468,3,1,1,0,ca,92101,San Diego,1
3032,Jack in the Box,"1619 pacific hwy, san diego, ca, 92101, us",7.24,,,13.73,,,4.11,46,151,4.5,1,8.459403973509932,3,1,1,0,ca,92101,San Diego,1
3033,Jack in the Box,"2404 market st, san diego, ca, 92102, us",5.61,,,11.35,,,3.11,28,153,4.5,3,7.502352941176471,3,1,1,0,ca,92102,San Diego,1
3034,Jack in the Box,"804 university ave, san diego, ca, 92103, us",6.86,,,13.35,,,3.74,25,150,4.600000000000001,800+,8.304133333333334,3,1,1,0,ca,92103,San Diego,1
3035,Jack in the Box,"2959 upas st, san diego, ca, 92104, us",7.86,,,14.98,,,3.74,34,153,4.799999999999999,360+,8.479281045751634,3,1,1,0,ca,92104,San Diego,1
3036,Jack in the Box,"700 roosevelt ave, national city, ca, 91950, us",7.86,,,14.98,,,3.74,70,300,4.3999999999999995,450+,8.4152,3,1,1,0,ca,91950,San Diego,1
3037,Jack in the Box,"486 broadway, chula vista, ca, 91910, us",5.36,,,10.73,,,3.11,29,149,4.5,1,7.470067114093959,3,1,1,0,ca,91910,San Diego,1
3038,Jack in the Box,"5 n 4th ave, chula vista, ca, 91910, us",7.86,,,14.98,,,3.74,35,152,4.7,490+,8.430723684210527,3,1,1,0,ca,91910,San Diego,1
3039,Jack in the Box,"1745 highland ave, national city, ca, 91950, us",5.61,,,11.1,,,3.11,28,153,4.5,800+,7.569281045751635,3,1,1,0,ca,91950,San Diego,1
3040,Jack in the Box,"802 3rd ave, chula vista, ca, 91911, us",7.86,,,14.98,,,3.74,35,150,4.3,600+,8.523133333333336,3,1,1,0,ca,91911,San Diego,1
3041,Jack in the Box,"370 e h st, chula vista, ca, 91910, us",5.36,,,11.1,,,3.11,29,153,4.299999999999999,1,7.517712418300654,3,1,1,0,ca,91910,San Diego,1
3042,Jack in the Box,"1900 mission ave, oceanside, ca, 92054, us",7.86,,,14.98,,,3.74,35,153,4.5,1,8.523398692810456,3,1,1,0,ca,92054,San Diego,1
3043,Jack in the Box,"2474 vista way, oceanside, ca, 92054, us",7.11,,,13.23,,,4.36,41,148,4.2,700+,8.55810810810811,3,1,1,0,ca,92054,San Diego,1
3044,Jack in the Box,"901, carlsbad, ca, 92008, us",7.86,,,14.98,,,3.74,35,151,4.600000000000001,800+,8.51066225165563,3,1,1,0,ca,92008,San Diego,1
3045,Jack in the Box,"3909 mission avenue, oceanside, ca, 92054, us",7.86,,,14.98,,,3.74,35,151,4.600000000000001,1,8.505629139072848,3,1,1,0,ca,92054,San Diego,1
3046,Jack in the Box,"3808 plaza dr, oceanside, ca, 92056, us",7.86,,,14.98,,,3.74,34,153,4.5,500+,8.476797385620916,3,1,1,0,ca,92056,San Diego,1
3047,Jack in the Box,"4211, oceanside, ca, 92056, us",7.86,,,14.98,,,3.74,31,147,4.5,470+,8.58952380952381,3,1,1,0,ca,92056,San Diego,1
3048,Jack in the Box,"400 geary st, san francisco, ca, 94102, us",7.49,,,14.6,,,4.36,132,456,4.5,5,9.42263157894737,3,1,1,0,ca,94102,San Francisco,1
3049,Jack in the Box,"4649 geary blvd, san francisco, ca, 94118, us",7.49,,,14.6,,,4.36,129,453,4.5,9,9.451986754966887,3,1,1,0,ca,94118,San Francisco,1
3050,Jack in the Box,"366 bayshore blvd, san francisco, ca, 94124, us",7.49,,,14.6,,,4.36,132,456,4.299999999999998,6,9.422631578947367,3,1,1,0,ca,94124,San Francisco,1
3051,Jack in the Box,"1695 el camino real, south san francisco, ca, 94080, us",7.74,,,14.98,,,4.24,184,612,4.6000000000000005,3,9.020261437908498,3,1,1,0,ca,94080,San Mateo,1
3052,Jack in the Box,"201 south spruce street, south san francisco, ca, 94080, us",7.74,,,14.98,,,4.24,135,456,4.3999999999999995,1,9.035263157894736,3,1,1,0,ca,94080,San Mateo,1
3053,Jack in the Box,"1504 pacific ave, stockton, ca, 95204, us",7.49,,,14.6,,,4.11,43,155,4.100000000000001,500+,8.890129032258065,3,1,1,0,ca,95204,San Joaquin,1
3054,Jack in the Box,"733 west charter wy, stockton, ca, 95206, us",7.49,,,14.6,,,4.11,43,149,4.199999999999999,410+,8.803355704697987,3,1,1,0,ca,95206,San Joaquin,1
3055,Jack in the Box,"2592 west march ln, stockton, ca, 95207, us",7.49,,,14.6,,,4.11,43,154,4.3999999999999995,360+,8.908961038961039,3,1,1,0,ca,95207,San Joaquin,1
3056,Jack in the Box,"1916 east march ln, stockton, ca, 95210, us",7.49,,,14.6,,,4.11,37,138,4.399999999999999,210+,8.884710144927537,3,1,1,0,ca,95210,San Joaquin,1
3057,Jack in the Box,"6200 pacific ave., stockton, ca, 95207, us",7.49,,,14.6,,,4.11,43,154,4.3,270+,8.87409090909091,3,1,1,0,ca,95207,San Joaquin,1
3058,Jack in the Box,"920 e hammer ln, stockton, ca, 95210, us",6.86,,,13.98,,,3.74,36,150,4.2,320+,8.382800000000001,3,1,1,0,ca,95210,San Joaquin,1
3059,Jack in the Box,"390 santa rosa street, san luis obispo, ca, 93405, us",6.86,,,12.98,,,3.74,41,146,4.6000000000000005,1,8.632534246575341,3,1,1,0,ca,93405,San Luis Obispo,1
3060,Jack in the Box,"334 five cities drive, pismo beach, ca, 93449, us",6.86,,,12.98,,,3.74,44,153,4.5,160+,8.51562091503268,3,1,1,0,ca,93449,San Luis Obispo,1
3061,Jack in the Box,"1208 grand avenue, arroyo grande, ca, 93420, us",6.86,,,12.98,,,3.74,88,306,4.3999999999999995,320+,8.515620915032681,3,1,1,0,ca,93420,San Luis Obispo,1
3062,Jack in the Box,"9000 west front street, atascadero, ca, 93422, us",6.86,,,12.98,,,3.74,44,153,4.600000000000001,36,8.507450980392157,3,1,1,0,ca,93422,San Luis Obispo,1
3063,Jack in the Box,"555 east 3rd avenue, san mateo, ca, 94401, us",5.61,,,11.73,,,2.99,23,144,4.2,2,7.544722222222223,3,1,1,0,ca,94401,San Mateo,1
3064,Jack in the Box,"1100 el camino real, san carlos, ca, 94070, us",6.24,,,12.85,,,4.11,44,153,4.399999999999999,900+,8.730196078431373,3,1,1,0,ca,94070,San Mateo,1
3065,Jack in the Box,"1205 broadway st, redwood city, ca, 94063, us",6.61,,,13.35,,,3.36,38,152,4.6000000000000005,390+,8.310526315789474,3,1,1,0,ca,94063,San Mateo,1
3066,Jack in the Box,"986 woodside rd, redwood city, ca, 94061, us",6.61,,,13.35,,,3.61,38,152,4.7,430+,8.322631578947368,3,1,1,0,ca,94061,San Mateo,1
3067,Jack in the Box,"3199 el camino real, redwood city, ca, 94061, us",6.74,,,12.73,,,4.11,35,146,4.3999999999999995,500+,8.750479452054796,3,1,1,0,ca,94061,San Mateo,1
3068,Jack in the Box,"830 south broadway, santa maria, ca, 93454, us",6.86,,,12.98,,,3.74,44,151,4.399999999999999,300+,8.545761589403973,3,1,1,0,ca,93454,Santa Barbara,1
3069,Jack in the Box,"1041 east main street, santa maria, ca, 93454, us",6.86,,,12.98,,,3.74,43,139,4.3999999999999995,190+,8.326906474820145,3,1,1,0,ca,93454,Santa Barbara,1
3070,Jack in the Box,"2306 south broadway, santa maria, ca, 93454, us",6.86,,,12.98,,,3.74,44,152,4.3,240+,8.51171052631579,3,1,1,0,ca,93454,Santa Barbara,1
3071,Jack in the Box,"705 east betteravia road, santa maria, ca, 93454, us",6.86,,,12.98,,,3.74,43,141,5.0,19,8.35950354609929,3,1,1,0,ca,93454,Santa Barbara,1
3072,Jack in the Box,"5001, orcutt, ca, 93455, us",6.86,,,12.98,,,3.74,43,150,4.600000000000001,130+,8.5196,3,1,1,0,ca,93455,Santa Barbara,1
3073,Jack in the Box,"501 north milpas street, santa barbara, ca, 93103, us",6.86,,,12.98,,,3.74,44,153,4.5,1,8.525490196078431,3,1,1,0,ca,93103,Santa Barbara,1
3074,Jack in the Box,"3747 state street, santa barbara, ca, 93105, us",6.86,,,12.98,,,3.74,44,153,4.600000000000001,390+,8.51732026143791,3,1,1,0,ca,93105,Santa Barbara,1
3075,Jack in the Box,"6875 hollister avenue, goleta, ca, 93117, us",6.86,,,12.98,,,3.74,44,149,4.5,1,8.415906040268457,3,1,1,0,ca,93117,Santa Barbara,1
3076,Jack in the Box,"2352 east thompson boulevard, ventura, ca, 93003, us",6.24,,,11.73,,,3.49,38,145,4.5,700+,7.783448275862068,3,1,1,0,ca,93003,Ventura,1
3077,Jack in the Box,"2115 south victoria ave., ventura, ca, 93003, us",6.24,,,11.73,,,3.49,76,302,4.5,500+,7.8999337748344365,3,1,1,0,ca,93003,Ventura,1
3078,Jack in the Box,"550 s victoria ave, oxnard, ca, 93035, us",6.86,,,12.23,,,2.86,48,306,4.5,410+,7.888692810457518,3,1,1,0,ca,93035,Ventura,1
3079,Jack in the Box,"148 e san carlos st, san jose, ca, 95112, us",7.74,,,14.85,,,4.61,41,152,4.3999999999999995,2,9.164144736842104,3,1,1,0,ca,95112,Santa Clara,1
3080,Jack in the Box,"1841 story road, san jose, ca, 95122, us",5.61,,,11.73,,,3.11,24,152,4.3999999999999995,900+,7.585723684210526,3,1,1,0,ca,95122,Santa Clara,1
3081,Jack in the Box,"1490 monterey road, san jose, ca, 95110, us",6.24,,,12.85,,,4.11,44,153,4.5,290+,8.721960784313726,3,1,1,0,ca,95110,Santa Clara,1
3082,Jack in the Box,"1558 w san carlos st, san jose, ca, 95126, us",7.74,,,14.85,,,4.61,41,152,4.7,700+,9.167302631578949,3,1,1,0,ca,95126,Santa Clara,1
3083,Jack in the Box,"1075 willow street, san jose, ca, 95125, us",6.24,,,12.85,,,4.11,44,153,4.5,440+,8.731895424836601,3,1,1,0,ca,95125,Santa Clara,1
3084,Jack in the Box,"697 curtner avenue, san jose, ca, 95125, us",6.24,,,12.85,,,4.11,44,153,4.200000000000001,350+,8.70562091503268,3,1,1,0,ca,95125,Santa Clara,1
3085,Jack in the Box,"200 west el camino real, mountain view, ca, 94040, us",7.24,,,13.85,,,3.74,38,146,4.5,1,8.632602739726028,3,1,1,0,ca,94040,Santa Clara,1
3086,Jack in the Box,"2845 augustine dr, santa clara, ca, 95054, us",6.74,,,12.73,,,4.11,35,146,4.3999999999999995,900+,8.757328767123289,3,1,1,0,ca,95054,Santa Clara,1
3087,Jack in the Box,"3367 el camino real, santa clara, ca, 95051, us",6.74,,,12.73,,,4.11,38,152,4.5,700+,8.658684210526316,3,1,1,0,ca,95051,Santa Clara,1
3088,Jack in the Box,"1451 s de anza blvd, cupertino, ca, 95014, us",6.61,,,13.35,,,3.49,36,152,4.7,220+,8.251513157894736,3,1,1,0,ca,95014,Santa Clara,1
3089,Jack in the Box,"510 n shoreline blvd, mountain view, ca, 94043, us",6.74,,,12.73,,,4.11,38,152,4.7,900+,8.658684210526316,3,1,1,0,ca,94043,Santa Clara,1
3090,Jack in the Box,"3465 homestead rd, santa clara, ca, 95051, us",6.49,,,13.23,,,3.61,24,152,4.3,410+,8.33657894736842,3,1,1,0,ca,95051,Santa Clara,1
3091,Jack in the Box,"640 ocean street, santa cruz, ca, 95060, us",7.24,,,13.85,,,3.74,42,147,4.399999999999999,2,8.579591836734695,3,1,1,0,ca,95060,Santa Cruz,1
3092,Jack in the Box,"6014, scotts valley, ca, 95066, us",5.36,,,11.98,,,4.11,45,152,4.6000000000000005,330+,8.53967105263158,3,1,1,0,ca,95066,Santa Cruz,1
3093,Jack in the Box,"1085 s green valley rd, watsonville, ca, 95076, us",7.24,,,13.85,,,3.74,42,152,4.5,350+,8.545394736842105,3,1,1,0,ca,95076,Santa Cruz,1
3094,Jack in the Box,"1700, freedom, ca, 95019, us",7.24,,,13.85,,,3.74,42,152,4.3,280+,8.538815789473684,3,1,1,0,ca,95019,Santa Cruz,1
3095,Jack in the Box,"15771, los gatos, ca, 95032, us",7.24,,,13.85,,,3.74,41,152,4.6000000000000005,280+,8.543815789473685,3,1,1,0,ca,95032,Santa Clara,1
3096,Jack in the Box,"400 broadway st., vallejo, ca, 94590, us",6.24,,,12.85,,,4.11,44,149,4.399999999999999,500+,8.646241610738254,3,1,1,0,ca,94590,Solano,1
3097,Jack in the Box,"107 west american canyon road, american canyon, ca, 94503, us",6.24,,,12.85,,,4.11,44,153,4.5,290+,8.705816993464053,3,1,1,0,ca,94503,Napa,1
3098,Jack in the Box,"3800 san pablo ave bldg a, hercules, ca, 94547, us",6.86,,,13.73,,,3.99,42,152,4.3999999999999995,280+,8.486381578947368,3,1,1,0,ca,94547,Contra Costa,1
3099,Jack in the Box,"107 red top road, fairfield, ca, 94534, us",6.61,,,13.23,,,4.11,86,310,4.3999999999999995,150+,8.674387096774193,3,1,1,0,ca,94534,Solano,1
3100,Jack in the Box,"1980 n. texas st., fairfield, ca, 94533, us",6.61,,,13.23,,,4.11,41,155,4.399999999999999,600+,8.659870967741936,3,1,1,0,ca,94533,Solano,1
3101,Jack in the Box,"1965 w. texas st., fairfield, ca, 94533, us",6.61,,,13.23,,,4.11,37,144,4.5,290+,8.732916666666666,3,1,1,0,ca,94533,Solano,1
3102,Jack in the Box,"499 grizzly island rd, suisun city, ca, 94585, us",6.61,,,13.23,,,4.11,41,152,4.3999999999999995,250+,8.735986842105262,3,1,1,0,ca,94585,Solano,1
3103,Jack in the Box,"1035 alamo dr, vacaville, ca, 95687, us",7.74,,,14.85,,,4.61,37,148,4.600000000000001,350+,9.171621621621622,3,1,1,0,ca,95687,Solano,1
3104,Jack in the Box,"290 e monte vista ave, vacaville, ca, 95688, us",6.86,,,13.35,,,3.99,41,155,4.399999999999999,120+,8.245870967741936,3,1,1,0,ca,95688,Solano,1
3105,Jack in the Box,"2550 hoen frontage road, santa rosa, ca, 95405, us",7.74,,,14.98,,,4.24,45,139,4.300000000000001,600+,8.714820143884893,3,1,1,0,ca,95405,Sonoma,1
3106,Jack in the Box,"425 sebastopol road, santa rosa, ca, 95407, us",7.74,,,14.98,,,4.24,42,130,4.3999999999999995,700+,8.744,3,1,1,0,ca,95407,Sonoma,1
3107,Jack in the Box,"1004 steele ln, santa rosa, ca, 95403, us",6.86,,,13.73,,,3.99,39,150,4.399999999999999,700+,8.308,3,1,1,0,ca,95403,Sonoma,1
3108,Jack in the Box,"2755, santa rosa, ca, 95407, us",7.74,,,14.98,,,4.24,45,153,4.399999999999999,370+,9.01137254901961,3,1,1,0,ca,95407,Sonoma,1
3109,Jack in the Box,"3086 marlow rd, santa rosa, ca, 95403, us",7.24,,,14.1,,,4.11,43,150,4.5,490+,8.7966,3,1,1,0,ca,95403,Sonoma,1
3110,Jack in the Box,"6299 commerce blvd, rohnert park, ca, 94928, us",6.86,,,13.73,,,3.99,40,152,4.5,900+,8.358815789473685,3,1,1,0,ca,94928,Sonoma,1
3111,Jack in the Box,"1624 j street, modesto, ca, 95354, us",7.49,,,14.6,,,4.11,43,155,4.2,230+,8.885290322580644,3,1,1,0,ca,95354,Stanislaus,1
3112,Jack in the Box,"801 kansas ave., modesto, ca, 95351, us",7.49,,,14.6,,,4.11,43,151,4.399999999999999,99,8.900794701986754,3,1,1,0,ca,95351,Stanislaus,1
3113,Jack in the Box,"339 paradise avenue, modesto, ca, 95351, us",7.49,,,14.6,,,4.11,43,155,4.3,230+,8.886129032258063,3,1,1,0,ca,95351,Stanislaus,1
3114,Jack in the Box,"1800 mchenry ave, modesto, ca, 95350, us",7.49,,,14.6,,,4.11,43,155,4.2,190+,8.873225806451613,3,1,1,0,ca,95350,Stanislaus,1
3115,Jack in the Box,"2044 w orangeburg ave, modesto, ca, 95350, us",7.49,,,14.6,,,4.11,43,153,4.200000000000001,240+,8.76483660130719,3,1,1,0,ca,95350,Stanislaus,1
3116,Jack in the Box,"900 oakdale rd, modesto, ca, 95355, us",7.49,,,14.6,,,4.11,43,153,4.299999999999999,410+,8.858823529411765,3,1,1,0,ca,95355,Stanislaus,1
3117,Jack in the Box,"1120 s mooney blvd, visalia, ca, 93277, us",9.11,,,18.35,,,4.99,44,153,4.600000000000001,390+,10.32359477124183,3,1,1,0,ca,93277,Tulare,1
3118,Jack in the Box,"1400 n ben maddox way, visalia, ca, 93292, us",9.11,,,18.35,,,4.99,44,153,4.600000000000001,280+,10.32359477124183,3,1,1,0,ca,93292,Tulare,1
3119,Jack in the Box,"3416 north dinuba boulevard, visalia, ca, 93291, us",9.11,,,18.35,,,4.99,44,145,3.899999999999999,51,10.436896551724137,3,1,1,0,ca,93291,Tulare,1
3120,Jack in the Box,"1145 south lovers ln, visalia, ca, 93292, us",9.11,,,18.35,,,4.99,44,145,4.1000000000000005,20,10.436896551724137,3,1,1,0,ca,93292,Tulare,1
3121,Jack in the Box,"5340 w cypress ave, visalia, ca, 93277, us",9.11,,,18.35,,,4.99,44,152,4.3999999999999995,240+,10.247697368421052,3,1,1,0,ca,93277,Tulare,1
3122,Jack in the Box,"107 w caldwell ave, visalia, ca, 93277, us",9.11,,,18.35,,,4.99,44,153,4.299999999999999,170+,10.32359477124183,3,1,1,0,ca,93277,Tulare,1
3123,Jack in the Box,"960 n ventura rd, oxnard, ca, 93030, us",6.86,,,12.23,,,2.86,24,153,4.700000000000001,470+,7.888692810457517,3,1,1,0,ca,93030,Ventura,1
3124,Jack in the Box,"2800 s rose ave, oxnard, ca, 93033, us",5.61,,,11.48,,,3.49,27,152,4.3999999999999995,500+,7.602565789473684,3,1,1,0,ca,93033,Ventura,1
3125,Jack in the Box,"2580 north vineyard avenue, oxnard, ca, 93030, us",6.24,,,12.35,,,3.49,25,152,4.5,460+,7.884868421052632,3,1,1,0,ca,93030,Ventura,1
3126,Jack in the Box,"814 n. ventura rd., port hueneme, ca, 93041, us",6.24,,,12.35,,,3.49,24,152,4.6000000000000005,500+,7.869671052631579,3,1,1,0,ca,93041,Ventura,1
3127,Wendy,"5211 broadway, oakland, ca, 94618, us",7.92,3.04,2.67,,,3.65,2.06,30,204,4.5,2,5.043186274509804,3,1,1,0,ca,94618,Alameda,1
3128,Wendy,"3111 e. 14th street, oakland, ca, 94601, us",8.28,3.04,2.18,,,4.62,2.43,34,200,4.399999999999999,1,5.378299999999999,3,1,1,0,ca,94601,Alameda,1
3129,Wendy,"1185, san leandro, ca, 94577, us",8.77,3.04,2.18,,,4.14,2.43,34,100,4.399999999999999,1,6.298800000000003,3,1,1,0,ca,94577,Alameda,1
3130,Wendy,"12201 san pablo avenue, richmond, ca, 94805, us",7.92,3.04,2.67,,,3.65,2.06,30,204,4.399999999999999,1,5.043186274509804,3,1,1,0,ca,94805,Contra Costa,1
3131,Wendy,"17435 hesperian blvd, san lorenzo, ca, 94580, us",6.49,2.49,2.19,,,2.99,1.69,25,150,4.5,700+,5.563866666666667,3,1,1,0,ca,94580,Alameda,1
3132,Wendy,"39175 blacow road, fremont, ca, 94538, us",7.92,3.04,2.67,,,3.65,1.94,9,50,4.699999999999999,1,5.8614,3,1,1,0,ca,94538,Alameda,1
3133,Wendy,"35229, newark, ca, 94560, us",9.14,3.4,3.04,,,3.65,2.31,16,49,4.6000000000000005,600+,6.6473469387755095,3,1,1,0,ca,94560,Alameda,1
3134,Wendy,"5535 automall parkway, fremont, ca, 94538, us",7.92,3.04,2.67,,,3.65,1.94,14,100,4.600000000000001,480+,5.332699999999999,3,1,1,0,ca,94538,Alameda,1
3135,Wendy,"23969 mission blvd., hayward, ca, 94544, us",7.92,3.04,2.67,,,3.65,2.06,18,102,4.600000000000002,1,5.832156862745099,3,1,1,0,ca,94544,Alameda,1
3136,Wendy,"7143, dublin, ca, 94568, us",7.92,3.04,2.67,,,3.65,2.06,18,102,4.600000000000002,430+,5.832156862745099,3,1,1,0,ca,94568,Alameda,1
3137,Wendy,"2475, castro valley, ca, 94546, us",7.92,3.04,2.67,,,3.65,2.06,9,50,4.6,800+,5.919799999999999,3,1,1,0,ca,94546,Alameda,1
3138,Wendy,"189 98th avenue, oakland, ca, 94603, us",8.41,4.01,2.31,,,4.14,2.43,37,159,4.399999999999998,700+,5.512075471698114,3,1,1,0,ca,94603,Alameda,1
3139,Wendy,"5943, pacheco, ca, 94553, us",9.26,3.77,3.4,,,4.26,2.43,36,147,4.5,700+,5.976190476190476,3,1,1,0,ca,94553,Contra Costa,1
3140,Wendy,"2955 north main st., walnut creek, ca, 94597, us",7.92,3.04,2.67,,,3.65,2.06,9,53,4.6,1,5.903962264150943,3,1,1,0,ca,94597,Contra Costa,1
3141,Wendy,"2243 loveridge road, pittsburg, ca, 94565, us",7.31,3.28,2.43,,,3.65,2.06,12,50,4.6,500+,5.9392,3,1,1,0,ca,94565,Contra Costa,1
3142,Wendy,"1809 a street, antioch, ca, 94509, us",5.99,2.69,1.99,,,2.99,1.69,8,50,4.5,600+,4.868,3,1,1,0,ca,94509,Contra Costa,1
3143,Wendy,"2222, san ramon, ca, 94583, us",6.49,2.49,2.19,,,2.99,1.69,7,51,4.6,300+,4.780196078431373,3,1,1,0,ca,94583,Contra Costa,1
3144,Wendy,"1080 e main st, oakley, ca, 94561, us",5.99,2.69,2.19,,,2.99,1.69,9,55,4.800000000000001,13,4.733636363636364,3,1,1,0,ca,94561,Contra Costa,1
3145,Wendy,"1140 c street, fresno, ca, 93706, us",8.77,3.77,3.4,,,4.14,2.06,17,52,4.300000000000001,210+,7.1496153846153865,3,1,1,0,ca,93706,Fresno,1
3146,Wendy,"2005 n blackstone, fresno, ca, 93703, us",8.77,3.77,3.4,,,4.14,2.06,17,52,4.4,340+,7.1496153846153865,3,1,1,0,ca,93703,Fresno,1
3147,Wendy,"3210 e jensen, fresno, ca, 93725, us",9.02,3.89,3.53,,,4.26,2.14,17,52,4.300000000000001,150+,7.311153846153844,3,1,1,0,ca,93725,Fresno,1
3148,Wendy,"765 south clovis avenue, fresno, ca, 93727, us",8.77,3.77,3.4,,,4.14,2.06,17,52,4.300000000000001,350+,7.1496153846153865,3,1,1,0,ca,93727,Fresno,1
3149,Wendy,"7164 blackstone blvd., fresno, ca, 93650, us",9.02,3.89,3.53,,,4.26,2.14,17,54,4.300000000000002,300+,7.155555555555554,3,1,1,0,ca,93650,Fresno,1
3150,Wendy,"1778 e. shaw, fresno, ca, 93710, us",9.02,3.89,3.53,,,4.26,2.14,17,52,4.4,450+,7.311153846153844,3,1,1,0,ca,93710,Fresno,1
3151,Wendy,"2501 n. chester, oildale, ca, 93308, us",9.14,3.65,3.16,,,3.65,2.31,15,50,4.5,480+,6.8278,3,1,1,0,ca,93308,Kern,1
3152,Wendy,"2608 oswell st., bakersfield, ca, 93306, us",9.14,3.65,3.16,,,3.65,2.31,15,50,4.6,800+,6.8278,3,1,1,0,ca,93306,Kern,1
3153,Wendy,"9180 rosedale hwy, bakersfield, ca, 93312, us",9.14,3.65,3.16,,,3.65,2.31,15,50,4.6,900+,6.8278,3,1,1,0,ca,93312,Kern,1
3154,Wendy,"2150 panama lane, bakersfield, ca, 93307, us",9.14,3.65,3.16,,,3.65,2.31,15,50,4.5,500+,6.8278,3,1,1,0,ca,93307,Kern,1
3155,Wendy,"4650 gosford road, bakersfield, ca, 93313, us",9.14,3.65,3.16,,,3.65,2.31,15,50,4.6,800+,6.8278,3,1,1,0,ca,93313,Kern,1
3156,Wendy,"800 south figueroa street, los angeles, ca, 90017, us",9.14,4.14,3.65,,,4.26,2.92,19,52,4.5,2,7.03423076923077,3,1,1,0,ca,90017,Los Angeles,1
3157,Wendy,"1305 n. vermont ave., hollywood, ca, 90027, us",8.53,3.89,3.4,,,4.14,2.79,17,50,4.6,8,6.763400000000001,3,1,1,0,ca,90027,Los Angeles,1
3158,Wendy,"245 south atlantic, alhambra, ca, 91801, us",8.28,2.92,2.67,,,3.65,2.18,12,50,4.6,3,6.234199999999999,3,1,1,0,ca,91801,Los Angeles,1
3159,Wendy,"1201 e valley, alhambra, ca, 91801, us",8.41,4.14,3.65,,,4.01,1.21,22,50,4.6,1,6.509999999999999,3,1,1,0,ca,91801,Los Angeles,1
3160,Wendy,"4148 florence ave, bell, ca, 90201, us",8.53,3.65,2.43,,,3.65,1.94,9,52,4.6,3,6.992884615384615,3,1,1,0,ca,90201,Los Angeles,1
3161,Wendy,"3297 tweedy boulevard, south gate, ca, 90280, us",8.53,3.65,2.43,,,3.65,1.94,9,50,4.5,1,7.1754,3,1,1,0,ca,90280,Los Angeles,1
3162,Wendy,"23750 main street, carson, ca, 90745, us",8.89,4.01,3.65,,,4.38,2.67,10,50,4.6,1,7.3052,3,1,1,0,ca,90745,Los Angeles,1
3163,Wendy,"6620 atlantic avenue, long beach, ca, 90805, us",8.89,4.01,3.65,,,4.38,2.67,10,52,4.5,1,7.098846153846154,3,1,1,0,ca,90805,Los Angeles,1
3164,Wendy,"2201 bellflower blvd., long beach, ca, 90815, us",8.53,3.89,3.4,,,4.14,2.79,17,50,4.4,2,6.763400000000001,3,1,1,0,ca,90815,Los Angeles,1
3165,Wendy,"2438 e carson st, lakewood, ca, 90712, us",7.92,3.65,2.79,,,3.77,1.82,19,49,4.6000000000000005,2,6.242448979591837,3,1,1,0,ca,90712,Los Angeles,1
3166,Wendy,"4314 south street, lakewood, ca, 90712, us",8.53,3.65,2.43,,,3.65,1.94,9,50,4.6,2,7.1754,3,1,1,0,ca,90712,Los Angeles,1
3167,Wendy,"11254, los alamitos, ca, 90720, us",8.41,4.14,3.65,,,4.01,1.21,21,49,4.6000000000000005,700+,6.558367346938774,3,1,1,0,ca,90720,Orange,1
3168,Wendy,"26538 bouquet canyon, saugus, ca, 91350, us",,3.65,2.79,,,3.77,1.82,20,47,4.599999999999999,600+,5.997234042553192,3,1,1,0,ca,91350,Los Angeles,1
3169,Wendy,"27544 the old road, valencia, ca, 91355, us",,3.65,2.79,,,3.77,1.82,20,47,4.699999999999998,230+,5.997234042553192,3,1,1,0,ca,91355,Los Angeles,1
3170,Wendy,"24525 lyons avenue, santa clarita, ca, 91321, us",7.92,3.65,2.79,,,3.77,1.82,20,50,4.6,500+,6.200399999999999,3,1,1,0,ca,91321,Los Angeles,1
3171,Wendy,"28180 newhall ranch road, santa clarita, ca, 91355, us",7.92,3.65,2.79,,,3.77,1.82,20,50,4.5,440+,6.200399999999999,3,1,1,0,ca,91355,Los Angeles,1
3172,Wendy,"19018 soledad canyon rd, canyon country, ca, 91351, us",7.92,3.65,2.79,,,3.77,1.82,20,52,4.699999999999999,1,6.036538461538461,3,1,1,0,ca,91351,Los Angeles,1
3173,Wendy,"18507 devonshire street, northridge, ca, 91324, us",8.28,3.65,3.28,,,3.89,2.67,17,50,4.6,1,6.571399999999999,3,1,1,0,ca,91324,Los Angeles,1
3174,Wendy,"500 e washington st, petaluma, ca, 94952, us",6.49,2.49,2.19,,,2.99,1.59,10,102,4.600000000000002,410+,4.73313725490196,3,1,1,0,ca,94952,Marin,1
3175,Wendy,"1339 north main, salinas, ca, 93906, us",9.26,3.77,3.4,,,4.26,2.43,17,50,4.699999999999999,500+,6.755,3,1,1,0,ca,93906,Monterey,1
3176,Wendy,"1369 north davis road, salinas, ca, 93907, us",7.31,3.28,2.67,,,3.65,2.06,9,45,4.800000000000002,120+,6.120666666666667,3,1,1,0,ca,93907,Monterey,1
3177,Wendy,"1180 fremont, seaside, ca, 93955, us",9.26,3.77,3.4,,,4.26,2.43,17,50,4.6,490+,6.755,3,1,1,0,ca,93955,Monterey,1
3178,Wendy,"1480 freedom blvd, watsonville, ca, 95076, us",7.59,3.09,2.79,,,3.49,1.99,20,100,4.399999999999999,190+,5.5360000000000005,3,1,1,0,ca,95076,Santa Cruz,1
3179,Wendy,"393 e 10th st, gilroy, ca, 95020, us",8.49,3.29,2.39,,,2.69,1.89,5,50,4.6,130+,5.766,3,1,1,0,ca,95020,Santa Clara,1
3180,Wendy,"1737 e 17th st, santa ana, ca, 92705, us",8.41,4.14,3.65,,,4.01,1.21,22,50,4.6,1,6.51,3,1,1,0,ca,92705,Orange,1
3181,Wendy,"3739 w. chapman ave., orange, ca, 92868, us",7.92,3.65,2.79,,,3.77,1.82,40,100,4.600000000000001,2,6.200400000000001,3,1,1,0,ca,92868,Orange,1
3182,Wendy,"13922 redhill avenue, tustin, ca, 92780, us",8.89,4.01,3.65,,,4.38,2.67,10,50,4.699999999999999,900+,7.3052,3,1,1,0,ca,92780,Orange,1
3183,Wendy,"1237 n. tustin, orange, ca, 92867, us",8.28,3.65,3.28,,,3.89,2.67,34,100,4.7,900+,6.571400000000001,3,1,1,0,ca,92867,Orange,1
3184,Wendy,"1012 n. state college blvd., anaheim, ca, 92806, us",8.41,4.14,3.65,,,4.01,1.21,44,100,4.7,900+,6.510000000000002,3,1,1,0,ca,92806,Orange,1
3185,Wendy,"680 n. euclid ave., anaheim, ca, 92801, us",8.89,4.01,3.65,,,4.38,2.67,20,100,4.600000000000001,1,7.305200000000002,3,1,1,0,ca,92801,Orange,1
3186,Wendy,"7570 orangethorpe, buena park, ca, 90621, us",8.89,4.01,3.65,,,4.38,2.67,10,50,4.699999999999999,800+,7.3052,3,1,1,0,ca,90621,Orange,1
3187,Wendy,"10040 chapman ave., garden grove, ca, 92840, us",8.41,4.14,3.65,,,4.01,1.21,22,50,4.6,1,6.509999999999999,3,1,1,0,ca,92840,Orange,1
3188,Wendy,"924 pleasant grove blvd, roseville, ca, 95678, us",9.33,3.97,3.6,,,4.38,2.18,17,52,4.699999999999999,330+,7.4759615384615365,3,1,1,0,ca,95678,Placer,1
3189,Wendy,"6435 antelope road, citrus hts., ca, 95621, us",9.33,3.97,3.6,,,4.38,2.18,17,51,4.4,300+,7.5041176470588224,3,1,1,0,ca,95621,Sacramento,1
3190,Wendy,"7983 greenback lane, citrus hts., ca, 95610, us",9.02,3.89,3.53,,,4.26,2.14,17,52,4.300000000000001,500+,7.311153846153844,3,1,1,0,ca,95610,Sacramento,1
3191,Wendy,"4320 watt ave, sacramento, ca, 95821, us",8.77,3.77,3.4,,,4.14,2.06,34,104,4.1000000000000005,480+,7.149615384615384,3,1,1,0,ca,95821,Sacramento,1
3192,Wendy,"2646 watt avenue, sacramento, ca, 95821, us",8.77,3.77,3.4,,,4.14,2.06,45,156,4.1000000000000005,330+,6.719743589743589,3,1,1,0,ca,95821,Sacramento,1
3193,Wendy,"2560 bell rd, auburn, ca, 95602, us",6.49,2.49,2.19,,,2.99,1.59,5,52,4.4,78,4.655384615384616,3,1,1,0,ca,95602,Placer,1
3194,Wendy,"3565 central ave, riverside, ca, 92506, us",7.92,3.65,2.79,,,3.77,1.82,40,100,4.5,1,6.200400000000002,3,1,1,0,ca,92506,Riverside,1
3195,Wendy,"1110 s. mt. vernon ave., colton, ca, 92324, us",8.89,4.01,3.65,,,4.38,2.67,20,100,4.600000000000001,600+,7.305200000000002,3,1,1,0,ca,92324,San Bernardino,1
3196,Wendy,"10020 arlington avenue, riverside, ca, 92503, us",8.89,4.01,3.65,,,4.38,2.67,10,49,4.6000000000000005,410+,7.3251020408163265,3,1,1,0,ca,92503,Riverside,1
3197,Wendy,"8745 trautwein road, riverside, ca, 92508, us",7.92,3.65,2.79,,,3.77,1.82,40,100,4.600000000000001,340+,6.200400000000002,3,1,1,0,ca,92508,Riverside,1
3198,Wendy,"1090 n. pepper ave., colton, ca, 92324, us",7.92,3.65,2.79,,,3.77,1.82,40,100,4.399999999999999,1,6.200400000000002,3,1,1,0,ca,92324,San Bernardino,1
3199,Wendy,"12410 day street, moreno valley, ca, 92553, us",8.89,4.01,3.65,,,4.38,2.67,20,100,4.600000000000001,700+,7.305200000000002,3,1,1,0,ca,92553,Riverside,1
3200,Wendy,"22320 cactus ave, moreno valley, ca, 92553, us",8.89,4.01,3.65,,,4.38,2.67,10,52,4.5,130+,7.098846153846154,3,1,1,0,ca,92553,Riverside,1
3201,Wendy,"12671 moreno beach drive, moreno valley, ca, 92555, us",7.92,3.65,2.79,,,3.77,1.82,20,50,4.6,1,6.200400000000001,3,1,1,0,ca,92555,Riverside,1
3202,Wendy,"1830 n., perris, ca, 92571, us",7.92,3.65,2.79,,,3.77,1.82,32,100,4.600000000000001,480+,5.641200000000001,3,1,1,0,ca,92571,Riverside,1
3203,Wendy,"40460, murrieta, ca, 92563, us",8.28,3.65,3.28,,,3.89,2.67,17,50,4.5,470+,6.571399999999999,3,1,1,0,ca,92563,Riverside,1
3204,Wendy,"27672 jefferson avenue, temecula, ca, 92590, us",8.28,3.65,3.28,,,3.89,2.67,17,50,4.4,430+,6.571399999999999,3,1,1,0,ca,92590,Riverside,1
3205,Wendy,"29275 central avenue, lake elsinore, ca, 92532, us",7.92,3.65,2.79,,,3.77,1.82,20,50,4.6,400+,6.200400000000001,3,1,1,0,ca,92532,Riverside,1
3206,Wendy,"27251 newport rd, menifee, ca, 92586, us",7.92,3.65,2.79,,,3.77,1.82,20,50,4.800000000000001,310+,6.200400000000001,3,1,1,0,ca,92586,Riverside,1
3207,Wendy,"27925 encanto dr., sun city, ca, 92586, us",8.89,4.01,3.65,,,4.38,2.67,10,50,4.699999999999999,360+,7.3052,3,1,1,0,ca,92586,Riverside,1
3208,Wendy,"2360 arena blvd, sacramento, ca, 95834, us",9.33,3.97,3.6,,,4.38,2.18,17,53,4.1,170+,6.798301886792451,3,1,1,0,ca,95834,Sacramento,1
3209,Wendy,"4180 northgate blvd., sacramento, ca, 95834, us",9.33,3.97,3.6,,,4.38,2.18,17,52,4.5,1,7.475961538461537,3,1,1,0,ca,95834,Sacramento,1
3210,Wendy,"2750 power inn road, sacramento, ca, 95826, us",8.77,3.77,3.4,,,4.14,2.06,34,104,4.299999999999999,700+,7.149615384615384,3,1,1,0,ca,95826,Sacramento,1
3211,Wendy,"7931 e stockton blvd, sacramento, ca, 95823, us",9.02,3.89,3.53,,,4.26,2.14,17,52,4.1,390+,7.311153846153844,3,1,1,0,ca,95823,Sacramento,1
3212,Wendy,"8871 bond road, elk grove, ca, 95624, us",9.02,3.89,3.53,,,4.26,2.14,17,52,4.300000000000001,370+,7.311153846153845,3,1,1,0,ca,95624,Sacramento,1
3213,Wendy,"9120 harbor point dr., elk grove, ca, 95758, us",9.02,3.89,3.53,,,4.26,2.14,17,52,4.4,89,7.311153846153845,3,1,1,0,ca,95758,Sacramento,1
3214,Wendy,"1471 meadowview rd, sacramento, ca, 95822, us",8.77,3.77,3.4,,,4.14,2.06,17,52,4.5,470+,7.1496153846153865,3,1,1,0,ca,95822,Sacramento,1
3215,Wendy,"2077 e highland ave, san bernardino, ca, 92404, us",7.92,3.65,2.79,,,3.77,1.82,20,50,4.199999999999999,900+,6.200399999999999,3,1,1,0,ca,92404,San Bernardino,1
3216,Wendy,"27879 baseline avenue, highland, ca, 92346, us",7.92,3.65,2.79,,,3.77,1.82,16,46,4.300000000000002,600+,6.242173913043478,3,1,1,0,ca,92346,San Bernardino,1
3217,Wendy,"1260 w. foothill blvd., rialto, ca, 92376, us",7.92,3.65,2.79,,,3.77,1.82,40,100,4.600000000000001,1,6.200400000000002,3,1,1,0,ca,92376,San Bernardino,1
3218,Wendy,"17017 sierra lakes pkwy, fontana, ca, 92336, us",7.92,3.65,2.79,,,3.77,1.82,32,102,4.2,41,6.069215686274513,3,1,1,0,ca,92336,San Bernardino,1
3219,Wendy,"16984 valley blvd., fontana, ca, 92335, us",7.92,3.65,2.79,,,3.77,1.82,20,50,4.5,900+,6.200400000000001,3,1,1,0,ca,92335,San Bernardino,1
3220,Wendy,"14439 baseline avenue, fontana, ca, 92336, us",7.92,3.65,2.79,,,3.77,1.82,20,50,4.6,800+,6.200399999999999,3,1,1,0,ca,92336,San Bernardino,1
3221,Wendy,"15110 east summit ave., fontana, ca, 92336, us",7.92,3.65,2.79,,,3.77,1.82,20,50,4.5,600+,6.200399999999999,3,1,1,0,ca,92336,San Bernardino,1
3222,Wendy,"12240 highland avenue, rancho cucamonga, ca, 91739, us",7.92,3.65,2.79,,,3.77,1.82,20,50,4.6,430+,6.200400000000001,3,1,1,0,ca,91739,San Bernardino,1
3223,Wendy,"14181 hwy 395, victorville, ca, 92392, us",7.92,3.65,2.79,,,3.77,1.82,20,50,4.4,800+,6.200400000000001,3,1,1,0,ca,92392,San Bernardino,1
3224,Wendy,"14303 bear valley road, victorville, ca, 92392, us",7.92,3.65,2.79,,,3.77,1.82,20,50,4.300000000000001,350+,6.200400000000001,3,1,1,0,ca,92392,San Bernardino,1
3225,Wendy,"13342 main street, hesperia, ca, 92345, us",7.92,3.65,2.79,,,3.77,1.82,20,50,4.5,280+,6.200399999999999,3,1,1,0,ca,92345,San Bernardino,1
3226,Wendy,"bear valley road &amp; mojave fish hatchery rd, hesperia, ca, 92395, us",7.92,3.65,2.79,,,3.77,1.82,20,50,4.6,310+,6.200400000000001,3,1,1,0,ca,92395,San Bernardino,1
3227,Wendy,"17375 main street, hesperia, ca, 92345, us",7.92,3.65,2.79,,,3.77,1.82,20,50,4.4,440+,6.200399999999999,3,1,1,0,ca,92345,San Bernardino,1
3228,Wendy,"2825 el cajon blvd, san diego, ca, 92104, us",8.28,3.65,3.28,,,3.89,2.67,34,100,4.600000000000001,3,6.571400000000001,3,1,1,0,ca,92104,San Diego,1
3229,Wendy,"618 e street, chula vista, ca, 91910, us",8.28,3.65,3.28,,,3.89,2.67,34,100,4.5,2,6.571400000000001,3,1,1,0,ca,91910,San Diego,1
3230,Wendy,"1111 camino del rio s., mission valley, ca, 92108, us",8.53,3.89,3.4,,,4.14,2.79,34,100,4.5,500+,6.7634000000000025,3,1,1,0,ca,92108,San Diego,1
3231,Wendy,"8310 rio, san diego, ca, 92108, us",8.28,3.65,3.28,,,3.89,2.67,17,50,4.6,370+,6.571399999999999,3,1,1,0,ca,92108,San Diego,1
3232,Wendy,"8749 campo road, la mesa, ca, 91941, us",8.53,3.89,3.4,,,4.14,2.79,34,100,4.5,2,6.7634000000000025,3,1,1,0,ca,91941,San Diego,1
3233,Wendy,"3760 midway drive, san diego, ca, 92110, us",8.53,3.89,3.4,,,4.14,2.79,17,50,4.6,1,6.763400000000001,3,1,1,0,ca,92110,San Diego,1
3234,Wendy,"960 eastlake parkway, chula vista, ca, 91914, us",8.28,3.65,3.28,,,3.89,2.67,17,50,4.6,1,6.571399999999999,3,1,1,0,ca,91914,San Diego,1
3235,Wendy,"1497 piper ranch road, san diego, ca, 92154, us",9.75,1.7,1.7,,,3.4,2.43,12,52,4.800000000000001,58,6.468653846153844,3,1,1,0,ca,92154,San Diego,1
3236,Wendy,"1002 mission avenue, oceanside, ca, 92054, us",8.53,3.89,3.4,,,4.14,2.79,17,50,4.4,500+,6.763400000000001,3,1,1,0,ca,92054,San Diego,1
3237,Wendy,"3705 plaza drive, oceanside, ca, 92056, us",8.53,3.89,3.4,,,4.14,2.79,17,50,4.6,490+,6.763400000000001,3,1,1,0,ca,92056,San Diego,1
3238,Wendy,"567 w., vista, ca, 92083, us",8.53,3.89,3.4,,,4.14,2.79,17,50,4.4,500+,6.763400000000001,3,1,1,0,ca,92083,San Diego,1
3239,Wendy,"102 encinites blvd, encinitas, ca, 92024, us",8.53,3.89,3.4,,,4.14,2.79,17,50,4.800000000000001,420+,6.763400000000001,3,1,1,0,ca,92024,San Diego,1
3240,Wendy,"960 w. el norte, escondido, ca, 92026, us",6.79,2.99,2.69,,,3.19,2.19,10,50,4.6,500+,5.386,3,1,1,0,ca,92026,San Diego,1
3241,Wendy,"1530 w. valley pkwy, escondido, ca, 92029, us",6.79,2.99,2.69,,,3.19,2.19,10,50,4.800000000000001,370+,5.386,3,1,1,0,ca,92029,San Diego,1
3242,Wendy,"7401 mission st, daly city, ca, 94014, us",9.02,4.14,3.28,,,4.14,2.43,66,200,4.600000000000001,3,6.1725,3,1,1,0,ca,94014,San Mateo,1
3243,Wendy,"176 gateway blvd, s.san francisco, ca, 94080, us",9.38,4.14,3.16,,,4.26,2.43,56,200,4.600000000000001,700+,6.578400000000001,3,1,1,0,ca,94080,San Mateo,1
3244,Wendy,"499 el camino real, san bruno, ca, 94066, us",9.14,4.26,3.89,,,3.65,2.55,68,200,4.700000000000001,1,6.8398,3,1,1,0,ca,94066,San Mateo,1
3245,Wendy,"4431 e. waterloo road, stockton, ca, 95215, us",9.33,3.97,3.6,,,4.38,2.18,17,52,4.1,200+,7.4759615384615365,3,1,1,0,ca,95215,San Joaquin,1
3246,Wendy,"3810 east hammer lane, stockton, ca, 95212, us",9.02,3.89,3.53,,,4.26,2.14,17,52,4.300000000000001,94,7.311153846153844,3,1,1,0,ca,95212,San Joaquin,1
3247,Wendy,"10512 trinity park, stockton, ca, 95219, us",9.02,3.89,3.53,,,4.26,2.14,17,52,4.6,43,7.311153846153844,3,1,1,0,ca,95219,San Joaquin,1
3248,Wendy,"801 e kettleman lane, lodi, ca, 95240, us",9.14,3.65,3.16,,,3.65,2.31,15,50,4.699999999999999,130+,6.8278,3,1,1,0,ca,95240,San Joaquin,1
3249,Wendy,"8600 curbaril ave, atascadero, ca, 93422, us",6.49,2.99,2.29,,,3.09,1.49,12,50,4.4,99,5.082,3,1,1,0,ca,93422,San Luis Obispo,1
3250,Wendy,"698 ralston avenue, belmont, ca, 94002, us",9.38,3.4,2.67,,,4.26,2.43,12,50,4.6,900+,6.4807999999999995,3,1,1,0,ca,94002,San Mateo,1
3251,Wendy,"1852 el camino real, redwood city, ca, 94063, us",10.07,4.14,3.65,,,4.26,2.06,17,52,4.6,500+,7.75326923076923,3,1,1,0,ca,94063,San Mateo,1
3252,Wendy,"2120 n preisker lane, santa maria, ca, 93458, us",6.49,2.99,2.29,,,3.09,1.49,12,52,4.5,200+,4.947692307692308,3,1,1,0,ca,93458,Santa Barbara,1
3253,Wendy,"5724 holli, goleta, ca, 93117, us",6.79,2.99,2.69,,,3.19,2.19,10,50,4.699999999999999,600+,5.386,3,1,1,0,ca,93117,Santa Barbara,1
3254,Wendy,"782 s. bascom, san jose, ca, 95128, us",10.07,4.14,3.65,,,4.26,2.06,34,104,4.3999999999999995,500+,7.753269230769231,3,1,1,0,ca,95128,Santa Clara,1
3255,Wendy,"2275 mc kee road, san jose, ca, 95133, us",10.36,4.26,2.92,,,3.89,2.31,36,100,4.5,1,7.408399999999999,3,1,1,0,ca,95133,Santa Clara,1
3256,Wendy,"1845 e capitol expy, san jose, ca, 95121, us",10.07,4.14,3.65,,,4.26,2.06,17,52,4.6,700+,7.75326923076923,3,1,1,0,ca,95121,Santa Clara,1
3257,Wendy,"2624 s. bascom, san jose, ca, 95124, us",10.07,4.14,3.65,,,4.26,2.06,34,104,4.5,390+,7.753269230769231,3,1,1,0,ca,95124,Santa Clara,1
3258,Wendy,"1313 s. wolfe road, sunnyvale, ca, 94087, us",10.07,4.14,3.65,,,4.26,2.06,34,104,4.6000000000000005,700+,7.753269230769231,3,1,1,0,ca,94087,Santa Clara,1
3259,Wendy,"990 saratoga ave, san jose, ca, 95129, us",10.36,4.26,2.92,,,3.89,2.31,34,102,4.600000000000002,800+,7.265294117647057,3,1,1,0,ca,95129,Santa Clara,1
3260,Wendy,"1001 redwood, vallejo, ca, 94590, us",7.92,3.04,2.67,,,3.65,2.06,17,106,4.399999999999999,1,5.371509433962264,3,1,1,0,ca,94590,Solano,1
3261,Wendy,"4447 central place, fairfield, ca, 94534, us",10.36,4.01,2.92,,,3.28,2.31,30,100,4.7,92,7.035199999999999,3,1,1,0,ca,94534,Solano,1
3262,Wendy,"1450 trancas st, napa, ca, 94558, us",6.49,2.49,2.19,,,2.99,1.69,16,106,4.600000000000001,700+,4.839056603773584,3,1,1,0,ca,94558,Napa,1
3263,Wendy,"2045 north texas, fairfield, ca, 94533, us",7.92,3.04,2.67,,,3.65,1.94,9,51,4.5,700+,5.774901960784313,3,1,1,0,ca,94533,Solano,1
3264,Wendy,"1377 monte vista, vacaville, ca, 95688, us",9.14,3.77,2.67,,,3.77,2.43,15,50,4.5,500+,6.659199999999999,3,1,1,0,ca,95688,Solano,1
3265,Wendy,"1850, santa rosa, ca, 95407, us",7.92,3.04,2.67,,,3.65,2.06,9,50,4.5,1,5.919799999999999,3,1,1,0,ca,95407,Sonoma,1
3266,Wendy,"1617 north carpenter road, modesto, ca, 95351, us",9.14,3.65,3.16,,,3.65,2.31,15,50,4.1,110+,6.8278,3,1,1,0,ca,95351,Stanislaus,1
3267,Wendy,"1501 mchenry ave, modesto, ca, 95350, us",9.14,3.65,3.16,,,3.65,2.31,11,45,4.300000000000002,490+,7.075111111111111,3,1,1,0,ca,95350,Stanislaus,1
3268,Wendy,"1374 e. hatch rd., modesto, ca, 95351, us",9.14,3.65,3.16,,,3.65,2.31,15,50,4.5,250+,6.8278,3,1,1,0,ca,95351,Stanislaus,1
3269,Wendy,"3250 dale rd., modesto, ca, 95356, us",9.14,3.65,3.16,,,3.65,2.31,15,51,4.5,130+,6.734313725490196,3,1,1,0,ca,95356,Stanislaus,1
3270,Wendy,"3450 w monte vista ave, turlock, ca, 95380, us",9.14,3.65,3.16,,,3.65,2.31,15,50,4.5,45,6.8278,3,1,1,0,ca,95380,Stanislaus,1
3271,Wendy,"2395 geer rd., turlock, ca, 95382, us",7.49,2.99,2.59,,,2.99,1.89,10,50,4.300000000000001,160+,5.596,3,1,1,0,ca,95382,Stanislaus,1
3272,Wendy,"1580 e. noble avenue, visalia, ca, 93292, us",9.02,3.89,3.53,,,4.26,2.14,17,52,4.5,270+,7.311153846153844,3,1,1,0,ca,93292,Tulare,1
3273,Wendy,"2125 n. dinuba ave, visalia, ca, 93291, us",8.77,3.77,3.4,,,4.14,2.06,17,52,4.6,40,7.1496153846153865,3,1,1,0,ca,93291,Tulare,1
3274,Wendy,"plaza dr &amp; w hurley ave, visalia, ca, 93291, us",9.02,3.89,3.53,,,4.26,2.14,17,51,4.4,23,6.904509803921568,3,1,1,0,ca,93291,Tulare,1
3275,Wendy,"2010 n. rose avenue, oxnard, ca, 93036, us",7.8,3.53,3.16,,,3.65,2.43,15,50,4.5,420+,6.3668000000000005,3,1,1,0,ca,93036,Ventura,1
3276,Wendy,"175 n ventura road, port hueneme, ca, 93041, us",7.8,3.53,3.16,,,3.65,2.43,15,49,4.6000000000000005,500+,6.3002040816326526,3,1,1,0,ca,93041,Ventura,1
3277,Wendy,"1401 victoria, ventura, ca, 93003, us",8.28,3.65,3.28,,,3.89,2.67,17,49,4.6000000000000005,320+,6.506530612244898,3,1,1,0,ca,93003,Ventura,1
3278,Wendy,"149 west ventura blvd, camarillo, ca, 93010, us",8.28,3.65,3.28,,,3.89,2.67,17,49,4.800000000000001,150+,6.506530612244898,3,1,1,0,ca,93010,Ventura,1
3279,Wendy,"2662 thompson blvd., ventura, ca, 93003, us",8.28,3.65,3.28,,,3.89,2.67,17,50,4.800000000000001,200+,6.5714,3,1,1,0,ca,93003,Ventura,1
3280,Wendy,"307 arneill road, camarillo, ca, 93010, us",7.8,3.53,3.16,,,3.65,2.43,15,49,4.6000000000000005,270+,6.3002040816326526,3,1,1,0,ca,93010,Ventura,1
3281,Shake Shack,"1954 telegraph avenue, oakland, ca, 94612, us",9.59,9.39,8.99,,5.49,4.49,7.59,13,49,4.6000000000000005,5,23.055306122448975,3,1,1,0,ca,94612,Alameda,1
3282,Shake Shack,"180 el camino real, palo alto, ca, 94304, us",9.59,9.39,8.99,,5.79,4.79,7.89,26,100,4.600000000000001,3,23.148000000000003,3,1,1,0,ca,94304,Santa Clara,1
3283,Shake Shack,"33 hillsdale shopping center, san mateo, ca, 94403, us",9.59,9.39,8.99,,5.79,4.79,7.89,36,135,4.600000000000001,2,24.596666666666668,3,1,1,0,ca,94403,San Mateo,1
3284,Shake Shack,"1604 mount diablo boulevard, walnut creek, ca, 94596, us",9.59,9.39,8.99,,5.79,4.79,7.89,23,97,4.5,310+,23.655979381443295,3,1,1,0,ca,94596,Contra Costa,1
3285,Shake Shack,"330 south hope st, los angeles, ca, 90071, us",9.59,9.39,8.99,,5.49,4.49,7.59,26,98,4.700000000000001,700+,23.138979591836737,3,1,1,0,ca,90071,Los Angeles,1
3286,Shake Shack,"400 w. 8th street, los angeles, ca, 90015, us",9.59,9.39,8.99,,5.49,4.49,7.59,28,100,4.7,15,22.608,3,1,1,0,ca,90015,Los Angeles,1
3287,Shake Shack,"750 south arroyo parkway, pasadena, ca, 91105, us",,9.39,8.99,,5.49,4.49,7.59,14,50,4.699999999999999,8,22.67,3,1,1,0,ca,91105,Los Angeles,1
3288,Shake Shack,"252 s. brand blvd., glendale, ca, 91204, us",9.59,9.39,8.99,,5.49,4.49,7.59,14,49,4.800000000000001,7,23.059387755102044,3,1,1,0,ca,91204,Los Angeles,1
3289,Shake Shack,"13009 ventura boulevard, studio city, ca, 91604, us",9.59,9.39,8.99,,5.79,4.79,7.89,13,51,4.699999999999999,180+,22.733137254901962,3,1,1,0,ca,91604,Los Angeles,1
3290,Shake Shack,"6201 hollywood blvd., los angeles, ca, 90028, us",9.59,9.39,8.99,,5.79,4.79,7.89,13,49,4.699999999999999,10,23.38387755102041,3,1,1,0,ca,90028,Los Angeles,1
3291,Shake Shack,"6440 pacific coast hwy, long beach, ca, 90803, us",9.59,9.39,8.99,,5.49,4.49,7.59,42,156,4.7,5,22.255384615384617,3,1,1,0,ca,90803,Los Angeles,1
3292,Shake Shack,"3525 west carson street, space vc 08, torrance, ca, 90503, us",9.59,9.39,8.99,,5.49,4.49,7.59,14,51,4.6,800+,22.41352941176471,3,1,1,0,ca,90503,Los Angeles,1
3293,Shake Shack,"2171 rosecrans avenue, el segundo, ca, 90245, us",9.59,9.39,8.99,,5.79,4.79,7.89,12,48,4.7,6,23.721249999999998,3,1,1,0,ca,90245,Los Angeles,1
3294,Shake Shack,"6000 sepulveda boulevard, culver city, ca, 90230, us",9.59,9.39,8.99,,5.49,4.49,7.59,13,48,4.7,1,23.325416666666666,3,1,1,0,ca,90230,Los Angeles,1
3295,Shake Shack,"6443 topanga canyon blvd, los angeles, ca, 91303, us",9.59,9.39,8.99,,5.49,4.49,7.59,14,51,4.800000000000001,4,22.41352941176471,3,1,1,0,ca,91303,Los Angeles,1
3296,Shake Shack,"1401, larkspur, ca, 94939, us",9.59,9.39,8.99,,5.79,4.79,7.89,26,95,4.600000000000002,2,23.93526315789474,3,1,1,0,ca,94939,Marin,1
3297,Shake Shack,"512 spectrum center drive, irvine, ca, 92618, us",9.59,9.39,8.99,,5.49,4.49,7.59,13,52,4.4,500+,22.305384615384614,3,1,1,0,ca,92618,Orange,1
3298,Shake Shack,"1151 galleria boulevard, roseville, ca, 95678, us",9.59,9.39,8.99,,5.49,4.49,7.59,42,153,4.600000000000001,350+,22.44686274509804,3,1,1,0,ca,95678,Placer,1
3299,Shake Shack,"1710 r st, sacramento, ca, 95811, us",9.59,9.39,8.99,,5.49,4.49,7.59,26,102,4.7,3,22.535098039215693,3,1,1,0,ca,95811,Sacramento,1
3300,Shake Shack,"12456 north mainstreet, rancho cucamonga, ca, 91739, us",8.99,8.79,8.39,,5.49,4.19,7.59,27,141,4.7,330+,22.662340425531916,3,1,1,0,ca,91739,San Bernardino,1
3301,Shake Shack,"7740 el camino real, carlsbad, ca, 92009, us",9.39,8.99,8.79,,5.49,4.49,7.59,14,55,4.800000000000001,1,20.793636363636367,3,1,1,0,ca,92009,San Diego,1
3302,Shake Shack,"2008 india st., san diego, ca, 92101, us",9.39,8.99,8.79,,5.49,4.49,7.59,28,100,4.8,8,21.805999999999997,3,1,1,0,ca,92101,San Diego,1
3303,Shake Shack,"675 camino de la reina, san diego, ca, 92108, us",9.39,8.99,8.79,,5.49,4.49,7.59,28,110,4.700000000000001,6,20.793636363636367,3,1,1,0,ca,92108,San Diego,1
3304,Shake Shack,"3030 plaza bonita road suite f3, national city, ca, 91950, us",9.39,8.99,8.79,,5.49,4.49,7.59,28,104,4.5,350+,21.572692307692307,3,1,1,0,ca,91950,San Diego,1
3305,Shake Shack,"4309 la jolla village drive, san diego, ca, 92122, us",9.39,8.99,8.79,,5.49,4.49,7.59,26,108,4.700000000000001,3,21.077037037037037,3,1,1,0,ca,92122,San Diego,1
3306,Shake Shack,"3705 paseo place, san diego, ca, 92130, us",9.39,8.99,8.79,,5.49,4.49,7.59,14,52,4.800000000000001,2,21.345769230769232,3,1,1,0,ca,92130,San Diego,1
3307,Shake Shack,"845 market street, san francisco, ca, 94103, us",9.59,9.39,8.99,,5.79,4.79,7.89,13,51,4.6,4,22.69588235294118,3,1,1,0,ca,94103,San Francisco,1
3308,Shake Shack,"3251 20th avenue, san francisco, ca, 94132, us",9.59,9.39,8.99,,5.49,4.49,7.59,26,100,4.600000000000001,1,22.838,3,1,1,0,ca,94132,San Francisco,1
3309,Shake Shack,"925 blossom hill road, san jose, ca, 95123, us",9.59,9.39,8.99,,5.49,4.49,7.59,26,100,4.5,260+,22.838,3,1,1,0,ca,95123,Santa Clara,1
3310,Shake Shack,"2855 stevens creek boulevard, santa clara, ca, 95050, us",9.59,9.39,8.99,,5.79,,7.89,11,46,4.5,3,24.579130434782616,3,1,1,0,ca,95050,Santa Clara,1
3311,Shake Shack,"2424 magowan drive, santa rosa, ca, 95405, us",9.59,9.39,8.99,,5.79,4.79,7.89,13,41,4.4,77,8.477804878048781,3,1,1,0,ca,95405,Sonoma,1
3312,Shake Shack,"120 promenade way, thousand oaks, ca, 91362, us",9.59,9.39,8.99,,5.79,4.79,7.89,13,50,4.6,1,23.192000000000004,3,1,1,0,ca,91362,Ventura,1
3313,The Habit,"2640 5th st, alameda, ca, 94501, us",9.74,8.61,7.49,18.24,4.74,3.86,7.36,26,156,4.3999999999999995,1,11.816153846153847,3,1,1,0,ca,94501,Alameda,1
3314,The Habit,"43830 pacific commons blvd, fremont, ca, 94538, us",9.74,8.61,7.49,18.24,4.74,3.86,7.36,13,78,4.5,700+,11.690641025641026,3,1,1,0,ca,94538,Alameda,1
3315,The Habit,"1110, concord, ca, 94520, us",9.74,8.61,7.49,18.24,4.74,3.86,7.36,9,78,4.5,900+,11.847692307692308,3,1,1,0,ca,94520,Contra Costa,1
3316,The Habit,"3520 n blackstone ave, fresno, ca, 93726, us",9.74,8.61,7.49,18.24,4.74,3.86,7.36,13,77,4.5,1,11.874025974025974,3,1,1,0,ca,93726,Fresno,1
3317,The Habit,"8480 n friant rd, fresno, ca, 93720, us",9.74,8.61,7.49,18.24,4.74,3.86,7.36,13,78,4.5,1,11.690641025641026,3,1,1,0,ca,93720,Fresno,1
3318,The Habit,"702 w shaw ave, fresno, ca, 93704, us",9.74,8.61,7.49,18.24,4.74,3.86,7.36,12,76,4.5,600+,11.88684210526316,3,1,1,0,ca,93704,Fresno,1
3319,The Habit,"6724 north brawley avenue, fresno, ca, 93711, us",9.74,8.61,7.49,18.24,4.74,3.86,7.36,13,78,4.5,48,11.690641025641026,3,1,1,0,ca,93711,Fresno,1
3320,The Habit,"1195 herndon ave, clovis, ca, 93612, us",9.24,8.36,7.24,16.99,4.24,3.61,6.86,13,78,4.399999999999998,900+,11.065384615384614,3,1,1,0,ca,93612,Fresno,1
3321,The Habit,"3110 e floral ave, selma, ca, 93662, us",9.74,8.61,7.49,18.24,4.74,3.86,7.36,13,78,3.8999999999999977,21,11.690641025641026,3,1,1,0,ca,93662,Fresno,1
3322,The Habit,"3900 california ave, bakersfield, ca, 93309, us",9.61,8.49,7.36,17.98,4.61,3.86,7.11,13,78,4.600000000000002,1,11.489487179487181,3,1,1,0,ca,93309,Kern,1
3323,The Habit,"12900 brimhall rd, bakersfield, ca, 93314, us",9.24,8.36,7.24,16.86,4.11,3.61,6.86,13,77,4.699999999999999,800+,11.0,3,1,1,0,ca,93314,Kern,1
3324,The Habit,"5503 calloway drive, bakersfield, ca, 93312, us",9.24,8.36,7.24,16.86,4.11,3.61,6.86,13,78,4.699999999999999,900+,10.946923076923078,3,1,1,0,ca,93312,Kern,1
3325,The Habit,"6326 ashe road, bakersfield, ca, 93313, us",9.74,8.61,7.49,18.24,4.74,3.86,7.36,13,78,4.600000000000002,1,11.816153846153846,3,1,1,0,ca,93313,Kern,1
3326,The Habit,"888 s hope st, los angeles, ca, 90017, us",9.74,8.61,7.49,18.24,4.74,3.86,7.36,13,78,4.5,3,11.690641025641026,3,1,1,0,ca,90017,Los Angeles,1
3327,The Habit,"4542 east pacific coast highway, long beach, ca, 90804, us",9.24,8.24,7.11,16.74,3.99,3.61,6.74,12,78,4.699999999999999,500+,10.810641025641026,3,1,1,0,ca,90804,Los Angeles,1
3328,The Habit,"25948 mcbean parkway, santa clarita, ca, 91355, us",9.61,8.49,7.36,17.98,4.61,3.86,7.11,12,75,4.600000000000001,1,11.742933333333333,3,1,1,0,ca,91355,Los Angeles,1
3329,The Habit,"496 las gallinas avenue, san rafael, ca, 94903, us",9.74,8.61,7.49,18.24,4.74,3.86,7.36,13,79,4.600000000000002,310+,11.685569620253165,3,1,1,0,ca,94903,Marin,1
3330,The Habit,"924 diablo ave, novato, ca, 94947, us",9.74,8.61,7.49,18.24,4.61,3.99,7.36,13,78,4.5,700+,11.757948717948718,3,1,1,0,ca,94947,Marin,1
3331,The Habit,"1602 north main st, salinas, ca, 93906, us",9.74,8.61,7.49,18.24,4.74,3.86,7.36,13,78,4.600000000000002,410+,11.816153846153846,3,1,1,0,ca,93906,Monterey,1
3332,The Habit,"2777 n main st, santa ana, ca, 92705, us",9.24,8.36,7.24,16.86,4.11,3.61,6.86,13,79,4.600000000000002,1,10.827341772151897,3,1,1,0,ca,92705,Orange,1
3333,The Habit,"101 e orangethorpe ave, fullerton, ca, 92832, us",9.74,8.61,7.49,18.24,4.74,3.86,7.36,13,78,4.600000000000002,1,11.690641025641026,3,1,1,0,ca,92832,Orange,1
3334,The Habit,"933 pleasant grove blvd, roseville, ca, 95678, us",9.24,8.24,7.11,16.74,3.99,3.61,6.74,12,78,4.5,500+,10.810641025641026,3,1,1,0,ca,95678,Placer,1
3335,The Habit,"4640 sierra college blvd, rocklin, ca, 95650, us",9.74,8.61,7.49,18.24,4.74,3.86,7.36,13,78,4.199999999999999,120+,11.816153846153846,3,1,1,0,ca,95650,Placer,1
3336,The Habit,"40436, murrieta, ca, 92563, us",9.61,8.49,7.36,17.98,4.61,3.86,7.11,13,78,4.5,900+,11.489487179487181,3,1,1,0,ca,92563,Riverside,1
3337,The Habit,"3030 capitol avenue, sacramento, ca, 95816, us",9.74,8.61,7.49,18.24,4.61,3.99,7.36,13,78,4.5,500+,11.757948717948718,3,1,1,0,ca,95816,Sacramento,1
3338,The Habit,"7400 laguna blvd, elk grove, ca, 95758, us",9.24,8.36,7.24,16.86,4.11,3.61,6.86,12,76,4.399999999999999,700+,11.13171052631579,3,1,1,0,ca,95758,Sacramento,1
3339,The Habit,"1550 w valley blvd, colton, ca, 92324, us",9.74,8.61,7.49,18.24,4.74,3.86,7.36,18,156,4.5,900+,11.84769230769231,3,1,1,0,ca,92324,San Bernardino,1
3340,The Habit,"9750 sierra avenue, fontana, ca, 92335, us",9.74,8.61,7.49,18.24,4.74,3.86,7.36,9,78,4.0,35,11.847692307692308,3,1,1,0,ca,92335,San Bernardino,1
3341,The Habit,"16138 south highland avenue, fontana, ca, 92336, us",9.74,8.61,7.49,18.24,4.74,3.86,7.36,9,78,4.800000000000001,29,11.847692307692308,3,1,1,0,ca,92336,San Bernardino,1
3342,The Habit,"1205 w renaissance pkwy, rialto, ca, 92376, us",9.74,8.61,7.49,18.24,4.74,3.86,7.36,9,78,4.5,1,11.847692307692308,3,1,1,0,ca,92376,San Bernardino,1
3343,The Habit,"4210 east 4th street, ontario, ca, 91764, us",9.74,8.61,7.49,18.24,4.74,3.86,7.36,9,78,4.800000000000001,84,11.847692307692308,3,1,1,0,ca,91764,San Bernardino,1
3344,The Habit,"10895 foothill blvd, rancho cucamonga, ca, 91730, us",9.74,8.61,7.49,18.24,4.74,3.86,7.36,9,78,4.5,1,11.847692307692308,3,1,1,0,ca,91730,San Bernardino,1
3345,The Habit,"11608 amargosa rd, victorville, ca, 92392, us",9.74,8.61,7.49,18.24,4.74,3.86,7.36,9,78,4.5,600+,11.847692307692308,3,1,1,0,ca,92392,San Bernardino,1
3346,The Habit,"845 camino de la reina, san diego, ca, 92108, us",9.74,8.61,7.49,18.24,4.74,3.86,7.36,13,78,4.600000000000002,2,11.816153846153846,3,1,1,0,ca,92108,San Diego,1
3347,The Habit,"2829 w march ln, stockton, ca, 95219, us",9.24,8.36,7.24,16.99,4.24,3.61,6.86,13,78,4.199999999999999,600+,11.065384615384618,3,1,1,0,ca,95219,San Joaquin,1
3348,The Habit,"839 higuera st, san luis obispo, ca, 93401, us",9.74,8.61,7.49,18.24,4.74,3.86,7.36,13,78,4.600000000000002,1,11.690641025641026,3,1,1,0,ca,93401,San Luis Obispo,1
3349,The Habit,"1297 chess dr, foster city, ca, 94404, us",9.74,8.61,7.49,18.24,4.74,3.86,7.36,9,77,4.699999999999999,800+,11.905974025974025,3,1,1,0,ca,94404,San Mateo,1
3350,The Habit,"305 gellert blvd, daly city, ca, 94015, us",9.74,8.61,7.49,18.24,4.61,3.99,7.36,13,78,4.600000000000002,3,11.757948717948718,3,1,1,0,ca,94015,San Mateo,1
3351,The Habit,"985 betteravia road, santa maria, ca, 93454, us",9.24,8.36,7.24,16.86,4.11,3.61,6.86,10,63,4.399999999999998,100+,10.21984126984127,3,1,1,0,ca,93454,Santa Barbara,1
3352,The Habit,"628 state street, santa barbara, ca, 93101, us",9.24,8.36,7.24,16.86,4.11,3.61,,10,55,4.4,110+,10.708545454545455,3,1,1,0,ca,93101,Santa Barbara,1
3353,The Habit,"1510 monterey rd, san jose, ca, 95110, us",9.74,8.61,7.49,18.24,4.74,3.86,7.36,13,78,4.600000000000002,700+,11.816153846153846,3,1,1,0,ca,95110,Santa Clara,1
3354,The Habit,"146 w el camino real, sunnyvale, ca, 94087, us",9.61,8.49,7.36,17.98,4.61,3.86,7.11,13,79,4.699999999999999,1,11.363037974683545,3,1,1,0,ca,94087,Santa Clara,1
3355,The Habit,"1400 ocean st, santa cruz, ca, 95060, us",9.74,8.61,7.49,,4.74,,7.36,12,61,4.600000000000002,1,10.21016393442623,3,1,1,0,ca,95060,Santa Cruz,1
3356,The Habit,"118 plaza dr, vallejo, ca, 94591, us",9.74,8.61,7.49,18.24,4.74,3.86,7.36,13,79,4.5,1,11.561645569620255,3,1,1,0,ca,94591,Solano,1
3357,The Habit,"1320 travis blvd, fairfield, ca, 94533, us",9.74,8.61,7.49,18.24,4.74,3.86,7.36,13,79,4.399999999999998,500+,11.685569620253165,3,1,1,0,ca,94533,Solano,1
3358,The Habit,"2005 cleveland ave, santa rosa, ca, 95401, us",9.74,8.61,7.49,18.24,4.74,3.86,7.36,13,78,4.399999999999998,1,11.690641025641026,3,1,1,0,ca,95401,Sonoma,1
3359,The Habit,"1801 mchenry ave, modesto, ca, 95350, us",9.24,8.36,7.24,16.86,4.11,3.61,6.86,13,79,4.399999999999998,600+,10.827341772151899,3,1,1,0,ca,95350,Stanislaus,1
3360,The Habit,"604 s mooney blvd, visalia, ca, 93277, us",9.24,8.36,7.24,16.86,4.11,3.61,6.86,13,78,4.600000000000002,900+,10.946923076923078,3,1,1,0,ca,93277,Tulare,1
3361,The Habit,"2350 e vineyard ave, oxnard, ca, 93036, us",9.24,8.36,7.24,16.86,4.11,3.61,6.86,13,79,4.600000000000002,1,10.8273417721519,3,1,1,0,ca,93036,Ventura,1
3362,Burger King,"3996 washington boulevard, fremont, ca, 94538, us",10.2,4.93,6.91,17.03,4.39,,,14,81,4.5,490+,9.732962962962963,3,1,1,0,ca,94538,Alameda,1
3363,Burger King,"1801 decoto road, union city, ca, 94587, us",10.26,2.79,4.79,17.54,5.97,,,15,81,4.5,370+,8.762592592592592,3,1,1,0,ca,94587,Alameda,1
3364,Burger King,"34943, newark, ca, 94560, us",9.99,3.99,7.49,15.49,5.99,,,16,80,4.700000000000001,500+,9.93825,3,1,1,0,ca,94560,Alameda,1
3365,Burger King,"31361 alavarado niles road, union city, ca, 94587, us",10.26,2.79,4.79,17.54,5.97,,,15,75,4.5,290+,8.988533333333331,3,1,1,0,ca,94587,Alameda,1
3366,Burger King,"29671 mission blvd., hayward, ca, 94544, us",9.59,3.99,5.49,14.99,5.99,,,36,158,4.8,160+,9.51506329113924,3,1,1,0,ca,94544,Alameda,1
3367,Burger King,"46700 mission boulevard, fremont, ca, 94539, us",10.2,4.93,6.91,17.03,4.39,,,14,82,4.399999999999999,120+,9.662926829268292,3,1,1,0,ca,94539,Alameda,1
3368,Burger King,"950 west a street, hayward, ca, 94541, us",10.26,2.79,4.79,17.54,5.97,,,15,81,4.5,430+,8.762592592592592,3,1,1,0,ca,94541,Alameda,1
3369,Burger King,"2757, castro valley, ca, 94546, us",10.2,4.93,6.91,17.03,4.39,,,14,80,4.5,380+,9.473625000000002,3,1,1,0,ca,94546,Alameda,1
3370,Burger King,"15050 e. 14th street, san leandro, ca, 94578, us",10.26,2.79,4.79,17.54,5.97,,,15,81,4.600000000000001,700+,8.762592592592592,3,1,1,0,ca,94578,Alameda,1
3371,Burger King,"26251 hesperian boulevard, hayward, ca, 94545, us",10.26,2.79,4.79,17.54,5.97,,,16,82,4.5,470+,8.722195121951218,3,1,1,0,ca,94545,Alameda,1
3372,Burger King,"6921 regional street, dublin, ca, 94568, us",10.26,2.79,4.79,17.54,5.97,,,16,82,4.399999999999999,140+,8.722195121951218,3,1,1,0,ca,94568,Alameda,1
3373,Burger King,"1233, fresno, ca, 93706, us",9.99,4.19,5.49,17.69,5.49,,,15,81,4.100000000000001,270+,9.683333333333332,3,1,1,0,ca,93706,Fresno,1
3374,Burger King,"4610 east king's canyon rd., fresno, ca, 93702, us",8.99,2.59,4.69,15.36,4.36,,,19,81,4.3,250+,8.01641975308642,3,1,1,0,ca,93702,Fresno,1
3375,Burger King,"2755 n blackstone ave, fresno, ca, 93703, us",9.99,4.19,5.49,17.69,5.49,,,15,81,4.0,180+,9.683333333333332,3,1,1,0,ca,93703,Fresno,1
3376,Burger King,"2410 north cedar, fresno, ca, 93703, us",8.99,2.59,4.69,15.36,4.36,,,19,81,4.3,600+,8.01641975308642,3,1,1,0,ca,93703,Fresno,1
3377,Burger King,"1886 villa ave, clovis, ca, 93612, us",9.99,4.19,5.49,17.69,5.49,,,14,77,4.199999999999999,120+,9.785584415584415,3,1,1,0,ca,93612,Fresno,1
3378,Burger King,"820 herndon avenue, clovis, ca, 93612, us",9.99,4.19,5.49,17.69,5.49,,,15,81,4.399999999999999,130+,9.683333333333332,3,1,1,0,ca,93612,Fresno,1
3379,Burger King,"3405 union ave, bakersfield, ca, 93305, us",8.24,2.89,11.43,14.49,4.61,,,17,82,4.399999999999999,380+,8.03890243902439,3,1,1,0,ca,93305,Kern,1
3380,Burger King,"1949 columbus avenue, bakersfield, ca, 93305, us",8.24,2.89,11.43,14.49,4.61,,,17,80,4.200000000000001,500+,7.9245,3,1,1,0,ca,93305,Kern,1
3381,Burger King,"5120 olive drive, bakersfield, ca, 93308, us",8.56,3.41,5.13,14.52,3.82,,,14,80,4.200000000000001,290+,8.337250000000001,3,1,1,0,ca,93308,Kern,1
3382,Burger King,"7990 white lane, bakersfield, ca, 93309, us",8.24,2.89,11.43,14.49,4.61,,,17,82,4.5,250+,8.03890243902439,3,1,1,0,ca,93309,Kern,1
3383,Burger King,"2508 white lane, bakersfield, ca, 93304, us",9.18,3.24,4.83,,4.8,,3.11,24,50,4.5,700+,5.356999999999999,3,1,1,0,ca,93304,Kern,1
3384,Burger King,"8200 stockdale hwy, bakersfield, ca, 93309, us",9.18,3.24,4.83,,4.8,,3.11,23,50,4.4,380+,5.3824000000000005,3,1,1,0,ca,93309,Kern,1
3385,Burger King,"700 east cesar e chavez avenue, los angeles, ca, 90012, us",10.39,3.49,5.39,15.29,4.89,,,15,79,4.600000000000002,1,8.609240506329114,3,1,1,0,ca,90012,Los Angeles,1
3386,Burger King,"1501 west 6th street, los angeles, ca, 90017, us",9.99,4.99,7.79,15.49,4.99,,,12,79,4.5,1,10.734430379746835,3,1,1,0,ca,90017,Los Angeles,1
3387,Burger King,"1540 north eastern avenue, los angeles, ca, 90063, us",10.39,3.49,5.39,15.29,4.89,,,15,79,4.699999999999999,1,8.609240506329114,3,1,1,0,ca,90063,Los Angeles,1
3388,Burger King,"3501 whittier blvd., los angeles, ca, 90023, us",9.35,2.48,6.32,13.97,4.46,,,3,55,4.699999999999999,2,9.028363636363634,3,1,1,0,ca,90023,Los Angeles,1
3389,Burger King,"3101 north san fernando road, los angeles, ca, 90065, us",10.39,3.49,5.39,15.29,4.89,,,15,79,4.699999999999999,1,8.609240506329114,3,1,1,0,ca,90065,Los Angeles,1
3390,Burger King,"535 s atlantic blvd, e los angeles, ca, 90022, us",10.39,3.49,5.39,15.29,4.89,,,15,79,4.699999999999999,1,8.609240506329114,3,1,1,0,ca,90022,Los Angeles,1
3391,Burger King,"127 west 4th street, long beach, ca, 90802, us",10.39,3.39,5.79,15.29,4.99,,,14,79,4.600000000000002,1,8.730759493670885,3,1,1,0,ca,90802,Los Angeles,1
3392,Burger King,"2600, long beach, ca, 90806, us",10.39,3.49,5.99,15.99,5.19,,,14,79,4.5,1,8.78898734177215,3,1,1,0,ca,90806,Los Angeles,1
3393,Burger King,"2955 north bellflower boulevard, long beach, ca, 90815, us",10.39,3.39,5.79,15.29,4.99,,,14,79,4.699999999999999,500+,8.730759493670885,3,1,1,0,ca,90815,Los Angeles,1
3394,Burger King,"5540 cherry avenue, long beach, ca, 90805, us",8.19,3.99,5.59,14.49,4.99,,,19,79,4.600000000000002,500+,9.156708860759489,3,1,1,0,ca,90805,Los Angeles,1
3395,Burger King,"20950 figueroa street, carson, ca, 90745, us",10.39,3.49,5.39,15.29,4.89,,,15,79,4.5,600+,8.609240506329114,3,1,1,0,ca,90745,Los Angeles,1
3396,Burger King,"10134 artesia boulevard, bellflower, ca, 90706, us",10.39,3.39,5.79,15.29,4.99,,,14,79,4.600000000000002,800+,8.730759493670885,3,1,1,0,ca,90706,Los Angeles,1
3397,Burger King,"24530 lyons avenue, newhall, ca, 91321, us",9.99,4.99,7.79,15.49,4.99,,,12,82,4.600000000000001,460+,10.729146341463414,3,1,1,0,ca,91321,Los Angeles,1
3398,Burger King,"2008 glenoaks boulevard, san fernando, ca, 91340, us",9.99,4.99,7.79,15.49,4.99,,,12,82,4.600000000000001,1,10.734146341463415,3,1,1,0,ca,91340,Los Angeles,1
3399,Burger King,"20838 devonshire st., chatsworth, ca, 91311, us",9.99,4.99,7.79,15.49,4.99,,,12,82,4.7,500+,10.734146341463415,3,1,1,0,ca,91311,Los Angeles,1
3400,Burger King,"19662 nordhoff street, northridge, ca, 91324, us",10.39,3.39,5.79,15.29,4.99,,,14,79,4.699999999999999,500+,8.730759493670885,3,1,1,0,ca,91324,Los Angeles,1
3401,Burger King,"12781 van nuys boulevard, pacoima, ca, 91331, us",11.19,4.69,8.39,18.09,5.19,,,7,73,4.6000000000000005,800+,9.91958904109589,3,1,1,0,ca,91331,Los Angeles,1
3402,Burger King,"9025 balboa, northridge, ca, 91325, us",9.89,,5.99,16.89,5.99,,,12,67,4.699999999999999,700+,10.091044776119402,3,1,1,0,ca,91325,Los Angeles,1
3403,Burger King,"969 east francisco blvd., san rafael, ca, 94901, us",10.29,3.79,5.39,17.54,5.99,,,17,82,4.600000000000001,800+,8.859146341463413,3,1,1,0,ca,94901,Marin,1
3404,Burger King,"220 alameda del prado, novato, ca, 94949, us",10.29,3.79,5.39,17.54,5.99,,,17,80,4.799999999999999,420+,8.963875,3,1,1,0,ca,94949,Marin,1
3405,Burger King,"909 south main street, salinas, ca, 93901, us",9.49,3.39,4.99,16.11,4.74,,,16,83,4.399999999999999,150+,8.299638554216866,3,1,1,0,ca,93901,Monterey,1
3406,Burger King,"701 north main street, santa ana, ca, 92701, us",8.49,3.99,5.59,14.69,4.99,,,14,77,4.699999999999999,700+,9.361038961038957,3,1,1,0,ca,92701,Orange,1
3407,Burger King,"200 north harbor boulevard, santa ana, ca, 92703, us",8.49,3.99,5.59,14.69,4.99,,,14,77,4.699999999999999,900+,9.37402597402597,3,1,1,0,ca,92703,Orange,1
3408,Burger King,"601 east dyer road, santa ana, ca, 92705, us",9.89,,5.99,16.89,5.99,,,12,70,4.800000000000001,240+,10.25528571428571,3,1,1,0,ca,92705,Orange,1
3409,Burger King,"14601 red hill avenue, tustin, ca, 92780, us",8.49,3.99,5.49,14.69,4.99,,,15,75,4.600000000000001,310+,9.136266666666664,3,1,1,0,ca,92780,Orange,1
3410,Burger King,"1201 south, anaheim, ca, 92805, us",9.59,3.59,5.99,16.79,4.29,,,38,156,4.6000000000000005,500+,9.227435897435898,3,1,1,0,ca,92805,Orange,1
3411,Burger King,"2210 e lincoln ave, anaheim, ca, 92806, us",8.39,3.99,5.49,14.59,4.99,,,16,77,4.699999999999999,600+,9.290909090909087,3,1,1,0,ca,92806,Orange,1
3412,Burger King,"510 south euclid street, anaheim, ca, 92802, us",9.99,4.99,7.79,15.49,4.99,,,12,82,4.8,290+,10.729146341463416,3,1,1,0,ca,92802,Orange,1
3413,Burger King,"1329 south harbor boulevard, fullerton, ca, 92832, us",10.39,3.49,5.99,15.99,5.19,,,14,79,4.399999999999998,270+,8.78898734177215,3,1,1,0,ca,92832,Orange,1
3414,Burger King,"2751 w. orangethorpe blvd, fullerton, ca, 92833, us",10.39,3.49,5.39,15.29,4.89,,,15,79,4.5,500+,8.609240506329114,3,1,1,0,ca,92833,Orange,1
3415,Burger King,"814 n brookhurst st, anaheim, ca, 92801, us",9.89,,5.99,16.89,5.99,,,12,68,4.600000000000001,310+,10.001323529411762,3,1,1,0,ca,92801,Orange,1
3416,Burger King,"5121 foothills boulevard, roseville, ca, 95747, us",9.09,2.69,4.79,15.85,4.93,,,17,81,4.3,190+,8.185802469135801,3,1,1,0,ca,95747,Placer,1
3417,Burger King,"1300 east, roseville, ca, 95661, us",10.19,4.39,5.79,17.89,5.49,,,15,81,4.5,100+,9.767283950617282,3,1,1,0,ca,95661,Placer,1
3418,Burger King,"5869 antelope rd, sacramento, ca, 95621, us",9.09,2.69,4.79,15.85,4.93,,,12,74,4.399999999999999,380+,8.57337837837838,3,1,1,0,ca,95621,Sacramento,1
3419,Burger King,"7760 sunrise blvd, citrus heights, ca, 95610, us",10.19,4.39,5.79,17.89,5.49,,,15,81,4.600000000000001,180+,9.767283950617283,3,1,1,0,ca,95610,Sacramento,1
3420,Burger King,"115, lincoln, ca, 95648, us",9.09,2.69,4.79,15.85,4.93,,,16,79,4.800000000000001,100+,8.244683544303797,3,1,1,0,ca,95648,Placer,1
3421,Burger King,"2905 bell rd, auburn, ca, 95603, us",9.68,3.72,5.09,17.22,4.42,,,8,72,3.6000000000000005,48,8.307777777777778,3,1,1,0,ca,95603,Placer,1
3422,Burger King,"2167 university avenue, riverside, ca, 92507, us",10.39,3.49,5.39,15.29,4.89,,,30,158,4.399999999999999,500+,8.609240506329114,3,1,1,0,ca,92507,Riverside,1
3423,Burger King,"6835 valley way, riverside, ca, 92509, us",10.39,3.39,5.79,15.29,4.99,,,14,79,4.5,430+,8.730759493670885,3,1,1,0,ca,92509,Riverside,1
3424,Burger King,"5790 van buren boulevard, riverside, ca, 92503, us",10.39,3.39,5.39,15.29,4.89,,,15,79,4.5,380+,8.69278481012658,3,1,1,0,ca,92503,Riverside,1
3425,Burger King,"120 west valley boulevard, rialto, ca, 92376, us",10.39,3.49,5.39,15.29,4.89,,,45,237,4.399999999999999,260+,8.609240506329112,3,1,1,0,ca,92376,San Bernardino,1
3426,Burger King,"3630 tyler street, riverside, ca, 92505, us",10.39,3.39,5.79,15.29,4.99,,,14,79,4.600000000000002,420+,8.730759493670885,3,1,1,0,ca,92505,Riverside,1
3427,Burger King,"23125 hemlock avenue, moreno valley, ca, 92557, us",10.39,3.49,5.99,15.99,5.19,,,28,158,4.600000000000001,330+,8.78898734177215,3,1,1,0,ca,92557,Riverside,1
3428,Burger King,"24800 sunnymead blvd, moreno valley, ca, 92553, us",9.99,4.99,7.79,15.49,4.99,,,11,82,4.7,410+,10.744634146341463,3,1,1,0,ca,92553,Riverside,1
3429,Burger King,"1688 north, perris, ca, 92571, us",9.99,4.99,7.79,15.49,4.99,,,11,82,4.5,330+,10.744634146341465,3,1,1,0,ca,92571,Riverside,1
3430,Burger King,"205 east redlands, san bernardino, ca, 92408, us",10.39,3.49,5.39,15.29,4.89,,,30,158,4.5,500+,8.609240506329112,3,1,1,0,ca,92408,San Bernardino,1
3431,Burger King,"1320 industrial park avenue, redlands, ca, 92374, us",10.39,3.39,5.39,15.29,4.89,,,15,79,4.600000000000002,410+,8.69278481012658,3,1,1,0,ca,92374,San Bernardino,1
3432,Burger King,"40931 california oaks road, murrieta, ca, 92562, us",10.39,3.39,5.39,15.29,4.89,,,15,79,4.5,290+,8.69278481012658,3,1,1,0,ca,92562,Riverside,1
3433,Burger King,"2714 el centro road, sacramento, ca, 95833, us",9.09,2.69,4.79,15.85,4.93,,,15,75,4.7,500+,8.119866666666667,3,1,1,0,ca,95833,Sacramento,1
3434,Burger King,"763 ikea ct #120, west sacramento, ca, 95605, us",9.09,2.69,4.79,15.85,4.93,,,17,82,4.3,280+,8.133414634146343,3,1,1,0,ca,95605,Yolo,1
3435,Burger King,"5610 freeport boulevard, sacramento, ca, 95822, us",9.09,2.69,4.79,15.85,4.93,,,17,82,4.399999999999999,250+,8.133414634146343,3,1,1,0,ca,95822,Sacramento,1
3436,Burger King,"1915 arden way, sacramento, ca, 95815, us",9.09,3.37,5.19,,4.93,,2.98,11,50,4.199999999999999,700+,5.327000000000001,3,1,1,0,ca,95815,Sacramento,1
3437,Burger King,"7225 greenhaven drive, sacramento, ca, 95831, us",9.09,2.69,4.79,15.85,4.93,,,17,84,4.3,400+,8.002380952380953,3,1,1,0,ca,95831,Sacramento,1
3438,Burger King,"7218 stockton boulevard, sacramento, ca, 95823, us",9.09,3.37,5.19,,4.93,,2.98,11,50,4.4,500+,5.327000000000001,3,1,1,0,ca,95823,Sacramento,1
3439,Burger King,"9181 east stockton boulevard, elk grove, ca, 95624, us",9.09,2.69,4.79,15.85,4.93,,,17,82,4.2,140+,8.133414634146343,3,1,1,0,ca,95624,Sacramento,1
3440,Burger King,"935 north waterman, san bernardino, ca, 92410, us",10.39,3.39,5.39,15.29,4.89,,,15,79,4.300000000000001,490+,8.69278481012658,3,1,1,0,ca,92410,San Bernardino,1
3441,Burger King,"487 west highland, san bernardino, ca, 92405, us",10.39,3.39,5.39,15.29,4.89,,,30,158,4.399999999999999,800+,8.69278481012658,3,1,1,0,ca,92405,San Bernardino,1
3442,Burger King,"503 east foothill, rialto, ca, 92376, us",10.39,3.49,5.69,15.29,4.89,,,30,158,4.5,480+,8.625696202531644,3,1,1,0,ca,92376,San Bernardino,1
3443,Burger King,"4150 e, highland, ca, 92346, us",10.39,3.39,5.79,15.29,4.99,,,14,79,4.5,480+,8.730759493670885,3,1,1,0,ca,92346,San Bernardino,1
3444,Burger King,"16878 foothill boulevard, fontana, ca, 92335, us",10.39,3.49,5.39,15.29,4.89,,,15,79,4.5,700+,8.609240506329114,3,1,1,0,ca,92335,San Bernardino,1
3445,Burger King,"1361 west foothill boulevard, rialto, ca, 92376, us",10.39,3.49,5.69,15.29,4.89,,,15,79,4.600000000000002,300+,8.625696202531644,3,1,1,0,ca,92376,San Bernardino,1
3446,Burger King,"10055 cedar avenue, bloomington, ca, 92316, us",10.39,3.49,5.39,15.29,4.89,,,15,79,4.600000000000002,100+,8.609240506329114,3,1,1,0,ca,92316,San Bernardino,1
3447,Burger King,"12925 hesperia road, victorville, ca, 92395, us",10.39,3.39,5.39,15.29,4.89,,,15,79,4.300000000000001,340+,8.69278481012658,3,1,1,0,ca,92395,San Bernardino,1
3448,Burger King,"12077 palmdale road, victorville, ca, 92392, us",10.39,3.39,5.39,15.29,4.89,,,15,79,4.5,600+,8.69278481012658,3,1,1,0,ca,92392,San Bernardino,1
3449,Burger King,"9640 mariposa road, hesperia, ca, 92344, us",10.39,3.39,5.79,15.29,4.99,,,14,79,4.600000000000002,100+,8.730759493670885,3,1,1,0,ca,92344,San Bernardino,1
3450,Burger King,"17021 main street, hesperia, ca, 92345, us",10.39,3.39,5.39,15.29,4.89,,,15,79,4.600000000000002,77,8.69278481012658,3,1,1,0,ca,92345,San Bernardino,1
3451,Burger King,"9760 sheep creek road, phelan, ca, 92371, us",10.39,3.39,5.39,15.29,4.89,,,15,79,4.100000000000002,110+,8.69278481012658,3,1,1,0,ca,92371,San Bernardino,1
3452,Burger King,"3235 west little league drive, san bernardino, ca, 92407, us",10.39,3.49,5.39,15.29,4.89,,,15,79,4.600000000000002,420+,8.609240506329114,3,1,1,0,ca,92407,San Bernardino,1
3453,Burger King,"1210 11th ave, san diego, ca, 92101, us",9.29,4.19,4.59,15.29,5.09,,,13,75,4.600000000000001,1,9.0628,3,1,1,0,ca,92101,San Diego,1
3454,Burger King,"1220 south 28th street, san diego, ca, 92113, us",9.29,4.19,4.59,15.29,5.09,,,26,150,4.5,2,9.058800000000002,3,1,1,0,ca,92113,San Diego,1
3455,Burger King,"3676 market street, san diego, ca, 92102, us",9.29,4.19,4.59,15.29,5.09,,,13,71,4.600000000000002,900+,9.247183098591554,3,1,1,0,ca,92102,San Diego,1
3456,Burger King,"3747 rosecrans street, san diego, ca, 92110, us",10.39,3.89,5.79,15.29,5.19,,,10,79,4.399999999999998,900+,8.709240506329113,3,1,1,0,ca,92110,San Diego,1
3457,Burger King,"815 highland avenue, national city, ca, 91950, us",10.39,3.89,5.99,16.39,5.39,,,20,158,4.399999999999999,500+,8.78898734177215,3,1,1,0,ca,91950,San Diego,1
3458,Burger King,"6960 broadway, lemon grove, ca, 91945, us",9.29,4.19,4.59,15.29,5.09,,,13,75,4.5,2,9.058800000000002,3,1,1,0,ca,91945,San Diego,1
3459,Burger King,"599 broadway, chula vista, ca, 91910, us",10.39,3.79,5.39,15.29,4.99,,,9,81,4.600000000000001,310+,8.759382716049382,3,1,1,0,ca,91910,San Diego,1
3460,Burger King,"97 bonita road, chula vista, ca, 91910, us",10.39,3.89,5.99,16.39,5.39,,,10,81,4.600000000000001,330+,8.97172839506173,3,1,1,0,ca,91910,San Diego,1
3461,Burger King,"1265 third avenue, chula vista, ca, 91911, us",10.39,3.79,5.39,15.29,4.99,,,9,81,4.600000000000001,600+,8.759382716049382,3,1,1,0,ca,91911,San Diego,1
3462,Burger King,"899 east h street, chula vista, ca, 91910, us",10.39,3.89,5.99,16.39,5.39,,,10,81,4.7,600+,8.97172839506173,3,1,1,0,ca,91910,San Diego,1
3463,Burger King,"1690 valencia street, san francisco, ca, 94110, us",10.39,3.59,5.39,18.19,5.99,,,17,76,4.600000000000001,1,9.141710526315785,3,1,1,0,ca,94110,San Francisco,1
3464,Burger King,"619 west charter way, stockton, ca, 95206, us",9.61,2.59,4.69,16.37,5.06,,,17,80,4.200000000000001,430+,8.23425,3,1,1,0,ca,95206,San Joaquin,1
3465,Burger King,"1502 east march lane, stockton, ca, 95210, us",10.09,4.29,5.69,17.79,5.49,,,15,81,4.399999999999999,140+,9.727777777777778,3,1,1,0,ca,95210,San Joaquin,1
3466,Burger King,"4608 east waterloo road, stockton, ca, 95215, us",10.09,4.29,5.69,17.79,5.49,,,15,81,4.7,67,9.727777777777778,3,1,1,0,ca,95215,San Joaquin,1
3467,Burger King,"4571 north pershing avenue, stockton, ca, 95207, us",9.18,3.24,4.83,,4.8,,3.11,24,50,4.300000000000001,230+,5.356999999999999,3,1,1,0,ca,95207,San Joaquin,1
3468,Burger King,"616 west kettleman lane, lodi, ca, 95240, us",9.18,3.24,4.83,,4.8,,3.11,24,55,4.6,60,5.148,3,1,1,0,ca,95240,San Joaquin,1
3469,Burger King,"1358 madonna road, san luis obispo, ca, 93405, us",10.39,3.89,5.79,15.29,5.19,,,10,79,4.5,240+,8.709240506329113,3,1,1,0,ca,93405,San Luis Obispo,1
3470,Burger King,"2817 south el camino real, san mateo, ca, 94403, us",10.29,3.79,5.39,17.54,5.99,,,17,81,4.600000000000001,1,8.885185185185184,3,1,1,0,ca,94403,San Mateo,1
3471,Burger King,"111, colma, ca, 94014, us",10.29,3.79,5.39,17.54,5.99,,,17,81,4.2,370+,8.885185185185184,3,1,1,0,ca,94014,San Mateo,1
3472,Burger King,"120 south nicholson avenue, santa maria, ca, 93454, us",10.39,3.89,5.79,15.29,5.19,,,10,79,4.699999999999999,29,8.709240506329113,3,1,1,0,ca,93454,Santa Barbara,1
3473,Burger King,"21 west main street, ventura, ca, 93001, us",10.39,3.49,5.99,15.99,5.19,,,28,158,4.5,86,8.78898734177215,3,1,1,0,ca,93001,Ventura,1
3474,Burger King,"1030 mclaughlin ave., san jose, ca, 95122, us",9.23,2.63,4.77,15.58,4.31,,,15,80,4.5,500+,8.247,3,1,1,0,ca,95122,Santa Clara,1
3475,Burger King,"2170 monterey road, san jose, ca, 95112, us",8.49,2.99,4.99,13.99,3.49,,,14,77,4.800000000000001,110+,7.911948051948053,3,1,1,0,ca,95112,Santa Clara,1
3476,Burger King,"2390 almaden road, san jose, ca, 95125, us",9.99,3.99,6.49,14.99,4.49,,,16,80,4.799999999999999,280+,8.77225,3,1,1,0,ca,95125,Santa Clara,1
3477,Burger King,"329 north capital avenue, san jose, ca, 95133, us",9.99,3.99,7.49,15.49,5.99,,,16,80,4.6000000000000005,500+,9.93825,3,1,1,0,ca,95133,Santa Clara,1
3478,Burger King,"49 west hamilton avenue, campbell, ca, 95008, us",10.29,3.59,5.39,17.54,5.99,,,17,84,4.600000000000001,500+,8.749999999999996,3,1,1,0,ca,95008,Santa Clara,1
3479,Burger King,"773 north mathilda avenue, sunnyvale, ca, 94085, us",10.2,4.93,6.91,17.03,4.39,,,13,79,4.699999999999999,800+,9.539367088607593,3,1,1,0,ca,94085,Santa Clara,1
3480,Burger King,"2015 mission street, santa cruz, ca, 95060, us",9.49,3.39,4.99,16.11,4.74,,,16,84,4.600000000000001,480+,8.248333333333331,3,1,1,0,ca,95060,Santa Cruz,1
3481,Burger King,"1475 holiday lane, fairfield, ca, 94534, us",8.99,3.59,5.39,15.49,4.79,,,16,74,4.5,130+,8.461891891891893,3,1,1,0,ca,94534,Solano,1
3482,Burger King,"741 stony point road, santa rosa, ca, 95407-6864, us",9.49,2.69,4.79,16.24,4.74,,,13,54,4.1,15,7.639814814814814,3,1,1,0,ca,95407,Sonoma,1
3483,Burger King,"1042 north carpenter road, modesto, ca, 95351, us",10.09,4.29,5.69,17.79,5.49,,,15,81,4.399999999999999,100+,9.727777777777778,3,1,1,0,ca,95351,Stanislaus,1
3484,Burger King,"1009 n ben maddox way, visalia, ca, 93292, us",9.89,3.49,3.79,17.39,5.29,,,21,84,4.600000000000001,180+,9.502619047619046,3,1,1,0,ca,93292,Tulare,1
3485,Burger King,"500 south de maree, visalia, ca, 93277, us",8.99,2.59,4.69,15.36,4.36,,,19,74,4.600000000000001,210+,8.316351351351353,3,1,1,0,ca,93277,Tulare,1
3486,Burger King,"3101 south mooney boulevard, visalia, ca, 93277, us",8.99,2.59,4.69,15.36,4.36,,,15,75,4.600000000000001,100+,8.329600000000001,3,1,1,0,ca,93277,Tulare,1
3487,Burger King,"2050 w riggin ave, visalia, ca, 93291, us",9.89,3.49,3.79,17.39,5.29,,,21,84,4.7,11,9.502619047619046,3,1,1,0,ca,93291,Tulare,1
3488,Burger King,"6603 betty dr, visalia, ca, 93291, us",8.99,2.59,4.69,15.36,4.36,,,19,81,5.0,27,8.016419753086419,3,1,1,0,ca,93291,Tulare,1
3489,Burger King,"601 e. bardsley ave., tulare, ca, 93274, us",9.89,3.49,3.79,17.39,5.29,,,19,79,4.600000000000002,100+,9.678101265822784,3,1,1,0,ca,93274,Tulare,1
3490,Burger King,"2001 north, oxnard, ca, 93036, us",10.39,3.49,5.99,15.99,5.19,,,14,79,4.5,270+,8.78898734177215,3,1,1,0,ca,93036,Ventura,1
3491,Burger King,"2500 s. ventura road, oxnard, ca, 93033, us",10.39,3.49,5.99,15.99,5.19,,,14,79,4.600000000000002,360+,8.78898734177215,3,1,1,0,ca,93033,Ventura,1
3492,Burger King,"2800 paseo mercado, oxnard, ca, 93036, us",10.39,3.49,5.99,15.99,5.19,,,14,79,4.699999999999999,81,8.78898734177215,3,1,1,0,ca,93036,Ventura,1
3493,Burger King,"5950 telegraph road, ventura, ca, 93003, us",10.39,3.49,5.99,15.99,5.19,,,14,79,4.600000000000002,230+,8.78898734177215,3,1,1,0,ca,93003,Ventura,1
3494,Burger King,"181 south arniell road, camarillo, ca, 93010, us",10.39,3.49,5.99,15.99,5.19,,,14,79,4.699999999999999,280+,8.78898734177215,3,1,1,0,ca,93010,Ventura,1
3495,Sonic,"31187 mission boulevard, hayward, ca, 94544, us",,3.8,,,,3.8,3.2,28,149,4.0,67,5.020738255033557,3,1,1,0,ca,94544,Alameda,1
3496,Sonic,"1400 north park boulevard, pittsburg, ca, 94565, us",,4.87,,,,3.89,4.87,24,76,4.5,280+,6.614736842105263,3,1,1,0,ca,94565,Contra Costa,1
3497,Sonic,"2105 n. schnoor avenue, madera, ca, 93637, us",,4.87,,,,3.89,3.89,9,38,4.5,100+,5.105789473684209,3,1,1,0,ca,93637,Madera,1
3498,Sonic,"3701 mall view rd, bakersfield, ca, 93306, us",,4.87,,,,3.89,4.87,12,38,4.400000000000001,1,5.812631578947369,3,1,1,0,ca,93306,Kern,1
3499,Sonic,"1070 e huntington dr, duarte, ca, 91010, us",,4.87,,,,3.89,4.14,7,35,4.400000000000001,1,5.646285714285714,3,1,1,0,ca,91010,Los Angeles,1
3500,Sonic,"1080 north davis road, salinas, ca, 93907, us",,3.8,,,,3.8,3.2,9,38,4.900000000000001,10,4.927894736842105,3,1,1,0,ca,93907,Monterey,1
3501,Sonic,"1060 west renaissance parkway, rialto, ca, 92376, us",,4.87,,,,3.89,4.14,9,38,4.300000000000002,1,5.809736842105262,3,1,1,0,ca,92376,San Bernardino,1
3502,Sonic,"11370 4th street, rancho cucamonga, ca, 91730, us",,4.87,,,,3.89,3.65,6,38,4.300000000000002,500+,5.027894736842105,3,1,1,0,ca,91730,San Bernardino,1
3503,Sonic,"1495 north mountain avenue, ontario, ca, 91762, us",,4.87,,,,3.89,4.14,9,33,3.8999999999999995,48,6.301515151515152,3,1,1,0,ca,91762,San Bernardino,1
3504,Sonic,"40 rio rancho road, pomona, ca, 91766, us",,4.87,,,,3.89,4.14,8,38,4.400000000000001,1,5.799210526315789,3,1,1,0,ca,91766,Los Angeles,1
3505,Sonic,"9505 magnolia ave, riverside, ca, 92503, us",,4.87,,,,3.89,,5,33,4.5,1,6.395757575757575,3,1,1,0,ca,92503,Riverside,1
3506,Sonic,"1202 magnolia ave, corona, ca, 92881, us",,4.87,,,,3.89,,6,34,4.6,600+,6.350882352941176,3,1,1,0,ca,92881,Riverside,1
3507,Sonic,"10354 trinity parkway, stockton, ca, 95219, us",,4.87,,,,3.89,3.89,8,36,4.5,280+,5.240833333333332,3,1,1,0,ca,95219,San Joaquin,1
3508,Sonic,"3080 naglee rd, tracy, ca, 95304, us",,4.87,,,,3.89,3.65,7,38,4.400000000000001,110+,5.018684210526316,3,1,1,0,ca,95304,San Joaquin,1
3509,Five Guys,"523 e shaw ave, fresno, ca, 93710, us",14.15,11.27,10.07,,7.91,4.31,8.15,7,29,4.6,600+,9.11655172413793,3,1,1,0,ca,93710,Fresno,1
3510,Five Guys,"1840 herndon ave., building b, suite 105, clovis, ca, 93611, us",15.47,12.47,11.15,,8.75,4.79,,5,28,4.700000000000001,700+,9.971428571428573,3,1,1,0,ca,93611,Fresno,1
3511,Five Guys,"180 e. paseo del centro, fresno, ca, 93720, us",15.47,12.47,11.15,,8.75,4.79,8.15,5,29,4.6,280+,9.908620689655173,3,1,1,0,ca,93720,Fresno,1
3512,Five Guys,"6623 riverside dr., fresno, ca, 93722, us",15.47,12.47,11.15,,8.75,4.79,8.15,5,29,4.7,500+,9.908620689655173,3,1,1,0,ca,93722,Fresno,1
3513,Five Guys,"2701 ming ave, bakersfield, ca, 93304, us",15.83,12.83,11.39,,8.87,4.91,8.64,4,28,4.700000000000001,160+,10.393214285714285,3,1,1,0,ca,93304,Kern,1
3514,Five Guys,"2701 calloway dr ste 400, bakersfield, ca, 93312, us",15.83,12.83,11.39,,8.87,4.91,8.64,5,29,4.800000000000001,600+,10.204137931034483,3,1,1,0,ca,93312,Kern,1
3515,Five Guys,"929 n. milliken avenue suite 103, ontario, ca, 91764, us",13.19,10.43,9.23,,7.19,3.95,7.67,8,112,4.6000000000000005,33,8.484285714285713,3,1,1,0,ca,91764,San Bernardino,1
3516,Five Guys,"10540 sierra avenue, fontana, ca, 92337, us",13.67,10.79,9.59,,7.19,3.95,7.67,2,24,4.7,1,8.42,3,1,1,0,ca,92337,San Bernardino,1
3517,Five Guys,"15218 summit avenue, fontana, ca, 92336, us",13.19,10.43,9.23,,7.19,3.95,7.67,2,29,4.7,1,8.327931034482758,3,1,1,0,ca,92336,San Bernardino,1
3518,Five Guys,"7945 haven ave, rancho cucamonga, ca, 91730, us",13.19,10.43,9.23,,7.19,3.95,7.67,2,29,4.7,1,8.327931034482758,3,1,1,0,ca,91730,San Bernardino,1
3519,Five Guys,"6285 pats ranch rd., mira loma, ca, 91752, us",13.67,10.79,9.59,,7.19,3.95,7.67,2,29,4.7,900+,8.439655172413792,3,1,1,0,ca,91752,Riverside,1
3520,Five Guys,"10060 alabama street, redlands, ca, 92374, us",13.19,10.43,9.23,,7.19,3.95,7.67,2,29,4.7,900+,8.327931034482758,3,1,1,0,ca,92374,San Bernardino,1
3521,Five Guys,"4129 s. mooney blvd., visalia, ca, 93277, us",14.15,11.27,10.07,,7.91,4.31,8.15,7,29,4.6,330+,9.11655172413793,3,1,1,0,ca,93277,Tulare,1
3522,Five Guys,"1693 west lacy blvd, hanford, ca, 93230, us",14.15,11.27,10.07,,7.91,4.31,8.15,7,29,4.800000000000001,290+,9.11655172413793,3,1,1,0,ca,93230,Kings,1
3523,Carls Jr,"1611 n blackstone ave, fresno, ca, 93703, us",9.89,6.39,,,5.19,4.65,9.09,10,53,4.4,160+,8.785094339622642,3,1,1,0,ca,93703,Fresno,1
3524,Carls Jr,"1588 n 1st st, fresno, ca, 93703, us",9.89,6.39,,,5.19,4.65,9.09,15,75,4.5,76,8.161066666666667,3,1,1,0,ca,93703,Fresno,1
3525,Carls Jr,"2590 s east ave, fresno, ca, 93706, us",9.89,6.39,,,5.19,4.65,9.09,15,75,4.2,240+,8.161066666666667,3,1,1,0,ca,93706,Fresno,1
3526,Carls Jr,"3983 n blackstone ave, fresno, ca, 93726, us",9.89,6.39,,,5.19,4.65,9.09,10,53,4.4,91,8.785094339622642,3,1,1,0,ca,93726,Fresno,1
3527,Carls Jr,"5007 e mckinley ave, fresno, ca, 93727, us",9.89,6.39,,,5.19,4.65,9.09,10,53,4.6,77,8.785094339622642,3,1,1,0,ca,93727,Fresno,1
3528,Carls Jr,"815 real road, bakersfield, ca, 93309, us",8.63,6.44,,14.44,4.89,3.86,7.47,10,85,4.600000000000002,160+,11.306470588235294,3,1,1,0,ca,93309,Kern,1
3529,Carls Jr,"3520 rosedale highway, bakersfield, ca, 93308, us",8.63,6.44,,14.44,4.89,3.86,7.47,10,85,4.7,97,11.306470588235294,3,1,1,0,ca,93308,Kern,1
3530,Carls Jr,"2412 ming ave, bakersfield, ca, 93304, us",8.63,6.44,,14.44,4.89,3.86,7.47,10,85,4.3,160+,11.306470588235294,3,1,1,0,ca,93304,Kern,1
3531,Carls Jr,"101 s union ave, bakersfield, ca, 93307, us",8.63,6.44,,14.44,4.89,3.86,7.47,10,85,4.5,250+,11.306470588235294,3,1,1,0,ca,93307,Kern,1
3532,Carls Jr,"2400 white ln, bakersfield, ca, 93304, us",8.63,6.44,,14.44,4.89,3.86,7.47,10,85,4.600000000000002,450+,11.306470588235294,3,1,1,0,ca,93304,Kern,1
3533,Carls Jr,"229 west 7th street, los angeles, ca, 90014, us",10.59,5.99,,,4.09,4.09,5.99,19,53,4.6,170+,7.488113207547169,3,1,1,0,ca,90014,Los Angeles,1
3534,Carls Jr,"620 w foothill blvd, rialto, ca, 92376, us",8.63,6.44,,15.47,3.86,3.86,6.95,9,88,4.700000000000001,500+,11.736704545454547,3,1,1,0,ca,92376,San Bernardino,1
3535,Carls Jr,"14454 valley blvd, fontana, ca, 92335, us",6.76,4.1,,,3.25,3.62,5.67,16,52,4.6,900+,6.380961538461539,3,1,1,0,ca,92335,San Bernardino,1
3536,Carls Jr,"16565 sierra lakes pkwy, fontana, ca, 92336, us",8.63,6.44,,15.47,3.86,3.86,6.95,9,88,4.700000000000001,480+,11.736704545454547,3,1,1,0,ca,92336,San Bernardino,1
3537,Carls Jr,"2022 n riverside ave, rialto, ca, 92377, us",8.63,6.44,,15.47,3.86,3.86,6.95,9,88,4.3999999999999995,210+,11.736704545454547,3,1,1,0,ca,92377,San Bernardino,1
3538,Carls Jr,"7359 milliken ave, rancho cucamonga, ca, 91730, us",8.63,6.44,,15.47,3.86,3.86,6.95,9,88,4.6000000000000005,280+,11.736704545454545,3,1,1,0,ca,91730,San Bernardino,1
3539,Carls Jr,"501 s chinowth st, visalia, ca, 93277, us",9.89,6.39,,,5.19,4.65,9.09,15,75,4.5,140+,8.161066666666668,3,1,1,0,ca,93277,Tulare,1
3540,Carls Jr,"3350 s mooney blvd, visalia, ca, 93277, us",9.89,6.39,,,5.19,4.65,9.09,15,75,4.5,120+,8.161066666666668,3,1,1,0,ca,93277,Tulare,1
3541,Carls Jr,"1527 hillman st, tulare, ca, 93274, us",9.89,6.39,,,5.19,4.65,9.09,15,75,4.7,52,8.161066666666668,3,1,1,0,ca,93274,Tulare,1
3542,Carls Jr,"85 s tower sq, tulare, ca, 93274, us",9.89,6.39,,,5.19,4.65,9.09,15,75,4.3,84,8.161066666666668,3,1,1,0,ca,93274,Tulare,1
3543,Carls Jr,"904 w el monte way, dinuba, ca, 93618, us",9.89,6.39,,,5.19,4.65,9.09,15,75,4.399999999999999,15,8.161066666666667,3,1,1,0,ca,93618,Tulare,1
