,restaurant_name,restaurant_location,specialty_item,cheeseburger,fries,drink,dessert,four_to_six,number_of_items,average_rating,number_of_ratings,average_menu_price,hamburger,wave,uber_eats,fast_food,small,state,zip,ca,county_name
0,Denny,"1776 powell street, emeryville, ca, 94608, us",17.56,16.73,5.18,4.35,6.33,117,519,4.3,91,11.578420038535647,,1,1,0,0,ca,94608,1,Alameda
1,Denny,"1803 marina blvd, san leandro, ca, 94577, us",19.12,17.56,5.81,4.56,7.16,42,208,3.600000000000001,25,12.638173076923078,,1,1,0,0,ca,94577,1,Alameda
2,Denny,"15015 freedom ave, san leandro, ca, 94578, us",19.12,17.56,5.81,4.56,7.16,42,208,4.3999999999999995,29,12.638173076923078,,1,1,0,0,ca,94578,1,Alameda
3,Denny,"2526, san pablo, ca, 94806, us",17.98,17.77,5.08,4.56,6.95,172,720,4.5,39,11.542666666666666,,1,1,0,0,ca,94806,1,Contra Costa
4,Denny,"11344 san pablo ave, el cerrito, ca, 94530, us",18.29,16.83,5.5,4.35,6.85,48,208,3.899999999999999,21,12.082403846153845,,1,1,0,0,ca,94530,1,Contra Costa
5,Denny,"25010 hesperian boulevard, hayward, ca, 94545, us",17.46,16.73,5.18,4.35,6.33,175,737,4.799999999999999,40,11.538453188602443,,1,1,0,0,ca,94545,1,Alameda
6,Denny,"5280 mowry ave., fremont, ca, 94538, us",17.46,16.73,5.18,4.35,6.33,75,317,4.8,61,11.546088328075708,,1,1,0,0,ca,94538,1,Alameda
7,Denny,"30163 industrial, hayward, ca, 94544, us",17.46,16.73,5.18,4.35,6.33,125,525,4.299999999999999,41,11.513523809523809,,1,1,0,0,ca,94544,1,Alameda
8,Denny,"333 s abbott ave, milpitas, ca, 95035, us",16.89,16.49,4.89,4.39,6.69,60,198,4.851515151515151,25,10.985959595959597,,1,1,0,0,ca,95035,1,Santa Clara
9,Denny,"5331 hopyard road, pleasanton, ca, 94588, us",17.56,16.73,5.18,4.35,6.33,48,206,4.299999999999999,25,11.497864077669902,,1,1,0,0,ca,94588,1,Alameda
10,Denny,"3020 west jack london boulevard, pleasanton, ca, 94588, us",17.56,16.73,5.18,4.35,6.33,24,104,4.299999999999999,10,11.633076923076924,,1,1,0,0,ca,94588,1,Alameda
11,Denny,"1313 willow pass rd, concord, ca, 94520, us",18.7,17.25,5.6,4.46,7.06,66,296,4.5,20,12.447162162162162,,1,1,0,0,ca,94520,1,Contra Costa
12,Denny,"2006 somersville rd, antioch, ca, 94509, us",17.46,16.73,5.18,4.35,6.33,25,105,4.299999999999999,34,11.513523809523813,,1,1,0,0,ca,94509,1,Contra Costa
13,Denny,"612 contra costa blvd., pleasant hill, ca, 94523, us",17.35,17.46,5.29,4.66,6.64,27,104,4.6000000000000005,12,11.675961538461538,,1,1,0,0,ca,94523,1,Contra Costa
14,Denny,"4823 lone tree way, antioch, ca, 94531, us",17.46,16.73,5.18,4.35,6.33,25,105,4.299999999999999,40,11.51352380952381,,1,1,0,0,ca,94531,1,Contra Costa
15,Denny,"250 fairgrounds dr, vallejo, ca, 94589, us",18.7,17.25,5.6,4.46,7.06,86,376,4.700000000000001,22,12.089255319148934,,1,1,0,0,ca,94589,1,Solano
16,Denny,"3120 n blackstone ave, fresno, ca, 93703, us",16.73,16.42,5.29,4.46,6.74,28,105,4.200000000000001,29,11.25561904761905,,1,1,0,0,ca,93703,1,Fresno
17,Denny,"2568 s east ave, fresno, ca, 93706, us",17.04,16.21,5.29,4.46,6.74,25,105,4.399999999999999,35,11.24542857142857,,1,1,0,0,ca,93706,1,Fresno
18,Denny,"710 west shaw avenue, clovis, ca, 93612, us",16.73,16.42,5.29,4.46,6.74,27,96,4.0,20,11.277812500000001,,1,1,0,0,ca,93612,1,Fresno
19,Denny,"1110 e shaw ave, fresno, ca, 93710, us",16.09,15.79,5.09,4.29,6.49,34,105,3.7999999999999994,25,10.827142857142857,,1,1,0,0,ca,93710,1,Fresno
20,Denny,"1121 n parkway dr, fresno, ca, 93728, us",16.09,15.79,5.09,4.29,6.49,34,105,4.299999999999999,20,10.827142857142857,,1,1,0,0,ca,93728,1,Fresno
21,Denny,"530 south clovis ave., fresno, ca, 93727, us",16.73,16.42,5.29,4.46,6.74,28,101,4.5,37,11.06970297029703,,1,1,0,0,ca,93727,1,Fresno
22,Denny,"2627 buck owens blvd, bakersfield, ca, 93308, us",16.42,14.75,5.08,4.46,,46,172,4.3,33,10.160465116279068,,1,1,0,0,ca,93308,1,Kern
23,Denny,"2851 white lane, bakersfield, ca, 93304, us",16.73,15.38,5.08,4.46,6.43,24,102,4.399999999999998,40,10.722058823529412,,1,1,0,0,ca,93304,1,Kern
24,Denny,"2684 mt. vernon ave, bakersfield, ca, 93306, us",16.73,15.58,5.18,,6.43,24,101,3.899999999999998,31,11.02059405940594,,1,1,0,0,ca,93306,1,Kern
25,Denny,"8710 rosedale hwy, bakersfield, ca, 93312, us",16.73,16.42,5.29,4.46,6.74,27,104,4.700000000000001,21,11.327019230769231,,1,1,0,0,ca,93312,1,Kern
26,Denny,"35175 7th standard road, bakersfield, ca, 93308, us",16.73,15.58,5.18,4.56,6.43,23,102,4.5,11,11.0643137254902,,1,1,0,0,ca,93308,1,Kern
27,Denny,"888 s figueroa st, los angeles, ca, 90017, us",18.79,17.29,6.39,5.39,7.49,26,105,4.299999999999999,103,12.023333333333333,,1,1,0,0,ca,90017,1,Los Angeles
28,Denny,"3060 n san fernando rd, los angeles, ca, 90065, us",16.73,15.58,5.08,4.46,,26,103,4.5,63,11.072038834951456,,1,1,0,0,ca,90065,1,Los Angeles
29,Denny,"6040 york boulevard, los angeles, ca, 90042, us",17.09,16.59,4.89,4.39,6.69,36,105,4.600000000000001,99,11.018571428571427,,1,1,0,0,ca,90042,1,Los Angeles
30,Denny,"2727 via campo, montebello, ca, 90640, us",16.73,15.38,5.08,4.46,,24,104,4.6000000000000005,69,10.854615384615386,,1,1,0,0,ca,90640,1,Los Angeles
31,Denny,"4760 east cesar e chavez avenue, los angeles, ca, 90022, us",15.99,15.69,4.69,4.09,6.39,31,104,4.6000000000000005,41,10.578461538461537,,1,1,0,0,ca,90022,1,Los Angeles
32,Denny,"601, long beach, ca, 90802, us",16.69,16.39,4.89,4.29,6.69,30,100,4.3,112,10.878999999999998,,1,1,0,0,ca,90802,1,Los Angeles
33,Denny,"3333 atlantic ave, long beach, ca, 90807, us",16.39,15.59,5.09,4.29,6.49,30,101,4.600000000000002,33,10.726633663366336,,1,1,0,0,ca,90807,1,Los Angeles
34,Denny,"1440 west pacific coast, wilmington, ca, 90744, us",17.04,16.21,5.29,4.46,6.74,26,103,4.5,43,11.143300970873787,,1,1,0,0,ca,90744,1,Los Angeles
35,Denny,"17230 lakewood blvd., bellflower, ca, 90706, us",17.35,17.04,5.08,4.46,6.95,26,105,4.299999999999999,35,11.418380952380954,,1,1,0,0,ca,90706,1,Los Angeles
36,Denny,"11195 long beach blvd, lynwood, ca, 90262, us",17.35,16.73,5.18,4.35,6.33,26,104,4.3999999999999995,133,11.485384615384616,,1,1,0,0,ca,90262,1,Los Angeles
37,Denny,"5570 pacific coast highway, long beach, ca, 90804, us",17.35,17.04,5.08,4.46,6.95,25,105,4.899999999999999,46,11.452761904761905,,1,1,0,0,ca,90804,1,Los Angeles
38,Denny,"27541 wayne mills place, valencia, ca, 91355, us",17.09,16.69,4.89,4.29,6.69,30,103,4.7,38,11.087087378640774,,1,1,0,0,ca,91355,1,Los Angeles
39,Denny,"25341 chiquella dr., stephenson ranch, ca, 91381, us",17.09,16.69,4.89,4.29,6.69,30,104,4.8999999999999995,32,11.1275,,1,1,0,0,ca,91381,1,Los Angeles
40,Denny,"12861 encinitas ave., sylmar, ca, 91342, us",17.77,17.35,5.08,4.46,6.95,26,104,4.700000000000001,15,11.460288461538461,,1,1,0,0,ca,91342,1,Los Angeles
41,Denny,"18932 w. soledad canyon rd, canyon country, ca, 91351, us",17.09,16.69,4.89,4.29,6.69,30,103,4.399999999999998,16,11.087087378640774,,1,1,0,0,ca,91351,1,Los Angeles
42,Denny,"16401 delone st., santa clarita, ca, 91387, us",17.09,16.69,4.89,4.29,6.69,30,104,4.6000000000000005,30,11.138076923076921,,1,1,0,0,ca,91387,1,Los Angeles
43,Denny,"115 baker ave, santa rosa, ca, 95407, us",18.7,17.25,5.6,4.46,7.06,69,304,3.9684210526315784,15,12.409243421052631,,1,1,0,0,ca,95407,1,Sonoma
44,Denny,"2005 n main street, salinas, ca, 93906, us",17.46,16.73,5.18,4.35,6.33,25,106,4.0,23,11.567641509433965,,1,1,0,0,ca,93906,1,Monterey
45,Denny,"975 e blanco rd, salinas, ca, 93901, us",19.12,17.56,5.81,4.56,7.16,21,105,4.799999999999999,18,12.683047619047619,,1,1,0,0,ca,93901,1,Monterey
46,Denny,"2137 north fremont st., monterey, ca, 93940, us",17.35,17.46,5.29,4.66,6.64,26,99,4.899999999999999,16,12.056363636363635,,1,1,0,0,ca,93940,1,Monterey
47,Denny,"300 fremont st, monterey, ca, 93940, us",17.46,16.73,5.18,4.35,6.33,25,106,4.700000000000001,27,11.562735849056603,,1,1,0,0,ca,93940,1,Monterey
48,Denny,"1571 el camino real, tustin, ca, 92780, us",17.46,16.73,5.18,4.35,6.33,26,104,4.8999999999999995,72,11.488173076923077,,1,1,0,0,ca,92780,1,Orange
49,Denny,"108 e orangethorpe ave, placentia, ca, 92870, us",17.35,17.04,5.08,4.46,6.95,54,202,4.799999999999999,36,11.458217821782176,,1,1,0,0,ca,92870,1,Orange
50,Denny,"1610 south harbor blvd., anaheim, ca, 92802, us",17.04,16.21,5.29,4.46,,50,174,4.600000000000001,28,11.53287356321839,,1,1,0,0,ca,92802,1,Orange
51,Denny,"2314 e 17th st, santa ana, ca, 92701, us",16.69,16.59,4.89,4.39,6.69,32,100,4.600000000000001,12,10.835999999999999,,1,1,0,0,ca,92701,1,Orange
52,Denny,"2530 s bristol street, santa ana, ca, 92704, us",17.77,17.35,5.08,4.46,6.95,25,101,4.399999999999998,16,11.375643564356434,,1,1,0,0,ca,92704,1,Orange
53,Denny,"1501 w 17th st, santa ana, ca, 92706, us",17.77,17.35,5.08,4.46,6.95,24,100,4.100000000000001,15,11.446900000000001,,1,1,0,0,ca,92706,1,Orange
54,Denny,"210 s euclid st, anaheim, ca, 92802, us",17.35,17.25,5.08,4.56,6.95,23,102,4.899999999999998,18,11.547254901960784,,1,1,0,0,ca,92802,1,Orange
55,Denny,"1375 s harbor blvd, fullerton, ca, 92832, us",16.89,16.49,4.99,4.29,6.59,28,103,4.3,20,10.919126213592232,,1,1,0,0,ca,92832,1,Orange
56,Denny,"1168 w katella ave, anaheim, ca, 92802, us",16.69,16.39,4.89,4.29,6.69,29,98,4.700000000000001,32,11.075714285714284,,1,1,0,0,ca,92802,1,Orange
57,Denny,"2005 e katella ave, anaheim, ca, 92806, us",17.98,17.56,5.18,4.56,6.95,28,100,4.399999999999999,31,11.477899999999998,,1,1,0,0,ca,92806,1,Orange
58,Denny,"122 sunrise ave., roseville, ca, 95661, us",17.35,17.46,5.29,4.66,6.64,52,208,3.399999999999999,16,11.80298076923077,,1,1,0,0,ca,95661,1,Placer
59,Denny,"5120 interstate ave, sacramento, ca, 95660, us",17.35,17.25,5.08,4.56,6.95,48,198,4.200000000000001,40,11.424040404040404,,1,1,0,0,ca,95660,1,Sacramento
60,Denny,"3520 auburn blvd., sacramento, ca, 95821, us",17.35,17.46,5.29,4.66,6.64,108,416,4.200000000000001,20,11.816923076923077,,1,1,0,0,ca,95821,1,Sacramento
61,Denny,"8841 greenback ln, orangevale, ca, 95662, us",17.35,17.46,5.29,4.66,6.64,52,196,4.399999999999999,10,11.70520408163265,,1,1,0,0,ca,95662,1,Sacramento
62,Denny,"2474 sunrise blvd, rancho cordova, ca, 95670, us",17.35,17.25,5.08,4.56,6.95,69,294,4.5,33,11.576836734693877,,1,1,0,0,ca,95670,1,Sacramento
63,Denny,"1245 university ave., riverside, ca, 92507, us",17.39,17.29,5.09,4.59,6.99,56,210,4.5,26,11.503333333333332,,1,1,0,0,ca,92507,1,Riverside
64,Denny,"3530 madison st, riverside, ca, 92504, us",17.04,16.21,5.29,4.46,6.74,50,210,4.700000000000001,34,11.244476190476192,,1,1,0,0,ca,92504,1,Riverside
65,Denny,"6875 valley way, rubidoux, ca, 92509, us",17.04,16.21,5.29,4.46,6.74,50,210,4.100000000000001,33,11.244476190476192,,1,1,0,0,ca,92509,1,Riverside
66,Denny,"2955 van buren boulevard, riverside, ca, 92503, us",17.98,17.56,5.18,4.56,6.95,56,208,4.6000000000000005,19,11.670961538461539,,1,1,0,0,ca,92503,1,Riverside
67,Denny,"1190 s. mt. vernon, colton, ca, 92324, us",17.98,17.56,5.18,4.56,6.95,56,194,4.299999999999999,24,11.613711340206185,,1,1,0,0,ca,92324,1,San Bernardino
68,Denny,"160 west valley blvd., colton, ca, 92324, us",17.98,17.56,5.18,4.56,6.95,112,380,4.200000000000001,12,11.659263157894738,,1,1,0,0,ca,92324,1,San Bernardino
69,Denny,"24952 sunnymead blvd, moreno valley, ca, 92553, us",17.39,17.29,5.09,4.59,6.99,28,105,4.200000000000001,45,11.508095238095237,,1,1,0,0,ca,92553,1,Riverside
70,Denny,"570 e 4th st, perris, ca, 92570, us",16.39,15.59,5.09,4.29,6.49,29,100,4.0,33,10.980999999999996,,1,1,0,0,ca,92570,1,Riverside
71,Denny,"25365 madison ave, murrieta, ca, 92562, us",17.35,17.25,5.08,4.56,6.95,25,104,4.1000000000000005,13,11.57596153846154,,1,1,0,0,ca,92562,1,Riverside
72,Denny,"23857 clinton keith rd, wildomar, ca, 92595, us",17.35,17.25,5.08,4.56,6.95,25,102,4.600000000000002,10,11.3821568627451,,1,1,0,0,ca,92595,1,Riverside
73,Denny,"28915 rancho california road, temecula, ca, 92590, us",17.35,17.25,5.08,4.56,6.95,50,200,3.8499999999999996,10,11.490500000000003,,1,1,0,0,ca,92590,1,Riverside
74,Denny,"36490 winchester rd, murrieta, ca, 92563, us",19.12,17.35,5.6,4.46,7.16,22,105,4.700000000000001,15,12.196857142857144,,1,1,0,0,ca,92563,1,Riverside
75,Denny,"31760 grape st, lake elsinore, ca, 92532, us",16.69,16.59,4.89,4.39,6.69,32,95,4.600000000000002,16,10.892105263157895,,1,1,0,0,ca,92532,1,Riverside
76,Denny,"540 w, vista, ca, 92083, us",17.56,17.14,5.08,4.56,6.95,52,200,4.600000000000001,34,11.4695,,1,1,0,0,ca,92083,1,San Diego
77,Denny,"300 bercut drive, sacramento, ca, 95811, us",17.35,17.46,5.29,4.66,6.64,26,100,4.100000000000001,21,11.7588,,1,1,0,0,ca,95811,1,Sacramento
78,Denny,"1322 howe ave., sacramento, ca, 95825, us",17.35,17.46,5.29,4.66,6.64,27,105,4.0,23,11.732000000000001,,1,1,0,0,ca,95825,1,Sacramento
79,Denny,"7900 college town dr., sacramento, ca, 95826, us",17.35,17.46,5.29,4.66,6.64,52,206,4.200000000000001,15,11.889417475728157,,1,1,0,0,ca,95826,1,Sacramento
80,Denny,"4441 e commerce way, sacramento, ca, 95834, us",17.35,17.46,5.29,4.66,6.64,27,104,4.5,20,11.816923076923077,,1,1,0,0,ca,95834,1,Sacramento
81,Denny,"5460 florin rd, sacramento, ca, 95823, us",17.35,17.46,5.29,4.66,6.64,52,192,4.1000000000000005,41,12.0209375,,1,1,0,0,ca,95823,1,Sacramento
82,Denny,"702 e highland ave, san bernardino, ca, 92404, us",17.98,17.56,5.18,4.56,6.95,27,101,4.399999999999998,36,11.863663366336635,,1,1,0,0,ca,92404,1,San Bernardino
83,Denny,"2442, highland, ca, 92346, us",17.98,17.56,,4.56,,27,90,3.8999999999999986,21,11.834111111111113,,1,1,0,0,ca,92346,1,San Bernardino
84,Denny,"5975 n palm ave, san bernardino, ca, 92407, us",16.73,16.42,5.29,4.46,6.74,56,210,4.5,17,11.259619047619047,,1,1,0,0,ca,92407,1,San Bernardino
85,Denny,"1377 w foothill blvd, rialto, ca, 92376",16.73,16.42,5.29,4.46,6.74,28,105,4.5,34,11.259619047619047,,1,1,0,0,ca,92376,1,San Bernardino
86,Denny,"17009-a valley blvd, fontana, ca, 92335",16.49,15.59,4.89,4.29,6.49,29,105,4.600000000000001,28,10.819523809523806,,1,1,0,0,ca,92335,1,San Bernardino
87,Denny,"13479 baseline ave, fontana, ca, 92336, us",17.35,17.04,5.08,4.46,6.95,25,102,4.899999999999998,15,11.558529411764704,,1,1,0,0,ca,92336,1,San Bernardino
88,Denny,"715 n milliken ave, ontario, ca, 91764, us",17.35,17.04,5.08,4.46,6.95,25,101,5.0,13,11.47128712871287,,1,1,0,0,ca,91764,1,San Bernardino
89,Denny,"14244 valley center dr, victorville, ca, 92395, us",16.73,16.42,5.29,4.46,6.74,27,104,4.299999999999999,18,11.327019230769231,,1,1,0,0,ca,92395,1,San Bernardino
90,Denny,"14240 highway 395, adelanto, ca, 92301, us",17.77,17.25,5.08,4.56,6.95,24,103,4.3,24,11.466407766990294,,1,1,0,0,ca,92301,1,San Bernardino
91,Denny,"18989 bear valley road, apple valley, ca, 92308, us",17.04,16.21,5.29,4.46,6.74,26,99,4.200000000000001,28,10.94181818181818,,1,1,0,0,ca,92308,1,San Bernardino
92,Denny,"13165 main st, hesperia, ca, 92344, us",16.73,16.42,5.29,4.46,6.74,27,102,3.3000000000000003,12,11.455588235294115,,1,1,0,0,ca,92344,1,San Bernardino
93,Denny,"20242 hwy 18, apple valley, ca, 92307, us",16.73,16.42,5.29,4.46,6.74,29,103,4.399999999999998,17,11.24757281553398,,1,1,0,0,ca,92307,1,San Bernardino
94,Denny,"7676 friars rd, san diego, ca, 92108, us",17.56,17.25,5.39,4.56,7.16,27,105,4.600000000000001,42,11.833619047619049,,1,1,0,0,ca,92108,1,San Diego
95,Denny,"5445 kearny villa rd., san diego, ca, 92123, us",17.35,17.25,5.08,4.56,6.95,25,103,4.899999999999998,33,11.525922330097085,,1,1,0,0,ca,92123,1,San Diego
96,Denny,"1065 camino del rio, san diego, ca, 92108, us",17.56,17.25,5.39,4.56,7.16,27,105,4.200000000000001,18,11.835619047619048,,1,1,0,0,ca,92108,1,San Diego
97,Denny,"1601 rosecrans st., san diego, ca, 92106, us",17.56,17.14,5.08,2.06,6.95,25,105,4.399999999999999,34,11.433619047619047,,1,1,0,0,ca,92106,1,San Diego
98,Denny,"424 west mile of cars, national city, ca, 91950, us",16.73,15.38,5.08,4.46,,50,174,4.100000000000001,36,10.905632183908045,,1,1,0,0,ca,91950,1,San Diego
99,Denny,"692 e st, chula vista, ca, 91910, us",16.73,15.38,5.08,4.46,,42,166,4.399999999999999,47,10.568915662650603,,1,1,0,0,ca,91910,1,San Diego
100,Denny,"110 bonita rd., chula vista, ca, 91910, us",16.73,15.38,5.08,4.46,6.43,24,101,4.5,74,10.711980198019802,,1,1,0,0,ca,91910,1,San Diego
101,Denny,"2222 coronado ave, san diego, ca, 92154, us",16.73,15.38,5.08,4.46,6.43,25,103,4.399999999999998,82,10.794563106796119,,1,1,0,0,ca,92154,1,San Diego
102,Denny,"130 calle primera, san diego, ca, 92173, us",17.56,17.25,5.39,4.56,7.16,27,104,4.700000000000001,31,11.921538461538463,,1,1,0,0,ca,92173,1,San Diego
103,Denny,"4365 university ave, san diego, ca, 92105, us",17.35,17.25,5.08,4.56,6.95,25,100,4.3,70,11.490499999999999,,1,1,0,0,ca,92105,1,San Diego
104,Denny,"487 harbor dr., oceanside, ca, 92054, us",17.56,17.14,5.08,4.56,6.95,26,100,4.5,19,11.4695,,1,1,0,0,ca,92054,1,San Diego
105,Denny,"605 college blvd., oceanside, ca, 92057, us",17.56,17.14,5.08,4.56,6.95,26,100,4.399999999999999,23,11.4695,,1,1,0,0,ca,92057,1,San Diego
106,Denny,"34242 del obispo, dana point, ca, 92629, us",17.46,16.73,5.18,4.35,6.33,25,106,4.299999999999999,40,11.551886792452828,,1,1,0,0,ca,92629,1,Orange
107,Denny,"816 mission st, san francisco, ca, 94103, us",22.76,22.76,8.41,5.18,10.8,15,291,4.399999999999999,100+,14.95979381443299,,1,1,0,0,ca,94103,1,San Francisco
108,Denny,"10 airport blvd, south san francisco, ca, 94080, us",19.54,17.14,5.81,4.77,7.16,80,416,4.1000000000000005,45,12.80798076923077,,1,1,0,0,ca,94080,1,San Mateo
109,Denny,"642 west charter way, stockton, ca, 95206, us",17.98,17.77,5.08,4.56,6.95,25,105,4.0,31,11.59152380952381,,1,1,0,0,ca,95206,1,San Joaquin
110,Denny,"4747 pacific ave., stockton, ca, 95207, us",16.69,16.79,5.09,4.49,6.39,28,103,3.8000000000000003,14,11.241456310679611,,1,1,0,0,ca,95207,1,San Joaquin
111,Denny,"16851 harlan rd, lathrop, ca, 95330, us",19.02,17.77,6.33,4.77,8.41,19,103,4.600000000000002,14,12.891262135922334,,1,1,0,0,ca,95330,1,San Joaquin
112,Denny,"208 madonna rd., san luis obispo, ca, 93405, us",17.35,17.04,5.08,4.46,6.95,25,105,4.200000000000001,46,11.442857142857143,,1,1,0,0,ca,93405,1,San Luis Obispo
113,Denny,"611 five cities dr., pismo beach, ca, 93449, us",17.77,17.25,5.08,4.56,6.95,48,208,4.299999999999999,31,11.554999999999998,,1,1,0,0,ca,93449,1,San Luis Obispo
114,Denny,"1310 24th st., paso robles, ca, 93446, us",17.77,17.25,5.08,4.56,6.95,24,104,4.0,14,11.554999999999998,,1,1,0,0,ca,93446,1,San Luis Obispo
115,Denny,"2920 s. norfolk, san mateo, ca, 94403, us",17.35,17.46,5.29,4.66,6.64,52,194,4.6000000000000005,22,11.935360824742268,,1,1,0,0,ca,94403,1,San Mateo
116,Denny,"1201 broadway, redwood city, ca, 94063, us",19.12,17.56,5.81,4.56,7.16,21,104,3.899999999999999,21,12.638173076923078,,1,1,0,0,ca,94063,1,San Mateo
117,Denny,"1019 east main st., santa maria, ca, 93454, us",17.77,17.25,5.08,4.56,6.95,25,105,4.5,19,11.501238095238095,,1,1,0,0,ca,93454,1,Santa Barbara
118,Denny,"3614 state st, santa barbara, ca, 93105, us",17.77,17.25,5.08,4.56,6.95,25,103,4.5,38,11.311844660194176,,1,1,0,0,ca,93105,1,Santa Barbara
119,Denny,"4095 telegraph road, ventura, ca, 93003, us",17.35,17.25,5.08,4.56,6.95,47,202,4.200000000000001,12,11.596881188118813,,1,1,0,0,ca,93003,1,Ventura
120,Denny,"1390 south first st., san jose, ca, 95112, us",17.46,16.73,5.18,4.35,6.33,47,202,4.299999999999999,83,11.571237623762379,,1,1,0,0,ca,95112,1,Santa Clara
121,Denny,"2401 lanai ave., san jose, ca, 95122, us",17.46,16.73,5.18,4.35,6.33,25,105,4.200000000000001,25,11.519523809523813,,1,1,0,0,ca,95122,1,Santa Clara
122,Denny,"2484 berryessa rd., san jose, ca, 95133, us",17.46,16.73,5.18,4.35,6.33,25,105,4.200000000000001,28,11.51952380952381,,1,1,0,0,ca,95133,1,Santa Clara
123,Denny,"1001 east capitol, san jose, ca, 95121, us",17.46,16.73,5.18,4.35,6.33,25,105,4.700000000000001,50,11.529428571428573,,1,1,0,0,ca,95121,1,Santa Clara
124,Denny,"2077 n 1st st, san jose, ca, 95131, us",18.7,17.25,5.6,4.46,7.06,43,184,4.299999999999999,24,11.918369565217391,,1,1,0,0,ca,95131,1,Santa Clara
125,Denny,"910 saratoga ave, san jose, ca, 95129, us",17.77,17.35,5.08,4.46,6.95,47,200,4.399999999999999,21,11.498299999999999,,1,1,0,0,ca,95129,1,Santa Clara
126,Denny,"3715 el camino real, santa clara, ca, 95051, us",17.29,16.79,5.09,4.39,6.69,36,98,4.600000000000001,36,11.322653061224491,,1,1,0,0,ca,95051,1,Santa Clara
127,Denny,"1745 el camino real, santa clara, ca, 95050, us",19.12,17.56,5.81,4.56,7.16,20,96,4.6000000000000005,17,12.754375000000001,,1,1,0,0,ca,95050,1,Santa Clara
128,Denny,"1515 ocean st., santa cruz, ca, 95060, us",17.35,17.46,5.29,4.66,6.64,26,100,4.399999999999999,16,11.9648,,1,1,0,0,ca,95060,1,Santa Cruz
129,Denny,"304 pittman rd, cordelia, ca, 94534, us",17.77,17.35,5.08,4.46,6.95,42,188,4.3999999999999995,11,11.813297872340424,,1,1,0,0,ca,94534,1,Solano
130,Denny,"1360 holiday lane, fairfield, ca, 94534, us",19.12,17.56,5.81,4.56,7.16,21,104,4.3999999999999995,30,12.752019230769232,,1,1,0,0,ca,94534,1,Solano
131,Denny,"1701 e. monte vista ave, vacaville, ca, 95688, us",17.98,17.56,5.18,4.56,6.95,25,93,4.2,16,11.826451612903227,,1,1,0,0,ca,95688,1,Solano
132,Denny,"1507 herndon rd., ceres, ca, 95307, us",17.98,17.77,5.08,4.56,6.95,22,97,2.899999999999999,14,11.652371134020619,,1,1,0,0,ca,95307,1,Stanislaus
133,Denny,"110 mchenry st., modesto, ca, 95354, us",17.35,17.46,5.29,4.66,6.64,22,96,0.0,6,11.902812500000001,,1,1,0,0,ca,95354,1,Stanislaus
134,Denny,"2332 south mooney, visalia, ca, 93277, us",16.73,16.42,5.29,4.46,6.74,28,103,4.5,17,11.385631067961166,,1,1,0,0,ca,93277,1,Tulare
135,Denny,"200 s akers st, visalia, ca, 93291, us",16.73,16.42,5.29,4.46,6.74,25,94,4.8,20,11.349042553191488,,1,1,0,0,ca,93291,1,Tulare
136,Denny,"795 e prosperity ave, tulare, ca, 93274, us",16.73,16.42,5.29,4.46,6.74,24,94,4.7,15,11.096382978723403,,1,1,0,0,ca,93274,1,Tulare
137,Denny,"1635 glendale ave., hanford, ca, 93230, us",16.73,16.42,5.29,4.46,6.74,25,97,4.5,17,11.279484536082476,,1,1,0,0,ca,93230,1,Kings
138,Denny,"2511 n ventura rd, port hueneme, ca, 93041, us",17.35,17.25,5.08,4.56,6.95,21,90,4.399999999999999,18,11.758888888888889,,1,1,0,0,ca,93041,1,Ventura
139,Denny,"1659 e dailey dr, camarillo, ca, 93010, us",17.04,16.21,5.29,4.46,6.74,23,96,4.700000000000001,24,11.158541666666666,,1,1,0,0,ca,93010,1,Ventura
140,Denny,"327 south palm avenue, santa paula, ca, 93060, us",17.09,16.69,4.89,4.29,6.69,28,96,5.0,11,11.069166666666666,,1,1,0,0,ca,93060,1,Ventura
141,Applebee,"2263 south shore center, alameda, ca, 94501, us",19.19,16.69,5.79,2.49,3.79,70,714,4.3999999999999995,67,13.862549019607844,,1,1,0,0,ca,94501,1,Alameda
142,Applebee,"2770 taylor st, san francisco, ca, 94133, us",24.19,22.89,6.29,2.49,8.29,56,808,4.399999999999999,29,18.229603960396037,,1,1,0,0,ca,94133,1,San Francisco
143,Applebee,"1369 fitzgerald drive, pinole, ca, 94564, us",17.89,16.69,5.79,2.49,3.49,32,800,4.5,53,13.348999999999998,,1,1,0,0,ca,94564,1,Contra Costa
144,Applebee,"24041 southland dr, hayward, ca, 94545, us",19.19,16.69,5.79,2.49,3.79,99,918,4.600000000000001,46,13.763529411764706,,1,1,0,0,ca,94545,1,Alameda
145,Applebee,"1135 veterans blvd, redwood city, ca, 94063, us",19.39,18.19,4.99,3.79,3.79,72,909,4.0,27,15.070198019801982,,1,1,0,0,ca,94063,1,San Mateo
146,Applebee,"39139 farwell drive, fremont, ca, 94538, us",19.19,16.69,5.79,2.49,3.79,45,505,4.6,41,13.874158415841581,,1,1,0,0,ca,94538,1,Alameda
147,Applebee,"4808, dublin, ca, 94568, us",17.89,16.69,5.79,2.49,3.49,12,303,4.699999999999999,20,13.608811881188117,,1,1,0,0,ca,94568,1,Alameda
148,Applebee,"555 saratoga ave., san jose, ca, 95129, us",19.39,18.19,4.99,3.79,3.79,28,396,4.6000000000000005,28,15.253636363636366,,1,1,0,0,ca,95129,1,Santa Clara
149,Applebee,"1041 admiral callaghan lane, vallejo, ca, 94591, us",17.89,16.69,5.79,2.49,3.49,15,501,4.200000000000001,39,13.552275449101794,,1,1,0,0,ca,94591,1,Solano
150,Applebee,"1350 travis blvd, fairfield, ca, 94533, us",17.89,16.69,5.79,2.49,3.49,9,300,3.8,19,13.695,,1,1,0,0,ca,94533,1,Solano
151,Applebee,"98 shaw avenue, clovis, ca, 93612, us",18.29,16.99,4.99,2.49,3.49,8,101,4.7,40,13.476138613861384,,1,1,0,0,ca,93612,1,Fresno
152,Applebee,"8430 n friant rd, fresno, ca, 93720, us",18.29,16.99,4.99,2.49,3.49,9,104,4.6000000000000005,25,13.36403846153846,,1,1,0,0,ca,93720,1,Fresno
153,Applebee,"3604 w shaw ave, fresno, ca, 93711, us",18.29,16.99,4.99,2.49,3.49,9,102,4.5,38,13.402745098039215,,1,1,0,0,ca,93711,1,Fresno
154,Applebee,"9000 ming ave, bakersfield, ca, 93311, us",18.79,16.99,4.99,2.49,3.49,9,106,4.200000000000001,33,13.35509433962264,,1,1,0,0,ca,93311,1,Kern
155,Applebee,"5700 florence ave, bell gardens, ca, 90201, us",18.29,16.99,4.99,2.49,3.49,16,204,4.600000000000001,68,13.411568627450979,,1,1,0,0,ca,90201,1,Los Angeles
156,Applebee,"1493 n, montebello, ca, 90640, us",18.29,16.99,4.99,2.49,3.49,9,105,4.799999999999999,45,13.344285714285713,,1,1,0,0,ca,90640,1,Los Angeles
157,Applebee,"21 e. main street, alhambra, ca, 91801, us",18.79,16.99,4.99,2.49,3.49,9,106,4.5,47,13.35509433962264,,1,1,0,0,ca,91801,1,Los Angeles
158,Applebee,"12129 imperial hwy, norwalk, ca, 90650, us",18.79,16.99,4.99,2.49,3.49,36,420,4.5,26,13.469999999999999,,1,1,0,0,ca,90650,1,Los Angeles
159,Applebee,"4935 graywood ave, lakewood, ca, 90712, us",18.29,16.99,4.99,2.49,3.49,36,424,4.3999999999999995,22,13.230566037735848,,1,1,0,0,ca,90712,1,Los Angeles
160,Applebee,"899 east spring st, signal hill, ca, 90755, us",18.29,16.99,4.99,2.49,3.49,18,210,4.399999999999999,65,13.296666666666665,,1,1,0,0,ca,90755,1,Los Angeles
161,Applebee,"1238 west imperial highway, la habra, ca, 90631, us",18.29,16.99,4.99,2.49,3.49,27,318,4.2,22,13.230566037735848,,1,1,0,0,ca,90631,1,Orange
162,Applebee,"2114 e lincoln ave, anaheim, ca, 92806, us",18.29,16.99,4.99,2.49,3.49,27,318,4.3,20,13.230566037735848,,1,1,0,0,ca,92806,1,Orange
163,Applebee,"9255 winnetka ave, chatsworth, ca, 91311, us",18.29,16.99,4.99,2.49,3.49,9,103,4.7,34,13.421067961165045,,1,1,0,0,ca,91311,1,Los Angeles
164,Applebee,"5301 old redwood hwy, petaluma, ca, 94954, us",19.19,16.69,5.79,2.49,3.79,40,412,4.799999999999999,16,13.756990291262136,,1,1,0,0,ca,94954,1,Sonoma
165,Applebee,"195 soscol ave, napa, ca, 94559, us",19.19,16.69,5.79,2.49,3.79,50,510,4.200000000000001,13,13.76156862745098,,1,1,0,0,ca,94559,1,Napa
166,Applebee,"501, rohnert park, ca, 94928, us",19.19,16.69,5.79,2.49,3.79,18,204,4.600000000000001,13,13.842941176470589,,1,1,0,0,ca,94928,1,Sonoma
167,Applebee,"2250, santa rosa, ca, 95407, us",19.19,16.69,5.79,2.49,3.79,10,102,4.5,67,13.823333333333336,,1,1,0,0,ca,95407,1,Sonoma
168,Applebee,"1301 n. davis road, salinas, ca, 93907, us",18.29,16.99,4.99,2.49,3.49,8,105,4.5,20,13.309047619047618,,1,1,0,0,ca,93907,1,Monterey
169,Applebee,"8200 arroyo circle, gilroy, ca, 95020, us",19.39,18.19,4.99,3.79,3.79,8,100,0.0,2,15.071,,1,1,0,0,ca,95020,1,Santa Clara
170,Applebee,"1105 s. green valley road, watsonville, ca, 95076, us",18.29,16.99,4.99,2.49,3.49,18,212,4.5,13,13.230566037735848,,1,1,0,0,ca,95076,1,Santa Cruz
171,Applebee,"2800 n main st main place mall ste 868, santa ana, ca, 92705, us",18.29,16.99,4.99,2.49,3.49,18,212,4.399999999999999,31,13.230566037735846,,1,1,0,0,ca,92705,1,Orange
172,Applebee,"1590 s azusa ave, industry, ca, 91748, us",18.29,16.99,4.99,2.49,3.49,18,206,4.799999999999999,19,13.474466019417475,,1,1,0,0,ca,91748,1,Los Angeles
173,Applebee,"6811 lonetree blvd., rocklin, ca, 95765, us",17.89,16.69,5.79,2.49,3.49,12,306,4.5,23,13.588039215686273,,1,1,0,0,ca,95765,1,Placer
174,Applebee,"6900 auburn blvd, citrus heights, ca, 95621, us",17.89,16.69,5.79,2.49,3.49,16,408,4.299999999999999,30,13.583137254901958,,1,1,0,0,ca,95621,1,Sacramento
175,Applebee,"2024 arden way, sacramento, ca, 95825, us",17.89,16.69,5.79,2.49,3.49,16,408,4.100000000000001,26,13.583137254901962,,1,1,0,0,ca,95825,1,Sacramento
176,Applebee,"3601 truxel rd., sacramento, ca, 95834, us",17.89,16.69,5.79,2.49,3.49,9,297,4.6000000000000005,44,13.235454545454544,,1,1,0,0,ca,95834,1,Sacramento
177,Applebee,"2500 bell road, auburn, ca, 95603, us",17.89,16.69,5.79,2.49,3.49,6,202,0.0,2,13.424158415841584,,1,1,0,0,ca,95603,1,Placer
178,Applebee,"3281 coach ln, cameron park, ca, 95682, us",17.89,16.69,5.79,2.49,3.49,8,202,0.0,2,13.692970297029701,,1,1,0,0,ca,95682,1,El Dorado
179,Applebee,"3820 mulberry, riverside, ca, 92507, us",18.29,16.99,4.99,2.49,3.49,32,409,4.5,28,13.478753056234718,,1,1,0,0,ca,92507,1,Riverside
180,Applebee,"12600 day street, moreno valley, ca, 92553, us",18.29,16.99,4.99,2.49,3.49,24,307,4.6000000000000005,25,13.451563517915307,,1,1,0,0,ca,92553,1,Riverside
181,Applebee,"521 n. mckinley, corona, ca, 92879, us",18.29,16.99,4.99,2.49,3.49,16,202,4.5,19,13.626633663366336,,1,1,0,0,ca,92879,1,Riverside
182,Applebee,"12375 limonite avenue, mira loma, ca, 91752, us",18.29,16.99,4.99,2.49,3.49,18,206,4.5,29,12.9026213592233,,1,1,0,0,ca,91752,1,Riverside
183,Applebee,"2046 w, redlands, ca, 92373, us",18.29,16.99,4.99,2.49,3.49,40,525,4.299999999999999,35,13.30904761904762,,1,1,0,0,ca,92373,1,San Bernardino
184,Applebee,"16867 sierra lakes parkway, fontana, ca, 92336, us",18.29,16.99,4.99,2.49,3.49,36,420,3.899999999999999,41,13.26333333333333,,1,1,0,0,ca,92336,1,San Bernardino
185,Applebee,"1585 e 6th street, beaumont, ca, 92223, us",21.59,21.59,3.59,1.19,2.69,14,208,4.700000000000001,21,15.966923076923077,,1,1,0,0,ca,92223,1,Riverside
186,Applebee,"4070 e, highland, ca, 92346, us",18.29,16.99,4.99,2.49,3.49,21,300,4.6000000000000005,43,13.709,,1,1,0,0,ca,92346,1,San Bernardino
187,Applebee,"24872 madison ave, murrieta, ca, 92562, us",18.29,16.99,4.99,2.49,3.49,16,208,4.6000000000000005,16,13.417884615384613,,1,1,0,0,ca,92562,1,Riverside
188,Applebee,"32175 hwy. 79, temecula, ca, 92592, us",18.79,16.99,4.99,2.49,3.49,18,206,4.349999999999999,16,13.609417475728154,,1,1,0,0,ca,92592,1,Riverside
189,Applebee,"27750 newport road, menifee, ca, 92584, us",18.29,16.99,4.99,2.49,3.49,9,104,4.6000000000000005,41,13.400576923076922,,1,1,0,0,ca,92584,1,Riverside
190,Applebee,"2515 w florida ave, hemet, ca, 92545, us",18.29,16.99,4.99,2.49,3.49,8,104,4.3999999999999995,34,13.413076923076922,,1,1,0,0,ca,92545,1,Riverside
191,Applebee,"2146 vista way, oceanside, ca, 92054, us",18.29,16.99,4.99,2.49,3.49,16,208,4.6000000000000005,33,13.424615384615382,,1,1,0,0,ca,92054,1,San Diego
192,Applebee,"9105 e stockton blvd, elk grove, ca, 95624, us",17.89,16.69,5.79,2.49,3.49,6,188,4.5,23,13.578297872340421,,1,1,0,0,ca,95624,1,Sacramento
193,Applebee,"1790 e. main street, woodland, ca, 95776, us",17.89,16.69,5.79,2.49,3.49,6,198,4.5,23,13.906161616161612,,1,1,0,0,ca,95776,1,Yolo
194,Applebee,"2442 w kettleman lane, lodi, ca, 95242, us",17.89,16.69,5.79,2.49,3.49,8,208,4.700000000000001,10,13.435192307692306,,1,1,0,0,ca,95242,1,San Joaquin
195,Applebee,"1021 n. milliken ave., ontario, ca, 91764, us",18.29,16.99,4.99,2.49,3.49,8,103,5.0,10,13.421067961165047,,1,1,0,0,ca,91764,1,San Bernardino
196,Applebee,"10709 foothill blvd, rancho cucamonga, ca, 91730, us",18.29,16.99,4.99,2.49,3.49,9,106,4.799999999999999,26,13.230566037735846,,1,1,0,0,ca,91730,1,San Bernardino
197,Applebee,"19201 bear valley road, apple valley, ca, 92308, us",18.29,16.99,4.99,2.49,3.49,8,102,4.8,20,13.552745098039212,,1,1,0,0,ca,92308,1,San Bernardino
198,Applebee,"7677 balboa ave, san diego, ca, 92111, us",18.29,16.99,4.99,2.49,3.49,18,206,4.5,61,13.481262135922327,,1,1,0,0,ca,92111,1,San Diego
199,Applebee,"610 palomar st ste 1502, chula vista, ca, 91911, us",,,4.99,2.49,3.49,27,282,4.5,39,13.112340425531913,,1,1,0,0,ca,91911,1,San Diego
200,Applebee,"3030 plaza bonita road, national city, ca, 91950, us",18.29,16.99,4.99,2.49,3.49,9,102,4.2,58,13.515490196078428,,1,1,0,0,ca,91950,1,San Diego
201,Applebee,"107 fletcher parkway, el cajon, ca, 92020, us",18.29,16.99,4.99,2.49,3.49,16,204,4.200000000000001,49,13.30862745098039,,1,1,0,0,ca,92020,1,San Diego
202,Applebee,"2508 jamacha, el cajon, ca, 92019, us",18.79,16.99,4.99,2.49,3.49,18,202,4.600000000000001,30,13.548415841584157,,1,1,0,0,ca,92019,1,San Diego
203,Applebee,"9480 east mira mesa blvd., san diego, ca, 92126, us",18.29,16.99,4.99,2.49,3.49,8,103,4.7,59,13.482233009708734,,1,1,0,0,ca,92126,1,San Diego
204,Applebee,"1216 auto park way, escondido, ca, 92029, us",18.29,16.99,4.99,2.49,3.49,9,105,4.799999999999999,56,13.296666666666665,,1,1,0,0,ca,92029,1,San Diego
205,Applebee,"2659 w. march lane, stockton, ca, 95207, us",17.89,16.69,5.79,2.49,3.49,3,100,4.600000000000001,19,13.716999999999999,,1,1,0,0,ca,95207,1,San Joaquin
206,Applebee,"1272 e. yosemite ave., manteca, ca, 95336, us",19.39,18.19,4.99,3.79,3.79,8,100,4.2,13,15.120999999999999,,1,1,0,0,ca,95336,1,San Joaquin
207,Applebee,"3060 n. naglee road, tracy, ca, 95304, us",19.39,18.19,4.99,3.79,3.79,8,101,0.0,2,15.07019801980198,,1,1,0,0,ca,95304,1,San Joaquin
208,Applebee,"1415 s bradley, santa maria, ca, 93454, us",18.29,16.99,4.99,2.49,3.49,8,102,4.3,16,13.582156862745094,,1,1,0,0,ca,93454,1,Santa Barbara
209,Applebee,"621 w central ave, lompoc, ca, 93436, us",18.29,16.99,4.99,2.49,3.49,9,102,4.2,12,13.593921568627447,,1,1,0,0,ca,93436,1,Santa Barbara
210,Applebee,"51 curtner ave, san jose, ca, 95125, us",19.39,18.19,4.99,3.79,3.79,14,198,4.399999999999999,29,15.285959595959595,,1,1,0,0,ca,95125,1,Santa Clara
211,Applebee,"5690 cottle rd, san jose, ca, 95123, us",19.39,18.19,4.99,3.79,3.79,14,200,4.600000000000001,14,15.164000000000001,,1,1,0,0,ca,95123,1,Santa Clara
212,Applebee,"8931 brooks rd s, windsor, ca, 95492, us",19.19,16.69,5.79,2.49,3.79,10,102,4.3,10,13.76156862745098,,1,1,0,0,ca,95492,1,Sonoma
213,Applebee,"3900 sisk road, modesto, ca, 95356, us",19.39,18.19,4.99,3.79,3.79,8,100,0.0,2,15.032999999999998,,1,1,0,0,ca,95356,1,Stanislaus
214,Applebee,"2449 claribel road, riverbank, ca, 95367, us",19.39,18.19,4.99,3.79,3.79,8,101,4.100000000000002,12,15.07019801980198,,1,1,0,0,ca,95367,1,Stanislaus
215,Applebee,"2501 fulkerth road, turlock, ca, 95380, us",19.39,18.19,4.99,3.79,3.79,8,100,4.3,15,15.183,,1,1,0,0,ca,95380,1,Stanislaus
216,Applebee,"5325 avenida de los robles, visalia, ca, 93291, us",18.29,16.99,4.99,2.49,3.49,16,208,4.799999999999999,12,13.22653846153846,,1,1,0,0,ca,93291,1,Tulare
217,Applebee,"1665 west lacey blvd, hanford, ca, 93230, us",18.29,16.99,4.99,2.49,3.49,8,103,4.100000000000002,19,13.462815533980578,,1,1,0,0,ca,93230,1,Kings
218,Applebee,"291 w. ventura blvd, camarillo, ca, 93010, us",18.79,16.99,4.99,2.49,3.49,9,105,0.0,2,13.422380952380951,,1,1,0,0,ca,93010,1,Ventura
219,Outback Steakhouse,"1361 fitzgerald drive, pinole, ca, 94564, us",18.49,9.49,4.99,3.99,11.99,72,744,4.3999999999999995,27,19.640537634408606,15.99,1,1,0,0,ca,94564,1,Contra Costa
220,Outback Steakhouse,"371 gellert blvd., daly city, ca, 94015, us",18.49,9.49,4.99,4.19,11.99,112,696,4.299999999999999,84,19.57419540229885,15.99,1,1,0,0,ca,94015,1,San Mateo
221,Outback Steakhouse,"6505 regional st., dublin, ca, 94568, us",18.49,9.49,4.99,3.99,11.99,80,774,4.200000000000001,12,19.961576227390186,15.99,1,1,0,0,ca,94568,1,Alameda
222,Outback Steakhouse,"150a longbrook way, pleasant hill, ca, 94523, us",17.49,7.49,4.99,3.79,9.49,42,486,4.799999999999999,35,17.573950617283955,14.49,1,1,0,0,ca,94523,1,Contra Costa
223,Outback Steakhouse,"1246 great mall drive, milpitas, ca, 95035, us",18.49,,4.99,4.19,11.99,45,265,4.200000000000001,31,20.61415094339623,15.99,1,1,0,0,ca,95035,1,Santa Clara
224,Outback Steakhouse,"4350 century blvd, pittsburg, ca, 94565, us",18.49,9.49,4.99,3.99,11.99,18,192,4.200000000000001,10,19.18791666666667,15.99,1,1,0,0,ca,94565,1,Contra Costa
225,Outback Steakhouse,"5051 stockdale hwy., bakersfield, ca, 93309, us",17.49,7.49,4.99,3.79,9.49,7,81,4.5,50+,17.38259259259259,14.49,1,1,0,0,ca,93309,1,Kern
226,Outback Steakhouse,"1761 n. victory place, burbank, ca, 91504, us",18.49,9.49,4.99,,11.99,16,180,4.5,56,20.840000000000003,15.99,1,1,0,0,ca,91504,1,Los Angeles
227,Outback Steakhouse,"12850, norwalk, ca, 90650, us",18.49,9.49,4.99,3.99,11.99,30,294,4.7,28,19.801224489795924,15.99,1,1,0,0,ca,90650,1,Los Angeles
228,Outback Steakhouse,"166 e. huntington dr., arcadia, ca, 91006, us",18.49,9.49,4.99,3.99,11.99,10,98,4.5,50,19.204285714285717,15.99,1,1,0,0,ca,91006,1,Los Angeles
229,Outback Steakhouse,"5305 clark ave., lakewood, ca, 90712, us",18.49,9.49,4.99,3.99,11.99,30,291,4.5,28,19.96422680412371,15.99,1,1,0,0,ca,90712,1,Los Angeles
230,Outback Steakhouse,"3525 w. carson st, torrance, ca, 90503, us",18.49,9.49,4.99,3.99,11.99,20,194,4.399999999999999,31,19.964226804123715,15.99,1,1,0,0,ca,90503,1,Los Angeles
231,Outback Steakhouse,"1476 n. azusa ave., covina, ca, 91722, us",18.49,9.49,4.99,3.99,11.99,10,98,4.600000000000001,64,19.26040816326531,15.99,1,1,0,0,ca,91722,1,Los Angeles
232,Outback Steakhouse,"20 w. shoreline dr., long beach, ca, 90802, us",18.49,9.49,4.99,3.99,11.99,10,96,4.3999999999999995,24,19.48479166666667,15.99,1,1,0,0,ca,90802,1,Los Angeles
233,Outback Steakhouse,"549, westminster, ca, 92683, us",18.49,9.49,4.99,3.99,11.99,30,294,4.399999999999999,39,19.719591836734697,15.99,1,1,0,0,ca,92683,1,Orange
234,Outback Steakhouse,"7575beach blvd., buena park, ca, 90620, us",18.49,9.49,4.99,3.99,11.99,36,300,4.1000000000000005,19,19.550000000000004,15.99,1,1,0,0,ca,90620,1,Orange
235,Outback Steakhouse,"25261n. the old rd., valencia, ca, 91381, us",18.49,9.49,4.99,3.99,11.99,9,94,4.5,24,19.803829787234047,15.99,1,1,0,0,ca,91381,1,Los Angeles
236,Outback Steakhouse,"18711devonshire st., northridge, ca, 91324, us",18.49,9.49,4.99,4.19,11.99,16,99,4.600000000000001,27,19.791010101010105,15.99,1,1,0,0,ca,91324,1,Los Angeles
237,Outback Steakhouse,"12001 harbor boulevard, garden grove, ca, 92840, us",18.49,9.49,4.99,3.99,11.99,20,178,4.399999999999999,56,19.119213483146073,15.99,1,1,0,0,ca,92840,1,Orange
238,Outback Steakhouse,"26652 portola pkwy., foothill ranch, ca, 92610, us",18.49,9.49,4.99,3.99,11.99,10,99,4.200000000000001,15,19.67686868686869,15.99,1,1,0,0,ca,92610,1,Orange
239,Outback Steakhouse,"25322 cabot rd., laguna hills, ca, 92653, us",18.49,9.49,4.99,3.99,11.99,10,98,4.299999999999999,38,19.801224489795924,15.99,1,1,0,0,ca,92653,1,Orange
240,Outback Steakhouse,"1340 howe ave., sac ii, ca, 95825, us",18.49,9.49,4.99,3.99,11.99,36,380,4.5,35,19.453157894736847,15.99,1,1,0,0,ca,95825,1,Sacramento
241,Outback Steakhouse,"620 e. hospitality lane, san bernardino, ca, 92408, us",18.49,9.49,4.99,3.99,11.99,50,479,4.100000000000001,17,19.776012526096032,15.99,1,1,0,0,ca,92408,1,San Bernardino
242,Outback Steakhouse,"4492, ontario, ca, 91764, us",18.49,9.49,4.99,3.99,11.99,40,394,4.700000000000001,41,19.563604060913708,15.99,1,1,0,0,ca,91764,1,San Bernardino
243,Outback Steakhouse,"530 n. mountain ave., upland, ca, 91786, us",18.49,9.49,4.99,3.99,11.99,40,392,4.0,22,19.801224489795924,15.99,1,1,0,0,ca,91786,1,San Bernardino
244,Outback Steakhouse,"177, san marcos, ca, 92069, us",18.49,9.49,4.99,3.99,11.99,20,194,4.100000000000001,35,19.644639175257737,15.99,1,1,0,0,ca,92069,1,San Diego
245,Outback Steakhouse,"7221 laguna blvd., elk grove, ca, 95758, us",18.49,9.49,4.99,3.99,11.99,16,183,4.100000000000001,17,18.886174863387982,15.99,1,1,0,0,ca,95758,1,Sacramento
246,Outback Steakhouse,"12400b amargosa road, victorville, ca, 92392, us",18.49,9.49,4.99,3.99,11.99,20,194,4.399999999999999,15,19.644639175257737,15.99,1,1,0,0,ca,92392,1,San Bernardino
247,Outback Steakhouse,"1640 camino del rio n., san diego, ca, 92108, us",18.49,9.49,4.99,4.19,11.99,30,195,4.45025641025641,100+,19.57564102564103,15.99,1,1,0,0,ca,92108,1,San Diego
248,Outback Steakhouse,"4196 clairemont mesa blvd., san diego, ca, 92117, us",18.49,9.49,4.99,4.19,11.99,32,198,4.5,56,19.791010101010105,15.99,1,1,0,0,ca,92117,1,San Diego
249,Outback Steakhouse,"2980 plaza bonita, national city, ca, 91950, us",18.49,9.49,4.99,3.99,11.99,20,192,4.700000000000001,53,19.740000000000006,15.99,1,1,0,0,ca,91950,1,San Diego
250,Outback Steakhouse,"722 jamacha rd., el cajon, ca, 92019, us",18.49,9.49,4.99,3.99,11.99,20,194,4.100000000000001,28,19.928144329896913,15.99,1,1,0,0,ca,92019,1,San Diego
251,Outback Steakhouse,"14701 pomerado rd., poway, ca, 92064, us",18.49,9.49,4.99,3.99,11.99,20,190,4.7,100+,19.426842105263162,15.99,1,1,0,0,ca,92064,1,San Diego
252,Outback Steakhouse,"521 davis street, vacaville, ca, 95688, us",18.49,9.49,4.99,3.99,11.99,20,198,4.100000000000001,28,19.641515151515154,15.99,1,1,0,0,ca,95688,1,Solano
253,Outback Steakhouse,"4004 south mooney blvd., visalia, ca, 93277, us",18.49,9.49,4.99,3.99,11.99,10,98,4.200000000000001,11,19.801224489795924,15.99,1,1,0,0,ca,93277,1,Tulare
254,Outback Steakhouse,"2341 lockwood st., oxnard, ca, 93030, us",18.49,9.49,4.99,3.99,11.99,10,92,4.600000000000001,17,18.365000000000006,15.99,1,1,0,0,ca,93030,1,Ventura
255,Red Robin,"1274 el camino real, san bruno, ca, 94066, us",17.19,8.39,3.59,3.89,3.59,63,833,4.5,56,12.36563025210084,,1,1,0,0,ca,94066,1,San Mateo
256,Red Robin,"404-a sun valley mall, concord, ca, 94520, us",17.39,8.39,3.59,3.99,3.59,77,854,4.571428571428572,15,12.429344262295082,,1,1,0,0,ca,94520,1,Contra Costa
257,Red Robin,"3906 rivermark plaza, santa clara, ca, 95054, us",17.79,8.39,3.59,3.99,3.59,44,482,4.5,51,12.623195020746886,,1,1,0,0,ca,95054,1,Santa Clara
258,Red Robin,"1000 el paseo de saratoga, san jose, ca, 95130, us",17.19,8.39,3.59,3.89,3.59,33,354,4.8,30,12.275310734463277,,1,1,0,0,ca,95130,1,Santa Clara
259,Red Robin,"2200 eastridge loop suite 2073, san jose, ca, 95122, us",17.79,8.39,3.59,3.99,3.59,22,244,4.5,31,12.597377049180329,,1,1,0,0,ca,95122,1,Santa Clara
260,Red Robin,"2385 sand creek rd, brentwood, ca, 94513, us",17.39,8.39,3.59,3.99,3.59,11,117,4.299999999999999,17,12.254957264957262,,1,1,0,0,ca,94513,1,Contra Costa
261,Red Robin,"7675 n blackstone ave, fresno, ca, 93711, us",17.39,8.39,3.59,3.99,3.59,11,122,4.200000000000002,10,12.429344262295078,,1,1,0,0,ca,93711,1,Fresno
262,Red Robin,"3385 w shaw ave, fresno, ca, 93711, us",17.19,8.39,3.59,3.89,3.59,11,122,4.799999999999998,25,12.156393442622953,,1,1,0,0,ca,93711,1,Fresno
263,Red Robin,"950 shaw ave, clovis, ca, 93612, us",17.19,8.39,3.59,3.89,3.59,11,121,4.100000000000001,28,12.227190082644627,,1,1,0,0,ca,93612,1,Fresno
264,Red Robin,"2701 ming ave #g15, bakersfield, ca, 93304, us",17.19,8.39,3.59,3.89,3.59,11,117,4.399999999999999,20,12.235299145299145,,1,1,0,0,ca,93304,1,Kern
265,Red Robin,"1815 hawthorne blvd, redondo beach, ca, 90278, us",17.39,8.39,3.59,3.99,3.59,22,238,4.8999999999999995,44,12.539579831932773,,1,1,0,0,ca,90278,1,Los Angeles
266,Red Robin,"112, lakewood, ca, 90712, us",17.19,8.39,3.59,3.89,3.59,22,241,4.6,59,12.207427385892116,,1,1,0,0,ca,90712,1,Los Angeles
267,Red Robin,"15610, whittier, ca, 90603, us",17.79,8.39,3.59,3.99,3.59,22,242,4.8999999999999995,39,12.671818181818182,,1,1,0,0,ca,90603,1,Los Angeles
268,Red Robin,"428 plaza dr, west covina, ca, 91790, us",17.19,8.39,3.59,3.89,3.59,11,122,4.6000000000000005,42,12.156393442622948,,1,1,0,0,ca,91790,1,Los Angeles
269,Red Robin,"1631 w imperial hwy, la habra, ca, 90631, us",17.79,8.39,3.59,3.99,3.59,33,366,4.799999999999999,34,12.597377049180325,,1,1,0,0,ca,90631,1,Orange
270,Red Robin,"5461 katella ave, cypress, ca, 90720, us",17.79,8.39,3.59,3.99,3.59,44,484,4.799999999999999,44,12.671818181818182,,1,1,0,0,ca,90720,1,Orange
271,Red Robin,"12007 harbor blvd, garden grove, ca, 92840, us",17.39,8.39,3.59,3.99,3.59,33,360,4.700000000000001,70,12.546666666666665,,1,1,0,0,ca,92840,1,Orange
272,Red Robin,"27063 mcbean pkwy, valencia, ca, 91355, us",17.79,8.39,3.59,3.99,3.59,11,122,4.6000000000000005,45,12.597377049180329,,1,1,0,0,ca,91355,1,Los Angeles
273,Red Robin,"9301 tampa ave #210, northridge, ca, 91324, us",17.19,8.39,3.59,3.89,3.59,11,119,4.399999999999999,51,12.259747899159661,,1,1,0,0,ca,91324,1,Los Angeles
274,Red Robin,"1555 simi town center way #670, simi valley, ca, 93065, us",17.39,8.39,3.59,3.99,3.59,22,239,4.299999999999997,19,12.488744769874474,,1,1,0,0,ca,93065,1,Ventura
275,Red Robin,"1307 west sunflower avenue, santa ana, ca, 92704, us",17.39,8.39,3.59,3.99,3.59,11,121,4.8999999999999995,36,12.462727272727273,,1,1,0,0,ca,92704,1,Orange
276,Red Robin,"2199 n, orange, ca, 92865, us",17.19,8.39,3.59,3.89,3.59,22,236,4.6000000000000005,32,12.282372881355931,,1,1,0,0,ca,92865,1,Orange
277,Red Robin,"2667 park ave, tustin, ca, 92606, us",17.39,8.39,3.59,3.99,3.59,22,242,4.6000000000000005,31,12.43297520661157,,1,1,0,0,ca,92606,1,Orange
278,Red Robin,"1080, brea, ca, 92821, us",17.19,8.39,3.59,3.89,3.59,22,244,4.799999999999998,29,12.15639344262295,,1,1,0,0,ca,92821,1,Orange
279,Red Robin,"1184 galleria blvd, roseville, ca, 95678, us",17.19,8.39,3.59,3.89,3.59,44,488,4.3999999999999995,17,12.15639344262295,,1,1,0,0,ca,95678,1,Placer
280,Red Robin,"751 e joiner pkwy, lincoln, ca, 95648, us",17.39,8.39,3.59,3.99,3.59,22,244,4.399999999999999,13,12.42934426229508,,1,1,0,0,ca,95648,1,Placer
281,Red Robin,"7990 greenback ln unit j, citrus heights, ca, 95610, us",17.39,8.39,3.59,3.99,3.59,44,460,4.200000000000002,26,12.567391304347826,,1,1,0,0,ca,95610,1,Sacramento
282,Red Robin,"360 palladio parkway #410, folsom, ca, 95630, us",17.19,8.39,3.59,3.89,3.59,44,488,4.8999999999999995,12,12.15639344262295,,1,1,0,0,ca,95630,1,Sacramento
283,Red Robin,"8245 laguna blvd, elk grove, ca, 95758, us",17.19,8.39,3.59,3.89,3.59,33,366,3.899999999999999,31,12.15639344262295,,1,1,0,0,ca,95758,1,Sacramento
284,Red Robin,"2031 bronze star dr, woodland, ca, 95776, us",17.39,8.39,3.59,3.99,3.59,33,363,4.299999999999999,14,12.512314049586776,,1,1,0,0,ca,95776,1,Yolo
285,Red Robin,"1370 tyler st, riverside, ca, 92503, us",17.39,8.39,3.59,3.99,3.59,44,475,4.799999999999999,10,12.586631578947367,,1,1,0,0,ca,92503,1,Riverside
286,Red Robin,"419 n mckinley st, mckinley st, ca, 92879, us",17.19,8.39,3.59,3.89,3.59,44,488,4.799999999999999,19,12.15639344262295,,1,1,0,0,ca,92879,1,Riverside
287,Red Robin,"27476 lugonia ave, redlands, ca, 92374, us",17.19,8.39,3.59,3.89,3.59,55,605,4.8999999999999995,35,12.167685950413222,,1,1,0,0,ca,92374,1,San Bernardino
288,Red Robin,"12271 foothill blvd, rancho cucamonga, ca, 91739, us",17.79,8.39,3.59,3.99,3.59,44,484,4.799999999999999,33,12.612314049586777,,1,1,0,0,ca,91739,1,San Bernardino
289,Red Robin,"3903 grand ave, chino, ca, 91710, us",17.19,8.39,3.59,3.89,3.59,22,238,4.6000000000000005,25,12.259747899159663,,1,1,0,0,ca,91710,1,San Bernardino
290,Red Robin,"565 w arrow highway, san dimas, ca, 91773, us",17.79,8.39,3.59,3.99,3.59,22,242,4.5,34,12.612314049586777,,1,1,0,0,ca,91773,1,Los Angeles
291,Red Robin,"30142 haun rd, menifee, ca, 92584, us",17.39,8.39,3.59,3.99,3.59,22,236,4.799999999999999,40,12.491694915254238,,1,1,0,0,ca,92584,1,Riverside
292,Red Robin,"1990 w florida ave, hemet, ca, 92545, us",17.39,8.39,3.59,3.99,3.59,22,236,4.6000000000000005,17,12.615423728813559,,1,1,0,0,ca,92545,1,Riverside
293,Red Robin,"40820 winchester rd #1070, temecula, ca, 92591, us",17.19,8.39,3.59,3.89,3.59,11,118,4.899999999999999,17,12.333220338983049,,1,1,0,0,ca,92591,1,Riverside
294,Red Robin,"18999 bear valley rd, apple valley, ca, 92308, us",17.39,8.39,3.59,3.99,3.59,22,244,4.399999999999999,23,12.429344262295082,,1,1,0,0,ca,92308,1,San Bernardino
295,Red Robin,"14400 bear valley rd #405, victorville, ca, 92392, us",17.19,8.39,3.59,3.89,3.59,22,242,4.299999999999999,14,12.227190082644626,,1,1,0,0,ca,92392,1,San Bernardino
296,Red Robin,"3030 plaza bonita rd #2520, national city, ca, 91902, us",17.39,8.39,3.59,3.99,3.59,22,244,4.6000000000000005,55,12.429344262295082,,1,1,0,0,ca,91902,1,San Diego
297,Red Robin,"200 e via rancho pkwy, escondido, ca, 92025, us",17.79,8.39,3.59,3.99,3.59,22,238,4.799999999999998,42,12.666470588235294,,1,1,0,0,ca,92025,1,San Diego
298,Red Robin,"3301 e main st #1511, ventura, ca, 93003, us",17.19,8.39,3.59,3.89,3.59,11,117,4.700000000000003,14,12.346410256410255,,1,1,0,0,ca,93003,1,Ventura
299,Red Robin,"2367 claribel rd, riverbank, ca, 95367, us",17.39,8.39,3.59,3.99,3.59,11,122,4.100000000000001,11,12.42934426229508,,1,1,0,0,ca,95367,1,Stanislaus
300,Red Robin,"3105 w monte vista ave, turlock, ca, 95380, us",17.39,8.39,3.59,3.99,3.59,11,119,0.0,10,12.480756302521009,,1,1,0,0,ca,95380,1,Stanislaus
301,Red Robin,"2015 s mooney blvd #505, visalia, ca, 93277, us",17.19,8.39,3.59,3.89,3.59,11,117,4.5,10,12.407948717948718,,1,1,0,0,ca,93277,1,Tulare
302,Red Robin,"681 town center dr, oxnard, ca, 93036, us",17.19,8.39,3.59,3.89,3.59,22,239,4.700000000000003,17,12.19083682008368,,1,1,0,0,ca,93036,1,Ventura
303,TGI Fridays,"31900 dyer st, union city, ca, 94587, us",20.11,16.09,2.79,4.36,11.37,234,1497,4.299999999999999,16,24.127414829659322,,1,1,0,0,ca,94587,1,Alameda
304,TGI Fridays,"4701 firestone blvd, south gate, ca, 90280, us",20.11,16.09,2.79,4.36,11.37,108,694,4.2,44,23.684841498559077,,1,1,0,0,ca,90280,1,Los Angeles
305,TGI Fridays,"6721 la tijera blvd, los angeles, ca, 90045, us",20.11,16.09,2.79,4.36,11.37,54,342,4.2,45,23.884912280701755,,1,1,0,0,ca,90045,1,Los Angeles
306,TGI Fridays,"3518, rosemead, ca, 91770, us",20.11,16.09,2.79,4.36,11.37,81,513,4.3999999999999995,10,23.88491228070175,,1,1,0,0,ca,91770,1,Los Angeles
307,TGI Fridays,"2625 e eastland ctr dr, west covina, ca, 91791, us",20.11,16.09,2.79,4.36,11.37,78,513,4.200000000000001,26,23.872807017543863,,1,1,0,0,ca,91791,1,Los Angeles
308,TGI Fridays,"19855 rinaldi st, northridge, ca, 91326, us",20.11,16.09,2.79,4.36,11.37,26,181,3.6000000000000014,16,23.10635359116022,,1,1,0,0,ca,91326,1,Los Angeles
309,TGI Fridays,"390 east hospitality lane, san bernardino, ca, 92408, us",20.11,16.09,2.79,4.36,11.37,130,815,4.200000000000001,10,24.416319018404913,,1,1,0,0,ca,92408,1,San Bernardino
310,TGI Fridays,"7910 kew ave, rancho cucamonga, ca, 91739, us",20.11,16.09,2.79,4.36,11.37,50,326,0.0,6,24.403619631901844,,1,1,0,0,ca,91739,1,San Bernardino
311,Buffalo Wild Wings,"24542 hesperian blvd, hayward, ca, 94545, us",19.99,15.99,5.99,2.29,1.99,16,784,4.0,25,8.963571428571427,,1,1,0,0,ca,94545,1,Alameda
312,Buffalo Wild Wings,"5b serramonte center serramonte center, daly city, ca, 94015, us",20.79,16.49,6.49,2.29,1.99,7,686,4.600000000000001,57,9.240102040816325,,1,1,0,0,ca,94015,1,San Mateo
313,Buffalo Wild Wings,"2090 diamond blvd, concord, ca, 94520, us",19.49,15.79,5.99,2.29,1.99,12,573,3.6000000000000005,39,8.88958115183246,,1,1,0,0,ca,94520,1,Contra Costa
314,Buffalo Wild Wings,"32135 union lndg, union city, ca, 94587, us",20.79,16.49,6.49,2.29,1.99,9,882,4.0,19,9.188061224489793,,1,1,0,0,ca,94587,1,Alameda
315,Buffalo Wild Wings,"43821 pacific commons blvd, fremont, ca, 94538, us",19.99,16.29,5.99,2.29,1.99,10,465,4.100000000000001,18,8.71268817204301,,1,1,0,0,ca,94538,1,Alameda
316,Buffalo Wild Wings,"3712, dublin, ca, 94568, us",19.99,15.99,6.49,2.29,1.99,0,267,4.100000000000001,20,8.95887640449438,,1,1,0,0,ca,94568,1,Alameda
317,Buffalo Wild Wings,"1620 saratoga ave, san jose, ca, 95129, us",19.99,16.29,5.99,2.29,1.99,8,388,4.600000000000001,46,8.922577319587626,,1,1,0,0,ca,95129,1,Santa Clara
318,Buffalo Wild Wings,"859 blossom hill rd, san jose, ca, 95123, us",19.99,16.29,5.99,2.29,1.99,6,294,4.100000000000001,34,9.035510204081632,,1,1,0,0,ca,95123,1,Santa Clara
319,Buffalo Wild Wings,"6051 lone tree way, brentwood, ca, 94513, us",19.49,15.79,5.99,2.29,1.99,2,98,4.5,12,8.957448979591833,,1,1,0,0,ca,94513,1,Contra Costa
320,Buffalo Wild Wings,"3065 e. shaw ave, fresno, ca, 93726, us",19.49,15.79,5.99,2.29,1.99,2,91,3.8999999999999986,35,9.077692307692306,,1,1,0,0,ca,93726,1,Fresno
321,Buffalo Wild Wings,"3331 w shaw ave, fresno, ca, 93711, us",19.49,15.79,5.99,2.29,1.99,2,98,4.5,33,8.656938775510202,,1,1,0,0,ca,93711,1,Fresno
322,Buffalo Wild Wings,"3316 coffee road, bakersfield, ca, 93308, us",19.99,15.99,6.49,2.29,1.99,1,63,4.5,34,13.592698412698411,,1,1,0,0,ca,93308,1,Kern
323,Buffalo Wild Wings,"5677 gosford rd, bakersfield, ca, 93313, us",13.01,15.99,6.49,2.29,1.99,1,68,4.300000000000001,32,12.25544117647059,,1,1,0,0,ca,93313,1,Kern
324,Buffalo Wild Wings,"555 north spring street, los angeles, ca, 90012, us",13.01,16.79,7.29,4.49,1.99,1,95,4.5,104,8.840526315789473,,1,1,0,0,ca,90012,1,Los Angeles
325,Buffalo Wild Wings,"1000 s fair oaks, pasadena, ca, 91105, us",20.79,16.79,7.29,2.29,1.99,0,68,4.5,72,12.778088235294117,,1,1,0,0,ca,91105,1,Los Angeles
326,Buffalo Wild Wings,"3150 wilshire blvd ste 100, los angeles, ca, 90005, us",20.79,16.79,7.29,4.49,1.99,1,91,4.2,162,9.36098901098901,,1,1,0,0,ca,90005,1,Los Angeles
327,Buffalo Wild Wings,"6910 santa fe avenue, huntington park, ca, 90255, us",,12.99,4.79,,1.99,4,60,4.600000000000002,100,6.200166666666669,,1,1,0,0,ca,90255,1,Los Angeles
328,Buffalo Wild Wings,"4000 market place drive, monterey park, ca, 91755, us",20.79,16.49,5.99,2.29,1.99,2,96,3.399999999999999,38,9.191666666666665,,1,1,0,0,ca,91755,1,Los Angeles
329,Buffalo Wild Wings,"142-c south brand blvd., glendale, ca, 91205, us",20.79,16.49,6.49,2.29,1.99,0,68,3.8000000000000007,12,12.982794117647058,,1,1,0,0,ca,91205,1,Los Angeles
330,Buffalo Wild Wings,"736 e del amo blvd, carson, ca, 90746, us",20.79,16.79,7.29,4.49,1.99,1,98,3.5,44,9.232448979591835,,1,1,0,0,ca,90746,1,Los Angeles
331,Buffalo Wild Wings,"4678 daneland st, lakewood, ca, 90712, us",20.79,16.49,5.99,,1.99,2,95,3.8000000000000007,16,9.26957894736842,,1,1,0,0,ca,90712,1,Los Angeles
332,Buffalo Wild Wings,"11255 e 183rd st, cerritos, ca, 90703, us",20.79,16.79,5.99,2.29,,2,91,3.5,33,9.438901098901097,,1,1,0,0,ca,90703,1,Los Angeles
333,Buffalo Wild Wings,"3525 w carson st, ste 163, torrance, ca, 90503, us",20.79,16.79,7.29,4.49,1.99,1,98,4.200000000000001,25,9.232551020408161,,1,1,0,0,ca,90503,1,Los Angeles
334,Buffalo Wild Wings,"7811 edinger avenue, huntington beach, ca, 92647, us",20.79,16.79,7.29,4.99,1.99,3,294,4.399999999999999,40,9.39061224489796,,1,1,0,0,ca,92647,1,Orange
335,Buffalo Wild Wings,"19252 soledad canyon road, canyon country, ca, 91351, us",20.79,16.79,7.29,2.29,1.99,0,68,4.600000000000001,27,13.098529411764707,,1,1,0,0,ca,91351,1,Los Angeles
336,Buffalo Wild Wings,"13689 foothill boulevard, los angeles, ca, 91342, us",,,4.79,,1.99,3,55,4.5,78,5.721090909090911,,1,1,0,0,ca,91342,1,Los Angeles
337,Buffalo Wild Wings,"9301 tampa ave, northridge, usa, los angeles, ca, 91324, us",20.79,16.79,5.99,2.29,1.99,2,97,3.7,63,9.169999999999998,,1,1,0,0,ca,91324,1,Los Angeles
338,Buffalo Wild Wings,"1555 town center way, simi valley, ca, 93065, us",20.79,16.49,5.99,2.29,1.99,4,188,4.3999999999999995,23,9.283723404255317,,1,1,0,0,ca,93065,1,Ventura
339,Buffalo Wild Wings,"15301 ventura blvd., sherman oaks, ca, 91403, us",20.79,16.49,5.99,2.29,1.99,2,97,4.200000000000001,96,9.173608247422678,,1,1,0,0,ca,91403,1,Los Angeles
340,Buffalo Wild Wings,"127 east palm ave, burbank, ca, 91502, us",20.79,16.49,6.49,2.29,1.99,0,65,4.3999999999999995,66,13.237692307692306,,1,1,0,0,ca,91502,1,Los Angeles
341,Buffalo Wild Wings,"401 kenilworth drive, petaluma, ca, 94952, us",20.79,16.49,6.49,2.29,1.99,0,198,4.299999999999999,19,13.288636363636362,,1,1,0,0,ca,94952,1,Marin
342,Buffalo Wild Wings,"1988 n main st, salinas, ca, 93906, us",20.79,16.79,5.99,2.29,1.99,2,98,4.799999999999999,12,9.092653061224489,,1,1,0,0,ca,93906,1,Monterey
343,Buffalo Wild Wings,"20 city boulevard east, orange, ca, 92868, us",20.79,16.79,7.29,4.99,1.99,2,188,4.1000000000000005,96,8.440638297872338,,1,1,0,0,ca,92868,1,Orange
344,Buffalo Wild Wings,"3811 s bristol st, santa ana, ca, 92704, us",20.79,16.49,5.99,2.29,1.99,2,178,4.399999999999999,62,9.096853932584267,,1,1,0,0,ca,92704,1,Orange
345,Buffalo Wild Wings,"1500 e village way, orange, ca, 92865, us",20.79,16.49,5.99,2.29,1.99,4,184,4.0,28,8.111847826086954,,1,1,0,0,ca,92865,1,Orange
346,Buffalo Wild Wings,"1835 f. newport blvd. building f, costa mesa, ca, 92627, us",19.99,16.29,5.99,2.29,1.99,2,95,4.2,47,9.020631578947368,,1,1,0,0,ca,92627,1,Orange
347,Buffalo Wild Wings,"14110 culver dr, irvine, ca, 92604, us",20.79,16.79,5.99,2.29,1.99,2,95,4.5,53,9.397684210526315,,1,1,0,0,ca,92604,1,Orange
348,Buffalo Wild Wings,"8301 on the mall, buena park, ca, 90620, us",20.79,16.79,7.29,4.99,,1,93,4.0,40,9.548709677419353,,1,1,0,0,ca,90620,1,Orange
349,Buffalo Wild Wings,"260 s, brea, ca, 92821, us",20.79,16.79,7.29,2.29,1.99,0,64,4.3,14,13.253593749999997,,1,1,0,0,ca,92821,1,Orange
350,Buffalo Wild Wings,"1168 galleria blvd, roseville, ca, 95678, us",19.49,15.79,5.99,2.29,,6,288,4.2,19,8.828125,,1,1,0,0,ca,95678,1,Placer
351,Buffalo Wild Wings,"6301 sunrise blvd, citrus heights, ca, 95610, us",,15.99,5.99,2.29,1.99,8,384,3.7999999999999994,26,8.62239583333333,,1,1,0,0,ca,95610,1,Sacramento
352,Buffalo Wild Wings,"2023 arden way, sacramento, ca, 95825, us",,15.79,5.99,2.29,1.99,8,366,4.100000000000001,41,8.335081967213114,,1,1,0,0,ca,95825,1,Sacramento
353,Buffalo Wild Wings,"3600 n freeway blvd ste 100, sacramento, ca, 95834, us",19.99,15.99,5.99,2.29,1.99,6,288,4.0,28,8.61736111111111,,1,1,0,0,ca,95834,1,Sacramento
354,Buffalo Wild Wings,"12450 day st, moreno valley, ca, 92553, us",20.79,16.79,7.79,5.79,2.49,4,384,3.7999999999999994,32,9.698854166666665,,1,1,0,0,ca,92553,1,Riverside
355,Buffalo Wild Wings,"690 e hospitality ln, san bernardino, ca, 92408, us",20.79,16.79,7.79,5.79,2.49,5,485,3.899999999999999,50+,9.710103092783504,,1,1,0,0,ca,92408,1,San Bernardino
356,Buffalo Wild Wings,"3775 tyler st ste 3a, riverside, ca, 92503, us",20.79,16.79,6.49,2.29,1.99,4,392,3.7,22,9.278877551020406,,1,1,0,0,ca,92503,1,Riverside
357,Buffalo Wild Wings,"12411 limonite avenue suite 650 , mira loma, eastvale, ca, 91752, us",20.79,16.49,6.49,2.29,1.99,0,268,4.1000000000000005,30,13.124477611940298,,1,1,0,0,ca,91752,1,Riverside
358,Buffalo Wild Wings,"8188 day creek blvd ste 140, rancho cucamonga, ca, 91739, us",20.79,16.49,6.49,2.29,1.99,0,201,4.200000000000001,50+,13.143880597014926,,1,1,0,0,ca,91739,1,San Bernardino
359,Buffalo Wild Wings,"2670 tuscany st, corona, ca, 92881, us",19.99,16.29,5.99,2.29,1.99,4,196,4.5,19,8.997755102040815,,1,1,0,0,ca,92881,1,Riverside
360,Buffalo Wild Wings,"30123 haun rd., menifee, ca, 92584, us",19.49,15.79,5.99,2.29,1.99,4,196,4.5,35,8.801836734693875,,1,1,0,0,ca,92584,1,Riverside
361,Buffalo Wild Wings,"40484 hot springs rd, murrieta, ca, 92563, us",19.99,15.99,5.99,4.99,1.99,2,95,4.5,22,9.044315789473684,,1,1,0,0,ca,92563,1,Riverside
362,Buffalo Wild Wings,"32401, temecula, ca, 92592, us",19.99,15.99,5.99,4.99,1.99,5,193,4.000518134715025,18,9.027927461139893,,1,1,0,0,ca,92592,1,Riverside
363,Buffalo Wild Wings,"3575 w stetson ave, hemet, ca, 92545, us",20.79,16.49,5.99,2.29,1.99,2,97,3.899999999999999,30,9.060721649484533,,1,1,0,0,ca,92545,1,Riverside
364,Buffalo Wild Wings,"2685 vista way, oceanside, ca, 92054, us",13.01,15.99,5.99,2.29,1.99,8,192,4.200000000000001,76,8.40145833333333,,1,1,0,0,ca,92054,1,San Diego
365,Buffalo Wild Wings,"1010 w, san marcos, ca, 92078, us",20.79,16.49,5.99,2.29,1.99,4,196,3.9499999999999993,49,9.064081632653059,,1,1,0,0,ca,92078,1,San Diego
366,Buffalo Wild Wings,"7490, elk grove, ca, 95757, us",13.01,15.79,5.99,2.29,1.99,8,194,3.0,18,8.17865979381443,,1,1,0,0,ca,95757,1,Sacramento
367,Buffalo Wild Wings,"18965 bear valley rd, apple valley, ca, 92308, us",20.79,16.79,7.29,2.29,1.99,0,132,4.3,24,13.48030303030303,,1,1,0,0,ca,92308,1,San Bernardino
368,Buffalo Wild Wings,"4955 south, montclair, ca, 91763, us",20.79,16.49,6.49,2.29,1.99,0,68,4.100000000000001,36,12.982794117647058,,1,1,0,0,ca,91763,1,San Bernardino
369,Buffalo Wild Wings,"3615 midway dr, san diego, ca, 92110, us",19.99,16.29,5.99,2.29,1.99,6,288,4.233333333333333,50,9.153645833333334,,1,1,0,0,ca,92110,1,San Diego
370,Buffalo Wild Wings,"555 broadway ste 116, chula vista, ca, 91910, us",19.99,16.29,5.99,2.29,1.99,4,192,4.299999999999999,93,9.11239583333333,,1,1,0,0,ca,91910,1,San Diego
371,Buffalo Wild Wings,"2015 birch rd ste 715, chula vista, ca, 91915, us",19.99,15.99,5.99,2.29,1.99,4,184,4.299999999999999,79,8.894891304347825,,1,1,0,0,ca,91915,1,San Diego
372,Buffalo Wild Wings,"254 town center pkwy., santee, ca, 92071, us",19.99,15.99,5.99,2.29,1.99,4,194,4.200000000000001,62,8.91226804123711,,1,1,0,0,ca,92071,1,San Diego
373,Buffalo Wild Wings,"1640 camino del rio n, san diego, ca, 92108, us",19.99,15.99,5.99,2.29,1.99,2,97,4.200000000000001,100+,8.91226804123711,,1,1,0,0,ca,92108,1,San Diego
374,Buffalo Wild Wings,"4751 pacific ave, stockton, ca, 95207, us",19.99,15.99,5.99,2.29,1.99,2,92,4.3,38,8.709673913043476,,1,1,0,0,ca,95207,1,San Joaquin
375,Buffalo Wild Wings,"2796 naglee road, tracy, ca, 95304, us",19.99,15.99,5.99,2.29,1.99,2,92,4.8,13,9.32086956521739,,1,1,0,0,ca,95304,1,San Joaquin
376,Buffalo Wild Wings,"309 madonna rd, san luis obispo, ca, 93405, us",19.99,15.99,5.99,2.29,1.99,2,94,4.399999999999998,40,8.912446808510637,,1,1,0,0,ca,93405,1,San Luis Obispo
377,Buffalo Wild Wings,"795 e betteravia rd, santa maria, ca, 93454, us",18.79,15.29,5.99,2.29,1.99,2,98,4.0,18,8.719693877551018,,1,1,0,0,ca,93454,1,Santa Barbara
378,Buffalo Wild Wings,"2739 countryside dr, turlock, ca, 95380, us",19.99,15.99,5.99,2.29,1.99,2,97,4.399999999999999,17,8.879793814432988,,1,1,0,0,ca,95380,1,Stanislaus
379,Buffalo Wild Wings,"4125 s mooney blvd, visalia, ca, 93277, us",19.99,15.99,5.99,2.29,1.99,2,90,4.299999999999999,19,8.493444444444442,,1,1,0,0,ca,93277,1,Tulare
380,Buffalo Wild Wings,"1699 w lacey blvd, hanford, ca, 93230, us",19.49,15.79,5.99,2.29,1.99,2,98,4.5,23,8.744183673469387,,1,1,0,0,ca,93230,1,Kings
381,Buffalo Wild Wings,"1600 e gonzales rd, oxnard, ca, 93036, us",20.79,16.49,5.99,2.29,1.99,2,95,4.100000000000002,33,9.06957894736842,,1,1,0,0,ca,93036,1,Ventura
382,Outback Steakhouse,"177, san marcos, ca, 92069, us",18.49,10.49,4.99,3.99,11.99,13,101,4.399999999999998,800+,19.69000000000001,15.99,2,1,0,0,ca,92069,1,San Diego
383,Outback Steakhouse,"371 gellert blvd., daly city, ca, 94015, us",14.79,8.39,3.99,3.35,9.59,48,408,4.399999999999999,2,16.7325,12.79,2,1,0,0,ca,94015,1,San Mateo
384,Outback Steakhouse,"1246 great mall drive, milpitas, ca, 95035, us",18.49,,4.99,4.19,11.99,15,94,4.3,1,20.328297872340432,15.99,2,1,0,0,ca,95035,1,Santa Clara
385,Outback Steakhouse,"521 davis street, vacaville, ca, 95688, us",18.49,10.49,4.99,3.99,11.99,28,204,4.5,700+,19.53803921568628,15.99,2,1,0,0,ca,95688,1,Solano
386,Outback Steakhouse,"2045-d w. briggsmore ave., modesto, ca, 95350, us",17.49,7.49,4.99,3.79,9.49,7,84,4.100000000000001,340+,17.225714285714282,14.49,2,1,0,0,ca,95350,1,Stanislaus
387,Outback Steakhouse,"4004 south mooney blvd., visalia, ca, 93277, us",18.49,10.49,4.99,3.99,11.99,13,101,4.5,320+,19.69000000000001,15.99,2,1,0,0,ca,93277,1,Tulare
388,Outback Steakhouse,"2341 lockwood st., oxnard, ca, 93030, us",18.49,10.49,4.99,3.99,11.99,13,97,4.5,500+,18.626082474226806,15.99,2,1,0,0,ca,93030,1,Ventura
389,Red Robin,"200 e via rancho pkwy, escondido, ca, 92025, us",17.99,8.39,4.79,4.49,3.59,20,120,4.6,800+,12.971666666666666,,2,1,0,0,ca,92025,1,San Diego
390,Red Robin,"1274 el camino real, san bruno, ca, 94066, us",17.29,8.39,4.79,4.39,3.59,72,476,4.5,900+,12.711008403361346,,2,1,0,0,ca,94066,1,San Mateo
391,Red Robin,"101 town center east, santa maria, ca, 93454, us",17.29,8.39,4.79,4.39,3.59,20,122,4.5,360+,12.493278688524589,,2,1,0,0,ca,93454,1,Santa Barbara
392,Red Robin,"3301 e main st #1511, ventura, ca, 93003, us",17.29,8.39,4.79,4.39,3.59,20,121,4.399999999999999,310+,12.507355371900825,,2,1,0,0,ca,93003,1,Ventura
393,Red Robin,"3906 rivermark plaza, santa clara, ca, 95054, us",17.99,8.39,4.79,4.49,3.59,20,122,4.6000000000000005,1,12.914590163934426,,2,1,0,0,ca,95054,1,Santa Clara
394,Red Robin,"404-a sun valley mall, concord, ca, 94520, us",17.79,8.39,4.79,4.49,3.59,20,122,4.399999999999999,500+,12.753114754098359,,2,1,0,0,ca,94520,1,Contra Costa
395,Red Robin,"2367 claribel rd, riverbank, ca, 95367, us",17.79,8.39,4.79,4.49,3.59,20,122,4.299999999999998,360+,12.75311475409836,,2,1,0,0,ca,95367,1,Stanislaus
396,Red Robin,"2015 s mooney blvd #505, visalia, ca, 93277, us",17.29,8.39,4.79,4.39,3.59,20,120,4.5,500+,12.571666666666665,,2,1,0,0,ca,93277,1,Tulare
397,Red Robin,"681 town center dr, oxnard, ca, 93036, us",17.29,8.39,4.79,4.39,3.59,20,121,4.5,480+,12.507355371900827,,2,1,0,0,ca,93036,1,Ventura
398,Denny,"816 mission st, san francisco, ca, 94103, us",23.38,22.76,8.41,5.18,10.8,15,303,4.399999999999999,1,16.61950495049505,,2,1,0,0,ca,94103,1,San Francisco
399,Denny,"10 airport blvd, south san francisco, ca, 94080, us",20.16,17.77,6.22,4.77,7.78,68,428,4.3999999999999995,1,13.317943925233644,,2,1,0,0,ca,94080,1,San Mateo
400,Denny,"1776 powell street, emeryville, ca, 94608, us",18.29,17.56,5.39,4.56,6.64,66,324,4.399999999999999,1,12.255555555555555,,2,1,0,0,ca,94608,1,Alameda
401,Denny,"11344 san pablo ave, el cerrito, ca, 94530, us",18.81,17.56,5.6,4.46,6.85,100,428,4.200000000000001,450+,12.493551401869158,,2,1,0,0,ca,94530,1,Contra Costa
402,Denny,"2526, san pablo, ca, 94806, us",18.29,18.29,5.39,4.77,7.58,84,321,4.200000000000001,800+,12.132803738317758,,2,1,0,0,ca,94806,1,Contra Costa
403,Denny,"1803 marina blvd, san leandro, ca, 94577, us",19.64,18.29,5.91,4.66,7.16,96,428,4.200000000000001,500+,13.062897196261682,,2,1,0,0,ca,94577,1,Alameda
404,Denny,"642 west charter way, stockton, ca, 95206, us",18.91,18.91,5.6,4.77,7.89,28,108,4.100000000000001,470+,12.35046296296296,,2,1,0,0,ca,95206,1,San Joaquin
405,Denny,"4747 pacific ave., stockton, ca, 95207, us",16.89,16.79,5.19,4.49,6.39,28,105,4.100000000000001,120+,11.565238095238094,,2,1,0,0,ca,95207,1,San Joaquin
406,Denny,"3950 waterloo rd, stockton, ca, 95215, us",18.29,17.98,5.39,4.77,7.16,28,105,4.299999999999999,220+,12.210761904761904,,2,1,0,0,ca,95215,1,San Joaquin
407,Denny,"2670 w. march lane, stockton, ca, 95207, us",17.56,17.46,5.39,4.66,6.64,23,101,4.3,440+,12.185445544554458,,2,1,0,0,ca,95207,1,San Joaquin
408,Denny,"5033 s hwy 99 e frontage rd, stockton, ca, 95215, us",20.16,18.29,6.64,4.77,9.55,18,106,4.299999999999999,96,13.729811320754719,,2,1,0,0,ca,95215,1,San Joaquin
409,Denny,"16851 harlan rd, lathrop, ca, 95330, us",20.16,18.29,6.64,4.77,9.55,18,105,4.600000000000001,150+,13.689333333333337,,2,1,0,0,ca,95330,1,San Joaquin
410,Denny,"208 madonna rd., san luis obispo, ca, 93405, us",17.98,17.56,5.39,4.46,7.16,25,108,4.399999999999999,600+,11.87296296296296,,2,1,0,0,ca,93405,1,San Luis Obispo
411,Denny,"611 five cities dr., pismo beach, ca, 93449, us",18.29,18.29,5.39,4.77,7.58,56,214,4.35,500+,12.255327102803738,,2,1,0,0,ca,93449,1,San Luis Obispo
412,Denny,"1310 24th st., paso robles, ca, 93446, us",18.29,18.29,5.39,4.77,7.58,28,106,4.200000000000001,170+,12.266132075471697,,2,1,0,0,ca,93446,1,San Luis Obispo
413,Denny,"2920 s. norfolk, san mateo, ca, 94403, us",17.56,17.46,5.39,,6.64,48,198,4.5,450+,12.408787878787876,,2,1,0,0,ca,94403,1,San Mateo
414,Denny,"1201 broadway, redwood city, ca, 94063, us",19.64,18.29,5.91,4.66,7.16,24,106,4.299999999999999,700+,12.565188679245283,,2,1,0,0,ca,94063,1,San Mateo
415,Denny,"25010 hesperian boulevard, hayward, ca, 94545, us",18.29,17.56,5.39,4.56,6.64,22,108,4.299999999999999,300+,12.26037037037037,,2,1,0,0,ca,94545,1,Alameda
416,Denny,"30163 industrial, hayward, ca, 94544, us",18.29,17.56,5.39,4.56,6.64,22,108,4.5,800+,12.24972222222222,,2,1,0,0,ca,94544,1,Alameda
417,Denny,"1019 east main st., santa maria, ca, 93454, us",18.29,18.29,5.39,4.77,7.58,27,107,4.5,270+,12.263084112149532,,2,1,0,0,ca,93454,1,Santa Barbara
418,Denny,"3614 state st, santa barbara, ca, 93105, us",18.29,18.29,5.39,4.77,7.58,28,105,4.399999999999999,700+,12.037333333333335,,2,1,0,0,ca,93105,1,Santa Barbara
419,Denny,"4095 telegraph road, ventura, ca, 93003, us",17.98,17.98,5.39,4.77,7.16,54,212,4.399999999999999,380+,12.257075471698114,,2,1,0,0,ca,93003,1,Ventura
420,Denny,"1390 south first st., san jose, ca, 95112, us",18.29,17.56,5.39,4.56,6.64,22,108,4.299999999999999,800+,12.260370370370369,,2,1,0,0,ca,95112,1,Santa Clara
421,Denny,"2077 n 1st st, san jose, ca, 95131, us",19.22,17.98,5.81,4.56,7.06,52,216,4.5,470+,12.77962962962963,,2,1,0,0,ca,95131,1,Santa Clara
422,Denny,"2401 lanai ave., san jose, ca, 95122, us",18.29,17.56,5.39,4.56,6.64,22,108,4.299999999999999,600+,12.255555555555555,,2,1,0,0,ca,95122,1,Santa Clara
423,Denny,"2484 berryessa rd., san jose, ca, 95133, us",18.29,17.56,5.39,4.56,6.64,22,108,4.5,800+,12.255555555555555,,2,1,0,0,ca,95133,1,Santa Clara
424,Denny,"1745 el camino real, santa clara, ca, 95050, us",19.64,18.29,5.91,4.66,7.16,48,214,4.5,430+,13.062897196261682,,2,1,0,0,ca,95050,1,Santa Clara
425,Denny,"1001 east capitol, san jose, ca, 95121, us",18.29,17.56,5.39,4.56,6.64,21,107,4.5,700+,12.335233644859814,,2,1,0,0,ca,95121,1,Santa Clara
426,Denny,"814 ahwanee ave, sunnyvale, ca, 94085, us",19.64,18.29,5.91,4.66,7.16,24,107,4.5,1,13.062897196261682,,2,1,0,0,ca,94085,1,Santa Clara
427,Denny,"3715 el camino real, santa clara, ca, 95051, us",18.39,17.99,5.59,4.59,7.29,29,101,4.5,600+,11.91871287128713,,2,1,0,0,ca,95051,1,Santa Clara
428,Denny,"910 saratoga ave, san jose, ca, 95129, us",19.54,19.12,5.81,4.56,7.58,29,108,4.399999999999999,600+,12.52638888888889,,2,1,0,0,ca,95129,1,Santa Clara
429,Denny,"333 s abbott ave, milpitas, ca, 95035, us",17.89,17.29,5.09,4.39,6.89,29,108,4.5,480+,11.534444444444443,,2,1,0,0,ca,95035,1,Santa Clara
430,Denny,"1515 ocean st., santa cruz, ca, 95060, us",17.56,17.46,5.39,,6.64,24,101,4.2,400+,12.376930693069307,,2,1,0,0,ca,95060,1,Santa Cruz
431,Denny,"250 fairgrounds dr, vallejo, ca, 94589, us",19.22,17.98,5.81,4.56,7.06,52,216,4.5,380+,12.779629629629628,,2,1,0,0,ca,94589,1,Solano
432,Denny,"4355 sonoma blvd., vallejo, ca, 94589, us",19.22,17.98,5.81,4.56,7.06,52,216,4.3999999999999995,210+,12.77962962962963,,2,1,0,0,ca,94589,1,Solano
433,Denny,"304 pittman rd, cordelia, ca, 94534, us",19.85,19.54,5.81,4.56,7.58,56,210,4.5,130+,12.81247619047619,,2,1,0,0,ca,94534,1,Solano
434,Denny,"612 contra costa blvd., pleasant hill, ca, 94523, us",17.56,17.46,5.39,4.66,6.64,25,107,4.5,180+,12.065887850467291,,2,1,0,0,ca,94523,1,Contra Costa
435,Denny,"1360 holiday lane, fairfield, ca, 94534, us",19.64,18.29,5.91,4.66,7.16,24,106,4.5,340+,13.14990566037736,,2,1,0,0,ca,94534,1,Solano
436,Denny,"1701 e. monte vista ave, vacaville, ca, 95688, us",18.7,18.39,5.81,4.56,6.95,30,103,4.2,440+,12.131747572815536,,2,1,0,0,ca,95688,1,Solano
437,Denny,"1250 stratford ave, dixon, ca, 95620, us",17.99,17.69,5.59,4.39,6.69,33,101,2.600000000000001,19,11.186039603960392,,2,1,0,0,ca,95620,1,Solano
438,Denny,"115 baker ave, santa rosa, ca, 95407, us",19.22,17.98,5.81,4.56,7.06,25,107,4.299999999999999,300+,12.794205607476636,,2,1,0,0,ca,95407,1,Sonoma
439,Denny,"1000 w. steele lane, santa rosa, ca, 95403, us",19.22,17.98,5.81,4.56,7.06,25,106,4.299999999999999,400+,12.638396226415095,,2,1,0,0,ca,95403,1,Sonoma
440,Denny,"4986, petaluma, ca, 94952, us",20.16,18.29,6.64,4.77,9.55,18,107,4.600000000000001,92,13.661682242990658,,2,1,0,0,ca,94952,1,Marin
441,Denny,"110 mchenry st., modesto, ca, 95354, us",17.56,17.46,5.39,4.66,6.64,24,106,4.200000000000001,160+,12.138679245283022,,2,1,0,0,ca,95354,1,Stanislaus
442,Denny,"1525 mchenry ave., modesto, ca, 95350, us",17.56,17.46,5.39,4.66,6.64,25,107,4.0,400+,12.065887850467291,,2,1,0,0,ca,95350,1,Stanislaus
443,Denny,"2052 w. orangeburg st., modesto, ca, 95350, us",17.56,17.46,5.39,4.66,6.64,24,100,4.399999999999999,150+,12.4748,,2,1,0,0,ca,95350,1,Stanislaus
444,Denny,"1507 herndon rd., ceres, ca, 95307, us",18.91,18.91,5.6,4.77,7.89,28,107,4.200000000000001,290+,12.275514018691586,,2,1,0,0,ca,95307,1,Stanislaus
445,Denny,"4324, salida, ca, 95368, us",18.91,18.91,5.6,4.77,7.89,28,108,4.5,100+,12.35046296296296,,2,1,0,0,ca,95368,1,Stanislaus
446,Denny,"1555 east f st, oakdale, ca, 95361, us",20.16,18.29,6.64,4.77,9.55,18,104,4.200000000000001,50,13.634134615384617,,2,1,0,0,ca,95361,1,Stanislaus
447,Denny,"2332 south mooney, visalia, ca, 93277, us",17.98,17.14,5.6,4.56,7.16,27,101,4.399999999999998,500+,12.238514851485148,,2,1,0,0,ca,93277,1,Tulare
448,Denny,"200 s akers st, visalia, ca, 93291, us",17.98,17.14,5.6,4.56,7.16,27,104,4.6000000000000005,250+,12.008076923076922,,2,1,0,0,ca,93291,1,Tulare
449,Denny,"795 e prosperity ave, tulare, ca, 93274, us",17.98,17.14,5.6,4.56,7.16,28,105,4.399999999999999,250+,11.698380952380953,,2,1,0,0,ca,93274,1,Tulare
450,Denny,"955 manning ave, reedley, ca, 93654, us",17.29,16.49,5.39,4.39,6.89,30,108,3.100000000000002,14,11.453888888888889,,2,1,0,0,ca,93654,1,Fresno
451,Denny,"1635 glendale ave., hanford, ca, 93230, us",17.98,17.14,5.6,4.56,7.16,28,108,4.200000000000001,280+,11.87185185185185,,2,1,0,0,ca,93230,1,Kings
452,Denny,"1255 n, oxnard, ca, 93030, us",19.85,19.54,5.81,4.56,7.58,28,102,4.5,330+,12.333333333333334,,2,1,0,0,ca,93030,1,Ventura
453,Denny,"2511 n ventura rd, port hueneme, ca, 93041, us",17.98,17.98,5.39,4.77,7.16,27,97,4.399999999999999,440+,12.347319587628867,,2,1,0,0,ca,93041,1,Ventura
454,Denny,"1659 e dailey dr, camarillo, ca, 93010, us",17.77,16.73,5.5,4.56,6.74,30,107,4.600000000000001,480+,11.67785046728972,,2,1,0,0,ca,93010,1,Ventura
455,Denny,"327 south palm avenue, santa paula, ca, 93060, us",18.79,18.39,5.59,4.39,7.29,30,107,4.399999999999999,23,11.964766355140187,,2,1,0,0,ca,93060,1,Ventura
456,Denny,"2830 camino del rios n, newbury park, ca, 91320, us",17.98,16.52,5.6,4.77,6.74,27,106,4.600000000000001,500+,11.688207547169812,,2,1,0,0,ca,91320,1,Ventura
457,Applebee,"2770 taylor st, san francisco, ca, 94133, us",24.19,22.89,6.29,2.49,8.29,9,366,4.299999999999999,900+,32.57606557377049,,2,1,0,0,ca,94133,1,San Francisco
458,Applebee,"2659 w. march lane, stockton, ca, 95207, us",17.89,16.69,5.79,2.49,3.49,3,119,4.3,500+,26.679075630252093,,2,1,0,0,ca,95207,1,San Joaquin
459,Applebee,"2442 w kettleman lane, lodi, ca, 95242, us",17.89,16.69,5.79,2.49,3.49,4,125,4.299999999999997,190+,25.1676,,2,1,0,0,ca,95242,1,San Joaquin
460,Applebee,"1272 e. yosemite ave., manteca, ca, 95336, us",19.99,18.79,4.99,3.79,4.99,4,114,4.100000000000001,210+,23.535614035087722,,2,1,0,0,ca,95336,1,San Joaquin
461,Applebee,"3060 n. naglee road, tracy, ca, 95304, us",19.99,18.79,4.99,3.79,4.99,4,114,4.200000000000001,270+,22.921578947368424,,2,1,0,0,ca,95304,1,San Joaquin
462,Applebee,"1135 veterans blvd, redwood city, ca, 94063, us",19.99,18.79,4.99,3.79,4.99,12,345,4.399999999999999,600+,24.221304347826088,,2,1,0,0,ca,94063,1,San Mateo
463,Applebee,"1415 s bradley, santa maria, ca, 93454, us",18.29,16.99,4.99,2.49,3.49,7,118,4.399999999999999,380+,23.77220338983051,,2,1,0,0,ca,93454,1,Santa Barbara
464,Applebee,"51 curtner ave, san jose, ca, 95125, us",19.99,18.79,4.99,3.79,4.99,8,224,4.3999999999999995,700+,24.306071428571435,,2,1,0,0,ca,95125,1,Santa Clara
465,Applebee,"555 saratoga ave., san jose, ca, 95129, us",19.99,18.79,4.99,3.79,4.99,8,228,4.6000000000000005,600+,23.590877192982454,,2,1,0,0,ca,95129,1,Santa Clara
466,Applebee,"5690 cottle rd, san jose, ca, 95123, us",19.99,18.79,4.99,3.79,4.99,8,226,4.5,380+,23.202389380530974,,2,1,0,0,ca,95123,1,Santa Clara
467,Applebee,"1377 w foothill blvd, rialto, ca, 92376",19.19,16.69,5.79,2.49,3.79,18,246,4.5,800+,26.186747967479675,,2,1,0,0,ca,92376,1,San Bernardino
468,Applebee,"17009-a valley blvd, fontana, ca, 92335",19.19,16.69,5.79,2.49,3.79,20,244,4.5,1,24.935081967213115,,2,1,0,0,ca,92335,1,San Bernardino
469,Applebee,"1105 s. green valley road, watsonville, ca, 95076, us",18.29,16.99,4.99,2.49,3.49,8,123,4.5,250+,22.648536585365854,,2,1,0,0,ca,95076,1,Santa Cruz
470,Applebee,"1041 admiral callaghan lane, vallejo, ca, 94591, us",17.89,16.69,5.79,2.49,3.49,4,119,4.399999999999999,800+,25.599243697478986,,2,1,0,0,ca,94591,1,Solano
471,Applebee,"1350 travis blvd, fairfield, ca, 94533, us",17.89,16.69,5.79,2.49,3.49,3,120,4.1000000000000005,490+,26.31666666666667,,2,1,0,0,ca,94533,1,Solano
472,Applebee,"2250, santa rosa, ca, 95407, us",19.19,16.69,5.79,2.49,3.79,10,117,4.299999999999999,800+,23.035299145299142,,2,1,0,0,ca,95407,1,Sonoma
473,Applebee,"501, rohnert park, ca, 94928, us",19.19,16.69,5.79,2.49,3.79,9,119,4.5,360+,23.72613445378151,,2,1,0,0,ca,94928,1,Sonoma
474,Applebee,"8931 brooks rd s, windsor, ca, 95492, us",19.19,16.69,5.79,2.49,3.79,10,124,4.299999999999998,210+,25.971451612903223,,2,1,0,0,ca,95492,1,Sonoma
475,Applebee,"5301 old redwood hwy, petaluma, ca, 94954, us",19.19,16.69,5.79,2.49,3.79,10,125,4.5,200+,25.917199999999998,,2,1,0,0,ca,94954,1,Sonoma
476,Applebee,"195 soscol ave, napa, ca, 94559, us",19.19,16.69,5.79,2.49,3.79,10,119,4.3,460+,22.93117647058823,,2,1,0,0,ca,94559,1,Napa
477,Applebee,"3900 sisk road, modesto, ca, 95356, us",19.99,18.79,4.99,3.79,4.99,4,114,4.100000000000001,190+,23.535614035087722,,2,1,0,0,ca,95356,1,Stanislaus
478,Applebee,"3400 s. mooney blvd., visalia, ca, 93277, us",18.29,16.99,4.99,2.49,3.49,7,122,4.6000000000000005,370+,25.3727868852459,,2,1,0,0,ca,93277,1,Tulare
479,Applebee,"291 w. ventura blvd, camarillo, ca, 93010, us",18.79,16.99,4.99,2.49,3.49,8,126,4.5,440+,25.28126984126984,,2,1,0,0,ca,93010,1,Ventura
480,TGI Fridays,"31900 dyer st, union city, ca, 94587, us",20.11,16.09,2.79,4.36,,108,804,4.399999999999999,900+,26.548955223880597,,2,1,0,0,ca,94587,1,Alameda
481,TGI Fridays,"2795 tapo canyon rd, simi valley, ca, 93063, us",20.11,16.09,2.79,4.36,,17,134,4.5,600+,26.533507462686572,,2,1,0,0,ca,93063,1,Ventura
482,Buffalo Wild Wings,"309 madonna rd, san luis obispo, ca, 93405, us",19.99,15.99,5.99,2.29,1.99,2,98,4.299999999999999,800+,9.100306122448977,,2,1,0,0,ca,93405,1,San Luis Obispo
483,Buffalo Wild Wings,"5b serramonte center serramonte center, daly city, ca, 94015, us",20.79,16.49,6.49,2.29,1.99,2,202,4.200000000000001,1,9.271386138613858,,2,1,0,0,ca,94015,1,San Mateo
484,Buffalo Wild Wings,"795 e betteravia rd, santa maria, ca, 93454, us",18.79,15.29,5.99,2.29,1.99,2,90,4.200000000000001,410+,7.887999999999998,,2,1,0,0,ca,93454,1,Santa Barbara
485,Buffalo Wild Wings,"859 blossom hill rd, san jose, ca, 95123, us",19.99,16.29,5.99,2.29,1.99,2,97,4.100000000000001,900+,8.905154639175256,,2,1,0,0,ca,95123,1,Santa Clara
486,Buffalo Wild Wings,"2090 diamond blvd, concord, ca, 94520, us",19.49,15.79,5.99,2.29,1.99,4,196,4.0,900+,8.847857142857139,,2,1,0,0,ca,94520,1,Contra Costa
487,Buffalo Wild Wings,"401 kenilworth drive, petaluma, ca, 94952, us",20.79,16.79,7.29,2.29,1.99,0,69,4.199999999999999,120+,13.39695652173913,,2,1,0,0,ca,94952,1,Marin
488,Buffalo Wild Wings,"3401 dale rd ste 830, modesto, ca, 95356, us",19.99,15.99,5.29,2.29,1.99,4,101,3.6999999999999997,370+,8.65158415841584,,2,1,0,0,ca,95356,1,Stanislaus
489,Buffalo Wild Wings,"4125 s mooney blvd, visalia, ca, 93277, us",19.99,15.99,5.99,2.29,1.99,2,99,4.100000000000001,600+,8.818484848484847,,2,1,0,0,ca,93277,1,Tulare
490,Buffalo Wild Wings,"1600 e gonzales rd, oxnard, ca, 93036, us",20.79,16.49,5.99,2.29,1.99,2,100,4.3,1,9.175699999999997,,2,1,0,0,ca,93036,1,Ventura
491,Denny,"14244 valley center dr, victorville, ca, 92395, us",17.98,17.14,5.6,4.56,7.16,29,120,4.299999999999999,600+,12.012833333333333,,3,1,0,0,ca,92395,1,San Bernardino
492,Denny,"14240 highway 395, adelanto, ca, 92301, us",18.29,17.98,5.39,4.77,7.16,28,117,4.299999999999999,800+,12.207350427350427,,3,1,0,0,ca,92301,1,San Bernardino
493,Denny,"18989 bear valley road, apple valley, ca, 92308, us",17.77,16.73,5.5,4.56,6.74,31,112,4.5,600+,11.537857142857144,,3,1,0,0,ca,92308,1,San Bernardino
494,Denny,"20242 hwy 18, apple valley, ca, 92307, us",17.35,15.58,5.39,4.46,6.64,28,115,4.799999999999998,320+,11.507043478260869,,3,1,0,0,ca,92307,1,San Bernardino
495,Denny,"13165 main st, hesperia, ca, 92344, us",17.98,17.14,5.6,4.56,7.16,29,119,4.399999999999999,430+,12.09378151260504,,3,1,0,0,ca,92344,1,San Bernardino
496,Denny,"5975 n palm ave, san bernardino, ca, 92407, us",17.98,17.14,5.6,4.56,7.16,29,120,4.3999999999999995,700+,12.012833333333333,,3,1,0,0,ca,92407,1,San Bernardino
497,Denny,"2445 el cajon blvd, san diego, ca, 92104, us",18.81,18.29,5.08,4.56,7.58,28,116,4.5,2,12.305431034482758,,3,1,0,0,ca,92104,1,San Diego
498,Denny,"1065 camino del rio, san diego, ca, 92108, us",18.7,18.39,5.81,4.56,7.58,25,120,4.299999999999999,700+,12.605333333333334,,3,1,0,0,ca,92108,1,San Diego
499,Denny,"7676 friars rd, san diego, ca, 92108, us",18.7,18.39,5.81,4.56,7.58,25,120,4.5,800+,12.603583333333331,,3,1,0,0,ca,92108,1,San Diego
500,Denny,"4365 university ave, san diego, ca, 92105, us",17.98,17.98,5.39,4.77,7.16,29,115,4.5,1,12.317913043478262,,3,1,0,0,ca,92105,1,San Diego
501,Denny,"424 west mile of cars, national city, ca, 91950, us",17.98,15.9,5.39,4.56,6.85,56,230,4.5,1,11.754260869565215,,3,1,0,0,ca,91950,1,San Diego
502,Denny,"692 e st, chula vista, ca, 91910, us",17.98,15.9,5.39,4.56,,25,97,4.600000000000001,1,11.521340206185567,,3,1,0,0,ca,91910,1,San Diego
503,Denny,"110 bonita rd., chula vista, ca, 91910, us",17.98,15.9,5.39,4.56,6.85,27,117,4.5,1,11.475641025641025,,3,1,0,0,ca,91910,1,San Diego
504,Denny,"1904 sweetwater road, national city, ca, 91950, us",17.98,15.9,5.39,4.56,6.85,28,117,4.5,1,11.568974358974359,,3,1,0,0,ca,91950,1,San Diego
505,Denny,"2222 coronado ave, san diego, ca, 92154, us",17.98,15.9,5.39,4.56,6.85,28,119,4.600000000000001,2,11.556974789915964,,3,1,0,0,ca,92154,1,San Diego
506,Denny,"130 calle primera, san diego, ca, 92173, us",18.7,18.39,5.81,4.56,7.58,25,119,4.5,600+,12.684285714285714,,3,1,0,0,ca,92173,1,San Diego
507,Denny,"487 harbor dr., oceanside, ca, 92054, us",18.81,18.29,5.08,4.56,7.58,29,115,4.600000000000001,300+,12.319478260869566,,3,1,0,0,ca,92054,1,San Diego
508,Denny,"2273 el camino real, oceanside, ca, 92054, us",17.98,17.98,5.39,4.77,7.16,29,115,4.5,360+,12.317913043478262,,3,1,0,0,ca,92054,1,San Diego
509,Denny,"605 college blvd., oceanside, ca, 92057, us",18.81,18.29,5.08,4.56,7.58,29,115,4.399999999999999,700+,12.319478260869566,,3,1,0,0,ca,92057,1,San Diego
510,Denny,"540 w, vista, ca, 92083, us",18.81,18.29,5.08,4.56,7.58,29,115,4.5,800+,12.319478260869566,,3,1,0,0,ca,92083,1,San Diego
511,Denny,"731 w, san marcos, ca, 92078, us",19.54,19.12,5.81,4.56,7.58,29,117,4.5,320+,12.872307692307693,,3,1,0,0,ca,92078,1,San Diego
512,Denny,"713 s main ave, fallbrook, ca, 92028, us",18.29,17.98,5.5,4.56,7.16,56,238,4.399999999999999,210+,12.205378151260502,,3,1,0,0,ca,92028,1,San Diego
513,Denny,"10 airport blvd, south san francisco, ca, 94080, us",20.16,17.77,6.22,4.77,7.78,68,468,4.399999999999999,1,13.3258547008547,,3,1,0,0,ca,94080,1,San Mateo
514,Denny,"1776 powell street, emeryville, ca, 94608, us",18.29,17.56,5.39,4.56,6.64,66,352,4.3999999999999995,2,12.310568181818182,,3,1,0,0,ca,94608,1,Alameda
515,Denny,"11344 san pablo ave, el cerrito, ca, 94530, us",18.81,17.56,5.6,4.46,6.85,125,589,4.2,470+,12.689711375212223,,3,1,0,0,ca,94530,1,Contra Costa
516,Denny,"2526, san pablo, ca, 94806, us",18.29,18.29,5.39,4.77,7.58,116,470,4.200000000000002,800+,12.229063829787234,,3,1,0,0,ca,94806,1,Contra Costa
517,Denny,"1803 marina blvd, san leandro, ca, 94577, us",19.64,18.29,5.91,4.66,7.16,96,462,4.299999999999998,500+,13.223073593073591,,3,1,0,0,ca,94577,1,Alameda
518,Denny,"15015 freedom ave, san leandro, ca, 94578, us",19.64,18.29,5.91,4.66,7.16,72,343,4.399999999999999,1,13.200699708454811,,3,1,0,0,ca,94578,1,Alameda
519,Denny,"2920 s. norfolk, san mateo, ca, 94403, us",17.56,17.46,5.39,4.66,6.64,75,328,4.3999999999999995,470+,12.378841463414632,,3,1,0,0,ca,94403,1,San Mateo
520,Denny,"642 west charter way, stockton, ca, 95206, us",18.91,18.91,5.6,4.77,7.89,29,120,4.1000000000000005,490+,12.482416666666666,,3,1,0,0,ca,95206,1,San Joaquin
521,Denny,"4747 pacific ave., stockton, ca, 95207, us",16.89,16.79,5.19,4.49,6.39,28,117,4.100000000000001,130+,11.746410256410256,,3,1,0,0,ca,95207,1,San Joaquin
522,Denny,"3950 waterloo rd, stockton, ca, 95215, us",18.29,17.98,5.39,4.77,7.16,29,115,4.299999999999999,230+,12.443217391304348,,3,1,0,0,ca,95215,1,San Joaquin
523,Denny,"2670 w. march lane, stockton, ca, 95207, us",17.56,17.46,5.39,4.66,,23,108,4.200000000000001,460+,12.595462962962964,,3,1,0,0,ca,95207,1,San Joaquin
524,Denny,"5033 s hwy 99 e frontage rd, stockton, ca, 95215, us",20.16,18.29,6.64,4.77,9.55,18,115,4.600000000000001,99,13.787130434782611,,3,1,0,0,ca,95215,1,San Joaquin
525,Denny,"16851 harlan rd, lathrop, ca, 95330, us",20.16,18.29,6.64,4.77,9.55,17,112,4.6000000000000005,160+,13.949107142857143,,3,1,0,0,ca,95330,1,San Joaquin
526,Denny,"208 madonna rd., san luis obispo, ca, 93405, us",17.98,17.56,5.39,4.46,7.16,26,120,4.5,600+,11.99783333333333,,3,1,0,0,ca,93405,1,San Luis Obispo
527,Denny,"611 five cities dr., pismo beach, ca, 93449, us",18.29,18.29,5.39,4.77,7.58,58,238,4.399999999999999,500+,12.380924369747898,,3,1,0,0,ca,93449,1,San Luis Obispo
528,Denny,"1310 24th st., paso robles, ca, 93446, us",18.29,18.29,5.39,4.77,7.58,29,117,4.299999999999999,180+,12.18042735042735,,3,1,0,0,ca,93446,1,San Luis Obispo
529,Denny,"1201 broadway, redwood city, ca, 94063, us",19.64,18.29,5.91,4.66,7.16,24,119,4.5,800+,13.287563025210087,,3,1,0,0,ca,94063,1,San Mateo
530,Denny,"910 saratoga ave, san jose, ca, 95129, us",19.54,19.12,5.81,4.56,7.58,30,120,4.5,600+,12.67225,,3,1,0,0,ca,95129,1,Santa Clara
531,Denny,"2077 n 1st st, san jose, ca, 95131, us",19.22,17.98,5.81,4.56,7.06,52,228,4.6000000000000005,500+,12.608508771929824,,3,1,0,0,ca,95131,1,Santa Clara
532,Denny,"30163 industrial, hayward, ca, 94544, us",18.29,17.56,5.39,4.56,6.64,66,348,4.299999999999999,900+,12.284367816091951,,3,1,0,0,ca,94544,1,Alameda
533,Denny,"1019 east main st., santa maria, ca, 93454, us",18.29,18.29,5.39,4.77,7.58,29,120,4.5,290+,12.329583333333334,,3,1,0,0,ca,93454,1,Santa Barbara
534,Denny,"3614 state st, santa barbara, ca, 93105, us",18.29,18.29,5.39,4.77,7.58,29,114,4.299999999999999,700+,12.271403508771929,,3,1,0,0,ca,93105,1,Santa Barbara
535,Denny,"4095 telegraph road, ventura, ca, 93003, us",17.98,17.98,5.39,4.77,7.16,56,228,4.5,410+,12.19701754385965,,3,1,0,0,ca,93003,1,Ventura
536,Denny,"1390 south first st., san jose, ca, 95112, us",18.29,17.56,5.39,4.56,6.64,22,112,4.3999999999999995,800+,12.146071428571428,,3,1,0,0,ca,95112,1,Santa Clara
537,Denny,"2401 lanai ave., san jose, ca, 95122, us",18.29,17.56,5.39,4.56,6.64,22,112,4.299999999999999,700+,12.14607142857143,,3,1,0,0,ca,95122,1,Santa Clara
538,Denny,"2484 berryessa rd., san jose, ca, 95133, us",18.29,17.56,5.39,4.56,6.64,22,112,4.3999999999999995,800+,12.146071428571428,,3,1,0,0,ca,95133,1,Santa Clara
539,Denny,"1745 el camino real, santa clara, ca, 95050, us",19.64,18.29,5.91,4.66,7.16,24,111,4.399999999999998,440+,13.114414414414417,,3,1,0,0,ca,95050,1,Santa Clara
540,Denny,"1001 east capitol, san jose, ca, 95121, us",18.29,17.56,5.39,4.56,6.64,22,112,4.3999999999999995,800+,12.150714285714287,,3,1,0,0,ca,95121,1,Santa Clara
541,Denny,"814 ahwanee ave, sunnyvale, ca, 94085, us",19.64,18.29,5.91,4.66,7.16,24,111,4.5,1,13.114414414414417,,3,1,0,0,ca,94085,1,Santa Clara
542,Denny,"1515 ocean st., santa cruz, ca, 95060, us",17.56,17.46,5.39,4.66,6.64,25,107,4.200000000000001,410+,12.18551401869159,,3,1,0,0,ca,95060,1,Santa Cruz
543,Denny,"250 fairgrounds dr, vallejo, ca, 94589, us",19.22,17.98,5.81,4.56,7.06,78,356,4.5,400+,12.7275,,3,1,0,0,ca,94589,1,Solano
544,Denny,"304 pittman rd, cordelia, ca, 94534, us",19.85,19.54,5.81,4.56,7.58,58,236,3.8999999999999986,140+,12.90084745762712,,3,1,0,0,ca,94534,1,Solano
545,Denny,"4355 sonoma blvd., vallejo, ca, 94589, us",19.22,17.98,5.81,4.56,7.06,52,236,4.5,220+,12.701949152542372,,3,1,0,0,ca,94589,1,Solano
546,Denny,"612 contra costa blvd., pleasant hill, ca, 94523, us",17.56,17.46,5.39,4.66,6.64,50,240,4.200000000000001,190+,12.241666666666667,,3,1,0,0,ca,94523,1,Contra Costa
547,Denny,"1360 holiday lane, fairfield, ca, 94534, us",19.64,18.29,5.91,4.66,7.16,24,119,4.5,350+,13.275294117647059,,3,1,0,0,ca,94534,1,Solano
548,Denny,"1701 e. monte vista ave, vacaville, ca, 95688, us",18.7,18.39,5.81,4.56,6.95,31,120,4.299999999999999,460+,12.168166666666666,,3,1,0,0,ca,95688,1,Solano
549,Denny,"1250 stratford ave, dixon, ca, 95620, us",17.99,17.69,5.59,4.39,6.69,35,112,4.700000000000001,27,11.371249999999998,,3,1,0,0,ca,95620,1,Solano
550,Denny,"115 baker ave, santa rosa, ca, 95407, us",19.22,17.98,5.81,4.56,7.06,25,119,4.3,320+,13.013529411764704,,3,1,0,0,ca,95407,1,Sonoma
551,Denny,"1000 w. steele lane, santa rosa, ca, 95403, us",19.22,17.98,5.81,4.56,7.06,25,118,4.100000000000002,420+,12.875423728813557,,3,1,0,0,ca,95403,1,Sonoma
552,Denny,"4986, petaluma, ca, 94952, us",17.46,15.9,5.7,4.14,8.3,52,241,4.299999999999999,110+,11.88315352697095,,3,1,0,0,ca,94952,1,Marin
553,Denny,"110 mchenry st., modesto, ca, 95354, us",17.56,17.46,5.39,4.66,6.64,24,110,3.8,160+,12.042818181818182,,3,1,0,0,ca,95354,1,Stanislaus
554,Denny,"2332 south mooney, visalia, ca, 93277, us",17.98,17.14,5.6,4.56,7.16,29,107,4.399999999999999,500+,11.796168224299064,,3,1,0,0,ca,93277,1,Tulare
555,Denny,"200 s akers st, visalia, ca, 93291, us",17.98,17.14,5.6,4.56,7.16,29,112,4.6000000000000005,270+,11.747142857142856,,3,1,0,0,ca,93291,1,Tulare
556,Denny,"795 e prosperity ave, tulare, ca, 93274, us",17.98,17.14,5.6,4.56,7.16,29,112,4.299999999999999,260+,11.785178571428572,,3,1,0,0,ca,93274,1,Tulare
557,Denny,"955 manning ave, reedley, ca, 93654, us",17.29,16.49,5.39,4.39,6.89,31,113,2.5,14,11.359026548672565,,3,1,0,0,ca,93654,1,Fresno
558,Denny,"1635 glendale ave., hanford, ca, 93230, us",17.98,17.14,5.6,4.56,7.16,29,112,4.3999999999999995,310+,11.747142857142856,,3,1,0,0,ca,93230,1,Kings
559,Denny,"1255 n, oxnard, ca, 93030, us",19.85,19.54,5.81,4.56,7.58,29,104,4.5,350+,12.16576923076923,,3,1,0,0,ca,93030,1,Ventura
560,Denny,"2511 n ventura rd, port hueneme, ca, 93041, us",17.98,17.98,5.39,4.77,7.16,27,101,4.5,450+,12.1790099009901,,3,1,0,0,ca,93041,1,Ventura
561,Denny,"1659 e dailey dr, camarillo, ca, 93010, us",17.77,16.73,5.5,4.56,6.74,31,111,4.600000000000002,500+,11.5572972972973,,3,1,0,0,ca,93010,1,Ventura
562,Denny,"327 south palm avenue, santa paula, ca, 93060, us",18.79,18.39,5.59,4.39,7.29,31,111,4.799999999999997,29,11.840450450450453,,3,1,0,0,ca,93060,1,Ventura
563,Denny,"2830 camino del rios n, newbury park, ca, 91320, us",17.98,16.52,5.6,4.77,6.74,28,109,4.600000000000002,500+,11.501467889908257,,3,1,0,0,ca,91320,1,Ventura
564,Denny,"5280 mowry ave., fremont, ca, 94538, us",18.29,17.56,5.39,4.56,6.64,44,228,4.399999999999999,900+,12.231929824561401,,3,1,0,0,ca,94538,1,Alameda
565,Denny,"25010 hesperian boulevard, hayward, ca, 94545, us",18.29,17.56,5.39,4.56,6.64,44,228,4.200000000000001,360+,12.225526315789473,,3,1,0,0,ca,94545,1,Alameda
566,Denny,"333 s abbott ave, milpitas, ca, 95035, us",17.89,17.29,5.09,4.39,6.89,30,114,4.299999999999999,500+,11.475087719298244,,3,1,0,0,ca,95035,1,Santa Clara
567,Denny,"5331 hopyard road, pleasanton, ca, 94588, us",18.29,17.56,5.39,4.35,6.64,46,226,4.200000000000001,260+,12.194070796460178,,3,1,0,0,ca,94588,1,Alameda
568,Denny,"1313 willow pass rd, concord, ca, 94520, us",19.22,17.98,5.81,4.56,7.06,25,120,4.299999999999999,480+,13.132083333333332,,3,1,0,0,ca,94520,1,Contra Costa
569,Denny,"2006 somersville rd, antioch, ca, 94509, us",18.29,17.56,5.39,4.56,6.64,22,122,4.399999999999999,500+,12.46032786885246,,3,1,0,0,ca,94509,1,Contra Costa
570,Denny,"4823 lone tree way, antioch, ca, 94531, us",18.29,17.56,5.39,4.56,6.64,22,122,4.200000000000002,500+,12.454590163934425,,3,1,0,0,ca,94531,1,Contra Costa
571,Denny,"2568 s east ave, fresno, ca, 93706, us",17.77,16.73,5.5,4.56,6.74,31,114,4.399999999999999,600+,11.735263157894739,,3,1,0,0,ca,93706,1,Fresno
572,Denny,"3120 n blackstone ave, fresno, ca, 93703, us",17.98,17.14,5.6,4.56,7.16,29,111,4.3,900+,11.807297297297296,,3,1,0,0,ca,93703,1,Fresno
573,Denny,"1121 n parkway dr, fresno, ca, 93728, us",17.59,17.29,5.19,4.59,6.89,30,114,4.200000000000001,500+,11.58122807017544,,3,1,0,0,ca,93728,1,Fresno
574,Denny,"530 south clovis ave., fresno, ca, 93727, us",17.98,17.14,5.6,4.56,7.16,29,113,4.399999999999999,800+,11.936637168141594,,3,1,0,0,ca,93727,1,Fresno
575,Denny,"1110 e shaw ave, fresno, ca, 93710, us",17.59,17.29,5.19,4.59,6.89,30,114,3.8999999999999986,380+,11.581228070175438,,3,1,0,0,ca,93710,1,Fresno
576,Denny,"1377 w foothill blvd, rialto, ca, 92376",17.98,17.14,5.6,4.56,7.16,29,114,4.399999999999999,900+,11.849122807017544,,3,1,0,0,ca,92376,1,San Bernardino
577,Denny,"17009-a valley blvd, fontana, ca, 92335",17.56,15.17,5.39,4.56,,29,103,4.2,900+,11.104466019417478,,3,1,0,0,ca,92335,1,San Bernardino
578,Denny,"2684 mt. vernon ave, bakersfield, ca, 93306, us",17.98,16.21,5.5,,6.85,28,110,4.2,900+,11.658000000000001,,3,1,0,0,ca,93306,1,Kern
579,Denny,"2851 white lane, bakersfield, ca, 93304, us",17.98,15.9,5.39,4.56,6.85,28,114,4.399999999999999,1,11.39377192982456,,3,1,0,0,ca,93304,1,Kern
580,Denny,"8710 rosedale hwy, bakersfield, ca, 93312, us",17.98,17.14,5.6,4.56,7.16,29,114,4.5,600+,11.843684210526314,,3,1,0,0,ca,93312,1,Kern
581,Denny,"2309 panama lane, bakersfield, ca, 93307, us",17.56,15.17,5.39,4.56,6.64,28,108,4.5,800+,10.843981481481485,,3,1,0,0,ca,93307,1,Kern
582,Denny,"35175 7th standard road, bakersfield, ca, 93308, us",17.98,16.21,5.5,4.77,6.85,28,113,4.399999999999999,340+,11.533982300884954,,3,1,0,0,ca,93308,1,Kern
583,Denny,"530 ramirez st, los angeles, ca, 90012, us",17.98,17.98,,4.77,,26,112,4.6000000000000005,1,12.384107142857143,,3,1,0,0,ca,90012,1,Los Angeles
584,Denny,"888 s figueroa st, los angeles, ca, 90017, us",19.59,17.99,6.69,5.59,7.49,27,122,4.299999999999998,3,12.678524590163935,,3,1,0,0,ca,90017,1,Los Angeles
585,Denny,"3750 wilshire blvd, los angeles, ca, 90010, us",17.77,16.73,5.5,4.56,6.74,30,119,4.600000000000001,5,12.150504201680674,,3,1,0,0,ca,90010,1,Los Angeles
586,Denny,"3060 n san fernando rd, los angeles, ca, 90065, us",17.98,16.73,5.08,4.46,,28,119,4.600000000000001,2,11.978823529411764,,3,1,0,0,ca,90065,1,Los Angeles
587,Denny,"6040 york boulevard, los angeles, ca, 90042, us",17.59,17.59,5.19,4.59,7.29,31,122,4.700000000000002,340+,11.93016393442623,,3,1,0,0,ca,90042,1,Los Angeles
588,Denny,"5142 triggs st, city of commerce, ca, 90022, us",17.59,17.59,5.19,4.59,7.29,28,116,4.5,800+,11.945172413793106,,3,1,0,0,ca,90022,1,Los Angeles
589,Denny,"601, long beach, ca, 90802, us",17.29,16.89,5.19,4.29,6.89,28,122,4.299999999999998,2,11.616229508196717,,3,1,0,0,ca,90802,1,Los Angeles
590,Denny,"3333 atlantic ave, long beach, ca, 90807, us",17.09,16.09,5.29,4.39,6.49,31,118,4.600000000000001,900+,11.484915254237286,,3,1,0,0,ca,90807,1,Los Angeles
591,Denny,"5570 pacific coast highway, long beach, ca, 90804, us",17.98,17.56,5.39,4.46,7.16,26,122,4.6000000000000005,1,12.064508196721311,,3,1,0,0,ca,90804,1,Los Angeles
592,Denny,"2634 e carson st, lakewood, ca, 90712, us",17.14,16.83,5.18,4.25,6.85,26,121,4.5,600+,11.598347107438018,,3,1,0,0,ca,90712,1,Los Angeles
593,Denny,"2860 n bellflower blvd, long beach, ca, 90815, us",19.54,19.12,,4.56,7.58,26,116,4.700000000000002,490+,12.917844827586206,,3,1,0,0,ca,90815,1,Los Angeles
594,Denny,"1440 west pacific coast, wilmington, ca, 90744, us",17.77,16.73,5.5,4.56,6.74,31,120,4.3999999999999995,2,11.819,,3,1,0,0,ca,90744,1,Los Angeles
595,Denny,"25341 chiquella dr., stephenson ranch, ca, 91381, us",19.09,18.79,5.59,4.39,7.29,30,121,4.5,500+,12.387520661157025,,3,1,0,0,ca,91381,1,Los Angeles
596,Denny,"18932 w. soledad canyon rd, canyon country, ca, 91351, us",19.09,18.79,5.59,4.39,7.29,30,120,4.700000000000001,800+,12.349166666666667,,3,1,0,0,ca,91351,1,Los Angeles
597,Denny,"31724, castaic, ca, 91384, us",19.09,18.79,5.59,4.39,7.29,30,120,4.5,130+,12.349166666666667,,3,1,0,0,ca,91384,1,Los Angeles
598,Denny,"16401 delone st., santa clarita, ca, 91387, us",19.09,18.79,5.59,4.39,7.29,30,121,4.6000000000000005,470+,12.396611570247932,,3,1,0,0,ca,91387,1,Los Angeles
599,Denny,"12861 encinitas ave., sylmar, ca, 91342, us",19.85,19.54,5.81,4.56,7.58,30,121,4.5,900+,12.729834710743804,,3,1,0,0,ca,91342,1,Los Angeles
600,Denny,"13201 gladstone ave, sylmar, ca, 91342, us",17.59,17.29,5.29,4.39,6.89,30,120,4.5,900+,11.776666666666666,,3,1,0,0,ca,91342,1,Los Angeles
601,Denny,"975 e blanco rd, salinas, ca, 93901, us",19.64,18.29,5.91,4.66,7.16,24,113,4.6000000000000005,260+,13.193982300884954,,3,1,0,0,ca,93901,1,Monterey
602,Denny,"1255 de la torre, salinas, ca, 93905, us",17.56,17.46,5.39,,6.64,23,106,4.299999999999999,170+,12.423301886792451,,3,1,0,0,ca,93905,1,Monterey
603,Denny,"2005 n main street, salinas, ca, 93906, us",18.29,17.56,5.39,4.56,6.64,22,114,4.200000000000001,500+,12.236491228070177,,3,1,0,0,ca,93906,1,Monterey
604,Denny,"110 reservation road, marina, ca, 93933, us",17.56,17.46,5.39,4.66,6.64,25,108,4.299999999999999,210+,12.27574074074074,,3,1,0,0,ca,93933,1,Monterey
605,Denny,"2137 north fremont st., monterey, ca, 93940, us",17.56,17.46,5.39,4.66,6.64,25,107,4.299999999999999,380+,12.363364485981307,,3,1,0,0,ca,93940,1,Monterey
606,Denny,"300 fremont st, monterey, ca, 93940, us",18.29,17.56,5.39,4.56,6.64,22,114,4.5,700+,12.231929824561401,,3,1,0,0,ca,93940,1,Monterey
607,Denny,"1501 w 17th st, santa ana, ca, 92706, us",19.85,19.54,5.81,4.56,7.58,30,109,4.600000000000002,490+,12.388440366972477,,3,1,0,0,ca,92706,1,Orange
608,Denny,"2314 e 17th st, santa ana, ca, 92701, us",17.29,17.29,5.19,4.59,6.89,30,109,4.700000000000001,600+,11.334036697247704,,3,1,0,0,ca,92701,1,Orange
609,Denny,"2530 s bristol street, santa ana, ca, 92704, us",19.85,19.54,5.81,4.56,7.58,30,105,4.700000000000001,700+,12.305333333333335,,3,1,0,0,ca,92704,1,Orange
610,Denny,"13302 harbor blvd., garden grove, ca, 92843, us",19.85,19.54,5.81,4.56,7.58,30,110,4.5,370+,12.297454545454546,,3,1,0,0,ca,92843,1,Orange
611,Denny,"1571 el camino real, tustin, ca, 92780, us",18.29,17.56,5.39,4.56,6.64,22,113,4.6000000000000005,1,12.164513274336285,,3,1,0,0,ca,92780,1,Orange
612,Denny,"2005 e katella ave, anaheim, ca, 92806, us",17.98,17.56,5.18,4.56,6.95,58,218,4.3999999999999995,440+,11.62889908256881,,3,1,0,0,ca,92806,1,Orange
613,Denny,"210 s euclid st, anaheim, ca, 92802, us",17.98,17.98,5.39,4.77,7.16,26,106,4.5,1,12.337547169811321,,3,1,0,0,ca,92802,1,Orange
614,Denny,"1375 s harbor blvd, fullerton, ca, 92832, us",18.59,17.59,5.39,4.49,7.09,29,113,4.6000000000000005,400+,11.44840707964602,,3,1,0,0,ca,92832,1,Orange
615,Denny,"1610 south harbor blvd., anaheim, ca, 92802, us",17.77,16.73,5.5,4.56,,30,108,4.299999999999999,1,12.040555555555555,,3,1,0,0,ca,92802,1,Orange
616,Denny,"1168 w katella ave, anaheim, ca, 92802, us",17.29,16.89,5.19,4.29,6.89,27,110,4.700000000000001,600+,11.257272727272724,,3,1,0,0,ca,92802,1,Orange
617,Denny,"2080 s harbor blvd, anaheim, ca, 92802, us",19.85,19.54,5.81,4.56,7.58,30,112,4.5,320+,12.197410714285715,,3,1,0,0,ca,92802,1,Orange
618,Denny,"122 sunrise ave., roseville, ca, 95661, us",17.56,17.46,5.39,4.66,6.64,48,224,4.3999999999999995,330+,11.980714285714287,,3,1,0,0,ca,95661,1,Placer
619,Denny,"8841 greenback ln, orangevale, ca, 95662, us",17.56,17.46,5.39,4.66,6.64,50,222,4.399999999999999,260+,12.121441441441442,,3,1,0,0,ca,95662,1,Sacramento
620,Denny,"5120 interstate ave, sacramento, ca, 95660, us",17.98,17.98,5.39,4.77,7.16,28,104,4.299999999999999,900+,11.875,,3,1,0,0,ca,95660,1,Sacramento
621,Denny,"2474 sunrise blvd, rancho cordova, ca, 95670, us",17.98,17.98,5.39,4.77,7.16,54,218,4.5,700+,12.044587155963304,,3,1,0,0,ca,95670,1,Sacramento
622,Denny,"3520 auburn blvd., sacramento, ca, 95821, us",17.56,17.46,5.39,4.66,6.64,50,220,4.299999999999999,470+,12.102272727272727,,3,1,0,0,ca,95821,1,Sacramento
623,Denny,"681 newcastle rd, newcastle united states, san juan, ca, 95658, us",17.56,17.46,5.39,4.66,6.64,50,226,4.5,44,12.228761061946901,,3,1,0,0,ca,95658,1,Placer
624,Denny,"3446 coach ln, cameron park, ca, 95682, us",20.16,18.29,6.64,4.77,9.55,17,109,4.100000000000002,65,13.512018348623855,,3,1,0,0,ca,95682,1,El Dorado
625,Denny,"99 fair lane dr, placerville, ca, 95667, us",16.79,15.29,5.49,3.99,7.99,16,112,4.700000000000001,58,11.054285714285713,,3,1,0,0,ca,95667,1,El Dorado
626,Denny,"1245 university ave., riverside, ca, 92507, us",18.39,17.99,5.59,4.59,7.19,58,232,4.5,700+,12.087844827586208,,3,1,0,0,ca,92507,1,Riverside
627,Denny,"3530 madison st, riverside, ca, 92504, us",17.98,17.98,5.39,4.77,7.16,58,232,4.5,600+,12.100344827586206,,3,1,0,0,ca,92504,1,Riverside
628,Denny,"6875 valley way, rubidoux, ca, 92509, us",17.98,17.98,5.39,4.77,7.16,58,232,4.5,500+,12.100344827586206,,3,1,0,0,ca,92509,1,Riverside
629,Denny,"2955 van buren boulevard, riverside, ca, 92503, us",18.7,18.39,5.81,4.56,6.95,60,230,4.299999999999999,400+,12.120086956521739,,3,1,0,0,ca,92503,1,Riverside
630,Denny,"1190 s. mt. vernon, colton, ca, 92324, us",18.7,18.39,5.81,4.56,6.95,90,331,4.600000000000001,400+,12.072175226586102,,3,1,0,0,ca,92324,1,San Bernardino
631,Denny,"160 west valley blvd., colton, ca, 92324, us",18.7,18.39,5.81,4.56,6.95,90,302,4.5,400+,11.7508940397351,,3,1,0,0,ca,92324,1,San Bernardino
632,Denny,"24952 sunnymead blvd, moreno valley, ca, 92553, us",18.39,17.99,5.59,4.59,7.19,29,120,4.299999999999999,600+,12.231666666666664,,3,1,0,0,ca,92553,1,Riverside
633,Denny,"570 e 4th st, perris, ca, 92570, us",17.09,16.09,5.29,4.39,6.49,32,116,4.299999999999999,700+,11.46758620689655,,3,1,0,0,ca,92570,1,Riverside
634,Denny,"25365 madison ave, murrieta, ca, 92562, us",18.29,17.98,5.5,4.56,7.16,29,118,4.399999999999999,500+,12.172203389830507,,3,1,0,0,ca,92562,1,Riverside
635,Denny,"23857 clinton keith rd, wildomar, ca, 92595, us",18.29,17.98,5.5,4.56,7.16,29,119,4.5,370+,12.228823529411764,,3,1,0,0,ca,92595,1,Riverside
636,Denny,"28915 rancho california road, temecula, ca, 92590, us",17.98,17.98,5.39,4.77,7.16,29,113,4.5,360+,12.169911504424778,,3,1,0,0,ca,92590,1,Riverside
637,Denny,"36490 winchester rd, murrieta, ca, 92563, us",19.12,17.35,5.6,4.46,7.16,22,120,4.5,480+,12.475249999999999,,3,1,0,0,ca,92563,1,Riverside
638,Denny,"31760 grape st, lake elsinore, ca, 92532, us",17.29,17.29,5.19,4.59,6.89,31,116,4.600000000000001,500+,11.733103448275862,,3,1,0,0,ca,92532,1,Riverside
639,Denny,"300 bercut drive, sacramento, ca, 95811, us",17.56,17.46,5.39,4.66,6.64,25,110,4.0,700+,12.056000000000001,,3,1,0,0,ca,95811,1,Sacramento
640,Denny,"1322 howe ave., sacramento, ca, 95825, us",17.56,17.46,5.39,4.66,6.64,50,228,4.200000000000001,420+,11.906140350877195,,3,1,0,0,ca,95825,1,Sacramento
641,Denny,"7900 college town dr., sacramento, ca, 95826, us",17.56,17.46,5.39,4.66,6.64,46,214,4.299999999999999,500+,12.284672897196263,,3,1,0,0,ca,95826,1,Sacramento
642,Denny,"4441 e commerce way, sacramento, ca, 95834, us",17.56,17.46,5.39,4.66,6.64,24,107,4.200000000000001,350+,12.013457943925232,,3,1,0,0,ca,95834,1,Sacramento
643,Denny,"5460 florin rd, sacramento, ca, 95823, us",17.56,17.46,5.39,4.66,6.64,46,206,4.200000000000001,500+,12.43019417475728,,3,1,0,0,ca,95823,1,Sacramento
644,Denny,"8707, elk grove, ca, 95624, us",17.98,17.98,5.39,4.77,7.16,29,116,4.200000000000001,310+,12.488189655172414,,3,1,0,0,ca,95624,1,Sacramento
645,Denny,"7401 elsie ave., sacramento, ca, 95823, us",17.98,17.98,5.39,4.77,7.16,29,114,4.299999999999999,600+,12.53780701754386,,3,1,0,0,ca,95823,1,Sacramento
646,Denny,"1055 c st, galt, ca, 95632, us",17.56,17.46,5.39,4.66,6.64,24,115,4.399999999999999,120+,12.485913043478261,,3,1,0,0,ca,95632,1,Sacramento
647,Denny,"702 e highland ave, san bernardino, ca, 92404, us",18.7,18.39,5.81,4.56,6.95,30,117,4.399999999999999,1,12.223675213675214,,3,1,0,0,ca,92404,1,San Bernardino
648,Denny,"2442, highland, ca, 92346, us",18.7,18.39,5.81,4.56,,31,112,4.3999999999999995,440+,12.341071428571428,,3,1,0,0,ca,92346,1,San Bernardino
649,Denny,"1180 alabama st., redlands, ca, 92374, us",18.7,18.39,5.81,4.56,6.95,30,118,4.600000000000001,300+,12.322627118644068,,3,1,0,0,ca,92374,1,San Bernardino
650,Denny,"1377 w foothill blvd, rialto, ca, 92376, us",17.98,17.14,5.6,4.56,7.16,58,240,4.299999999999999,1,12.012833333333333,,3,1,0,0,ca,92376,1,San Bernardino
651,Denny,"17009-a valley blvd., fontana, ca, 92335, us",17.59,16.69,4.89,4.29,6.89,30,120,4.3999999999999995,800+,11.588333333333333,,3,1,0,0,ca,92335,1,San Bernardino
652,Denny,"13479 baseline ave, fontana, ca, 92336, us",17.77,17.35,5.39,4.77,7.16,28,115,4.700000000000002,800+,12.204521739130433,,3,1,0,0,ca,92336,1,San Bernardino
653,Denny,"11899 foothills blvd, rancho cucamonga, ca, 91730, us",17.98,17.98,5.39,4.77,7.16,28,115,4.5,1,12.40991304347826,,3,1,0,0,ca,91730,1,San Bernardino
654,Denny,"801 dennison ave, birmingham, al, 35211, us",,,,,,26,122,3.6000000000000014,500+,5.245819672131147,,3,1,0,0,al,35211,0,Jefferson
655,Denny,"3944 highway 17 s, richmond hill, ga, 31324, us",15.9,13.82,5.18,4.25,6.33,21,103,4.399999999999998,480+,10.433009708737863,,3,1,0,0,ga,31324,0,Bryan
656,Denny,"5534 jimmy carter blvd, norcross, ga, 30093, us",16.0,14.34,5.18,4.35,,88,380,4.200000000000001,1,10.699894736842106,,3,1,0,0,ga,30093,0,Gwinnett
657,Denny,"970 thornton rd, lithia springs, ga, 30168, us",,,,,,10,128,4.1000000000000005,3,13.298593750000002,,3,1,0,0,ga,30168,0,Cobb
658,Denny,"3512 franklin road, caldwell, id, 83605, us",,,4.89,4.29,,26,87,3.6999999999999993,310+,9.855517241379312,,3,1,0,0,id,83605,0,Canyon
659,Denny,"6288 e 82nd st, indianapolis, in, 46250, us",15.58,13.82,4.77,3.94,6.33,32,198,4.299999999999999,500+,10.095858585858586,,3,1,0,0,in,46250,0,Marion
660,Denny,"2490 post rd, indianapolis, in, 46219, us",15.38,13.4,4.56,3.94,6.33,34,196,4.100000000000001,1,9.937040816326531,,3,1,0,0,in,46219,0,Marion
661,Denny,"8808 n michigan road, indianapolis, in, 46268, us",15.58,13.61,4.56,3.94,6.33,36,199,4.100000000000001,900+,9.998040201005026,,3,1,0,0,in,46268,0,Marion
662,Denny,"827 in-32, westfield, in, 46074, us",15.38,13.4,4.56,3.94,6.33,17,98,4.299999999999999,200+,9.966632653061225,,3,1,0,0,in,46074,0,Hamilton
663,Denny,"6171 melton dr, portage, in, 46368, us",,,4.56,3.94,6.33,17,86,4.3,410+,9.28,,3,1,0,0,in,46368,0,Porter
664,Denny,"3512 s keystone ave, indianapolis, in, 46227, us",15.38,13.4,4.56,3.94,6.33,15,93,4.2,1,10.166129032258066,,3,1,0,0,in,46227,0,Marion
665,Denny,"6241 crawfordsville rd, indianapolis, in, 46224, us",15.58,13.61,4.56,3.94,6.33,17,99,4.200000000000001,1,9.914848484848484,,3,1,0,0,in,46224,0,Marion
666,Denny,"8901 31 south, indianapolis, in, 46227, us",15.58,13.82,4.77,3.94,6.33,17,104,4.299999999999999,280+,10.158846153846154,,3,1,0,0,in,46227,0,Marion
667,Denny,"10480 metcalf, overland park, ks, 66212, us",14.65,12.98,4.35,3.42,5.6,22,100,4.2,500+,9.619699999999998,,3,1,0,0,ks,66212,0,Johnson
668,Denny,"9001 shawnee mission parkway, merriam, ks, 66202, us",14.65,12.98,4.35,3.42,5.6,23,102,4.0,390+,9.51441176470588,,3,1,0,0,ks,66202,0,Johnson
669,Denny,"4024 e harry st, wichita, ks, 67218, us",14.34,13.19,4.56,3.42,5.6,21,103,3.6999999999999997,1,9.50281553398058,,3,1,0,0,ks,67218,0,Sedgwick
670,Denny,"2306 palumbo dr, lexington, ky, 40509, us",,,,,,15,129,4.300000000000001,1,12.433798449612404,,3,1,0,0,ky,40509,0,Fayette
671,Denny,"434 eastern parkway, louisville, ky, 40217, us",15.9,13.82,5.18,4.25,,22,90,3.8,2,10.174333333333333,,3,1,0,0,ky,40217,0,Jefferson
672,Denny,"5910 veterans, metairie, la, 70003, us",14.86,13.19,4.25,3.62,5.6,38,206,4.100000000000001,1,9.758349514563108,,3,1,0,0,la,70003,0,Jefferson
673,Denny,"1625 gause rd, slidell, la, 70458, us",,,,,,31,123,4.200000000000002,400+,4.652682926829268,,3,1,0,0,la,70458,0,St. Tammany
674,Denny,"9351 canal rd, gulfport, ms, 39503, us",14.65,12.98,4.35,3.62,6.02,14,94,4.3,390+,9.280851063829788,,3,1,0,0,ms,39503,0,Harrison
675,Denny,"7541 washington avenue, ocean springs, ms, 39564, us",14.96,13.19,4.56,3.62,6.02,15,97,4.299999999999999,470+,9.40701030927835,,3,1,0,0,ms,39564,0,Jackson
676,Denny,"34 gusabel avenue, nashua, nh, 03063, us",15.38,13.19,4.77,3.62,6.33,17,93,4.3,700+,9.357419354838708,,3,1,0,0,nh,3063,0,Hillsborough
677,Denny,"1550 four seasons, hendersonville, nc, 28792, us",15.06,13.09,4.56,3.83,6.02,13,99,4.299999999999999,140+,9.767474747474749,,3,1,0,0,nc,28792,0,Henderson
678,Denny,"542 grove st, fayetteville, nc, 28301, us",,,,,,18,139,3.8999999999999995,330+,5.195755395683453,,3,1,0,0,nc,28301,0,Cumberland
679,Denny,"3215 wake forest rd, raleigh, nc, 27609, us",14.86,13.19,4.25,3.62,5.6,38,191,4.3,3,9.904764397905758,,3,1,0,0,nc,27609,0,Wake
680,Denny,"975 s main st, kernersville, nc, 27284, us",15.06,13.09,4.66,4.04,6.02,46,197,4.3,370+,9.995279187817259,,3,1,0,0,nc,27284,0,Forsyth
681,Denny,"3703 west gate city blvd., greensboro, nc, 27407, us",14.49,12.69,4.39,3.49,,36,156,4.2,900+,8.769487179487179,,3,1,0,0,nc,27407,0,Guilford
682,Denny,"4541 sunset rd, charlotte, nc, 28216, us",,13.09,4.66,4.04,6.02,44,184,3.8999999999999995,1,9.83445652173913,,3,1,0,0,nc,28216,0,Mecklenburg
683,Denny,"4380 fayetteville rd, raleigh, usa, garner, nc, 27603, us",14.34,12.57,4.77,3.62,5.6,17,99,4.200000000000001,2,9.930101010101009,,3,1,0,0,nc,27603,0,Wake
684,Denny,"500 ed noble parkway, norman, ok, 73072, us",13.19,11.59,3.59,2.79,,36,182,4.2,130+,8.146593406593405,,3,1,0,0,ok,73072,0,Cleveland
685,Denny,"1617 sw 74th street, oklahoma city, ok, 73159, us",13.19,12.09,3.99,2.79,,36,177,4.1000000000000005,180+,8.20581920903955,,3,1,0,0,ok,73159,0,Oklahoma
686,Denny,"3030 south i-35 service rd., oklahoma city, ok, 73129, us",14.65,12.98,4.35,3.42,5.6,48,200,4.200000000000001,1,9.2951,,3,1,0,0,ok,73129,0,Oklahoma
687,Denny,"3130 douglas blvd, oklahoma city, ok, 73130, us",14.34,13.19,4.56,3.42,5.6,42,200,4.100000000000001,600+,9.4482,,3,1,0,0,ok,73130,0,Oklahoma
688,Denny,"315 s. meridian avenue, oklahoma city, ok, 73108, us",13.19,12.09,3.99,2.79,,38,192,4.1000000000000005,240+,8.159791666666667,,3,1,0,0,ok,73108,0,Oklahoma
689,Denny,"121 north 129 east ave, tulsa, ok, 74116, us",14.34,12.98,3.83,3.0,5.18,18,103,4.2,700+,9.156116504854369,,3,1,0,0,ok,74116,0,Tulsa
690,Denny,"2200 lebanon church road, west mifflin, pa, 15122, us",13.82,12.57,4.04,3.0,,40,196,4.200000000000001,1,8.945816326530613,,3,1,0,0,pa,15122,0,Allegheny
691,Denny,"3980 william penn highway, monroeville, pa, 15146, us",14.02,12.88,,3.0,,28,173,4.299999999999999,1,9.029768786127168,,3,1,0,0,pa,15146,0,Allegheny
692,Denny,"2180 greentree rd, pittsburgh, pa, 15220, us",15.06,13.5,5.18,4.25,6.02,19,95,4.2,1,9.896105263157896,,3,1,0,0,pa,15220,0,Allegheny
693,Denny,"271 clairton blvd., pittsburgh, pa, 15236, us",15.06,13.4,4.77,3.94,6.02,16,96,4.3999999999999995,700+,10.161979166666667,,3,1,0,0,pa,15236,0,Allegheny
694,Denny,"1001 n 9th street, reading, pa, 19604, us",,,,,,45,128,4.1000000000000005,2,5.47046875,,3,1,0,0,pa,19604,0,Berks
695,Denny,"300 bath rd, bristol, pa, 19007, us",,,,,,10,313,4.2,500+,18.114281150159744,,3,1,0,0,pa,19007,0,Bucks
696,Denny,"47 industrial hwy, tinicum township, pa, 19029, us",15.58,13.82,4.77,4.25,6.02,78,412,3.8999999999999986,800+,10.31907766990291,,3,1,0,0,pa,19029,0,Delaware
697,Denny,"575 n franklin st, lancaster, pa, 17602, us",,,,,,22,127,4.399999999999998,3,4.268346456692914,,3,1,0,0,pa,17602,0,Lancaster
698,Denny,"1871 catasauqua road, allentown, pa, 18109, us",15.58,13.82,4.77,4.25,6.02,19,105,4.200000000000001,1,10.292761904761905,,3,1,0,0,pa,18109,0,Lehigh
699,Denny,"1829 lincoln highway, north versailles, pa, 15137, us",14.02,12.88,4.25,3.0,,18,92,4.2,800+,8.736630434782608,,3,1,0,0,pa,15137,0,Allegheny
700,Denny,"1199 louck road, york, pa, 17404, us",15.06,13.5,5.18,4.25,6.02,19,105,4.100000000000001,800+,10.120380952380952,,3,1,0,0,pa,17404,0,York
701,Denny,"199 eisenhower drive, hanover, pa, 17331, us",15.06,13.5,5.18,4.25,6.02,19,105,3.899999999999999,220+,10.100571428571428,,3,1,0,0,pa,17331,0,York
702,Denny,"387 king st, charleston, sc, 29403, us",,,,,,65,168,4.799999999999999,2,5.845833333333334,,3,1,0,0,sc,29403,0,Charleston
703,Denny,"2521 wade hampton, greenville, sc, 29615, us",14.13,12.98,4.35,3.0,5.39,44,193,4.1000000000000005,900+,9.116424870466322,,3,1,0,0,sc,29615,0,Greenville
704,Denny,"2306 reidville road, spartanburg, sc, 29301, us",14.13,12.98,4.35,3.0,5.39,46,195,4.0,470+,9.067538461538462,,3,1,0,0,sc,29301,0,Spartanburg
705,Denny,"800 s. kings hwy, myrtle beach, sc, 29577, us",14.86,13.19,4.25,3.62,5.6,18,91,4.3,700+,9.119780219780221,,3,1,0,0,sc,29577,0,Horry
706,Denny,"2514 sunset blvd, west columbia, sc, 29169, us",14.96,13.19,4.25,3.62,5.6,32,195,4.200000000000001,2,9.664717948717948,,3,1,0,0,sc,29169,0,Lexington
707,Denny,"342 harbison blvd, columbia, sc, 29212, us",14.34,12.57,4.77,3.62,5.6,32,197,4.0,1,9.71243654822335,,3,1,0,0,sc,29212,0,Lexington
708,Denny,"5901 fairfield dr, columbia, sc, 29203, us",15.06,13.09,4.66,4.04,6.02,42,195,4.200000000000001,500+,10.032666666666666,,3,1,0,0,sc,29203,0,Richland
709,Denny,"115 sloane garden rd, boiling springs, sc, 29316, us",14.34,13.19,4.35,3.0,5.39,22,102,4.100000000000002,600+,9.252450980392158,,3,1,0,0,sc,29316,0,Spartanburg
710,Denny,"2732 celanese rd, rock hill, sc, 29732, us",,,,1.99,,11,103,4.399999999999998,420+,9.362815533980585,,3,1,0,0,sc,29732,0,York
711,Denny,"1420 hwy 96 north, fairview, tn, 37062, us",16.79,15.59,,4.29,6.49,20,73,4.2,310+,10.643424657534249,,3,1,0,0,tn,37062,0,Williamson
712,Denny,"114 w main st, chattanooga, tn, 37408, us",,,,,,33,96,4.700000000000001,800+,6.1187499999999995,,3,1,0,0,tn,37408,0,Hamilton
713,Denny,"800 watt rd, knoxville, tn, 37932, us",15.06,13.09,4.66,4.04,6.02,20,96,4.299999999999999,95,9.959687500000001,,3,1,0,0,tn,37932,0,Knox
714,Denny,"106 se broad st, murfreesboro, tn, 37130, us",,,,,,26,119,4.3,800+,3.9344537815126053,,3,1,0,0,tn,37130,0,Rutherford
715,Denny,"3716 parkway, pigeon forge, tn, 37863, us",14.99,13.79,5.09,4.19,5.99,27,91,4.0,360+,9.643846153846155,,3,1,0,0,tn,37863,0,Sevier
716,Applebee,"12044 amargosa road, victorville, ca, 92392, us",18.49,17.29,5.79,2.49,3.49,8,124,4.200000000000002,700+,25.616612903225807,,3,1,0,0,ca,92392,1,San Bernardino
717,Applebee,"19201 bear valley road, apple valley, ca, 92308, us",18.49,17.29,5.79,2.49,3.49,7,121,4.6000000000000005,700+,26.247851239669423,,3,1,0,0,ca,92308,1,San Bernardino
718,Applebee,"16867 sierra lakes parkway, fontana, ca, 92336, us",18.49,17.29,5.79,2.49,3.49,24,371,4.399999999999999,1,25.390808625336927,,3,1,0,0,ca,92336,1,San Bernardino
719,Applebee,"4070 e, highland, ca, 92346, us",18.49,17.29,5.79,2.49,3.49,18,348,4.5,1,25.91528735632184,,3,1,0,0,ca,92346,1,San Bernardino
720,Applebee,"2046 w, redlands, ca, 92373, us",18.49,17.29,5.79,2.49,3.49,24,457,4.5,900+,22.058927789934355,,3,1,0,0,ca,92373,1,San Bernardino
721,Applebee,"3030 plaza bonita road, national city, ca, 91950, us",18.49,17.29,5.79,2.49,3.49,16,236,4.399999999999999,1,26.67898305084746,,3,1,0,0,ca,91950,1,San Diego
722,Applebee,"7677 balboa ave, san diego, ca, 92111, us",18.49,17.29,5.79,2.49,3.49,16,244,4.5,1,25.974426229508197,,3,1,0,0,ca,92111,1,San Diego
723,Applebee,"610 palomar st ste 1502, chula vista, ca, 91911, us",18.49,17.29,5.79,2.49,3.49,16,244,4.5,1,25.93344262295082,,3,1,0,0,ca,91911,1,San Diego
724,Applebee,"107 fletcher parkway, el cajon, ca, 92020, us",18.49,17.29,5.79,2.49,3.49,14,242,4.399999999999999,1,25.132148760330576,,3,1,0,0,ca,92020,1,San Diego
725,Applebee,"2508 jamacha, el cajon, ca, 92019, us",18.79,17.49,5.79,2.49,3.49,16,242,4.5,800+,26.192479338842976,,3,1,0,0,ca,92019,1,San Diego
726,Applebee,"9480 east mira mesa blvd., san diego, ca, 92126, us",18.49,17.29,5.79,2.49,3.49,14,234,4.6000000000000005,1,21.73871794871795,,3,1,0,0,ca,92126,1,San Diego
727,Applebee,"2146 vista way, oceanside, ca, 92054, us",18.49,17.29,5.79,2.49,3.49,14,227,4.600000000000001,800+,21.84330396475771,,3,1,0,0,ca,92054,1,San Diego
728,Applebee,"1216 auto park way, escondido, ca, 92029, us",18.49,17.29,5.79,2.49,3.49,8,117,4.600000000000001,1,22.200256410256404,,3,1,0,0,ca,92029,1,San Diego
729,Applebee,"32175 hwy. 79, temecula, ca, 92592, us",18.79,17.49,5.79,2.49,3.49,14,229,4.700000000000002,600+,23.070786026200874,,3,1,0,0,ca,92592,1,Riverside
730,Applebee,"24872 madison ave, murrieta, ca, 92562, us",18.49,17.29,5.79,2.49,3.49,14,244,4.700000000000002,700+,25.960491803278693,,3,1,0,0,ca,92562,1,Riverside
731,Applebee,"2770 taylor st, san francisco, ca, 94133, us",24.49,23.29,6.29,2.49,8.29,18,710,4.200000000000001,1,33.331971830985914,,3,1,0,0,ca,94133,1,San Francisco
732,Applebee,"2263 south shore center, alameda, ca, 94501, us",19.19,16.69,5.79,2.49,3.79,60,728,4.200000000000001,1,26.664175824175825,,3,1,0,0,ca,94501,1,Alameda
733,Applebee,"1369 fitzgerald drive, pinole, ca, 94564, us",17.89,16.69,5.79,2.49,3.49,42,851,4.299999999999999,900+,26.330070505287896,,3,1,0,0,ca,94564,1,Contra Costa
734,Applebee,"24041 southland dr, hayward, ca, 94545, us",19.19,16.69,5.79,2.49,3.79,60,717,4.399999999999999,1,25.475774058577407,,3,1,0,0,ca,94545,1,Alameda
735,Applebee,"2659 w. march lane, stockton, ca, 95207, us",17.89,16.69,5.79,2.49,3.49,5,118,4.200000000000001,600+,27.016271186440672,,3,1,0,0,ca,95207,1,San Joaquin
736,Applebee,"2442 w kettleman lane, lodi, ca, 95242, us",17.89,16.69,5.79,2.49,3.49,12,244,4.299999999999998,200+,25.771967213114756,,3,1,0,0,ca,95242,1,San Joaquin
737,Applebee,"1272 e. yosemite ave., manteca, ca, 95336, us",19.99,18.79,4.99,3.79,4.99,4,111,4.2,220+,23.489999999999995,,3,1,0,0,ca,95336,1,San Joaquin
738,Applebee,"3060 n. naglee road, tracy, ca, 95304, us",19.99,18.79,4.99,3.79,4.99,4,113,4.399999999999999,280+,23.118318584070803,,3,1,0,0,ca,95304,1,San Joaquin
739,Applebee,"1415 s bradley, santa maria, ca, 93454, us",18.49,17.29,5.79,2.49,3.49,7,115,4.5,400+,24.061304347826088,,3,1,0,0,ca,93454,1,Santa Barbara
740,Applebee,"621 w central ave, lompoc, ca, 93436, us",18.49,17.29,5.79,2.49,3.49,8,119,4.399999999999999,67,24.316050420168065,,3,1,0,0,ca,93436,1,Santa Barbara
741,Applebee,"811 state st, santa barbara, ca, 93101, us",,,,,,6,90,4.700000000000001,700+,13.749666666666664,,3,1,0,0,ca,93101,1,Santa Barbara
742,Applebee,"51 curtner ave, san jose, ca, 95125, us",19.99,18.79,4.99,3.79,4.99,10,232,4.5,700+,23.738275862068967,,3,1,0,0,ca,95125,1,Santa Clara
743,Applebee,"555 saratoga ave., san jose, ca, 95129, us",19.99,18.79,4.99,3.79,4.99,8,226,4.5,600+,23.771415929203542,,3,1,0,0,ca,95129,1,Santa Clara
744,Applebee,"5690 cottle rd, san jose, ca, 95123, us",19.99,18.79,4.99,3.79,4.99,4,113,4.6000000000000005,410+,22.820973451327436,,3,1,0,0,ca,95123,1,Santa Clara
745,Applebee,"39139 farwell drive, fremont, ca, 94538, us",19.19,16.69,5.79,2.49,3.79,27,363,4.5,800+,26.6701652892562,,3,1,0,0,ca,94538,1,Alameda
746,Applebee,"8200 arroyo circle, gilroy, ca, 95020, us",19.99,18.79,4.99,3.79,4.99,8,230,4.399999999999999,170+,23.944782608695657,,3,1,0,0,ca,95020,1,Santa Clara
747,Applebee,"1105 s. green valley road, watsonville, ca, 95076, us",18.49,17.29,5.79,2.49,3.49,24,363,4.100000000000001,270+,23.04619834710744,,3,1,0,0,ca,95076,1,Santa Cruz
748,Applebee,"1041 admiral callaghan lane, vallejo, ca, 94591, us",17.89,16.69,5.79,2.49,3.49,12,245,4.299999999999998,900+,25.761836734693876,,3,1,0,0,ca,94591,1,Solano
749,Applebee,"195 soscol ave, napa, ca, 94559, us",19.19,16.69,5.79,2.49,3.79,20,243,4.200000000000001,480+,26.55666666666667,,3,1,0,0,ca,94559,1,Napa
750,Applebee,"1350 travis blvd, fairfield, ca, 94533, us",17.89,16.69,5.79,2.49,3.49,5,120,4.200000000000001,500+,26.685000000000002,,3,1,0,0,ca,94533,1,Solano
751,Applebee,"5301 old redwood hwy, petaluma, ca, 94954, us",19.19,16.69,5.79,2.49,3.79,30,347,4.299999999999999,220+,23.38164265129683,,3,1,0,0,ca,94954,1,Sonoma
752,Applebee,"2250, santa rosa, ca, 95407, us",19.19,16.69,5.79,2.49,3.79,10,114,4.5,900+,23.596140350877192,,3,1,0,0,ca,95407,1,Sonoma
753,Applebee,"501, rohnert park, ca, 94928, us",19.19,16.69,5.79,2.49,3.79,9,116,4.399999999999999,380+,24.2951724137931,,3,1,0,0,ca,94928,1,Sonoma
754,Applebee,"8931 brooks rd s, windsor, ca, 95492, us",19.19,16.69,5.79,2.49,3.79,9,114,4.399999999999999,220+,23.606666666666666,,3,1,0,0,ca,95492,1,Sonoma
755,Applebee,"3900 sisk road, modesto, ca, 95356, us",19.99,18.79,4.99,3.79,4.99,4,114,4.299999999999999,200+,24.176842105263166,,3,1,0,0,ca,95356,1,Stanislaus
756,Applebee,"2449 claribel road, riverbank, ca, 95367, us",19.99,18.79,4.99,3.79,4.99,4,115,4.200000000000001,460+,24.379565217391306,,3,1,0,0,ca,95367,1,Stanislaus
757,Applebee,"2501 fulkerth road, turlock, ca, 95380, us",19.99,18.79,4.99,3.79,4.99,4,114,4.299999999999999,260+,24.560175438596495,,3,1,0,0,ca,95380,1,Stanislaus
758,Applebee,"3400 s. mooney blvd., visalia, ca, 93277, us",18.49,17.29,5.79,2.49,3.49,7,119,4.5,400+,25.93033613445378,,3,1,0,0,ca,93277,1,Tulare
759,Applebee,"5325 avenida de los robles, visalia, ca, 93291, us",18.49,17.29,5.79,2.49,3.49,7,124,4.6000000000000005,330+,25.633548387096777,,3,1,0,0,ca,93291,1,Tulare
760,Applebee,"1665 west lacey blvd, hanford, ca, 93230, us",18.49,17.29,5.79,2.49,3.49,7,111,4.5,500+,21.495405405405403,,3,1,0,0,ca,93230,1,Kings
761,Applebee,"291 w. ventura blvd, camarillo, ca, 93010, us",18.79,17.49,5.79,2.49,3.49,8,123,4.6000000000000005,450+,25.851788617886175,,3,1,0,0,ca,93010,1,Ventura
762,Applebee,"4808, dublin, ca, 94568, us",17.89,16.69,5.79,2.49,3.49,12,242,4.5,460+,26.520578512396693,,3,1,0,0,ca,94568,1,Alameda
763,Applebee,"3604 w shaw ave, fresno, ca, 93711, us",18.49,17.29,5.79,2.49,3.49,8,121,4.5,900+,25.592479338842978,,3,1,0,0,ca,93711,1,Fresno
764,Applebee,"98 shaw avenue, clovis, ca, 93612, us",18.49,17.29,5.79,2.49,3.49,7,117,4.5,1,24.462649572649575,,3,1,0,0,ca,93612,1,Fresno
765,Applebee,"8430 n friant rd, fresno, ca, 93720, us",18.49,17.29,5.79,2.49,3.49,8,120,4.5,600+,25.490833333333338,,3,1,0,0,ca,93720,1,Fresno
766,Applebee,"9000 ming ave, bakersfield, ca, 93311, us",18.79,17.49,5.79,2.49,3.49,8,117,4.399999999999999,1,22.089999999999996,,3,1,0,0,ca,93311,1,Kern
767,Applebee,"21 e. main street, alhambra, ca, 91801, us",18.79,17.49,5.79,2.49,3.49,8,125,4.5,1,25.5484,,3,1,0,0,ca,91801,1,Los Angeles
768,Applebee,"5700 florence ave, bell gardens, ca, 90201, us",18.49,17.29,5.79,2.49,3.49,16,238,4.5,1,26.18075630252101,,3,1,0,0,ca,90201,1,Los Angeles
769,Applebee,"1493 n, montebello, ca, 90640, us",18.49,17.29,5.79,2.49,3.49,8,117,4.600000000000001,1,22.136153846153846,,3,1,0,0,ca,90640,1,Los Angeles
770,Applebee,"12129 imperial hwy, norwalk, ca, 90650, us",18.79,17.49,5.79,2.49,3.49,32,467,4.6,800+,22.76366167023555,,3,1,0,0,ca,90650,1,Los Angeles
771,Applebee,"4935 graywood ave, lakewood, ca, 90712, us",18.49,17.29,5.79,2.49,3.49,32,483,4.5,600+,24.55418219461698,,3,1,0,0,ca,90712,1,Los Angeles
772,Applebee,"899 east spring st, signal hill, ca, 90755, us",18.49,17.29,5.79,2.49,3.49,16,222,4.5,1,15.25396396396396,,3,1,0,0,ca,90755,1,Los Angeles
773,Applebee,"1238 west imperial highway, la habra, ca, 90631, us",18.49,17.29,5.79,2.49,3.49,24,350,4.5,600+,22.092285714285712,,3,1,0,0,ca,90631,1,Orange
774,Applebee,"2114 e lincoln ave, anaheim, ca, 92806, us",18.49,17.29,5.79,2.49,3.49,24,362,4.3999999999999995,700+,24.565966850828733,,3,1,0,0,ca,92806,1,Orange
775,Applebee,"9255 winnetka ave, chatsworth, ca, 91311, us",18.49,17.29,5.79,2.49,3.49,7,122,4.399999999999999,1,25.776885245901642,,3,1,0,0,ca,91311,1,Los Angeles
776,Applebee,"1301 n. davis road, salinas, ca, 93907, us",18.49,17.29,5.79,2.49,3.49,7,124,4.399999999999999,600+,25.633548387096774,,3,1,0,0,ca,93907,1,Monterey
777,Applebee,"2800 n main st main place mall ste 868, santa ana, ca, 92705, us",18.49,17.29,5.79,2.49,3.49,16,245,4.399999999999999,700+,25.801020408163264,,3,1,0,0,ca,92705,1,Orange
778,Applebee,"1590 s azusa ave, industry, ca, 91748, us",18.49,17.29,5.79,2.49,3.49,16,229,4.5,700+,22.25855895196506,,3,1,0,0,ca,91748,1,Los Angeles
779,Applebee,"6811 lonetree blvd., rocklin, ca, 95765, us",17.89,16.69,5.79,2.49,3.49,18,362,4.3999999999999995,280+,26.637237569060773,,3,1,0,0,ca,95765,1,Placer
780,Applebee,"6900 auburn blvd, citrus heights, ca, 95621, us",17.89,16.69,5.79,2.49,3.49,18,364,4.2,800+,26.476263736263732,,3,1,0,0,ca,95621,1,Sacramento
781,Applebee,"2024 arden way, sacramento, ca, 95825, us",17.89,16.69,5.79,2.49,3.49,18,364,3.899999999999999,600+,26.47626373626374,,3,1,0,0,ca,95825,1,Sacramento
782,Applebee,"3601 truxel rd., sacramento, ca, 95834, us",17.89,16.69,5.79,2.49,3.49,15,361,4.299999999999999,1,26.12213296398892,,3,1,0,0,ca,95834,1,Sacramento
783,Applebee,"3281 coach ln, cameron park, ca, 95682, us",17.89,16.69,5.79,2.49,3.49,6,121,4.299999999999999,160+,26.59082644628099,,3,1,0,0,ca,95682,1,El Dorado
784,Applebee,"9105 e stockton blvd, elk grove, ca, 95624, us",17.89,16.69,5.79,2.49,3.49,15,342,4.3,500+,26.965438596491225,,3,1,0,0,ca,95624,1,Sacramento
785,Applebee,"3820 mulberry, riverside, ca, 92507, us",18.49,17.29,5.79,2.49,3.49,21,358,4.5,1,26.371005586592183,,3,1,0,0,ca,92507,1,Riverside
786,Applebee,"12600 day street, moreno valley, ca, 92553, us",18.49,17.29,5.79,2.49,3.49,14,226,4.399999999999999,1,22.202389380530974,,3,1,0,0,ca,92553,1,Riverside
787,Applebee,"12375 limonite avenue, mira loma, ca, 91752, us",18.49,17.29,5.79,2.49,3.49,16,235,4.3999999999999995,800+,22.41936170212766,,3,1,0,0,ca,91752,1,Riverside
788,Applebee,"521 n. mckinley, corona, ca, 92879, us",18.49,17.29,5.79,2.49,3.49,14,224,4.6000000000000005,700+,22.207857142857144,,3,1,0,0,ca,92879,1,Riverside
789,Applebee,"27750 newport road, menifee, ca, 92584, us",18.49,17.29,5.79,2.49,3.49,14,241,4.5,800+,26.170497925311203,,3,1,0,0,ca,92584,1,Riverside
790,Applebee,"2515 w florida ave, hemet, ca, 92545, us",18.49,17.29,5.79,2.49,3.49,8,118,4.5,800+,25.95949152542373,,3,1,0,0,ca,92545,1,Riverside
791,Applebee,"1790 e. main street, woodland, ca, 95776, us",17.89,16.69,5.79,2.49,3.49,10,238,4.299999999999997,390+,26.557226890756297,,3,1,0,0,ca,95776,1,Yolo
792,Applebee,"10709 foothill blvd, rancho cucamonga, ca, 91730, us",18.49,17.29,5.79,2.49,3.49,8,125,4.6000000000000005,600+,25.4716,,3,1,0,0,ca,91730,1,San Bernardino
793,Applebee,"2409 south mckenzie street, foley, al, 36535, us",15.69,14.99,4.99,2.49,3.19,6,116,4.100000000000001,900+,21.807241379310348,,3,1,0,0,al,36535,0,Baldwin
794,Applebee,"2246 bessemer road, birmingham, al, 35208, us",13.79,12.69,2.89,3.49,2.29,11,105,4.100000000000001,1,18.487142857142857,,3,1,0,0,al,35208,0,Jefferson
795,Applebee,"1250 boots blvd., fultondale, al, 35068, us",13.79,12.69,2.89,3.49,2.29,11,105,4.200000000000001,410+,18.487142857142857,,3,1,0,0,al,35068,0,Jefferson
796,Applebee,"3028 south memorial parkway, huntsville, al, 35801, us",13.79,12.69,2.89,3.49,2.29,9,104,4.5,600+,18.66403846153846,,3,1,0,0,al,35801,0,Madison
797,Applebee,"3150 memorial pkwy nw, huntsville, al, 35810, us",13.79,12.69,2.89,3.49,2.29,10,102,4.399999999999998,900+,18.764509803921566,,3,1,0,0,al,35810,0,Madison
798,Applebee,"959 government blvd, mobile, al, 36604, us",,,,,,11,94,4.100000000000002,240+,6.108404255319152,,3,1,0,0,al,36604,0,Mobile
799,Applebee,"11120 abercorn st, savannah, ga, 31419, us",16.29,14.79,5.39,2.49,2.49,4,114,4.100000000000001,1,21.02508771929824,,3,1,0,0,ga,31419,0,Chatham
800,Applebee,"160 tanger outlets pkwy., pooler, ga, 31322, us",16.29,14.79,5.39,2.49,2.49,4,111,4.3,1,21.2999099099099,,3,1,0,0,ga,31322,0,Chatham
801,Applebee,"475 franklin rd., marietta, ga, 30067, us",15.69,14.99,3.79,2.49,3.19,5,87,4.100000000000002,1,17.707241379310346,,3,1,0,0,ga,30067,0,Cobb
802,Applebee,"2728 spring rd. se, atlanta, ga, 30339, us",15.69,14.99,3.79,,3.19,8,102,3.8999999999999977,2,18.756666666666668,,3,1,0,0,ga,30339,0,Cobb
803,Applebee,"2945 stonecrest cir., lithonia, ga, 30038, us",15.69,14.99,3.79,2.49,3.19,8,100,4.0,2,20.732,,3,1,0,0,ga,30038,0,DeKalb
804,Applebee,"1448 dogwood dr., conyers, ga, 30013, us",15.69,14.99,3.79,2.49,3.19,8,106,4.0,800+,20.347547169811318,,3,1,0,0,ga,30013,0,Rockdale
805,Applebee,"3690 cascade rd., atlanta, ga, 30331, us",15.69,14.99,3.79,2.49,3.19,16,201,4.1000000000000005,5,19.571592039800993,,3,1,0,0,ga,30331,0,Fulton
806,Applebee,"4705 memorial dr., decatur, ga, 30032, us",15.69,14.99,3.79,2.49,3.19,7,101,4.2,5,19.61970297029703,,3,1,0,0,ga,30032,0,DeKalb
807,Applebee,"550 thornton rd., lithia springs, ga, 30122, us",15.69,14.99,3.79,2.49,3.19,6,99,4.0,2,20.564747474747477,,3,1,0,0,ga,30122,0,Douglas
808,Applebee,"2095 pleasant hill rd, duluth, ga, 30096, us",15.69,14.99,3.79,2.49,3.19,8,105,4.200000000000001,2,20.39190476190477,,3,1,0,0,ga,30096,0,Gwinnett
809,Applebee,"5200 hwy 78, stone mountain, ga, 30087, us",15.69,14.99,3.79,2.49,3.19,8,105,4.200000000000001,2,20.412857142857145,,3,1,0,0,ga,30087,0,DeKalb
810,Applebee,"2810 w. elder street, boise, id, 83705, us",17.49,16.69,4.99,2.49,2.89,9,118,4.399999999999999,1,22.333220338983047,,3,1,0,0,id,83705,0,Ada
811,Applebee,"7845 west emerald, boise, id, 83704, us",17.49,16.69,4.99,2.49,2.89,8,117,4.399999999999999,600+,22.48145299145299,,3,1,0,0,id,83704,0,Ada
812,Applebee,"1460 n eagle rd, meridian, id, 83642, us",17.49,16.69,4.99,2.49,2.89,9,116,4.399999999999999,900+,22.609827586206894,,3,1,0,0,id,83642,0,Ada
813,Applebee,"7025 n. glenwood street, garden city, id, 83714, us",17.49,16.69,4.99,2.49,2.89,9,117,4.5,600+,22.360085470085465,,3,1,0,0,id,83714,0,Ada
814,Applebee,"8310 east 96th street, fishers, in, 46037, us",16.29,14.99,4.99,2.49,2.89,7,116,4.5,380+,21.089999999999996,,3,1,0,0,in,46037,0,Hamilton
815,Applebee,"17801 foundation dr, noblesville, in, 46060, us",16.29,14.99,4.49,2.49,2.49,6,115,4.399999999999999,250+,20.251739130434782,,3,1,0,0,in,46060,0,Hamilton
816,Applebee,"330 ridge road, munster, in, 46321, us",15.69,14.99,4.99,2.49,3.19,6,111,4.100000000000002,600+,22.56297297297297,,3,1,0,0,in,46321,0,Lake
817,Applebee,"8425 broadway, merrillville, in, 46410, us",15.69,14.99,4.99,2.49,3.19,6,112,4.200000000000001,500+,22.462321428571432,,3,1,0,0,in,46410,0,Lake
818,Applebee,"6211 highway 6, portage, in, 46368, us",15.69,14.99,4.99,2.49,3.19,6,112,4.200000000000001,600+,21.59714285714286,,3,1,0,0,in,46368,0,Porter
819,Applebee,"5664 crawfordsville road, speedway, in, 46224, us",16.29,14.99,4.49,2.49,2.49,6,114,4.100000000000001,1,21.249649122807014,,3,1,0,0,in,46224,0,Marion
820,Applebee,"7345 e. washington street, indianapolis, in, 46219, us",16.29,14.99,4.49,2.49,2.49,6,117,4.200000000000001,1,20.818205128205122,,3,1,0,0,in,46219,0,Marion
821,Applebee,"6301 s e 14th street, des moines, ia, 50320, us",15.0,15.0,5.0,2.5,3.15,13,113,4.200000000000001,600+,21.99823008849557,,3,1,0,0,ia,50320,0,Polk
822,Applebee,"3900 merle hay road, des moines, ia, 50310, us",15.0,15.0,5.0,2.5,3.15,12,114,4.399999999999999,1,22.93245614035088,,3,1,0,0,ia,50310,0,Polk
823,Applebee,"11000 metcalf, overland park, ks, 66210, us",14.79,15.39,3.59,4.59,3.09,14,114,4.299999999999999,460+,17.45315789473684,,3,1,0,0,ks,66210,0,Johnson
824,Applebee,"6800 johnson drive, mission, ks, 66202, us",14.79,15.39,3.59,4.59,,13,110,4.399999999999998,500+,18.20909090909091,,3,1,0,0,ks,66202,0,Johnson
825,Applebee,"320 s ridge road, wichita, ks, 67209, us",15.0,14.5,5.0,2.5,2.5,13,116,4.200000000000001,600+,22.257758620689653,,3,1,0,0,ks,67209,0,Sedgwick
826,Applebee,"4760 s broadway, wichita, ks, 67216, us",15.0,14.5,5.0,2.5,2.5,19,122,4.399999999999999,900+,21.384426229508193,,3,1,0,0,ks,67216,0,Sedgwick
827,Applebee,"1761 sharkey way, lexington, ky, 40511, us",15.69,14.99,,2.49,3.19,4,111,4.3,900+,22.626036036036037,,3,1,0,0,ky,40511,0,Fayette
828,Applebee,"113 n. plaza drive, nicholasville, ky, 40356, us",15.69,14.99,4.99,2.49,3.19,6,113,4.0,220+,21.042212389380534,,3,1,0,0,ky,40356,0,Jessamine
829,Applebee,"greentree mall, clarksville, in, 47129, us",14.19,12.99,3.59,3.59,2.39,13,110,3.899999999999998,380+,22.073636363636364,,3,1,0,0,in,47129,0,Clark
830,Applebee,"4717 dixie highway, louisville, ky, 40216, us",14.19,12.99,3.59,3.59,2.39,13,111,4.0,600+,21.48369369369369,,3,1,0,0,ky,40216,0,Jefferson
831,Applebee,"9702 airline hwy, baton rouge, la, 70809, us",15.29,14.39,2.99,2.39,2.99,5,111,4.100000000000002,1,19.743153153153152,,3,1,0,0,la,70809,0,East Baton Rouge
832,Applebee,"1220 s clearview pkwy ste 1172, harahan, la, 70123, us",15.29,14.39,2.99,2.39,2.99,5,117,4.399999999999999,1,21.147264957264955,,3,1,0,0,la,70123,0,Jefferson
833,Applebee,"3701 veterans memorial blvd, metairie, la, 70002, us",15.29,14.39,2.99,2.39,2.99,10,228,4.200000000000001,1,21.58824561403509,,3,1,0,0,la,70002,0,Jefferson
834,Applebee,"5630 johnston street, lafayette, la, 70503, us",15.29,14.39,2.99,2.39,2.99,5,117,4.299999999999999,260+,21.147264957264955,,3,1,0,0,la,70503,0,Lafayette
835,Applebee,"4005 general degaulle, new orleans, la, 70114, us",15.29,14.39,2.99,2.39,2.99,5,112,4.1000000000000005,1,21.381071428571428,,3,1,0,0,la,70114,0,Orleans
836,Applebee,"850 e i 10 service rd, slidell, la, 70461, us",15.29,14.39,2.99,2.39,2.99,5,116,4.299999999999999,700+,21.257241379310337,,3,1,0,0,la,70461,0,St. Tammany
837,Applebee,"9319 hwy 49, gulfport, ms, 39503, us",13.79,12.69,2.89,3.49,2.29,12,105,4.100000000000001,600+,19.7347619047619,,3,1,0,0,ms,39503,0,Harrison
838,Applebee,"951 cedar lake road, biloxi, ms, 39532, us",13.79,12.69,2.89,3.49,2.29,12,109,4.399999999999998,700+,19.422110091743114,,3,1,0,0,ms,39532,0,Harrison
839,Applebee,"581 2nd st, manchester, nh, 03102, us",16.99,15.99,5.79,2.49,2.49,9,112,4.5,1,21.81232142857143,,3,1,0,0,nh,3102,0,Hillsborough
840,Applebee,"1273, hooksett, nh, 03106, us",16.99,15.99,5.79,2.49,2.49,10,116,4.5,470+,22.353793103448275,,3,1,0,0,nh,3106,0,Merrimack
841,Applebee,"1464 woodbury ave, portsmouth, nh, 03801, us",16.99,15.99,5.79,2.49,2.49,9,116,4.5,900+,22.65465517241379,,3,1,0,0,nh,3801,0,Rockingham
842,Applebee,"indian brook dr, dover, nh, 03820, us",16.99,15.99,5.79,2.49,2.49,9,122,4.299999999999998,700+,25.781803278688525,,3,1,0,0,nh,3820,0,Strafford
843,Applebee,"279 smokey park hwy., asheville, nc, 28806, us",15.0,13.75,5.0,2.5,3.15,9,113,4.299999999999999,1,22.5787610619469,,3,1,0,0,nc,28806,0,Buncombe
844,Applebee,"1635 four seasons blvd, hendersonville, nc, 28792, us",15.0,13.75,5.0,2.5,3.15,10,117,4.299999999999999,500+,22.191452991452987,,3,1,0,0,nc,28792,0,Henderson
845,Applebee,"1961 skibo rd., fayetteville, nc, 28314, us",15.0,13.75,5.0,2.5,3.15,10,117,4.100000000000001,1,22.12735042735043,,3,1,0,0,nc,28314,0,Cumberland
846,Applebee,"5225 ramsey st, fayetteville, nc, 28311, us",15.0,13.75,5.0,2.5,3.15,10,116,4.299999999999999,1,22.296551724137927,,3,1,0,0,nc,28311,0,Cumberland
847,Applebee,"7831 target cir, raleigh, nc, 27616, us",15.0,13.75,5.0,2.5,3.15,18,224,4.200000000000001,800+,22.135267857142853,,3,1,0,0,nc,27616,0,Wake
848,Applebee,"6609, knightdale, nc, 27545, us",15.0,13.75,5.0,2.5,3.15,18,228,4.100000000000001,1,22.56710526315789,,3,1,0,0,nc,27545,0,Wake
849,Applebee,"1990 griffith rd., winston-salem, nc, 27103, us",15.0,13.75,5.0,2.5,3.15,10,114,4.200000000000001,800+,22.643859649122806,,3,1,0,0,nc,27103,0,Forsyth
850,Applebee,"4690 n. patterson ave., winston-salem, nc, 27105, us",15.0,13.75,5.0,2.5,3.15,10,111,4.3,1,22.763513513513512,,3,1,0,0,nc,27105,0,Forsyth
851,Applebee,"3200 battleground ave., greensboro, nc, 27408, us",15.0,13.75,5.0,2.5,3.15,10,115,4.299999999999999,1,22.43695652173913,,3,1,0,0,nc,27408,0,Guilford
852,Applebee,"4406 w. wendover ave., greensboro, nc, 27407, us",15.0,13.75,5.0,2.5,3.15,10,115,4.0,700+,22.46869565217391,,3,1,0,0,nc,27407,0,Guilford
853,Applebee,"8700 jw clay blvd., charlotte, nc, 28262, us",15.0,13.75,5.0,2.5,3.15,20,232,4.100000000000001,1,22.296551724137927,,3,1,0,0,nc,28262,0,Mecklenburg
854,Applebee,"9616 e. independence blvd., matthews, nc, 28105, us",15.0,13.75,5.0,2.5,3.15,10,116,4.200000000000001,1,22.296551724137927,,3,1,0,0,nc,28105,0,Mecklenburg
855,Applebee,"137 norman station blvd., mooresville, nc, 28117, us",15.0,13.75,5.0,2.5,3.15,10,116,4.200000000000001,500+,22.296551724137927,,3,1,0,0,nc,28117,0,Iredell
856,Applebee,"1113 newpointe boulevard, leland, nc, 28451, us",15.0,13.75,5.0,2.5,3.15,10,115,4.299999999999999,600+,22.338260869565215,,3,1,0,0,nc,28451,0,Brunswick
857,Applebee,"2401 s i 35 service rd, moore, ok, 73160, us",14.19,12.99,3.59,3.59,2.39,14,110,4.3,280+,20.932727272727266,,3,1,0,0,ok,73160,0,Cleveland
858,Applebee,"608 s air depot blvd, midwest city, ok, 73110, us",14.19,12.99,3.59,3.59,2.39,28,219,4.6000000000000005,370+,20.11694063926941,,3,1,0,0,ok,73110,0,Oklahoma
859,Applebee,"1020 e state hwy 152, mustang, ok, 73064, us",14.19,12.99,3.59,3.59,2.39,13,110,4.2,220+,20.889999999999993,,3,1,0,0,ok,73064,0,Canadian
860,Applebee,"6020 sw 3rd street, oklahoma city, ok, 73128, us",14.19,12.99,3.59,3.59,2.39,28,223,4.3,300+,20.68865470852018,,3,1,0,0,ok,73128,0,Oklahoma
861,Applebee,"11104 e 41st street, tulsa, ok, 74146, us",14.19,12.99,3.59,3.59,2.39,14,106,3.8999999999999986,250+,20.920188679245285,,3,1,0,0,ok,74146,0,Tulsa
862,Applebee,"2101 greentree rd, pittsburgh, pa, 15220, us",16.69,15.39,4.99,2.49,2.49,14,233,4.3999999999999995,1,19.04793991416309,,3,1,0,0,pa,15220,0,Allegheny
863,Applebee,"1601 south braddock avenue, pittsburgh, pa, 15218, us",16.69,15.39,4.99,2.49,2.49,7,117,4.299999999999999,2,20.906239316239315,,3,1,0,0,pa,15218,0,Allegheny
864,Applebee,"2045 lebanon church rd, pittsburgh, pa, 15236, us",16.69,15.39,4.99,2.49,2.49,6,113,4.200000000000001,2,20.173185840707962,,3,1,0,0,pa,15236,0,Allegheny
865,Applebee,"1905 ridgewood road, wyomissing, pa, 19610, us",16.79,15.59,6.39,2.99,3.59,7,115,4.399999999999999,1,19.295217391304345,,3,1,0,0,pa,19610,0,Berks
866,Applebee,"3050 n. 5th street highway, reading, pa, 19605, us",16.79,15.59,6.39,2.99,3.59,7,112,4.299999999999999,700+,19.19625,,3,1,0,0,pa,19605,0,Berks
867,Applebee,"3219 st rd, bensalem, pa, 19020, us",16.79,15.59,6.39,2.99,3.59,7,116,4.399999999999999,1,19.211551724137923,,3,1,0,0,pa,19020,0,Bucks
868,Applebee,"2 west road, newtown, pa, 18940, us",16.79,15.59,6.39,2.99,3.59,7,116,4.5,370+,19.211551724137923,,3,1,0,0,pa,18940,0,Bucks
869,Applebee,"1107, west chester, pa, 19382, us",16.79,15.59,6.39,2.99,3.59,7,114,4.6000000000000005,900+,19.438245614035083,,3,1,0,0,pa,19382,0,Chester
870,Applebee,"815 e. baltimore pike, kennett sq, pa, 19348, us",16.79,15.59,6.39,2.99,3.59,7,115,4.100000000000001,100+,19.295217391304345,,3,1,0,0,pa,19348,0,Chester
871,Applebee,"320 macdade blvd., ridley, pa, 19033, us",16.79,15.59,6.39,2.99,3.59,7,115,4.399999999999999,3,19.295217391304345,,3,1,0,0,pa,19033,0,Delaware
872,Applebee,"4301 pennell road, aston, pa, 19014, us",16.79,15.59,6.39,2.99,3.59,7,115,4.299999999999999,1,19.295217391304337,,3,1,0,0,pa,19014,0,Delaware
873,Applebee,"2321 lincoln highway east, lancaster, pa, 17602, us",14.99,13.59,5.49,1.19,2.89,10,106,4.399999999999999,390+,18.961698113207547,,3,1,0,0,pa,17602,0,Lancaster
874,Applebee,"320 e. main street, ephrata, pa, 17522, us",14.99,13.59,5.49,1.19,2.89,10,104,4.3999999999999995,150+,19.338076923076922,,3,1,0,0,pa,17522,0,Lancaster
875,Applebee,"2109motel drive, bethlehem, pa, 18018, us",16.79,15.59,6.39,2.99,3.59,7,115,4.5,1,19.29521739130434,,3,1,0,0,pa,18018,0,Lehigh
876,Applebee,"1510 n cedar crest blvd, allentown, pa, 18104, us",16.79,15.59,6.39,2.99,3.59,7,115,4.399999999999999,1,19.29521739130434,,3,1,0,0,pa,18104,0,Lehigh
877,Applebee,"2710 dekalb pike, east norriton, pa, 19401, us",16.79,15.59,6.39,2.99,3.59,7,115,4.600000000000001,1,19.29521739130434,,3,1,0,0,pa,19401,0,Montgomery
878,Applebee,"555 s. trooper road, audubon, pa, 19403, us",16.79,15.59,6.39,2.99,3.59,6,114,4.399999999999999,900+,19.417192982456136,,3,1,0,0,pa,19403,0,Montgomery
879,Applebee,"1308 w girard ave, philadelphia, pa, 19123, us",16.79,15.59,,,,1,55,4.199999999999998,2,21.45727272727273,,3,1,0,0,pa,19123,0,Philadelphia
880,Applebee,"2501 aramingo ave., port richmond, pa, 19125, us",16.79,15.59,6.39,2.99,3.59,7,115,4.399999999999999,3,19.29521739130434,,3,1,0,0,pa,19125,0,Philadelphia
881,Applebee,"4920 william penn hwy, murrysville, pa, 15632, us",16.69,15.39,4.99,2.49,2.49,7,117,4.600000000000001,350+,20.74897435897435,,3,1,0,0,pa,15632,0,Westmoreland
882,Applebee,"3440 william penn highway, pittsburgh, pa, 15235, us",16.69,15.39,4.99,2.49,2.49,5,111,4.399999999999998,1,21.0963063063063,,3,1,0,0,pa,15235,0,Allegheny
883,Applebee,"101 northern way, york, pa, 17402, us",14.99,13.59,5.49,1.19,2.89,10,107,4.100000000000001,600+,19.067570093457945,,3,1,0,0,pa,17402,0,York
884,Applebee,"11 towne drive, bluffton, sc, 29910-4201, us",,,,4.36,,10,122,4.399999999999999,79,12.141803278688526,,3,1,0,0,sc,29910,0,Beaufort
885,Applebee,"88 old trolley rd, summerville, sc, 29485, us",15.0,13.75,5.0,2.5,3.15,10,116,4.200000000000001,2,22.139224137931034,,3,1,0,0,sc,29485,0,Dorchester
886,Applebee,"430 congaree rd., greenville, sc, 29607, us",15.0,13.75,5.0,2.5,3.15,20,232,4.100000000000001,800+,22.296551724137927,,3,1,0,0,sc,29607,0,Greenville
887,Applebee,"5055 calhoun memorial hwy, easley, sc, 29640, us",15.0,13.75,5.0,2.5,3.15,9,114,4.299999999999999,800+,22.534210526315785,,3,1,0,0,sc,29640,0,Pickens
888,Applebee,"1647 church st., conway, sc, 29526, us",15.0,13.75,5.0,,3.15,9,106,4.0,1,24.110849056603772,,3,1,0,0,sc,29526,0,Horry
889,Applebee,"605 columbia ave, lexington, sc, 29072, us",15.0,13.75,5.0,2.5,3.15,10,116,4.200000000000001,800+,21.810344827586206,,3,1,0,0,sc,29072,0,Lexington
890,Applebee,"2815 augusta rd., west columbia, sc, 29170, us",15.0,13.75,5.0,2.5,3.15,18,228,4.399999999999999,1,22.621929824561402,,3,1,0,0,sc,29170,0,Lexington
891,Applebee,"4505 devine st, columbia, sc, 29205, us",15.0,13.75,5.0,2.5,3.15,9,112,4.0,1,21.037053571428572,,3,1,0,0,sc,29205,0,Richland
892,Applebee,"704 w. wade hampton blvd., greer, sc, 29651, us",15.0,13.75,5.0,2.5,3.15,10,115,4.200000000000001,1,21.65565217391304,,3,1,0,0,sc,29651,0,Greenville
893,Applebee,"2227 dave lyle blvd, rock hill, sc, 29730, us",15.0,13.75,5.0,2.5,3.15,10,116,4.0,450+,22.29655172413793,,3,1,0,0,sc,29730,0,York
894,Applebee,"10921 carolina pl. pkwy., pineville, nc, 28134, us",15.0,13.75,5.0,2.5,3.15,10,109,4.100000000000002,800+,21.581192660550464,,3,1,0,0,nc,28134,0,Mecklenburg
895,Applebee,"1268 highway 9 bypass, lancaster, sc, 29720, us",15.0,13.75,5.0,2.5,3.15,10,117,4.0,48,22.191452991452987,,3,1,0,0,sc,29720,0,Lancaster
896,Applebee,"718 thompson lane, nashville, tn, 37204, us",15.0,14.5,5.0,2.5,2.5,13,112,4.299999999999999,2,22.77366071428571,,3,1,0,0,tn,37204,0,Davidson
897,Applebee,"5606 brainerd road, chattanooga, tn, 37411, us",13.79,12.69,2.89,3.49,2.29,9,107,4.299999999999999,500+,18.631121495327104,,3,1,0,0,tn,37411,0,Hamilton
898,Applebee,"5595 hwy 153, hixson, tn, 37343, us",13.79,12.69,2.89,3.49,2.29,12,110,4.5,270+,19.72818181818182,,3,1,0,0,tn,37343,0,Hamilton
899,Applebee,"5316 central avenue pike, knoxville, tn, 37912, us",13.79,12.69,2.89,3.49,2.29,11,105,4.399999999999999,1,19.669047619047614,,3,1,0,0,tn,37912,0,Knox
900,Applebee,"2912, knoxville, tn, 37924, us",13.79,12.69,2.89,3.49,2.29,20,212,4.299999999999999,1,20.37301886792453,,3,1,0,0,tn,37924,0,Knox
901,Applebee,"106 se broad st, murfreesboro, tn, 37130, us",,,,,,26,119,4.3,800+,3.9344537815126053,,3,1,0,0,tn,37130,0,Rutherford
902,Applebee,"207 collier drive, sevierville, tn, 37862, us",13.79,12.69,2.89,3.49,2.29,12,108,4.200000000000001,500+,20.017777777777777,,3,1,0,0,tn,37862,0,Sevier
903,Applebee,"2564, alcoa, tn, 37701, us",13.79,12.69,2.89,3.49,2.29,12,110,4.399999999999998,800+,19.821818181818177,,3,1,0,0,tn,37701,0,Blount
904,Applebee,"2114 union ave, memphis, tn, 38104, us",16.79,16.19,3.59,2.39,3.59,3,111,3.8999999999999977,2,18.122432432432436,,3,1,0,0,tn,38104,0,Shelby
905,Applebee,"208 west service road, west memphis, ar, 72301, us",16.79,16.19,3.59,2.39,3.59,3,113,4.100000000000001,230+,18.62274336283186,,3,1,0,0,ar,72301,0,Crittenden
906,Buffalo Wild Wings,"18965 bear valley rd, apple valley, ca, 92308, us",21.29,17.29,7.29,2.29,1.99,0,83,3.8999999999999986,800+,10.390602409638554,,3,1,0,0,ca,92308,1,San Bernardino
907,Buffalo Wild Wings,"690 e hospitality ln, san bernardino, ca, 92408, us",21.29,17.29,7.29,5.79,2.99,4,400,3.899999999999999,1,9.7701,,3,1,0,0,ca,92408,1,San Bernardino
908,Buffalo Wild Wings,"1640 camino del rio n, san diego, ca, 92108, us",19.99,16.29,5.99,2.29,,2,191,4.2,3,9.120052356020942,,3,1,0,0,ca,92108,1,San Diego
909,Buffalo Wild Wings,"3615 midway dr, san diego, ca, 92110, us",20.79,16.49,5.99,2.29,1.99,4,197,4.3,1,9.184111675126902,,3,1,0,0,ca,92110,1,San Diego
910,Buffalo Wild Wings,"555 broadway ste 116, chula vista, ca, 91910, us",20.79,16.49,5.99,2.29,1.99,4,172,4.2,1,8.704651162790697,,3,1,0,0,ca,91910,1,San Diego
911,Buffalo Wild Wings,"4343 mission boulevard #104, san diego, ca, 92109, us",,12.99,4.79,,1.99,4,63,4.399999999999998,36,6.726825396825398,,3,1,0,0,ca,92109,1,San Diego
912,Buffalo Wild Wings,"2015 birch rd ste 715, chula vista, ca, 91915, us",19.99,16.29,5.99,2.29,1.99,4,199,4.299999999999999,1,8.954020100502511,,3,1,0,0,ca,91915,1,San Diego
913,Buffalo Wild Wings,"254 town center pkwy., santee, ca, 92071, us",19.99,16.29,5.99,2.29,1.99,2,104,4.200000000000001,1,9.273365384615381,,3,1,0,0,ca,92071,1,San Diego
914,Buffalo Wild Wings,"2685 vista way, oceanside, ca, 92054, us",19.99,16.29,5.99,2.29,1.99,4,188,4.200000000000001,1,8.689574468085105,,3,1,0,0,ca,92054,1,San Diego
915,Buffalo Wild Wings,"1010 w, san marcos, ca, 92078, us",20.79,16.79,5.99,2.29,1.99,4,188,4.200000000000001,1,8.581170212765954,,3,1,0,0,ca,92078,1,San Diego
916,Buffalo Wild Wings,"32401, temecula, ca, 92592, us",19.99,16.29,5.99,4.99,1.99,6,190,4.399999999999999,500+,8.700210526315788,,3,1,0,0,ca,92592,1,Riverside
917,Buffalo Wild Wings,"5b serramonte center serramonte center, daly city, ca, 94015, us",20.79,16.79,6.49,2.29,1.99,3,308,4.2,1,9.310974025974025,,3,1,0,0,ca,94015,1,San Mateo
918,Buffalo Wild Wings,"4751 pacific ave, stockton, ca, 95207, us",19.99,16.29,5.99,2.29,1.99,2,95,3.8999999999999977,460+,8.532315789473683,,3,1,0,0,ca,95207,1,San Joaquin
919,Buffalo Wild Wings,"1537 s lower sacramento rd # 100, lodi, ca, 95242, us",19.99,16.29,5.99,2.29,1.99,4,192,4.1000000000000005,270+,8.483437499999997,,3,1,0,0,ca,95242,1,San Joaquin
920,Buffalo Wild Wings,"2796 naglee road, tracy, ca, 95304, us",19.99,16.29,5.99,2.29,1.99,2,87,4.100000000000002,430+,8.898505747126435,,3,1,0,0,ca,95304,1,San Joaquin
921,Buffalo Wild Wings,"795 e betteravia rd, santa maria, ca, 93454, us",19.49,15.29,5.99,2.29,1.99,2,104,4.3999999999999995,430+,9.194903846153844,,3,1,0,0,ca,93454,1,Santa Barbara
922,Buffalo Wild Wings,"905 state street, santa barbara, ca, 93101, us",,,,,,2,37,4.400000000000001,310+,11.417567567567568,,3,1,0,0,ca,93101,1,Santa Barbara
923,Buffalo Wild Wings,"859 blossom hill rd, san jose, ca, 95123, us",20.79,16.49,5.99,2.29,1.99,2,106,4.200000000000001,900+,9.332169811320753,,3,1,0,0,ca,95123,1,Santa Clara
924,Buffalo Wild Wings,"1620 saratoga ave, san jose, ca, 95129, us",20.79,16.49,5.99,2.29,1.99,2,104,4.1000000000000005,1,9.290673076923074,,3,1,0,0,ca,95129,1,Santa Clara
925,Buffalo Wild Wings,"43821 pacific commons blvd, fremont, ca, 94538, us",20.79,16.49,5.99,2.29,,4,206,4.0,700+,9.515825242718446,,3,1,0,0,ca,94538,1,Alameda
926,Buffalo Wild Wings,"120 union street, santa cruz, ca, 95060, us",,,,,,18,96,4.700000000000001,250+,12.114583333333334,,3,1,0,0,ca,95060,1,Santa Cruz
927,Buffalo Wild Wings,"2090 diamond blvd, concord, ca, 94520, us",19.99,15.99,5.99,2.29,1.99,6,305,4.1000000000000005,900+,9.047967213114754,,3,1,0,0,ca,94520,1,Contra Costa
928,Buffalo Wild Wings,"1601 e monte vista ave, vacaville, ca, 95688, us",19.99,16.29,6.49,2.29,1.99,0,87,4.100000000000002,370+,8.153218390804598,,3,1,0,0,ca,95688,1,Solano
929,Buffalo Wild Wings,"401 kenilworth drive, petaluma, ca, 94952, us",20.79,16.79,7.29,2.29,1.99,0,140,4.3,140+,13.056142857142856,,3,1,0,0,ca,94952,1,Marin
930,Buffalo Wild Wings,"3401 dale rd ste 830, modesto, ca, 95356, us",19.99,16.29,5.29,2.29,1.99,4,93,4.100000000000002,400+,8.23311827956989,,3,1,0,0,ca,95356,1,Stanislaus
931,Buffalo Wild Wings,"2739 countryside dr, turlock, ca, 95380, us",19.99,16.29,5.99,2.29,1.99,2,95,4.2,320+,8.584947368421052,,3,1,0,0,ca,95380,1,Stanislaus
932,Buffalo Wild Wings,"4125 s mooney blvd, visalia, ca, 93277, us",19.99,16.29,5.99,2.29,1.99,2,94,4.0,700+,8.656063829787234,,3,1,0,0,ca,93277,1,Tulare
933,Buffalo Wild Wings,"1699 w lacey blvd, hanford, ca, 93230, us",19.99,15.99,5.99,2.29,1.99,2,93,4.2,500+,8.680430107526881,,3,1,0,0,ca,93230,1,Kings
934,Buffalo Wild Wings,"1600 e gonzales rd, oxnard, ca, 93036, us",20.79,16.79,5.99,2.29,1.99,2,104,4.200000000000001,1,9.483942307692304,,3,1,0,0,ca,93036,1,Ventura
935,Buffalo Wild Wings,"1555 town center way, simi valley, ca, 93065, us",20.79,16.79,5.99,2.29,1.99,4,208,4.299999999999999,700+,9.575769230769227,,3,1,0,0,ca,93065,1,Ventura
936,Buffalo Wild Wings,"24542 hesperian blvd, hayward, ca, 94545, us",19.99,16.29,5.99,2.29,1.99,2,106,3.8999999999999986,1,9.242075471698111,,3,1,0,0,ca,94545,1,Alameda
937,Buffalo Wild Wings,"32135 union lndg, union city, ca, 94587, us",20.79,16.79,6.49,2.29,,1,91,4.0,600+,9.109230769230768,,3,1,0,0,ca,94587,1,Alameda
938,Buffalo Wild Wings,"3712, dublin, ca, 94568, us",19.99,16.29,6.49,,1.99,0,198,4.399999999999999,410+,9.673838383838381,,3,1,0,0,ca,94568,1,Alameda
939,Buffalo Wild Wings,"6051 lone tree way, brentwood, ca, 94513, us",19.99,15.99,5.99,2.29,1.99,2,106,4.0,500+,9.244905660377357,,3,1,0,0,ca,94513,1,Contra Costa
940,Buffalo Wild Wings,"3065 e. shaw ave, fresno, ca, 93726, us",19.99,15.99,5.99,2.29,1.99,2,93,4.2,1,8.368709677419353,,3,1,0,0,ca,93726,1,Fresno
941,Buffalo Wild Wings,"3331 w shaw ave, fresno, ca, 93711, us",19.99,15.99,5.99,2.29,1.99,2,94,4.2,900+,8.39287234042553,,3,1,0,0,ca,93711,1,Fresno
942,Buffalo Wild Wings,"3316 coffee road, bakersfield, ca, 93308, us",20.79,16.49,7.29,2.29,1.99,0,70,4.100000000000002,500+,13.997571428571426,,3,1,0,0,ca,93308,1,Kern
943,Buffalo Wild Wings,"5677 gosford rd, bakersfield, ca, 93313, us",20.79,16.49,6.49,2.29,1.99,0,76,4.0,900+,12.883684210526315,,3,1,0,0,ca,93313,1,Kern
944,Buffalo Wild Wings,"555 north spring street, los angeles, ca, 90012, us",21.79,17.79,7.29,4.49,1.99,1,95,4.399999999999998,420+,9.212947368421052,,3,1,0,0,ca,90012,1,Los Angeles
945,Buffalo Wild Wings,"3150 wilshire blvd ste 100, los angeles, ca, 90005, us",21.79,17.79,7.29,4.49,1.99,1,96,4.299999999999999,5,9.15333333333333,,3,1,0,0,ca,90005,1,Los Angeles
946,Buffalo Wild Wings,"6910 santa fe avenue, huntington park, ca, 90255, us",,12.99,4.79,,1.99,4,59,4.600000000000001,1,6.322542372881356,,3,1,0,0,ca,90255,1,Los Angeles
947,Buffalo Wild Wings,"142-c south brand blvd., glendale, ca, 91205, us",20.79,16.79,7.29,2.29,1.99,0,63,4.199999999999998,1,12.869047619047617,,3,1,0,0,ca,91205,1,Los Angeles
948,Buffalo Wild Wings,"7060 hollywood blvd, los angeles, ca, 90028, us",20.79,16.49,5.99,2.29,1.99,2,92,4.399999999999999,2,8.626521739130434,,3,1,0,0,ca,90028,1,Los Angeles
949,Buffalo Wild Wings,"1000 s fair oaks, pasadena, ca, 91105, us",21.29,17.29,7.29,2.29,1.99,0,67,4.399999999999999,2,12.752537313432835,,3,1,0,0,ca,91105,1,Los Angeles
950,Buffalo Wild Wings,"6314 e pacific coast hwy, long beach, ca, 90803, us",20.79,16.79,6.49,2.29,1.99,0,94,4.3,1,8.88595744680851,,3,1,0,0,ca,90803,1,Los Angeles
951,Buffalo Wild Wings,"736 e del amo blvd, carson, ca, 90746, us",21.79,17.79,7.29,4.49,1.99,1,93,3.8000000000000003,900+,9.429139784946234,,3,1,0,0,ca,90746,1,Los Angeles
952,Buffalo Wild Wings,"4678 daneland st, lakewood, ca, 90712, us",20.79,16.79,5.99,,1.99,2,92,4.100000000000001,600+,8.857065217391304,,3,1,0,0,ca,90712,1,Los Angeles
953,Buffalo Wild Wings,"11255 e 183rd st, cerritos, ca, 90703, us",21.29,17.29,5.99,2.29,1.99,2,93,4.0,1,8.743440860215054,,3,1,0,0,ca,90703,1,Los Angeles
954,Buffalo Wild Wings,"7811 edinger avenue, huntington beach, ca, 92647, us",20.79,16.79,7.29,4.99,1.99,3,297,4.3,170+,9.206531986531983,,3,1,0,0,ca,92647,1,Orange
955,Buffalo Wild Wings,"193 stonewood st, downey, ca, 90241, us",21.29,17.29,5.99,2.29,1.99,2,92,4.100000000000001,1,9.105434782608693,,3,1,0,0,ca,90241,1,Los Angeles
956,Buffalo Wild Wings,"19252 soledad canyon road, canyon country, ca, 91351, us",21.29,17.29,7.79,2.29,1.99,0,73,4.3,500+,13.380136986301366,,3,1,0,0,ca,91351,1,Los Angeles
957,Buffalo Wild Wings,"13689 foothill boulevard, los angeles, ca, 91342, us",,12.99,4.79,,1.99,4,65,4.3999999999999995,1,6.55646153846154,,3,1,0,0,ca,91342,1,Los Angeles
958,Buffalo Wild Wings,"9301 tampa ave, northridge, usa, los angeles, ca, 91324, us",21.29,17.29,5.99,2.29,1.99,2,104,4.1000000000000005,2,9.547403846153843,,3,1,0,0,ca,91324,1,Los Angeles
959,Buffalo Wild Wings,"15301 ventura blvd., sherman oaks, ca, 91403, us",20.79,16.79,5.99,2.29,1.99,2,102,4.399999999999998,3,9.651862745098038,,3,1,0,0,ca,91403,1,Los Angeles
960,Buffalo Wild Wings,"1988 n main st, salinas, ca, 93906, us",21.29,17.29,5.99,2.29,1.99,2,93,4.3,450+,8.850860215053764,,3,1,0,0,ca,93906,1,Monterey
961,Buffalo Wild Wings,"1553 fremont blvd ste d3, seaside, ca, 93955, us",20.79,16.79,5.99,2.29,1.99,2,94,4.3,900+,8.863936170212765,,3,1,0,0,ca,93955,1,Monterey
962,Buffalo Wild Wings,"6805 camino arroyo, gilroy, ca, 95020, us",20.79,16.49,5.99,2.29,1.99,2,95,4.100000000000002,170+,8.791263157894736,,3,1,0,0,ca,95020,1,Santa Clara
963,Buffalo Wild Wings,"20 city boulevard east, orange, ca, 92868, us",20.79,16.79,7.29,4.99,1.99,2,193,4.0,330+,8.396943005181344,,3,1,0,0,ca,92868,1,Orange
964,Buffalo Wild Wings,"3811 s bristol st, santa ana, ca, 92704, us",20.79,16.79,5.99,2.29,1.99,2,93,4.2,2,8.931075268817203,,3,1,0,0,ca,92704,1,Orange
965,Buffalo Wild Wings,"1500 e village way, orange, ca, 92865, us",20.79,16.79,,2.29,1.99,2,192,4.1000000000000005,2,9.314687499999996,,3,1,0,0,ca,92865,1,Orange
966,Buffalo Wild Wings,"14110 culver dr, irvine, ca, 92604, us",21.29,17.29,5.99,2.29,1.99,2,94,4.399999999999998,1,9.078297872340425,,3,1,0,0,ca,92604,1,Orange
967,Buffalo Wild Wings,"1835 f. newport blvd. building f, costa mesa, ca, 92627, us",,16.49,5.99,2.29,1.99,2,85,4.399999999999998,1,8.056117647058821,,3,1,0,0,ca,92627,1,Orange
968,Buffalo Wild Wings,"8301 on the mall, buena park, ca, 90620, us",20.79,16.79,7.29,4.99,1.99,1,103,4.0,180+,9.63145631067961,,3,1,0,0,ca,90620,1,Orange
969,Buffalo Wild Wings,"260 s, brea, ca, 92821, us",21.29,17.29,7.79,2.29,1.99,0,73,3.899999999999999,420+,13.577260273972602,,3,1,0,0,ca,92821,1,Orange
970,Buffalo Wild Wings,"10033 whittwood dr, whittier, ca, 90603, us",20.79,16.79,5.99,2.29,1.99,2,102,4.100000000000002,1,9.595098039215685,,3,1,0,0,ca,90603,1,Los Angeles
971,Buffalo Wild Wings,"1168 galleria blvd, roseville, ca, 95678, us",19.99,15.99,5.99,2.29,1.99,4,188,4.299999999999999,500+,8.595851063829786,,3,1,0,0,ca,95678,1,Placer
972,Buffalo Wild Wings,"6301 sunrise blvd, citrus heights, ca, 95610, us",,16.29,5.99,2.29,1.99,6,273,4.3,800+,8.178021978021977,,3,1,0,0,ca,95610,1,Sacramento
973,Buffalo Wild Wings,"2759 e bidwell st, folsom, ca, 95630, us",19.99,16.29,5.99,2.29,1.99,2,96,4.299999999999999,390+,8.519374999999997,,3,1,0,0,ca,95630,1,Sacramento
974,Buffalo Wild Wings,"2023 arden way, sacramento, ca, 95825, us",19.99,15.99,5.99,2.29,1.99,6,282,4.3,190+,8.382234042553192,,3,1,0,0,ca,95825,1,Sacramento
975,Buffalo Wild Wings,"3600 n freeway blvd ste 100, sacramento, ca, 95834, us",,,,2.29,1.99,0,129,4.1000000000000005,1,0.9565116279069766,,3,1,0,0,ca,95834,1,Sacramento
976,Buffalo Wild Wings,"1420 65th street suite 107, sacramento, ca, 95819, us",,12.49,4.79,,2.49,12,180,4.299999999999999,10,6.147,,3,1,0,0,ca,95819,1,Sacramento
977,Buffalo Wild Wings,"12450 day st, moreno valley, ca, 92553, us",21.29,17.29,7.29,5.79,2.99,4,398,4.0,1,9.801658291457285,,3,1,0,0,ca,92553,1,Riverside
978,Buffalo Wild Wings,"3775 tyler st ste 3a, riverside, ca, 92503, us",21.29,17.29,6.49,2.29,1.99,4,390,3.899999999999999,900+,9.013282051282047,,3,1,0,0,ca,92503,1,Riverside
979,Buffalo Wild Wings,"12411 limonite avenue suite 650 , mira loma, eastvale, ca, 91752, us",20.79,16.79,7.29,2.29,1.99,0,280,4.0,800+,13.07542857142857,,3,1,0,0,ca,91752,1,Riverside
980,Buffalo Wild Wings,"8188 day creek blvd ste 140, rancho cucamonga, ca, 91739, us",20.79,16.79,7.29,2.29,1.99,0,202,4.0,1,13.198960396039602,,3,1,0,0,ca,91739,1,San Bernardino
981,Buffalo Wild Wings,"2670 tuscany st, corona, ca, 92881, us",20.79,16.49,5.99,2.29,1.99,4,179,4.299999999999999,600+,8.554916201117317,,3,1,0,0,ca,92881,1,Riverside
982,Buffalo Wild Wings,"30123 haun rd., menifee, ca, 92584, us",19.99,15.99,5.99,2.29,1.99,4,199,4.299999999999999,1,8.92085427135678,,3,1,0,0,ca,92584,1,Riverside
983,Buffalo Wild Wings,"40484 hot springs rd, murrieta, ca, 92563, us",19.99,16.29,5.99,4.99,1.99,2,90,4.399999999999999,700+,8.577444444444442,,3,1,0,0,ca,92563,1,Riverside
984,Buffalo Wild Wings,"3575 w stetson ave, hemet, ca, 92545, us",20.79,16.79,5.99,2.29,1.99,2,95,4.0,370+,8.700210526315788,,3,1,0,0,ca,92545,1,Riverside
985,Buffalo Wild Wings,"7490, elk grove, ca, 95757, us",19.99,15.99,5.99,2.29,1.99,4,184,3.8999999999999995,150+,8.278804347826084,,3,1,0,0,ca,95757,1,Sacramento
986,Buffalo Wild Wings,"4955 south, montclair, ca, 91763, us",21.29,17.29,7.29,2.29,1.99,0,66,4.0,1,12.785151515151513,,3,1,0,0,ca,91763,1,San Bernardino
987,Buffalo Wild Wings,"6341 airport blvd, mobile, al, 36608, us",18.29,14.29,4.79,3.99,1.99,11,200,4.100000000000001,1,7.756699999999999,,3,1,0,0,al,36608,0,Mobile
988,Buffalo Wild Wings,"2600 south mckenzie street, foley, al, 36535, us",18.29,14.29,4.79,2.99,1.99,6,106,4.200000000000001,460+,7.946320754716979,,3,1,0,0,al,36535,0,Baldwin
989,Buffalo Wild Wings,"1416 4th ave s, birmingham, al, 35233, us",17.29,13.29,5.29,3.99,1.99,4,89,4.100000000000001,310+,7.407078651685391,,3,1,0,0,al,35233,0,Jefferson
990,Buffalo Wild Wings,"640 montgomery highway, vestavia hills, al, 35216, us",,11.29,4.29,,1.99,4,60,4.199999999999999,65,5.670333333333335,,3,1,0,0,al,35216,0,Jefferson
991,Buffalo Wild Wings,"4507 riverview pkwy ste 108, birmingham, al, 35242, us",17.29,13.29,5.29,3.99,1.99,4,94,4.399999999999998,100+,7.471063829787234,,3,1,0,0,al,35242,0,Shelby
992,Buffalo Wild Wings,"2505 caufield dr, gardendale, al, 35071, us",17.29,13.29,5.29,3.99,1.99,4,94,4.399999999999998,79,7.471063829787234,,3,1,0,0,al,35071,0,Jefferson
993,Buffalo Wild Wings,"2772 john hawkins pkwy ste 100, hoover, al, 35244, us",,13.29,5.29,3.99,1.99,4,90,4.399999999999999,150+,7.154666666666665,,3,1,0,0,al,35244,0,Shelby
994,Buffalo Wild Wings,"5915 trussville crossings pkwy, birmingham, al, 35235, us",17.29,13.29,5.29,3.99,1.99,4,93,4.100000000000002,120+,7.4170967741935465,,3,1,0,0,al,35235,0,Jefferson
995,Buffalo Wild Wings,"7042 highway 72 w, huntsville, al, 35806, us",17.29,13.29,5.29,3.99,2.29,5,105,4.100000000000001,700+,7.810190476190474,,3,1,0,0,al,35806,0,Madison
996,Buffalo Wild Wings,"7700 abercorn st, savannah, ga, 31406, us",17.29,13.29,4.79,2.29,1.99,5,96,4.1000000000000005,2,7.2563541666666636,,3,1,0,0,ga,31406,0,Chatham
997,Buffalo Wild Wings,"1323 benton blvd., pooler, ga, 31322, us",17.29,13.29,4.79,2.29,1.99,5,96,4.0,2,7.279270833333331,,3,1,0,0,ga,31322,0,Chatham
998,Buffalo Wild Wings,"21, bluffton, sc, 29910, us",17.79,13.79,4.79,2.29,1.99,10,192,4.3999999999999995,800+,7.3792708333333294,,3,1,0,0,sc,29910,0,Beaufort
999,Buffalo Wild Wings,"10890 haynes bridge rd, alpharetta, ga, 30022, us",17.79,13.79,4.79,2.29,1.99,12,212,4.0,1,7.799150943396224,,3,1,0,0,ga,30022,0,Fulton
1000,Buffalo Wild Wings,"1260 hammond drive northeast, dunwoody, ga, 30346, us",17.79,13.79,4.79,2.29,,12,204,3.6000000000000014,500+,7.8397058823529395,,3,1,0,0,ga,30346,0,DeKalb
1001,Buffalo Wild Wings,"5840 roswell rd, sandy springs, ga, 30328, us",,11.79,3.79,,1.99,9,195,4.399999999999999,1,5.9564615384615385,,3,1,0,0,ga,30328,0,Fulton
1002,Buffalo Wild Wings,"6135 parkway pkwy nw, peachtree corners, ga, 30092, us",17.79,13.79,4.79,2.29,1.99,12,186,4.0,1,6.688279569892471,,3,1,0,0,ga,30092,0,Gwinnett
1003,Buffalo Wild Wings,"5267 buford highway northeast, doraville, ga, 30340, us",,11.79,3.79,,1.99,12,255,4.6000000000000005,150+,5.894627450980392,,3,1,0,0,ga,30340,0,DeKalb
1004,Buffalo Wild Wings,"125 barrett pkwy, marietta, ga, 30066, us",17.79,13.99,4.79,2.29,1.99,6,106,4.200000000000001,1,7.910471698113206,,3,1,0,0,ga,30066,0,Cobb
1005,Buffalo Wild Wings,"4650 hugh howell road, tucker, ga, 30084, us",,11.79,3.79,,1.99,6,125,4.299999999999997,1,5.8223199999999995,,3,1,0,0,ga,30084,0,DeKalb
1006,Buffalo Wild Wings,"4325 atlanta highway, unit 011, loganville, ga, 30052, us",,11.79,3.79,,1.99,3,60,4.5,400+,5.668666666666668,,3,1,0,0,ga,30052,0,Walton
1007,Buffalo Wild Wings,"1401-1b oxford rd ne, atlanta, ga, 30307, us",,11.79,3.79,,1.99,9,190,4.3,1,5.855052631578948,,3,1,0,0,ga,30307,0,DeKalb
1008,Buffalo Wild Wings,"68 5th street northwest, atlanta, ga, 30308, us",,11.79,3.79,,1.99,9,181,4.2,1,5.733812154696134,,3,1,0,0,ga,30308,0,Fulton
1009,Buffalo Wild Wings,"1425 ellsworth industrial blvd. nw, atlanta, ga, 30318, us",,12.99,5.29,,1.99,8,130,4.2,1,6.290461538461538,,3,1,0,0,ga,30318,0,Fulton
1010,Buffalo Wild Wings,"2860 cumberland mall se ste 1630 cumberland mall, atlanta, ga, 30339, us",17.79,13.79,4.79,2.29,1.99,12,210,3.899999999999999,1,7.874476190476189,,3,1,0,0,ga,30339,0,Cobb
1011,Buffalo Wild Wings,"6790 douglas blvd, douglasville, ga, 30135, us",17.79,13.99,4.79,2.29,1.99,6,106,4.0,900+,7.923679245283016,,3,1,0,0,ga,30135,0,Douglas
1012,Buffalo Wild Wings,"5000 jimmy lee smith pkwy, hiram, ga, 30141, us",17.79,13.99,4.79,2.29,1.99,6,105,4.200000000000001,2,7.965904761904759,,3,1,0,0,ga,30141,0,Paulding
1013,Buffalo Wild Wings,"777 w main st, boise, id, 83702-6176, us",17.79,13.79,4.79,2.29,1.99,5,96,4.299999999999999,2,7.430312499999997,,3,1,0,0,id,83702,0,Ada
1014,Buffalo Wild Wings,"3223 e louise dr, meridian, id, 83642, us",17.79,13.99,4.79,2.29,1.99,5,95,4.100000000000002,1,7.538,,3,1,0,0,id,83642,0,Ada
1015,Buffalo Wild Wings,"2101 n cassia st, nampa, id, 83651-1461, us",17.79,13.99,4.79,2.29,1.99,5,96,4.0,700+,7.465729166666663,,3,1,0,0,id,83651,0,Canyon
1016,Buffalo Wild Wings,"13977 trade center drive, fishers, in, 46038, us",17.97,14.13,5.34,2.31,2.01,3,99,4.399999999999999,500+,8.509292929292931,,3,1,0,0,in,46038,0,Hamilton
1017,Buffalo Wild Wings,"13868 116th street east, fishers, in, 46037, us",17.79,13.99,5.29,2.29,1.99,6,98,4.100000000000001,490+,8.526224489795917,,3,1,0,0,in,46037,0,Hamilton
1018,Buffalo Wild Wings,"2510 e 146th st, carmel, in, 46033, us",17.29,12.99,5.29,3.99,1.99,5,105,4.399999999999999,130+,7.749238095238091,,3,1,0,0,in,46033,0,Hamilton
1019,Buffalo Wild Wings,"10625 pendleton pike, lawrence, in, 46235, us",17.79,13.99,4.79,2.29,1.99,6,105,3.7999999999999994,1,7.961142857142854,,3,1,0,0,in,46235,0,Marion
1020,Buffalo Wild Wings,"2747 east 62nd street, indianapolis, in, 46220, us",18.29,14.49,5.29,2.29,1.99,11,188,4.1000000000000005,800+,8.220957446808509,,3,1,0,0,in,46220,0,Marion
1021,Buffalo Wild Wings,"2514 lake circle drive, indianapolis, in, 46268, us",18.29,14.49,5.29,2.29,1.99,11,190,4.100000000000001,1,8.17115789473684,,3,1,0,0,in,46268,0,Marion
1022,Buffalo Wild Wings,"2942 carlson dr, hammond, in, 46323, us",18.29,14.29,5.99,3.99,2.29,5,105,4.100000000000001,1,8.20685714285714,,3,1,0,0,in,46323,0,Lake
1023,Buffalo Wild Wings,"1200 indianapolis boulevard, schererville, in, 46375, us",18.29,14.29,5.99,3.99,2.29,5,106,4.100000000000001,600+,8.162358490566035,,3,1,0,0,in,46375,0,Lake
1024,Buffalo Wild Wings,"2515 southlake mall, merrillville, in, 46410, us",18.29,14.29,5.99,3.99,2.29,5,106,4.200000000000001,330+,8.147169811320754,,3,1,0,0,in,46410,0,Lake
1025,Buffalo Wild Wings,"1600 e summit st, crown point, in, 46307, us",18.29,14.29,5.99,3.99,,5,102,4.399999999999998,600+,8.216078431372548,,3,1,0,0,in,46307,0,Lake
1026,Buffalo Wild Wings,"6530 highway 6, portage, in, 46368, us",17.29,12.99,5.29,,1.99,4,100,4.2,100+,7.9750999999999985,,3,1,0,0,in,46368,0,Porter
1027,Buffalo Wild Wings,"7 east washington street, downtown indy, in, 46204, us",17.79,13.99,5.29,2.29,1.99,5,89,3.899999999999999,2,8.049101123595504,,3,1,0,0,in,46204,0,Marion
1028,Buffalo Wild Wings,"6129 crawfordsville road, speedway, in, 46224, us",18.29,14.49,5.29,2.29,1.99,4,77,3.800000000000001,1,7.766103896103894,,3,1,0,0,in,46224,0,Marion
1029,Buffalo Wild Wings,"8020 31 south, indianapolis, in, 46227, us",17.79,13.99,5.29,2.29,1.99,5,89,4.200000000000001,900+,7.992921348314605,,3,1,0,0,in,46227,0,Marion
1030,Buffalo Wild Wings,"1077 north emerson avenue, greenwood, in, 46143, us",17.79,13.99,5.29,2.29,1.99,5,89,4.399999999999999,20,7.992921348314605,,3,1,0,0,in,46143,0,Johnson
1031,Buffalo Wild Wings,"3311 se 14th st, des moines, ia, 50320, us",17.29,13.29,4.79,2.29,1.99,5,95,4.0,1,7.370736842105262,,3,1,0,0,ia,50320,0,Polk
1032,Buffalo Wild Wings,"4345 merle hay rd, des moines, ia, 50310, us",17.29,13.29,4.79,2.29,1.99,5,90,4.200000000000001,900+,7.122999999999999,,3,1,0,0,ia,50310,0,Polk
1033,Buffalo Wild Wings,"1690 se delaware ave ste 117, ankeny, ia, 50021, us",17.79,13.79,4.79,2.29,1.99,5,96,4.1000000000000005,700+,7.413645833333331,,3,1,0,0,ia,50021,0,Polk
1034,Buffalo Wild Wings,"6925 mills civic pwy, west des moines, ia, 50266, us",17.29,13.29,4.79,2.29,1.99,5,96,4.200000000000001,1,7.330312499999997,,3,1,0,0,ia,50266,0,Dallas
1035,Buffalo Wild Wings,"7030 w 105th st, overland park, ks, 66212, us",17.79,13.79,4.79,2.29,1.99,6,104,4.200000000000001,1,7.7954807692307675,,3,1,0,0,ks,66212,0,Johnson
1036,Buffalo Wild Wings,"12110 s strang line rd, olathe, ks, 66062, us",17.29,13.29,4.79,2.29,1.99,6,105,4.200000000000001,1,7.618285714285712,,3,1,0,0,ks,66062,0,Johnson
1037,Buffalo Wild Wings,"13749 metcalf ave, overland park, ks, 66223, us",17.29,13.29,4.79,2.29,1.99,6,103,4.2,900+,7.758640776699029,,3,1,0,0,ks,66223,0,Johnson
1038,Buffalo Wild Wings,"6638 monticello road, shawnee, ks, 66226, us",,11.29,3.79,,1.99,3,65,4.3999999999999995,78,5.851846153846154,,3,1,0,0,ks,66226,0,Johnson
1039,Buffalo Wild Wings,"1121 e north ave, belton, mo, 64012, us",17.79,13.79,4.79,2.29,1.99,6,105,4.200000000000001,500+,7.795428571428568,,3,1,0,0,mo,64012,0,Cass
1040,Buffalo Wild Wings,"1806 nw chipman rd, lee's summit, mo, 64081, us",17.29,13.29,4.79,2.29,1.99,6,103,3.8999999999999977,800+,7.8954368932038825,,3,1,0,0,mo,64081,0,Jackson
1041,Buffalo Wild Wings,"3236 n rock rd ste 190, wichita, ks, 67226, us",17.29,13.29,4.79,2.29,1.99,5,96,4.1000000000000005,1,7.307395833333331,,3,1,0,0,ks,67226,0,Sedgwick
1042,Buffalo Wild Wings,"2413 n maize rd, wichita, ks, 67205, us",17.79,13.79,4.79,2.29,1.99,5,94,4.2,800+,7.314148936170213,,3,1,0,0,ks,67205,0,Sedgwick
1043,Buffalo Wild Wings,"1918 n rock rd ste 100, derby, ks, 67037, us",17.79,13.79,4.79,2.29,1.99,5,96,4.1000000000000005,600+,7.367812499999997,,3,1,0,0,ks,67037,0,Sedgwick
1044,Buffalo Wild Wings,"1080 s broadway ste 104, lexington, ky, 40504, us",17.79,13.79,4.79,2.29,1.99,6,106,4.100000000000001,1,7.756698113207546,,3,1,0,0,ky,40504,0,Fayette
1045,Buffalo Wild Wings,"3090 old todds rd, lexington, ky, 40509, us",17.79,13.79,4.79,2.29,1.99,6,102,4.0,600+,7.503431372549019,,3,1,0,0,ky,40509,0,Fayette
1046,Buffalo Wild Wings,"106 magnolia dr ste 103, georgetown, ky, 40324, us",17.29,13.29,,2.29,,5,89,4.299999999999999,230+,6.880674157303369,,3,1,0,0,ky,40324,0,Scott
1047,Buffalo Wild Wings,"111 jett blvd, frankfort, ky, 40601, us",17.79,13.79,4.79,2.29,1.99,6,105,4.200000000000001,86,7.717333333333331,,3,1,0,0,ky,40601,0,Franklin
1048,Buffalo Wild Wings,"2139 lantern ridge dr ste 100, richmond, ky, 40475, us",17.79,13.79,4.79,,1.99,6,104,3.7999999999999994,170+,7.845480769230766,,3,1,0,0,ky,40475,0,Madison
1049,Buffalo Wild Wings,"1112 veterans pkwy, clarksville, in, 47129, us",17.79,13.79,4.79,2.29,1.99,5,95,3.8000000000000007,1,7.447578947368419,,3,1,0,0,in,47129,0,Clark
1050,Buffalo Wild Wings,"4600 shelbyville road, louisville, ky, 40207, us",17.79,13.79,4.79,2.29,1.99,5,95,4.100000000000002,1,7.338526315789474,,3,1,0,0,ky,40207,0,Jefferson
1051,Buffalo Wild Wings,"4917 outer loop, louisville, ky, 40219, us",17.79,13.79,4.79,2.29,1.99,4,90,3.8,600+,7.078555555555555,,3,1,0,0,ky,40219,0,Jefferson
1052,Buffalo Wild Wings,"9134 taylorsville rd, louisville, ky, 40220, us",17.79,13.79,4.79,2.29,1.99,5,94,4.3,800+,7.502446808510636,,3,1,0,0,ky,40220,0,Jefferson
1053,Buffalo Wild Wings,"10206 westport rd, louisville, ky, 40241, us",17.79,13.79,4.79,,1.99,5,95,4.3,900+,7.464842105263156,,3,1,0,0,ky,40241,0,Jefferson
1054,Buffalo Wild Wings,"12901 shelbyville road, middletown, ky, 40243, us",17.79,13.79,4.79,2.29,1.99,5,93,4.2,380+,7.256344086021503,,3,1,0,0,ky,40243,0,Jefferson
1055,Buffalo Wild Wings,"909 s clearview pkwy, elmwood 70123, usa, new orleans, la, 70121, us",17.79,13.79,4.79,2.29,1.99,12,208,4.200000000000001,2,7.874230769230768,,3,1,0,0,la,70121,0,Jefferson
1056,Buffalo Wild Wings,"3434 veterans memorial blvd, metairie, la, 70002, us",17.79,13.79,4.79,2.29,1.99,12,212,4.200000000000001,2,7.745377358490564,,3,1,0,0,la,70002,0,Jefferson
1057,Buffalo Wild Wings,"4150 general de gaulle dr, new orleans, la, 70131, us",17.79,13.79,4.79,2.29,1.99,17,308,4.1000000000000005,1,7.6046428571428555,,3,1,0,0,la,70131,0,Orleans
1058,Buffalo Wild Wings,"2804 ne evangeline thruway, lafayette, la, 70507, us",17.79,13.79,5.29,3.99,2.29,5,104,4.1000000000000005,500+,8.12855769230769,,3,1,0,0,la,70507,0,Lafayette
1059,Buffalo Wild Wings,"4415 ambassador caffery pkwy ste 700, lafayette, la, 70508, us",17.79,13.79,5.29,3.99,2.29,5,104,4.6000000000000005,36,8.14009615384615,,3,1,0,0,la,70508,0,Lafayette
1060,Buffalo Wild Wings,"15530 daniel blvd, gulfport, ms, 39503, us",18.29,14.29,4.79,3.99,1.99,6,105,4.200000000000001,800+,8.003047619047615,,3,1,0,0,ms,39503,0,Harrison
1061,Buffalo Wild Wings,"3850 promenade parkway, d’iberville, ms, 39540, us",18.29,14.29,4.79,3.99,1.99,6,105,4.5,1,8.00685714285714,,3,1,0,0,ms,39540,0,Harrison
1062,Buffalo Wild Wings,"8 loudon road, concord, nh, 03301, us",19.99,16.29,5.99,4.49,1.99,3,93,4.5,500+,7.906774193548385,,3,1,0,0,nh,3301,0,Merrimack
1063,Buffalo Wild Wings,"360 highway 1 bypass, portsmouth, nh, 03801, us",19.49,15.29,5.99,4.49,1.99,3,96,4.299999999999999,270+,8.05739583333333,,3,1,0,0,nh,3801,0,Rockingham
1064,Buffalo Wild Wings,"4 tunnel rd, asheville, nc, 28805, us",17.79,13.79,4.79,2.29,1.99,5,95,4.2,1,7.462210526315788,,3,1,0,0,nc,28805,0,Buncombe
1065,Buffalo Wild Wings,"421 airport road ste 102, arden, nc, 28704, us",17.79,13.79,4.79,2.29,,5,92,4.3,700+,7.336413043478259,,3,1,0,0,nc,28704,0,Buncombe
1066,Buffalo Wild Wings,"2097 skibo rd, fayetteville, nc, 28314, us",17.79,13.79,4.79,2.29,1.99,5,93,4.100000000000002,2,7.573440860215052,,3,1,0,0,nc,28314,0,Cumberland
1067,Buffalo Wild Wings,"6709 fayetteville rd, durham, nc, 27713, us",17.79,13.79,4.79,,,11,169,3.8999999999999995,1,7.657337278106507,,3,1,0,0,nc,27713,0,Durham
1068,Buffalo Wild Wings,"1300 village market pl, morrisville, nc, 27560, us",17.79,13.79,4.79,2.29,1.99,9,172,4.2,2,7.028023255813953,,3,1,0,0,nc,27560,0,Wake
1069,Buffalo Wild Wings,"6196 falls of neuse road ste 112, raleigh, nc, 27609, us",,11.79,3.79,,1.99,6,125,4.5,120+,5.7983199999999995,,3,1,0,0,nc,27609,0,Wake
1070,Buffalo Wild Wings,"121 grand hill pl, holly springs, nc, 27540, us",17.79,13.79,4.79,2.29,1.99,11,209,4.299999999999999,800+,7.912200956937797,,3,1,0,0,nc,27540,0,Wake
1071,Buffalo Wild Wings,"148 shenstone blvd, garner, nc, 27529, us",17.79,13.79,4.79,2.29,1.99,9,177,4.2,1,7.64875706214689,,3,1,0,0,nc,27529,0,Wake
1072,Buffalo Wild Wings,"1110 creekshire way, winston-salem, nc, 27103, us",17.79,13.79,4.79,2.29,1.99,6,104,4.299999999999999,1,7.848365384615382,,3,1,0,0,nc,27103,0,Forsyth
1073,Buffalo Wild Wings,"5836 samet dr ste 115, high point, nc, 27265, us",17.79,13.99,4.79,2.29,1.99,12,212,4.100000000000001,1,7.879339622641508,,3,1,0,0,nc,27265,0,Guilford
1074,Buffalo Wild Wings,"3128 walden ln, burlington, nc, 27215-8236, us",17.79,13.79,4.79,2.29,1.99,6,106,4.299999999999999,600+,7.807641509433959,,3,1,0,0,nc,27215,0,Alamance
1075,Buffalo Wild Wings,"400 e martin luther king blvd ste b, charlotte, nc, 28202, us",17.79,13.79,4.79,2.29,1.99,17,308,4.1000000000000005,2,7.7147077922077925,,3,1,0,0,nc,28202,0,Mecklenburg
1076,Buffalo Wild Wings,"4014 connection point boulevard, charlotte, nc, 28212, us",,11.79,3.79,,1.99,3,61,4.300000000000001,130+,5.96081967213115,,3,1,0,0,nc,28212,0,Mecklenburg
1077,Buffalo Wild Wings,"9402 northlake west dr, charlotte, nc, 28216, us",17.79,13.99,4.79,2.29,1.99,11,202,4.0,2,7.722871287128711,,3,1,0,0,nc,28216,0,Mecklenburg
1078,Buffalo Wild Wings,"14157 steele creek rd, charlotte, nc, 28273, us",17.79,13.79,4.79,2.29,1.99,12,210,3.899999999999999,900+,7.818285714285712,,3,1,0,0,nc,28273,0,Mecklenburg
1079,Buffalo Wild Wings,"289 george bay ct, concord, nc, 28027, us",17.79,13.79,4.79,2.29,1.99,9,200,4.100000000000001,800+,7.868599999999997,,3,1,0,0,nc,28027,0,Cabarrus
1080,Buffalo Wild Wings,"479 river hwy, mooresville, nc, 28117, us",17.79,13.79,4.79,2.29,1.99,5,96,4.299999999999999,900+,7.414687499999997,,3,1,0,0,nc,28117,0,Iredell
1081,Buffalo Wild Wings,"5533 carolina beach rd, wilmington, nc, 28412, us",19.49,15.29,5.29,4.49,1.99,5,109,4.399999999999998,1,8.678256880733944,,3,1,0,0,nc,28412,0,New Hanover
1082,Buffalo Wild Wings,"140 hays ln, wilmington, nc, 28411, us",19.49,15.29,5.29,4.49,1.99,5,105,4.5,1,8.378761904761902,,3,1,0,0,nc,28411,0,New Hanover
1083,Buffalo Wild Wings,"6700, knightdale, nc, 27545, us",17.79,13.79,4.79,2.29,,5,88,4.0,1,7.49647727272727,,3,1,0,0,nc,27545,0,Wake
1084,Buffalo Wild Wings,"3010 classen blvd, norman, ok, 73071, us",18.29,14.49,5.29,3.99,1.99,5,104,4.5,700+,8.169999999999998,,3,1,0,0,ok,73071,0,Cleveland
1085,Buffalo Wild Wings,"2601 south service rd., moore, ok, 73160, us",18.29,14.49,5.29,3.99,1.99,5,104,4.1000000000000005,460+,8.183461538461536,,3,1,0,0,ok,73160,0,Cleveland
1086,Buffalo Wild Wings,"9600 s i-44 service road, oklahoma city, ok, 73159, us",18.29,14.49,5.29,3.99,1.99,9,192,4.0,1,7.9083333333333306,,3,1,0,0,ok,73159,0,Oklahoma
1087,Buffalo Wild Wings,"5500 tinker diagonal, del city, ok, 73115, us",18.29,14.49,5.29,3.99,1.99,9,199,4.200000000000001,700+,7.9414572864321595,,3,1,0,0,ok,73115,0,Oklahoma
1088,Buffalo Wild Wings,"6910 sw 3rd st, oklahoma city, ok, 73128, us",18.29,14.49,5.29,3.99,,9,193,3.899999999999999,1,8.01766839378238,,3,1,0,0,ok,73128,0,Oklahoma
1089,Buffalo Wild Wings,"4130 nw expressway, oklahoma city, ok, 73116, us",18.29,14.29,5.29,2.29,1.99,9,152,4.2,2,9.553421052631577,,3,1,0,0,ok,73116,0,Oklahoma
1090,Buffalo Wild Wings,"6222 e 41st st, tulsa, ok, 74135, us",18.29,14.49,5.29,3.99,1.99,5,103,4.3,1,8.227087378640775,,3,1,0,0,ok,74135,0,Tulsa
1091,Buffalo Wild Wings,"7568 s olympia ave, tulsa, ok, 74132, us",18.29,14.49,5.29,3.99,1.99,4,102,4.100000000000002,300+,8.195098039215685,,3,1,0,0,ok,74132,0,Tulsa
1092,Buffalo Wild Wings,"11450 south memorial drive, bixby, ok, 74008, us",18.29,14.49,5.29,3.99,1.99,5,100,4.600000000000001,61,8.244099999999998,,3,1,0,0,ok,74008,0,Tulsa
1093,Buffalo Wild Wings,"9263 n., owasso, ok, 74055, us",18.29,14.49,5.29,3.99,1.99,5,104,4.6000000000000005,250+,8.169999999999998,,3,1,0,0,ok,74055,0,Tulsa
1094,Buffalo Wild Wings,"1151 n 20th st, broken arrow, ok, 74012, us",18.29,14.49,5.29,3.99,1.99,5,103,4.2,700+,8.227087378640777,,3,1,0,0,ok,74012,0,Tulsa
1095,Buffalo Wild Wings,"2080 south highway 66, claremore, ok, 74019, us",18.29,14.29,5.29,2.29,1.99,4,103,4.2,89,8.127087378640775,,3,1,0,0,ok,74019,0,Rogers
1096,Buffalo Wild Wings,"480 home dr, pittsburgh, pa, 15108, us",17.79,13.79,4.79,2.29,1.99,17,308,4.3999999999999995,1,7.648798701298701,,3,1,0,0,pa,15108,0,Allegheny
1097,Buffalo Wild Wings,"3469 william penn highway, wilkins township, pa, 15235, us",17.79,13.79,4.79,2.29,1.99,17,303,4.100000000000001,2,7.717425742574258,,3,1,0,0,pa,15235,0,Allegheny
1098,Buffalo Wild Wings,"500 grandview crossing dr ste 90, gibsonia, pa, 15044, us",17.79,13.79,4.79,2.29,1.99,11,202,4.200000000000001,310+,7.550099009900987,,3,1,0,0,pa,15044,0,Allegheny
1099,Buffalo Wild Wings,"20215 route 19, cranberry township, pa, 16066, us",17.79,13.79,4.79,2.29,1.99,6,103,4.399999999999998,800+,7.812038834951456,,3,1,0,0,pa,16066,0,Butler
1100,Buffalo Wild Wings,"2763 e lincoln hwy, langhorne, pa, 19047, us",18.29,14.49,4.79,2.29,1.99,6,103,4.3,600+,8.31252427184466,,3,1,0,0,pa,19047,0,Bucks
1101,Buffalo Wild Wings,"9701 roosevelt blvd, philadelphia, pa, 19114, us",18.79,14.79,4.79,2.29,1.99,12,212,3.8999999999999986,1,8.222264150943394,,3,1,0,0,pa,19114,0,Philadelphia
1102,Buffalo Wild Wings,"6410 frankford avenue, philadelphia, pa, 19135, us",,12.99,4.79,,2.49,10,130,4.1000000000000005,75,6.621076923076923,,3,1,0,0,pa,19135,0,Philadelphia
1103,Buffalo Wild Wings,"201 easton rd ste 118, warrington, pa, 18976, us",18.29,14.49,4.79,2.29,1.99,6,106,4.200000000000001,600+,8.159999999999998,,3,1,0,0,pa,18976,0,Bucks
1104,Buffalo Wild Wings,"103 quarry rd, downingtown, pa, 19335, us",18.79,15.29,5.29,2.29,1.99,8,190,4.399999999999999,700+,7.817578947368419,,3,1,0,0,pa,19335,0,Chester
1105,Buffalo Wild Wings,"920 baltimore pike, glen mills, pa, 19342, us",18.79,15.29,5.29,2.29,1.99,9,197,4.100000000000001,490+,8.158730964467003,,3,1,0,0,pa,19342,0,Delaware
1106,Buffalo Wild Wings,"1510 egypt rd, phoenixville, pa, 19426, us",18.79,14.79,5.29,2.29,1.99,8,192,4.3999999999999995,500+,7.724583333333331,,3,1,0,0,pa,19426,0,Montgomery
1107,Buffalo Wild Wings,"690 w dekalb pike, king of prussia, pa, 19406, us",18.79,14.79,5.29,2.29,1.99,12,291,4.0,600+,7.988831615120275,,3,1,0,0,pa,19406,0,Montgomery
1108,Buffalo Wild Wings,"501 stanton christiana rd, newark, de, 19713, us",20.79,16.49,6.49,5.79,2.49,1,102,4.100000000000002,600+,9.093529411764706,,3,1,0,0,de,19713,0,New Castle
1109,Buffalo Wild Wings,"2065 fruitville pike, lancaster, pa, 17601, us",18.29,14.29,4.79,2.29,1.99,6,105,4.299999999999999,1,8.042095238095236,,3,1,0,0,pa,17601,0,Lancaster
1110,Buffalo Wild Wings,"1225 grape st, whitehall, pa, 18052, us",18.79,14.79,4.79,2.29,1.99,6,104,4.0,1,8.209423076923075,,3,1,0,0,pa,18052,0,Lehigh
1111,Buffalo Wild Wings,"3798 dryland way, easton, pa, 18045, us",18.79,14.79,4.79,2.29,1.99,6,106,4.100000000000001,800+,8.226981132075469,,3,1,0,0,pa,18045,0,Northampton
1112,Buffalo Wild Wings,"6215 state route 30, greensburg, pa, 15601, us",17.79,13.79,4.79,2.29,1.99,5,95,4.2,330+,7.431789473684209,,3,1,0,0,pa,15601,0,Westmoreland
1113,Buffalo Wild Wings,"320 town center dr, york, pa, 17408, us",18.29,14.49,4.79,2.29,1.99,5,96,4.200000000000001,800+,7.558437499999997,,3,1,0,0,pa,17408,0,York
1114,Buffalo Wild Wings,"167-295 n northern way, york, pa, 17402, us",18.29,14.29,4.79,2.29,1.99,5,90,4.200000000000001,460+,7.058555555555554,,3,1,0,0,pa,17402,0,York
1115,Buffalo Wild Wings,"81 wilson ave, hanover, pa, 17331, us",18.29,14.49,5.29,2.29,1.99,4,96,4.5,470+,7.692291666666665,,3,1,0,0,pa,17331,0,York
1116,Buffalo Wild Wings,"121 robert smalls pkwy, beaufort, sc, 29902, us",17.79,13.79,4.79,2.29,1.99,5,93,4.3,600+,7.398172043010751,,3,1,0,0,sc,29902,0,Beaufort
1117,Buffalo Wild Wings,"4959 centre pointe dr, north charleston, sc, 29418, us",19.49,15.29,5.29,4.49,1.99,5,95,4.0,2,8.068947368421052,,3,1,0,0,sc,29418,0,Charleston
1118,Buffalo Wild Wings,"8811 dorchester road, north charleston, sc, 29420, us",19.49,15.29,5.29,4.49,1.99,5,94,3.8999999999999977,240+,7.966702127659573,,3,1,0,0,sc,29420,0,Dorchester
1119,Buffalo Wild Wings,"1125 woodruff rd ste 1300, greenville, sc, 29607, us",17.79,13.79,4.79,2.29,1.99,12,212,4.200000000000001,1,7.830283018867922,,3,1,0,0,sc,29607,0,Greenville
1120,Buffalo Wild Wings,"1494 wo ezell blvd, spartanburg, sc, 29301, us",17.79,13.79,4.79,2.29,1.99,12,202,4.200000000000001,600+,7.760990099009898,,3,1,0,0,sc,29301,0,Spartanburg
1121,Buffalo Wild Wings,"1990 oakheart rd, myrtle beach, sc, 29579, us",19.49,15.29,5.29,4.49,1.99,5,93,4.100000000000002,600+,7.8203225806451595,,3,1,0,0,sc,29579,0,Horry
1122,Buffalo Wild Wings,"518 highway 17 n, north myrtle beach, sc, 29582, us",19.49,15.29,5.29,4.49,1.99,5,95,4.3,600+,7.869157894736841,,3,1,0,0,sc,29582,0,Horry
1123,Buffalo Wild Wings,"5570 sunset blvd # a, lexington, sc, 29072, us",17.29,13.29,4.79,2.29,1.99,11,195,4.399999999999999,900+,7.686102564102563,,3,1,0,0,sc,29072,0,Lexington
1124,Buffalo Wild Wings,"1000 bower pkwy, columbia, sc, 29212, us",17.79,13.79,4.79,2.29,1.99,11,202,4.200000000000001,1,7.6238613861386115,,3,1,0,0,sc,29212,0,Lexington
1125,Buffalo Wild Wings,"4500 devine st, columbia, sc, 29205, us",17.29,13.29,4.79,2.29,1.99,11,202,4.200000000000001,1,7.559999999999997,,3,1,0,0,sc,29205,0,Richland
1126,Buffalo Wild Wings,"1460 meeting blvd, rock hill, sc, 29730, us",17.79,13.79,4.79,2.29,1.99,6,104,4.1000000000000005,440+,8.067403846153843,,3,1,0,0,sc,29730,0,York
1127,Buffalo Wild Wings,"6816 charlotte pike, nashville, tn, 37209, us",17.79,13.79,4.79,2.29,1.99,5,94,4.3,3,7.356702127659574,,3,1,0,0,tn,37209,0,Davidson
1128,Buffalo Wild Wings,"5215 old hickory blvd, hermitage, tn, 37076, us",17.79,13.79,4.79,2.29,1.99,5,96,4.1000000000000005,2,7.355312499999997,,3,1,0,0,tn,37076,0,Davidson
1129,Buffalo Wild Wings,"100 adams ln, mount juliet, tn, 37122, us",17.79,13.79,4.79,2.29,1.99,5,98,4.200000000000001,1,7.691734693877549,,3,1,0,0,tn,37122,0,Wilson
1130,Buffalo Wild Wings,"310 indian lake blvd, hendersonville, tn, 37075, us",17.79,13.79,4.79,2.29,1.99,5,95,4.2,1,7.447578947368419,,3,1,0,0,tn,37075,0,Sumner
1131,Buffalo Wild Wings,"320 spring creek dr, franklin, tn, 37067, us",17.79,13.79,4.79,2.29,1.99,5,99,4.5,1,7.596767676767675,,3,1,0,0,tn,37067,0,Williamson
1132,Buffalo Wild Wings,"430 sam ridley pkwy w, smyrna, tn, 37086, us",17.79,13.99,4.79,2.29,1.99,10,192,4.200000000000001,1,7.369895833333331,,3,1,0,0,tn,37086,0,Rutherford
1133,Buffalo Wild Wings,"120 market st, chattanooga, tn, 37402, us",17.79,13.79,4.79,2.29,1.99,6,105,4.5,1,7.876380952380949,,3,1,0,0,tn,37402,0,Hamilton
1134,Buffalo Wild Wings,"5744 highway 153, hixson, tn, 37343, us",17.79,13.79,4.79,2.29,1.99,5,105,4.299999999999999,900+,7.924952380952379,,3,1,0,0,tn,37343,0,Hamilton
1135,Buffalo Wild Wings,"37 parkway dr, fort oglethorpe, ga, 30742, us",17.79,13.79,4.79,2.29,1.99,6,110,4.2,470+,8.015181818181818,,3,1,0,0,ga,30742,0,Catoosa
1136,Buffalo Wild Wings,"224 hamilton crossing dr, alcoa, tn, 37701, us",17.79,13.79,4.79,2.29,1.99,12,212,4.299999999999999,1,7.893490566037734,,3,1,0,0,tn,37701,0,Blount
1137,Buffalo Wild Wings,"11431 parkside dr, knoxville, tn, 37934, us",17.79,13.79,4.79,2.29,1.99,6,104,4.200000000000001,310+,7.851249999999997,,3,1,0,0,tn,37934,0,Knox
1138,Buffalo Wild Wings,"1430 hurley dr, sevierville, tn, 37862, us",18.29,14.29,4.79,2.29,1.99,12,210,3.899999999999999,700+,8.046857142857142,,3,1,0,0,tn,37862,0,Sevier
1139,Buffalo Wild Wings,"2535 medical center parkway, murfreesboro, tn, 37129, us",17.79,13.79,4.79,2.29,1.99,5,100,4.2,1,7.553699999999997,,3,1,0,0,tn,37129,0,Rutherford
1140,Buffalo Wild Wings,"7188 airways blvd lot 2, southaven, ms, 38671, us",17.79,13.99,4.79,2.29,1.99,6,105,4.0,1,7.923999999999997,,3,1,0,0,ms,38671,0,DeSoto
1141,Buffalo Wild Wings,"8385 highway 64 ste 101, memphis, tn, 38133, us",18.29,14.29,4.79,2.29,1.99,6,101,4.2,2,7.8095049504950484,,3,1,0,0,tn,38133,0,Shelby
1142,Buffalo Wild Wings,"3770 hacks cross rd, memphis, tn, 38125-2303, us",17.79,13.99,4.79,2.29,,6,100,4.100000000000001,1,8.005599999999998,,3,1,0,0,tn,38125,0,Shelby
1143,Buffalo Wild Wings,"8544 highway 51 n, millington, tn, 38053, us",17.79,13.79,4.79,2.29,1.99,6,105,4.0,380+,7.858285714285711,,3,1,0,0,tn,38053,0,Shelby
1144,Outback Steakhouse,"12400b amargosa road, victorville, ca, 92392, us",18.49,10.49,4.99,3.99,11.99,26,212,4.399999999999999,600+,19.99660377358491,15.99,3,1,0,0,ca,92392,1,San Bernardino
1145,Outback Steakhouse,"620 e. hospitality lane, san bernardino, ca, 92408, us",18.49,10.49,4.99,3.99,11.99,48,414,4.700000000000001,900+,20.01536231884058,15.99,3,1,0,0,ca,92408,1,San Bernardino
1146,Outback Steakhouse,"1640 camino del rio n., san diego, ca, 92108, us",18.49,10.49,4.99,4.19,11.99,30,204,4.399999999999999,2,19.736078431372555,15.99,3,1,0,0,ca,92108,1,San Diego
1147,Outback Steakhouse,"4196 clairemont mesa blvd., san diego, ca, 92117, us",18.49,10.49,4.99,4.19,11.99,32,206,4.399999999999999,1,19.86184466019418,15.99,3,1,0,0,ca,92117,1,San Diego
1148,Outback Steakhouse,"2980 plaza bonita, national city, ca, 91950, us",18.49,10.49,4.99,3.99,11.99,26,202,4.399999999999999,1,19.97712871287129,15.99,3,1,0,0,ca,91950,1,San Diego
1149,Outback Steakhouse,"722 jamacha rd., el cajon, ca, 92019, us",18.49,10.49,4.99,3.99,11.99,26,202,4.399999999999999,1,20.006831683168322,15.99,3,1,0,0,ca,92019,1,San Diego
1150,Outback Steakhouse,"14701 pomerado rd., poway, ca, 92064, us",18.49,10.49,4.99,3.99,11.99,26,198,4.700000000000001,1,19.517272727272733,15.99,3,1,0,0,ca,92064,1,San Diego
1151,Outback Steakhouse,"177, san marcos, ca, 92069, us",18.49,10.49,4.99,3.99,11.99,26,212,4.399999999999999,900+,19.96358490566038,15.99,3,1,0,0,ca,92069,1,San Diego
1152,Outback Steakhouse,"371 gellert blvd., daly city, ca, 94015, us",18.49,10.49,4.99,4.19,11.99,48,314,4.3999999999999995,2,19.943503184713375,15.99,3,1,0,0,ca,94015,1,San Mateo
1153,Outback Steakhouse,"1361 fitzgerald drive, pinole, ca, 94564, us",18.49,10.49,4.99,3.99,11.99,98,734,4.3999999999999995,800+,19.527193460490466,15.99,3,1,0,0,ca,94564,1,Contra Costa
1154,Outback Steakhouse,"150a longbrook way, pleasant hill, ca, 94523, us",17.49,7.49,4.99,3.79,9.49,28,341,4.5,700+,18.203196480938416,14.49,3,1,0,0,ca,94523,1,Contra Costa
1155,Outback Steakhouse,"6505 regional st., dublin, ca, 94568, us",18.49,10.49,4.99,,11.99,42,576,4.3,600+,20.65840277777778,15.99,3,1,0,0,ca,94568,1,Alameda
1156,Outback Steakhouse,"522 n. el dorado, stockton, ca, 95202, us",,,,,,46,130,4.5,1,5.622307692307692,,3,1,0,0,ca,95202,1,San Joaquin
1157,Outback Steakhouse,"101 town center east, santa maria, ca, 93454, us",,,,,,20,122,4.299999999999998,370+,13.091639344262294,,3,1,0,0,ca,93454,1,Santa Barbara
1158,Outback Steakhouse,"1246 great mall drive, milpitas, ca, 95035, us",18.49,10.49,4.99,4.19,11.99,48,317,4.3999999999999995,1,19.789369085173504,15.99,3,1,0,0,ca,95035,1,Santa Clara
1159,Outback Steakhouse,"120 union street, santa cruz, ca, 95060, us",,,,,,18,96,4.700000000000001,250+,12.114583333333334,,3,1,0,0,ca,95060,1,Santa Cruz
1160,Outback Steakhouse,"521 davis street, vacaville, ca, 95688, us",18.49,10.49,4.99,3.99,11.99,28,214,4.5,700+,19.81616822429907,15.99,3,1,0,0,ca,95688,1,Solano
1161,Outback Steakhouse,"4350 century blvd, pittsburg, ca, 94565, us",18.49,10.49,4.99,3.99,11.99,28,212,4.399999999999999,420+,19.41358490566038,15.99,3,1,0,0,ca,94565,1,Contra Costa
1162,Outback Steakhouse,"1016, santa rosa, ca, 95401, us",,,,,,1,55,4.6,200+,14.900000000000006,,3,1,0,0,ca,95401,1,Sonoma
1163,Outback Steakhouse,"2045-d w. briggsmore ave., modesto, ca, 95350, us",17.49,7.49,4.99,3.79,9.49,7,81,4.2,360+,17.870246913580246,14.49,3,1,0,0,ca,95350,1,Stanislaus
1164,Outback Steakhouse,"4004 south mooney blvd., visalia, ca, 93277, us",18.49,10.49,4.99,3.99,11.99,13,107,4.399999999999999,350+,20.10401869158879,15.99,3,1,0,0,ca,93277,1,Tulare
1165,Outback Steakhouse,"2341 lockwood st., oxnard, ca, 93030, us",18.49,10.49,4.99,3.99,11.99,13,104,4.5,500+,19.540000000000003,15.99,3,1,0,0,ca,93030,1,Ventura
1166,Outback Steakhouse,"2765 w shaw ave, fresno, ca, 93705, us",17.49,7.49,4.99,3.79,9.49,7,79,4.300000000000001,600+,17.303924050632908,14.49,3,1,0,0,ca,93705,1,Fresno
1167,Outback Steakhouse,"5051 stockdale hwy., bakersfield, ca, 93309, us",17.49,7.49,4.99,3.79,9.49,7,85,4.600000000000002,1,18.328823529411764,14.49,3,1,0,0,ca,93309,1,Kern
1168,Outback Steakhouse,"1761 n. victory place, burbank, ca, 91504, us",18.49,10.49,4.99,,11.99,16,192,4.5,3,20.843645833333337,15.99,3,1,0,0,ca,91504,1,Los Angeles
1169,Outback Steakhouse,"20 w. shoreline dr., long beach, ca, 90802, us",18.49,10.49,4.99,3.99,11.99,12,104,4.1000000000000005,1,19.970769230769232,15.99,3,1,0,0,ca,90802,1,Los Angeles
1170,Outback Steakhouse,"5305 clark ave., lakewood, ca, 90712, us",18.49,10.49,4.99,3.99,11.99,24,205,4.5,1,19.73634146341464,15.99,3,1,0,0,ca,90712,1,Los Angeles
1171,Outback Steakhouse,"3525 w. carson st, torrance, ca, 90503, us",18.49,10.49,4.99,3.99,11.99,12,104,4.3999999999999995,1,19.970769230769232,15.99,3,1,0,0,ca,90503,1,Los Angeles
1172,Outback Steakhouse,"549, westminster, ca, 92683, us",18.49,10.49,4.99,3.99,11.99,42,308,4.5,1,19.513376623376626,15.99,3,1,0,0,ca,92683,1,Orange
1173,Outback Steakhouse,"12850, norwalk, ca, 90650, us",18.49,10.49,4.99,3.99,11.99,26,206,4.600000000000001,800+,19.727378640776703,15.99,3,1,0,0,ca,90650,1,Los Angeles
1174,Outback Steakhouse,"7575beach blvd., buena park, ca, 90620, us",18.49,10.49,4.99,3.99,11.99,39,305,4.3999999999999995,600+,19.752622950819674,15.99,3,1,0,0,ca,90620,1,Orange
1175,Outback Steakhouse,"25261n. the old rd., valencia, ca, 91381, us",18.49,10.49,4.99,3.99,11.99,12,103,4.399999999999998,700+,20.150194174757285,15.99,3,1,0,0,ca,91381,1,Los Angeles
1176,Outback Steakhouse,"18711devonshire st., northridge, ca, 91324, us",18.49,10.49,4.99,4.19,11.99,15,105,4.5,1,19.948095238095245,15.99,3,1,0,0,ca,91324,1,Los Angeles
1177,Outback Steakhouse,"341 monterey st, salinas, ca, 93901, us",,,,,,1,191,4.899999999999998,14,16.42005235602094,,3,1,0,0,ca,93901,1,Monterey
1178,Outback Steakhouse,"12001 harbor boulevard, garden grove, ca, 92840, us",18.49,10.49,4.99,4.19,11.99,32,200,4.5,1,19.543000000000003,15.99,3,1,0,0,ca,92840,1,Orange
1179,Outback Steakhouse,"30 pointe dr., brea, ca, 92821, us",18.49,10.49,4.99,3.99,11.99,28,206,4.5,500+,19.328834951456315,15.99,3,1,0,0,ca,92821,1,Orange
1180,Outback Steakhouse,"26652 portola pkwy., foothill ranch, ca, 92610, us",18.49,10.49,4.99,3.99,11.99,13,101,4.5,600+,19.46227722772278,15.99,3,1,0,0,ca,92610,1,Orange
1181,Outback Steakhouse,"25322 cabot rd., laguna hills, ca, 92653, us",18.49,10.49,4.99,3.99,11.99,13,100,4.399999999999999,1,19.582000000000004,15.99,3,1,0,0,ca,92653,1,Orange
1182,Outback Steakhouse,"181 n. sunrise ave., roseville, ca, 95661, us",18.49,10.49,4.99,3.99,11.99,52,417,4.3999999999999995,500+,19.83604316546763,15.99,3,1,0,0,ca,95661,1,Placer
1183,Outback Steakhouse,"1340 howe ave., sac ii, ca, 95825, us",18.49,10.49,4.99,3.99,11.99,42,316,4.399999999999999,1,19.47955696202532,15.99,3,1,0,0,ca,95825,1,Sacramento
1184,Outback Steakhouse,"40275 winchester rd., temecula, ca, 92591, us",18.49,10.49,4.99,3.99,11.99,13,103,4.399999999999998,460+,19.41912621359224,15.99,3,1,0,0,ca,92591,1,Riverside
1185,Outback Steakhouse,"7221 laguna blvd., elk grove, ca, 95758, us",,10.49,4.99,3.99,11.99,24,181,4.2,390+,19.26845303867404,15.99,3,1,0,0,ca,95758,1,Sacramento
1186,Outback Steakhouse,"4492, ontario, ca, 91764, us",18.49,10.49,4.99,3.99,11.99,13,108,4.5,1,20.012222222222224,15.99,3,1,0,0,ca,91764,1,San Bernardino
1187,Outback Steakhouse,"530 n. mountain ave., upland, ca, 91786, us",18.49,10.49,4.99,3.99,11.99,13,107,4.600000000000001,700+,20.13672897196262,15.99,3,1,0,0,ca,91786,1,San Bernardino
1188,Outback Steakhouse,"4017 airport drive, mobile, al, 36609, us",15.99,10.49,4.99,3.99,11.59,20,186,4.299999999999999,1,18.335913978494627,14.99,3,1,0,0,al,36609,0,Mobile
1189,Outback Steakhouse,"245 20th street south, birmingham, al, 35233, us",15.99,10.49,4.99,3.99,11.59,11,97,3.899999999999999,50,18.372164948453612,14.99,3,1,0,0,al,35233,0,Jefferson
1190,Outback Steakhouse,"1725 fulton road, fultondale, al, 35068, us",,10.49,4.99,3.99,11.59,6,85,4.2,1,18.476588235294116,14.99,3,1,0,0,al,35068,0,Jefferson
1191,Outback Steakhouse,"4777 whitesburg, huntsville, al, 35802, us",15.99,10.49,4.99,3.99,11.59,8,82,4.399999999999999,1,16.563048780487808,14.99,3,1,0,0,al,35802,0,Madison
1192,Outback Steakhouse,"zierdt road &amp; madison boulevard, huntsville, al, 35806, us",15.99,10.49,4.99,3.99,11.59,10,95,4.3,440+,18.229578947368424,14.99,3,1,0,0,al,35806,0,Madison
1193,Outback Steakhouse,"7640 highway 72 west, madison, al, 35757, us",15.99,10.49,4.99,3.99,11.59,9,97,4.200000000000001,1,18.361752577319592,14.99,3,1,0,0,al,35757,0,Madison
1194,Outback Steakhouse,"11196 abercorn street, savannah, ga, 31419, us",15.99,10.49,4.99,3.99,11.59,10,100,4.2,3,18.261700000000005,13.99,3,1,0,0,ga,31419,0,Chatham
1195,Outback Steakhouse,"100 buckwalter parkway, bluffton, sc, 29910, us",17.29,10.49,4.99,3.99,11.59,16,204,4.200000000000001,1,18.800980392156863,13.99,3,1,0,0,sc,29910,0,Beaufort
1196,Outback Steakhouse,"655 crossville road, roswell, ga, 30075, us",15.99,10.49,4.99,3.99,11.59,20,206,4.5,2,17.832330097087382,13.99,3,1,0,0,ga,30075,0,Fulton
1197,Outback Steakhouse,"6400 north pointe kwy, alpharetta, ga, 30022, us",15.99,10.49,4.99,3.99,11.59,30,307,4.5,3,17.8557328990228,13.99,3,1,0,0,ga,30022,0,Fulton
1198,Outback Steakhouse,"1188 dogwood drive, conyers, ga, 30012, us",15.99,10.49,4.99,3.99,11.59,10,102,4.3,3,17.906274509803925,13.99,3,1,0,0,ga,30012,0,Rockdale
1199,Outback Steakhouse,"1750 scenic highway n., snellville, ga, 30078, us",15.99,10.49,4.99,3.99,11.59,20,200,4.399999999999999,3,17.523600000000002,13.99,3,1,0,0,ga,30078,0,Gwinnett
1200,Outback Steakhouse,"200 north park court, stockbridge, ga, 30281, us",15.99,10.49,4.99,3.99,11.59,30,311,4.100000000000001,2,17.99540192926045,13.99,3,1,0,0,ga,30281,0,Henry
1201,Outback Steakhouse,"2145 lavista road, atlanta, ga, 30329, us",15.99,10.49,4.99,3.99,11.59,40,400,4.399999999999999,5,18.060100000000002,14.99,3,1,0,0,ga,30329,0,DeKalb
1202,Outback Steakhouse,"1405 georgia 85, fayetteville, ga, 30214, us",15.99,10.49,4.99,3.99,11.59,18,182,4.3,120+,18.470879120879125,13.99,3,1,0,0,ga,30214,0,Fayette
1203,Outback Steakhouse,"6331, douglasville, ga, 30135, us",15.99,10.49,4.99,3.99,11.59,20,202,4.299999999999999,2,17.90346534653466,13.99,3,1,0,0,ga,30135,0,Douglas
1204,Outback Steakhouse,"810 ernest west barrett parkway, kennesaw, ga, 30144, us",15.99,10.49,4.99,3.99,11.59,20,198,4.5,5,18.070404040404043,13.99,3,1,0,0,ga,30144,0,Cobb
1205,Outback Steakhouse,"995 n. peachtree parkway n, peachtree city, ga, 30269, us",15.99,10.49,4.99,3.99,11.59,10,100,4.3,2,17.858200000000004,13.99,3,1,0,0,ga,30269,0,Fayette
1206,Outback Steakhouse,"145 celebration drive, suwanee, ga, 30024, us",15.99,10.49,4.99,3.99,11.59,10,100,4.3,3,17.829600000000003,13.99,3,1,0,0,ga,30024,0,Gwinnett
1207,Outback Steakhouse,"1715 market pl blvd, cumming, ga, 30041, us",15.99,10.49,4.99,3.99,11.59,10,103,4.399999999999998,2,17.832330097087382,13.99,3,1,0,0,ga,30041,0,Forsyth
1208,Outback Steakhouse,"7189 overland rd, boise, id, 83709, us",15.99,7.99,5.49,1.79,11.99,11,65,4.3,1,14.465384615384615,15.99,3,1,0,0,id,83709,0,Ada
1209,Outback Steakhouse,"2011 w karcher rd, nampa, id, 83651, us",15.99,7.99,5.49,1.79,11.99,11,66,4.399999999999999,430+,14.306666666666665,15.99,3,1,0,0,id,83651,0,Canyon
1210,Outback Steakhouse,"5771 east 86th street, indianapolis, in, 46250, us",15.99,10.49,4.99,3.99,11.59,20,206,4.0,1,18.143106796116506,13.99,3,1,0,0,in,46250,0,Marion
1211,Outback Steakhouse,"2315 post drive, indianapolis, in, 46219, us",15.99,10.49,4.99,3.99,11.59,20,198,4.100000000000001,1,18.062424242424246,13.99,3,1,0,0,in,46219,0,Marion
1212,Outback Steakhouse,"10220 north michigan road, carmel, in, 46077, us",15.99,10.49,4.99,3.99,11.59,20,204,4.399999999999999,1,18.073039215686276,13.99,3,1,0,0,in,46077,0,Boone
1213,Outback Steakhouse,"9140 rockville road, indianapolis, in, 46234, us",15.99,10.49,4.99,3.99,11.59,20,184,4.299999999999999,1,16.961413043478263,13.99,3,1,0,0,in,46234,0,Marion
1214,Outback Steakhouse,"7525 u.s. 31 south, indianapolis, in, 46227, us",15.99,10.49,4.99,3.99,11.59,20,196,4.299999999999999,1,17.603979591836737,13.99,3,1,0,0,in,46227,0,Marion
1215,Outback Steakhouse,"1590 e. lincoln highway, merrillville, in, 46410, us",15.99,10.49,4.99,3.99,11.59,10,105,4.100000000000001,900+,18.06876190476191,13.99,3,1,0,0,in,46410,0,Lake
1216,Outback Steakhouse,"10901 university avenue, clive, ia, 50325, us",15.99,10.49,4.99,3.99,11.59,10,103,4.399999999999998,1,18.14310679611651,13.99,3,1,0,0,ia,50325,0,Polk
1217,Outback Steakhouse,"2410 southeast tones drive, ankeny, ia, 50021, us",17.29,10.49,4.99,3.99,11.59,8,102,4.5,700+,18.972156862745102,13.99,3,1,0,0,ia,50021,0,Polk
1218,Outback Steakhouse,"9501 quivira drive, overland park, ks, 66214, us",15.99,10.49,4.99,3.99,11.59,10,105,4.5,2,17.94771428571429,13.99,3,1,0,0,ks,66214,0,Johnson
1219,Outback Steakhouse,"7006 northwest barry road., kansas city, mo, 64153, us",15.99,10.49,4.99,3.99,11.59,10,104,4.299999999999999,1,17.809807692307693,13.99,3,1,0,0,mo,64153,0,Platte
1220,Outback Steakhouse,"233 south ridge road, wichita, ks, 67209, us",15.99,10.49,4.99,3.99,11.59,10,102,4.5,1,17.926862745098042,13.99,3,1,0,0,ks,67209,0,Sedgwick
1221,Outback Steakhouse,"3395 nichlasville rd., lexington, ky, 40503, us",15.99,10.49,4.99,3.99,11.59,10,100,4.399999999999999,1,17.759600000000002,13.99,3,1,0,0,ky,40503,0,Fayette
1222,Outback Steakhouse,"1957 bryant road, lexington, ky, 40509, us",15.99,10.49,4.99,3.99,11.59,10,100,4.2,350+,17.787600000000005,13.99,3,1,0,0,ky,40509,0,Fayette
1223,Outback Steakhouse,"1209 veterans pkwy, clarksville, in, 47129, us",15.99,10.49,4.99,3.99,11.59,8,101,4.3,1,18.441089108910894,13.99,3,1,0,0,in,47129,0,Clark
1224,Outback Steakhouse,"6520 signature drive, louisville, ky, 40213, us",15.99,10.49,4.99,3.99,11.59,10,104,4.3999999999999995,2,17.759807692307696,13.99,3,1,0,0,ky,40213,0,Jefferson
1225,Outback Steakhouse,"2415 south acadian thruway, baton rouge, la, 70808, us",15.99,10.49,4.99,3.99,11.59,9,101,4.399999999999998,1,18.40792079207921,13.99,3,1,0,0,la,70808,0,East Baton Rouge
1226,Outback Steakhouse,"5280 jones creek road, baton rouge, la, 70817, us",15.99,10.49,4.99,3.99,11.59,10,104,4.299999999999999,1,18.321826923076927,13.99,3,1,0,0,la,70817,0,East Baton Rouge
1227,Outback Steakhouse,"2637 south veterans boulevard, gonzales, la, 70737, us",17.29,10.49,4.99,3.99,11.59,8,101,4.600000000000002,490+,18.96574257425743,13.99,3,1,0,0,la,70737,0,Ascension
1228,Outback Steakhouse,"2746 severn ave, metairie, la, 70002, us",15.99,10.49,4.99,3.99,11.59,20,210,4.399999999999999,4,18.175333333333338,13.99,3,1,0,0,la,70002,0,Jefferson
1229,Outback Steakhouse,"1601 barataria boulevard, marrero, la, 70072, us",15.99,10.49,4.99,3.99,11.59,20,212,4.399999999999999,2,18.06792452830189,13.99,3,1,0,0,la,70072,0,Jefferson
1230,Outback Steakhouse,"1600 west pinhook road, lafayette, la, 70508, us",15.99,10.49,4.99,3.99,11.59,10,101,4.2,1,18.093069306930698,13.99,3,1,0,0,la,70508,0,Lafayette
1231,Outback Steakhouse,"830 e. i-10 service road, slidell, la, 70461, us",15.99,10.49,4.99,3.99,11.59,10,104,4.3999999999999995,1,17.917980769230773,13.99,3,1,0,0,la,70461,0,St. Tammany
1232,Outback Steakhouse,"60 park place drive, covington, la, 70433, us",15.99,10.49,4.99,3.99,11.59,10,105,4.399999999999999,1,18.104380952380954,13.99,3,1,0,0,la,70433,0,St. Tammany
1233,Outback Steakhouse,"3586 sangani drive ste h, d'iberville, ms, 39540, us",15.39,8.79,4.39,3.29,10.79,11,56,4.7,700+,13.46142857142857,14.29,3,1,0,0,ms,39540,0,Harrison
1234,Outback Steakhouse,"500 n commercial st, manchester, nh, 03101, us",,,,,,46,376,4.200000000000001,300+,14.710186170212765,,3,1,0,0,nh,3101,0,Hillsborough
1235,Outback Steakhouse,"30 tunnel road, asheville, nc, 28805, us",15.99,10.49,4.99,3.99,11.59,10,97,4.399999999999999,2,17.6679381443299,13.99,3,1,0,0,nc,28805,0,Buncombe
1236,Outback Steakhouse,"250 mitchelle drive, hendersonville, nc, 28792, us",15.99,10.49,4.99,3.99,11.59,10,97,4.399999999999999,700+,18.433917525773197,13.99,3,1,0,0,nc,28792,0,Henderson
1237,Outback Steakhouse,"505 north mcpherson church road, fayetteville, nc, 28303, us",15.99,10.49,4.99,3.99,11.59,10,105,4.200000000000001,2,17.94771428571429,13.99,3,1,0,0,nc,28303,0,Cumberland
1238,Outback Steakhouse,"3500 mount moriah road, durham, nc, 27707, us",17.29,10.49,4.99,3.99,11.59,8,105,4.399999999999999,2,18.78971428571429,13.99,3,1,0,0,nc,27707,0,Durham
1239,Outback Steakhouse,"7500 creedmoor rd, raleigh, nc, 27613, us",17.29,10.49,4.99,3.99,11.59,8,103,4.399999999999998,2,18.841165048543694,13.99,3,1,0,0,nc,27613,0,Wake
1240,Outback Steakhouse,"901 walnut st, cary, nc, 27511, us",17.29,10.49,4.99,3.99,11.59,8,100,4.399999999999999,2,19.379700000000003,13.99,3,1,0,0,nc,27511,0,Wake
1241,Outback Steakhouse,"5200 capital blvd, raleigh, nc, 27616, us",15.99,10.49,4.99,3.99,11.59,20,208,4.299999999999999,2,17.78865384615385,13.99,3,1,0,0,nc,27616,0,Wake
1242,Outback Steakhouse,"845 highway 70 west, garner, nc, 27529, us",15.99,10.49,4.99,3.99,11.59,20,202,4.299999999999999,1,18.31732673267327,13.99,3,1,0,0,nc,27529,0,Wake
1243,Outback Steakhouse,"505 highland oaks drive, winston-salem, nc, 27103, us",15.99,10.49,4.99,3.99,11.59,9,95,4.399999999999998,1,18.62442105263158,13.99,3,1,0,0,nc,27103,0,Forsyth
1244,Outback Steakhouse,"260 east parris avenue, highpoint, nc, 27262, us",15.99,10.49,4.99,3.99,11.59,20,200,4.299999999999999,1,17.710600000000003,13.99,3,1,0,0,nc,27262,0,Guilford
1245,Outback Steakhouse,"4518 west wendover avenue, greensboro, nc, 27409, us",15.99,10.49,4.99,3.99,11.59,20,186,4.3999999999999995,1,17.527311827956993,13.99,3,1,0,0,nc,27409,0,Guilford
1246,Outback Steakhouse,"1611 westover terrace, greensboro, nc, 27408, us",15.99,10.49,4.99,3.99,,16,180,4.299999999999999,1,17.819555555555556,13.99,3,1,0,0,nc,27408,0,Guilford
1247,Outback Steakhouse,"2735 longpine rd, burlington, nc, 27215, us",15.99,10.49,4.99,3.99,11.59,10,103,4.399999999999998,1,18.019708737864082,13.99,3,1,0,0,nc,27215,0,Alamance
1248,Outback Steakhouse,"1412 east boulevard, charlotte, nc, 28203, us",17.29,10.49,4.99,3.99,11.59,16,208,4.3999999999999995,3,18.832019230769234,13.99,3,1,0,0,nc,28203,0,Mecklenburg
1249,Outback Steakhouse,"8405 ikea blvd, charlotte, nc, 28262, us",15.99,10.49,4.99,3.99,11.59,10,93,4.2,2,17.608924731182796,13.99,3,1,0,0,nc,28262,0,Mecklenburg
1250,Outback Steakhouse,"16400 north cross drive, huntersville, nc, 28078, us",15.99,10.49,4.99,3.99,11.59,10,100,4.399999999999999,1,18.149600000000003,13.99,3,1,0,0,nc,28078,0,Mecklenburg
1251,Outback Steakhouse,"8507, concord mills, nc, 28027, us",15.99,10.49,4.99,3.99,11.59,10,103,4.399999999999998,2,18.019708737864082,13.99,3,1,0,0,nc,28027,0,Cabarrus
1252,Outback Steakhouse,"302 south college road, wilmington, nc, 28403, us",15.99,10.49,4.99,3.99,11.59,10,101,4.5,2,17.713366336633662,13.99,3,1,0,0,nc,28403,0,New Hanover
1253,Outback Steakhouse,"860 n interstate dr, norman, ok, 73072, us",15.99,10.49,4.99,3.99,11.59,10,103,4.600000000000002,1,18.019708737864082,13.99,3,1,0,0,ok,73072,0,Cleveland
1254,Outback Steakhouse,"2219 southwest 74th, oklahoma city, ok, 73159, us",15.99,10.49,4.99,3.99,11.59,20,204,4.299999999999999,1,18.25774509803922,13.99,3,1,0,0,ok,73159,0,Oklahoma
1255,Outback Steakhouse,"4144 northwest expressway, oklahoma city, ok, 73116, us",15.99,10.49,4.99,3.99,11.59,20,202,4.399999999999999,2,18.280198019801983,13.99,3,1,0,0,ok,73116,0,Oklahoma
1256,Outback Steakhouse,"4723 south yale avenue, tulsa, ok, 74135, us",15.99,10.49,4.99,3.99,11.59,10,102,4.5,1,18.358235294117648,13.99,3,1,0,0,ok,74135,0,Tulsa
1257,Outback Steakhouse,"9006 e 71st st, tulsa, ok, 74133, us",15.99,10.49,4.99,3.99,11.59,10,102,4.3,800+,18.35823529411765,13.99,3,1,0,0,ok,74133,0,Tulsa
1258,Outback Steakhouse,"1400 marketplace boulevard, coraopolis, pa, 15108, us",15.99,10.49,4.99,3.99,11.59,33,294,4.399999999999999,1,17.877551020408163,13.99,3,1,0,0,pa,15108,0,Allegheny
1259,Outback Steakhouse,"3000 mosside boulevard, monroeville, pa, 15146, us",15.99,10.49,4.99,3.99,11.59,30,301,4.399999999999999,1,17.61627906976744,13.99,3,1,0,0,pa,15146,0,Allegheny
1260,Outback Steakhouse,"460, washington, pa, 15301, us",15.99,10.49,4.99,3.99,11.59,20,186,4.299999999999999,500+,17.812258064516133,13.99,3,1,0,0,pa,15301,0,Washington
1261,Outback Steakhouse,"2723 n meridian blvd, reading, pa, 19610, us",,,,,,11,83,4.3,1,13.845301204819279,,3,1,0,0,pa,19610,0,Berks
1262,Outback Steakhouse,"650 commerce blvd, fairless hills, pa, 19030, us",17.29,10.49,4.99,3.99,11.59,8,102,4.399999999999998,1,19.00107843137255,13.99,3,1,0,0,pa,19030,0,Bucks
1263,Outback Steakhouse,"3240 tillman drive, bensalem, pa, 19020, us",15.99,10.49,4.99,3.99,11.59,20,204,4.299999999999999,1,18.162254901960786,13.99,3,1,0,0,pa,19020,0,Bucks
1264,Outback Steakhouse,"675 lancaster ave, frazer, pa, 19355, us",15.99,10.49,4.99,3.99,11.59,9,100,4.5,700+,18.5607,13.99,3,1,0,0,pa,19355,0,Chester
1265,Outback Steakhouse,"701 byers dr, concord township, pa, 19342, us",17.29,10.49,4.99,3.99,11.59,24,298,4.2,600+,19.38057046979866,13.99,3,1,0,0,pa,19342,0,Delaware
1266,Outback Steakhouse,"1118 baltimore pike, springfield, usa, swarthmore, pa, 19064, us",15.99,10.49,4.99,3.99,,20,199,4.200000000000001,4,18.505778894472364,13.99,3,1,0,0,pa,19064,0,Delaware
1267,Outback Steakhouse,"100 n pointe blvd, lancaster, pa, 17601, us",15.99,10.49,4.99,3.99,11.59,9,88,4.3999999999999995,800+,16.552159090909093,13.99,3,1,0,0,pa,17601,0,Lancaster
1268,Outback Steakhouse,"800 n. krocks rd, allentown, pa, 18106, us",15.99,10.49,4.99,3.99,11.59,9,90,4.299999999999999,900+,18.256444444444448,13.99,3,1,0,0,pa,18106,0,Lehigh
1269,Outback Steakhouse,"3200 emrick blvd, bethlehem, pa, 18020, us",15.99,10.49,4.99,3.99,11.59,10,98,4.5,1,18.980510204081636,13.99,3,1,0,0,pa,18020,0,Northampton
1270,Outback Steakhouse,"322 w ridge pike, conshohocken, pa, 19428, us",17.29,10.49,4.99,3.99,11.59,16,206,4.5,2,18.95631067961165,13.99,3,1,0,0,pa,19428,0,Montgomery
1271,Outback Steakhouse,"450 montgomery mall, north wales, upper gwynedd, montgomery, pa, 19454, us",15.99,10.49,4.99,3.99,11.59,10,105,4.399999999999999,1,18.095428571428574,13.99,3,1,0,0,pa,19454,0,Montgomery
1272,Outback Steakhouse,"610 old york road, jenkintown, pa, 19046, us",15.99,10.49,4.99,3.99,11.59,10,102,4.2,3,18.3093137254902,13.99,3,1,0,0,pa,19046,0,Montgomery
1273,Outback Steakhouse,"724 blair mill road, horsham, pa, 19044, us",15.99,10.49,4.99,3.99,11.59,10,100,4.399999999999999,270+,18.475700000000003,13.99,3,1,0,0,pa,19044,0,Montgomery
1274,Outback Steakhouse,"380 town center dr, york, pa, 17408, us",15.99,10.49,4.99,3.99,11.59,10,100,4.399999999999999,1,18.199700000000004,13.99,3,1,0,0,pa,17408,0,York
1275,Outback Steakhouse,"2113 boundary street, beaufort, sc, 29902, us",15.99,10.49,4.99,3.99,11.59,10,103,4.3,800+,18.019708737864082,13.99,3,1,0,0,sc,29902,0,Beaufort
1276,Outback Steakhouse,"1890 sam rittenberg boulevard, charleston, sc, 29407, us",17.29,10.49,4.99,,11.59,6,91,4.3,2,20.06659340659341,13.99,3,1,0,0,sc,29407,0,Charleston
1277,Outback Steakhouse,"7643 rivers avenue, north charleston, sc, 29406, us",15.99,10.49,4.99,3.99,11.59,10,103,4.100000000000002,2,17.832330097087382,13.99,3,1,0,0,sc,29406,0,Charleston
1278,Outback Steakhouse,"21 orchard park drive, greenville, sc, 29615, us",15.99,10.49,4.99,3.99,11.59,20,210,4.200000000000001,2,17.94771428571429,13.99,3,1,0,0,sc,29615,0,Greenville
1279,Outback Steakhouse,"125 southern center way, easley, sc, 29642, us",15.99,10.49,4.99,3.99,11.59,20,210,4.200000000000001,1,17.947714285714287,13.99,3,1,0,0,sc,29642,0,Anderson
1280,Outback Steakhouse,"7025 north kings highway, myrtle beach, sc, 29572, us",15.99,10.49,4.99,3.99,11.59,9,98,4.5,1,16.68051020408164,13.99,3,1,0,0,sc,29572,0,Horry
1281,Outback Steakhouse,"4650 factory stores boulevard, myrtle beach, sc, 29579, us",15.99,10.49,4.99,3.99,11.59,8,100,4.3,1,18.6156,13.99,3,1,0,0,sc,29579,0,Horry
1282,Outback Steakhouse,"252 f harbison boulevard, columbia, sc, 29212, us",15.99,10.49,4.99,3.99,,18,194,4.299999999999999,2,18.450000000000003,13.99,3,1,0,0,sc,29212,0,Lexington
1283,Outback Steakhouse,"7611 two notch road, columbia, sc, 29223, us",15.99,10.49,4.99,3.99,11.59,22,202,4.299999999999999,2,17.891683168316835,13.99,3,1,0,0,sc,29223,0,Richland
1284,Outback Steakhouse,"1646 j.b. white sr boulevard, spartanburg, sc, 29301, us",15.99,10.49,4.99,3.99,11.59,10,103,4.2,1,18.218737864077674,13.99,3,1,0,0,sc,29301,0,Spartanburg
1285,Outback Steakhouse,"1319 river run court, rock hill, sc, 29732, us",15.99,10.49,4.99,3.99,11.59,10,104,4.3999999999999995,1,17.947307692307696,13.99,3,1,0,0,sc,29732,0,York
1286,Outback Steakhouse,"8338 pineville matthews road, charlotte, nc, 28226, us",15.99,10.49,4.99,3.99,11.59,9,104,4.3999999999999995,1,18.072307692307696,13.99,3,1,0,0,nc,28226,0,Mecklenburg
1287,Outback Steakhouse,"9308 robert irwin drive, charlotte, nc, 28278, us",15.99,10.49,4.99,,11.59,10,92,4.3,700+,19.541739130434788,13.99,3,1,0,0,nc,28278,0,Mecklenburg
1288,Outback Steakhouse,"6840 charlotte pike, nashville, tn, 37209, us",15.99,10.49,4.99,3.99,11.59,10,103,4.399999999999998,4,17.995436893203884,13.99,3,1,0,0,tn,37209,0,Davidson
1289,Outback Steakhouse,"1560 gallatin pike north, madison, tn, 37115, us",15.99,10.49,4.99,3.99,11.59,10,89,4.5,3,17.412808988764045,13.99,3,1,0,0,tn,37115,0,Davidson
1290,Outback Steakhouse,"5582 old hickory boulevard, hermitage, tn, 37076, us",15.99,10.49,4.99,3.99,11.59,10,105,4.5,4,17.94771428571429,13.99,3,1,0,0,tn,37076,0,Davidson
1291,Outback Steakhouse,"544 northgate mall drive, chattanooga, tn, 37415, us",15.99,10.49,4.99,3.99,11.59,10,104,4.3999999999999995,1,17.843461538461543,13.99,3,1,0,0,tn,37415,0,Hamilton
1292,Outback Steakhouse,"2120 hamilton place boulevard, chattanooga, tn, 37421, us",15.99,10.49,4.99,3.99,11.59,10,89,4.5,1,15.911123595505622,14.99,3,1,0,0,tn,37421,0,Hamilton
1293,Outback Steakhouse,"314 a merchant drive, knoxville, tn, 37912, us",15.99,10.49,4.99,3.99,11.59,10,104,4.3999999999999995,2,17.456923076923083,13.99,3,1,0,0,tn,37912,0,Knox
1294,Outback Steakhouse,"330 n peters rd, knoxville, tn, 37922, us",15.99,10.49,4.99,3.99,11.59,10,104,4.5,2,18.055000000000003,13.99,3,1,0,0,tn,37922,0,Knox
1295,Outback Steakhouse,"1968 old fort parkway, murfreesboro, tn, 37129, us",15.99,10.49,4.99,3.99,11.59,10,105,4.5,3,17.947714285714287,13.99,3,1,0,0,tn,37129,0,Rutherford
1296,Outback Steakhouse,"1125 franklin road, lebanon, tn, 37087, us",15.99,10.49,4.99,3.99,11.59,10,105,4.299999999999999,1,17.947714285714287,13.99,3,1,0,0,tn,37087,0,Wilson
1297,Outback Steakhouse,"1705 parkway, sevierville, tn, 37862, us",15.99,10.49,4.99,3.99,11.59,10,103,4.2,1,18.019708737864082,13.99,3,1,0,0,tn,37862,0,Sevier
1298,Red Robin,"14400 bear valley rd #405, victorville, ca, 92392, us",17.99,8.39,4.79,4.39,3.59,38,242,4.5,600+,13.160247933884296,,3,1,0,0,ca,92392,1,San Bernardino
1299,Red Robin,"18999 bear valley rd, apple valley, ca, 92308, us",18.29,8.39,4.79,4.59,3.59,40,243,4.3999999999999995,600+,13.263251028806586,,3,1,0,0,ca,92308,1,San Bernardino
1300,Red Robin,"27476 lugonia ave, redlands, ca, 92374, us",17.99,8.39,4.79,4.39,3.59,100,603,4.6000000000000005,1,13.130298507462687,,3,1,0,0,ca,92374,1,San Bernardino
1301,Red Robin,"3030 plaza bonita rd #2520, national city, ca, 91902, us",18.29,8.39,4.79,4.59,3.59,40,244,4.5,1,13.313770491803277,,3,1,0,0,ca,91902,1,San Diego
1302,Red Robin,"200 e via rancho pkwy, escondido, ca, 92025, us",18.49,8.39,4.79,4.79,3.59,40,242,4.5,800+,13.543719008264462,,3,1,0,0,ca,92025,1,San Diego
1303,Red Robin,"1274 el camino real, san bruno, ca, 94066, us",17.99,8.39,4.79,4.39,3.59,108,714,4.5,900+,13.278235294117644,,3,1,0,0,ca,94066,1,San Mateo
1304,Red Robin,"404-a sun valley mall, concord, ca, 94520, us",18.29,8.39,4.79,4.59,3.59,100,610,4.5,500+,13.313770491803279,,3,1,0,0,ca,94520,1,Contra Costa
1305,Red Robin,"873 lifestyle st, manteca, ca, 95337, us",18.29,8.39,4.79,4.59,3.59,20,122,4.299999999999998,340+,13.313770491803277,,3,1,0,0,ca,95337,1,San Joaquin
1306,Red Robin,"1000 higuera st, san luis obispo, ca, 93401, us",,,,,,1,85,4.600000000000002,1,22.535647058823525,,3,1,0,0,ca,93401,1,San Luis Obispo
1307,Red Robin,"3906 rivermark plaza, santa clara, ca, 95054, us",18.49,8.39,4.79,4.79,3.59,80,486,4.6000000000000005,1,13.52415637860082,,3,1,0,0,ca,95054,1,Santa Clara
1308,Red Robin,"1000 el paseo de saratoga, san jose, ca, 95130, us",17.99,8.39,4.79,4.39,3.59,80,488,4.6000000000000005,700+,13.091639344262294,,3,1,0,0,ca,95130,1,Santa Clara
1309,Red Robin,"101 town center east, santa maria, ca, 93454, us",17.99,8.39,4.79,4.39,3.59,20,122,4.299999999999998,370+,13.091639344262294,,3,1,0,0,ca,93454,1,Santa Barbara
1310,Red Robin,"3301 e main st #1511, ventura, ca, 93003, us",17.99,8.39,4.79,4.39,3.59,40,242,4.399999999999999,330+,13.110661157024792,,3,1,0,0,ca,93003,1,Ventura
1311,Red Robin,"2200 eastridge loop suite 2073, san jose, ca, 95122, us",18.49,8.39,4.79,4.79,3.59,60,366,4.399999999999999,900+,13.51950819672131,,3,1,0,0,ca,95122,1,Santa Clara
1312,Red Robin,"1045 cochrane rd, morgan hill, ca, 95037, us",18.49,8.39,4.79,4.79,3.59,36,238,4.5,150+,13.716890756302519,,3,1,0,0,ca,95037,1,Santa Clara
1313,Red Robin,"110 church st, santa cruz, ca, 95060, us",,,,,,4,53,4.800000000000002,450+,17.471698113207548,,3,1,0,0,ca,95060,1,Santa Cruz
1314,Red Robin,"2107, santa rosa, ca, 95401, us",,,,,,4,48,4.5,140+,19.877083333333335,,3,1,0,0,ca,95401,1,Sonoma
1315,Red Robin,"2367 claribel rd, riverbank, ca, 95367, us",18.29,8.39,4.79,4.59,3.59,20,122,4.299999999999998,370+,13.313770491803279,,3,1,0,0,ca,95367,1,Stanislaus
1316,Red Robin,"3105 w monte vista ave, turlock, ca, 95380, us",18.29,8.39,4.79,4.59,3.59,20,122,4.5,270+,13.313770491803279,,3,1,0,0,ca,95380,1,Stanislaus
1317,Red Robin,"2015 s mooney blvd #505, visalia, ca, 93277, us",17.99,8.39,4.79,4.39,3.59,20,118,4.5,600+,13.322203389830504,,3,1,0,0,ca,93277,1,Tulare
1318,Red Robin,"681 town center dr, oxnard, ca, 93036, us",17.99,8.39,4.79,4.39,3.59,20,121,4.399999999999999,500+,13.110661157024792,,3,1,0,0,ca,93036,1,Ventura
1319,Red Robin,"1555 simi town center way #670, simi valley, ca, 93065, us",18.29,8.39,4.79,4.59,3.59,20,122,4.6000000000000005,1,13.313770491803277,,3,1,0,0,ca,93065,1,Ventura
1320,Red Robin,"2385 sand creek rd, brentwood, ca, 94513, us",18.29,8.39,4.79,4.59,3.59,20,122,4.399999999999999,470+,13.313770491803279,,3,1,0,0,ca,94513,1,Contra Costa
1321,Red Robin,"3385 w shaw ave, fresno, ca, 93711, us",17.99,8.39,4.79,4.39,3.59,20,122,4.5,1,13.091639344262292,,3,1,0,0,ca,93711,1,Fresno
1322,Red Robin,"950 shaw ave, clovis, ca, 93612, us",17.99,8.39,4.79,4.39,3.59,20,122,4.5,1,13.091639344262294,,3,1,0,0,ca,93612,1,Fresno
1323,Red Robin,"7675 n blackstone ave, fresno, ca, 93711, us",18.29,8.39,4.79,4.59,3.59,20,122,4.299999999999998,700+,13.313770491803279,,3,1,0,0,ca,93711,1,Fresno
1324,Red Robin,"2701 ming ave #g15, bakersfield, ca, 93304, us",17.99,8.39,4.79,4.39,3.59,20,122,4.200000000000002,700+,13.091639344262292,,3,1,0,0,ca,93304,1,Kern
1325,Red Robin,"1815 hawthorne blvd, redondo beach, ca, 90278, us",18.29,8.39,4.79,4.59,3.59,40,242,4.6000000000000005,1,13.26603305785124,,3,1,0,0,ca,90278,1,Los Angeles
1326,Red Robin,"112, lakewood, ca, 90712, us",17.99,8.39,4.79,4.39,3.59,20,122,4.5,1,13.091639344262294,,3,1,0,0,ca,90712,1,Los Angeles
1327,Red Robin,"5461 katella ave, cypress, ca, 90720, us",18.49,8.39,4.79,4.79,3.59,60,366,4.600000000000001,1,13.51950819672131,,3,1,0,0,ca,90720,1,Orange
1328,Red Robin,"12007 harbor blvd, garden grove, ca, 92840, us",18.29,8.39,4.79,4.59,3.59,60,363,4.600000000000001,1,13.40404958677686,,3,1,0,0,ca,92840,1,Orange
1329,Red Robin,"15610, whittier, ca, 90603, us",18.49,8.39,4.79,4.79,3.59,38,242,4.6000000000000005,1,13.591652892561983,,3,1,0,0,ca,90603,1,Los Angeles
1330,Red Robin,"1631 w imperial hwy, la habra, ca, 90631, us",18.49,8.39,4.79,4.79,3.59,40,244,4.6000000000000005,800+,13.519508196721308,,3,1,0,0,ca,90631,1,Orange
1331,Red Robin,"1242 4th st, san rafael, ca, 94901, us",,,,,,0,13,4.5,270+,25.74230769230769,,3,1,0,0,ca,94901,1,Marin
1332,Red Robin,"880 de long avenue, novato, ca, 94945, us",,,,,,8,25,4.3,110+,7.964000000000001,,3,1,0,0,ca,94945,1,Marin
1333,Red Robin,"341 monterey st, salinas, ca, 93901, us",,,,,,1,191,4.899999999999998,14,16.42005235602094,,3,1,0,0,ca,93901,1,Monterey
1334,Red Robin,"1307 west sunflower avenue, santa ana, ca, 92704, us",18.29,8.39,4.79,4.59,3.59,19,121,4.6000000000000005,1,13.385867768595041,,3,1,0,0,ca,92704,1,Orange
1335,Red Robin,"2667 park ave, tustin, ca, 92606, us",18.29,8.39,4.79,4.59,3.59,20,122,4.6000000000000005,900+,13.313770491803279,,3,1,0,0,ca,92606,1,Orange
1336,Red Robin,"2199 n, orange, ca, 92865, us",17.99,8.39,4.79,4.39,3.59,40,244,4.6000000000000005,1,13.091639344262294,,3,1,0,0,ca,92865,1,Orange
1337,Red Robin,"1080, brea, ca, 92821, us",17.99,8.39,4.79,4.39,3.59,40,244,4.5,700+,13.091639344262294,,3,1,0,0,ca,92821,1,Orange
1338,Red Robin,"1184 galleria blvd, roseville, ca, 95678, us",17.99,8.39,4.79,4.39,3.59,40,244,4.5,600+,13.091639344262294,,3,1,0,0,ca,95678,1,Placer
1339,Red Robin,"7990 greenback ln unit j, citrus heights, ca, 95610, us",18.29,8.39,4.79,4.59,3.59,40,238,4.299999999999997,1,13.304285714285713,,3,1,0,0,ca,95610,1,Sacramento
1340,Red Robin,"751 e joiner pkwy, lincoln, ca, 95648, us",18.29,8.39,4.79,4.59,3.59,40,244,4.5,320+,13.313770491803277,,3,1,0,0,ca,95648,1,Placer
1341,Red Robin,"360 palladio parkway #410, folsom, ca, 95630, us",17.99,8.39,4.79,4.39,3.59,40,242,4.399999999999999,350+,13.120578512396696,,3,1,0,0,ca,95630,1,Sacramento
1342,Red Robin,"8245 laguna blvd, elk grove, ca, 95758, us",17.99,8.39,4.79,4.39,3.59,60,366,4.299999999999999,600+,13.091639344262292,,3,1,0,0,ca,95758,1,Sacramento
1343,Red Robin,"2031 bronze star dr, woodland, ca, 95776, us",18.29,8.39,4.79,4.59,3.59,40,244,4.299999999999998,400+,13.313770491803277,,3,1,0,0,ca,95776,1,Yolo
1344,Red Robin,"1370 tyler st, riverside, ca, 92503, us",18.29,8.39,4.79,4.59,3.59,80,488,4.6000000000000005,490+,13.31377049180328,,3,1,0,0,ca,92503,1,Riverside
1345,Red Robin,"419 n mckinley st, mckinley st, ca, 92879, us",17.99,8.39,4.79,4.39,3.59,80,484,4.700000000000001,700+,12.991652892561982,,3,1,0,0,ca,92879,1,Riverside
1346,Red Robin,"12271 foothill blvd, rancho cucamonga, ca, 91739, us",18.49,8.39,4.79,4.79,3.59,80,484,4.5,1,13.542066115702479,,3,1,0,0,ca,91739,1,San Bernardino
1347,Red Robin,"3903 grand ave, chino, ca, 91710, us",17.99,8.39,4.79,4.39,3.59,40,244,4.6000000000000005,900+,13.091639344262294,,3,1,0,0,ca,91710,1,San Bernardino
1348,Red Robin,"565 w arrow highway, san dimas, ca, 91773, us",18.49,8.39,4.79,4.79,3.59,40,244,4.6000000000000005,1,13.519508196721311,,3,1,0,0,ca,91773,1,Los Angeles
1349,Red Robin,"30142 haun rd, menifee, ca, 92584, us",18.29,8.39,4.79,4.59,3.59,38,238,4.6000000000000005,900+,13.439579831932774,,3,1,0,0,ca,92584,1,Riverside
1350,Red Robin,"1990 w florida ave, hemet, ca, 92545, us",18.29,8.39,4.79,4.59,3.59,40,244,4.5,500+,13.313770491803277,,3,1,0,0,ca,92545,1,Riverside
1351,Red Robin,"40820 winchester rd #1070, temecula, ca, 92591, us",17.99,8.39,4.79,4.39,3.59,19,121,4.5,700+,13.160247933884296,,3,1,0,0,ca,92591,1,Riverside
1352,Red Robin,"1711 u.s. 98, daphne, al, 36526, us",,,,,,13,42,4.0,140+,5.329523809523809,,3,1,0,0,al,36526,0,Baldwin
1353,Red Robin,"5029 pinnacle square, birmingham, al, 35173, us",17.79,8.39,4.79,4.09,3.59,20,117,4.399999999999999,410+,12.519059829059827,,3,1,0,0,al,35173,0,Jefferson
1354,Red Robin,"2720 carl t jones dr se, huntsville, al, 35802, us",17.99,8.39,4.79,4.39,3.59,20,107,4.600000000000001,490+,12.34233644859813,,3,1,0,0,al,35802,0,Madison
1355,Red Robin,"365 the bridge st suite 113, huntsville, al, 35806, us",17.99,8.39,4.79,4.39,3.59,20,110,4.5,500+,12.563636363636359,,3,1,0,0,al,35806,0,Madison
1356,Red Robin,"659 government st, mobile, al, 36602, us",,,,,,15,77,4.199999999999999,250+,4.359220779220779,,3,1,0,0,al,36602,0,Mobile
1357,Red Robin,"7700 abercorn st, savannah, ga, 31406, us",,,,,,6,106,4.100000000000001,2,7.699150943396224,,3,1,0,0,ga,31406,0,Chatham
1358,Red Robin,"370 peachtree pkwy, cumming, ga, 30041, us",18.29,8.39,4.79,4.59,3.59,40,226,4.6000000000000005,1,13.062566371681417,,3,1,0,0,ga,30041,0,Forsyth
1359,Red Robin,"3333, buford, ga, 30519, us",17.99,8.39,4.79,4.39,3.59,40,240,4.5,1,12.935833333333331,,3,1,0,0,ga,30519,0,Gwinnett
1360,Red Robin,"1250 scenic highway suite 1500, lawrenceville, ga, 30045, us",17.79,8.39,4.79,4.09,3.59,60,351,4.5,2,12.729316239316239,,3,1,0,0,ga,30045,0,Gwinnett
1361,Red Robin,"30 decatur street southeast, atlanta, ga, 30303, us",,,,,,0,23,4.099999999999998,440+,11.98,,3,1,0,0,ga,30303,0,Fulton
1362,Red Robin,"777 oak street southwest, atlanta, ga, 30310, us",,,,,,3,8,4.2,1,7.0525,,3,1,0,0,ga,30310,0,Fulton
1363,Red Robin,"211 west parkcenter blvd, boise, id, 83706, us",17.79,8.39,4.79,4.09,3.59,19,110,4.600000000000002,1,12.509090909090904,,3,1,0,0,id,83706,0,Ada
1364,Red Robin,"267 n milwaukee, boise, id, 83704, us",17.29,8.39,4.79,3.89,3.59,17,120,4.5,1,12.464999999999998,,3,1,0,0,id,83704,0,Ada
1365,Red Robin,"8190 n shadeland ave, indianapolis, in, 46250, us",17.79,8.39,4.79,4.09,3.59,38,218,4.299999999999999,600+,12.432201834862385,,3,1,0,0,in,46250,0,Marion
1366,Red Robin,"13215 harrell pkwy, noblesville, in, 46060, us",17.79,8.39,4.79,4.09,3.59,20,110,4.3,360+,12.36272727272727,,3,1,0,0,in,46060,0,Hamilton
1367,Red Robin,"1410 us-41, schererville, in, 46375, us",17.99,8.39,4.79,4.39,3.59,20,110,4.5,500+,12.563636363636359,,3,1,0,0,in,46375,0,Lake
1368,Red Robin,"2465 southlake mall, merrillville, in, 46410, us",17.99,8.39,4.79,4.39,3.59,18,106,4.200000000000001,460+,12.758867924528303,,3,1,0,0,in,46410,0,Lake
1369,Red Robin,"365 south perry rd, plainfield, in, 46168, us",17.79,8.39,4.79,4.09,3.59,20,109,4.200000000000001,410+,12.306513761467889,,3,1,0,0,in,46168,0,Hendricks
1370,Red Robin,"6255 mills civic pkwy, west des moines, ia, 50266, us",18.29,8.39,4.79,4.59,3.59,19,113,4.399999999999999,500+,13.33424778761062,,3,1,0,0,ia,50266,0,Dallas
1371,Red Robin,"8657 w 135th, overland park, ks, 66223, us",14.68,7.11,3.6,3.38,3.72,15,100,4.3,800+,10.781199999999998,,3,1,0,0,ks,66223,0,Johnson
1372,Red Robin,"20155 w 153rd, olathe, ks, 66062, us",14.68,7.11,3.6,3.38,3.72,15,100,4.5,700+,10.781199999999998,,3,1,0,0,ks,66062,0,Johnson
1373,Red Robin,"7355 west taft street, wichita, ks, 67209, us",14.68,7.11,3.6,3.38,3.72,15,102,4.399999999999998,350+,11.143529411764703,,3,1,0,0,ks,67209,0,Sedgwick
1374,Red Robin,"9990 e 13th st, wichita, ks, 67206, us",14.68,7.11,3.6,3.38,3.38,15,99,4.399999999999999,1,10.655050505050504,,3,1,0,0,ks,67206,0,Sedgwick
1375,Red Robin,"101 east brannon rd, nicholasville, ky, 40356, us",17.29,8.39,4.79,3.89,3.59,17,108,4.600000000000001,410+,12.120555555555551,,3,1,0,0,ky,40356,0,Jessamine
1376,Red Robin,"5000 shelbyville rd #1627, louisville, ky, 40207, us",17.79,8.39,4.79,4.09,3.59,20,110,4.5,500+,12.36272727272727,,3,1,0,0,ky,40207,0,Jefferson
1377,Red Robin,"9870 von allmen court, louisville, ky, 40241, us",17.99,8.39,4.79,4.39,3.59,20,110,4.600000000000002,470+,12.563636363636359,,3,1,0,0,ky,40241,0,Jefferson
1378,Red Robin,"3255 highland rd, baton rouge, la, 70802, us",,,,,,26,184,4.0,1,8.809347826086958,,3,1,0,0,la,70802,0,East Baton Rouge
1379,Red Robin,"4001 airline highway, matairie, la, 70001, us",,,,,,25,77,4.300000000000001,900+,7.663246753246749,,3,1,0,0,la,70001,0,Jefferson
1380,Red Robin,"1422 johnston st, lafayette, la, 70506, us",,,,,,9,110,4.100000000000002,430+,7.294818181818181,,3,1,0,0,la,70506,0,Lafayette
1381,Red Robin,"700 town center parkway, slidell, la, 70458, us",17.29,8.39,4.79,3.89,3.59,17,110,4.399999999999998,600+,12.13363636363636,,3,1,0,0,la,70458,0,St. Tammany
1382,Red Robin,"9351 canal rd, gulfport, ms, 39503, us",,,,,,1,30,4.400000000000001,110+,10.605666666666666,,3,1,0,0,ms,39503,0,Harrison
1383,Red Robin,"1500 s willow st #w157, manchester, nh, 03103, us",17.99,8.39,4.79,4.39,3.59,20,110,4.399999999999998,800+,12.563636363636359,,3,1,0,0,nh,3103,0,Hillsborough
1384,Red Robin,"99 rockingham park blvd #w105, salem, nh, 03079, us",17.99,8.39,4.79,4.39,3.59,20,110,4.600000000000002,29,12.56363636363636,,3,1,0,0,nh,3079,0,Rockingham
1385,Red Robin,"310 daniel webster highway, nashua, nh, 03060, us",17.99,8.39,4.79,4.39,3.59,20,108,4.5,500+,12.372407407407406,,3,1,0,0,nh,3060,0,Hillsborough
1386,Red Robin,"1550 four seasons, hendersonville, nc, 28792, us",,,,3.83,,13,94,4.3,140+,9.668404255319151,,3,1,0,0,nc,28792,0,Henderson
1387,Red Robin,"502 cross creek mall, fayetteville, nc, 28303, us",17.99,8.39,4.79,4.39,3.59,20,110,4.399999999999998,1,12.495454545454544,,3,1,0,0,nc,28303,0,Cumberland
1388,Red Robin,"5313 new hope commons extension, durham, nc, 27707, us",17.79,8.39,4.79,4.09,3.59,20,120,4.5,1,12.691666666666666,,3,1,0,0,nc,27707,0,Durham
1389,Red Robin,"7860 alexander promenade pl, raleigh, nc, 27617, us",17.99,8.39,4.79,4.39,3.59,18,116,4.600000000000001,1,13.172758620689653,,3,1,0,0,nc,27617,0,Wake
1390,Red Robin,"188 hanes mall circle, winston-salem, nc, 27103, us",17.29,8.39,4.79,3.89,3.59,17,119,4.5,600+,12.429495798319325,,3,1,0,0,nc,27103,0,Forsyth
1391,Red Robin,"1507 highwoods blvd, greensboro, nc, 27410, us",17.79,8.39,4.79,4.09,3.59,40,240,4.5,1,12.691666666666666,,3,1,0,0,nc,27410,0,Guilford
1392,Red Robin,"3110 waltham blvd, burlington, nc, 27215, us",17.79,8.39,4.79,4.09,3.59,20,120,4.5,600+,12.691666666666666,,3,1,0,0,nc,27215,0,Alamance
1393,Red Robin,"8304 kenbrooke dr, charlotte, nc, 28262, us",17.29,8.39,4.79,3.89,3.59,34,240,4.5,1,12.464999999999998,,3,1,0,0,nc,28262,0,Mecklenburg
1394,Red Robin,"8425 northlake commons blvd, charlotte, nc, 28216, us",17.29,8.39,4.79,3.89,3.59,34,238,4.6000000000000005,1,12.4790756302521,,3,1,0,0,nc,28216,0,Mecklenburg
1395,Red Robin,"905 international dr, wilmington, nc, 28405, us",17.79,8.39,4.79,4.09,3.59,20,120,4.5,1,12.691666666666666,,3,1,0,0,nc,28405,0,New Hanover
1396,Red Robin,"2260 walnut st, cary, nc, 27518, us",17.79,8.39,4.79,4.09,3.59,19,117,4.5,600+,12.807948717948713,,3,1,0,0,nc,27518,0,Wake
1397,Red Robin,"10 cabela drive, garner, nc, 27529, us",17.29,8.39,4.79,3.89,3.59,17,118,4.5,1,12.595084745762708,,3,1,0,0,nc,27529,0,Wake
1398,Red Robin,"1050 ed noble pkwy, norman, ok, 73072, us",17.29,8.39,4.79,3.89,3.59,32,218,4.5,600+,12.202844036697247,,3,1,0,0,ok,73072,0,Cleveland
1399,Red Robin,"13800 n pennsylvania ave, oklahoma city, ok, 73134, us",17.29,8.39,4.79,3.89,3.59,17,106,4.5,800+,12.34,,3,1,0,0,ok,73134,0,Oklahoma
1400,Red Robin,"9810 riverside pkwy, tulsa, ok, 74137, us",17.29,8.39,4.79,3.89,3.59,17,109,4.299999999999999,220+,12.145963302752293,,3,1,0,0,ok,74137,0,Tulsa
1401,Red Robin,"4801 w kenosha st, broken arrow, ok, 74012, us",17.29,8.39,4.79,3.89,3.59,17,110,4.5,500+,12.133636363636358,,3,1,0,0,ok,74012,0,Tulsa
1402,Red Robin,"175 e waterfront dr, homestead, pa, 15120, us",17.29,8.39,4.79,3.89,3.59,34,238,4.299999999999997,1,12.499243697478988,,3,1,0,0,pa,15120,0,Allegheny
1403,Red Robin,"301 south hills village, bethel park, pa, 15241, us",17.79,8.39,4.79,4.09,3.59,40,240,4.5,1,12.691666666666666,,3,1,0,0,pa,15241,0,Allegheny
1404,Red Robin,"4559 perkiomen ave, reading, pa, 19606, us",,,,,,1,9,4.3,280+,10.30111111111111,,3,1,0,0,pa,19606,0,Berks
1405,Red Robin,"3605 horizon blvd., trevose, pa, 19053, us",,,,,,3,27,4.299999999999999,600+,10.30111111111111,,3,1,0,0,pa,19053,0,Bucks
1406,Red Robin,"220 plaza drive, collegeville, pa, 19426, us",,,,,,3,27,4.599999999999999,390+,10.30111111111111,,3,1,0,0,pa,19426,0,Montgomery
1407,Red Robin,"2350 lincoln hwy e, lancaster, pa, 17602, us",,,,,,1,9,4.3,440+,10.30111111111111,,3,1,0,0,pa,17602,0,Lancaster
1408,Red Robin,"1875 airport rd, allentown, pa, 18109, us",,,,,,0,2,4.6,600+,15.19,,3,1,0,0,pa,18109,0,Lehigh
1409,Red Robin,"2845, center valley, pa, 18034, us",,,,,,0,2,4.6,500+,15.19,,3,1,0,0,pa,18034,0,Lehigh
1410,Red Robin,"690 n west end blvd route 309, quakertown, pa, 18951, us",,,,,,0,2,4.8,57,15.19,,3,1,0,0,pa,18951,0,Bucks
1411,Red Robin,"200 mall circle drive, monroeville, pa, 15146, us",17.79,8.39,4.79,4.09,3.59,20,120,4.5,700+,12.691666666666666,,3,1,0,0,pa,15146,0,Allegheny
1412,Red Robin,"1020 pittsburgh mills circle, tarentum, pa, 15084, us",17.29,8.39,4.79,3.89,3.59,17,120,4.3999999999999995,360+,12.465,,3,1,0,0,pa,15084,0,Allegheny
1413,Red Robin,"1500 mount zion rd, york, pa, 17402, us",,,,,,1,9,4.3,310+,10.30111111111111,,3,1,0,0,pa,17402,0,York
1414,Red Robin,"11 towne drive, bluffton, sc, 29910-4201, us",,,,,,10,122,4.399999999999999,79,12.141803278688526,,3,1,0,0,sc,29910,0,Beaufort
1415,Red Robin,"1175 folly rd, charleston, sc, 29412, us",,,,,,3,53,4.300000000000002,130+,14.082075471698118,,3,1,0,0,sc,29412,0,Charleston
1416,Red Robin,"1125 woodruff rd suite 1400, greenville, sc, 29607, us",17.79,8.39,4.79,4.09,3.59,40,240,4.3999999999999995,700+,12.691666666666666,,3,1,0,0,sc,29607,0,Greenville
1417,Red Robin,"1218 n retail court, myrtle beach, sc, 29577, us",17.79,8.39,4.79,4.09,3.59,19,118,4.5,1,12.845932203389829,,3,1,0,0,sc,29577,0,Horry
1418,Red Robin,"100, columbia, sc, 29212, us",17.29,8.39,4.79,3.89,3.59,34,236,4.399999999999999,490+,12.399322033898304,,3,1,0,0,sc,29212,0,Lexington
1419,Red Robin,"247 forum dr, columbia, sc, 29229, us",17.29,8.39,4.79,3.89,3.59,17,120,4.299999999999999,1,12.464999999999998,,3,1,0,0,sc,29229,0,Richland
1420,Red Robin,"3415 toringdon way, charlotte, nc, 28277, us",17.29,8.39,4.79,3.89,3.59,15,117,4.700000000000003,1,12.638717948717945,,3,1,0,0,nc,28277,0,Mecklenburg
1421,Red Robin,"6802 charlotte pike, nashville, tn, 37209, us",17.79,8.39,4.79,4.09,3.59,20,120,4.3999999999999995,1,12.691666666666666,,3,1,0,0,tn,37209,0,Davidson
1422,Red Robin,"401 s, mt juliet, tn, 37122, us",17.79,8.39,4.79,4.09,3.59,20,120,4.3999999999999995,700+,12.691666666666666,,3,1,0,0,tn,37122,0,Wilson
1423,Red Robin,"302 indian lake blvd, hendersonville, tn, 37075, us",17.79,8.39,4.79,4.09,3.59,19,117,4.5,900+,12.807948717948715,,3,1,0,0,tn,37075,0,Sumner
1424,Red Robin,"2100 hamilton pl blvd suite 317, chattanooga, tn, 37421, us",17.29,8.39,4.79,3.89,3.59,17,120,4.299999999999999,450+,12.464999999999998,,3,1,0,0,tn,37421,0,Hamilton
1425,Red Robin,"11433 parkside dr, farragut, tn, 37934, us",17.29,8.39,4.79,3.89,3.59,17,120,4.5,700+,12.465,,3,1,0,0,tn,37934,0,Knox
1426,Red Robin,"1986 medical center pkwy, murfreesboro, tn, 37129, us",17.79,8.39,4.79,4.09,3.59,20,107,4.399999999999999,1,12.496542056074766,,3,1,0,0,tn,37129,0,Rutherford
1427,Red Robin,"125 fork of river pkwy, sevierville, tn, 37862, us",,,,,,14,81,4.2,88,15.259135802469135,,3,1,0,0,tn,37862,0,Sevier
1428,TGI Fridays,"390 east hospitality lane, san bernardino, ca, 92408, us",20.11,16.09,2.79,4.36,,90,680,4.100000000000001,900+,26.31058823529412,,3,1,0,0,ca,92408,1,San Bernardino
1429,TGI Fridays,"160 w. broadway, san diego, ca, 92101, us",,,,,,47,155,4.8,600+,6.37967741935484,,3,1,0,0,ca,92101,1,San Diego
1430,TGI Fridays,"618 e street, chula vista, ca, 91910, us",,,,3.53,,22,95,4.5,2,7.252631578947366,,3,1,0,0,ca,91910,1,San Diego
1431,TGI Fridays,"620 mission ave, oceanside, ca, 92054, us",,,,,,26,69,4.699999999999999,500+,8.638695652173912,,3,1,0,0,ca,92054,1,San Diego
1432,TGI Fridays,"31900 dyer st, union city, ca, 94587, us",20.11,16.09,2.79,4.36,,144,1088,4.399999999999999,1,26.31058823529412,,3,1,0,0,ca,94587,1,Alameda
1433,TGI Fridays,"222 north el dorado street suite b1, stockton, ca, 95202, us",,,,,,4,38,4.599999999999999,800+,19.63157894736842,,3,1,0,0,ca,95202,1,San Joaquin
1434,TGI Fridays,"101 town center east, santa maria, ca, 93454, us",,,,,,20,122,4.299999999999998,370+,13.091639344262294,,3,1,0,0,ca,93454,1,Santa Barbara
1435,TGI Fridays,"225 east santa clara street, san jose, ca, 95112, us",,,,,,1,27,4.299999999999999,50,11.63888888888889,,3,1,0,0,ca,95112,1,Santa Clara
1436,TGI Fridays,"120 union street, santa cruz, ca, 95060, us",,,,,,18,96,4.700000000000001,250+,12.114583333333334,,3,1,0,0,ca,95060,1,Santa Cruz
1437,TGI Fridays,"735b texas st, fairfield, ca, 94533, us",,,6.99,,,4,106,4.700000000000001,140+,13.115660377358493,,3,1,0,0,ca,94533,1,Solano
1438,TGI Fridays,"2795 tapo canyon rd, simi valley, ca, 93063, us",20.11,16.09,2.79,4.36,,36,272,4.5,600+,26.310588235294116,,3,1,0,0,ca,93063,1,Ventura
1439,TGI Fridays,"1525 18th street, bakersfield, ca, 93301, us",,,,,,15,135,4.8,42,10.875481481481481,,3,1,0,0,ca,93301,1,Kern
1440,TGI Fridays,"4701 firestone blvd, south gate, ca, 90280, us",20.11,16.09,2.79,4.36,,72,544,4.3,2,26.31058823529412,,3,1,0,0,ca,90280,1,Los Angeles
1441,TGI Fridays,"6721 la tijera blvd, los angeles, ca, 90045, us",20.11,16.09,2.79,4.36,,36,272,4.3,2,26.31058823529412,,3,1,0,0,ca,90045,1,Los Angeles
1442,TGI Fridays,"3518, rosemead, ca, 91770, us",20.11,16.09,2.79,4.36,,54,408,4.399999999999999,600+,26.31058823529412,,3,1,0,0,ca,91770,1,Los Angeles
1443,TGI Fridays,"12721 towne center dr, cerritos, ca, 90703, us",20.11,16.09,2.79,4.36,,72,544,4.399999999999999,430+,26.31058823529412,,3,1,0,0,ca,90703,1,Los Angeles
1444,TGI Fridays,"7221 carson blvd, long beach, ca, 90808, us",20.11,16.09,2.79,4.36,,72,544,4.3,500+,26.310588235294116,,3,1,0,0,ca,90808,1,Los Angeles
1445,TGI Fridays,"2625 e eastland ctr dr, west covina, ca, 91791, us",20.11,16.09,2.79,4.36,,54,408,4.399999999999999,800+,26.31058823529412,,3,1,0,0,ca,91791,1,Los Angeles
1446,TGI Fridays,"3339 city parkway east, orange, ca, 92868, us",20.11,16.09,2.79,4.36,,54,408,4.399999999999999,900+,26.31058823529412,,3,1,0,0,ca,92868,1,Orange
1447,TGI Fridays,"19855 rinaldi st, northridge, ca, 91326, us",20.11,16.09,2.79,4.36,,18,136,4.600000000000001,900+,26.31058823529412,,3,1,0,0,ca,91326,1,Los Angeles
1448,TGI Fridays,"1242 4th st, san rafael, ca, 94901, us",,,,,,0,13,4.5,270+,25.74230769230769,,3,1,0,0,ca,94901,1,Marin
1449,TGI Fridays,"341 monterey st, salinas, ca, 93901, us",,,,,,1,191,4.899999999999998,14,16.42005235602094,,3,1,0,0,ca,93901,1,Monterey
1450,TGI Fridays,"2795 cabot dr, carona, ca, 92883, us",20.11,16.09,2.79,4.36,,54,408,4.299999999999999,360+,26.310588235294116,,3,1,0,0,ca,92883,1,Riverside
1451,TGI Fridays,"316 vernon st, roseville, ca, 95678, us",,,,,,0,37,4.5,59,16.057837837837837,,3,1,0,0,ca,95678,1,Placer
1452,TGI Fridays,"5050, rocklin, ca, 95677, us",,,,,,6,66,4.7,260+,21.066060606060606,,3,1,0,0,ca,95677,1,Placer
1453,TGI Fridays,"3487 tyler mall st, riverside, ca, 92503, us",20.11,16.09,2.79,4.36,,72,544,4.399999999999999,500+,26.31058823529412,,3,1,0,0,ca,92503,1,Riverside
1454,TGI Fridays,"390 e hospitality ln, san bernardino, ca, 92408, us",,,2.79,3.19,,10,118,3.764406779661015,100+,10.815,,3,1,0,0,ca,92408,1,San Bernardino
1455,TGI Fridays,"7910 kew ave, rancho cucamonga, ca, 91739, us",20.11,16.09,2.79,3.19,,57,451,4.271396895787138,111,24.880465631929045,,3,1,0,0,ca,91739,1,San Bernardino
1456,TGI Fridays,"41539 kalmia st, murrieta, ca, 92562, us",,,,,,2,87,4.7,460+,8.057586206896552,,3,1,0,0,ca,92562,1,Riverside
1457,TGI Fridays,"731 j st, sacramento, ca, 95814, us",,,,,,5,82,4.5,120+,7.815487804878049,,3,1,0,0,ca,95814,1,Sacramento
1458,TGI Fridays,"9257 laguna springs dr, elk grove, ca, 95758, us",,15.47,,,,5,29,4.7,500+,9.908620689655173,,3,1,0,0,ca,95758,1,Sacramento
1459,TGI Fridays,"4030 first avenue n, birmingham, al, 35222, us",,,,4.27,,21,75,3.8999999999999986,460+,8.187866666666666,,3,1,0,0,al,35222,0,Jefferson
1460,TGI Fridays,"4000 university dr nw, huntsville, al, 35816, us",,,,4.06,,23,74,3.6999999999999993,700+,7.792432432432431,,3,1,0,0,al,35816,0,Madison
1461,TGI Fridays,"125 w congress st, savannah, ga, 31401, us",,,,,,1,16,4.3,1,11.5,,3,1,0,0,ga,31401,0,Chatham
1462,TGI Fridays,"8879 roswell rd, sandy springs, ga, 30350, us",,,,3.5,,9,88,4.5,4,8.342613636363637,,3,1,0,0,ga,30350,0,Fulton
1463,TGI Fridays,"3670 camp creek parkway, atlanta, ga, 30331, us",17.24,14.02,3.32,3.9,,24,254,4.200000000000001,7,25.398267716535432,,3,1,0,0,ga,30331,0,Fulton
1464,TGI Fridays,"1881 mount zion rd, morrow, ga, 30260, us",17.24,14.02,3.32,3.9,,24,258,4.0,4,25.149689922480615,,3,1,0,0,ga,30260,0,Clayton
1465,TGI Fridays,"2871 stonecrest cir, lithonia, ga, 30038, us",17.24,14.02,3.32,3.9,,24,258,3.7000000000000006,700+,25.149689922480615,,3,1,0,0,ga,30038,0,DeKalb
1466,TGI Fridays,"777 w main st, boise, id, 83702-6176, us",,,,,,6,106,4.299999999999999,2,7.898207547169809,,3,1,0,0,id,83702,0,Ada
1467,TGI Fridays,"3502 e 86th st, indianapolis, in, 46240, us",18.85,15.17,3.21,4.13,,36,250,4.3,1,25.98216,,3,1,0,0,in,46240,0,Marion
1468,TGI Fridays,"6915 w 38th st, indianapolis, in, 46214, us",18.85,15.17,3.78,4.13,,36,250,4.0,900+,26.00496,,3,1,0,0,in,46214,0,Marion
1469,TGI Fridays,"6517 calumet ave., hammond, in, 46324, us",,,,,,7,62,4.1,500+,8.976129032258067,,3,1,0,0,in,46324,0,Lake
1470,TGI Fridays,"401 grand ave, des moines, ia, 503092381, us",,,,2.49,,2,80,4.3999999999999995,98,10.019749999999998,,3,1,0,0,ia,50309,0,Polk
1471,TGI Fridays,"6950 prospect avenue, kansas city, mo, 64132, us",,,,,,13,86,4.0,600+,8.479999999999999,,3,1,0,0,mo,64132,0,Jackson
1472,TGI Fridays,"105 e. market st., louisville, ky, 40202, us",,,,,,2,9,4.1,1,2.7500000000000004,,3,1,0,0,ky,40202,0,Jefferson
1473,TGI Fridays,"2444 balis dr, baton rouge, la, 70808, us",,,,,,0,14,4.3999999999999995,43,9.89,,3,1,0,0,la,70808,0,East Baton Rouge
1474,TGI Fridays,"131 n. broad street, new orleans, la, 70119, us",,,,4.06,,18,66,4.3,2,7.883484848484848,,3,1,0,0,la,70119,0,Orleans
1475,TGI Fridays,"1422 johnston st, lafayette, la, 70506, us",,,,,,9,110,4.100000000000002,430+,7.294818181818181,,3,1,0,0,la,70506,0,Lafayette
1476,TGI Fridays,"833 canal st, new orleans, la, 70112, us",,,,,,6,111,3.8000000000000003,1,14.479819819819822,,3,1,0,0,la,70112,0,Orleans
1477,TGI Fridays,"1625 gause rd, slidell, la, 70458, us",,2.39,,,,31,123,4.200000000000002,400+,4.652682926829268,,3,1,0,0,la,70458,0,St. Tammany
1478,TGI Fridays,"15190 crossroads pkwy, gulfport, ms, 39503, us",16.09,12.87,2.86,3.67,,11,136,4.100000000000001,1,23.538382352941174,,3,1,0,0,ms,39503,0,Harrison
1479,TGI Fridays,"1516 s willow st, manchester, nh, 03103, us",17.58,14.36,3.21,3.78,11.37,10,131,3.8999999999999995,1,24.841145038167944,,3,1,0,0,nh,3103,0,Hillsborough
1480,TGI Fridays,"221 loudon road, concord, nh, 03301, us",17.58,14.36,3.21,3.78,11.37,10,131,4.3,600+,24.84114503816794,,3,1,0,0,nh,3301,0,Merrimack
1481,TGI Fridays,"115 hendersonvile rd, asheville, nc, 28803, us",19.68,15.94,4.13,4.06,,17,128,4.1000000000000005,1,26.0875,,3,1,0,0,nc,28803,0,Buncombe
1482,TGI Fridays,"1100 timber dr e, garner, nc, 27529, us",17.24,14.02,3.32,3.9,,24,256,4.3999999999999995,1,25.138671875,,3,1,0,0,nc,27529,0,Wake
1483,TGI Fridays,"4423 w wendover ave, greensboro, nc, 27407, us",17.24,14.02,3.32,3.9,,24,258,4.1000000000000005,1,25.10046511627907,,3,1,0,0,nc,27407,0,Guilford
1484,TGI Fridays,"409 w wt harris blvd, charlotte, nc, 28262, us",16.66,13.56,3.21,3.78,,22,258,4.1000000000000005,2,24.847364341085267,,3,1,0,0,nc,28262,0,Mecklenburg
1485,TGI Fridays,"6840 northlake mall drive, charlotte, nc, 28216, us",16.66,13.56,3.21,3.78,,22,258,4.1000000000000005,2,24.84736434108527,,3,1,0,0,nc,28216,0,Mecklenburg
1486,TGI Fridays,"4239 nw expressway st, oklahoma city, ok, 73116, us",16.66,14.02,3.21,3.78,,24,258,4.5,1,24.58875968992248,,3,1,0,0,ok,73116,0,Oklahoma
1487,TGI Fridays,"7474 s olympia ave, tulsa, ok, 74132, us",,,4.19,,,19,98,4.600000000000001,360+,13.967551020408164,,3,1,0,0,ok,74132,0,Tulsa
1488,TGI Fridays,"2800 oxford dr, bethel park, pa, 15102, us",16.66,13.56,3.21,3.78,,33,387,4.200000000000001,2,24.84736434108527,,3,1,0,0,pa,15102,0,Allegheny
1489,TGI Fridays,"6220 state route 30, greensburg, pa, 15601, us",16.66,13.56,3.21,3.78,,33,387,4.3999999999999995,390+,24.84736434108527,,3,1,0,0,pa,15601,0,Westmoreland
1490,TGI Fridays,"841 washington street, reading, pa, 19601, us",,5.5,,,,13,134,4.600000000000001,370+,12.68634328358209,,3,1,0,0,pa,19601,0,Berks
1491,TGI Fridays,"685 middletown blvd, langhorne, pa, 19047, us",16.43,13.33,3.09,3.78,,36,408,4.299999999999999,1,24.14588235294118,,3,1,0,0,pa,19047,0,Bucks
1492,TGI Fridays,"3301 street rd, bensalem, pa, 19020, us",16.43,13.33,3.09,3.78,,36,408,4.299999999999999,2,24.14588235294118,,3,1,0,0,pa,19020,0,Bucks
1493,TGI Fridays,"301 rocky run pkwy, wilmington, de, 19803, us",17.24,14.02,3.32,3.9,,24,254,4.200000000000001,1,25.271338582677167,,3,1,0,0,de,19803,0,New Castle
1494,TGI Fridays,"4000 city ave, philadelphia, pa, 19131, us",17.24,14.02,3.32,3.9,,44,492,3.7999999999999994,7,24.410813008130084,,3,1,0,0,pa,19131,0,Philadelphia
1495,TGI Fridays,"128 n dupont hwy, new castle, de, 19720, us",17.24,14.02,3.32,3.9,,12,127,4.200000000000004,1,25.27692913385826,,3,1,0,0,de,19720,0,New Castle
1496,TGI Fridays,"395 s cedar crest blvd, allentown, pa, 18103, us",16.43,13.33,3.09,3.78,,12,136,4.3,2,24.14588235294118,,3,1,0,0,pa,18103,0,Lehigh
1497,TGI Fridays,"4402 southmont way, bethlehem, pa, 18045, us",18.16,14.82,3.55,4.13,,17,132,4.3,1,25.521515151515157,,3,1,0,0,pa,18045,0,Northampton
1498,TGI Fridays,"10 n west end blvd, quakertown, pa, 18951, us",18.16,14.82,3.55,4.13,,17,132,4.3,700+,25.521515151515153,,3,1,0,0,pa,18951,0,Bucks
1499,TGI Fridays,"1199 louck road, york, pa, 17404, us",,,5.81,,,19,105,4.100000000000001,800+,10.120380952380952,,3,1,0,0,pa,17404,0,York
1500,TGI Fridays,"11 towne drive, bluffton, sc, 29910-4201, us",,,,,,1,16,3.6,57,8.115,,3,1,0,0,sc,29910,0,Beaufort
1501,TGI Fridays,"1835 n highway 17, mount pleasant, sc, 29464, us",16.66,13.56,3.21,3.78,,12,136,4.399999999999999,2,24.249264705882354,,3,1,0,0,sc,29464,0,Charleston
1502,TGI Fridays,"320 falls street, greenville, sc, 29601, us",,,,,,66,166,4.7,220+,5.857228915662651,,3,1,0,0,sc,29601,0,Greenville
1503,TGI Fridays,"7515 n kings hwy, myrtle beach, sc, 29572, us",,,,2.5,,4,32,4.1,12,8.9171875,,3,1,0,0,sc,29572,0,Horry
1504,TGI Fridays,"250 columbia ave, lexington, sc, 29072, us",,,,,,30,123,4.5,500+,4.987886178861787,,3,1,0,0,sc,29072,0,Lexington
1505,TGI Fridays,"1024 elmwood ave, columbia, sc, 29201, us",,,,,,23,108,4.100000000000001,2,4.075462962962963,,3,1,0,0,sc,29201,0,Richland
1506,TGI Fridays,"112 wade hampton blvd w, greer, sc, 29651, us",,,,,,8,42,4.300000000000001,190+,4.133333333333333,,3,1,0,0,sc,29651,0,Greenville
1507,TGI Fridays,"115 s cherry rd, rock hill, sc, 29732, us",,,,,,28,136,4.100000000000001,260+,4.258529411764705,,3,1,0,0,sc,29732,0,York
1508,TGI Fridays,"449 opry mills dr, nashville, tn, 37214, us",16.09,12.87,2.86,3.67,,11,128,3.899999999999999,1,24.624843749999997,,3,1,0,0,tn,37214,0,Davidson
1509,TGI Fridays,"418 cumberland street, chattanooga, tn, 37404, us",,,,2.79,,13,59,4.3999999999999995,470+,4.109999999999999,,3,1,0,0,tn,37404,0,Hamilton
1510,TGI Fridays,"2794 parkway, pigeon forge, tn, 37863, us",16.66,14.02,3.21,3.78,,24,258,4.2,900+,25.185426356589147,,3,1,0,0,tn,37863,0,Sevier
1511,TGI Fridays,"106 se broad st, murfreesboro, tn, 37130, us",,,,,,26,119,4.3,800+,3.9344537815126053,,3,1,0,0,tn,37130,0,Rutherford
