menu_item,menu_item_price,menu_item_calories,restaurant_address
Pretzel Baconator®,8.99,"1,050","371 S Greeno Road, Fairhope, AL, 36532, US"
Dave's Single®,5.39,590,"371 S Greeno Road, Fairhope, AL, 36532, US"
Dave's Double®,6.69,860,"371 S Greeno Road, Fairhope, AL, 36532, US"
Dave's Triple®,7.99,"1,160","371 S Greeno Road, Fairhope, AL, 36532, US"
Baconator®,7.99,960,"371 S Greeno Road, Fairhope, AL, 36532, US"
Son of Baconator®,5.69,630,"371 S Greeno Road, Fairhope, AL, 36532, US"
Big Bacon Classic®,6.59,650,"371 S Greeno Road, Fairhope, AL, 36532, US"
Big Bacon Classic® Double,7.79,920,"371 S Greeno Road, Fairhope, AL, 36532, US"
Big Bacon Classic Triple,8.99,"1,220","371 S Greeno Road, Fairhope, AL, 36532, US"
Bacon Double Stack,4.19,440,"371 S Greeno Road, Fairhope, AL, 36532, US"
Jr. Bacon Cheeseburger,3.59,370,"371 S Greeno Road, Fairhope, AL, 36532, US"
Jr. Cheeseburger Deluxe,2.59,340,"371 S Greeno Road, Fairhope, AL, 36532, US"
Jr. Cheeseburger Deluxe,2.59,350,"371 S Greeno Road, Fairhope, AL, 36532, US"
Jr. Cheeseburger,2.39,290,"371 S Greeno Road, Fairhope, AL, 36532, US"
Double Stack™,3.59,410,"371 S Greeno Road, Fairhope, AL, 36532, US"
Jr. Hamburger,2.19,250,"371 S Greeno Road, Fairhope, AL, 36532, US"
French Fries,1.19-3.39,210-470,"371 S Greeno Road, Fairhope, AL, 36532, US"
Baconator Fries,3.59,460,"371 S Greeno Road, Fairhope, AL, 36532, US"
Chili Cheese Fries,3.59,520,"371 S Greeno Road, Fairhope, AL, 36532, US"
Cheese Fries,3.29,470,"371 S Greeno Road, Fairhope, AL, 36532, US"
Chili,2.79/3.59,240/340,"371 S Greeno Road, Fairhope, AL, 36532, US"
Sour Cream and Chive Baked Potato,2.69,310,"371 S Greeno Road, Fairhope, AL, 36532, US"
Plain Baked Potato,2.49,270,"371 S Greeno Road, Fairhope, AL, 36532, US"
Bacon Cheese Baked Potato,3.99,440,"371 S Greeno Road, Fairhope, AL, 36532, US"
Chili & Cheese Baked Potato,3.99,500,"371 S Greeno Road, Fairhope, AL, 36532, US"
Cheese Baked Potato,3.49,450,"371 S Greeno Road, Fairhope, AL, 36532, US"
Apple Bites,0.99,35,"371 S Greeno Road, Fairhope, AL, 36532, US"
6 PC. Crispy Chicken Nuggets,3.19,270,"371 S Greeno Road, Fairhope, AL, 36532, US"
4 PC. Crispy Chicken Nuggets,2.39,180,"371 S Greeno Road, Fairhope, AL, 36532, US"
6 PC. Spicy Chicken Nuggets,3.19,280,"371 S Greeno Road, Fairhope, AL, 36532, US"
4 PC. Spicy Chicken Nuggets,2.39,190,"371 S Greeno Road, Fairhope, AL, 36532, US"
Pretzel Baconator®,8.99,"1,050","30500 State Hwy 181, Spanish Fort, AL, 36527, US"
Dave's Single®,5.39,590,"30500 State Hwy 181, Spanish Fort, AL, 36527, US"
Dave's Double®,6.69,860,"30500 State Hwy 181, Spanish Fort, AL, 36527, US"
Dave's Triple®,7.99,"1,160","30500 State Hwy 181, Spanish Fort, AL, 36527, US"
Baconator®,7.99,960,"30500 State Hwy 181, Spanish Fort, AL, 36527, US"
Son of Baconator®,5.69,630,"30500 State Hwy 181, Spanish Fort, AL, 36527, US"
Big Bacon Classic®,6.59,650,"30500 State Hwy 181, Spanish Fort, AL, 36527, US"
Big Bacon Classic® Double,7.79,920,"30500 State Hwy 181, Spanish Fort, AL, 36527, US"
Big Bacon Classic Triple,8.99,"1,220","30500 State Hwy 181, Spanish Fort, AL, 36527, US"
Bacon Double Stack,4.19,440,"30500 State Hwy 181, Spanish Fort, AL, 36527, US"
Jr. Bacon Cheeseburger,3.59,370,"30500 State Hwy 181, Spanish Fort, AL, 36527, US"
Jr. Cheeseburger Deluxe,2.59,340,"30500 State Hwy 181, Spanish Fort, AL, 36527, US"
Jr. Cheeseburger Deluxe,2.59,350,"30500 State Hwy 181, Spanish Fort, AL, 36527, US"
Jr. Cheeseburger,2.39,290,"30500 State Hwy 181, Spanish Fort, AL, 36527, US"
Double Stack™,3.59,410,"30500 State Hwy 181, Spanish Fort, AL, 36527, US"
Jr. Hamburger,2.19,250,"30500 State Hwy 181, Spanish Fort, AL, 36527, US"
French Fries,1.19-3.39,210-470,"30500 State Hwy 181, Spanish Fort, AL, 36527, US"
Baconator Fries,3.59,460,"30500 State Hwy 181, Spanish Fort, AL, 36527, US"
Chili Cheese Fries,3.59,520,"30500 State Hwy 181, Spanish Fort, AL, 36527, US"
Cheese Fries,3.29,470,"30500 State Hwy 181, Spanish Fort, AL, 36527, US"
Chili,2.79/3.59,240/340,"30500 State Hwy 181, Spanish Fort, AL, 36527, US"
Sour Cream and Chive Baked Potato,2.69,310,"30500 State Hwy 181, Spanish Fort, AL, 36527, US"
Plain Baked Potato,2.49,270,"30500 State Hwy 181, Spanish Fort, AL, 36527, US"
Bacon Cheese Baked Potato,3.99,440,"30500 State Hwy 181, Spanish Fort, AL, 36527, US"
Chili & Cheese Baked Potato,3.99,500,"30500 State Hwy 181, Spanish Fort, AL, 36527, US"
Cheese Baked Potato,3.49,450,"30500 State Hwy 181, Spanish Fort, AL, 36527, US"
Apple Bites,0.99,35,"30500 State Hwy 181, Spanish Fort, AL, 36527, US"
6 PC. Crispy Chicken Nuggets,3.19,270,"30500 State Hwy 181, Spanish Fort, AL, 36527, US"
4 PC. Crispy Chicken Nuggets,2.39,180,"30500 State Hwy 181, Spanish Fort, AL, 36527, US"
6 PC. Spicy Chicken Nuggets,3.19,280,"30500 State Hwy 181, Spanish Fort, AL, 36527, US"
4 PC. Spicy Chicken Nuggets,2.39,190,"30500 State Hwy 181, Spanish Fort, AL, 36527, US"
Pretzel Baconator®,8.99,"1,050","3957 Cottage Hill Road, Mobile, AL, 36693, US"
Dave's Single®,5.39,590,"3957 Cottage Hill Road, Mobile, AL, 36693, US"
Dave's Double®,6.69,860,"3957 Cottage Hill Road, Mobile, AL, 36693, US"
Dave's Triple®,7.99,"1,160","3957 Cottage Hill Road, Mobile, AL, 36693, US"
Baconator®,7.99,960,"3957 Cottage Hill Road, Mobile, AL, 36693, US"
Son of Baconator®,5.69,630,"3957 Cottage Hill Road, Mobile, AL, 36693, US"
Big Bacon Classic®,6.59,650,"3957 Cottage Hill Road, Mobile, AL, 36693, US"
Big Bacon Classic® Double,7.79,920,"3957 Cottage Hill Road, Mobile, AL, 36693, US"
Big Bacon Classic Triple,8.99,"1,220","3957 Cottage Hill Road, Mobile, AL, 36693, US"
Bacon Double Stack,4.19,440,"3957 Cottage Hill Road, Mobile, AL, 36693, US"
Jr. Bacon Cheeseburger,3.59,370,"3957 Cottage Hill Road, Mobile, AL, 36693, US"
Jr. Cheeseburger Deluxe,2.59,340,"3957 Cottage Hill Road, Mobile, AL, 36693, US"
Jr. Cheeseburger Deluxe,2.59,350,"3957 Cottage Hill Road, Mobile, AL, 36693, US"
Jr. Cheeseburger,2.39,290,"3957 Cottage Hill Road, Mobile, AL, 36693, US"
Double Stack™,3.59,410,"3957 Cottage Hill Road, Mobile, AL, 36693, US"
Jr. Hamburger,2.19,250,"3957 Cottage Hill Road, Mobile, AL, 36693, US"
French Fries,1.19-3.39,210-470,"3957 Cottage Hill Road, Mobile, AL, 36693, US"
Baconator Fries,3.59,460,"3957 Cottage Hill Road, Mobile, AL, 36693, US"
Chili Cheese Fries,3.59,520,"3957 Cottage Hill Road, Mobile, AL, 36693, US"
Cheese Fries,3.29,470,"3957 Cottage Hill Road, Mobile, AL, 36693, US"
Chili,2.79/3.59,240/340,"3957 Cottage Hill Road, Mobile, AL, 36693, US"
Sour Cream and Chive Baked Potato,2.69,310,"3957 Cottage Hill Road, Mobile, AL, 36693, US"
Plain Baked Potato,2.49,270,"3957 Cottage Hill Road, Mobile, AL, 36693, US"
Bacon Cheese Baked Potato,3.99,440,"3957 Cottage Hill Road, Mobile, AL, 36693, US"
Chili & Cheese Baked Potato,3.99,500,"3957 Cottage Hill Road, Mobile, AL, 36693, US"
Cheese Baked Potato,3.49,450,"3957 Cottage Hill Road, Mobile, AL, 36693, US"
Apple Bites,0.99,35,"3957 Cottage Hill Road, Mobile, AL, 36693, US"
6 PC. Crispy Chicken Nuggets,3.19,270,"3957 Cottage Hill Road, Mobile, AL, 36693, US"
4 PC. Crispy Chicken Nuggets,2.39,180,"3957 Cottage Hill Road, Mobile, AL, 36693, US"
6 PC. Spicy Chicken Nuggets,3.19,280,"3957 Cottage Hill Road, Mobile, AL, 36693, US"
4 PC. Spicy Chicken Nuggets,2.39,190,"3957 Cottage Hill Road, Mobile, AL, 36693, US"
Pretzel Baconator®,8.99,"1,050","2727 Highway 280, Birmingham, AL, 35223, US"
Dave's Single®,6.29,590,"2727 Highway 280, Birmingham, AL, 35223, US"
Dave's Double®,7.29,860,"2727 Highway 280, Birmingham, AL, 35223, US"
Dave's Triple®,8.29,"1,160","2727 Highway 280, Birmingham, AL, 35223, US"
Baconator®,7.99,960,"2727 Highway 280, Birmingham, AL, 35223, US"
Son of Baconator®,6.19,630,"2727 Highway 280, Birmingham, AL, 35223, US"
Big Bacon Classic®,6.69,650,"2727 Highway 280, Birmingham, AL, 35223, US"
Big Bacon Classic® Double,7.69,910,"2727 Highway 280, Birmingham, AL, 35223, US"
Big Bacon Classic Triple,8.69,"1,220","2727 Highway 280, Birmingham, AL, 35223, US"
Bacon Double Stack,4.49,440,"2727 Highway 280, Birmingham, AL, 35223, US"
Jr. Bacon Cheeseburger,3.19,370,"2727 Highway 280, Birmingham, AL, 35223, US"
Jr. Cheeseburger Deluxe,2.99,340,"2727 Highway 280, Birmingham, AL, 35223, US"
Jr. Cheeseburger,2.59,290,"2727 Highway 280, Birmingham, AL, 35223, US"
Double Stack™,3.99,410,"2727 Highway 280, Birmingham, AL, 35223, US"
Jr. Hamburger,2.19,250,"2727 Highway 280, Birmingham, AL, 35223, US"
French Fries,1.99-3.69,210-470,"2727 Highway 280, Birmingham, AL, 35223, US"
Baconator Fries,3.99,460,"2727 Highway 280, Birmingham, AL, 35223, US"
Chili Cheese Fries,3.99,520,"2727 Highway 280, Birmingham, AL, 35223, US"
Cheese Fries,3.19,470,"2727 Highway 280, Birmingham, AL, 35223, US"
Family Chili,13.49,"1,100","2727 Highway 280, Birmingham, AL, 35223, US"
Chili,3.39/3.99,240/340,"2727 Highway 280, Birmingham, AL, 35223, US"
Sour Cream and Chive Baked Potato,3.29,310,"2727 Highway 280, Birmingham, AL, 35223, US"
Plain Baked Potato,2.99,270,"2727 Highway 280, Birmingham, AL, 35223, US"
Bacon Cheese Baked Potato,4.59,440,"2727 Highway 280, Birmingham, AL, 35223, US"
Chili & Cheese Baked Potato,4.49,500,"2727 Highway 280, Birmingham, AL, 35223, US"
Cheese Baked Potato,3.99,450,"2727 Highway 280, Birmingham, AL, 35223, US"
Apple Bites,1.29,35,"2727 Highway 280, Birmingham, AL, 35223, US"
6 PC. Crispy Chicken Nuggets,3.19,270,"2727 Highway 280, Birmingham, AL, 35223, US"
4 PC. Crispy Chicken Nuggets,2.29,180,"2727 Highway 280, Birmingham, AL, 35223, US"
6 PC. Spicy Chicken Nuggets,3.19,280,"2727 Highway 280, Birmingham, AL, 35223, US"
4 PC. Spicy Chicken Nuggets,2.29,190,"2727 Highway 280, Birmingham, AL, 35223, US"
Pretzel Baconator®,8.99,"1,050","2327 7Th Avenue S., Birmingham, AL, 35233, US"
Dave's Single®,6.29,590,"2327 7Th Avenue S., Birmingham, AL, 35233, US"
Dave's Double®,7.29,860,"2327 7Th Avenue S., Birmingham, AL, 35233, US"
Dave's Triple®,8.29,"1,160","2327 7Th Avenue S., Birmingham, AL, 35233, US"
Baconator®,7.99,960,"2327 7Th Avenue S., Birmingham, AL, 35233, US"
Son of Baconator®,6.19,630,"2327 7Th Avenue S., Birmingham, AL, 35233, US"
Big Bacon Classic®,6.69,650,"2327 7Th Avenue S., Birmingham, AL, 35233, US"
Big Bacon Classic® Double,7.69,910,"2327 7Th Avenue S., Birmingham, AL, 35233, US"
Big Bacon Classic Triple,8.69,"1,220","2327 7Th Avenue S., Birmingham, AL, 35233, US"
Bacon Double Stack,4.49,440,"2327 7Th Avenue S., Birmingham, AL, 35233, US"
Jr. Bacon Cheeseburger,3.19,370,"2327 7Th Avenue S., Birmingham, AL, 35233, US"
Jr. Cheeseburger Deluxe,2.99,340,"2327 7Th Avenue S., Birmingham, AL, 35233, US"
Jr. Cheeseburger,2.59,290,"2327 7Th Avenue S., Birmingham, AL, 35233, US"
Double Stack™,3.99,410,"2327 7Th Avenue S., Birmingham, AL, 35233, US"
Jr. Hamburger,2.19,250,"2327 7Th Avenue S., Birmingham, AL, 35233, US"
French Fries,1.99-3.69,210-470,"2327 7Th Avenue S., Birmingham, AL, 35233, US"
Baconator Fries,3.99,460,"2327 7Th Avenue S., Birmingham, AL, 35233, US"
Chili Cheese Fries,3.99,520,"2327 7Th Avenue S., Birmingham, AL, 35233, US"
Cheese Fries,3.19,470,"2327 7Th Avenue S., Birmingham, AL, 35233, US"
Family Chili,13.49,"1,100","2327 7Th Avenue S., Birmingham, AL, 35233, US"
Chili,3.39/3.99,240/340,"2327 7Th Avenue S., Birmingham, AL, 35233, US"
Sour Cream and Chive Baked Potato,3.29,310,"2327 7Th Avenue S., Birmingham, AL, 35233, US"
Plain Baked Potato,2.99,270,"2327 7Th Avenue S., Birmingham, AL, 35233, US"
Bacon Cheese Baked Potato,4.59,440,"2327 7Th Avenue S., Birmingham, AL, 35233, US"
Chili & Cheese Baked Potato,4.49,500,"2327 7Th Avenue S., Birmingham, AL, 35233, US"
Cheese Baked Potato,3.99,450,"2327 7Th Avenue S., Birmingham, AL, 35233, US"
Apple Bites,1.29,35,"2327 7Th Avenue S., Birmingham, AL, 35233, US"
6 PC. Crispy Chicken Nuggets,3.19,270,"2327 7Th Avenue S., Birmingham, AL, 35233, US"
4 PC. Crispy Chicken Nuggets,2.29,180,"2327 7Th Avenue S., Birmingham, AL, 35233, US"
6 PC. Spicy Chicken Nuggets,3.19,280,"2327 7Th Avenue S., Birmingham, AL, 35233, US"
4 PC. Spicy Chicken Nuggets,2.29,190,"2327 7Th Avenue S., Birmingham, AL, 35233, US"
Pretzel Baconator®,8.99,"1,050","345 Valley Ave, Birmingham, AL, 35209, US"
Dave's Single®,6.29,590,"345 Valley Ave, Birmingham, AL, 35209, US"
Dave's Double®,7.29,860,"345 Valley Ave, Birmingham, AL, 35209, US"
Dave's Triple®,8.29,"1,160","345 Valley Ave, Birmingham, AL, 35209, US"
Baconator®,7.99,960,"345 Valley Ave, Birmingham, AL, 35209, US"
Son of Baconator®,6.19,630,"345 Valley Ave, Birmingham, AL, 35209, US"
Big Bacon Classic®,6.69,650,"345 Valley Ave, Birmingham, AL, 35209, US"
Big Bacon Classic® Double,7.69,910,"345 Valley Ave, Birmingham, AL, 35209, US"
Big Bacon Classic Triple,8.69,"1,220","345 Valley Ave, Birmingham, AL, 35209, US"
Bacon Double Stack,4.49,440,"345 Valley Ave, Birmingham, AL, 35209, US"
Jr. Bacon Cheeseburger,3.19,370,"345 Valley Ave, Birmingham, AL, 35209, US"
Jr. Cheeseburger Deluxe,2.99,340,"345 Valley Ave, Birmingham, AL, 35209, US"
Jr. Cheeseburger,2.59,290,"345 Valley Ave, Birmingham, AL, 35209, US"
Double Stack™,3.99,410,"345 Valley Ave, Birmingham, AL, 35209, US"
Jr. Hamburger,2.19,250,"345 Valley Ave, Birmingham, AL, 35209, US"
French Fries,1.99-3.69,210-470,"345 Valley Ave, Birmingham, AL, 35209, US"
Baconator Fries,3.99,460,"345 Valley Ave, Birmingham, AL, 35209, US"
Chili Cheese Fries,3.99,520,"345 Valley Ave, Birmingham, AL, 35209, US"
Cheese Fries,3.19,470,"345 Valley Ave, Birmingham, AL, 35209, US"
Family Chili,13.49,"1,100","345 Valley Ave, Birmingham, AL, 35209, US"
Chili,3.39/3.99,240/340,"345 Valley Ave, Birmingham, AL, 35209, US"
Sour Cream and Chive Baked Potato,3.29,310,"345 Valley Ave, Birmingham, AL, 35209, US"
Plain Baked Potato,2.99,270,"345 Valley Ave, Birmingham, AL, 35209, US"
Bacon Cheese Baked Potato,4.59,440,"345 Valley Ave, Birmingham, AL, 35209, US"
Chili & Cheese Baked Potato,4.49,500,"345 Valley Ave, Birmingham, AL, 35209, US"
Cheese Baked Potato,3.99,450,"345 Valley Ave, Birmingham, AL, 35209, US"
Apple Bites,1.29,35,"345 Valley Ave, Birmingham, AL, 35209, US"
6 PC. Crispy Chicken Nuggets,3.19,270,"345 Valley Ave, Birmingham, AL, 35209, US"
4 PC. Crispy Chicken Nuggets,2.29,180,"345 Valley Ave, Birmingham, AL, 35209, US"
6 PC. Spicy Chicken Nuggets,3.19,280,"345 Valley Ave, Birmingham, AL, 35209, US"
4 PC. Spicy Chicken Nuggets,2.29,190,"345 Valley Ave, Birmingham, AL, 35209, US"
Pretzel Baconator®,8.69,"1,050","2080 Sparkman Drive, Huntsville, AL, 35810, US"
Dave's Single®,5.79,590,"2080 Sparkman Drive, Huntsville, AL, 35810, US"
Dave's Double®,6.79,860,"2080 Sparkman Drive, Huntsville, AL, 35810, US"
Dave's Triple®,7.79,"1,160","2080 Sparkman Drive, Huntsville, AL, 35810, US"
Baconator®,7.69,960,"2080 Sparkman Drive, Huntsville, AL, 35810, US"
Son of Baconator®,5.99,630,"2080 Sparkman Drive, Huntsville, AL, 35810, US"
Big Bacon Classic®,6.39,650,"2080 Sparkman Drive, Huntsville, AL, 35810, US"
Big Bacon Classic® Double,7.39,910,"2080 Sparkman Drive, Huntsville, AL, 35810, US"
Big Bacon Classic Triple,8.39,"1,220","2080 Sparkman Drive, Huntsville, AL, 35810, US"
Bacon Double Stack,3.69,440,"2080 Sparkman Drive, Huntsville, AL, 35810, US"
Jr. Bacon Cheeseburger,3.19,370,"2080 Sparkman Drive, Huntsville, AL, 35810, US"
Jr. Cheeseburger Deluxe,2.49,340,"2080 Sparkman Drive, Huntsville, AL, 35810, US"
Jr. Cheeseburger,1.99,290,"2080 Sparkman Drive, Huntsville, AL, 35810, US"
Double Stack™,3.19,410,"2080 Sparkman Drive, Huntsville, AL, 35810, US"
Jr. Hamburger,1.59,250,"2080 Sparkman Drive, Huntsville, AL, 35810, US"
French Fries,1.79-2.99,210-470,"2080 Sparkman Drive, Huntsville, AL, 35810, US"
Baconator Fries,3.69,460,"2080 Sparkman Drive, Huntsville, AL, 35810, US"
Chili Cheese Fries,3.69,520,"2080 Sparkman Drive, Huntsville, AL, 35810, US"
Cheese Fries,2.69,470,"2080 Sparkman Drive, Huntsville, AL, 35810, US"
Chili,2.99/3.99,240/340,"2080 Sparkman Drive, Huntsville, AL, 35810, US"
Sour Cream and Chive Baked Potato,2.79,310,"2080 Sparkman Drive, Huntsville, AL, 35810, US"
Plain Baked Potato,2.59,270,"2080 Sparkman Drive, Huntsville, AL, 35810, US"
Bacon Cheese Baked Potato,4.19,440,"2080 Sparkman Drive, Huntsville, AL, 35810, US"
Chili & Cheese Baked Potato,4.19,500,"2080 Sparkman Drive, Huntsville, AL, 35810, US"
Cheese Baked Potato,3.69,450,"2080 Sparkman Drive, Huntsville, AL, 35810, US"
Apple Bites,1.59,35,"2080 Sparkman Drive, Huntsville, AL, 35810, US"
6 PC. Crispy Chicken Nuggets,2.99,270,"2080 Sparkman Drive, Huntsville, AL, 35810, US"
4 PC. Crispy Chicken Nuggets,1.99,180,"2080 Sparkman Drive, Huntsville, AL, 35810, US"
6 PC. Spicy Chicken Nuggets,2.99,280,"2080 Sparkman Drive, Huntsville, AL, 35810, US"
4 PC. Spicy Chicken Nuggets,1.99,190,"2080 Sparkman Drive, Huntsville, AL, 35810, US"
Pretzel Baconator®,8.69,"1,050","6102 University Dr Nw, Huntsville, AL, 35806, US"
Dave's Single®,5.79,590,"6102 University Dr Nw, Huntsville, AL, 35806, US"
Dave's Double®,6.79,860,"6102 University Dr Nw, Huntsville, AL, 35806, US"
Dave's Triple®,7.79,"1,160","6102 University Dr Nw, Huntsville, AL, 35806, US"
Baconator®,7.69,960,"6102 University Dr Nw, Huntsville, AL, 35806, US"
Son of Baconator®,5.99,630,"6102 University Dr Nw, Huntsville, AL, 35806, US"
Big Bacon Classic®,6.39,650,"6102 University Dr Nw, Huntsville, AL, 35806, US"
Big Bacon Classic® Double,7.39,910,"6102 University Dr Nw, Huntsville, AL, 35806, US"
Big Bacon Classic Triple,8.39,"1,220","6102 University Dr Nw, Huntsville, AL, 35806, US"
Bacon Double Stack,3.69,440,"6102 University Dr Nw, Huntsville, AL, 35806, US"
Jr. Bacon Cheeseburger,3.19,370,"6102 University Dr Nw, Huntsville, AL, 35806, US"
Jr. Cheeseburger Deluxe,2.49,340,"6102 University Dr Nw, Huntsville, AL, 35806, US"
Jr. Cheeseburger,1.99,290,"6102 University Dr Nw, Huntsville, AL, 35806, US"
Double Stack™,3.19,410,"6102 University Dr Nw, Huntsville, AL, 35806, US"
Jr. Hamburger,1.59,250,"6102 University Dr Nw, Huntsville, AL, 35806, US"
French Fries,1.79-2.99,210-470,"6102 University Dr Nw, Huntsville, AL, 35806, US"
Baconator Fries,3.69,460,"6102 University Dr Nw, Huntsville, AL, 35806, US"
Chili Cheese Fries,3.69,520,"6102 University Dr Nw, Huntsville, AL, 35806, US"
Cheese Fries,2.69,470,"6102 University Dr Nw, Huntsville, AL, 35806, US"
Chili,2.99/3.99,240/340,"6102 University Dr Nw, Huntsville, AL, 35806, US"
Sour Cream and Chive Baked Potato,2.79,310,"6102 University Dr Nw, Huntsville, AL, 35806, US"
Plain Baked Potato,2.59,270,"6102 University Dr Nw, Huntsville, AL, 35806, US"
Bacon Cheese Baked Potato,4.19,440,"6102 University Dr Nw, Huntsville, AL, 35806, US"
Chili & Cheese Baked Potato,4.19,500,"6102 University Dr Nw, Huntsville, AL, 35806, US"
Cheese Baked Potato,3.69,450,"6102 University Dr Nw, Huntsville, AL, 35806, US"
Apple Bites,1.59,35,"6102 University Dr Nw, Huntsville, AL, 35806, US"
6 PC. Crispy Chicken Nuggets,2.99,270,"6102 University Dr Nw, Huntsville, AL, 35806, US"
4 PC. Crispy Chicken Nuggets,1.99,180,"6102 University Dr Nw, Huntsville, AL, 35806, US"
6 PC. Spicy Chicken Nuggets,2.99,280,"6102 University Dr Nw, Huntsville, AL, 35806, US"
4 PC. Spicy Chicken Nuggets,1.99,190,"6102 University Dr Nw, Huntsville, AL, 35806, US"
Pretzel Baconator®,8.69,"1,050","7782 Highway 72 West, Madison, AL, 35758, US"
Dave's Single®,5.79,590,"7782 Highway 72 West, Madison, AL, 35758, US"
Dave's Double®,6.79,860,"7782 Highway 72 West, Madison, AL, 35758, US"
Dave's Triple®,7.79,"1,160","7782 Highway 72 West, Madison, AL, 35758, US"
Baconator®,7.69,960,"7782 Highway 72 West, Madison, AL, 35758, US"
Son of Baconator®,5.99,630,"7782 Highway 72 West, Madison, AL, 35758, US"
Big Bacon Classic®,6.39,650,"7782 Highway 72 West, Madison, AL, 35758, US"
Big Bacon Classic® Double,7.39,910,"7782 Highway 72 West, Madison, AL, 35758, US"
Big Bacon Classic Triple,8.39,"1,220","7782 Highway 72 West, Madison, AL, 35758, US"
Bacon Double Stack,3.69,440,"7782 Highway 72 West, Madison, AL, 35758, US"
Jr. Bacon Cheeseburger,3.19,370,"7782 Highway 72 West, Madison, AL, 35758, US"
Jr. Cheeseburger Deluxe,2.49,340,"7782 Highway 72 West, Madison, AL, 35758, US"
Jr. Cheeseburger,1.99,290,"7782 Highway 72 West, Madison, AL, 35758, US"
Double Stack™,3.19,410,"7782 Highway 72 West, Madison, AL, 35758, US"
Jr. Hamburger,1.59,250,"7782 Highway 72 West, Madison, AL, 35758, US"
French Fries,1.79-2.99,210-470,"7782 Highway 72 West, Madison, AL, 35758, US"
Baconator Fries,3.69,460,"7782 Highway 72 West, Madison, AL, 35758, US"
Chili Cheese Fries,3.69,520,"7782 Highway 72 West, Madison, AL, 35758, US"
Cheese Fries,2.69,470,"7782 Highway 72 West, Madison, AL, 35758, US"
Chili,2.99/3.99,240/340,"7782 Highway 72 West, Madison, AL, 35758, US"
Sour Cream and Chive Baked Potato,2.79,310,"7782 Highway 72 West, Madison, AL, 35758, US"
Plain Baked Potato,2.59,270,"7782 Highway 72 West, Madison, AL, 35758, US"
Bacon Cheese Baked Potato,4.19,440,"7782 Highway 72 West, Madison, AL, 35758, US"
Chili & Cheese Baked Potato,4.19,500,"7782 Highway 72 West, Madison, AL, 35758, US"
Cheese Baked Potato,3.69,450,"7782 Highway 72 West, Madison, AL, 35758, US"
Apple Bites,1.59,35,"7782 Highway 72 West, Madison, AL, 35758, US"
6 PC. Crispy Chicken Nuggets,2.99,270,"7782 Highway 72 West, Madison, AL, 35758, US"
4 PC. Crispy Chicken Nuggets,1.99,180,"7782 Highway 72 West, Madison, AL, 35758, US"
6 PC. Spicy Chicken Nuggets,2.99,280,"7782 Highway 72 West, Madison, AL, 35758, US"
4 PC. Spicy Chicken Nuggets,1.99,190,"7782 Highway 72 West, Madison, AL, 35758, US"
Pretzel Baconator®,8.69,"1,050","8814 Hwy 20 W, Madison, AL, 35758, US"
Dave's Single®,5.79,590,"8814 Hwy 20 W, Madison, AL, 35758, US"
Dave's Double®,6.79,860,"8814 Hwy 20 W, Madison, AL, 35758, US"
Dave's Triple®,7.79,"1,160","8814 Hwy 20 W, Madison, AL, 35758, US"
Baconator®,7.69,960,"8814 Hwy 20 W, Madison, AL, 35758, US"
Son of Baconator®,5.99,630,"8814 Hwy 20 W, Madison, AL, 35758, US"
Big Bacon Classic®,6.39,650,"8814 Hwy 20 W, Madison, AL, 35758, US"
Big Bacon Classic® Double,7.39,910,"8814 Hwy 20 W, Madison, AL, 35758, US"
Big Bacon Classic Triple,8.39,"1,220","8814 Hwy 20 W, Madison, AL, 35758, US"
Bacon Double Stack,3.69,440,"8814 Hwy 20 W, Madison, AL, 35758, US"
Jr. Bacon Cheeseburger,3.19,370,"8814 Hwy 20 W, Madison, AL, 35758, US"
Jr. Cheeseburger Deluxe,2.49,340,"8814 Hwy 20 W, Madison, AL, 35758, US"
Jr. Cheeseburger,1.99,290,"8814 Hwy 20 W, Madison, AL, 35758, US"
Double Stack™,3.19,410,"8814 Hwy 20 W, Madison, AL, 35758, US"
Jr. Hamburger,1.59,250,"8814 Hwy 20 W, Madison, AL, 35758, US"
French Fries,1.79-2.99,210-470,"8814 Hwy 20 W, Madison, AL, 35758, US"
Baconator Fries,3.69,460,"8814 Hwy 20 W, Madison, AL, 35758, US"
Chili Cheese Fries,3.69,520,"8814 Hwy 20 W, Madison, AL, 35758, US"
Cheese Fries,2.69,470,"8814 Hwy 20 W, Madison, AL, 35758, US"
Chili,2.99/3.99,240/340,"8814 Hwy 20 W, Madison, AL, 35758, US"
Sour Cream and Chive Baked Potato,2.79,310,"8814 Hwy 20 W, Madison, AL, 35758, US"
Plain Baked Potato,2.59,270,"8814 Hwy 20 W, Madison, AL, 35758, US"
Bacon Cheese Baked Potato,4.19,440,"8814 Hwy 20 W, Madison, AL, 35758, US"
Chili & Cheese Baked Potato,4.19,500,"8814 Hwy 20 W, Madison, AL, 35758, US"
Cheese Baked Potato,3.69,450,"8814 Hwy 20 W, Madison, AL, 35758, US"
Apple Bites,1.59,35,"8814 Hwy 20 W, Madison, AL, 35758, US"
6 PC. Crispy Chicken Nuggets,2.99,270,"8814 Hwy 20 W, Madison, AL, 35758, US"
4 PC. Crispy Chicken Nuggets,1.99,180,"8814 Hwy 20 W, Madison, AL, 35758, US"
6 PC. Spicy Chicken Nuggets,2.99,280,"8814 Hwy 20 W, Madison, AL, 35758, US"
4 PC. Spicy Chicken Nuggets,1.99,190,"8814 Hwy 20 W, Madison, AL, 35758, US"
Pretzel Baconator®,8.69,"1,050","2800 S Memorial Pkwy, Huntsville, AL, 35801, US"
Dave's Single®,5.79,590,"2800 S Memorial Pkwy, Huntsville, AL, 35801, US"
Dave's Double®,6.79,860,"2800 S Memorial Pkwy, Huntsville, AL, 35801, US"
Dave's Triple®,7.79,"1,160","2800 S Memorial Pkwy, Huntsville, AL, 35801, US"
Baconator®,7.69,960,"2800 S Memorial Pkwy, Huntsville, AL, 35801, US"
Son of Baconator®,5.99,630,"2800 S Memorial Pkwy, Huntsville, AL, 35801, US"
Big Bacon Classic®,6.39,650,"2800 S Memorial Pkwy, Huntsville, AL, 35801, US"
Big Bacon Classic® Double,7.39,910,"2800 S Memorial Pkwy, Huntsville, AL, 35801, US"
Big Bacon Classic Triple,8.39,"1,220","2800 S Memorial Pkwy, Huntsville, AL, 35801, US"
Bacon Double Stack,3.69,440,"2800 S Memorial Pkwy, Huntsville, AL, 35801, US"
Jr. Bacon Cheeseburger,3.19,370,"2800 S Memorial Pkwy, Huntsville, AL, 35801, US"
Jr. Cheeseburger Deluxe,2.49,340,"2800 S Memorial Pkwy, Huntsville, AL, 35801, US"
Jr. Cheeseburger,1.99,290,"2800 S Memorial Pkwy, Huntsville, AL, 35801, US"
Double Stack™,3.19,410,"2800 S Memorial Pkwy, Huntsville, AL, 35801, US"
Jr. Hamburger,1.59,250,"2800 S Memorial Pkwy, Huntsville, AL, 35801, US"
French Fries,1.79-2.99,210-470,"2800 S Memorial Pkwy, Huntsville, AL, 35801, US"
Baconator Fries,3.69,460,"2800 S Memorial Pkwy, Huntsville, AL, 35801, US"
Chili Cheese Fries,3.69,520,"2800 S Memorial Pkwy, Huntsville, AL, 35801, US"
Cheese Fries,2.69,470,"2800 S Memorial Pkwy, Huntsville, AL, 35801, US"
Chili,2.99/3.99,240/340,"2800 S Memorial Pkwy, Huntsville, AL, 35801, US"
Sour Cream and Chive Baked Potato,2.79,310,"2800 S Memorial Pkwy, Huntsville, AL, 35801, US"
Plain Baked Potato,2.59,270,"2800 S Memorial Pkwy, Huntsville, AL, 35801, US"
Bacon Cheese Baked Potato,4.19,440,"2800 S Memorial Pkwy, Huntsville, AL, 35801, US"
Chili & Cheese Baked Potato,4.19,500,"2800 S Memorial Pkwy, Huntsville, AL, 35801, US"
Cheese Baked Potato,3.69,450,"2800 S Memorial Pkwy, Huntsville, AL, 35801, US"
Apple Bites,1.59,35,"2800 S Memorial Pkwy, Huntsville, AL, 35801, US"
6 PC. Crispy Chicken Nuggets,2.99,270,"2800 S Memorial Pkwy, Huntsville, AL, 35801, US"
4 PC. Crispy Chicken Nuggets,1.99,180,"2800 S Memorial Pkwy, Huntsville, AL, 35801, US"
6 PC. Spicy Chicken Nuggets,2.99,280,"2800 S Memorial Pkwy, Huntsville, AL, 35801, US"
4 PC. Spicy Chicken Nuggets,1.99,190,"2800 S Memorial Pkwy, Huntsville, AL, 35801, US"
Pretzel Baconator®,8.99,"1,050","959 Government Blvd, Mobile, AL, 36604, US"
Dave's Single®,5.39,590,"959 Government Blvd, Mobile, AL, 36604, US"
Dave's Double®,6.69,860,"959 Government Blvd, Mobile, AL, 36604, US"
Dave's Triple®,7.99,"1,160","959 Government Blvd, Mobile, AL, 36604, US"
Baconator®,7.99,960,"959 Government Blvd, Mobile, AL, 36604, US"
Son of Baconator®,5.69,630,"959 Government Blvd, Mobile, AL, 36604, US"
Big Bacon Classic®,6.59,650,"959 Government Blvd, Mobile, AL, 36604, US"
Big Bacon Classic® Double,7.79,920,"959 Government Blvd, Mobile, AL, 36604, US"
Big Bacon Classic Triple,8.99,"1,220","959 Government Blvd, Mobile, AL, 36604, US"
Bacon Double Stack,4.19,440,"959 Government Blvd, Mobile, AL, 36604, US"
Jr. Bacon Cheeseburger,3.59,370,"959 Government Blvd, Mobile, AL, 36604, US"
Jr. Cheeseburger Deluxe,2.59,340,"959 Government Blvd, Mobile, AL, 36604, US"
Jr. Cheeseburger Deluxe,2.59,350,"959 Government Blvd, Mobile, AL, 36604, US"
Jr. Cheeseburger,2.39,290,"959 Government Blvd, Mobile, AL, 36604, US"
Double Stack™,3.59,410,"959 Government Blvd, Mobile, AL, 36604, US"
Jr. Hamburger,2.19,250,"959 Government Blvd, Mobile, AL, 36604, US"
French Fries,1.19-3.39,210-470,"959 Government Blvd, Mobile, AL, 36604, US"
Baconator Fries,3.59,460,"959 Government Blvd, Mobile, AL, 36604, US"
Chili Cheese Fries,3.59,520,"959 Government Blvd, Mobile, AL, 36604, US"
Cheese Fries,3.29,470,"959 Government Blvd, Mobile, AL, 36604, US"
Chili,2.79/3.59,240/340,"959 Government Blvd, Mobile, AL, 36604, US"
Sour Cream and Chive Baked Potato,2.69,310,"959 Government Blvd, Mobile, AL, 36604, US"
Plain Baked Potato,2.49,270,"959 Government Blvd, Mobile, AL, 36604, US"
Bacon Cheese Baked Potato,3.99,440,"959 Government Blvd, Mobile, AL, 36604, US"
Chili & Cheese Baked Potato,3.99,500,"959 Government Blvd, Mobile, AL, 36604, US"
Cheese Baked Potato,3.49,450,"959 Government Blvd, Mobile, AL, 36604, US"
Apple Bites,0.99,35,"959 Government Blvd, Mobile, AL, 36604, US"
6 PC. Crispy Chicken Nuggets,3.19,270,"959 Government Blvd, Mobile, AL, 36604, US"
4 PC. Crispy Chicken Nuggets,2.39,180,"959 Government Blvd, Mobile, AL, 36604, US"
6 PC. Spicy Chicken Nuggets,3.19,280,"959 Government Blvd, Mobile, AL, 36604, US"
4 PC. Spicy Chicken Nuggets,2.39,190,"959 Government Blvd, Mobile, AL, 36604, US"
Pretzel Baconator®,8.99,"1,050","3113 Airport Blvd., Mobile, AL, 36606, US"
Dave's Single®,5.39,590,"3113 Airport Blvd., Mobile, AL, 36606, US"
Dave's Double®,6.69,860,"3113 Airport Blvd., Mobile, AL, 36606, US"
Dave's Triple®,7.99,"1,160","3113 Airport Blvd., Mobile, AL, 36606, US"
Baconator®,7.99,960,"3113 Airport Blvd., Mobile, AL, 36606, US"
Son of Baconator®,5.69,630,"3113 Airport Blvd., Mobile, AL, 36606, US"
Big Bacon Classic®,6.59,650,"3113 Airport Blvd., Mobile, AL, 36606, US"
Big Bacon Classic® Double,7.79,920,"3113 Airport Blvd., Mobile, AL, 36606, US"
Big Bacon Classic Triple,8.99,"1,220","3113 Airport Blvd., Mobile, AL, 36606, US"
Bacon Double Stack,4.19,440,"3113 Airport Blvd., Mobile, AL, 36606, US"
Jr. Bacon Cheeseburger,3.59,370,"3113 Airport Blvd., Mobile, AL, 36606, US"
Jr. Cheeseburger Deluxe,2.59,340,"3113 Airport Blvd., Mobile, AL, 36606, US"
Jr. Cheeseburger Deluxe,2.59,350,"3113 Airport Blvd., Mobile, AL, 36606, US"
Jr. Cheeseburger,2.39,290,"3113 Airport Blvd., Mobile, AL, 36606, US"
Double Stack™,3.59,410,"3113 Airport Blvd., Mobile, AL, 36606, US"
Jr. Hamburger,2.19,250,"3113 Airport Blvd., Mobile, AL, 36606, US"
French Fries,1.19-3.39,210-470,"3113 Airport Blvd., Mobile, AL, 36606, US"
Baconator Fries,3.59,460,"3113 Airport Blvd., Mobile, AL, 36606, US"
Chili Cheese Fries,3.59,520,"3113 Airport Blvd., Mobile, AL, 36606, US"
Cheese Fries,3.29,470,"3113 Airport Blvd., Mobile, AL, 36606, US"
Chili,2.79/3.59,240/340,"3113 Airport Blvd., Mobile, AL, 36606, US"
Sour Cream and Chive Baked Potato,2.69,310,"3113 Airport Blvd., Mobile, AL, 36606, US"
Plain Baked Potato,2.49,270,"3113 Airport Blvd., Mobile, AL, 36606, US"
Bacon Cheese Baked Potato,3.99,440,"3113 Airport Blvd., Mobile, AL, 36606, US"
Chili & Cheese Baked Potato,3.99,500,"3113 Airport Blvd., Mobile, AL, 36606, US"
Cheese Baked Potato,3.49,450,"3113 Airport Blvd., Mobile, AL, 36606, US"
Apple Bites,0.99,35,"3113 Airport Blvd., Mobile, AL, 36606, US"
6 PC. Crispy Chicken Nuggets,3.19,270,"3113 Airport Blvd., Mobile, AL, 36606, US"
4 PC. Crispy Chicken Nuggets,2.39,180,"3113 Airport Blvd., Mobile, AL, 36606, US"
6 PC. Spicy Chicken Nuggets,3.19,280,"3113 Airport Blvd., Mobile, AL, 36606, US"
4 PC. Spicy Chicken Nuggets,2.39,190,"3113 Airport Blvd., Mobile, AL, 36606, US"
Pretzel Baconator®,8.99,"1,050","3464 Springhill Ave, Mobile, AL, 36608, US"
Dave's Single®,5.39,590,"3464 Springhill Ave, Mobile, AL, 36608, US"
Dave's Double®,6.69,860,"3464 Springhill Ave, Mobile, AL, 36608, US"
Dave's Triple®,7.99,"1,160","3464 Springhill Ave, Mobile, AL, 36608, US"
Baconator®,7.99,960,"3464 Springhill Ave, Mobile, AL, 36608, US"
Son of Baconator®,5.69,630,"3464 Springhill Ave, Mobile, AL, 36608, US"
Big Bacon Classic®,6.59,650,"3464 Springhill Ave, Mobile, AL, 36608, US"
Big Bacon Classic® Double,7.79,920,"3464 Springhill Ave, Mobile, AL, 36608, US"
Big Bacon Classic Triple,8.99,"1,220","3464 Springhill Ave, Mobile, AL, 36608, US"
Bacon Double Stack,4.19,440,"3464 Springhill Ave, Mobile, AL, 36608, US"
Jr. Bacon Cheeseburger,3.59,370,"3464 Springhill Ave, Mobile, AL, 36608, US"
Jr. Cheeseburger Deluxe,2.59,350,"3464 Springhill Ave, Mobile, AL, 36608, US"
Jr. Cheeseburger,2.39,290,"3464 Springhill Ave, Mobile, AL, 36608, US"
Double Stack™,3.59,410,"3464 Springhill Ave, Mobile, AL, 36608, US"
Jr. Hamburger,2.19,250,"3464 Springhill Ave, Mobile, AL, 36608, US"
French Fries,1.19-3.39,210-470,"3464 Springhill Ave, Mobile, AL, 36608, US"
Baconator Fries,3.59,460,"3464 Springhill Ave, Mobile, AL, 36608, US"
Chili Cheese Fries,3.59,520,"3464 Springhill Ave, Mobile, AL, 36608, US"
Cheese Fries,3.29,470,"3464 Springhill Ave, Mobile, AL, 36608, US"
Family Chili,10.49,"1,100","3464 Springhill Ave, Mobile, AL, 36608, US"
Chili,2.79/3.59,240/340,"3464 Springhill Ave, Mobile, AL, 36608, US"
Sour Cream and Chive Baked Potato,2.69,310,"3464 Springhill Ave, Mobile, AL, 36608, US"
Plain Baked Potato,2.49,270,"3464 Springhill Ave, Mobile, AL, 36608, US"
Bacon Cheese Baked Potato,3.99,440,"3464 Springhill Ave, Mobile, AL, 36608, US"
Chili & Cheese Baked Potato,3.99,500,"3464 Springhill Ave, Mobile, AL, 36608, US"
Cheese Baked Potato,3.49,450,"3464 Springhill Ave, Mobile, AL, 36608, US"
Apple Bites,0.99,35,"3464 Springhill Ave, Mobile, AL, 36608, US"
6 PC. Crispy Chicken Nuggets,3.19,270,"3464 Springhill Ave, Mobile, AL, 36608, US"
4 PC. Crispy Chicken Nuggets,2.39,180,"3464 Springhill Ave, Mobile, AL, 36608, US"
6 PC. Spicy Chicken Nuggets,3.19,280,"3464 Springhill Ave, Mobile, AL, 36608, US"
4 PC. Spicy Chicken Nuggets,2.39,190,"3464 Springhill Ave, Mobile, AL, 36608, US"
Pretzel Baconator®,9.09,"1,050","615 Martin Luther King Jr. Blvd, Savannah, GA, 31401, US"
Dave's Single®,5.69,590,"615 Martin Luther King Jr. Blvd, Savannah, GA, 31401, US"
Dave's Double®,6.99,860,"615 Martin Luther King Jr. Blvd, Savannah, GA, 31401, US"
Dave's Triple®,8.29,"1,160","615 Martin Luther King Jr. Blvd, Savannah, GA, 31401, US"
Baconator®,8.09,960,"615 Martin Luther King Jr. Blvd, Savannah, GA, 31401, US"
Son of Baconator®,6.09,630,"615 Martin Luther King Jr. Blvd, Savannah, GA, 31401, US"
Big Bacon Classic®,6.59,650,"615 Martin Luther King Jr. Blvd, Savannah, GA, 31401, US"
Big Bacon Classic® Double,7.89,920,"615 Martin Luther King Jr. Blvd, Savannah, GA, 31401, US"
Big Bacon Classic Triple,9.19,"1,220","615 Martin Luther King Jr. Blvd, Savannah, GA, 31401, US"
Bacon Double Stack,4.09,440,"615 Martin Luther King Jr. Blvd, Savannah, GA, 31401, US"
Jr. Bacon Cheeseburger,3.59,370,"615 Martin Luther King Jr. Blvd, Savannah, GA, 31401, US"
Jr. Cheeseburger Deluxe,2.79,350,"615 Martin Luther King Jr. Blvd, Savannah, GA, 31401, US"
Jr. Cheeseburger,2.39,290,"615 Martin Luther King Jr. Blvd, Savannah, GA, 31401, US"
Double Stack™,3.59,410,"615 Martin Luther King Jr. Blvd, Savannah, GA, 31401, US"
Jr. Hamburger,1.99,250,"615 Martin Luther King Jr. Blvd, Savannah, GA, 31401, US"
French Fries,1.69-3.49,210-470,"615 Martin Luther King Jr. Blvd, Savannah, GA, 31401, US"
Baconator Fries,3.99,460,"615 Martin Luther King Jr. Blvd, Savannah, GA, 31401, US"
Chili Cheese Fries,3.99,520,"615 Martin Luther King Jr. Blvd, Savannah, GA, 31401, US"
Cheese Fries,3.69,470,"615 Martin Luther King Jr. Blvd, Savannah, GA, 31401, US"
Family Chili,11.99,"1,100","615 Martin Luther King Jr. Blvd, Savannah, GA, 31401, US"
Chili,2.99/3.99,240/340,"615 Martin Luther King Jr. Blvd, Savannah, GA, 31401, US"
Sour Cream and Chive Baked Potato,3.09,310,"615 Martin Luther King Jr. Blvd, Savannah, GA, 31401, US"
Plain Baked Potato,2.89,270,"615 Martin Luther King Jr. Blvd, Savannah, GA, 31401, US"
Bacon Cheese Baked Potato,4.39,440,"615 Martin Luther King Jr. Blvd, Savannah, GA, 31401, US"
Chili & Cheese Baked Potato,4.39,500,"615 Martin Luther King Jr. Blvd, Savannah, GA, 31401, US"
Cheese Baked Potato,3.69,450,"615 Martin Luther King Jr. Blvd, Savannah, GA, 31401, US"
Apple Bites,1.99,35,"615 Martin Luther King Jr. Blvd, Savannah, GA, 31401, US"
6 PC. Crispy Chicken Nuggets,2.89,270,"615 Martin Luther King Jr. Blvd, Savannah, GA, 31401, US"
4 PC. Crispy Chicken Nuggets,1.99,180,"615 Martin Luther King Jr. Blvd, Savannah, GA, 31401, US"
6 PC. Spicy Chicken Nuggets,2.89,280,"615 Martin Luther King Jr. Blvd, Savannah, GA, 31401, US"
4 PC. Spicy Chicken Nuggets,1.99,190,"615 Martin Luther King Jr. Blvd, Savannah, GA, 31401, US"
Pretzel Baconator®,8.99,"1,050","1025 RALPH DAVID ABERNATHY RD, ATLANTA, GA, 30310, US"
Dave's Single®,5.69,590,"1025 RALPH DAVID ABERNATHY RD, ATLANTA, GA, 30310, US"
Dave's Double®,6.89,860,"1025 RALPH DAVID ABERNATHY RD, ATLANTA, GA, 30310, US"
Dave's Triple®,8.09,"1,160","1025 RALPH DAVID ABERNATHY RD, ATLANTA, GA, 30310, US"
Baconator®,7.99,960,"1025 RALPH DAVID ABERNATHY RD, ATLANTA, GA, 30310, US"
Son of Baconator®,6.19,630,"1025 RALPH DAVID ABERNATHY RD, ATLANTA, GA, 30310, US"
Big Bacon Classic®,6.59,650,"1025 RALPH DAVID ABERNATHY RD, ATLANTA, GA, 30310, US"
Big Bacon Classic® Double,7.79,910,"1025 RALPH DAVID ABERNATHY RD, ATLANTA, GA, 30310, US"
Big Bacon Classic Triple,8.99,"1,220","1025 RALPH DAVID ABERNATHY RD, ATLANTA, GA, 30310, US"
Bacon Double Stack,4.09,440,"1025 RALPH DAVID ABERNATHY RD, ATLANTA, GA, 30310, US"
Jr. Bacon Cheeseburger,3.59,370,"1025 RALPH DAVID ABERNATHY RD, ATLANTA, GA, 30310, US"
Jr. Cheeseburger Deluxe,2.79,340,"1025 RALPH DAVID ABERNATHY RD, ATLANTA, GA, 30310, US"
Jr. Cheeseburger,2.39,290,"1025 RALPH DAVID ABERNATHY RD, ATLANTA, GA, 30310, US"
Double Stack™,3.59,410,"1025 RALPH DAVID ABERNATHY RD, ATLANTA, GA, 30310, US"
Jr. Hamburger,1.99,250,"1025 RALPH DAVID ABERNATHY RD, ATLANTA, GA, 30310, US"
French Fries,1.69-3.49,210-470,"1025 RALPH DAVID ABERNATHY RD, ATLANTA, GA, 30310, US"
Baconator Fries,4.19,460,"1025 RALPH DAVID ABERNATHY RD, ATLANTA, GA, 30310, US"
Cheese Fries,3.99,470,"1025 RALPH DAVID ABERNATHY RD, ATLANTA, GA, 30310, US"
Chili,2.99/3.99,240/340,"1025 RALPH DAVID ABERNATHY RD, ATLANTA, GA, 30310, US"
Sour Cream and Chive Baked Potato,3.09,310,"1025 RALPH DAVID ABERNATHY RD, ATLANTA, GA, 30310, US"
Plain Baked Potato,2.89,270,"1025 RALPH DAVID ABERNATHY RD, ATLANTA, GA, 30310, US"
Bacon Cheese Baked Potato,4.49,440,"1025 RALPH DAVID ABERNATHY RD, ATLANTA, GA, 30310, US"
Cheese Baked Potato,4.09,450,"1025 RALPH DAVID ABERNATHY RD, ATLANTA, GA, 30310, US"
Apple Bites,0.99,35,"1025 RALPH DAVID ABERNATHY RD, ATLANTA, GA, 30310, US"
6 PC. Crispy Chicken Nuggets,2.89,270,"1025 RALPH DAVID ABERNATHY RD, ATLANTA, GA, 30310, US"
4 PC. Crispy Chicken Nuggets,1.99,180,"1025 RALPH DAVID ABERNATHY RD, ATLANTA, GA, 30310, US"
6 PC. Spicy Chicken Nuggets,2.89,280,"1025 RALPH DAVID ABERNATHY RD, ATLANTA, GA, 30310, US"
4 PC. Spicy Chicken Nuggets,1.99,190,"1025 RALPH DAVID ABERNATHY RD, ATLANTA, GA, 30310, US"
Pretzel Baconator®,9.09,"1,050","2570 Candler Road, Decatur, GA, 30032, US"
Dave's Single®,5.69,590,"2570 Candler Road, Decatur, GA, 30032, US"
Dave's Double®,6.99,860,"2570 Candler Road, Decatur, GA, 30032, US"
Dave's Triple®,8.29,"1,160","2570 Candler Road, Decatur, GA, 30032, US"
Baconator®,8.09,960,"2570 Candler Road, Decatur, GA, 30032, US"
Son of Baconator®,6.09,630,"2570 Candler Road, Decatur, GA, 30032, US"
Big Bacon Classic®,6.59,650,"2570 Candler Road, Decatur, GA, 30032, US"
Big Bacon Classic® Double,7.89,910,"2570 Candler Road, Decatur, GA, 30032, US"
Big Bacon Classic Triple,9.19,"1,220","2570 Candler Road, Decatur, GA, 30032, US"
Bacon Double Stack,4.09,440,"2570 Candler Road, Decatur, GA, 30032, US"
Jr. Bacon Cheeseburger,3.59,370,"2570 Candler Road, Decatur, GA, 30032, US"
Jr. Cheeseburger Deluxe,2.79,340,"2570 Candler Road, Decatur, GA, 30032, US"
Jr. Cheeseburger,2.39,290,"2570 Candler Road, Decatur, GA, 30032, US"
Double Stack™,3.59,410,"2570 Candler Road, Decatur, GA, 30032, US"
Jr. Hamburger,1.99,250,"2570 Candler Road, Decatur, GA, 30032, US"
French Fries,1.69-3.49,210-470,"2570 Candler Road, Decatur, GA, 30032, US"
Baconator Fries,3.99,460,"2570 Candler Road, Decatur, GA, 30032, US"
Chili Cheese Fries,3.99,520,"2570 Candler Road, Decatur, GA, 30032, US"
Cheese Fries,3.69,470,"2570 Candler Road, Decatur, GA, 30032, US"
Family Chili,11.99,"1,100","2570 Candler Road, Decatur, GA, 30032, US"
Chili,2.99/3.99,240/340,"2570 Candler Road, Decatur, GA, 30032, US"
Sour Cream and Chive Baked Potato,3.09,310,"2570 Candler Road, Decatur, GA, 30032, US"
Plain Baked Potato,2.89,270,"2570 Candler Road, Decatur, GA, 30032, US"
Bacon Cheese Baked Potato,4.39,440,"2570 Candler Road, Decatur, GA, 30032, US"
Chili & Cheese Baked Potato,4.39,500,"2570 Candler Road, Decatur, GA, 30032, US"
Cheese Baked Potato,3.69,450,"2570 Candler Road, Decatur, GA, 30032, US"
Apple Bites,1.99,35,"2570 Candler Road, Decatur, GA, 30032, US"
6 PC. Crispy Chicken Nuggets,2.89,270,"2570 Candler Road, Decatur, GA, 30032, US"
4 PC. Crispy Chicken Nuggets,1.99,180,"2570 Candler Road, Decatur, GA, 30032, US"
6 PC. Spicy Chicken Nuggets,2.89,280,"2570 Candler Road, Decatur, GA, 30032, US"
4 PC. Spicy Chicken Nuggets,1.99,190,"2570 Candler Road, Decatur, GA, 30032, US"
Pretzel Baconator®,9.09,"1,050","3015 Panola Road, Lithonia, GA, 30038, US"
Dave's Single®,5.69,590,"3015 Panola Road, Lithonia, GA, 30038, US"
Dave's Double®,6.99,860,"3015 Panola Road, Lithonia, GA, 30038, US"
Dave's Triple®,8.29,"1,160","3015 Panola Road, Lithonia, GA, 30038, US"
Baconator®,8.09,960,"3015 Panola Road, Lithonia, GA, 30038, US"
Son of Baconator®,6.09,630,"3015 Panola Road, Lithonia, GA, 30038, US"
Big Bacon Classic®,6.59,650,"3015 Panola Road, Lithonia, GA, 30038, US"
Big Bacon Classic® Double,7.89,910,"3015 Panola Road, Lithonia, GA, 30038, US"
Big Bacon Classic Triple,9.19,"1,220","3015 Panola Road, Lithonia, GA, 30038, US"
Bacon Double Stack,4.09,440,"3015 Panola Road, Lithonia, GA, 30038, US"
Jr. Bacon Cheeseburger,3.59,370,"3015 Panola Road, Lithonia, GA, 30038, US"
Jr. Cheeseburger Deluxe,2.79,340,"3015 Panola Road, Lithonia, GA, 30038, US"
Jr. Cheeseburger,2.39,290,"3015 Panola Road, Lithonia, GA, 30038, US"
Double Stack™,3.59,410,"3015 Panola Road, Lithonia, GA, 30038, US"
Jr. Hamburger,1.99,250,"3015 Panola Road, Lithonia, GA, 30038, US"
French Fries,1.69-3.49,210-470,"3015 Panola Road, Lithonia, GA, 30038, US"
Baconator Fries,3.99,460,"3015 Panola Road, Lithonia, GA, 30038, US"
Chili Cheese Fries,3.99,520,"3015 Panola Road, Lithonia, GA, 30038, US"
Cheese Fries,3.69,470,"3015 Panola Road, Lithonia, GA, 30038, US"
Family Chili,11.99,"1,100","3015 Panola Road, Lithonia, GA, 30038, US"
Chili,2.99/3.99,240/340,"3015 Panola Road, Lithonia, GA, 30038, US"
Sour Cream and Chive Baked Potato,3.09,310,"3015 Panola Road, Lithonia, GA, 30038, US"
Plain Baked Potato,2.89,270,"3015 Panola Road, Lithonia, GA, 30038, US"
Bacon Cheese Baked Potato,4.39,440,"3015 Panola Road, Lithonia, GA, 30038, US"
Chili & Cheese Baked Potato,4.39,500,"3015 Panola Road, Lithonia, GA, 30038, US"
Cheese Baked Potato,3.69,450,"3015 Panola Road, Lithonia, GA, 30038, US"
Apple Bites,1.99,35,"3015 Panola Road, Lithonia, GA, 30038, US"
6 PC. Crispy Chicken Nuggets,2.89,270,"3015 Panola Road, Lithonia, GA, 30038, US"
4 PC. Crispy Chicken Nuggets,1.99,180,"3015 Panola Road, Lithonia, GA, 30038, US"
6 PC. Spicy Chicken Nuggets,2.89,280,"3015 Panola Road, Lithonia, GA, 30038, US"
4 PC. Spicy Chicken Nuggets,1.99,190,"3015 Panola Road, Lithonia, GA, 30038, US"
Pretzel Baconator®,9.09,"1,050","6156 Covington Hwy., Lithonia, GA, 30058, US"
Dave's Single®,5.69,590,"6156 Covington Hwy., Lithonia, GA, 30058, US"
Dave's Double®,6.99,860,"6156 Covington Hwy., Lithonia, GA, 30058, US"
Dave's Triple®,8.29,"1,160","6156 Covington Hwy., Lithonia, GA, 30058, US"
Baconator®,8.09,960,"6156 Covington Hwy., Lithonia, GA, 30058, US"
Son of Baconator®,6.09,630,"6156 Covington Hwy., Lithonia, GA, 30058, US"
Big Bacon Classic®,6.59,650,"6156 Covington Hwy., Lithonia, GA, 30058, US"
Big Bacon Classic® Double,7.89,910,"6156 Covington Hwy., Lithonia, GA, 30058, US"
Big Bacon Classic Triple,9.19,"1,220","6156 Covington Hwy., Lithonia, GA, 30058, US"
Bacon Double Stack,4.09,440,"6156 Covington Hwy., Lithonia, GA, 30058, US"
Jr. Bacon Cheeseburger,3.59,370,"6156 Covington Hwy., Lithonia, GA, 30058, US"
Jr. Cheeseburger Deluxe,2.79,340,"6156 Covington Hwy., Lithonia, GA, 30058, US"
Jr. Cheeseburger,2.39,290,"6156 Covington Hwy., Lithonia, GA, 30058, US"
Double Stack™,3.59,410,"6156 Covington Hwy., Lithonia, GA, 30058, US"
Jr. Hamburger,1.99,250,"6156 Covington Hwy., Lithonia, GA, 30058, US"
French Fries,1.69-3.49,210-470,"6156 Covington Hwy., Lithonia, GA, 30058, US"
Baconator Fries,3.99,460,"6156 Covington Hwy., Lithonia, GA, 30058, US"
Chili Cheese Fries,3.99,520,"6156 Covington Hwy., Lithonia, GA, 30058, US"
Cheese Fries,3.69,470,"6156 Covington Hwy., Lithonia, GA, 30058, US"
Family Chili,11.99,"1,100","6156 Covington Hwy., Lithonia, GA, 30058, US"
Chili,2.99/3.99,240/340,"6156 Covington Hwy., Lithonia, GA, 30058, US"
Sour Cream and Chive Baked Potato,3.09,310,"6156 Covington Hwy., Lithonia, GA, 30058, US"
Plain Baked Potato,2.89,270,"6156 Covington Hwy., Lithonia, GA, 30058, US"
Bacon Cheese Baked Potato,4.39,440,"6156 Covington Hwy., Lithonia, GA, 30058, US"
Chili & Cheese Baked Potato,4.39,500,"6156 Covington Hwy., Lithonia, GA, 30058, US"
Cheese Baked Potato,3.69,450,"6156 Covington Hwy., Lithonia, GA, 30058, US"
Apple Bites,1.99,35,"6156 Covington Hwy., Lithonia, GA, 30058, US"
6 PC. Crispy Chicken Nuggets,2.89,270,"6156 Covington Hwy., Lithonia, GA, 30058, US"
4 PC. Crispy Chicken Nuggets,1.99,180,"6156 Covington Hwy., Lithonia, GA, 30058, US"
6 PC. Spicy Chicken Nuggets,2.89,280,"6156 Covington Hwy., Lithonia, GA, 30058, US"
4 PC. Spicy Chicken Nuggets,1.99,190,"6156 Covington Hwy., Lithonia, GA, 30058, US"
Pretzel Baconator®,10.09,"1,050","2605 Bouldercrest Road, Atlanta, GA, 30316, US"
Dave's Single®,6.69,590,"2605 Bouldercrest Road, Atlanta, GA, 30316, US"
Dave's Double®,7.79,860,"2605 Bouldercrest Road, Atlanta, GA, 30316, US"
Dave's Triple®,8.79,"1,160","2605 Bouldercrest Road, Atlanta, GA, 30316, US"
Baconator®,9.09,960,"2605 Bouldercrest Road, Atlanta, GA, 30316, US"
Son of Baconator®,6.99,630,"2605 Bouldercrest Road, Atlanta, GA, 30316, US"
Big Bacon Classic®,7.79,650,"2605 Bouldercrest Road, Atlanta, GA, 30316, US"
Big Bacon Classic® Double,8.79,920,"2605 Bouldercrest Road, Atlanta, GA, 30316, US"
Big Bacon Classic Triple,9.79,"1,220","2605 Bouldercrest Road, Atlanta, GA, 30316, US"
Bacon Double Stack,3.89,440,"2605 Bouldercrest Road, Atlanta, GA, 30316, US"
Jr. Bacon Cheeseburger,2.49,370,"2605 Bouldercrest Road, Atlanta, GA, 30316, US"
Jr. Cheeseburger Deluxe,2.59,340,"2605 Bouldercrest Road, Atlanta, GA, 30316, US"
Jr. Cheeseburger Deluxe,2.59,350,"2605 Bouldercrest Road, Atlanta, GA, 30316, US"
Jr. Cheeseburger,1.39,290,"2605 Bouldercrest Road, Atlanta, GA, 30316, US"
Double Stack™,3.39,410,"2605 Bouldercrest Road, Atlanta, GA, 30316, US"
Jr. Hamburger,1.39,250,"2605 Bouldercrest Road, Atlanta, GA, 30316, US"
French Fries,1.49-3.79,210-470,"2605 Bouldercrest Road, Atlanta, GA, 30316, US"
Baconator Fries,2.89,460,"2605 Bouldercrest Road, Atlanta, GA, 30316, US"
Chili Cheese Fries,2.19,520,"2605 Bouldercrest Road, Atlanta, GA, 30316, US"
Cheese Fries,2.89,470,"2605 Bouldercrest Road, Atlanta, GA, 30316, US"
Chili,2.69/3.79,240/340,"2605 Bouldercrest Road, Atlanta, GA, 30316, US"
Sour Cream and Chive Baked Potato,2.79,310,"2605 Bouldercrest Road, Atlanta, GA, 30316, US"
Plain Baked Potato,2.49,270,"2605 Bouldercrest Road, Atlanta, GA, 30316, US"
Bacon Cheese Baked Potato,3.99,440,"2605 Bouldercrest Road, Atlanta, GA, 30316, US"
Chili & Cheese Baked Potato,3.99,500,"2605 Bouldercrest Road, Atlanta, GA, 30316, US"
Cheese Baked Potato,3.59,450,"2605 Bouldercrest Road, Atlanta, GA, 30316, US"
Apple Bites,1.49,35,"2605 Bouldercrest Road, Atlanta, GA, 30316, US"
6 PC. Crispy Chicken Nuggets,2.99,270,"2605 Bouldercrest Road, Atlanta, GA, 30316, US"
4 PC. Crispy Chicken Nuggets,1.99,180,"2605 Bouldercrest Road, Atlanta, GA, 30316, US"
6 PC. Spicy Chicken Nuggets,2.99,280,"2605 Bouldercrest Road, Atlanta, GA, 30316, US"
4 PC. Spicy Chicken Nuggets,1.99,190,"2605 Bouldercrest Road, Atlanta, GA, 30316, US"
Pretzel Baconator®,8.99,"1,050","800 Forrest St NW, Atlanta, GA, 30318, US"
Dave's Single®,5.69,590,"800 Forrest St NW, Atlanta, GA, 30318, US"
Dave's Double®,6.89,860,"800 Forrest St NW, Atlanta, GA, 30318, US"
Dave's Triple®,8.09,"1,160","800 Forrest St NW, Atlanta, GA, 30318, US"
Baconator®,7.99,960,"800 Forrest St NW, Atlanta, GA, 30318, US"
Son of Baconator®,6.19,630,"800 Forrest St NW, Atlanta, GA, 30318, US"
Big Bacon Classic®,6.59,650,"800 Forrest St NW, Atlanta, GA, 30318, US"
Big Bacon Classic® Double,7.79,910,"800 Forrest St NW, Atlanta, GA, 30318, US"
Big Bacon Classic Triple,8.99,"1,220","800 Forrest St NW, Atlanta, GA, 30318, US"
Bacon Double Stack,4.09,440,"800 Forrest St NW, Atlanta, GA, 30318, US"
Jr. Bacon Cheeseburger,3.59,370,"800 Forrest St NW, Atlanta, GA, 30318, US"
Jr. Cheeseburger Deluxe,2.79,340,"800 Forrest St NW, Atlanta, GA, 30318, US"
Jr. Cheeseburger,2.39,290,"800 Forrest St NW, Atlanta, GA, 30318, US"
Double Stack™,3.59,410,"800 Forrest St NW, Atlanta, GA, 30318, US"
Jr. Hamburger,1.99,250,"800 Forrest St NW, Atlanta, GA, 30318, US"
French Fries,1.69-3.49,210-470,"800 Forrest St NW, Atlanta, GA, 30318, US"
Baconator Fries,4.19,460,"800 Forrest St NW, Atlanta, GA, 30318, US"
Cheese Fries,3.99,470,"800 Forrest St NW, Atlanta, GA, 30318, US"
Chili,2.99/3.99,240/340,"800 Forrest St NW, Atlanta, GA, 30318, US"
Sour Cream and Chive Baked Potato,3.09,310,"800 Forrest St NW, Atlanta, GA, 30318, US"
Plain Baked Potato,2.89,270,"800 Forrest St NW, Atlanta, GA, 30318, US"
Bacon Cheese Baked Potato,4.49,440,"800 Forrest St NW, Atlanta, GA, 30318, US"
Cheese Baked Potato,4.09,450,"800 Forrest St NW, Atlanta, GA, 30318, US"
Apple Bites,0.99,35,"800 Forrest St NW, Atlanta, GA, 30318, US"
6 PC. Crispy Chicken Nuggets,2.89,270,"800 Forrest St NW, Atlanta, GA, 30318, US"
4 PC. Crispy Chicken Nuggets,1.99,180,"800 Forrest St NW, Atlanta, GA, 30318, US"
6 PC. Spicy Chicken Nuggets,2.89,280,"800 Forrest St NW, Atlanta, GA, 30318, US"
4 PC. Spicy Chicken Nuggets,1.99,190,"800 Forrest St NW, Atlanta, GA, 30318, US"
Pretzel Baconator®,7.59,"1,050","1185, San Leandro, CA, 94577, US"
Dave's Single®,7.19,590,"1185, San Leandro, CA, 94577, US"
Dave's Double®,8.09,860,"1185, San Leandro, CA, 94577, US"
Dave's Triple®,9.09,"1,160","1185, San Leandro, CA, 94577, US"
Baconator®,8.29,960,"1185, San Leandro, CA, 94577, US"
Son of Baconator®,6.89,630,"1185, San Leandro, CA, 94577, US"
Big Bacon Classic®,7.59,650,"1185, San Leandro, CA, 94577, US"
Big Bacon Classic® Double,7.69,910,"1185, San Leandro, CA, 94577, US"
Big Bacon Classic Triple,8.69,"1,220","1185, San Leandro, CA, 94577, US"
Bacon Double Stack,4.19,440,"1185, San Leandro, CA, 94577, US"
Jr. Bacon Cheeseburger,3.49,370,"1185, San Leandro, CA, 94577, US"
Jr. Cheeseburger Deluxe,2.99,340,"1185, San Leandro, CA, 94577, US"
Jr. Cheeseburger,2.49,290,"1185, San Leandro, CA, 94577, US"
Double Stack™,3.49,410,"1185, San Leandro, CA, 94577, US"
Jr. Hamburger,1.79,250,"1185, San Leandro, CA, 94577, US"
French Fries,2.29-4.49,210-470,"1185, San Leandro, CA, 94577, US"
Baconator Fries,4.39,460,"1185, San Leandro, CA, 94577, US"
Chili Cheese Fries,2.89,520,"1185, San Leandro, CA, 94577, US"
Cheese Fries,2.59,470,"1185, San Leandro, CA, 94577, US"
Chili,2.49/3.49,240/340,"1185, San Leandro, CA, 94577, US"
Sour Cream and Chive Baked Potato,3.89,310,"1185, San Leandro, CA, 94577, US"
Plain Baked Potato,3.89,270,"1185, San Leandro, CA, 94577, US"
Bacon Cheese Baked Potato,3.89,440,"1185, San Leandro, CA, 94577, US"
Chili & Cheese Baked Potato,3.89,500,"1185, San Leandro, CA, 94577, US"
Cheese Baked Potato,3.89,450,"1185, San Leandro, CA, 94577, US"
Apple Bites,2.19,35,"1185, San Leandro, CA, 94577, US"
6 PC. Crispy Chicken Nuggets,4.39,270,"1185, San Leandro, CA, 94577, US"
4 PC. Crispy Chicken Nuggets,3.39,180,"1185, San Leandro, CA, 94577, US"
6 PC. Spicy Chicken Nuggets,4.39,280,"1185, San Leandro, CA, 94577, US"
4 PC. Spicy Chicken Nuggets,3.39,190,"1185, San Leandro, CA, 94577, US"
Pretzel Baconator®,7.89,"1,050","189 98Th Avenue, Oakland, CA, 94603, US"
Dave's Single®,6.89,590,"189 98Th Avenue, Oakland, CA, 94603, US"
Dave's Double®,7.89,860,"189 98Th Avenue, Oakland, CA, 94603, US"
Dave's Triple®,8.89,"1,160","189 98Th Avenue, Oakland, CA, 94603, US"
Baconator®,7.89,960,"189 98Th Avenue, Oakland, CA, 94603, US"
Son of Baconator®,6.89,630,"189 98Th Avenue, Oakland, CA, 94603, US"
Big Bacon Classic®,7.59,650,"189 98Th Avenue, Oakland, CA, 94603, US"
Big Bacon Classic® Double,7.69,910,"189 98Th Avenue, Oakland, CA, 94603, US"
Big Bacon Classic Triple,8.69,"1,220","189 98Th Avenue, Oakland, CA, 94603, US"
Bacon Double Stack,4.49,440,"189 98Th Avenue, Oakland, CA, 94603, US"
Jr. Bacon Cheeseburger,3.29,370,"189 98Th Avenue, Oakland, CA, 94603, US"
Jr. Cheeseburger Deluxe,2.89,340,"189 98Th Avenue, Oakland, CA, 94603, US"
Jr. Cheeseburger,3.29,290,"189 98Th Avenue, Oakland, CA, 94603, US"
Double Stack™,3.49,410,"189 98Th Avenue, Oakland, CA, 94603, US"
Jr. Hamburger,1.89,250,"189 98Th Avenue, Oakland, CA, 94603, US"
French Fries,2.29-4.49,210-470,"189 98Th Avenue, Oakland, CA, 94603, US"
Baconator Fries,4.39,460,"189 98Th Avenue, Oakland, CA, 94603, US"
Chili Cheese Fries,2.69,520,"189 98Th Avenue, Oakland, CA, 94603, US"
Cheese Fries,2.49,470,"189 98Th Avenue, Oakland, CA, 94603, US"
Chili,2.79/3.49,240/340,"189 98Th Avenue, Oakland, CA, 94603, US"
Sour Cream and Chive Baked Potato,3.09,310,"189 98Th Avenue, Oakland, CA, 94603, US"
Plain Baked Potato,3.09,270,"189 98Th Avenue, Oakland, CA, 94603, US"
Bacon Cheese Baked Potato,4.19,440,"189 98Th Avenue, Oakland, CA, 94603, US"
Chili & Cheese Baked Potato,4.19,500,"189 98Th Avenue, Oakland, CA, 94603, US"
Cheese Baked Potato,3.09,450,"189 98Th Avenue, Oakland, CA, 94603, US"
Apple Bites,1.99,35,"189 98Th Avenue, Oakland, CA, 94603, US"
6 PC. Crispy Chicken Nuggets,4.49,270,"189 98Th Avenue, Oakland, CA, 94603, US"
4 PC. Crispy Chicken Nuggets,3.49,180,"189 98Th Avenue, Oakland, CA, 94603, US"
6 PC. Spicy Chicken Nuggets,4.49,280,"189 98Th Avenue, Oakland, CA, 94603, US"
4 PC. Spicy Chicken Nuggets,3.49,190,"189 98Th Avenue, Oakland, CA, 94603, US"
Pretzel Baconator®,9.49,"1,050","5211 Broadway, Oakland, CA, 94618, US"
Dave's Single®,6.49,590,"5211 Broadway, Oakland, CA, 94618, US"
Dave's Double®,7.69,860,"5211 Broadway, Oakland, CA, 94618, US"
Dave's Triple®,8.89,"1,160","5211 Broadway, Oakland, CA, 94618, US"
Baconator®,8.59,960,"5211 Broadway, Oakland, CA, 94618, US"
Son of Baconator®,7.19,630,"5211 Broadway, Oakland, CA, 94618, US"
Big Bacon Classic®,7.19,650,"5211 Broadway, Oakland, CA, 94618, US"
Big Bacon Classic® Double,8.39,920,"5211 Broadway, Oakland, CA, 94618, US"
Big Bacon Classic Triple,9.59,"1,220","5211 Broadway, Oakland, CA, 94618, US"
Bacon Double Stack,3.39,440,"5211 Broadway, Oakland, CA, 94618, US"
Jr. Bacon Cheeseburger,2.99,370,"5211 Broadway, Oakland, CA, 94618, US"
Jr. Cheeseburger Deluxe,2.79,350,"5211 Broadway, Oakland, CA, 94618, US"
Jr. Cheeseburger,2.49,290,"5211 Broadway, Oakland, CA, 94618, US"
Double Stack™,2.99,410,"5211 Broadway, Oakland, CA, 94618, US"
Jr. Hamburger,2.19,250,"5211 Broadway, Oakland, CA, 94618, US"
French Fries,2.19-3.49,210-470,"5211 Broadway, Oakland, CA, 94618, US"
Baconator Fries,2.99,460,"5211 Broadway, Oakland, CA, 94618, US"
Chili Cheese Fries,2.99,520,"5211 Broadway, Oakland, CA, 94618, US"
Cheese Fries,2.79,470,"5211 Broadway, Oakland, CA, 94618, US"
Chili,3.19/3.89,240/340,"5211 Broadway, Oakland, CA, 94618, US"
Sour Cream and Chive Baked Potato,2.99,310,"5211 Broadway, Oakland, CA, 94618, US"
Plain Baked Potato,2.69,270,"5211 Broadway, Oakland, CA, 94618, US"
Bacon Cheese Baked Potato,4.19,440,"5211 Broadway, Oakland, CA, 94618, US"
Chili & Cheese Baked Potato,4.19,500,"5211 Broadway, Oakland, CA, 94618, US"
Cheese Baked Potato,3.49,450,"5211 Broadway, Oakland, CA, 94618, US"
Apple Bites,0.99,35,"5211 Broadway, Oakland, CA, 94618, US"
6 PC. Crispy Chicken Nuggets,3.29,270,"5211 Broadway, Oakland, CA, 94618, US"
4 PC. Crispy Chicken Nuggets,2.69,180,"5211 Broadway, Oakland, CA, 94618, US"
6 PC. Spicy Chicken Nuggets,3.29,280,"5211 Broadway, Oakland, CA, 94618, US"
4 PC. Spicy Chicken Nuggets,2.69,190,"5211 Broadway, Oakland, CA, 94618, US"
Pretzel Baconator®,9.79,"1,050","3680 West State Street, Boise, ID, 83703, US"
Dave's Single®,5.99,590,"3680 West State Street, Boise, ID, 83703, US"
Dave's Double®,7.19,860,"3680 West State Street, Boise, ID, 83703, US"
Dave's Triple®,8.39,"1,160","3680 West State Street, Boise, ID, 83703, US"
Baconator®,8.59,960,"3680 West State Street, Boise, ID, 83703, US"
Son of Baconator®,6.49,630,"3680 West State Street, Boise, ID, 83703, US"
Big Bacon Classic®,6.99,650,"3680 West State Street, Boise, ID, 83703, US"
Big Bacon Classic® Double,8.19,920,"3680 West State Street, Boise, ID, 83703, US"
Big Bacon Classic Triple,9.39,"1,220","3680 West State Street, Boise, ID, 83703, US"
Bacon Double Stack,4.29,440,"3680 West State Street, Boise, ID, 83703, US"
Jr. Bacon Cheeseburger,3.19,370,"3680 West State Street, Boise, ID, 83703, US"
Jr. Cheeseburger Deluxe,2.49,340,"3680 West State Street, Boise, ID, 83703, US"
Jr. Cheeseburger Deluxe,2.49,350,"3680 West State Street, Boise, ID, 83703, US"
Jr. Cheeseburger,2.29,290,"3680 West State Street, Boise, ID, 83703, US"
Double Stack™,3.19,410,"3680 West State Street, Boise, ID, 83703, US"
Jr. Hamburger,1.99,250,"3680 West State Street, Boise, ID, 83703, US"
French Fries,1.59-3.59,210-470,"3680 West State Street, Boise, ID, 83703, US"
Baconator Fries,4.19,460,"3680 West State Street, Boise, ID, 83703, US"
Chili Cheese Fries,4.19,520,"3680 West State Street, Boise, ID, 83703, US"
Cheese Fries,3.59,470,"3680 West State Street, Boise, ID, 83703, US"
Family Chili,16.99,"1,100","3680 West State Street, Boise, ID, 83703, US"
Chili,3.29/3.89,240/340,"3680 West State Street, Boise, ID, 83703, US"
Sour Cream and Chive Baked Potato,2.89,310,"3680 West State Street, Boise, ID, 83703, US"
Plain Baked Potato,2.49,270,"3680 West State Street, Boise, ID, 83703, US"
Bacon Cheese Baked Potato,4.19,440,"3680 West State Street, Boise, ID, 83703, US"
Chili & Cheese Baked Potato,4.19,500,"3680 West State Street, Boise, ID, 83703, US"
Cheese Baked Potato,3.99,450,"3680 West State Street, Boise, ID, 83703, US"
Apple Bites,0.99,35,"3680 West State Street, Boise, ID, 83703, US"
6 PC. Crispy Chicken Nuggets,3.19,270,"3680 West State Street, Boise, ID, 83703, US"
4 PC. Crispy Chicken Nuggets,2.49,180,"3680 West State Street, Boise, ID, 83703, US"
6 PC. Spicy Chicken Nuggets,3.19,280,"3680 West State Street, Boise, ID, 83703, US"
4 PC. Spicy Chicken Nuggets,2.49,190,"3680 West State Street, Boise, ID, 83703, US"
Pretzel Baconator®,9.79,"1,050","8100 West Franklin Road, Boise, ID, 83709, US"
Dave's Single®,5.99,590,"8100 West Franklin Road, Boise, ID, 83709, US"
Dave's Double®,7.19,860,"8100 West Franklin Road, Boise, ID, 83709, US"
Dave's Triple®,8.39,"1,160","8100 West Franklin Road, Boise, ID, 83709, US"
Baconator®,8.59,960,"8100 West Franklin Road, Boise, ID, 83709, US"
Son of Baconator®,6.49,630,"8100 West Franklin Road, Boise, ID, 83709, US"
Big Bacon Classic®,6.99,650,"8100 West Franklin Road, Boise, ID, 83709, US"
Big Bacon Classic® Double,8.19,920,"8100 West Franklin Road, Boise, ID, 83709, US"
Big Bacon Classic Triple,9.39,"1,220","8100 West Franklin Road, Boise, ID, 83709, US"
Bacon Double Stack,4.29,440,"8100 West Franklin Road, Boise, ID, 83709, US"
Jr. Bacon Cheeseburger,3.19,370,"8100 West Franklin Road, Boise, ID, 83709, US"
Jr. Cheeseburger Deluxe,2.49,340,"8100 West Franklin Road, Boise, ID, 83709, US"
Jr. Cheeseburger Deluxe,2.49,350,"8100 West Franklin Road, Boise, ID, 83709, US"
Jr. Cheeseburger,2.29,290,"8100 West Franklin Road, Boise, ID, 83709, US"
Double Stack™,3.19,410,"8100 West Franklin Road, Boise, ID, 83709, US"
Jr. Hamburger,1.99,250,"8100 West Franklin Road, Boise, ID, 83709, US"
French Fries,1.59-3.59,210-470,"8100 West Franklin Road, Boise, ID, 83709, US"
Baconator Fries,4.19,460,"8100 West Franklin Road, Boise, ID, 83709, US"
Chili Cheese Fries,4.19,520,"8100 West Franklin Road, Boise, ID, 83709, US"
Cheese Fries,3.59,470,"8100 West Franklin Road, Boise, ID, 83709, US"
Family Chili,16.99,"1,100","8100 West Franklin Road, Boise, ID, 83709, US"
Chili,3.29/3.89,240/340,"8100 West Franklin Road, Boise, ID, 83709, US"
Sour Cream and Chive Baked Potato,2.89,310,"8100 West Franklin Road, Boise, ID, 83709, US"
Plain Baked Potato,2.49,270,"8100 West Franklin Road, Boise, ID, 83709, US"
Bacon Cheese Baked Potato,4.19,440,"8100 West Franklin Road, Boise, ID, 83709, US"
Chili & Cheese Baked Potato,4.19,500,"8100 West Franklin Road, Boise, ID, 83709, US"
Cheese Baked Potato,3.99,450,"8100 West Franklin Road, Boise, ID, 83709, US"
Apple Bites,0.99,35,"8100 West Franklin Road, Boise, ID, 83709, US"
6 PC. Crispy Chicken Nuggets,3.19,270,"8100 West Franklin Road, Boise, ID, 83709, US"
4 PC. Crispy Chicken Nuggets,2.49,180,"8100 West Franklin Road, Boise, ID, 83709, US"
6 PC. Spicy Chicken Nuggets,3.19,280,"8100 West Franklin Road, Boise, ID, 83709, US"
4 PC. Spicy Chicken Nuggets,2.49,190,"8100 West Franklin Road, Boise, ID, 83709, US"
Pretzel Baconator®,8.99,"1,050","8921 East 116Th Street, Fishers, IN, 46038, US"
Dave's Single®,5.39,590,"8921 East 116Th Street, Fishers, IN, 46038, US"
Dave's Double®,6.39,860,"8921 East 116Th Street, Fishers, IN, 46038, US"
Dave's Triple®,7.49,"1,160","8921 East 116Th Street, Fishers, IN, 46038, US"
Baconator®,7.99,960,"8921 East 116Th Street, Fishers, IN, 46038, US"
Son of Baconator®,6.29,630,"8921 East 116Th Street, Fishers, IN, 46038, US"
Big Bacon Classic®,6.39,650,"8921 East 116Th Street, Fishers, IN, 46038, US"
Big Bacon Classic® Double,7.39,920,"8921 East 116Th Street, Fishers, IN, 46038, US"
Big Bacon Classic Triple,8.39,"1,220","8921 East 116Th Street, Fishers, IN, 46038, US"
Bacon Double Stack,4.19,440,"8921 East 116Th Street, Fishers, IN, 46038, US"
Jr. Bacon Cheeseburger,3.39,370,"8921 East 116Th Street, Fishers, IN, 46038, US"
Jr. Cheeseburger Deluxe,2.59,350,"8921 East 116Th Street, Fishers, IN, 46038, US"
Jr. Cheeseburger,1.99,290,"8921 East 116Th Street, Fishers, IN, 46038, US"
Double Stack™,3.49,410,"8921 East 116Th Street, Fishers, IN, 46038, US"
Jr. Hamburger,1.79,250,"8921 East 116Th Street, Fishers, IN, 46038, US"
French Fries,1.99-3.19,210-470,"8921 East 116Th Street, Fishers, IN, 46038, US"
Baconator Fries,3.29,460,"8921 East 116Th Street, Fishers, IN, 46038, US"
Chili Cheese Fries,3.29,520,"8921 East 116Th Street, Fishers, IN, 46038, US"
Cheese Fries,2.79,470,"8921 East 116Th Street, Fishers, IN, 46038, US"
Chili,2.59/3.59,240/340,"8921 East 116Th Street, Fishers, IN, 46038, US"
Sour Cream and Chive Baked Potato,2.59,310,"8921 East 116Th Street, Fishers, IN, 46038, US"
Plain Baked Potato,2.59,270,"8921 East 116Th Street, Fishers, IN, 46038, US"
Bacon Cheese Baked Potato,3.79,440,"8921 East 116Th Street, Fishers, IN, 46038, US"
Chili & Cheese Baked Potato,3.79,500,"8921 East 116Th Street, Fishers, IN, 46038, US"
Cheese Baked Potato,3.59,450,"8921 East 116Th Street, Fishers, IN, 46038, US"
Apple Bites,0.99,35,"8921 East 116Th Street, Fishers, IN, 46038, US"
6 PC. Crispy Chicken Nuggets,3.09,270,"8921 East 116Th Street, Fishers, IN, 46038, US"
4 PC. Crispy Chicken Nuggets,2.09,180,"8921 East 116Th Street, Fishers, IN, 46038, US"
6 PC. Spicy Chicken Nuggets,3.09,280,"8921 East 116Th Street, Fishers, IN, 46038, US"
4 PC. Spicy Chicken Nuggets,2.09,190,"8921 East 116Th Street, Fishers, IN, 46038, US"
Pretzel Baconator®,8.79,"1,050","1844 165th St, Hammond, IN, 46320, US"
Dave's Single®,5.29,590,"1844 165th St, Hammond, IN, 46320, US"
Dave's Double®,6.49,860,"1844 165th St, Hammond, IN, 46320, US"
Dave's Triple®,7.69,"1,160","1844 165th St, Hammond, IN, 46320, US"
Baconator®,7.79,960,"1844 165th St, Hammond, IN, 46320, US"
Son of Baconator®,5.79,630,"1844 165th St, Hammond, IN, 46320, US"
Big Bacon Classic®,6.39,650,"1844 165th St, Hammond, IN, 46320, US"
Big Bacon Classic® Double,7.49,920,"1844 165th St, Hammond, IN, 46320, US"
Big Bacon Classic Triple,8.59,"1,220","1844 165th St, Hammond, IN, 46320, US"
Bacon Double Stack,3.79,440,"1844 165th St, Hammond, IN, 46320, US"
Jr. Bacon Cheeseburger,2.79,370,"1844 165th St, Hammond, IN, 46320, US"
Jr. Cheeseburger Deluxe,2.29,350,"1844 165th St, Hammond, IN, 46320, US"
Jr. Cheeseburger,2.19,290,"1844 165th St, Hammond, IN, 46320, US"
Double Stack™,2.99,410,"1844 165th St, Hammond, IN, 46320, US"
Jr. Hamburger,1.89,250,"1844 165th St, Hammond, IN, 46320, US"
French Fries,1.79-3.29,210-470,"1844 165th St, Hammond, IN, 46320, US"
Baconator Fries,3.69,460,"1844 165th St, Hammond, IN, 46320, US"
Chili Cheese Fries,3.69,520,"1844 165th St, Hammond, IN, 46320, US"
Cheese Fries,2.99,470,"1844 165th St, Hammond, IN, 46320, US"
Chili,3.19/3.99,240/340,"1844 165th St, Hammond, IN, 46320, US"
Apple Bites,0.99,35,"1844 165th St, Hammond, IN, 46320, US"
6 PC. Crispy Chicken Nuggets,2.79,270,"1844 165th St, Hammond, IN, 46320, US"
4 PC. Crispy Chicken Nuggets,1.99,180,"1844 165th St, Hammond, IN, 46320, US"
6 PC. Spicy Chicken Nuggets,2.79,280,"1844 165th St, Hammond, IN, 46320, US"
4 PC. Spicy Chicken Nuggets,1.99,190,"1844 165th St, Hammond, IN, 46320, US"
Pretzel Baconator®,8.79,"1,050","7790 Corinne Dr, Hammond, IN, 46323, US"
Dave's Single®,5.29,590,"7790 Corinne Dr, Hammond, IN, 46323, US"
Dave's Double®,6.49,860,"7790 Corinne Dr, Hammond, IN, 46323, US"
Dave's Triple®,7.69,"1,160","7790 Corinne Dr, Hammond, IN, 46323, US"
Baconator®,7.79,960,"7790 Corinne Dr, Hammond, IN, 46323, US"
Son of Baconator®,5.79,630,"7790 Corinne Dr, Hammond, IN, 46323, US"
Big Bacon Classic®,6.39,650,"7790 Corinne Dr, Hammond, IN, 46323, US"
Big Bacon Classic® Double,7.49,920,"7790 Corinne Dr, Hammond, IN, 46323, US"
Big Bacon Classic Triple,8.59,"1,220","7790 Corinne Dr, Hammond, IN, 46323, US"
Bacon Double Stack,3.79,440,"7790 Corinne Dr, Hammond, IN, 46323, US"
Jr. Bacon Cheeseburger,2.79,370,"7790 Corinne Dr, Hammond, IN, 46323, US"
Jr. Cheeseburger Deluxe,2.29,350,"7790 Corinne Dr, Hammond, IN, 46323, US"
Jr. Cheeseburger,2.19,290,"7790 Corinne Dr, Hammond, IN, 46323, US"
Double Stack™,2.99,410,"7790 Corinne Dr, Hammond, IN, 46323, US"
Jr. Hamburger,1.89,250,"7790 Corinne Dr, Hammond, IN, 46323, US"
French Fries,1.79-3.29,210-470,"7790 Corinne Dr, Hammond, IN, 46323, US"
Baconator Fries,3.69,460,"7790 Corinne Dr, Hammond, IN, 46323, US"
Chili Cheese Fries,3.69,520,"7790 Corinne Dr, Hammond, IN, 46323, US"
Cheese Fries,2.99,470,"7790 Corinne Dr, Hammond, IN, 46323, US"
Chili,3.19/3.99,240/340,"7790 Corinne Dr, Hammond, IN, 46323, US"
Sour Cream and Chive Baked Potato,2.49,310,"7790 Corinne Dr, Hammond, IN, 46323, US"
Plain Baked Potato,2.29,270,"7790 Corinne Dr, Hammond, IN, 46323, US"
Bacon Cheese Baked Potato,4.39,440,"7790 Corinne Dr, Hammond, IN, 46323, US"
Chili & Cheese Baked Potato,4.39,500,"7790 Corinne Dr, Hammond, IN, 46323, US"
Cheese Baked Potato,3.59,450,"7790 Corinne Dr, Hammond, IN, 46323, US"
Apple Bites,0.99,35,"7790 Corinne Dr, Hammond, IN, 46323, US"
6 PC. Crispy Chicken Nuggets,2.79,270,"7790 Corinne Dr, Hammond, IN, 46323, US"
4 PC. Crispy Chicken Nuggets,1.99,180,"7790 Corinne Dr, Hammond, IN, 46323, US"
6 PC. Spicy Chicken Nuggets,2.79,280,"7790 Corinne Dr, Hammond, IN, 46323, US"
4 PC. Spicy Chicken Nuggets,1.99,190,"7790 Corinne Dr, Hammond, IN, 46323, US"
Pretzel Baconator®,8.79,"1,050","2120 E Columbus Dr., East Chicago, IN, 46312, US"
Dave's Single®,5.29,590,"2120 E Columbus Dr., East Chicago, IN, 46312, US"
Dave's Double®,6.49,860,"2120 E Columbus Dr., East Chicago, IN, 46312, US"
Dave's Triple®,7.69,"1,160","2120 E Columbus Dr., East Chicago, IN, 46312, US"
Baconator®,7.79,960,"2120 E Columbus Dr., East Chicago, IN, 46312, US"
Son of Baconator®,5.79,630,"2120 E Columbus Dr., East Chicago, IN, 46312, US"
Big Bacon Classic®,6.39,650,"2120 E Columbus Dr., East Chicago, IN, 46312, US"
Big Bacon Classic® Double,7.49,920,"2120 E Columbus Dr., East Chicago, IN, 46312, US"
Big Bacon Classic Triple,8.59,"1,220","2120 E Columbus Dr., East Chicago, IN, 46312, US"
Bacon Double Stack,3.79,440,"2120 E Columbus Dr., East Chicago, IN, 46312, US"
Jr. Bacon Cheeseburger,2.79,370,"2120 E Columbus Dr., East Chicago, IN, 46312, US"
Jr. Cheeseburger Deluxe,2.29,340,"2120 E Columbus Dr., East Chicago, IN, 46312, US"
Jr. Cheeseburger Deluxe,2.29,350,"2120 E Columbus Dr., East Chicago, IN, 46312, US"
Jr. Cheeseburger,2.19,290,"2120 E Columbus Dr., East Chicago, IN, 46312, US"
Double Stack™,2.99,410,"2120 E Columbus Dr., East Chicago, IN, 46312, US"
Jr. Hamburger,1.89,250,"2120 E Columbus Dr., East Chicago, IN, 46312, US"
French Fries,1.79-3.29,210-470,"2120 E Columbus Dr., East Chicago, IN, 46312, US"
Baconator Fries,3.69,460,"2120 E Columbus Dr., East Chicago, IN, 46312, US"
Chili Cheese Fries,3.69,520,"2120 E Columbus Dr., East Chicago, IN, 46312, US"
Cheese Fries,2.99,470,"2120 E Columbus Dr., East Chicago, IN, 46312, US"
Chili,3.19/3.99,240/340,"2120 E Columbus Dr., East Chicago, IN, 46312, US"
Sour Cream and Chive Baked Potato,2.49,310,"2120 E Columbus Dr., East Chicago, IN, 46312, US"
Plain Baked Potato,2.29,270,"2120 E Columbus Dr., East Chicago, IN, 46312, US"
Bacon Cheese Baked Potato,4.39,440,"2120 E Columbus Dr., East Chicago, IN, 46312, US"
Chili & Cheese Baked Potato,4.39,500,"2120 E Columbus Dr., East Chicago, IN, 46312, US"
Cheese Baked Potato,3.59,450,"2120 E Columbus Dr., East Chicago, IN, 46312, US"
Apple Bites,0.99,35,"2120 E Columbus Dr., East Chicago, IN, 46312, US"
6 PC. Crispy Chicken Nuggets,2.79,270,"2120 E Columbus Dr., East Chicago, IN, 46312, US"
4 PC. Crispy Chicken Nuggets,1.99,180,"2120 E Columbus Dr., East Chicago, IN, 46312, US"
6 PC. Spicy Chicken Nuggets,2.79,280,"2120 E Columbus Dr., East Chicago, IN, 46312, US"
4 PC. Spicy Chicken Nuggets,1.99,190,"2120 E Columbus Dr., East Chicago, IN, 46312, US"
Pretzel Baconator®,8.79,"1,050","9703 Kennedy Avenue, Highland, IN, 46322, US"
Dave's Single®,5.29,590,"9703 Kennedy Avenue, Highland, IN, 46322, US"
Dave's Double®,6.49,860,"9703 Kennedy Avenue, Highland, IN, 46322, US"
Dave's Triple®,7.69,"1,160","9703 Kennedy Avenue, Highland, IN, 46322, US"
Baconator®,7.79,960,"9703 Kennedy Avenue, Highland, IN, 46322, US"
Son of Baconator®,5.79,630,"9703 Kennedy Avenue, Highland, IN, 46322, US"
Big Bacon Classic®,6.39,650,"9703 Kennedy Avenue, Highland, IN, 46322, US"
Big Bacon Classic® Double,7.49,920,"9703 Kennedy Avenue, Highland, IN, 46322, US"
Big Bacon Classic Triple,8.59,"1,220","9703 Kennedy Avenue, Highland, IN, 46322, US"
Bacon Double Stack,3.79,440,"9703 Kennedy Avenue, Highland, IN, 46322, US"
Jr. Bacon Cheeseburger,2.79,370,"9703 Kennedy Avenue, Highland, IN, 46322, US"
Jr. Cheeseburger Deluxe,2.29,350,"9703 Kennedy Avenue, Highland, IN, 46322, US"
Jr. Cheeseburger,2.19,290,"9703 Kennedy Avenue, Highland, IN, 46322, US"
Double Stack™,2.99,410,"9703 Kennedy Avenue, Highland, IN, 46322, US"
Jr. Hamburger,1.89,250,"9703 Kennedy Avenue, Highland, IN, 46322, US"
French Fries,1.79-3.29,210-470,"9703 Kennedy Avenue, Highland, IN, 46322, US"
Baconator Fries,3.69,460,"9703 Kennedy Avenue, Highland, IN, 46322, US"
Chili Cheese Fries,3.69,520,"9703 Kennedy Avenue, Highland, IN, 46322, US"
Cheese Fries,2.99,470,"9703 Kennedy Avenue, Highland, IN, 46322, US"
Chili,3.19/3.99,240/340,"9703 Kennedy Avenue, Highland, IN, 46322, US"
Sour Cream and Chive Baked Potato,2.49,310,"9703 Kennedy Avenue, Highland, IN, 46322, US"
Plain Baked Potato,2.29,270,"9703 Kennedy Avenue, Highland, IN, 46322, US"
Bacon Cheese Baked Potato,4.39,440,"9703 Kennedy Avenue, Highland, IN, 46322, US"
Chili & Cheese Baked Potato,4.39,500,"9703 Kennedy Avenue, Highland, IN, 46322, US"
Cheese Baked Potato,3.59,450,"9703 Kennedy Avenue, Highland, IN, 46322, US"
Apple Bites,0.99,35,"9703 Kennedy Avenue, Highland, IN, 46322, US"
6 PC. Crispy Chicken Nuggets,2.79,270,"9703 Kennedy Avenue, Highland, IN, 46322, US"
4 PC. Crispy Chicken Nuggets,1.99,180,"9703 Kennedy Avenue, Highland, IN, 46322, US"
6 PC. Spicy Chicken Nuggets,2.79,280,"9703 Kennedy Avenue, Highland, IN, 46322, US"
4 PC. Spicy Chicken Nuggets,1.99,190,"9703 Kennedy Avenue, Highland, IN, 46322, US"
Pretzel Baconator®,9.29,"1,050","101 East Ridge Road, Griffith, IN, 46319, US"
Dave's Single®,5.29,590,"101 East Ridge Road, Griffith, IN, 46319, US"
Dave's Double®,6.99,860,"101 East Ridge Road, Griffith, IN, 46319, US"
Dave's Triple®,8.69,"1,160","101 East Ridge Road, Griffith, IN, 46319, US"
Baconator®,8.29,960,"101 East Ridge Road, Griffith, IN, 46319, US"
Son of Baconator®,6.39,630,"101 East Ridge Road, Griffith, IN, 46319, US"
Big Bacon Classic®,6.39,650,"101 East Ridge Road, Griffith, IN, 46319, US"
Big Bacon Classic® Double,8.09,920,"101 East Ridge Road, Griffith, IN, 46319, US"
Big Bacon Classic Triple,9.79,"1,220","101 East Ridge Road, Griffith, IN, 46319, US"
Bacon Double Stack,4.09,440,"101 East Ridge Road, Griffith, IN, 46319, US"
Jr. Bacon Cheeseburger,3.19,370,"101 East Ridge Road, Griffith, IN, 46319, US"
Jr. Cheeseburger Deluxe,2.89,350,"101 East Ridge Road, Griffith, IN, 46319, US"
Jr. Cheeseburger,2.69,290,"101 East Ridge Road, Griffith, IN, 46319, US"
Double Stack™,3.49,410,"101 East Ridge Road, Griffith, IN, 46319, US"
Jr. Hamburger,2.29,250,"101 East Ridge Road, Griffith, IN, 46319, US"
French Fries,1.59-3.69,210-470,"101 East Ridge Road, Griffith, IN, 46319, US"
Baconator Fries,3.89,460,"101 East Ridge Road, Griffith, IN, 46319, US"
Chili Cheese Fries,4.09,520,"101 East Ridge Road, Griffith, IN, 46319, US"
Cheese Fries,3.49,470,"101 East Ridge Road, Griffith, IN, 46319, US"
Family Chili,15.99,"1,100","101 East Ridge Road, Griffith, IN, 46319, US"
Chili,2.99/3.99,240/340,"101 East Ridge Road, Griffith, IN, 46319, US"
Sour Cream and Chive Baked Potato,2.99,310,"101 East Ridge Road, Griffith, IN, 46319, US"
Plain Baked Potato,2.89,270,"101 East Ridge Road, Griffith, IN, 46319, US"
Bacon Cheese Baked Potato,4.59,440,"101 East Ridge Road, Griffith, IN, 46319, US"
Chili & Cheese Baked Potato,4.59,500,"101 East Ridge Road, Griffith, IN, 46319, US"
Cheese Baked Potato,4.09,450,"101 East Ridge Road, Griffith, IN, 46319, US"
Apple Bites,1.89,35,"101 East Ridge Road, Griffith, IN, 46319, US"
6 PC. Crispy Chicken Nuggets,3.39,270,"101 East Ridge Road, Griffith, IN, 46319, US"
4 PC. Crispy Chicken Nuggets,2.59,180,"101 East Ridge Road, Griffith, IN, 46319, US"
6 PC. Spicy Chicken Nuggets,3.39,280,"101 East Ridge Road, Griffith, IN, 46319, US"
4 PC. Spicy Chicken Nuggets,2.59,190,"101 East Ridge Road, Griffith, IN, 46319, US"
Pretzel Baconator®,8.99,"1,050","6351 E. 82Nd Street, Indianapolis, IN, 46250, US"
Dave's Single®,5.39,590,"6351 E. 82Nd Street, Indianapolis, IN, 46250, US"
Dave's Double®,6.39,860,"6351 E. 82Nd Street, Indianapolis, IN, 46250, US"
Dave's Triple®,7.49,"1,160","6351 E. 82Nd Street, Indianapolis, IN, 46250, US"
Baconator®,7.99,960,"6351 E. 82Nd Street, Indianapolis, IN, 46250, US"
Son of Baconator®,6.29,630,"6351 E. 82Nd Street, Indianapolis, IN, 46250, US"
Big Bacon Classic®,6.39,650,"6351 E. 82Nd Street, Indianapolis, IN, 46250, US"
Big Bacon Classic® Double,7.39,920,"6351 E. 82Nd Street, Indianapolis, IN, 46250, US"
Big Bacon Classic Triple,8.39,"1,220","6351 E. 82Nd Street, Indianapolis, IN, 46250, US"
Bacon Double Stack,4.19,440,"6351 E. 82Nd Street, Indianapolis, IN, 46250, US"
Jr. Bacon Cheeseburger,3.39,370,"6351 E. 82Nd Street, Indianapolis, IN, 46250, US"
Jr. Cheeseburger Deluxe,2.59,350,"6351 E. 82Nd Street, Indianapolis, IN, 46250, US"
Jr. Cheeseburger,1.99,290,"6351 E. 82Nd Street, Indianapolis, IN, 46250, US"
Double Stack™,3.49,410,"6351 E. 82Nd Street, Indianapolis, IN, 46250, US"
Jr. Hamburger,1.79,250,"6351 E. 82Nd Street, Indianapolis, IN, 46250, US"
French Fries,1.99-3.19,210-470,"6351 E. 82Nd Street, Indianapolis, IN, 46250, US"
Baconator Fries,3.29,460,"6351 E. 82Nd Street, Indianapolis, IN, 46250, US"
Chili Cheese Fries,3.29,520,"6351 E. 82Nd Street, Indianapolis, IN, 46250, US"
Cheese Fries,2.79,470,"6351 E. 82Nd Street, Indianapolis, IN, 46250, US"
Chili,2.59/3.59,240/340,"6351 E. 82Nd Street, Indianapolis, IN, 46250, US"
Sour Cream and Chive Baked Potato,2.59,310,"6351 E. 82Nd Street, Indianapolis, IN, 46250, US"
Plain Baked Potato,2.59,270,"6351 E. 82Nd Street, Indianapolis, IN, 46250, US"
Bacon Cheese Baked Potato,3.79,440,"6351 E. 82Nd Street, Indianapolis, IN, 46250, US"
Chili & Cheese Baked Potato,3.79,500,"6351 E. 82Nd Street, Indianapolis, IN, 46250, US"
Cheese Baked Potato,3.59,450,"6351 E. 82Nd Street, Indianapolis, IN, 46250, US"
Apple Bites,0.99,35,"6351 E. 82Nd Street, Indianapolis, IN, 46250, US"
6 PC. Crispy Chicken Nuggets,3.09,270,"6351 E. 82Nd Street, Indianapolis, IN, 46250, US"
4 PC. Crispy Chicken Nuggets,2.09,180,"6351 E. 82Nd Street, Indianapolis, IN, 46250, US"
6 PC. Spicy Chicken Nuggets,3.09,280,"6351 E. 82Nd Street, Indianapolis, IN, 46250, US"
4 PC. Spicy Chicken Nuggets,2.09,190,"6351 E. 82Nd Street, Indianapolis, IN, 46250, US"
Pretzel Baconator®,8.99,"1,050","2245 N. Meridian St, Indianapolis, IN, 46208, US"
Dave's Single®,5.39,590,"2245 N. Meridian St, Indianapolis, IN, 46208, US"
Dave's Double®,6.39,860,"2245 N. Meridian St, Indianapolis, IN, 46208, US"
Dave's Triple®,7.49,"1,160","2245 N. Meridian St, Indianapolis, IN, 46208, US"
Baconator®,7.99,960,"2245 N. Meridian St, Indianapolis, IN, 46208, US"
Son of Baconator®,6.29,630,"2245 N. Meridian St, Indianapolis, IN, 46208, US"
Big Bacon Classic®,6.39,650,"2245 N. Meridian St, Indianapolis, IN, 46208, US"
Big Bacon Classic® Double,7.39,920,"2245 N. Meridian St, Indianapolis, IN, 46208, US"
Big Bacon Classic Triple,8.39,"1,220","2245 N. Meridian St, Indianapolis, IN, 46208, US"
Bacon Double Stack,4.19,440,"2245 N. Meridian St, Indianapolis, IN, 46208, US"
Jr. Bacon Cheeseburger,3.39,370,"2245 N. Meridian St, Indianapolis, IN, 46208, US"
Jr. Cheeseburger Deluxe,2.59,350,"2245 N. Meridian St, Indianapolis, IN, 46208, US"
Jr. Cheeseburger,1.99,290,"2245 N. Meridian St, Indianapolis, IN, 46208, US"
Double Stack™,3.49,410,"2245 N. Meridian St, Indianapolis, IN, 46208, US"
Jr. Hamburger,1.79,250,"2245 N. Meridian St, Indianapolis, IN, 46208, US"
French Fries,1.99-3.19,210-470,"2245 N. Meridian St, Indianapolis, IN, 46208, US"
Baconator Fries,3.29,460,"2245 N. Meridian St, Indianapolis, IN, 46208, US"
Chili Cheese Fries,3.29,520,"2245 N. Meridian St, Indianapolis, IN, 46208, US"
Cheese Fries,2.79,470,"2245 N. Meridian St, Indianapolis, IN, 46208, US"
Chili,2.59/3.59,240/340,"2245 N. Meridian St, Indianapolis, IN, 46208, US"
Sour Cream and Chive Baked Potato,2.59,310,"2245 N. Meridian St, Indianapolis, IN, 46208, US"
Plain Baked Potato,2.59,270,"2245 N. Meridian St, Indianapolis, IN, 46208, US"
Bacon Cheese Baked Potato,3.79,440,"2245 N. Meridian St, Indianapolis, IN, 46208, US"
Chili & Cheese Baked Potato,3.79,500,"2245 N. Meridian St, Indianapolis, IN, 46208, US"
Cheese Baked Potato,3.59,450,"2245 N. Meridian St, Indianapolis, IN, 46208, US"
Apple Bites,0.99,35,"2245 N. Meridian St, Indianapolis, IN, 46208, US"
6 PC. Crispy Chicken Nuggets,3.09,270,"2245 N. Meridian St, Indianapolis, IN, 46208, US"
4 PC. Crispy Chicken Nuggets,2.09,180,"2245 N. Meridian St, Indianapolis, IN, 46208, US"
6 PC. Spicy Chicken Nuggets,3.09,280,"2245 N. Meridian St, Indianapolis, IN, 46208, US"
4 PC. Spicy Chicken Nuggets,2.09,190,"2245 N. Meridian St, Indianapolis, IN, 46208, US"
Pretzel Baconator®,8.99,"1,050","3323 E. Washington St, Indianapolis, IN, 46201, US"
Dave's Single®,5.39,590,"3323 E. Washington St, Indianapolis, IN, 46201, US"
Dave's Double®,6.39,860,"3323 E. Washington St, Indianapolis, IN, 46201, US"
Dave's Triple®,7.49,"1,160","3323 E. Washington St, Indianapolis, IN, 46201, US"
Baconator®,7.99,960,"3323 E. Washington St, Indianapolis, IN, 46201, US"
Son of Baconator®,6.29,630,"3323 E. Washington St, Indianapolis, IN, 46201, US"
Big Bacon Classic®,6.39,650,"3323 E. Washington St, Indianapolis, IN, 46201, US"
Big Bacon Classic® Double,7.39,920,"3323 E. Washington St, Indianapolis, IN, 46201, US"
Big Bacon Classic Triple,8.39,"1,220","3323 E. Washington St, Indianapolis, IN, 46201, US"
Bacon Double Stack,4.19,440,"3323 E. Washington St, Indianapolis, IN, 46201, US"
Jr. Bacon Cheeseburger,3.39,370,"3323 E. Washington St, Indianapolis, IN, 46201, US"
Jr. Cheeseburger Deluxe,2.59,350,"3323 E. Washington St, Indianapolis, IN, 46201, US"
Jr. Cheeseburger,1.99,290,"3323 E. Washington St, Indianapolis, IN, 46201, US"
Double Stack™,3.49,410,"3323 E. Washington St, Indianapolis, IN, 46201, US"
Jr. Hamburger,1.79,250,"3323 E. Washington St, Indianapolis, IN, 46201, US"
French Fries,1.99-3.19,210-470,"3323 E. Washington St, Indianapolis, IN, 46201, US"
Baconator Fries,3.29,460,"3323 E. Washington St, Indianapolis, IN, 46201, US"
Chili Cheese Fries,3.29,520,"3323 E. Washington St, Indianapolis, IN, 46201, US"
Cheese Fries,2.79,470,"3323 E. Washington St, Indianapolis, IN, 46201, US"
Chili,2.59/3.59,240/340,"3323 E. Washington St, Indianapolis, IN, 46201, US"
Sour Cream and Chive Baked Potato,2.59,310,"3323 E. Washington St, Indianapolis, IN, 46201, US"
Plain Baked Potato,2.59,270,"3323 E. Washington St, Indianapolis, IN, 46201, US"
Bacon Cheese Baked Potato,3.79,440,"3323 E. Washington St, Indianapolis, IN, 46201, US"
Chili & Cheese Baked Potato,3.79,500,"3323 E. Washington St, Indianapolis, IN, 46201, US"
Cheese Baked Potato,3.59,450,"3323 E. Washington St, Indianapolis, IN, 46201, US"
Apple Bites,0.99,35,"3323 E. Washington St, Indianapolis, IN, 46201, US"
6 PC. Crispy Chicken Nuggets,3.09,270,"3323 E. Washington St, Indianapolis, IN, 46201, US"
4 PC. Crispy Chicken Nuggets,2.09,180,"3323 E. Washington St, Indianapolis, IN, 46201, US"
6 PC. Spicy Chicken Nuggets,3.09,280,"3323 E. Washington St, Indianapolis, IN, 46201, US"
4 PC. Spicy Chicken Nuggets,2.09,190,"3323 E. Washington St, Indianapolis, IN, 46201, US"
Pretzel Baconator®,8.49,"1,050","3640 SOUTH KEYSTONE AVENUE, INDIANAPOLIS, IN, 46227, US"
Dave's Single®,5.89,590,"3640 SOUTH KEYSTONE AVENUE, INDIANAPOLIS, IN, 46227, US"
Dave's Double®,6.99,860,"3640 SOUTH KEYSTONE AVENUE, INDIANAPOLIS, IN, 46227, US"
Dave's Triple®,7.99,"1,160","3640 SOUTH KEYSTONE AVENUE, INDIANAPOLIS, IN, 46227, US"
Baconator®,8.19,960,"3640 SOUTH KEYSTONE AVENUE, INDIANAPOLIS, IN, 46227, US"
Son of Baconator®,6.99,630,"3640 SOUTH KEYSTONE AVENUE, INDIANAPOLIS, IN, 46227, US"
Big Bacon Classic®,6.99,650,"3640 SOUTH KEYSTONE AVENUE, INDIANAPOLIS, IN, 46227, US"
Big Bacon Classic® Double,8.09,920,"3640 SOUTH KEYSTONE AVENUE, INDIANAPOLIS, IN, 46227, US"
Big Bacon Classic Triple,9.19,"1,220","3640 SOUTH KEYSTONE AVENUE, INDIANAPOLIS, IN, 46227, US"
Bacon Double Stack,4.59,440,"3640 SOUTH KEYSTONE AVENUE, INDIANAPOLIS, IN, 46227, US"
Jr. Bacon Cheeseburger,3.59,370,"3640 SOUTH KEYSTONE AVENUE, INDIANAPOLIS, IN, 46227, US"
Jr. Cheeseburger Deluxe,2.59,340,"3640 SOUTH KEYSTONE AVENUE, INDIANAPOLIS, IN, 46227, US"
Jr. Cheeseburger,2.19,290,"3640 SOUTH KEYSTONE AVENUE, INDIANAPOLIS, IN, 46227, US"
Double Stack™,3.99,410,"3640 SOUTH KEYSTONE AVENUE, INDIANAPOLIS, IN, 46227, US"
Jr. Hamburger,1.99,250,"3640 SOUTH KEYSTONE AVENUE, INDIANAPOLIS, IN, 46227, US"
French Fries,1.99-3.49,210-470,"3640 SOUTH KEYSTONE AVENUE, INDIANAPOLIS, IN, 46227, US"
Baconator Fries,3.99,460,"3640 SOUTH KEYSTONE AVENUE, INDIANAPOLIS, IN, 46227, US"
Chili Cheese Fries,3.99,520,"3640 SOUTH KEYSTONE AVENUE, INDIANAPOLIS, IN, 46227, US"
Cheese Fries,3.99,470,"3640 SOUTH KEYSTONE AVENUE, INDIANAPOLIS, IN, 46227, US"
Family Chili,16.99,"1,100","3640 SOUTH KEYSTONE AVENUE, INDIANAPOLIS, IN, 46227, US"
Chili,3.49/4.49,240/340,"3640 SOUTH KEYSTONE AVENUE, INDIANAPOLIS, IN, 46227, US"
Sour Cream and Chive Baked Potato,2.99,310,"3640 SOUTH KEYSTONE AVENUE, INDIANAPOLIS, IN, 46227, US"
Plain Baked Potato,2.99,270,"3640 SOUTH KEYSTONE AVENUE, INDIANAPOLIS, IN, 46227, US"
Bacon Cheese Baked Potato,4.29,440,"3640 SOUTH KEYSTONE AVENUE, INDIANAPOLIS, IN, 46227, US"
Chili & Cheese Baked Potato,4.29,500,"3640 SOUTH KEYSTONE AVENUE, INDIANAPOLIS, IN, 46227, US"
Cheese Baked Potato,4.29,450,"3640 SOUTH KEYSTONE AVENUE, INDIANAPOLIS, IN, 46227, US"
Apple Bites,1.29,35,"3640 SOUTH KEYSTONE AVENUE, INDIANAPOLIS, IN, 46227, US"
6 PC. Crispy Chicken Nuggets,3.39,270,"3640 SOUTH KEYSTONE AVENUE, INDIANAPOLIS, IN, 46227, US"
4 PC. Crispy Chicken Nuggets,2.29,180,"3640 SOUTH KEYSTONE AVENUE, INDIANAPOLIS, IN, 46227, US"
6 PC. Spicy Chicken Nuggets,3.39,280,"3640 SOUTH KEYSTONE AVENUE, INDIANAPOLIS, IN, 46227, US"
4 PC. Spicy Chicken Nuggets,2.19,190,"3640 SOUTH KEYSTONE AVENUE, INDIANAPOLIS, IN, 46227, US"
Pretzel Baconator®,9.89,"1,050","4935 MERLE HAY ROAD, DES MOINES, IA, 50322, US"
Dave's Single®,5.99,590,"4935 MERLE HAY ROAD, DES MOINES, IA, 50322, US"
Dave's Double®,7.19,860,"4935 MERLE HAY ROAD, DES MOINES, IA, 50322, US"
Dave's Triple®,8.39,"1,160","4935 MERLE HAY ROAD, DES MOINES, IA, 50322, US"
Baconator®,8.89,960,"4935 MERLE HAY ROAD, DES MOINES, IA, 50322, US"
Son of Baconator®,6.79,630,"4935 MERLE HAY ROAD, DES MOINES, IA, 50322, US"
Big Bacon Classic®,7.29,650,"4935 MERLE HAY ROAD, DES MOINES, IA, 50322, US"
Big Bacon Classic® Double,8.49,920,"4935 MERLE HAY ROAD, DES MOINES, IA, 50322, US"
Big Bacon Classic Triple,9.69,"1,220","4935 MERLE HAY ROAD, DES MOINES, IA, 50322, US"
Bacon Double Stack,4.19,440,"4935 MERLE HAY ROAD, DES MOINES, IA, 50322, US"
Jr. Bacon Cheeseburger,3.19,370,"4935 MERLE HAY ROAD, DES MOINES, IA, 50322, US"
Jr. Cheeseburger Deluxe,2.59,350,"4935 MERLE HAY ROAD, DES MOINES, IA, 50322, US"
Jr. Cheeseburger,2.19,290,"4935 MERLE HAY ROAD, DES MOINES, IA, 50322, US"
Double Stack™,3.19,410,"4935 MERLE HAY ROAD, DES MOINES, IA, 50322, US"
Jr. Hamburger,1.69,250,"4935 MERLE HAY ROAD, DES MOINES, IA, 50322, US"
French Fries,1.79-3.49,210-470,"4935 MERLE HAY ROAD, DES MOINES, IA, 50322, US"
Baconator Fries,4.19,460,"4935 MERLE HAY ROAD, DES MOINES, IA, 50322, US"
Chili Cheese Fries,4.19,520,"4935 MERLE HAY ROAD, DES MOINES, IA, 50322, US"
Cheese Fries,3.99,470,"4935 MERLE HAY ROAD, DES MOINES, IA, 50322, US"
Family Chili,16.99,"1,100","4935 MERLE HAY ROAD, DES MOINES, IA, 50322, US"
Chili,3.49/4.19,240/340,"4935 MERLE HAY ROAD, DES MOINES, IA, 50322, US"
Sour Cream and Chive Baked Potato,3.19,310,"4935 MERLE HAY ROAD, DES MOINES, IA, 50322, US"
Plain Baked Potato,2.99,270,"4935 MERLE HAY ROAD, DES MOINES, IA, 50322, US"
Bacon Cheese Baked Potato,4.69,440,"4935 MERLE HAY ROAD, DES MOINES, IA, 50322, US"
Chili & Cheese Baked Potato,4.69,500,"4935 MERLE HAY ROAD, DES MOINES, IA, 50322, US"
Cheese Baked Potato,4.49,450,"4935 MERLE HAY ROAD, DES MOINES, IA, 50322, US"
Apple Bites,1.39,35,"4935 MERLE HAY ROAD, DES MOINES, IA, 50322, US"
6 PC. Crispy Chicken Nuggets,3.29,270,"4935 MERLE HAY ROAD, DES MOINES, IA, 50322, US"
4 PC. Crispy Chicken Nuggets,2.49,180,"4935 MERLE HAY ROAD, DES MOINES, IA, 50322, US"
6 PC. Spicy Chicken Nuggets,3.29,280,"4935 MERLE HAY ROAD, DES MOINES, IA, 50322, US"
4 PC. Spicy Chicken Nuggets,2.49,190,"4935 MERLE HAY ROAD, DES MOINES, IA, 50322, US"
Pretzel Baconator®,9.89,"1,050","9161 Metcalf Avenue, Overland Park, KS, 66212, US"
Dave's Single®,5.99,590,"9161 Metcalf Avenue, Overland Park, KS, 66212, US"
Dave's Double®,7.49,860,"9161 Metcalf Avenue, Overland Park, KS, 66212, US"
Dave's Triple®,8.79,"1,160","9161 Metcalf Avenue, Overland Park, KS, 66212, US"
Baconator®,8.89,960,"9161 Metcalf Avenue, Overland Park, KS, 66212, US"
Son of Baconator®,6.69,630,"9161 Metcalf Avenue, Overland Park, KS, 66212, US"
Big Bacon Classic®,6.99,650,"9161 Metcalf Avenue, Overland Park, KS, 66212, US"
Big Bacon Classic® Double,8.49,920,"9161 Metcalf Avenue, Overland Park, KS, 66212, US"
Big Bacon Classic Triple,9.79,"1,220","9161 Metcalf Avenue, Overland Park, KS, 66212, US"
Bacon Double Stack,3.99,440,"9161 Metcalf Avenue, Overland Park, KS, 66212, US"
Jr. Bacon Cheeseburger,3.19,370,"9161 Metcalf Avenue, Overland Park, KS, 66212, US"
Jr. Cheeseburger Deluxe,2.79,350,"9161 Metcalf Avenue, Overland Park, KS, 66212, US"
Jr. Cheeseburger,2.39,290,"9161 Metcalf Avenue, Overland Park, KS, 66212, US"
Double Stack™,3.39,410,"9161 Metcalf Avenue, Overland Park, KS, 66212, US"
Jr. Hamburger,1.99,250,"9161 Metcalf Avenue, Overland Park, KS, 66212, US"
French Fries,1.49-3.49,210-470,"9161 Metcalf Avenue, Overland Park, KS, 66212, US"
Baconator Fries,4.39,460,"9161 Metcalf Avenue, Overland Park, KS, 66212, US"
Chili Cheese Fries,4.39,520,"9161 Metcalf Avenue, Overland Park, KS, 66212, US"
Cheese Fries,3.59,470,"9161 Metcalf Avenue, Overland Park, KS, 66212, US"
Family Chili,12.99,"1,100","9161 Metcalf Avenue, Overland Park, KS, 66212, US"
Chili,2.99/3.69,240/340,"9161 Metcalf Avenue, Overland Park, KS, 66212, US"
Sour Cream and Chive Baked Potato,2.69,310,"9161 Metcalf Avenue, Overland Park, KS, 66212, US"
Plain Baked Potato,2.39,270,"9161 Metcalf Avenue, Overland Park, KS, 66212, US"
Bacon Cheese Baked Potato,4.19,440,"9161 Metcalf Avenue, Overland Park, KS, 66212, US"
Chili & Cheese Baked Potato,4.19,500,"9161 Metcalf Avenue, Overland Park, KS, 66212, US"
Cheese Baked Potato,3.39,450,"9161 Metcalf Avenue, Overland Park, KS, 66212, US"
Apple Bites,1.39,35,"9161 Metcalf Avenue, Overland Park, KS, 66212, US"
6 PC. Crispy Chicken Nuggets,3.89,270,"9161 Metcalf Avenue, Overland Park, KS, 66212, US"
4 PC. Crispy Chicken Nuggets,2.99,180,"9161 Metcalf Avenue, Overland Park, KS, 66212, US"
6 PC. Spicy Chicken Nuggets,3.89,280,"9161 Metcalf Avenue, Overland Park, KS, 66212, US"
4 PC. Spicy Chicken Nuggets,2.99,190,"9161 Metcalf Avenue, Overland Park, KS, 66212, US"
Pretzel Baconator®,8.99,"1,050","555 S. BROADWAY, WICHITA, KS, 67202, US"
Dave's Single®,5.69,590,"555 S. BROADWAY, WICHITA, KS, 67202, US"
Dave's Double®,6.99,860,"555 S. BROADWAY, WICHITA, KS, 67202, US"
Dave's Triple®,8.29,"1,160","555 S. BROADWAY, WICHITA, KS, 67202, US"
Baconator®,8.19,960,"555 S. BROADWAY, WICHITA, KS, 67202, US"
Son of Baconator®,6.29,630,"555 S. BROADWAY, WICHITA, KS, 67202, US"
Big Bacon Classic®,6.99,650,"555 S. BROADWAY, WICHITA, KS, 67202, US"
Big Bacon Classic® Double,7.79,920,"555 S. BROADWAY, WICHITA, KS, 67202, US"
Big Bacon Classic Triple,8.79,"1,220","555 S. BROADWAY, WICHITA, KS, 67202, US"
Bacon Double Stack,3.99,440,"555 S. BROADWAY, WICHITA, KS, 67202, US"
Jr. Bacon Cheeseburger,2.89,370,"555 S. BROADWAY, WICHITA, KS, 67202, US"
Jr. Cheeseburger Deluxe,2.49,350,"555 S. BROADWAY, WICHITA, KS, 67202, US"
Jr. Cheeseburger,2.29,290,"555 S. BROADWAY, WICHITA, KS, 67202, US"
Double Stack™,3.19,410,"555 S. BROADWAY, WICHITA, KS, 67202, US"
Jr. Hamburger,1.99,250,"555 S. BROADWAY, WICHITA, KS, 67202, US"
French Fries,1.99-3.29,210-470,"555 S. BROADWAY, WICHITA, KS, 67202, US"
Baconator Fries,3.79,460,"555 S. BROADWAY, WICHITA, KS, 67202, US"
Chili Cheese Fries,3.79,520,"555 S. BROADWAY, WICHITA, KS, 67202, US"
Cheese Fries,3.49,470,"555 S. BROADWAY, WICHITA, KS, 67202, US"
Chili,2.79/3.59,240/340,"555 S. BROADWAY, WICHITA, KS, 67202, US"
Sour Cream and Chive Baked Potato,2.89,310,"555 S. BROADWAY, WICHITA, KS, 67202, US"
Plain Baked Potato,2.69,270,"555 S. BROADWAY, WICHITA, KS, 67202, US"
Bacon Cheese Baked Potato,3.99,440,"555 S. BROADWAY, WICHITA, KS, 67202, US"
Chili & Cheese Baked Potato,3.99,500,"555 S. BROADWAY, WICHITA, KS, 67202, US"
Cheese Baked Potato,3.49,450,"555 S. BROADWAY, WICHITA, KS, 67202, US"
Apple Bites,1.19,35,"555 S. BROADWAY, WICHITA, KS, 67202, US"
6 PC. Crispy Chicken Nuggets,3.19,270,"555 S. BROADWAY, WICHITA, KS, 67202, US"
4 PC. Crispy Chicken Nuggets,2.59,180,"555 S. BROADWAY, WICHITA, KS, 67202, US"
6 PC. Spicy Chicken Nuggets,3.19,280,"555 S. BROADWAY, WICHITA, KS, 67202, US"
4 PC. Spicy Chicken Nuggets,2.59,190,"555 S. BROADWAY, WICHITA, KS, 67202, US"
Pretzel Baconator®,8.99,"1,050","1705 W. 21ST STREET NORTH, WICHITA, KS, 67203, US"
Dave's Single®,5.69,590,"1705 W. 21ST STREET NORTH, WICHITA, KS, 67203, US"
Dave's Double®,6.99,860,"1705 W. 21ST STREET NORTH, WICHITA, KS, 67203, US"
Dave's Triple®,8.29,"1,160","1705 W. 21ST STREET NORTH, WICHITA, KS, 67203, US"
Baconator®,8.19,960,"1705 W. 21ST STREET NORTH, WICHITA, KS, 67203, US"
Son of Baconator®,6.29,630,"1705 W. 21ST STREET NORTH, WICHITA, KS, 67203, US"
Big Bacon Classic®,6.99,650,"1705 W. 21ST STREET NORTH, WICHITA, KS, 67203, US"
Big Bacon Classic® Double,7.79,920,"1705 W. 21ST STREET NORTH, WICHITA, KS, 67203, US"
Big Bacon Classic Triple,8.79,"1,220","1705 W. 21ST STREET NORTH, WICHITA, KS, 67203, US"
Bacon Double Stack,3.99,440,"1705 W. 21ST STREET NORTH, WICHITA, KS, 67203, US"
Jr. Bacon Cheeseburger,2.89,370,"1705 W. 21ST STREET NORTH, WICHITA, KS, 67203, US"
Jr. Cheeseburger Deluxe,2.49,350,"1705 W. 21ST STREET NORTH, WICHITA, KS, 67203, US"
Jr. Cheeseburger,2.29,290,"1705 W. 21ST STREET NORTH, WICHITA, KS, 67203, US"
Double Stack™,3.19,410,"1705 W. 21ST STREET NORTH, WICHITA, KS, 67203, US"
Jr. Hamburger,1.99,250,"1705 W. 21ST STREET NORTH, WICHITA, KS, 67203, US"
French Fries,1.99-3.29,210-470,"1705 W. 21ST STREET NORTH, WICHITA, KS, 67203, US"
Baconator Fries,3.79,460,"1705 W. 21ST STREET NORTH, WICHITA, KS, 67203, US"
Chili Cheese Fries,3.79,520,"1705 W. 21ST STREET NORTH, WICHITA, KS, 67203, US"
Cheese Fries,3.49,470,"1705 W. 21ST STREET NORTH, WICHITA, KS, 67203, US"
Family Chili,9.99,"1,100","1705 W. 21ST STREET NORTH, WICHITA, KS, 67203, US"
Chili,2.79/3.59,240/340,"1705 W. 21ST STREET NORTH, WICHITA, KS, 67203, US"
Sour Cream and Chive Baked Potato,2.89,310,"1705 W. 21ST STREET NORTH, WICHITA, KS, 67203, US"
Plain Baked Potato,2.69,270,"1705 W. 21ST STREET NORTH, WICHITA, KS, 67203, US"
Bacon Cheese Baked Potato,3.99,440,"1705 W. 21ST STREET NORTH, WICHITA, KS, 67203, US"
Chili & Cheese Baked Potato,3.99,500,"1705 W. 21ST STREET NORTH, WICHITA, KS, 67203, US"
Cheese Baked Potato,3.49,450,"1705 W. 21ST STREET NORTH, WICHITA, KS, 67203, US"
Apple Bites,1.19,35,"1705 W. 21ST STREET NORTH, WICHITA, KS, 67203, US"
6 PC. Crispy Chicken Nuggets,3.19,270,"1705 W. 21ST STREET NORTH, WICHITA, KS, 67203, US"
4 PC. Crispy Chicken Nuggets,2.59,180,"1705 W. 21ST STREET NORTH, WICHITA, KS, 67203, US"
6 PC. Spicy Chicken Nuggets,3.19,280,"1705 W. 21ST STREET NORTH, WICHITA, KS, 67203, US"
4 PC. Spicy Chicken Nuggets,2.59,190,"1705 W. 21ST STREET NORTH, WICHITA, KS, 67203, US"
Pretzel Baconator®,8.39,"1,050","9489 WESTPORT RD, LOUISVILLE, KY, 40241, US"
Dave's Single®,5.39,590,"9489 WESTPORT RD, LOUISVILLE, KY, 40241, US"
Dave's Double®,6.59,860,"9489 WESTPORT RD, LOUISVILLE, KY, 40241, US"
Dave's Triple®,7.89,"1,160","9489 WESTPORT RD, LOUISVILLE, KY, 40241, US"
Baconator®,7.39,960,"9489 WESTPORT RD, LOUISVILLE, KY, 40241, US"
Son of Baconator®,5.99,630,"9489 WESTPORT RD, LOUISVILLE, KY, 40241, US"
Big Bacon Classic®,6.19,650,"9489 WESTPORT RD, LOUISVILLE, KY, 40241, US"
Big Bacon Classic® Double,7.39,910,"9489 WESTPORT RD, LOUISVILLE, KY, 40241, US"
Big Bacon Classic Triple,8.69,"1,220","9489 WESTPORT RD, LOUISVILLE, KY, 40241, US"
Bacon Double Stack,3.79,440,"9489 WESTPORT RD, LOUISVILLE, KY, 40241, US"
Jr. Bacon Cheeseburger,3.19,370,"9489 WESTPORT RD, LOUISVILLE, KY, 40241, US"
Jr. Cheeseburger Deluxe,2.29,340,"9489 WESTPORT RD, LOUISVILLE, KY, 40241, US"
Jr. Cheeseburger,2.19,290,"9489 WESTPORT RD, LOUISVILLE, KY, 40241, US"
Double Stack™,3.19,410,"9489 WESTPORT RD, LOUISVILLE, KY, 40241, US"
Jr. Hamburger,1.99,250,"9489 WESTPORT RD, LOUISVILLE, KY, 40241, US"
French Fries,1.79-3.69,210-470,"9489 WESTPORT RD, LOUISVILLE, KY, 40241, US"
Baconator Fries,3.89,460,"9489 WESTPORT RD, LOUISVILLE, KY, 40241, US"
Chili Cheese Fries,3.89,520,"9489 WESTPORT RD, LOUISVILLE, KY, 40241, US"
Cheese Fries,3.59,470,"9489 WESTPORT RD, LOUISVILLE, KY, 40241, US"
Family Chili,14.99,"1,100","9489 WESTPORT RD, LOUISVILLE, KY, 40241, US"
Chili,3.19/3.99,240/340,"9489 WESTPORT RD, LOUISVILLE, KY, 40241, US"
Sour Cream and Chive Baked Potato,2.79,310,"9489 WESTPORT RD, LOUISVILLE, KY, 40241, US"
Plain Baked Potato,2.59,270,"9489 WESTPORT RD, LOUISVILLE, KY, 40241, US"
Bacon Cheese Baked Potato,4.49,440,"9489 WESTPORT RD, LOUISVILLE, KY, 40241, US"
Chili & Cheese Baked Potato,4.49,500,"9489 WESTPORT RD, LOUISVILLE, KY, 40241, US"
Cheese Baked Potato,3.99,450,"9489 WESTPORT RD, LOUISVILLE, KY, 40241, US"
Apple Bites,1.49,35,"9489 WESTPORT RD, LOUISVILLE, KY, 40241, US"
6 PC. Crispy Chicken Nuggets,2.99,270,"9489 WESTPORT RD, LOUISVILLE, KY, 40241, US"
4 PC. Crispy Chicken Nuggets,2.19,180,"9489 WESTPORT RD, LOUISVILLE, KY, 40241, US"
6 PC. Spicy Chicken Nuggets,2.99,280,"9489 WESTPORT RD, LOUISVILLE, KY, 40241, US"
4 PC. Spicy Chicken Nuggets,2.19,190,"9489 WESTPORT RD, LOUISVILLE, KY, 40241, US"
Pretzel Baconator®,7.99,"1,050","2374 College Drive, Baton Rouge, LA, 70808, US"
Dave's Single®,5.69,590,"2374 College Drive, Baton Rouge, LA, 70808, US"
Dave's Double®,6.69,860,"2374 College Drive, Baton Rouge, LA, 70808, US"
Dave's Triple®,7.69,"1,160","2374 College Drive, Baton Rouge, LA, 70808, US"
Baconator®,7.69,960,"2374 College Drive, Baton Rouge, LA, 70808, US"
Son of Baconator®,5.99,630,"2374 College Drive, Baton Rouge, LA, 70808, US"
Big Bacon Classic®,6.69,650,"2374 College Drive, Baton Rouge, LA, 70808, US"
Big Bacon Classic® Double,7.69,910,"2374 College Drive, Baton Rouge, LA, 70808, US"
Big Bacon Classic Triple,8.69,"1,220","2374 College Drive, Baton Rouge, LA, 70808, US"
Bacon Double Stack,3.99,440,"2374 College Drive, Baton Rouge, LA, 70808, US"
Jr. Bacon Cheeseburger,3.29,370,"2374 College Drive, Baton Rouge, LA, 70808, US"
Jr. Cheeseburger Deluxe,2.99,340,"2374 College Drive, Baton Rouge, LA, 70808, US"
Jr. Cheeseburger,2.49,290,"2374 College Drive, Baton Rouge, LA, 70808, US"
Double Stack™,3.59,410,"2374 College Drive, Baton Rouge, LA, 70808, US"
Jr. Hamburger,2.19,250,"2374 College Drive, Baton Rouge, LA, 70808, US"
French Fries,1.59-3.49,210-470,"2374 College Drive, Baton Rouge, LA, 70808, US"
Baconator Fries,3.79,460,"2374 College Drive, Baton Rouge, LA, 70808, US"
Chili Cheese Fries,3.79,520,"2374 College Drive, Baton Rouge, LA, 70808, US"
Cheese Fries,3.59,470,"2374 College Drive, Baton Rouge, LA, 70808, US"
Family Chili,9.99,"1,100","2374 College Drive, Baton Rouge, LA, 70808, US"
Chili,2.99/3.99,240/340,"2374 College Drive, Baton Rouge, LA, 70808, US"
Sour Cream and Chive Baked Potato,2.99,310,"2374 College Drive, Baton Rouge, LA, 70808, US"
Plain Baked Potato,2.79,270,"2374 College Drive, Baton Rouge, LA, 70808, US"
Bacon Cheese Baked Potato,4.19,440,"2374 College Drive, Baton Rouge, LA, 70808, US"
Chili & Cheese Baked Potato,4.19,500,"2374 College Drive, Baton Rouge, LA, 70808, US"
Cheese Baked Potato,3.99,450,"2374 College Drive, Baton Rouge, LA, 70808, US"
Apple Bites,1.59,35,"2374 College Drive, Baton Rouge, LA, 70808, US"
6 PC. Crispy Chicken Nuggets,2.99,270,"2374 College Drive, Baton Rouge, LA, 70808, US"
4 PC. Crispy Chicken Nuggets,2.29,180,"2374 College Drive, Baton Rouge, LA, 70808, US"
6 PC. Spicy Chicken Nuggets,2.99,280,"2374 College Drive, Baton Rouge, LA, 70808, US"
4 PC. Spicy Chicken Nuggets,2.29,190,"2374 College Drive, Baton Rouge, LA, 70808, US"
Pretzel Baconator®,7.99,"1,050","101 Gateway Center Lane, Baton Rouge, LA, 70802, US"
Dave's Single®,5.69,590,"101 Gateway Center Lane, Baton Rouge, LA, 70802, US"
Dave's Double®,6.69,860,"101 Gateway Center Lane, Baton Rouge, LA, 70802, US"
Dave's Triple®,7.69,"1,160","101 Gateway Center Lane, Baton Rouge, LA, 70802, US"
Baconator®,7.69,960,"101 Gateway Center Lane, Baton Rouge, LA, 70802, US"
Son of Baconator®,5.99,630,"101 Gateway Center Lane, Baton Rouge, LA, 70802, US"
Big Bacon Classic®,6.69,650,"101 Gateway Center Lane, Baton Rouge, LA, 70802, US"
Big Bacon Classic® Double,7.69,910,"101 Gateway Center Lane, Baton Rouge, LA, 70802, US"
Big Bacon Classic Triple,8.69,"1,220","101 Gateway Center Lane, Baton Rouge, LA, 70802, US"
Bacon Double Stack,3.99,440,"101 Gateway Center Lane, Baton Rouge, LA, 70802, US"
Jr. Bacon Cheeseburger,3.29,370,"101 Gateway Center Lane, Baton Rouge, LA, 70802, US"
Jr. Cheeseburger Deluxe,2.99,340,"101 Gateway Center Lane, Baton Rouge, LA, 70802, US"
Jr. Cheeseburger,2.49,290,"101 Gateway Center Lane, Baton Rouge, LA, 70802, US"
Double Stack™,3.59,410,"101 Gateway Center Lane, Baton Rouge, LA, 70802, US"
Jr. Hamburger,2.19,250,"101 Gateway Center Lane, Baton Rouge, LA, 70802, US"
French Fries,1.59-3.49,210-470,"101 Gateway Center Lane, Baton Rouge, LA, 70802, US"
Baconator Fries,3.79,460,"101 Gateway Center Lane, Baton Rouge, LA, 70802, US"
Chili Cheese Fries,3.79,520,"101 Gateway Center Lane, Baton Rouge, LA, 70802, US"
Cheese Fries,3.59,470,"101 Gateway Center Lane, Baton Rouge, LA, 70802, US"
Family Chili,9.99,"1,100","101 Gateway Center Lane, Baton Rouge, LA, 70802, US"
Chili,2.99/3.99,240/340,"101 Gateway Center Lane, Baton Rouge, LA, 70802, US"
Sour Cream and Chive Baked Potato,2.99,310,"101 Gateway Center Lane, Baton Rouge, LA, 70802, US"
Plain Baked Potato,2.79,270,"101 Gateway Center Lane, Baton Rouge, LA, 70802, US"
Bacon Cheese Baked Potato,4.19,440,"101 Gateway Center Lane, Baton Rouge, LA, 70802, US"
Chili & Cheese Baked Potato,4.19,500,"101 Gateway Center Lane, Baton Rouge, LA, 70802, US"
Cheese Baked Potato,3.99,450,"101 Gateway Center Lane, Baton Rouge, LA, 70802, US"
Apple Bites,1.59,35,"101 Gateway Center Lane, Baton Rouge, LA, 70802, US"
6 PC. Crispy Chicken Nuggets,2.99,270,"101 Gateway Center Lane, Baton Rouge, LA, 70802, US"
4 PC. Crispy Chicken Nuggets,2.29,180,"101 Gateway Center Lane, Baton Rouge, LA, 70802, US"
6 PC. Spicy Chicken Nuggets,2.99,280,"101 Gateway Center Lane, Baton Rouge, LA, 70802, US"
4 PC. Spicy Chicken Nuggets,2.29,190,"101 Gateway Center Lane, Baton Rouge, LA, 70802, US"
Pretzel Baconator®,7.99,"1,050","214 Lobdell Highway South, Port Allen, LA, 70767, US"
Dave's Single®,5.69,590,"214 Lobdell Highway South, Port Allen, LA, 70767, US"
Dave's Double®,6.69,860,"214 Lobdell Highway South, Port Allen, LA, 70767, US"
Dave's Triple®,7.69,"1,160","214 Lobdell Highway South, Port Allen, LA, 70767, US"
Baconator®,7.69,960,"214 Lobdell Highway South, Port Allen, LA, 70767, US"
Son of Baconator®,5.99,630,"214 Lobdell Highway South, Port Allen, LA, 70767, US"
Big Bacon Classic®,6.69,650,"214 Lobdell Highway South, Port Allen, LA, 70767, US"
Big Bacon Classic® Double,7.69,910,"214 Lobdell Highway South, Port Allen, LA, 70767, US"
Big Bacon Classic Triple,8.69,"1,220","214 Lobdell Highway South, Port Allen, LA, 70767, US"
Bacon Double Stack,3.99,440,"214 Lobdell Highway South, Port Allen, LA, 70767, US"
Jr. Bacon Cheeseburger,3.29,370,"214 Lobdell Highway South, Port Allen, LA, 70767, US"
Jr. Cheeseburger Deluxe,2.99,340,"214 Lobdell Highway South, Port Allen, LA, 70767, US"
Jr. Cheeseburger,2.49,290,"214 Lobdell Highway South, Port Allen, LA, 70767, US"
Double Stack™,3.59,410,"214 Lobdell Highway South, Port Allen, LA, 70767, US"
Jr. Hamburger,2.19,250,"214 Lobdell Highway South, Port Allen, LA, 70767, US"
French Fries,1.59-3.49,210-470,"214 Lobdell Highway South, Port Allen, LA, 70767, US"
Baconator Fries,3.79,460,"214 Lobdell Highway South, Port Allen, LA, 70767, US"
Chili Cheese Fries,3.79,520,"214 Lobdell Highway South, Port Allen, LA, 70767, US"
Cheese Fries,3.59,470,"214 Lobdell Highway South, Port Allen, LA, 70767, US"
Chili,2.99/3.99,240/340,"214 Lobdell Highway South, Port Allen, LA, 70767, US"
Sour Cream and Chive Baked Potato,2.99,310,"214 Lobdell Highway South, Port Allen, LA, 70767, US"
Plain Baked Potato,2.79,270,"214 Lobdell Highway South, Port Allen, LA, 70767, US"
Bacon Cheese Baked Potato,4.19,440,"214 Lobdell Highway South, Port Allen, LA, 70767, US"
Chili & Cheese Baked Potato,4.19,500,"214 Lobdell Highway South, Port Allen, LA, 70767, US"
Cheese Baked Potato,3.99,450,"214 Lobdell Highway South, Port Allen, LA, 70767, US"
Apple Bites,1.59,35,"214 Lobdell Highway South, Port Allen, LA, 70767, US"
6 PC. Crispy Chicken Nuggets,2.99,270,"214 Lobdell Highway South, Port Allen, LA, 70767, US"
4 PC. Crispy Chicken Nuggets,2.29,180,"214 Lobdell Highway South, Port Allen, LA, 70767, US"
6 PC. Spicy Chicken Nuggets,2.99,280,"214 Lobdell Highway South, Port Allen, LA, 70767, US"
4 PC. Spicy Chicken Nuggets,2.29,190,"214 Lobdell Highway South, Port Allen, LA, 70767, US"
Pretzel Baconator®,7.99,"1,050","636 West Lee Drive, Baton Rouge, LA, 70820, US"
Dave's Single®,5.69,590,"636 West Lee Drive, Baton Rouge, LA, 70820, US"
Dave's Double®,6.69,860,"636 West Lee Drive, Baton Rouge, LA, 70820, US"
Dave's Triple®,7.69,"1,160","636 West Lee Drive, Baton Rouge, LA, 70820, US"
Baconator®,7.69,960,"636 West Lee Drive, Baton Rouge, LA, 70820, US"
Son of Baconator®,5.99,630,"636 West Lee Drive, Baton Rouge, LA, 70820, US"
Big Bacon Classic®,6.69,650,"636 West Lee Drive, Baton Rouge, LA, 70820, US"
Big Bacon Classic® Double,7.69,910,"636 West Lee Drive, Baton Rouge, LA, 70820, US"
Big Bacon Classic Triple,8.69,"1,220","636 West Lee Drive, Baton Rouge, LA, 70820, US"
Bacon Double Stack,3.99,440,"636 West Lee Drive, Baton Rouge, LA, 70820, US"
Jr. Bacon Cheeseburger,3.29,370,"636 West Lee Drive, Baton Rouge, LA, 70820, US"
Jr. Cheeseburger Deluxe,2.99,340,"636 West Lee Drive, Baton Rouge, LA, 70820, US"
Jr. Cheeseburger,2.49,290,"636 West Lee Drive, Baton Rouge, LA, 70820, US"
Double Stack™,3.59,410,"636 West Lee Drive, Baton Rouge, LA, 70820, US"
Jr. Hamburger,2.19,250,"636 West Lee Drive, Baton Rouge, LA, 70820, US"
French Fries,1.59-3.49,210-470,"636 West Lee Drive, Baton Rouge, LA, 70820, US"
Baconator Fries,3.79,460,"636 West Lee Drive, Baton Rouge, LA, 70820, US"
Chili Cheese Fries,3.79,520,"636 West Lee Drive, Baton Rouge, LA, 70820, US"
Cheese Fries,3.59,470,"636 West Lee Drive, Baton Rouge, LA, 70820, US"
Chili,2.99/3.99,240/340,"636 West Lee Drive, Baton Rouge, LA, 70820, US"
Sour Cream and Chive Baked Potato,2.99,310,"636 West Lee Drive, Baton Rouge, LA, 70820, US"
Bacon Cheese Baked Potato,4.19,440,"636 West Lee Drive, Baton Rouge, LA, 70820, US"
Chili & Cheese Baked Potato,4.19,500,"636 West Lee Drive, Baton Rouge, LA, 70820, US"
Cheese Baked Potato,3.99,450,"636 West Lee Drive, Baton Rouge, LA, 70820, US"
Apple Bites,1.59,35,"636 West Lee Drive, Baton Rouge, LA, 70820, US"
6 PC. Crispy Chicken Nuggets,2.99,270,"636 West Lee Drive, Baton Rouge, LA, 70820, US"
4 PC. Crispy Chicken Nuggets,2.29,180,"636 West Lee Drive, Baton Rouge, LA, 70820, US"
6 PC. Spicy Chicken Nuggets,2.99,280,"636 West Lee Drive, Baton Rouge, LA, 70820, US"
4 PC. Spicy Chicken Nuggets,2.29,190,"636 West Lee Drive, Baton Rouge, LA, 70820, US"
Pretzel Baconator®,7.99,"1,050","4605 Chef Menteur Hwy., New Orleans, LA, 70126, US"
Dave's Single®,5.69,590,"4605 Chef Menteur Hwy., New Orleans, LA, 70126, US"
Dave's Double®,6.69,860,"4605 Chef Menteur Hwy., New Orleans, LA, 70126, US"
Dave's Triple®,7.69,"1,160","4605 Chef Menteur Hwy., New Orleans, LA, 70126, US"
Baconator®,7.69,960,"4605 Chef Menteur Hwy., New Orleans, LA, 70126, US"
Son of Baconator®,5.99,630,"4605 Chef Menteur Hwy., New Orleans, LA, 70126, US"
Big Bacon Classic®,6.69,650,"4605 Chef Menteur Hwy., New Orleans, LA, 70126, US"
Big Bacon Classic® Double,7.69,910,"4605 Chef Menteur Hwy., New Orleans, LA, 70126, US"
Big Bacon Classic Triple,8.69,"1,220","4605 Chef Menteur Hwy., New Orleans, LA, 70126, US"
Bacon Double Stack,3.99,440,"4605 Chef Menteur Hwy., New Orleans, LA, 70126, US"
Jr. Bacon Cheeseburger,3.29,370,"4605 Chef Menteur Hwy., New Orleans, LA, 70126, US"
Jr. Cheeseburger Deluxe,2.99,340,"4605 Chef Menteur Hwy., New Orleans, LA, 70126, US"
Jr. Cheeseburger,2.49,290,"4605 Chef Menteur Hwy., New Orleans, LA, 70126, US"
Double Stack™,3.59,410,"4605 Chef Menteur Hwy., New Orleans, LA, 70126, US"
Jr. Hamburger,2.19,250,"4605 Chef Menteur Hwy., New Orleans, LA, 70126, US"
French Fries,1.59-3.49,210-470,"4605 Chef Menteur Hwy., New Orleans, LA, 70126, US"
Baconator Fries,3.79,460,"4605 Chef Menteur Hwy., New Orleans, LA, 70126, US"
Chili Cheese Fries,3.79,520,"4605 Chef Menteur Hwy., New Orleans, LA, 70126, US"
Cheese Fries,3.59,470,"4605 Chef Menteur Hwy., New Orleans, LA, 70126, US"
Chili,2.99/3.99,240/340,"4605 Chef Menteur Hwy., New Orleans, LA, 70126, US"
Sour Cream and Chive Baked Potato,2.99,310,"4605 Chef Menteur Hwy., New Orleans, LA, 70126, US"
Plain Baked Potato,2.79,270,"4605 Chef Menteur Hwy., New Orleans, LA, 70126, US"
Bacon Cheese Baked Potato,4.19,440,"4605 Chef Menteur Hwy., New Orleans, LA, 70126, US"
Chili & Cheese Baked Potato,4.19,500,"4605 Chef Menteur Hwy., New Orleans, LA, 70126, US"
Cheese Baked Potato,3.99,450,"4605 Chef Menteur Hwy., New Orleans, LA, 70126, US"
Apple Bites,1.59,35,"4605 Chef Menteur Hwy., New Orleans, LA, 70126, US"
6 PC. Crispy Chicken Nuggets,2.99,270,"4605 Chef Menteur Hwy., New Orleans, LA, 70126, US"
4 PC. Crispy Chicken Nuggets,2.29,180,"4605 Chef Menteur Hwy., New Orleans, LA, 70126, US"
6 PC. Spicy Chicken Nuggets,2.99,280,"4605 Chef Menteur Hwy., New Orleans, LA, 70126, US"
4 PC. Spicy Chicken Nuggets,2.29,190,"4605 Chef Menteur Hwy., New Orleans, LA, 70126, US"
Pretzel Baconator®,7.99,"1,050","6020 Bullard Avenue, New Orleans, LA, 70128, US"
Dave's Single®,5.69,590,"6020 Bullard Avenue, New Orleans, LA, 70128, US"
Dave's Single®,5.69,590,"6020 Bullard Avenue, New Orleans, LA, 70128, US"
Dave's Double®,6.69,860,"6020 Bullard Avenue, New Orleans, LA, 70128, US"
Dave's Double®,6.69,860,"6020 Bullard Avenue, New Orleans, LA, 70128, US"
Dave's Triple®,7.69,"1,160","6020 Bullard Avenue, New Orleans, LA, 70128, US"
Dave's Triple®,7.69,"1,160","6020 Bullard Avenue, New Orleans, LA, 70128, US"
Baconator®,7.69,960,"6020 Bullard Avenue, New Orleans, LA, 70128, US"
Son of Baconator®,5.99,630,"6020 Bullard Avenue, New Orleans, LA, 70128, US"
Big Bacon Classic®,6.69,650,"6020 Bullard Avenue, New Orleans, LA, 70128, US"
Big Bacon Classic® Double,7.69,910,"6020 Bullard Avenue, New Orleans, LA, 70128, US"
Big Bacon Classic Triple,8.69,"1,220","6020 Bullard Avenue, New Orleans, LA, 70128, US"
Bacon Double Stack,3.99,440,"6020 Bullard Avenue, New Orleans, LA, 70128, US"
Jr. Bacon Cheeseburger,3.29,370,"6020 Bullard Avenue, New Orleans, LA, 70128, US"
Jr. Cheeseburger Deluxe,2.99,340,"6020 Bullard Avenue, New Orleans, LA, 70128, US"
Jr. Cheeseburger,2.49,290,"6020 Bullard Avenue, New Orleans, LA, 70128, US"
Double Stack™,3.59,410,"6020 Bullard Avenue, New Orleans, LA, 70128, US"
Jr. Hamburger,2.19,250,"6020 Bullard Avenue, New Orleans, LA, 70128, US"
French Fries,1.59-3.49,210-470,"6020 Bullard Avenue, New Orleans, LA, 70128, US"
Baconator Fries,3.79,460,"6020 Bullard Avenue, New Orleans, LA, 70128, US"
Chili Cheese Fries,3.79,520,"6020 Bullard Avenue, New Orleans, LA, 70128, US"
Cheese Fries,3.59,470,"6020 Bullard Avenue, New Orleans, LA, 70128, US"
Family Chili,9.99,"1,100","6020 Bullard Avenue, New Orleans, LA, 70128, US"
Chili,2.99/3.99,240/340,"6020 Bullard Avenue, New Orleans, LA, 70128, US"
Sour Cream and Chive Baked Potato,2.99,310,"6020 Bullard Avenue, New Orleans, LA, 70128, US"
Plain Baked Potato,2.79,270,"6020 Bullard Avenue, New Orleans, LA, 70128, US"
Bacon Cheese Baked Potato,4.19,440,"6020 Bullard Avenue, New Orleans, LA, 70128, US"
Chili & Cheese Baked Potato,4.19,500,"6020 Bullard Avenue, New Orleans, LA, 70128, US"
Cheese Baked Potato,3.99,450,"6020 Bullard Avenue, New Orleans, LA, 70128, US"
Apple Bites,1.59,35,"6020 Bullard Avenue, New Orleans, LA, 70128, US"
6 PC. Crispy Chicken Nuggets,2.99,270,"6020 Bullard Avenue, New Orleans, LA, 70128, US"
4 PC. Crispy Chicken Nuggets,2.29,180,"6020 Bullard Avenue, New Orleans, LA, 70128, US"
6 PC. Spicy Chicken Nuggets,2.99,280,"6020 Bullard Avenue, New Orleans, LA, 70128, US"
4 PC. Spicy Chicken Nuggets,2.29,190,"6020 Bullard Avenue, New Orleans, LA, 70128, US"
Pretzel Baconator®,7.99,"1,050","13211 Hwy 90, Boutte, LA, 70039, US"
Dave's Single®,5.69,590,"13211 Hwy 90, Boutte, LA, 70039, US"
Dave's Double®,6.69,860,"13211 Hwy 90, Boutte, LA, 70039, US"
Dave's Triple®,7.69,"1,160","13211 Hwy 90, Boutte, LA, 70039, US"
Baconator®,7.69,960,"13211 Hwy 90, Boutte, LA, 70039, US"
Son of Baconator®,5.99,630,"13211 Hwy 90, Boutte, LA, 70039, US"
Big Bacon Classic®,6.69,650,"13211 Hwy 90, Boutte, LA, 70039, US"
Big Bacon Classic® Double,7.69,910,"13211 Hwy 90, Boutte, LA, 70039, US"
Big Bacon Classic Triple,8.69,"1,220","13211 Hwy 90, Boutte, LA, 70039, US"
Bacon Double Stack,3.99,440,"13211 Hwy 90, Boutte, LA, 70039, US"
Jr. Bacon Cheeseburger,3.29,370,"13211 Hwy 90, Boutte, LA, 70039, US"
Jr. Cheeseburger Deluxe,2.99,340,"13211 Hwy 90, Boutte, LA, 70039, US"
Jr. Cheeseburger,2.49,290,"13211 Hwy 90, Boutte, LA, 70039, US"
Double Stack™,3.59,410,"13211 Hwy 90, Boutte, LA, 70039, US"
Jr. Hamburger,2.19,250,"13211 Hwy 90, Boutte, LA, 70039, US"
French Fries,1.59-3.49,210-470,"13211 Hwy 90, Boutte, LA, 70039, US"
Baconator Fries,3.79,460,"13211 Hwy 90, Boutte, LA, 70039, US"
Chili Cheese Fries,3.79,520,"13211 Hwy 90, Boutte, LA, 70039, US"
Cheese Fries,3.59,470,"13211 Hwy 90, Boutte, LA, 70039, US"
Chili,2.99/3.99,240/340,"13211 Hwy 90, Boutte, LA, 70039, US"
Sour Cream and Chive Baked Potato,2.99,310,"13211 Hwy 90, Boutte, LA, 70039, US"
Plain Baked Potato,2.79,270,"13211 Hwy 90, Boutte, LA, 70039, US"
Bacon Cheese Baked Potato,4.19,440,"13211 Hwy 90, Boutte, LA, 70039, US"
Chili & Cheese Baked Potato,4.19,500,"13211 Hwy 90, Boutte, LA, 70039, US"
Cheese Baked Potato,3.99,450,"13211 Hwy 90, Boutte, LA, 70039, US"
Apple Bites,1.59,35,"13211 Hwy 90, Boutte, LA, 70039, US"
6 PC. Crispy Chicken Nuggets,2.99,270,"13211 Hwy 90, Boutte, LA, 70039, US"
4 PC. Crispy Chicken Nuggets,2.29,180,"13211 Hwy 90, Boutte, LA, 70039, US"
6 PC. Spicy Chicken Nuggets,2.99,280,"13211 Hwy 90, Boutte, LA, 70039, US"
4 PC. Spicy Chicken Nuggets,2.29,190,"13211 Hwy 90, Boutte, LA, 70039, US"
Pretzel Baconator®,7.99,"1,050","3705, Jefferson, LA, 70121, US"
Dave's Single®,5.69,590,"3705, Jefferson, LA, 70121, US"
Dave's Double®,6.69,860,"3705, Jefferson, LA, 70121, US"
Dave's Triple®,7.69,"1,160","3705, Jefferson, LA, 70121, US"
Baconator®,7.69,960,"3705, Jefferson, LA, 70121, US"
Son of Baconator®,5.99,630,"3705, Jefferson, LA, 70121, US"
Big Bacon Classic®,6.69,650,"3705, Jefferson, LA, 70121, US"
Big Bacon Classic® Double,7.69,910,"3705, Jefferson, LA, 70121, US"
Big Bacon Classic Triple,8.69,"1,220","3705, Jefferson, LA, 70121, US"
Bacon Double Stack,3.99,440,"3705, Jefferson, LA, 70121, US"
Jr. Bacon Cheeseburger,3.29,370,"3705, Jefferson, LA, 70121, US"
Jr. Cheeseburger Deluxe,2.99,340,"3705, Jefferson, LA, 70121, US"
Jr. Cheeseburger,2.49,290,"3705, Jefferson, LA, 70121, US"
Double Stack™,3.59,410,"3705, Jefferson, LA, 70121, US"
Jr. Hamburger,2.19,250,"3705, Jefferson, LA, 70121, US"
French Fries,1.59-3.49,210-470,"3705, Jefferson, LA, 70121, US"
Baconator Fries,3.79,460,"3705, Jefferson, LA, 70121, US"
Chili Cheese Fries,3.79,520,"3705, Jefferson, LA, 70121, US"
Cheese Fries,3.59,470,"3705, Jefferson, LA, 70121, US"
Family Chili,9.99,"1,100","3705, Jefferson, LA, 70121, US"
Chili,2.99/3.99,240/340,"3705, Jefferson, LA, 70121, US"
Sour Cream and Chive Baked Potato,2.99,310,"3705, Jefferson, LA, 70121, US"
Plain Baked Potato,2.79,270,"3705, Jefferson, LA, 70121, US"
Bacon Cheese Baked Potato,4.19,440,"3705, Jefferson, LA, 70121, US"
Chili & Cheese Baked Potato,4.19,500,"3705, Jefferson, LA, 70121, US"
Cheese Baked Potato,3.99,450,"3705, Jefferson, LA, 70121, US"
Apple Bites,1.59,35,"3705, Jefferson, LA, 70121, US"
6 PC. Crispy Chicken Nuggets,2.99,270,"3705, Jefferson, LA, 70121, US"
4 PC. Crispy Chicken Nuggets,2.29,180,"3705, Jefferson, LA, 70121, US"
6 PC. Spicy Chicken Nuggets,2.99,280,"3705, Jefferson, LA, 70121, US"
4 PC. Spicy Chicken Nuggets,2.29,190,"3705, Jefferson, LA, 70121, US"
Pretzel Baconator®,7.99,"1,050","4801 Airline Dr., Metairie, LA, 70001, US"
Dave's Single®,5.69,590,"4801 Airline Dr., Metairie, LA, 70001, US"
Dave's Double®,6.69,860,"4801 Airline Dr., Metairie, LA, 70001, US"
Dave's Triple®,7.69,"1,160","4801 Airline Dr., Metairie, LA, 70001, US"
Baconator®,7.69,960,"4801 Airline Dr., Metairie, LA, 70001, US"
Son of Baconator®,5.99,630,"4801 Airline Dr., Metairie, LA, 70001, US"
Big Bacon Classic®,6.69,650,"4801 Airline Dr., Metairie, LA, 70001, US"
Big Bacon Classic® Double,7.69,910,"4801 Airline Dr., Metairie, LA, 70001, US"
Big Bacon Classic Triple,8.69,"1,220","4801 Airline Dr., Metairie, LA, 70001, US"
Bacon Double Stack,3.99,440,"4801 Airline Dr., Metairie, LA, 70001, US"
Jr. Bacon Cheeseburger,3.29,370,"4801 Airline Dr., Metairie, LA, 70001, US"
Jr. Cheeseburger Deluxe,2.99,340,"4801 Airline Dr., Metairie, LA, 70001, US"
Jr. Cheeseburger,2.49,290,"4801 Airline Dr., Metairie, LA, 70001, US"
Double Stack™,3.59,410,"4801 Airline Dr., Metairie, LA, 70001, US"
Jr. Hamburger,2.19,250,"4801 Airline Dr., Metairie, LA, 70001, US"
French Fries,1.59-3.49,210-470,"4801 Airline Dr., Metairie, LA, 70001, US"
Baconator Fries,3.79,460,"4801 Airline Dr., Metairie, LA, 70001, US"
Cheese Fries,3.59,470,"4801 Airline Dr., Metairie, LA, 70001, US"
Family Chili,9.99,"1,100","4801 Airline Dr., Metairie, LA, 70001, US"
Chili,2.99/3.99,240/340,"4801 Airline Dr., Metairie, LA, 70001, US"
Sour Cream and Chive Baked Potato,2.99,310,"4801 Airline Dr., Metairie, LA, 70001, US"
Plain Baked Potato,2.79,270,"4801 Airline Dr., Metairie, LA, 70001, US"
Bacon Cheese Baked Potato,4.19,440,"4801 Airline Dr., Metairie, LA, 70001, US"
Chili & Cheese Baked Potato,4.19,500,"4801 Airline Dr., Metairie, LA, 70001, US"
Cheese Baked Potato,3.99,450,"4801 Airline Dr., Metairie, LA, 70001, US"
Apple Bites,1.59,35,"4801 Airline Dr., Metairie, LA, 70001, US"
6 PC. Crispy Chicken Nuggets,2.99,270,"4801 Airline Dr., Metairie, LA, 70001, US"
4 PC. Crispy Chicken Nuggets,2.29,180,"4801 Airline Dr., Metairie, LA, 70001, US"
6 PC. Spicy Chicken Nuggets,2.99,280,"4801 Airline Dr., Metairie, LA, 70001, US"
4 PC. Spicy Chicken Nuggets,2.29,190,"4801 Airline Dr., Metairie, LA, 70001, US"
Pretzel Baconator®,7.99,"1,050","3236 Ne Evangeline Trwy, Lafayette, LA, 70507, US"
Dave's Single®,5.69,590,"3236 Ne Evangeline Trwy, Lafayette, LA, 70507, US"
Dave's Double®,6.69,860,"3236 Ne Evangeline Trwy, Lafayette, LA, 70507, US"
Dave's Triple®,7.69,"1,160","3236 Ne Evangeline Trwy, Lafayette, LA, 70507, US"
Baconator®,7.69,960,"3236 Ne Evangeline Trwy, Lafayette, LA, 70507, US"
Son of Baconator®,5.99,630,"3236 Ne Evangeline Trwy, Lafayette, LA, 70507, US"
Big Bacon Classic®,6.69,650,"3236 Ne Evangeline Trwy, Lafayette, LA, 70507, US"
Big Bacon Classic® Double,7.69,910,"3236 Ne Evangeline Trwy, Lafayette, LA, 70507, US"
Big Bacon Classic Triple,8.69,"1,220","3236 Ne Evangeline Trwy, Lafayette, LA, 70507, US"
Bacon Double Stack,3.99,440,"3236 Ne Evangeline Trwy, Lafayette, LA, 70507, US"
Jr. Bacon Cheeseburger,3.29,370,"3236 Ne Evangeline Trwy, Lafayette, LA, 70507, US"
Jr. Cheeseburger Deluxe,2.99,340,"3236 Ne Evangeline Trwy, Lafayette, LA, 70507, US"
Jr. Cheeseburger,2.49,290,"3236 Ne Evangeline Trwy, Lafayette, LA, 70507, US"
Double Stack™,3.59,410,"3236 Ne Evangeline Trwy, Lafayette, LA, 70507, US"
Jr. Hamburger,2.19,250,"3236 Ne Evangeline Trwy, Lafayette, LA, 70507, US"
French Fries,1.59-3.49,210-470,"3236 Ne Evangeline Trwy, Lafayette, LA, 70507, US"
Baconator Fries,3.79,460,"3236 Ne Evangeline Trwy, Lafayette, LA, 70507, US"
Chili Cheese Fries,3.79,520,"3236 Ne Evangeline Trwy, Lafayette, LA, 70507, US"
Cheese Fries,3.59,470,"3236 Ne Evangeline Trwy, Lafayette, LA, 70507, US"
Family Chili,9.99,"1,100","3236 Ne Evangeline Trwy, Lafayette, LA, 70507, US"
Chili,2.99/3.99,240/340,"3236 Ne Evangeline Trwy, Lafayette, LA, 70507, US"
Sour Cream and Chive Baked Potato,2.99,310,"3236 Ne Evangeline Trwy, Lafayette, LA, 70507, US"
Plain Baked Potato,2.79,270,"3236 Ne Evangeline Trwy, Lafayette, LA, 70507, US"
Bacon Cheese Baked Potato,4.19,440,"3236 Ne Evangeline Trwy, Lafayette, LA, 70507, US"
Chili & Cheese Baked Potato,4.19,500,"3236 Ne Evangeline Trwy, Lafayette, LA, 70507, US"
Cheese Baked Potato,3.99,450,"3236 Ne Evangeline Trwy, Lafayette, LA, 70507, US"
Apple Bites,1.59,35,"3236 Ne Evangeline Trwy, Lafayette, LA, 70507, US"
6 PC. Crispy Chicken Nuggets,2.99,270,"3236 Ne Evangeline Trwy, Lafayette, LA, 70507, US"
4 PC. Crispy Chicken Nuggets,2.29,180,"3236 Ne Evangeline Trwy, Lafayette, LA, 70507, US"
6 PC. Spicy Chicken Nuggets,2.99,280,"3236 Ne Evangeline Trwy, Lafayette, LA, 70507, US"
4 PC. Spicy Chicken Nuggets,2.29,190,"3236 Ne Evangeline Trwy, Lafayette, LA, 70507, US"
Pretzel Baconator®,7.99,"1,050","1916 Rees Street, Breaux Bridge, LA, 70517, US"
Dave's Single®,5.69,590,"1916 Rees Street, Breaux Bridge, LA, 70517, US"
Dave's Double®,6.69,860,"1916 Rees Street, Breaux Bridge, LA, 70517, US"
Dave's Triple®,7.69,"1,160","1916 Rees Street, Breaux Bridge, LA, 70517, US"
Baconator®,7.69,960,"1916 Rees Street, Breaux Bridge, LA, 70517, US"
Son of Baconator®,5.99,630,"1916 Rees Street, Breaux Bridge, LA, 70517, US"
Big Bacon Classic®,6.69,650,"1916 Rees Street, Breaux Bridge, LA, 70517, US"
Big Bacon Classic® Double,7.69,910,"1916 Rees Street, Breaux Bridge, LA, 70517, US"
Big Bacon Classic Triple,8.69,"1,220","1916 Rees Street, Breaux Bridge, LA, 70517, US"
Bacon Double Stack,3.99,440,"1916 Rees Street, Breaux Bridge, LA, 70517, US"
Jr. Bacon Cheeseburger,3.29,370,"1916 Rees Street, Breaux Bridge, LA, 70517, US"
Jr. Cheeseburger Deluxe,2.99,340,"1916 Rees Street, Breaux Bridge, LA, 70517, US"
Jr. Cheeseburger,2.49,290,"1916 Rees Street, Breaux Bridge, LA, 70517, US"
Double Stack™,3.59,410,"1916 Rees Street, Breaux Bridge, LA, 70517, US"
Jr. Hamburger,2.19,250,"1916 Rees Street, Breaux Bridge, LA, 70517, US"
French Fries,1.59-3.49,210-470,"1916 Rees Street, Breaux Bridge, LA, 70517, US"
Baconator Fries,3.79,460,"1916 Rees Street, Breaux Bridge, LA, 70517, US"
Chili Cheese Fries,3.79,520,"1916 Rees Street, Breaux Bridge, LA, 70517, US"
Cheese Fries,3.59,470,"1916 Rees Street, Breaux Bridge, LA, 70517, US"
Family Chili,9.99,"1,100","1916 Rees Street, Breaux Bridge, LA, 70517, US"
Chili,2.99/3.99,240/340,"1916 Rees Street, Breaux Bridge, LA, 70517, US"
Sour Cream and Chive Baked Potato,2.99,310,"1916 Rees Street, Breaux Bridge, LA, 70517, US"
Plain Baked Potato,2.79,270,"1916 Rees Street, Breaux Bridge, LA, 70517, US"
Bacon Cheese Baked Potato,4.19,440,"1916 Rees Street, Breaux Bridge, LA, 70517, US"
Chili & Cheese Baked Potato,4.19,500,"1916 Rees Street, Breaux Bridge, LA, 70517, US"
Cheese Baked Potato,3.99,450,"1916 Rees Street, Breaux Bridge, LA, 70517, US"
Apple Bites,1.59,35,"1916 Rees Street, Breaux Bridge, LA, 70517, US"
6 PC. Crispy Chicken Nuggets,2.99,270,"1916 Rees Street, Breaux Bridge, LA, 70517, US"
4 PC. Crispy Chicken Nuggets,2.29,180,"1916 Rees Street, Breaux Bridge, LA, 70517, US"
6 PC. Spicy Chicken Nuggets,2.99,280,"1916 Rees Street, Breaux Bridge, LA, 70517, US"
4 PC. Spicy Chicken Nuggets,2.29,190,"1916 Rees Street, Breaux Bridge, LA, 70517, US"
Pretzel Baconator®,7.99,"1,050","208 Ambassador Caffery Pkwy, Scott, LA, 70583, US"
Dave's Single®,5.69,590,"208 Ambassador Caffery Pkwy, Scott, LA, 70583, US"
Dave's Double®,6.69,860,"208 Ambassador Caffery Pkwy, Scott, LA, 70583, US"
Dave's Triple®,7.69,"1,160","208 Ambassador Caffery Pkwy, Scott, LA, 70583, US"
Baconator®,7.69,960,"208 Ambassador Caffery Pkwy, Scott, LA, 70583, US"
Son of Baconator®,5.99,630,"208 Ambassador Caffery Pkwy, Scott, LA, 70583, US"
Big Bacon Classic®,6.69,650,"208 Ambassador Caffery Pkwy, Scott, LA, 70583, US"
Big Bacon Classic® Double,7.69,910,"208 Ambassador Caffery Pkwy, Scott, LA, 70583, US"
Big Bacon Classic Triple,8.69,"1,220","208 Ambassador Caffery Pkwy, Scott, LA, 70583, US"
Bacon Double Stack,3.99,440,"208 Ambassador Caffery Pkwy, Scott, LA, 70583, US"
Jr. Bacon Cheeseburger,3.29,370,"208 Ambassador Caffery Pkwy, Scott, LA, 70583, US"
Jr. Cheeseburger Deluxe,2.99,340,"208 Ambassador Caffery Pkwy, Scott, LA, 70583, US"
Jr. Cheeseburger,2.49,290,"208 Ambassador Caffery Pkwy, Scott, LA, 70583, US"
Double Stack™,3.59,410,"208 Ambassador Caffery Pkwy, Scott, LA, 70583, US"
Jr. Hamburger,2.19,250,"208 Ambassador Caffery Pkwy, Scott, LA, 70583, US"
French Fries,1.59-3.49,210-470,"208 Ambassador Caffery Pkwy, Scott, LA, 70583, US"
Baconator Fries,3.79,460,"208 Ambassador Caffery Pkwy, Scott, LA, 70583, US"
Chili Cheese Fries,3.79,520,"208 Ambassador Caffery Pkwy, Scott, LA, 70583, US"
Cheese Fries,3.59,470,"208 Ambassador Caffery Pkwy, Scott, LA, 70583, US"
Family Chili,9.99,"1,100","208 Ambassador Caffery Pkwy, Scott, LA, 70583, US"
Chili,2.99/3.99,240/340,"208 Ambassador Caffery Pkwy, Scott, LA, 70583, US"
Sour Cream and Chive Baked Potato,2.99,310,"208 Ambassador Caffery Pkwy, Scott, LA, 70583, US"
Plain Baked Potato,2.79,270,"208 Ambassador Caffery Pkwy, Scott, LA, 70583, US"
Bacon Cheese Baked Potato,4.19,440,"208 Ambassador Caffery Pkwy, Scott, LA, 70583, US"
Chili & Cheese Baked Potato,4.19,500,"208 Ambassador Caffery Pkwy, Scott, LA, 70583, US"
Cheese Baked Potato,3.99,450,"208 Ambassador Caffery Pkwy, Scott, LA, 70583, US"
Apple Bites,1.59,35,"208 Ambassador Caffery Pkwy, Scott, LA, 70583, US"
6 PC. Crispy Chicken Nuggets,2.99,270,"208 Ambassador Caffery Pkwy, Scott, LA, 70583, US"
4 PC. Crispy Chicken Nuggets,2.29,180,"208 Ambassador Caffery Pkwy, Scott, LA, 70583, US"
6 PC. Spicy Chicken Nuggets,2.99,280,"208 Ambassador Caffery Pkwy, Scott, LA, 70583, US"
4 PC. Spicy Chicken Nuggets,2.29,190,"208 Ambassador Caffery Pkwy, Scott, LA, 70583, US"
Pretzel Baconator®,7.99,"1,050","3144 Ambassador Caffrey, Lafayette, LA, 70506, US"
Dave's Single®,5.69,590,"3144 Ambassador Caffrey, Lafayette, LA, 70506, US"
Dave's Double®,6.69,860,"3144 Ambassador Caffrey, Lafayette, LA, 70506, US"
Dave's Triple®,7.69,"1,160","3144 Ambassador Caffrey, Lafayette, LA, 70506, US"
Baconator®,7.69,960,"3144 Ambassador Caffrey, Lafayette, LA, 70506, US"
Son of Baconator®,5.99,630,"3144 Ambassador Caffrey, Lafayette, LA, 70506, US"
Big Bacon Classic®,6.69,650,"3144 Ambassador Caffrey, Lafayette, LA, 70506, US"
Big Bacon Classic® Double,7.69,910,"3144 Ambassador Caffrey, Lafayette, LA, 70506, US"
Big Bacon Classic Triple,8.69,"1,220","3144 Ambassador Caffrey, Lafayette, LA, 70506, US"
Bacon Double Stack,3.99,440,"3144 Ambassador Caffrey, Lafayette, LA, 70506, US"
Jr. Bacon Cheeseburger,3.29,370,"3144 Ambassador Caffrey, Lafayette, LA, 70506, US"
Jr. Cheeseburger Deluxe,2.99,340,"3144 Ambassador Caffrey, Lafayette, LA, 70506, US"
Jr. Cheeseburger,2.49,290,"3144 Ambassador Caffrey, Lafayette, LA, 70506, US"
Double Stack™,3.59,410,"3144 Ambassador Caffrey, Lafayette, LA, 70506, US"
Jr. Hamburger,2.19,250,"3144 Ambassador Caffrey, Lafayette, LA, 70506, US"
French Fries,1.59-3.49,210-470,"3144 Ambassador Caffrey, Lafayette, LA, 70506, US"
Baconator Fries,3.79,460,"3144 Ambassador Caffrey, Lafayette, LA, 70506, US"
Chili Cheese Fries,3.79,520,"3144 Ambassador Caffrey, Lafayette, LA, 70506, US"
Cheese Fries,3.59,470,"3144 Ambassador Caffrey, Lafayette, LA, 70506, US"
Family Chili,9.99,"1,100","3144 Ambassador Caffrey, Lafayette, LA, 70506, US"
Chili,2.99/3.99,240/340,"3144 Ambassador Caffrey, Lafayette, LA, 70506, US"
Sour Cream and Chive Baked Potato,2.99,310,"3144 Ambassador Caffrey, Lafayette, LA, 70506, US"
Plain Baked Potato,2.79,270,"3144 Ambassador Caffrey, Lafayette, LA, 70506, US"
Bacon Cheese Baked Potato,4.19,440,"3144 Ambassador Caffrey, Lafayette, LA, 70506, US"
Chili & Cheese Baked Potato,4.19,500,"3144 Ambassador Caffrey, Lafayette, LA, 70506, US"
Cheese Baked Potato,3.99,450,"3144 Ambassador Caffrey, Lafayette, LA, 70506, US"
Apple Bites,1.59,35,"3144 Ambassador Caffrey, Lafayette, LA, 70506, US"
6 PC. Crispy Chicken Nuggets,2.99,270,"3144 Ambassador Caffrey, Lafayette, LA, 70506, US"
4 PC. Crispy Chicken Nuggets,2.29,180,"3144 Ambassador Caffrey, Lafayette, LA, 70506, US"
6 PC. Spicy Chicken Nuggets,2.99,280,"3144 Ambassador Caffrey, Lafayette, LA, 70506, US"
4 PC. Spicy Chicken Nuggets,2.29,190,"3144 Ambassador Caffrey, Lafayette, LA, 70506, US"
Pretzel Baconator®,7.99,"1,050","3601 Gen. Degaulle Dr., New Orleans, LA, 70114, US"
Dave's Single®,5.69,590,"3601 Gen. Degaulle Dr., New Orleans, LA, 70114, US"
Dave's Double®,6.69,860,"3601 Gen. Degaulle Dr., New Orleans, LA, 70114, US"
Dave's Triple®,7.69,"1,160","3601 Gen. Degaulle Dr., New Orleans, LA, 70114, US"
Baconator®,7.69,960,"3601 Gen. Degaulle Dr., New Orleans, LA, 70114, US"
Son of Baconator®,5.99,630,"3601 Gen. Degaulle Dr., New Orleans, LA, 70114, US"
Big Bacon Classic®,6.69,650,"3601 Gen. Degaulle Dr., New Orleans, LA, 70114, US"
Big Bacon Classic® Double,7.69,910,"3601 Gen. Degaulle Dr., New Orleans, LA, 70114, US"
Big Bacon Classic Triple,8.69,"1,220","3601 Gen. Degaulle Dr., New Orleans, LA, 70114, US"
Bacon Double Stack,3.99,440,"3601 Gen. Degaulle Dr., New Orleans, LA, 70114, US"
Jr. Bacon Cheeseburger,3.29,370,"3601 Gen. Degaulle Dr., New Orleans, LA, 70114, US"
Jr. Cheeseburger Deluxe,2.99,340,"3601 Gen. Degaulle Dr., New Orleans, LA, 70114, US"
Jr. Cheeseburger,2.49,290,"3601 Gen. Degaulle Dr., New Orleans, LA, 70114, US"
Double Stack™,3.59,410,"3601 Gen. Degaulle Dr., New Orleans, LA, 70114, US"
Jr. Hamburger,2.19,250,"3601 Gen. Degaulle Dr., New Orleans, LA, 70114, US"
French Fries,1.59-3.49,210-470,"3601 Gen. Degaulle Dr., New Orleans, LA, 70114, US"
Baconator Fries,3.79,460,"3601 Gen. Degaulle Dr., New Orleans, LA, 70114, US"
Chili Cheese Fries,3.79,520,"3601 Gen. Degaulle Dr., New Orleans, LA, 70114, US"
Cheese Fries,3.59,470,"3601 Gen. Degaulle Dr., New Orleans, LA, 70114, US"
Family Chili,9.99,"1,100","3601 Gen. Degaulle Dr., New Orleans, LA, 70114, US"
Chili,2.99/3.99,240/340,"3601 Gen. Degaulle Dr., New Orleans, LA, 70114, US"
Sour Cream and Chive Baked Potato,2.99,310,"3601 Gen. Degaulle Dr., New Orleans, LA, 70114, US"
Plain Baked Potato,2.79,270,"3601 Gen. Degaulle Dr., New Orleans, LA, 70114, US"
Bacon Cheese Baked Potato,4.19,440,"3601 Gen. Degaulle Dr., New Orleans, LA, 70114, US"
Chili & Cheese Baked Potato,4.19,500,"3601 Gen. Degaulle Dr., New Orleans, LA, 70114, US"
Cheese Baked Potato,3.99,450,"3601 Gen. Degaulle Dr., New Orleans, LA, 70114, US"
Apple Bites,1.59,35,"3601 Gen. Degaulle Dr., New Orleans, LA, 70114, US"
6 PC. Crispy Chicken Nuggets,2.99,270,"3601 Gen. Degaulle Dr., New Orleans, LA, 70114, US"
4 PC. Crispy Chicken Nuggets,2.29,180,"3601 Gen. Degaulle Dr., New Orleans, LA, 70114, US"
6 PC. Spicy Chicken Nuggets,2.99,280,"3601 Gen. Degaulle Dr., New Orleans, LA, 70114, US"
4 PC. Spicy Chicken Nuggets,2.29,190,"3601 Gen. Degaulle Dr., New Orleans, LA, 70114, US"
Pretzel Baconator®,7.99,"1,050","1301 St. Charles Ave., New Orleans, LA, 70130, US"
Dave's Single®,5.69,590,"1301 St. Charles Ave., New Orleans, LA, 70130, US"
Dave's Double®,6.69,860,"1301 St. Charles Ave., New Orleans, LA, 70130, US"
Dave's Triple®,7.69,"1,160","1301 St. Charles Ave., New Orleans, LA, 70130, US"
Baconator®,7.69,960,"1301 St. Charles Ave., New Orleans, LA, 70130, US"
Son of Baconator®,5.99,630,"1301 St. Charles Ave., New Orleans, LA, 70130, US"
Big Bacon Classic®,6.69,650,"1301 St. Charles Ave., New Orleans, LA, 70130, US"
Big Bacon Classic® Double,7.69,910,"1301 St. Charles Ave., New Orleans, LA, 70130, US"
Big Bacon Classic Triple,8.69,"1,220","1301 St. Charles Ave., New Orleans, LA, 70130, US"
Bacon Double Stack,3.99,440,"1301 St. Charles Ave., New Orleans, LA, 70130, US"
Jr. Bacon Cheeseburger,3.29,370,"1301 St. Charles Ave., New Orleans, LA, 70130, US"
Jr. Cheeseburger Deluxe,2.99,340,"1301 St. Charles Ave., New Orleans, LA, 70130, US"
Jr. Cheeseburger,2.49,290,"1301 St. Charles Ave., New Orleans, LA, 70130, US"
Double Stack™,3.59,410,"1301 St. Charles Ave., New Orleans, LA, 70130, US"
Jr. Hamburger,2.19,250,"1301 St. Charles Ave., New Orleans, LA, 70130, US"
French Fries,1.59-3.49,210-470,"1301 St. Charles Ave., New Orleans, LA, 70130, US"
Baconator Fries,3.79,460,"1301 St. Charles Ave., New Orleans, LA, 70130, US"
Chili Cheese Fries,3.79,520,"1301 St. Charles Ave., New Orleans, LA, 70130, US"
Cheese Fries,3.59,470,"1301 St. Charles Ave., New Orleans, LA, 70130, US"
Chili,2.99/3.99,240/340,"1301 St. Charles Ave., New Orleans, LA, 70130, US"
Sour Cream and Chive Baked Potato,2.99,310,"1301 St. Charles Ave., New Orleans, LA, 70130, US"
Plain Baked Potato,2.79,270,"1301 St. Charles Ave., New Orleans, LA, 70130, US"
Bacon Cheese Baked Potato,4.19,440,"1301 St. Charles Ave., New Orleans, LA, 70130, US"
Chili & Cheese Baked Potato,4.19,500,"1301 St. Charles Ave., New Orleans, LA, 70130, US"
Cheese Baked Potato,3.99,450,"1301 St. Charles Ave., New Orleans, LA, 70130, US"
Apple Bites,1.59,35,"1301 St. Charles Ave., New Orleans, LA, 70130, US"
6 PC. Crispy Chicken Nuggets,2.99,270,"1301 St. Charles Ave., New Orleans, LA, 70130, US"
4 PC. Crispy Chicken Nuggets,2.29,180,"1301 St. Charles Ave., New Orleans, LA, 70130, US"
6 PC. Spicy Chicken Nuggets,2.99,280,"1301 St. Charles Ave., New Orleans, LA, 70130, US"
4 PC. Spicy Chicken Nuggets,2.29,190,"1301 St. Charles Ave., New Orleans, LA, 70130, US"
Pretzel Baconator®,8.79,"1,050","22 Pass Rd., Gulfport, MS, 39507, US"
Dave's Single®,5.59,590,"22 Pass Rd., Gulfport, MS, 39507, US"
Dave's Double®,6.79,860,"22 Pass Rd., Gulfport, MS, 39507, US"
Dave's Triple®,7.99,"1,160","22 Pass Rd., Gulfport, MS, 39507, US"
Baconator®,7.79,960,"22 Pass Rd., Gulfport, MS, 39507, US"
Son of Baconator®,5.79,630,"22 Pass Rd., Gulfport, MS, 39507, US"
Big Bacon Classic®,6.49,650,"22 Pass Rd., Gulfport, MS, 39507, US"
Big Bacon Classic® Double,7.69,920,"22 Pass Rd., Gulfport, MS, 39507, US"
Big Bacon Classic Triple,8.89,"1,220","22 Pass Rd., Gulfport, MS, 39507, US"
Bacon Double Stack,4.19,440,"22 Pass Rd., Gulfport, MS, 39507, US"
Jr. Bacon Cheeseburger,3.49,370,"22 Pass Rd., Gulfport, MS, 39507, US"
Jr. Cheeseburger Deluxe,2.49,340,"22 Pass Rd., Gulfport, MS, 39507, US"
Jr. Cheeseburger Deluxe,2.49,350,"22 Pass Rd., Gulfport, MS, 39507, US"
Jr. Cheeseburger,2.29,290,"22 Pass Rd., Gulfport, MS, 39507, US"
Double Stack™,3.49,410,"22 Pass Rd., Gulfport, MS, 39507, US"
Jr. Hamburger,1.99,250,"22 Pass Rd., Gulfport, MS, 39507, US"
French Fries,1.19-2.99,210-470,"22 Pass Rd., Gulfport, MS, 39507, US"
Baconator Fries,3.69,460,"22 Pass Rd., Gulfport, MS, 39507, US"
Chili Cheese Fries,3.69,520,"22 Pass Rd., Gulfport, MS, 39507, US"
Cheese Fries,3.19,470,"22 Pass Rd., Gulfport, MS, 39507, US"
Chili,2.89/3.59,240/340,"22 Pass Rd., Gulfport, MS, 39507, US"
Sour Cream and Chive Baked Potato,2.79,310,"22 Pass Rd., Gulfport, MS, 39507, US"
Plain Baked Potato,2.59,270,"22 Pass Rd., Gulfport, MS, 39507, US"
Bacon Cheese Baked Potato,3.99,440,"22 Pass Rd., Gulfport, MS, 39507, US"
Chili & Cheese Baked Potato,3.99,500,"22 Pass Rd., Gulfport, MS, 39507, US"
Cheese Baked Potato,3.49,450,"22 Pass Rd., Gulfport, MS, 39507, US"
Apple Bites,0.99,35,"22 Pass Rd., Gulfport, MS, 39507, US"
6 PC. Crispy Chicken Nuggets,3.19,270,"22 Pass Rd., Gulfport, MS, 39507, US"
4 PC. Crispy Chicken Nuggets,2.29,180,"22 Pass Rd., Gulfport, MS, 39507, US"
6 PC. Spicy Chicken Nuggets,3.19,280,"22 Pass Rd., Gulfport, MS, 39507, US"
4 PC. Spicy Chicken Nuggets,2.29,190,"22 Pass Rd., Gulfport, MS, 39507, US"
Pretzel Baconator®,9.19,"1,050","722 Second St, Manchester, NH, 03102, US"
Dave's Single®,5.99,590,"722 Second St, Manchester, NH, 03102, US"
Dave's Double®,7.19,860,"722 Second St, Manchester, NH, 03102, US"
Dave's Triple®,8.39,"1,160","722 Second St, Manchester, NH, 03102, US"
Baconator®,8.19,960,"722 Second St, Manchester, NH, 03102, US"
Son of Baconator®,5.79,630,"722 Second St, Manchester, NH, 03102, US"
Big Bacon Classic®,6.79,650,"722 Second St, Manchester, NH, 03102, US"
Big Bacon Classic® Double,7.99,910,"722 Second St, Manchester, NH, 03102, US"
Big Bacon Classic Triple,9.19,"1,220","722 Second St, Manchester, NH, 03102, US"
Bacon Double Stack,3.49,440,"722 Second St, Manchester, NH, 03102, US"
Jr. Bacon Cheeseburger,2.79,370,"722 Second St, Manchester, NH, 03102, US"
Jr. Cheeseburger Deluxe,2.29,340,"722 Second St, Manchester, NH, 03102, US"
Jr. Cheeseburger,1.99,290,"722 Second St, Manchester, NH, 03102, US"
Double Stack™,2.79,410,"722 Second St, Manchester, NH, 03102, US"
Jr. Hamburger,1.69,250,"722 Second St, Manchester, NH, 03102, US"
French Fries,1.79-3.39,210-470,"722 Second St, Manchester, NH, 03102, US"
Baconator Fries,3.69,460,"722 Second St, Manchester, NH, 03102, US"
Chili Cheese Fries,3.69,520,"722 Second St, Manchester, NH, 03102, US"
Cheese Fries,3.49,470,"722 Second St, Manchester, NH, 03102, US"
Chili,2.79/3.19,240/340,"722 Second St, Manchester, NH, 03102, US"
Sour Cream and Chive Baked Potato,2.49,310,"722 Second St, Manchester, NH, 03102, US"
Plain Baked Potato,2.29,270,"722 Second St, Manchester, NH, 03102, US"
Bacon Cheese Baked Potato,3.99,440,"722 Second St, Manchester, NH, 03102, US"
Chili & Cheese Baked Potato,3.99,500,"722 Second St, Manchester, NH, 03102, US"
Cheese Baked Potato,3.49,450,"722 Second St, Manchester, NH, 03102, US"
Apple Bites,0.99,35,"722 Second St, Manchester, NH, 03102, US"
6 PC. Crispy Chicken Nuggets,2.89,270,"722 Second St, Manchester, NH, 03102, US"
4 PC. Crispy Chicken Nuggets,2.19,180,"722 Second St, Manchester, NH, 03102, US"
6 PC. Spicy Chicken Nuggets,2.89,280,"722 Second St, Manchester, NH, 03102, US"
4 PC. Spicy Chicken Nuggets,2.19,190,"722 Second St, Manchester, NH, 03102, US"
Pretzel Baconator®,10.69,"1,050","1465 WOODBURY AVE, PORTSMOUTH, NH, 03801, US"
Dave's Single®,7.19,590,"1465 WOODBURY AVE, PORTSMOUTH, NH, 03801, US"
Dave's Double®,8.49,860,"1465 WOODBURY AVE, PORTSMOUTH, NH, 03801, US"
Dave's Triple®,9.79,"1,160","1465 WOODBURY AVE, PORTSMOUTH, NH, 03801, US"
Baconator®,9.69,960,"1465 WOODBURY AVE, PORTSMOUTH, NH, 03801, US"
Son of Baconator®,7.69,630,"1465 WOODBURY AVE, PORTSMOUTH, NH, 03801, US"
Big Bacon Classic®,7.79,650,"1465 WOODBURY AVE, PORTSMOUTH, NH, 03801, US"
Big Bacon Classic® Double,9.09,910,"1465 WOODBURY AVE, PORTSMOUTH, NH, 03801, US"
Big Bacon Classic Triple,10.39,"1,220","1465 WOODBURY AVE, PORTSMOUTH, NH, 03801, US"
Bacon Double Stack,3.79,440,"1465 WOODBURY AVE, PORTSMOUTH, NH, 03801, US"
Jr. Bacon Cheeseburger,3.49,370,"1465 WOODBURY AVE, PORTSMOUTH, NH, 03801, US"
Jr. Cheeseburger Deluxe,2.99,340,"1465 WOODBURY AVE, PORTSMOUTH, NH, 03801, US"
Jr. Cheeseburger,2.39,290,"1465 WOODBURY AVE, PORTSMOUTH, NH, 03801, US"
Double Stack™,3.49,410,"1465 WOODBURY AVE, PORTSMOUTH, NH, 03801, US"
Jr. Hamburger,1.99,250,"1465 WOODBURY AVE, PORTSMOUTH, NH, 03801, US"
French Fries,1.99-3.79,210-470,"1465 WOODBURY AVE, PORTSMOUTH, NH, 03801, US"
Baconator Fries,3.99,460,"1465 WOODBURY AVE, PORTSMOUTH, NH, 03801, US"
Chili Cheese Fries,3.99,520,"1465 WOODBURY AVE, PORTSMOUTH, NH, 03801, US"
Cheese Fries,3.69,470,"1465 WOODBURY AVE, PORTSMOUTH, NH, 03801, US"
Chili,2.99/3.79,240/340,"1465 WOODBURY AVE, PORTSMOUTH, NH, 03801, US"
Apple Bites,1.39,35,"1465 WOODBURY AVE, PORTSMOUTH, NH, 03801, US"
6 PC. Crispy Chicken Nuggets,3.89,270,"1465 WOODBURY AVE, PORTSMOUTH, NH, 03801, US"
4 PC. Crispy Chicken Nuggets,2.79,180,"1465 WOODBURY AVE, PORTSMOUTH, NH, 03801, US"
6 PC. Spicy Chicken Nuggets,3.89,280,"1465 WOODBURY AVE, PORTSMOUTH, NH, 03801, US"
4 PC. Spicy Chicken Nuggets,2.69,190,"1465 WOODBURY AVE, PORTSMOUTH, NH, 03801, US"
Pretzel Baconator®,9.19,"1,050","909 Central Ave., Dover, NH, 03820, US"
Dave's Single®,5.99,590,"909 Central Ave., Dover, NH, 03820, US"
Dave's Double®,7.19,860,"909 Central Ave., Dover, NH, 03820, US"
Dave's Triple®,8.39,"1,160","909 Central Ave., Dover, NH, 03820, US"
Baconator®,8.19,960,"909 Central Ave., Dover, NH, 03820, US"
Son of Baconator®,5.79,630,"909 Central Ave., Dover, NH, 03820, US"
Big Bacon Classic®,6.79,650,"909 Central Ave., Dover, NH, 03820, US"
Big Bacon Classic® Double,7.99,910,"909 Central Ave., Dover, NH, 03820, US"
Big Bacon Classic Triple,9.19,"1,220","909 Central Ave., Dover, NH, 03820, US"
Bacon Double Stack,3.49,440,"909 Central Ave., Dover, NH, 03820, US"
Jr. Bacon Cheeseburger,2.79,370,"909 Central Ave., Dover, NH, 03820, US"
Jr. Cheeseburger Deluxe,2.29,340,"909 Central Ave., Dover, NH, 03820, US"
Jr. Cheeseburger,1.99,290,"909 Central Ave., Dover, NH, 03820, US"
Double Stack™,2.79,410,"909 Central Ave., Dover, NH, 03820, US"
Jr. Hamburger,1.69,250,"909 Central Ave., Dover, NH, 03820, US"
French Fries,1.79-3.39,210-470,"909 Central Ave., Dover, NH, 03820, US"
Baconator Fries,3.69,460,"909 Central Ave., Dover, NH, 03820, US"
Chili Cheese Fries,3.69,520,"909 Central Ave., Dover, NH, 03820, US"
Cheese Fries,3.49,470,"909 Central Ave., Dover, NH, 03820, US"
Chili,2.79/3.19,240/340,"909 Central Ave., Dover, NH, 03820, US"
Sour Cream and Chive Baked Potato,2.49,310,"909 Central Ave., Dover, NH, 03820, US"
Plain Baked Potato,2.29,270,"909 Central Ave., Dover, NH, 03820, US"
Bacon Cheese Baked Potato,3.99,440,"909 Central Ave., Dover, NH, 03820, US"
Chili & Cheese Baked Potato,3.99,500,"909 Central Ave., Dover, NH, 03820, US"
Cheese Baked Potato,3.49,450,"909 Central Ave., Dover, NH, 03820, US"
Apple Bites,0.99,35,"909 Central Ave., Dover, NH, 03820, US"
6 PC. Crispy Chicken Nuggets,2.89,270,"909 Central Ave., Dover, NH, 03820, US"
4 PC. Crispy Chicken Nuggets,2.19,180,"909 Central Ave., Dover, NH, 03820, US"
6 PC. Spicy Chicken Nuggets,2.89,280,"909 Central Ave., Dover, NH, 03820, US"
4 PC. Spicy Chicken Nuggets,2.19,190,"909 Central Ave., Dover, NH, 03820, US"
Pretzel Baconator®,10.69,"1,050","570 LAFAYETTE RD UNIT, SEABROOK, NH, 03874, US"
Dave's Single®,7.19,590,"570 LAFAYETTE RD UNIT, SEABROOK, NH, 03874, US"
Dave's Double®,8.49,860,"570 LAFAYETTE RD UNIT, SEABROOK, NH, 03874, US"
Dave's Triple®,9.79,"1,160","570 LAFAYETTE RD UNIT, SEABROOK, NH, 03874, US"
Baconator®,9.69,960,"570 LAFAYETTE RD UNIT, SEABROOK, NH, 03874, US"
Son of Baconator®,7.69,630,"570 LAFAYETTE RD UNIT, SEABROOK, NH, 03874, US"
Big Bacon Classic®,7.79,650,"570 LAFAYETTE RD UNIT, SEABROOK, NH, 03874, US"
Big Bacon Classic® Double,9.09,910,"570 LAFAYETTE RD UNIT, SEABROOK, NH, 03874, US"
Big Bacon Classic Triple,10.39,"1,220","570 LAFAYETTE RD UNIT, SEABROOK, NH, 03874, US"
Bacon Double Stack,3.79,440,"570 LAFAYETTE RD UNIT, SEABROOK, NH, 03874, US"
Jr. Bacon Cheeseburger,3.49,370,"570 LAFAYETTE RD UNIT, SEABROOK, NH, 03874, US"
Jr. Cheeseburger Deluxe,2.99,340,"570 LAFAYETTE RD UNIT, SEABROOK, NH, 03874, US"
Jr. Cheeseburger,2.39,290,"570 LAFAYETTE RD UNIT, SEABROOK, NH, 03874, US"
Double Stack™,3.49,410,"570 LAFAYETTE RD UNIT, SEABROOK, NH, 03874, US"
Jr. Hamburger,1.99,250,"570 LAFAYETTE RD UNIT, SEABROOK, NH, 03874, US"
French Fries,1.99-3.79,210-470,"570 LAFAYETTE RD UNIT, SEABROOK, NH, 03874, US"
Baconator Fries,3.99,460,"570 LAFAYETTE RD UNIT, SEABROOK, NH, 03874, US"
Chili Cheese Fries,3.99,520,"570 LAFAYETTE RD UNIT, SEABROOK, NH, 03874, US"
Cheese Fries,3.69,470,"570 LAFAYETTE RD UNIT, SEABROOK, NH, 03874, US"
Chili,2.99/3.79,240/340,"570 LAFAYETTE RD UNIT, SEABROOK, NH, 03874, US"
Sour Cream and Chive Baked Potato,2.79,310,"570 LAFAYETTE RD UNIT, SEABROOK, NH, 03874, US"
Plain Baked Potato,2.59,270,"570 LAFAYETTE RD UNIT, SEABROOK, NH, 03874, US"
Bacon Cheese Baked Potato,4.49,440,"570 LAFAYETTE RD UNIT, SEABROOK, NH, 03874, US"
Chili & Cheese Baked Potato,4.49,500,"570 LAFAYETTE RD UNIT, SEABROOK, NH, 03874, US"
Cheese Baked Potato,3.79,450,"570 LAFAYETTE RD UNIT, SEABROOK, NH, 03874, US"
Apple Bites,1.39,35,"570 LAFAYETTE RD UNIT, SEABROOK, NH, 03874, US"
6 PC. Crispy Chicken Nuggets,3.89,270,"570 LAFAYETTE RD UNIT, SEABROOK, NH, 03874, US"
4 PC. Crispy Chicken Nuggets,2.79,180,"570 LAFAYETTE RD UNIT, SEABROOK, NH, 03874, US"
6 PC. Spicy Chicken Nuggets,3.89,280,"570 LAFAYETTE RD UNIT, SEABROOK, NH, 03874, US"
4 PC. Spicy Chicken Nuggets,2.69,190,"570 LAFAYETTE RD UNIT, SEABROOK, NH, 03874, US"
Pretzel Baconator®,9.49,"1,050","95 Calef Highway, Lee, NH, 03861, US"
Dave's Single®,5.89,590,"95 Calef Highway, Lee, NH, 03861, US"
Dave's Double®,7.19,860,"95 Calef Highway, Lee, NH, 03861, US"
Dave's Triple®,8.49,"1,160","95 Calef Highway, Lee, NH, 03861, US"
Baconator®,8.49,960,"95 Calef Highway, Lee, NH, 03861, US"
Son of Baconator®,6.19,630,"95 Calef Highway, Lee, NH, 03861, US"
Big Bacon Classic®,7.19,650,"95 Calef Highway, Lee, NH, 03861, US"
Big Bacon Classic® Double,8.39,910,"95 Calef Highway, Lee, NH, 03861, US"
Big Bacon Classic Triple,9.59,"1,220","95 Calef Highway, Lee, NH, 03861, US"
Bacon Double Stack,3.49,440,"95 Calef Highway, Lee, NH, 03861, US"
Jr. Bacon Cheeseburger,2.89,370,"95 Calef Highway, Lee, NH, 03861, US"
Jr. Cheeseburger Deluxe,2.49,340,"95 Calef Highway, Lee, NH, 03861, US"
Jr. Cheeseburger,1.99,290,"95 Calef Highway, Lee, NH, 03861, US"
Double Stack™,2.89,410,"95 Calef Highway, Lee, NH, 03861, US"
Jr. Hamburger,1.79,250,"95 Calef Highway, Lee, NH, 03861, US"
French Fries,1.69-3.39,210-470,"95 Calef Highway, Lee, NH, 03861, US"
Baconator Fries,3.59,460,"95 Calef Highway, Lee, NH, 03861, US"
Chili Cheese Fries,3.59,520,"95 Calef Highway, Lee, NH, 03861, US"
Cheese Fries,3.49,470,"95 Calef Highway, Lee, NH, 03861, US"
Chili,2.79/3.69,240/340,"95 Calef Highway, Lee, NH, 03861, US"
Sour Cream and Chive Baked Potato,2.69,310,"95 Calef Highway, Lee, NH, 03861, US"
Plain Baked Potato,2.39,270,"95 Calef Highway, Lee, NH, 03861, US"
Bacon Cheese Baked Potato,4.09,440,"95 Calef Highway, Lee, NH, 03861, US"
Chili & Cheese Baked Potato,4.09,500,"95 Calef Highway, Lee, NH, 03861, US"
Cheese Baked Potato,3.29,450,"95 Calef Highway, Lee, NH, 03861, US"
Apple Bites,0.99,35,"95 Calef Highway, Lee, NH, 03861, US"
6 PC. Crispy Chicken Nuggets,3.39,270,"95 Calef Highway, Lee, NH, 03861, US"
4 PC. Crispy Chicken Nuggets,2.39,180,"95 Calef Highway, Lee, NH, 03861, US"
6 PC. Spicy Chicken Nuggets,3.39,280,"95 Calef Highway, Lee, NH, 03861, US"
4 PC. Spicy Chicken Nuggets,2.39,190,"95 Calef Highway, Lee, NH, 03861, US"
Pretzel Baconator®,8.59,"1,050","776 Biltmore Ave., Asheville, NC, 28803, US"
Dave's Single®,5.39,590,"776 Biltmore Ave., Asheville, NC, 28803, US"
Dave's Double®,6.49,860,"776 Biltmore Ave., Asheville, NC, 28803, US"
Dave's Triple®,7.59,"1,160","776 Biltmore Ave., Asheville, NC, 28803, US"
Baconator®,7.69,960,"776 Biltmore Ave., Asheville, NC, 28803, US"
Son of Baconator®,5.69,630,"776 Biltmore Ave., Asheville, NC, 28803, US"
Big Bacon Classic®,6.89,650,"776 Biltmore Ave., Asheville, NC, 28803, US"
Big Bacon Classic® Double,7.99,910,"776 Biltmore Ave., Asheville, NC, 28803, US"
Big Bacon Classic Triple,9.19,"1,220","776 Biltmore Ave., Asheville, NC, 28803, US"
Bacon Double Stack,3.49,440,"776 Biltmore Ave., Asheville, NC, 28803, US"
Jr. Bacon Cheeseburger,2.89,370,"776 Biltmore Ave., Asheville, NC, 28803, US"
Jr. Cheeseburger Deluxe,2.29,340,"776 Biltmore Ave., Asheville, NC, 28803, US"
Jr. Cheeseburger,1.79,290,"776 Biltmore Ave., Asheville, NC, 28803, US"
Double Stack™,3.09,410,"776 Biltmore Ave., Asheville, NC, 28803, US"
Jr. Hamburger,1.49,250,"776 Biltmore Ave., Asheville, NC, 28803, US"
French Fries,1.79-3.39,210-470,"776 Biltmore Ave., Asheville, NC, 28803, US"
Baconator Fries,3.59,460,"776 Biltmore Ave., Asheville, NC, 28803, US"
Chili Cheese Fries,3.69,520,"776 Biltmore Ave., Asheville, NC, 28803, US"
Cheese Fries,3.19,470,"776 Biltmore Ave., Asheville, NC, 28803, US"
Chili,2.69/3.59,240/340,"776 Biltmore Ave., Asheville, NC, 28803, US"
Sour Cream and Chive Baked Potato,2.59,310,"776 Biltmore Ave., Asheville, NC, 28803, US"
Plain Baked Potato,2.49,270,"776 Biltmore Ave., Asheville, NC, 28803, US"
Bacon Cheese Baked Potato,3.99,440,"776 Biltmore Ave., Asheville, NC, 28803, US"
Chili & Cheese Baked Potato,3.99,500,"776 Biltmore Ave., Asheville, NC, 28803, US"
Cheese Baked Potato,3.59,450,"776 Biltmore Ave., Asheville, NC, 28803, US"
Apple Bites,1.39,35,"776 Biltmore Ave., Asheville, NC, 28803, US"
6 PC. Crispy Chicken Nuggets,2.69,270,"776 Biltmore Ave., Asheville, NC, 28803, US"
4 PC. Crispy Chicken Nuggets,1.99,180,"776 Biltmore Ave., Asheville, NC, 28803, US"
6 PC. Spicy Chicken Nuggets,2.69,280,"776 Biltmore Ave., Asheville, NC, 28803, US"
4 PC. Spicy Chicken Nuggets,1.99,190,"776 Biltmore Ave., Asheville, NC, 28803, US"
Pretzel Baconator®,8.69,"1,050","532 Grove St., Fayetteville, NC, 28301, US"
Dave's Single®,5.39,590,"532 Grove St., Fayetteville, NC, 28301, US"
Dave's Double®,6.69,860,"532 Grove St., Fayetteville, NC, 28301, US"
Dave's Triple®,8.39,"1,160","532 Grove St., Fayetteville, NC, 28301, US"
Baconator®,7.69,960,"532 Grove St., Fayetteville, NC, 28301, US"
Son of Baconator®,5.99,630,"532 Grove St., Fayetteville, NC, 28301, US"
Big Bacon Classic®,5.89,650,"532 Grove St., Fayetteville, NC, 28301, US"
Big Bacon Classic® Double,6.99,910,"532 Grove St., Fayetteville, NC, 28301, US"
Big Bacon Classic Triple,8.09,"1,220","532 Grove St., Fayetteville, NC, 28301, US"
Carolina Classic,4.39,540,"532 Grove St., Fayetteville, NC, 28301, US"
Bacon Double Stack,3.79,440,"532 Grove St., Fayetteville, NC, 28301, US"
Jr. Bacon Cheeseburger,3.19,370,"532 Grove St., Fayetteville, NC, 28301, US"
Jr. Cheeseburger Deluxe,2.39,340,"532 Grove St., Fayetteville, NC, 28301, US"
Jr. Cheeseburger,1.99,290,"532 Grove St., Fayetteville, NC, 28301, US"
Double Stack™,3.29,410,"532 Grove St., Fayetteville, NC, 28301, US"
Jr. Hamburger,1.79,250,"532 Grove St., Fayetteville, NC, 28301, US"
French Fries,1.79-3.29,210-470,"532 Grove St., Fayetteville, NC, 28301, US"
Baconator Fries,3.79,460,"532 Grove St., Fayetteville, NC, 28301, US"
Chili Cheese Fries,3.79,520,"532 Grove St., Fayetteville, NC, 28301, US"
Cheese Fries,2.59,470,"532 Grove St., Fayetteville, NC, 28301, US"
Family Chili,12.99,"1,100","532 Grove St., Fayetteville, NC, 28301, US"
Chili,2.89/3.69,240/340,"532 Grove St., Fayetteville, NC, 28301, US"
Sour Cream and Chive Baked Potato,2.69,310,"532 Grove St., Fayetteville, NC, 28301, US"
Plain Baked Potato,2.49,270,"532 Grove St., Fayetteville, NC, 28301, US"
Bacon Cheese Baked Potato,3.99,440,"532 Grove St., Fayetteville, NC, 28301, US"
Chili & Cheese Baked Potato,3.99,500,"532 Grove St., Fayetteville, NC, 28301, US"
Cheese Baked Potato,2.99,450,"532 Grove St., Fayetteville, NC, 28301, US"
Apple Bites,1.49,35,"532 Grove St., Fayetteville, NC, 28301, US"
6 PC. Crispy Chicken Nuggets,2.79,270,"532 Grove St., Fayetteville, NC, 28301, US"
4 PC. Crispy Chicken Nuggets,2.19,180,"532 Grove St., Fayetteville, NC, 28301, US"
6 PC. Spicy Chicken Nuggets,2.79,280,"532 Grove St., Fayetteville, NC, 28301, US"
4 PC. Spicy Chicken Nuggets,2.19,190,"532 Grove St., Fayetteville, NC, 28301, US"
Pretzel Baconator®,8.69,"1,050","3000 Owen Drive, Fayetteville, NC, 28306, US"
Dave's Single®,5.39,590,"3000 Owen Drive, Fayetteville, NC, 28306, US"
Dave's Double®,6.69,860,"3000 Owen Drive, Fayetteville, NC, 28306, US"
Dave's Triple®,8.39,"1,160","3000 Owen Drive, Fayetteville, NC, 28306, US"
Baconator®,7.69,960,"3000 Owen Drive, Fayetteville, NC, 28306, US"
Son of Baconator®,5.99,630,"3000 Owen Drive, Fayetteville, NC, 28306, US"
Big Bacon Classic®,5.89,650,"3000 Owen Drive, Fayetteville, NC, 28306, US"
Big Bacon Classic® Double,6.99,910,"3000 Owen Drive, Fayetteville, NC, 28306, US"
Big Bacon Classic Triple,8.09,"1,220","3000 Owen Drive, Fayetteville, NC, 28306, US"
Carolina Classic,4.39,540,"3000 Owen Drive, Fayetteville, NC, 28306, US"
Bacon Double Stack,3.79,440,"3000 Owen Drive, Fayetteville, NC, 28306, US"
Jr. Bacon Cheeseburger,3.19,370,"3000 Owen Drive, Fayetteville, NC, 28306, US"
Jr. Cheeseburger Deluxe,2.39,340,"3000 Owen Drive, Fayetteville, NC, 28306, US"
Jr. Cheeseburger,1.99,290,"3000 Owen Drive, Fayetteville, NC, 28306, US"
Double Stack™,3.29,410,"3000 Owen Drive, Fayetteville, NC, 28306, US"
Jr. Hamburger,1.79,250,"3000 Owen Drive, Fayetteville, NC, 28306, US"
French Fries,1.79-3.29,210-470,"3000 Owen Drive, Fayetteville, NC, 28306, US"
Baconator Fries,3.79,460,"3000 Owen Drive, Fayetteville, NC, 28306, US"
Chili Cheese Fries,3.79,520,"3000 Owen Drive, Fayetteville, NC, 28306, US"
Cheese Fries,2.59,470,"3000 Owen Drive, Fayetteville, NC, 28306, US"
Family Chili,12.99,"1,100","3000 Owen Drive, Fayetteville, NC, 28306, US"
Chili,2.89/3.69,240/340,"3000 Owen Drive, Fayetteville, NC, 28306, US"
Sour Cream and Chive Baked Potato,2.69,310,"3000 Owen Drive, Fayetteville, NC, 28306, US"
Plain Baked Potato,2.49,270,"3000 Owen Drive, Fayetteville, NC, 28306, US"
Bacon Cheese Baked Potato,3.99,440,"3000 Owen Drive, Fayetteville, NC, 28306, US"
Chili & Cheese Baked Potato,3.99,500,"3000 Owen Drive, Fayetteville, NC, 28306, US"
Cheese Baked Potato,2.99,450,"3000 Owen Drive, Fayetteville, NC, 28306, US"
Apple Bites,1.49,35,"3000 Owen Drive, Fayetteville, NC, 28306, US"
6 PC. Crispy Chicken Nuggets,2.79,270,"3000 Owen Drive, Fayetteville, NC, 28306, US"
4 PC. Crispy Chicken Nuggets,2.19,180,"3000 Owen Drive, Fayetteville, NC, 28306, US"
6 PC. Spicy Chicken Nuggets,2.79,280,"3000 Owen Drive, Fayetteville, NC, 28306, US"
4 PC. Spicy Chicken Nuggets,2.19,190,"3000 Owen Drive, Fayetteville, NC, 28306, US"
Pretzel Baconator®,9.39,"1,050","3527 Hillsborough Rd., Durham, NC, 27705, US"
Dave's Single®,5.39,590,"3527 Hillsborough Rd., Durham, NC, 27705, US"
Dave's Double®,7.09,860,"3527 Hillsborough Rd., Durham, NC, 27705, US"
Dave's Triple®,8.79,"1,160","3527 Hillsborough Rd., Durham, NC, 27705, US"
Baconator®,8.39,960,"3527 Hillsborough Rd., Durham, NC, 27705, US"
Son of Baconator®,6.49,630,"3527 Hillsborough Rd., Durham, NC, 27705, US"
Big Bacon Classic®,6.49,650,"3527 Hillsborough Rd., Durham, NC, 27705, US"
Big Bacon Classic® Double,8.19,910,"3527 Hillsborough Rd., Durham, NC, 27705, US"
Big Bacon Classic Triple,9.89,"1,220","3527 Hillsborough Rd., Durham, NC, 27705, US"
Bacon Double Stack,3.99,440,"3527 Hillsborough Rd., Durham, NC, 27705, US"
Jr. Bacon Cheeseburger,3.09,370,"3527 Hillsborough Rd., Durham, NC, 27705, US"
Jr. Cheeseburger Deluxe,2.79,340,"3527 Hillsborough Rd., Durham, NC, 27705, US"
Jr. Cheeseburger,2.59,290,"3527 Hillsborough Rd., Durham, NC, 27705, US"
Double Stack™,3.39,410,"3527 Hillsborough Rd., Durham, NC, 27705, US"
Jr. Hamburger,2.19,250,"3527 Hillsborough Rd., Durham, NC, 27705, US"
French Fries,1.79-3.89,210-470,"3527 Hillsborough Rd., Durham, NC, 27705, US"
Baconator Fries,4.09,460,"3527 Hillsborough Rd., Durham, NC, 27705, US"
Chili Cheese Fries,4.29,520,"3527 Hillsborough Rd., Durham, NC, 27705, US"
Cheese Fries,3.69,470,"3527 Hillsborough Rd., Durham, NC, 27705, US"
Family Chili,15.99,"1,100","3527 Hillsborough Rd., Durham, NC, 27705, US"
Chili,3.19/4.19,240/340,"3527 Hillsborough Rd., Durham, NC, 27705, US"
Sour Cream and Chive Baked Potato,3.19,310,"3527 Hillsborough Rd., Durham, NC, 27705, US"
Plain Baked Potato,3.09,270,"3527 Hillsborough Rd., Durham, NC, 27705, US"
Bacon Cheese Baked Potato,4.79,440,"3527 Hillsborough Rd., Durham, NC, 27705, US"
Chili & Cheese Baked Potato,4.79,500,"3527 Hillsborough Rd., Durham, NC, 27705, US"
Cheese Baked Potato,4.29,450,"3527 Hillsborough Rd., Durham, NC, 27705, US"
Apple Bites,2.09,35,"3527 Hillsborough Rd., Durham, NC, 27705, US"
6 PC. Crispy Chicken Nuggets,3.29,270,"3527 Hillsborough Rd., Durham, NC, 27705, US"
4 PC. Crispy Chicken Nuggets,2.49,180,"3527 Hillsborough Rd., Durham, NC, 27705, US"
6 PC. Spicy Chicken Nuggets,3.29,280,"3527 Hillsborough Rd., Durham, NC, 27705, US"
4 PC. Spicy Chicken Nuggets,2.49,190,"3527 Hillsborough Rd., Durham, NC, 27705, US"
Pretzel Baconator®,9.39,"1,050","3107 Shannon Road, Durham, NC, 27707, US"
Dave's Single®,5.39,590,"3107 Shannon Road, Durham, NC, 27707, US"
Dave's Double®,7.09,860,"3107 Shannon Road, Durham, NC, 27707, US"
Dave's Triple®,8.79,"1,160","3107 Shannon Road, Durham, NC, 27707, US"
Baconator®,8.39,960,"3107 Shannon Road, Durham, NC, 27707, US"
Son of Baconator®,6.49,630,"3107 Shannon Road, Durham, NC, 27707, US"
Big Bacon Classic®,6.49,650,"3107 Shannon Road, Durham, NC, 27707, US"
Big Bacon Classic® Double,8.19,910,"3107 Shannon Road, Durham, NC, 27707, US"
Big Bacon Classic Triple,9.89,"1,220","3107 Shannon Road, Durham, NC, 27707, US"
Bacon Double Stack,3.99,440,"3107 Shannon Road, Durham, NC, 27707, US"
Jr. Bacon Cheeseburger,3.09,370,"3107 Shannon Road, Durham, NC, 27707, US"
Jr. Cheeseburger Deluxe,2.79,340,"3107 Shannon Road, Durham, NC, 27707, US"
Jr. Cheeseburger,2.59,290,"3107 Shannon Road, Durham, NC, 27707, US"
Double Stack™,3.39,410,"3107 Shannon Road, Durham, NC, 27707, US"
Jr. Hamburger,2.19,250,"3107 Shannon Road, Durham, NC, 27707, US"
French Fries,1.79-3.89,210-470,"3107 Shannon Road, Durham, NC, 27707, US"
Baconator Fries,4.09,460,"3107 Shannon Road, Durham, NC, 27707, US"
Chili Cheese Fries,4.29,520,"3107 Shannon Road, Durham, NC, 27707, US"
Cheese Fries,3.69,470,"3107 Shannon Road, Durham, NC, 27707, US"
Family Chili,15.99,"1,100","3107 Shannon Road, Durham, NC, 27707, US"
Chili,3.19/4.19,240/340,"3107 Shannon Road, Durham, NC, 27707, US"
Sour Cream and Chive Baked Potato,3.19,310,"3107 Shannon Road, Durham, NC, 27707, US"
Plain Baked Potato,3.09,270,"3107 Shannon Road, Durham, NC, 27707, US"
Bacon Cheese Baked Potato,4.79,440,"3107 Shannon Road, Durham, NC, 27707, US"
Chili & Cheese Baked Potato,4.79,500,"3107 Shannon Road, Durham, NC, 27707, US"
Cheese Baked Potato,4.29,450,"3107 Shannon Road, Durham, NC, 27707, US"
Apple Bites,2.09,35,"3107 Shannon Road, Durham, NC, 27707, US"
6 PC. Crispy Chicken Nuggets,3.29,270,"3107 Shannon Road, Durham, NC, 27707, US"
4 PC. Crispy Chicken Nuggets,2.49,180,"3107 Shannon Road, Durham, NC, 27707, US"
6 PC. Spicy Chicken Nuggets,3.29,280,"3107 Shannon Road, Durham, NC, 27707, US"
4 PC. Spicy Chicken Nuggets,2.49,190,"3107 Shannon Road, Durham, NC, 27707, US"
Pretzel Baconator®,9.39,"1,050","1821 N Pointe Dr, Durham, NC, 27705, US"
Dave's Single®,5.39,590,"1821 N Pointe Dr, Durham, NC, 27705, US"
Dave's Double®,7.09,860,"1821 N Pointe Dr, Durham, NC, 27705, US"
Dave's Triple®,8.79,"1,160","1821 N Pointe Dr, Durham, NC, 27705, US"
Baconator®,8.39,960,"1821 N Pointe Dr, Durham, NC, 27705, US"
Son of Baconator®,6.49,630,"1821 N Pointe Dr, Durham, NC, 27705, US"
Big Bacon Classic®,6.49,650,"1821 N Pointe Dr, Durham, NC, 27705, US"
Big Bacon Classic® Double,8.19,910,"1821 N Pointe Dr, Durham, NC, 27705, US"
Big Bacon Classic Triple,9.89,"1,220","1821 N Pointe Dr, Durham, NC, 27705, US"
Bacon Double Stack,3.99,440,"1821 N Pointe Dr, Durham, NC, 27705, US"
Jr. Bacon Cheeseburger,3.09,370,"1821 N Pointe Dr, Durham, NC, 27705, US"
Jr. Cheeseburger Deluxe,2.79,340,"1821 N Pointe Dr, Durham, NC, 27705, US"
Jr. Cheeseburger,2.59,290,"1821 N Pointe Dr, Durham, NC, 27705, US"
Double Stack™,3.39,410,"1821 N Pointe Dr, Durham, NC, 27705, US"
Jr. Hamburger,2.19,250,"1821 N Pointe Dr, Durham, NC, 27705, US"
French Fries,1.79-3.89,210-470,"1821 N Pointe Dr, Durham, NC, 27705, US"
Baconator Fries,4.09,460,"1821 N Pointe Dr, Durham, NC, 27705, US"
Chili Cheese Fries,4.29,520,"1821 N Pointe Dr, Durham, NC, 27705, US"
Cheese Fries,3.69,470,"1821 N Pointe Dr, Durham, NC, 27705, US"
Family Chili,15.99,"1,100","1821 N Pointe Dr, Durham, NC, 27705, US"
Chili,3.19/4.19,240/340,"1821 N Pointe Dr, Durham, NC, 27705, US"
Sour Cream and Chive Baked Potato,3.19,310,"1821 N Pointe Dr, Durham, NC, 27705, US"
Plain Baked Potato,3.09,270,"1821 N Pointe Dr, Durham, NC, 27705, US"
Bacon Cheese Baked Potato,4.79,440,"1821 N Pointe Dr, Durham, NC, 27705, US"
Chili & Cheese Baked Potato,4.79,500,"1821 N Pointe Dr, Durham, NC, 27705, US"
Cheese Baked Potato,4.29,450,"1821 N Pointe Dr, Durham, NC, 27705, US"
Apple Bites,2.09,35,"1821 N Pointe Dr, Durham, NC, 27705, US"
6 PC. Crispy Chicken Nuggets,3.29,270,"1821 N Pointe Dr, Durham, NC, 27705, US"
4 PC. Crispy Chicken Nuggets,2.49,180,"1821 N Pointe Dr, Durham, NC, 27705, US"
6 PC. Spicy Chicken Nuggets,3.29,280,"1821 N Pointe Dr, Durham, NC, 27705, US"
4 PC. Spicy Chicken Nuggets,2.49,190,"1821 N Pointe Dr, Durham, NC, 27705, US"
Pretzel Baconator®,9.39,"1,050","1821 N Pointe Drive, DURHAM, NC, 27705, US"
Dave's Single®,5.39,590,"1821 N Pointe Drive, DURHAM, NC, 27705, US"
Dave's Double®,7.09,860,"1821 N Pointe Drive, DURHAM, NC, 27705, US"
Dave's Triple®,8.79,"1,160","1821 N Pointe Drive, DURHAM, NC, 27705, US"
Baconator®,8.39,960,"1821 N Pointe Drive, DURHAM, NC, 27705, US"
Son of Baconator®,6.49,630,"1821 N Pointe Drive, DURHAM, NC, 27705, US"
Big Bacon Classic®,6.49,650,"1821 N Pointe Drive, DURHAM, NC, 27705, US"
Big Bacon Classic® Double,8.19,910,"1821 N Pointe Drive, DURHAM, NC, 27705, US"
Big Bacon Classic Triple,9.89,"1,220","1821 N Pointe Drive, DURHAM, NC, 27705, US"
Bacon Double Stack,3.99,440,"1821 N Pointe Drive, DURHAM, NC, 27705, US"
Jr. Bacon Cheeseburger,3.09,370,"1821 N Pointe Drive, DURHAM, NC, 27705, US"
Jr. Cheeseburger Deluxe,2.79,340,"1821 N Pointe Drive, DURHAM, NC, 27705, US"
Jr. Cheeseburger,2.59,290,"1821 N Pointe Drive, DURHAM, NC, 27705, US"
Double Stack™,3.39,410,"1821 N Pointe Drive, DURHAM, NC, 27705, US"
Jr. Hamburger,2.19,250,"1821 N Pointe Drive, DURHAM, NC, 27705, US"
French Fries,1.79-3.89,210-470,"1821 N Pointe Drive, DURHAM, NC, 27705, US"
Baconator Fries,4.09,460,"1821 N Pointe Drive, DURHAM, NC, 27705, US"
Chili Cheese Fries,4.29,520,"1821 N Pointe Drive, DURHAM, NC, 27705, US"
Cheese Fries,3.69,470,"1821 N Pointe Drive, DURHAM, NC, 27705, US"
Family Chili,15.99,"1,100","1821 N Pointe Drive, DURHAM, NC, 27705, US"
Chili,3.19/4.19,240/340,"1821 N Pointe Drive, DURHAM, NC, 27705, US"
Sour Cream and Chive Baked Potato,3.19,310,"1821 N Pointe Drive, DURHAM, NC, 27705, US"
Plain Baked Potato,3.09,270,"1821 N Pointe Drive, DURHAM, NC, 27705, US"
Bacon Cheese Baked Potato,4.79,440,"1821 N Pointe Drive, DURHAM, NC, 27705, US"
Chili & Cheese Baked Potato,4.79,500,"1821 N Pointe Drive, DURHAM, NC, 27705, US"
Cheese Baked Potato,4.29,450,"1821 N Pointe Drive, DURHAM, NC, 27705, US"
Apple Bites,2.09,35,"1821 N Pointe Drive, DURHAM, NC, 27705, US"
6 PC. Crispy Chicken Nuggets,3.29,270,"1821 N Pointe Drive, DURHAM, NC, 27705, US"
4 PC. Crispy Chicken Nuggets,2.49,180,"1821 N Pointe Drive, DURHAM, NC, 27705, US"
6 PC. Spicy Chicken Nuggets,3.29,280,"1821 N Pointe Drive, DURHAM, NC, 27705, US"
4 PC. Spicy Chicken Nuggets,2.49,190,"1821 N Pointe Drive, DURHAM, NC, 27705, US"
Pretzel Baconator®,8.49,"1,050","201 E Franklin St, Chapel Hill, NC, 27514, US"
Dave's Single®,5.29,590,"201 E Franklin St, Chapel Hill, NC, 27514, US"
Dave's Double®,6.29,860,"201 E Franklin St, Chapel Hill, NC, 27514, US"
Dave's Triple®,7.29,"1,160","201 E Franklin St, Chapel Hill, NC, 27514, US"
Baconator®,7.49,960,"201 E Franklin St, Chapel Hill, NC, 27514, US"
Son of Baconator®,5.89,630,"201 E Franklin St, Chapel Hill, NC, 27514, US"
Big Bacon Classic®,6.19,650,"201 E Franklin St, Chapel Hill, NC, 27514, US"
Big Bacon Classic® Double,7.19,910,"201 E Franklin St, Chapel Hill, NC, 27514, US"
Big Bacon Classic Triple,8.19,"1,220","201 E Franklin St, Chapel Hill, NC, 27514, US"
Bacon Double Stack,3.69,440,"201 E Franklin St, Chapel Hill, NC, 27514, US"
Jr. Bacon Cheeseburger,2.59,370,"201 E Franklin St, Chapel Hill, NC, 27514, US"
Jr. Cheeseburger Deluxe,2.29,340,"201 E Franklin St, Chapel Hill, NC, 27514, US"
Jr. Cheeseburger,2.19,290,"201 E Franklin St, Chapel Hill, NC, 27514, US"
Double Stack™,2.99,410,"201 E Franklin St, Chapel Hill, NC, 27514, US"
Jr. Hamburger,1.59,250,"201 E Franklin St, Chapel Hill, NC, 27514, US"
French Fries,1.59-3.29,210-470,"201 E Franklin St, Chapel Hill, NC, 27514, US"
Baconator Fries,3.29,460,"201 E Franklin St, Chapel Hill, NC, 27514, US"
Chili Cheese Fries,3.29,520,"201 E Franklin St, Chapel Hill, NC, 27514, US"
Cheese Fries,2.79,470,"201 E Franklin St, Chapel Hill, NC, 27514, US"
Family Chili,15.99,"1,100","201 E Franklin St, Chapel Hill, NC, 27514, US"
Chili,2.69/3.49,240/340,"201 E Franklin St, Chapel Hill, NC, 27514, US"
Sour Cream and Chive Baked Potato,2.49,310,"201 E Franklin St, Chapel Hill, NC, 27514, US"
Plain Baked Potato,2.49,270,"201 E Franklin St, Chapel Hill, NC, 27514, US"
Bacon Cheese Baked Potato,3.99,440,"201 E Franklin St, Chapel Hill, NC, 27514, US"
Chili & Cheese Baked Potato,3.99,500,"201 E Franklin St, Chapel Hill, NC, 27514, US"
Cheese Baked Potato,3.59,450,"201 E Franklin St, Chapel Hill, NC, 27514, US"
Apple Bites,1.39,35,"201 E Franklin St, Chapel Hill, NC, 27514, US"
6 PC. Crispy Chicken Nuggets,2.99,270,"201 E Franklin St, Chapel Hill, NC, 27514, US"
4 PC. Crispy Chicken Nuggets,2.39,180,"201 E Franklin St, Chapel Hill, NC, 27514, US"
6 PC. Spicy Chicken Nuggets,2.99,280,"201 E Franklin St, Chapel Hill, NC, 27514, US"
4 PC. Spicy Chicken Nuggets,2.39,190,"201 E Franklin St, Chapel Hill, NC, 27514, US"
Pretzel Baconator®,9.39,"1,050","2218 Cloverdale Avenue, Winston Salem, NC, 27103, US"
Dave's Single®,5.39,590,"2218 Cloverdale Avenue, Winston Salem, NC, 27103, US"
Dave's Double®,7.09,860,"2218 Cloverdale Avenue, Winston Salem, NC, 27103, US"
Dave's Triple®,8.79,"1,160","2218 Cloverdale Avenue, Winston Salem, NC, 27103, US"
Baconator®,8.39,960,"2218 Cloverdale Avenue, Winston Salem, NC, 27103, US"
Son of Baconator®,6.49,630,"2218 Cloverdale Avenue, Winston Salem, NC, 27103, US"
Big Bacon Classic®,6.49,650,"2218 Cloverdale Avenue, Winston Salem, NC, 27103, US"
Big Bacon Classic® Double,8.19,920,"2218 Cloverdale Avenue, Winston Salem, NC, 27103, US"
Big Bacon Classic Triple,9.89,"1,220","2218 Cloverdale Avenue, Winston Salem, NC, 27103, US"
Bacon Double Stack,3.99,440,"2218 Cloverdale Avenue, Winston Salem, NC, 27103, US"
Jr. Bacon Cheeseburger,3.09,370,"2218 Cloverdale Avenue, Winston Salem, NC, 27103, US"
Jr. Cheeseburger Deluxe,2.79,350,"2218 Cloverdale Avenue, Winston Salem, NC, 27103, US"
Jr. Cheeseburger,2.59,290,"2218 Cloverdale Avenue, Winston Salem, NC, 27103, US"
Double Stack™,3.39,410,"2218 Cloverdale Avenue, Winston Salem, NC, 27103, US"
Jr. Hamburger,2.19,250,"2218 Cloverdale Avenue, Winston Salem, NC, 27103, US"
French Fries,1.79-3.89,210-470,"2218 Cloverdale Avenue, Winston Salem, NC, 27103, US"
Baconator Fries,4.09,460,"2218 Cloverdale Avenue, Winston Salem, NC, 27103, US"
Chili Cheese Fries,4.29,520,"2218 Cloverdale Avenue, Winston Salem, NC, 27103, US"
Cheese Fries,3.69,470,"2218 Cloverdale Avenue, Winston Salem, NC, 27103, US"
Chili,3.19/4.19,240/340,"2218 Cloverdale Avenue, Winston Salem, NC, 27103, US"
Sour Cream and Chive Baked Potato,3.19,310,"2218 Cloverdale Avenue, Winston Salem, NC, 27103, US"
Plain Baked Potato,3.09,270,"2218 Cloverdale Avenue, Winston Salem, NC, 27103, US"
Bacon Cheese Baked Potato,4.79,440,"2218 Cloverdale Avenue, Winston Salem, NC, 27103, US"
Chili & Cheese Baked Potato,4.79,500,"2218 Cloverdale Avenue, Winston Salem, NC, 27103, US"
Cheese Baked Potato,4.29,450,"2218 Cloverdale Avenue, Winston Salem, NC, 27103, US"
Apple Bites,2.09,35,"2218 Cloverdale Avenue, Winston Salem, NC, 27103, US"
6 PC. Crispy Chicken Nuggets,3.29,270,"2218 Cloverdale Avenue, Winston Salem, NC, 27103, US"
4 PC. Crispy Chicken Nuggets,2.49,180,"2218 Cloverdale Avenue, Winston Salem, NC, 27103, US"
6 PC. Spicy Chicken Nuggets,3.29,280,"2218 Cloverdale Avenue, Winston Salem, NC, 27103, US"
4 PC. Spicy Chicken Nuggets,2.49,190,"2218 Cloverdale Avenue, Winston Salem, NC, 27103, US"
Pretzel Baconator®,9.39,"1,050","538 Akron Dr, Winston Salem, NC, 27105, US"
Dave's Single®,5.39,590,"538 Akron Dr, Winston Salem, NC, 27105, US"
Dave's Double®,7.09,860,"538 Akron Dr, Winston Salem, NC, 27105, US"
Dave's Triple®,8.79,"1,160","538 Akron Dr, Winston Salem, NC, 27105, US"
Baconator®,8.39,960,"538 Akron Dr, Winston Salem, NC, 27105, US"
Son of Baconator®,6.49,630,"538 Akron Dr, Winston Salem, NC, 27105, US"
Big Bacon Classic®,6.49,650,"538 Akron Dr, Winston Salem, NC, 27105, US"
Big Bacon Classic® Double,8.19,920,"538 Akron Dr, Winston Salem, NC, 27105, US"
Big Bacon Classic Triple,9.89,"1,220","538 Akron Dr, Winston Salem, NC, 27105, US"
Bacon Double Stack,3.99,440,"538 Akron Dr, Winston Salem, NC, 27105, US"
Jr. Bacon Cheeseburger,3.09,370,"538 Akron Dr, Winston Salem, NC, 27105, US"
Jr. Cheeseburger Deluxe,2.79,350,"538 Akron Dr, Winston Salem, NC, 27105, US"
Jr. Cheeseburger,2.59,290,"538 Akron Dr, Winston Salem, NC, 27105, US"
Double Stack™,3.39,410,"538 Akron Dr, Winston Salem, NC, 27105, US"
Jr. Hamburger,2.19,250,"538 Akron Dr, Winston Salem, NC, 27105, US"
French Fries,1.79-3.89,210-470,"538 Akron Dr, Winston Salem, NC, 27105, US"
Baconator Fries,4.09,460,"538 Akron Dr, Winston Salem, NC, 27105, US"
Chili Cheese Fries,4.29,520,"538 Akron Dr, Winston Salem, NC, 27105, US"
Cheese Fries,3.69,470,"538 Akron Dr, Winston Salem, NC, 27105, US"
Family Chili,9.99,"1,100","538 Akron Dr, Winston Salem, NC, 27105, US"
Chili,3.19/4.19,240/340,"538 Akron Dr, Winston Salem, NC, 27105, US"
Sour Cream and Chive Baked Potato,3.19,310,"538 Akron Dr, Winston Salem, NC, 27105, US"
Plain Baked Potato,3.09,270,"538 Akron Dr, Winston Salem, NC, 27105, US"
Bacon Cheese Baked Potato,4.79,440,"538 Akron Dr, Winston Salem, NC, 27105, US"
Chili & Cheese Baked Potato,4.79,500,"538 Akron Dr, Winston Salem, NC, 27105, US"
Cheese Baked Potato,4.29,450,"538 Akron Dr, Winston Salem, NC, 27105, US"
Apple Bites,2.09,35,"538 Akron Dr, Winston Salem, NC, 27105, US"
6 PC. Crispy Chicken Nuggets,3.29,270,"538 Akron Dr, Winston Salem, NC, 27105, US"
4 PC. Crispy Chicken Nuggets,2.49,180,"538 Akron Dr, Winston Salem, NC, 27105, US"
6 PC. Spicy Chicken Nuggets,3.29,280,"538 Akron Dr, Winston Salem, NC, 27105, US"
4 PC. Spicy Chicken Nuggets,2.49,190,"538 Akron Dr, Winston Salem, NC, 27105, US"
Pretzel Baconator®,8.69,"1,050","715, Charlotte, NC, 28204, US"
Dave's Single®,5.49,590,"715, Charlotte, NC, 28204, US"
Dave's Double®,6.49,860,"715, Charlotte, NC, 28204, US"
Dave's Triple®,7.49,"1,160","715, Charlotte, NC, 28204, US"
Baconator®,7.69,960,"715, Charlotte, NC, 28204, US"
Son of Baconator®,5.59,630,"715, Charlotte, NC, 28204, US"
Big Bacon Classic®,6.29,650,"715, Charlotte, NC, 28204, US"
Big Bacon Classic® Double,7.29,920,"715, Charlotte, NC, 28204, US"
Big Bacon Classic Triple,8.29,"1,220","715, Charlotte, NC, 28204, US"
Carolina Classic,5.19,540,"715, Charlotte, NC, 28204, US"
Bacon Double Stack,3.49,440,"715, Charlotte, NC, 28204, US"
Jr. Bacon Cheeseburger,2.99,370,"715, Charlotte, NC, 28204, US"
Jr. Cheeseburger Deluxe,2.39,350,"715, Charlotte, NC, 28204, US"
Jr. Cheeseburger,2.19,290,"715, Charlotte, NC, 28204, US"
Double Stack™,2.99,410,"715, Charlotte, NC, 28204, US"
Jr. Hamburger,1.79,250,"715, Charlotte, NC, 28204, US"
French Fries,1.79-3.19,210-470,"715, Charlotte, NC, 28204, US"
Baconator Fries,3.49,460,"715, Charlotte, NC, 28204, US"
Chili Cheese Fries,3.49,520,"715, Charlotte, NC, 28204, US"
Cheese Fries,2.99,470,"715, Charlotte, NC, 28204, US"
Chili,2.79/3.59,240/340,"715, Charlotte, NC, 28204, US"
Sour Cream and Chive Baked Potato,2.69,310,"715, Charlotte, NC, 28204, US"
Plain Baked Potato,2.49,270,"715, Charlotte, NC, 28204, US"
Bacon Cheese Baked Potato,3.79,440,"715, Charlotte, NC, 28204, US"
Chili & Cheese Baked Potato,3.79,500,"715, Charlotte, NC, 28204, US"
Cheese Baked Potato,3.29,450,"715, Charlotte, NC, 28204, US"
Apple Bites,1.39,35,"715, Charlotte, NC, 28204, US"
6 PC. Crispy Chicken Nuggets,2.59,270,"715, Charlotte, NC, 28204, US"
4 PC. Crispy Chicken Nuggets,1.99,180,"715, Charlotte, NC, 28204, US"
6 PC. Spicy Chicken Nuggets,2.59,280,"715, Charlotte, NC, 28204, US"
4 PC. Spicy Chicken Nuggets,1.99,190,"715, Charlotte, NC, 28204, US"
Pretzel Baconator®,8.69,"1,050","14139 Statesville Rd, Huntersville, NC, 28078, US"
Dave's Single®,5.49,590,"14139 Statesville Rd, Huntersville, NC, 28078, US"
Dave's Double®,6.49,860,"14139 Statesville Rd, Huntersville, NC, 28078, US"
Dave's Triple®,7.49,"1,160","14139 Statesville Rd, Huntersville, NC, 28078, US"
Baconator®,7.69,960,"14139 Statesville Rd, Huntersville, NC, 28078, US"
Son of Baconator®,5.59,630,"14139 Statesville Rd, Huntersville, NC, 28078, US"
Big Bacon Classic®,6.29,650,"14139 Statesville Rd, Huntersville, NC, 28078, US"
Big Bacon Classic® Double,7.29,920,"14139 Statesville Rd, Huntersville, NC, 28078, US"
Big Bacon Classic Triple,8.29,"1,220","14139 Statesville Rd, Huntersville, NC, 28078, US"
Carolina Classic,5.19,540,"14139 Statesville Rd, Huntersville, NC, 28078, US"
Bacon Double Stack,3.49,440,"14139 Statesville Rd, Huntersville, NC, 28078, US"
Jr. Bacon Cheeseburger,2.99,370,"14139 Statesville Rd, Huntersville, NC, 28078, US"
Jr. Cheeseburger Deluxe,2.39,350,"14139 Statesville Rd, Huntersville, NC, 28078, US"
Jr. Cheeseburger,2.19,290,"14139 Statesville Rd, Huntersville, NC, 28078, US"
Double Stack™,2.99,410,"14139 Statesville Rd, Huntersville, NC, 28078, US"
Jr. Hamburger,1.79,250,"14139 Statesville Rd, Huntersville, NC, 28078, US"
French Fries,1.79-3.19,210-470,"14139 Statesville Rd, Huntersville, NC, 28078, US"
Baconator Fries,3.49,460,"14139 Statesville Rd, Huntersville, NC, 28078, US"
Chili Cheese Fries,3.49,520,"14139 Statesville Rd, Huntersville, NC, 28078, US"
Cheese Fries,2.99,470,"14139 Statesville Rd, Huntersville, NC, 28078, US"
Chili,2.79/3.59,240/340,"14139 Statesville Rd, Huntersville, NC, 28078, US"
Sour Cream and Chive Baked Potato,2.69,310,"14139 Statesville Rd, Huntersville, NC, 28078, US"
Plain Baked Potato,2.49,270,"14139 Statesville Rd, Huntersville, NC, 28078, US"
Bacon Cheese Baked Potato,3.79,440,"14139 Statesville Rd, Huntersville, NC, 28078, US"
Chili & Cheese Baked Potato,3.79,500,"14139 Statesville Rd, Huntersville, NC, 28078, US"
Cheese Baked Potato,3.29,450,"14139 Statesville Rd, Huntersville, NC, 28078, US"
Apple Bites,1.39,35,"14139 Statesville Rd, Huntersville, NC, 28078, US"
6 PC. Crispy Chicken Nuggets,2.59,270,"14139 Statesville Rd, Huntersville, NC, 28078, US"
4 PC. Crispy Chicken Nuggets,1.99,180,"14139 Statesville Rd, Huntersville, NC, 28078, US"
6 PC. Spicy Chicken Nuggets,2.59,280,"14139 Statesville Rd, Huntersville, NC, 28078, US"
4 PC. Spicy Chicken Nuggets,1.99,190,"14139 Statesville Rd, Huntersville, NC, 28078, US"
Pretzel Baconator®,8.59,"1,050","9905 Northlake Centre Pkwy, Charlotte, NC, 28216, US"
Dave's Single®,5.39,590,"9905 Northlake Centre Pkwy, Charlotte, NC, 28216, US"
Dave's Double®,6.39,860,"9905 Northlake Centre Pkwy, Charlotte, NC, 28216, US"
Dave's Triple®,7.39,"1,160","9905 Northlake Centre Pkwy, Charlotte, NC, 28216, US"
Baconator®,7.59,960,"9905 Northlake Centre Pkwy, Charlotte, NC, 28216, US"
Son of Baconator®,5.49,630,"9905 Northlake Centre Pkwy, Charlotte, NC, 28216, US"
Big Bacon Classic®,5.99,650,"9905 Northlake Centre Pkwy, Charlotte, NC, 28216, US"
Big Bacon Classic® Double,6.99,920,"9905 Northlake Centre Pkwy, Charlotte, NC, 28216, US"
Big Bacon Classic Triple,7.99,"1,220","9905 Northlake Centre Pkwy, Charlotte, NC, 28216, US"
Carolina Classic,5.19,540,"9905 Northlake Centre Pkwy, Charlotte, NC, 28216, US"
Bacon Double Stack,3.49,440,"9905 Northlake Centre Pkwy, Charlotte, NC, 28216, US"
Jr. Bacon Cheeseburger,2.99,370,"9905 Northlake Centre Pkwy, Charlotte, NC, 28216, US"
Jr. Cheeseburger Deluxe,2.29,350,"9905 Northlake Centre Pkwy, Charlotte, NC, 28216, US"
Jr. Cheeseburger,1.99,290,"9905 Northlake Centre Pkwy, Charlotte, NC, 28216, US"
Double Stack™,2.99,410,"9905 Northlake Centre Pkwy, Charlotte, NC, 28216, US"
Jr. Hamburger,1.79,250,"9905 Northlake Centre Pkwy, Charlotte, NC, 28216, US"
French Fries,1.79-3.19,210-470,"9905 Northlake Centre Pkwy, Charlotte, NC, 28216, US"
Baconator Fries,3.49,460,"9905 Northlake Centre Pkwy, Charlotte, NC, 28216, US"
Chili Cheese Fries,3.49,520,"9905 Northlake Centre Pkwy, Charlotte, NC, 28216, US"
Cheese Fries,2.89,470,"9905 Northlake Centre Pkwy, Charlotte, NC, 28216, US"
Chili,2.69/3.49,240/340,"9905 Northlake Centre Pkwy, Charlotte, NC, 28216, US"
Sour Cream and Chive Baked Potato,2.69,310,"9905 Northlake Centre Pkwy, Charlotte, NC, 28216, US"
Plain Baked Potato,2.49,270,"9905 Northlake Centre Pkwy, Charlotte, NC, 28216, US"
Bacon Cheese Baked Potato,3.69,440,"9905 Northlake Centre Pkwy, Charlotte, NC, 28216, US"
Chili & Cheese Baked Potato,3.69,500,"9905 Northlake Centre Pkwy, Charlotte, NC, 28216, US"
Cheese Baked Potato,3.29,450,"9905 Northlake Centre Pkwy, Charlotte, NC, 28216, US"
Apple Bites,1.39,35,"9905 Northlake Centre Pkwy, Charlotte, NC, 28216, US"
6 PC. Crispy Chicken Nuggets,2.49,270,"9905 Northlake Centre Pkwy, Charlotte, NC, 28216, US"
4 PC. Crispy Chicken Nuggets,1.99,180,"9905 Northlake Centre Pkwy, Charlotte, NC, 28216, US"
6 PC. Spicy Chicken Nuggets,2.49,280,"9905 Northlake Centre Pkwy, Charlotte, NC, 28216, US"
4 PC. Spicy Chicken Nuggets,1.99,190,"9905 Northlake Centre Pkwy, Charlotte, NC, 28216, US"
Pretzel Baconator®,8.69,"1,050","10210 Berkeley Place Drive, 120, Charlotte, NC, 28262, US"
Dave's Single®,5.49,590,"10210 Berkeley Place Drive, 120, Charlotte, NC, 28262, US"
Dave's Double®,6.49,860,"10210 Berkeley Place Drive, 120, Charlotte, NC, 28262, US"
Dave's Triple®,7.49,"1,160","10210 Berkeley Place Drive, 120, Charlotte, NC, 28262, US"
Baconator®,7.69,960,"10210 Berkeley Place Drive, 120, Charlotte, NC, 28262, US"
Son of Baconator®,5.59,630,"10210 Berkeley Place Drive, 120, Charlotte, NC, 28262, US"
Big Bacon Classic®,6.29,650,"10210 Berkeley Place Drive, 120, Charlotte, NC, 28262, US"
Big Bacon Classic® Double,7.29,920,"10210 Berkeley Place Drive, 120, Charlotte, NC, 28262, US"
Big Bacon Classic Triple,8.29,"1,220","10210 Berkeley Place Drive, 120, Charlotte, NC, 28262, US"
Carolina Classic,5.19,540,"10210 Berkeley Place Drive, 120, Charlotte, NC, 28262, US"
Bacon Double Stack,3.49,440,"10210 Berkeley Place Drive, 120, Charlotte, NC, 28262, US"
Jr. Bacon Cheeseburger,2.99,370,"10210 Berkeley Place Drive, 120, Charlotte, NC, 28262, US"
Jr. Cheeseburger Deluxe,2.39,350,"10210 Berkeley Place Drive, 120, Charlotte, NC, 28262, US"
Jr. Cheeseburger,2.19,290,"10210 Berkeley Place Drive, 120, Charlotte, NC, 28262, US"
Double Stack™,2.99,410,"10210 Berkeley Place Drive, 120, Charlotte, NC, 28262, US"
Jr. Hamburger,1.79,250,"10210 Berkeley Place Drive, 120, Charlotte, NC, 28262, US"
French Fries,1.79-3.19,210-470,"10210 Berkeley Place Drive, 120, Charlotte, NC, 28262, US"
Baconator Fries,3.49,460,"10210 Berkeley Place Drive, 120, Charlotte, NC, 28262, US"
Chili Cheese Fries,3.49,520,"10210 Berkeley Place Drive, 120, Charlotte, NC, 28262, US"
Cheese Fries,2.99,470,"10210 Berkeley Place Drive, 120, Charlotte, NC, 28262, US"
Chili,2.79/3.59,240/340,"10210 Berkeley Place Drive, 120, Charlotte, NC, 28262, US"
Sour Cream and Chive Baked Potato,2.69,310,"10210 Berkeley Place Drive, 120, Charlotte, NC, 28262, US"
Plain Baked Potato,2.49,270,"10210 Berkeley Place Drive, 120, Charlotte, NC, 28262, US"
Bacon Cheese Baked Potato,3.79,440,"10210 Berkeley Place Drive, 120, Charlotte, NC, 28262, US"
Chili & Cheese Baked Potato,3.79,500,"10210 Berkeley Place Drive, 120, Charlotte, NC, 28262, US"
Cheese Baked Potato,3.29,450,"10210 Berkeley Place Drive, 120, Charlotte, NC, 28262, US"
Apple Bites,1.39,35,"10210 Berkeley Place Drive, 120, Charlotte, NC, 28262, US"
6 PC. Crispy Chicken Nuggets,2.59,270,"10210 Berkeley Place Drive, 120, Charlotte, NC, 28262, US"
4 PC. Crispy Chicken Nuggets,1.99,180,"10210 Berkeley Place Drive, 120, Charlotte, NC, 28262, US"
6 PC. Spicy Chicken Nuggets,2.59,280,"10210 Berkeley Place Drive, 120, Charlotte, NC, 28262, US"
4 PC. Spicy Chicken Nuggets,1.99,190,"10210 Berkeley Place Drive, 120, Charlotte, NC, 28262, US"
Pretzel Baconator®,8.69,"1,050","3715 Western Blvd., Raleigh, NC, 27606, US"
Dave's Single®,5.39,590,"3715 Western Blvd., Raleigh, NC, 27606, US"
Dave's Double®,6.49,860,"3715 Western Blvd., Raleigh, NC, 27606, US"
Dave's Triple®,7.59,"1,160","3715 Western Blvd., Raleigh, NC, 27606, US"
Baconator®,7.69,960,"3715 Western Blvd., Raleigh, NC, 27606, US"
Son of Baconator®,6.19,630,"3715 Western Blvd., Raleigh, NC, 27606, US"
Big Bacon Classic®,6.29,650,"3715 Western Blvd., Raleigh, NC, 27606, US"
Big Bacon Classic® Double,7.39,910,"3715 Western Blvd., Raleigh, NC, 27606, US"
Big Bacon Classic Triple,8.49,"1,220","3715 Western Blvd., Raleigh, NC, 27606, US"
Bacon Double Stack,3.89,440,"3715 Western Blvd., Raleigh, NC, 27606, US"
Jr. Bacon Cheeseburger,3.19,370,"3715 Western Blvd., Raleigh, NC, 27606, US"
Jr. Cheeseburger Deluxe,2.69,340,"3715 Western Blvd., Raleigh, NC, 27606, US"
Jr. Cheeseburger,2.29,290,"3715 Western Blvd., Raleigh, NC, 27606, US"
Double Stack™,3.39,410,"3715 Western Blvd., Raleigh, NC, 27606, US"
Jr. Hamburger,1.99,250,"3715 Western Blvd., Raleigh, NC, 27606, US"
French Fries,1.79-3.59,210-470,"3715 Western Blvd., Raleigh, NC, 27606, US"
Baconator Fries,3.89,460,"3715 Western Blvd., Raleigh, NC, 27606, US"
Chili Cheese Fries,3.89,520,"3715 Western Blvd., Raleigh, NC, 27606, US"
Cheese Fries,3.49,470,"3715 Western Blvd., Raleigh, NC, 27606, US"
Chili,3.19/3.99,240/340,"3715 Western Blvd., Raleigh, NC, 27606, US"
Sour Cream and Chive Baked Potato,2.99,310,"3715 Western Blvd., Raleigh, NC, 27606, US"
Plain Baked Potato,2.69,270,"3715 Western Blvd., Raleigh, NC, 27606, US"
Bacon Cheese Baked Potato,4.39,440,"3715 Western Blvd., Raleigh, NC, 27606, US"
Chili & Cheese Baked Potato,4.39,500,"3715 Western Blvd., Raleigh, NC, 27606, US"
Cheese Baked Potato,3.59,450,"3715 Western Blvd., Raleigh, NC, 27606, US"
Apple Bites,1.59,35,"3715 Western Blvd., Raleigh, NC, 27606, US"
6 PC. Crispy Chicken Nuggets,3.19,270,"3715 Western Blvd., Raleigh, NC, 27606, US"
4 PC. Crispy Chicken Nuggets,2.29,180,"3715 Western Blvd., Raleigh, NC, 27606, US"
6 PC. Spicy Chicken Nuggets,3.19,280,"3715 Western Blvd., Raleigh, NC, 27606, US"
4 PC. Spicy Chicken Nuggets,2.29,190,"3715 Western Blvd., Raleigh, NC, 27606, US"
Pretzel Baconator®,9.69,"1,050","1908 W. Main Street, Norman, OK, 73069, US"
Dave's Single®,5.69,590,"1908 W. Main Street, Norman, OK, 73069, US"
Dave's Double®,7.39,860,"1908 W. Main Street, Norman, OK, 73069, US"
Dave's Triple®,9.09,"1,160","1908 W. Main Street, Norman, OK, 73069, US"
Baconator®,8.69,960,"1908 W. Main Street, Norman, OK, 73069, US"
Son of Baconator®,6.79,630,"1908 W. Main Street, Norman, OK, 73069, US"
Big Bacon Classic®,6.79,650,"1908 W. Main Street, Norman, OK, 73069, US"
Big Bacon Classic® Double,8.49,920,"1908 W. Main Street, Norman, OK, 73069, US"
Big Bacon Classic Triple,10.19,"1,220","1908 W. Main Street, Norman, OK, 73069, US"
Bacon Double Stack,4.09,440,"1908 W. Main Street, Norman, OK, 73069, US"
Jr. Bacon Cheeseburger,3.19,370,"1908 W. Main Street, Norman, OK, 73069, US"
Jr. Cheeseburger Deluxe,2.89,340,"1908 W. Main Street, Norman, OK, 73069, US"
Jr. Cheeseburger Deluxe,2.89,350,"1908 W. Main Street, Norman, OK, 73069, US"
Jr. Cheeseburger,2.69,290,"1908 W. Main Street, Norman, OK, 73069, US"
Double Stack™,3.49,410,"1908 W. Main Street, Norman, OK, 73069, US"
Jr. Hamburger,2.29,250,"1908 W. Main Street, Norman, OK, 73069, US"
French Fries,1.59-3.69,210-470,"1908 W. Main Street, Norman, OK, 73069, US"
Baconator Fries,3.89,460,"1908 W. Main Street, Norman, OK, 73069, US"
Chili Cheese Fries,4.09,520,"1908 W. Main Street, Norman, OK, 73069, US"
Cheese Fries,3.49,470,"1908 W. Main Street, Norman, OK, 73069, US"
Family Chili,15.99,"1,100","1908 W. Main Street, Norman, OK, 73069, US"
Chili,2.99/3.99,240/340,"1908 W. Main Street, Norman, OK, 73069, US"
Sour Cream and Chive Baked Potato,2.99,310,"1908 W. Main Street, Norman, OK, 73069, US"
Plain Baked Potato,2.89,270,"1908 W. Main Street, Norman, OK, 73069, US"
Bacon Cheese Baked Potato,4.59,440,"1908 W. Main Street, Norman, OK, 73069, US"
Chili & Cheese Baked Potato,4.59,500,"1908 W. Main Street, Norman, OK, 73069, US"
Cheese Baked Potato,4.09,450,"1908 W. Main Street, Norman, OK, 73069, US"
Apple Bites,1.89,35,"1908 W. Main Street, Norman, OK, 73069, US"
6 PC. Crispy Chicken Nuggets,3.39,270,"1908 W. Main Street, Norman, OK, 73069, US"
4 PC. Crispy Chicken Nuggets,2.59,180,"1908 W. Main Street, Norman, OK, 73069, US"
6 PC. Spicy Chicken Nuggets,3.39,280,"1908 W. Main Street, Norman, OK, 73069, US"
4 PC. Spicy Chicken Nuggets,2.59,190,"1908 W. Main Street, Norman, OK, 73069, US"
Pretzel Baconator®,9.49,"1,050","1581 Fitzgerald Drive, Pinole, CA, 94564, US"
Dave's Single®,6.59,590,"1581 Fitzgerald Drive, Pinole, CA, 94564, US"
Dave's Double®,7.69,860,"1581 Fitzgerald Drive, Pinole, CA, 94564, US"
Dave's Triple®,8.89,"1,160","1581 Fitzgerald Drive, Pinole, CA, 94564, US"
Baconator®,8.99,960,"1581 Fitzgerald Drive, Pinole, CA, 94564, US"
Son of Baconator®,7.29,630,"1581 Fitzgerald Drive, Pinole, CA, 94564, US"
Big Bacon Classic®,7.69,650,"1581 Fitzgerald Drive, Pinole, CA, 94564, US"
Big Bacon Classic® Double,8.89,910,"1581 Fitzgerald Drive, Pinole, CA, 94564, US"
Big Bacon Classic Triple,9.99,"1,220","1581 Fitzgerald Drive, Pinole, CA, 94564, US"
Bacon Double Stack,4.39,440,"1581 Fitzgerald Drive, Pinole, CA, 94564, US"
Jr. Bacon Cheeseburger,3.69,370,"1581 Fitzgerald Drive, Pinole, CA, 94564, US"
Jr. Cheeseburger Deluxe,3.49,340,"1581 Fitzgerald Drive, Pinole, CA, 94564, US"
Jr. Cheeseburger,3.39,290,"1581 Fitzgerald Drive, Pinole, CA, 94564, US"
Double Stack™,3.79,410,"1581 Fitzgerald Drive, Pinole, CA, 94564, US"
Jr. Hamburger,2.29,250,"1581 Fitzgerald Drive, Pinole, CA, 94564, US"
French Fries,2.89-3.99,210-470,"1581 Fitzgerald Drive, Pinole, CA, 94564, US"
Baconator Fries,4.59,460,"1581 Fitzgerald Drive, Pinole, CA, 94564, US"
Chili Cheese Fries,4.39,520,"1581 Fitzgerald Drive, Pinole, CA, 94564, US"
Cheese Fries,3.69,470,"1581 Fitzgerald Drive, Pinole, CA, 94564, US"
Chili,3.79/4.59,240/340,"1581 Fitzgerald Drive, Pinole, CA, 94564, US"
Sour Cream and Chive Baked Potato,3.49,310,"1581 Fitzgerald Drive, Pinole, CA, 94564, US"
Plain Baked Potato,2.69,270,"1581 Fitzgerald Drive, Pinole, CA, 94564, US"
Bacon Cheese Baked Potato,4.39,440,"1581 Fitzgerald Drive, Pinole, CA, 94564, US"
Chili & Cheese Baked Potato,4.39,500,"1581 Fitzgerald Drive, Pinole, CA, 94564, US"
Cheese Baked Potato,3.79,450,"1581 Fitzgerald Drive, Pinole, CA, 94564, US"
Apple Bites,1.59,35,"1581 Fitzgerald Drive, Pinole, CA, 94564, US"
6 PC. Crispy Chicken Nuggets,3.79,270,"1581 Fitzgerald Drive, Pinole, CA, 94564, US"
4 PC. Crispy Chicken Nuggets,3.39,180,"1581 Fitzgerald Drive, Pinole, CA, 94564, US"
6 PC. Spicy Chicken Nuggets,3.79,280,"1581 Fitzgerald Drive, Pinole, CA, 94564, US"
4 PC. Spicy Chicken Nuggets,3.39,190,"1581 Fitzgerald Drive, Pinole, CA, 94564, US"
Pretzel Baconator®,9.69,"1,050","5943, Pacheco, CA, 94553, US"
Dave's Single®,7.59,590,"5943, Pacheco, CA, 94553, US"
Dave's Double®,8.69,860,"5943, Pacheco, CA, 94553, US"
Dave's Triple®,9.69,"1,160","5943, Pacheco, CA, 94553, US"
Baconator®,9.59,960,"5943, Pacheco, CA, 94553, US"
Son of Baconator®,7.89,630,"5943, Pacheco, CA, 94553, US"
Big Bacon Classic®,8.59,650,"5943, Pacheco, CA, 94553, US"
Big Bacon Classic® Double,9.09,920,"5943, Pacheco, CA, 94553, US"
Big Bacon Classic Triple,10.09,"1,220","5943, Pacheco, CA, 94553, US"
Bacon Double Stack,4.29,440,"5943, Pacheco, CA, 94553, US"
Jr. Bacon Cheeseburger,3.99,370,"5943, Pacheco, CA, 94553, US"
Jr. Cheeseburger Deluxe,4.39,350,"5943, Pacheco, CA, 94553, US"
Jr. Cheeseburger,3.09,290,"5943, Pacheco, CA, 94553, US"
Jr. Hamburger,2.79,250,"5943, Pacheco, CA, 94553, US"
French Fries,3.09-4.29,210-470,"5943, Pacheco, CA, 94553, US"
Baconator Fries,4.39,460,"5943, Pacheco, CA, 94553, US"
Chili Cheese Fries,4.29,520,"5943, Pacheco, CA, 94553, US"
Cheese Fries,3.29,470,"5943, Pacheco, CA, 94553, US"
Chili,3.99/4.99,240/340,"5943, Pacheco, CA, 94553, US"
Sour Cream and Chive Baked Potato,3.49,310,"5943, Pacheco, CA, 94553, US"
Plain Baked Potato,3.49,270,"5943, Pacheco, CA, 94553, US"
Bacon Cheese Baked Potato,4.39,440,"5943, Pacheco, CA, 94553, US"
Chili & Cheese Baked Potato,4.59,500,"5943, Pacheco, CA, 94553, US"
Cheese Baked Potato,3.49,450,"5943, Pacheco, CA, 94553, US"
Apple Bites,1.49,35,"5943, Pacheco, CA, 94553, US"
6 PC. Crispy Chicken Nuggets,3.69,270,"5943, Pacheco, CA, 94553, US"
4 PC. Crispy Chicken Nuggets,2.89,180,"5943, Pacheco, CA, 94553, US"
6 PC. Spicy Chicken Nuggets,3.69,280,"5943, Pacheco, CA, 94553, US"
4 PC. Spicy Chicken Nuggets,2.89,190,"5943, Pacheco, CA, 94553, US"
Pretzel Baconator®,8.99,"1,050","7221 E. ADMIRAL, TULSA, OK, 74115, US"
Dave's Single®,5.69,590,"7221 E. ADMIRAL, TULSA, OK, 74115, US"
Dave's Double®,6.99,860,"7221 E. ADMIRAL, TULSA, OK, 74115, US"
Dave's Triple®,8.29,"1,160","7221 E. ADMIRAL, TULSA, OK, 74115, US"
Baconator®,8.19,960,"7221 E. ADMIRAL, TULSA, OK, 74115, US"
Son of Baconator®,6.29,630,"7221 E. ADMIRAL, TULSA, OK, 74115, US"
Big Bacon Classic®,6.99,650,"7221 E. ADMIRAL, TULSA, OK, 74115, US"
Big Bacon Classic® Double,7.79,920,"7221 E. ADMIRAL, TULSA, OK, 74115, US"
Big Bacon Classic Triple,8.79,"1,220","7221 E. ADMIRAL, TULSA, OK, 74115, US"
Bacon Double Stack,3.99,440,"7221 E. ADMIRAL, TULSA, OK, 74115, US"
Jr. Bacon Cheeseburger,2.89,370,"7221 E. ADMIRAL, TULSA, OK, 74115, US"
Jr. Cheeseburger Deluxe,2.49,350,"7221 E. ADMIRAL, TULSA, OK, 74115, US"
Jr. Cheeseburger,2.29,290,"7221 E. ADMIRAL, TULSA, OK, 74115, US"
Double Stack™,3.19,410,"7221 E. ADMIRAL, TULSA, OK, 74115, US"
Jr. Hamburger,1.99,250,"7221 E. ADMIRAL, TULSA, OK, 74115, US"
French Fries,1.99-3.29,210-470,"7221 E. ADMIRAL, TULSA, OK, 74115, US"
Baconator Fries,3.79,460,"7221 E. ADMIRAL, TULSA, OK, 74115, US"
Chili Cheese Fries,3.79,520,"7221 E. ADMIRAL, TULSA, OK, 74115, US"
Cheese Fries,3.49,470,"7221 E. ADMIRAL, TULSA, OK, 74115, US"
Family Chili,9.99,"1,100","7221 E. ADMIRAL, TULSA, OK, 74115, US"
Chili,2.79/3.59,240/340,"7221 E. ADMIRAL, TULSA, OK, 74115, US"
Sour Cream and Chive Baked Potato,2.89,310,"7221 E. ADMIRAL, TULSA, OK, 74115, US"
Plain Baked Potato,2.69,270,"7221 E. ADMIRAL, TULSA, OK, 74115, US"
Bacon Cheese Baked Potato,3.99,440,"7221 E. ADMIRAL, TULSA, OK, 74115, US"
Chili & Cheese Baked Potato,3.99,500,"7221 E. ADMIRAL, TULSA, OK, 74115, US"
Cheese Baked Potato,3.49,450,"7221 E. ADMIRAL, TULSA, OK, 74115, US"
Apple Bites,1.19,35,"7221 E. ADMIRAL, TULSA, OK, 74115, US"
6 PC. Crispy Chicken Nuggets,3.19,270,"7221 E. ADMIRAL, TULSA, OK, 74115, US"
4 PC. Crispy Chicken Nuggets,2.59,180,"7221 E. ADMIRAL, TULSA, OK, 74115, US"
6 PC. Spicy Chicken Nuggets,3.19,280,"7221 E. ADMIRAL, TULSA, OK, 74115, US"
4 PC. Spicy Chicken Nuggets,2.59,190,"7221 E. ADMIRAL, TULSA, OK, 74115, US"
Pretzel Baconator®,8.99,"1,050","1209 East Pine Street, Tulsa, OK, 74106, US"
Dave's Single®,5.69,590,"1209 East Pine Street, Tulsa, OK, 74106, US"
Dave's Double®,6.99,860,"1209 East Pine Street, Tulsa, OK, 74106, US"
Dave's Triple®,8.29,"1,160","1209 East Pine Street, Tulsa, OK, 74106, US"
Baconator®,8.19,960,"1209 East Pine Street, Tulsa, OK, 74106, US"
Son of Baconator®,6.29,630,"1209 East Pine Street, Tulsa, OK, 74106, US"
Big Bacon Classic®,6.99,650,"1209 East Pine Street, Tulsa, OK, 74106, US"
Big Bacon Classic® Double,7.79,920,"1209 East Pine Street, Tulsa, OK, 74106, US"
Big Bacon Classic Triple,8.79,"1,220","1209 East Pine Street, Tulsa, OK, 74106, US"
Bacon Double Stack,3.99,440,"1209 East Pine Street, Tulsa, OK, 74106, US"
Jr. Bacon Cheeseburger,2.89,370,"1209 East Pine Street, Tulsa, OK, 74106, US"
Jr. Cheeseburger Deluxe,2.49,340,"1209 East Pine Street, Tulsa, OK, 74106, US"
Jr. Cheeseburger Deluxe,2.49,350,"1209 East Pine Street, Tulsa, OK, 74106, US"
Jr. Cheeseburger,2.29,290,"1209 East Pine Street, Tulsa, OK, 74106, US"
Double Stack™,3.19,410,"1209 East Pine Street, Tulsa, OK, 74106, US"
Jr. Hamburger,1.99,250,"1209 East Pine Street, Tulsa, OK, 74106, US"
French Fries,1.99-3.29,210-470,"1209 East Pine Street, Tulsa, OK, 74106, US"
Baconator Fries,3.79,460,"1209 East Pine Street, Tulsa, OK, 74106, US"
Chili Cheese Fries,3.79,520,"1209 East Pine Street, Tulsa, OK, 74106, US"
Cheese Fries,3.49,470,"1209 East Pine Street, Tulsa, OK, 74106, US"
Chili,2.79/3.59,240/340,"1209 East Pine Street, Tulsa, OK, 74106, US"
Sour Cream and Chive Baked Potato,2.89,310,"1209 East Pine Street, Tulsa, OK, 74106, US"
Plain Baked Potato,2.69,270,"1209 East Pine Street, Tulsa, OK, 74106, US"
Bacon Cheese Baked Potato,3.99,440,"1209 East Pine Street, Tulsa, OK, 74106, US"
Chili & Cheese Baked Potato,3.99,500,"1209 East Pine Street, Tulsa, OK, 74106, US"
Cheese Baked Potato,3.49,450,"1209 East Pine Street, Tulsa, OK, 74106, US"
Apple Bites,1.19,35,"1209 East Pine Street, Tulsa, OK, 74106, US"
6 PC. Crispy Chicken Nuggets,3.19,270,"1209 East Pine Street, Tulsa, OK, 74106, US"
4 PC. Crispy Chicken Nuggets,2.59,180,"1209 East Pine Street, Tulsa, OK, 74106, US"
6 PC. Spicy Chicken Nuggets,3.19,280,"1209 East Pine Street, Tulsa, OK, 74106, US"
4 PC. Spicy Chicken Nuggets,2.59,190,"1209 East Pine Street, Tulsa, OK, 74106, US"
Pretzel Baconator®,8.99,"1,050","1432 S Peoria Ave, Tulsa, OK, 74120, US"
Dave's Single®,5.69,590,"1432 S Peoria Ave, Tulsa, OK, 74120, US"
Dave's Double®,6.99,860,"1432 S Peoria Ave, Tulsa, OK, 74120, US"
Dave's Triple®,8.29,"1,160","1432 S Peoria Ave, Tulsa, OK, 74120, US"
Baconator®,8.19,960,"1432 S Peoria Ave, Tulsa, OK, 74120, US"
Son of Baconator®,6.29,630,"1432 S Peoria Ave, Tulsa, OK, 74120, US"
Big Bacon Classic®,6.99,650,"1432 S Peoria Ave, Tulsa, OK, 74120, US"
Big Bacon Classic® Double,7.79,920,"1432 S Peoria Ave, Tulsa, OK, 74120, US"
Big Bacon Classic Triple,8.79,"1,220","1432 S Peoria Ave, Tulsa, OK, 74120, US"
Bacon Double Stack,3.99,440,"1432 S Peoria Ave, Tulsa, OK, 74120, US"
Jr. Bacon Cheeseburger,2.89,370,"1432 S Peoria Ave, Tulsa, OK, 74120, US"
Jr. Cheeseburger Deluxe,2.49,350,"1432 S Peoria Ave, Tulsa, OK, 74120, US"
Jr. Cheeseburger,2.29,290,"1432 S Peoria Ave, Tulsa, OK, 74120, US"
Double Stack™,3.19,410,"1432 S Peoria Ave, Tulsa, OK, 74120, US"
Jr. Hamburger,1.99,250,"1432 S Peoria Ave, Tulsa, OK, 74120, US"
French Fries,1.99-3.29,210-470,"1432 S Peoria Ave, Tulsa, OK, 74120, US"
Baconator Fries,3.79,460,"1432 S Peoria Ave, Tulsa, OK, 74120, US"
Chili Cheese Fries,3.79,520,"1432 S Peoria Ave, Tulsa, OK, 74120, US"
Cheese Fries,3.49,470,"1432 S Peoria Ave, Tulsa, OK, 74120, US"
Chili,2.79/3.59,240/340,"1432 S Peoria Ave, Tulsa, OK, 74120, US"
Sour Cream and Chive Baked Potato,2.89,310,"1432 S Peoria Ave, Tulsa, OK, 74120, US"
Plain Baked Potato,2.69,270,"1432 S Peoria Ave, Tulsa, OK, 74120, US"
Bacon Cheese Baked Potato,3.99,440,"1432 S Peoria Ave, Tulsa, OK, 74120, US"
Chili & Cheese Baked Potato,3.99,500,"1432 S Peoria Ave, Tulsa, OK, 74120, US"
Cheese Baked Potato,3.49,450,"1432 S Peoria Ave, Tulsa, OK, 74120, US"
Apple Bites,1.19,35,"1432 S Peoria Ave, Tulsa, OK, 74120, US"
6 PC. Crispy Chicken Nuggets,3.19,270,"1432 S Peoria Ave, Tulsa, OK, 74120, US"
4 PC. Crispy Chicken Nuggets,2.59,180,"1432 S Peoria Ave, Tulsa, OK, 74120, US"
6 PC. Spicy Chicken Nuggets,3.19,280,"1432 S Peoria Ave, Tulsa, OK, 74120, US"
4 PC. Spicy Chicken Nuggets,2.59,190,"1432 S Peoria Ave, Tulsa, OK, 74120, US"
Pretzel Baconator®,8.99,"1,050","1533 N. Peoria, Tulsa, OK, 74106, US"
Dave's Single®,5.69,590,"1533 N. Peoria, Tulsa, OK, 74106, US"
Dave's Double®,6.99,860,"1533 N. Peoria, Tulsa, OK, 74106, US"
Dave's Triple®,8.29,"1,160","1533 N. Peoria, Tulsa, OK, 74106, US"
Baconator®,8.19,960,"1533 N. Peoria, Tulsa, OK, 74106, US"
Son of Baconator®,6.29,630,"1533 N. Peoria, Tulsa, OK, 74106, US"
Big Bacon Classic®,6.99,650,"1533 N. Peoria, Tulsa, OK, 74106, US"
Big Bacon Classic® Double,7.79,920,"1533 N. Peoria, Tulsa, OK, 74106, US"
Big Bacon Classic Triple,8.79,"1,220","1533 N. Peoria, Tulsa, OK, 74106, US"
Bacon Double Stack,3.99,440,"1533 N. Peoria, Tulsa, OK, 74106, US"
Jr. Bacon Cheeseburger,2.89,370,"1533 N. Peoria, Tulsa, OK, 74106, US"
Jr. Cheeseburger Deluxe,2.49,340,"1533 N. Peoria, Tulsa, OK, 74106, US"
Jr. Cheeseburger Deluxe,2.49,350,"1533 N. Peoria, Tulsa, OK, 74106, US"
Jr. Cheeseburger,2.29,290,"1533 N. Peoria, Tulsa, OK, 74106, US"
Double Stack™,3.19,410,"1533 N. Peoria, Tulsa, OK, 74106, US"
Jr. Hamburger,1.99,250,"1533 N. Peoria, Tulsa, OK, 74106, US"
French Fries,1.99-3.29,210-470,"1533 N. Peoria, Tulsa, OK, 74106, US"
Baconator Fries,3.79,460,"1533 N. Peoria, Tulsa, OK, 74106, US"
Chili Cheese Fries,3.79,520,"1533 N. Peoria, Tulsa, OK, 74106, US"
Cheese Fries,3.49,470,"1533 N. Peoria, Tulsa, OK, 74106, US"
Chili,2.79/3.59,240/340,"1533 N. Peoria, Tulsa, OK, 74106, US"
Sour Cream and Chive Baked Potato,2.89,310,"1533 N. Peoria, Tulsa, OK, 74106, US"
Plain Baked Potato,2.69,270,"1533 N. Peoria, Tulsa, OK, 74106, US"
Bacon Cheese Baked Potato,3.99,440,"1533 N. Peoria, Tulsa, OK, 74106, US"
Chili & Cheese Baked Potato,3.99,500,"1533 N. Peoria, Tulsa, OK, 74106, US"
Cheese Baked Potato,3.49,450,"1533 N. Peoria, Tulsa, OK, 74106, US"
Apple Bites,1.19,35,"1533 N. Peoria, Tulsa, OK, 74106, US"
6 PC. Crispy Chicken Nuggets,3.19,270,"1533 N. Peoria, Tulsa, OK, 74106, US"
4 PC. Crispy Chicken Nuggets,2.59,180,"1533 N. Peoria, Tulsa, OK, 74106, US"
6 PC. Spicy Chicken Nuggets,3.19,280,"1533 N. Peoria, Tulsa, OK, 74106, US"
4 PC. Spicy Chicken Nuggets,2.59,190,"1533 N. Peoria, Tulsa, OK, 74106, US"
Pretzel Baconator®,8.99,"1,050","4840 S Yale Ave, Tulsa, OK, 74135, US"
Dave's Single®,5.69,590,"4840 S Yale Ave, Tulsa, OK, 74135, US"
Dave's Double®,6.99,860,"4840 S Yale Ave, Tulsa, OK, 74135, US"
Dave's Triple®,8.29,"1,160","4840 S Yale Ave, Tulsa, OK, 74135, US"
Baconator®,8.19,960,"4840 S Yale Ave, Tulsa, OK, 74135, US"
Son of Baconator®,6.29,630,"4840 S Yale Ave, Tulsa, OK, 74135, US"
Big Bacon Classic®,6.99,650,"4840 S Yale Ave, Tulsa, OK, 74135, US"
Big Bacon Classic® Double,7.79,920,"4840 S Yale Ave, Tulsa, OK, 74135, US"
Big Bacon Classic Triple,8.79,"1,220","4840 S Yale Ave, Tulsa, OK, 74135, US"
Bacon Double Stack,3.99,440,"4840 S Yale Ave, Tulsa, OK, 74135, US"
Jr. Bacon Cheeseburger,2.89,370,"4840 S Yale Ave, Tulsa, OK, 74135, US"
Jr. Cheeseburger Deluxe,2.49,340,"4840 S Yale Ave, Tulsa, OK, 74135, US"
Jr. Cheeseburger Deluxe,2.49,350,"4840 S Yale Ave, Tulsa, OK, 74135, US"
Jr. Cheeseburger,2.29,290,"4840 S Yale Ave, Tulsa, OK, 74135, US"
Double Stack™,3.19,410,"4840 S Yale Ave, Tulsa, OK, 74135, US"
Jr. Hamburger,1.99,250,"4840 S Yale Ave, Tulsa, OK, 74135, US"
French Fries,1.99-3.29,210-470,"4840 S Yale Ave, Tulsa, OK, 74135, US"
Baconator Fries,3.79,460,"4840 S Yale Ave, Tulsa, OK, 74135, US"
Chili Cheese Fries,3.79,520,"4840 S Yale Ave, Tulsa, OK, 74135, US"
Cheese Fries,3.49,470,"4840 S Yale Ave, Tulsa, OK, 74135, US"
Chili,2.79/3.59,240/340,"4840 S Yale Ave, Tulsa, OK, 74135, US"
Sour Cream and Chive Baked Potato,2.89,310,"4840 S Yale Ave, Tulsa, OK, 74135, US"
Plain Baked Potato,2.69,270,"4840 S Yale Ave, Tulsa, OK, 74135, US"
Bacon Cheese Baked Potato,3.99,440,"4840 S Yale Ave, Tulsa, OK, 74135, US"
Chili & Cheese Baked Potato,3.99,500,"4840 S Yale Ave, Tulsa, OK, 74135, US"
Cheese Baked Potato,3.49,450,"4840 S Yale Ave, Tulsa, OK, 74135, US"
Apple Bites,1.19,35,"4840 S Yale Ave, Tulsa, OK, 74135, US"
6 PC. Crispy Chicken Nuggets,3.19,270,"4840 S Yale Ave, Tulsa, OK, 74135, US"
4 PC. Crispy Chicken Nuggets,2.59,180,"4840 S Yale Ave, Tulsa, OK, 74135, US"
6 PC. Spicy Chicken Nuggets,3.19,280,"4840 S Yale Ave, Tulsa, OK, 74135, US"
4 PC. Spicy Chicken Nuggets,2.59,190,"4840 S Yale Ave, Tulsa, OK, 74135, US"
Pretzel Baconator®,9.19,"1,050","725 Allegheny Ave., Pittsburgh, PA, 15233, US"
Dave's Single®,5.99,590,"725 Allegheny Ave., Pittsburgh, PA, 15233, US"
Dave's Double®,6.99,860,"725 Allegheny Ave., Pittsburgh, PA, 15233, US"
Dave's Triple®,7.99,"1,160","725 Allegheny Ave., Pittsburgh, PA, 15233, US"
Baconator®,8.19,960,"725 Allegheny Ave., Pittsburgh, PA, 15233, US"
Son of Baconator®,6.19,630,"725 Allegheny Ave., Pittsburgh, PA, 15233, US"
Big Bacon Classic®,6.79,650,"725 Allegheny Ave., Pittsburgh, PA, 15233, US"
Big Bacon Classic® Double,7.79,910,"725 Allegheny Ave., Pittsburgh, PA, 15233, US"
Big Bacon Classic Triple,8.79,"1,220","725 Allegheny Ave., Pittsburgh, PA, 15233, US"
Bacon Double Stack,3.59,440,"725 Allegheny Ave., Pittsburgh, PA, 15233, US"
Jr. Bacon Cheeseburger,2.99,370,"725 Allegheny Ave., Pittsburgh, PA, 15233, US"
Jr. Cheeseburger Deluxe,2.59,340,"725 Allegheny Ave., Pittsburgh, PA, 15233, US"
Jr. Cheeseburger,2.39,290,"725 Allegheny Ave., Pittsburgh, PA, 15233, US"
Double Stack™,2.99,410,"725 Allegheny Ave., Pittsburgh, PA, 15233, US"
Jr. Hamburger,1.89,250,"725 Allegheny Ave., Pittsburgh, PA, 15233, US"
French Fries,1.69-3.39,210-470,"725 Allegheny Ave., Pittsburgh, PA, 15233, US"
Baconator Fries,3.69,460,"725 Allegheny Ave., Pittsburgh, PA, 15233, US"
Chili Cheese Fries,3.69,520,"725 Allegheny Ave., Pittsburgh, PA, 15233, US"
Cheese Fries,3.49,470,"725 Allegheny Ave., Pittsburgh, PA, 15233, US"
Chili,2.99/3.79,240/340,"725 Allegheny Ave., Pittsburgh, PA, 15233, US"
Sour Cream and Chive Baked Potato,2.99,310,"725 Allegheny Ave., Pittsburgh, PA, 15233, US"
Plain Baked Potato,2.79,270,"725 Allegheny Ave., Pittsburgh, PA, 15233, US"
Bacon Cheese Baked Potato,4.29,440,"725 Allegheny Ave., Pittsburgh, PA, 15233, US"
Chili & Cheese Baked Potato,4.29,500,"725 Allegheny Ave., Pittsburgh, PA, 15233, US"
Cheese Baked Potato,3.79,450,"725 Allegheny Ave., Pittsburgh, PA, 15233, US"
Apple Bites,1.59,35,"725 Allegheny Ave., Pittsburgh, PA, 15233, US"
6 PC. Crispy Chicken Nuggets,2.79,270,"725 Allegheny Ave., Pittsburgh, PA, 15233, US"
4 PC. Crispy Chicken Nuggets,2.19,180,"725 Allegheny Ave., Pittsburgh, PA, 15233, US"
6 PC. Spicy Chicken Nuggets,2.79,280,"725 Allegheny Ave., Pittsburgh, PA, 15233, US"
4 PC. Spicy Chicken Nuggets,2.19,190,"725 Allegheny Ave., Pittsburgh, PA, 15233, US"
Pretzel Baconator®,9.19,"1,050","4001 Butler Street, Pittsburgh, PA, 15201, US"
Dave's Single®,5.99,590,"4001 Butler Street, Pittsburgh, PA, 15201, US"
Dave's Double®,6.99,860,"4001 Butler Street, Pittsburgh, PA, 15201, US"
Dave's Triple®,7.99,"1,160","4001 Butler Street, Pittsburgh, PA, 15201, US"
Baconator®,8.19,960,"4001 Butler Street, Pittsburgh, PA, 15201, US"
Son of Baconator®,6.19,630,"4001 Butler Street, Pittsburgh, PA, 15201, US"
Big Bacon Classic®,6.79,650,"4001 Butler Street, Pittsburgh, PA, 15201, US"
Big Bacon Classic® Double,7.79,910,"4001 Butler Street, Pittsburgh, PA, 15201, US"
Big Bacon Classic Triple,8.79,"1,220","4001 Butler Street, Pittsburgh, PA, 15201, US"
Bacon Double Stack,3.59,440,"4001 Butler Street, Pittsburgh, PA, 15201, US"
Jr. Bacon Cheeseburger,2.99,370,"4001 Butler Street, Pittsburgh, PA, 15201, US"
Jr. Cheeseburger Deluxe,2.59,340,"4001 Butler Street, Pittsburgh, PA, 15201, US"
Jr. Cheeseburger,2.39,290,"4001 Butler Street, Pittsburgh, PA, 15201, US"
Double Stack™,2.99,410,"4001 Butler Street, Pittsburgh, PA, 15201, US"
Jr. Hamburger,1.89,250,"4001 Butler Street, Pittsburgh, PA, 15201, US"
French Fries,1.69-3.39,210-470,"4001 Butler Street, Pittsburgh, PA, 15201, US"
Baconator Fries,3.69,460,"4001 Butler Street, Pittsburgh, PA, 15201, US"
Chili Cheese Fries,3.69,520,"4001 Butler Street, Pittsburgh, PA, 15201, US"
Cheese Fries,3.49,470,"4001 Butler Street, Pittsburgh, PA, 15201, US"
Chili,2.99/3.79,240/340,"4001 Butler Street, Pittsburgh, PA, 15201, US"
Sour Cream and Chive Baked Potato,2.99,310,"4001 Butler Street, Pittsburgh, PA, 15201, US"
Plain Baked Potato,2.79,270,"4001 Butler Street, Pittsburgh, PA, 15201, US"
Bacon Cheese Baked Potato,4.29,440,"4001 Butler Street, Pittsburgh, PA, 15201, US"
Chili & Cheese Baked Potato,4.29,500,"4001 Butler Street, Pittsburgh, PA, 15201, US"
Cheese Baked Potato,3.79,450,"4001 Butler Street, Pittsburgh, PA, 15201, US"
Apple Bites,1.59,35,"4001 Butler Street, Pittsburgh, PA, 15201, US"
6 PC. Crispy Chicken Nuggets,2.79,270,"4001 Butler Street, Pittsburgh, PA, 15201, US"
4 PC. Crispy Chicken Nuggets,2.19,180,"4001 Butler Street, Pittsburgh, PA, 15201, US"
6 PC. Spicy Chicken Nuggets,2.79,280,"4001 Butler Street, Pittsburgh, PA, 15201, US"
4 PC. Spicy Chicken Nuggets,2.19,190,"4001 Butler Street, Pittsburgh, PA, 15201, US"
Pretzel Baconator®,9.19,"1,050","4656 Browns Hill Rd, Pittsburgh, PA, 15217, US"
Dave's Single®,5.99,590,"4656 Browns Hill Rd, Pittsburgh, PA, 15217, US"
Dave's Double®,6.99,860,"4656 Browns Hill Rd, Pittsburgh, PA, 15217, US"
Dave's Triple®,7.99,"1,160","4656 Browns Hill Rd, Pittsburgh, PA, 15217, US"
Baconator®,8.19,960,"4656 Browns Hill Rd, Pittsburgh, PA, 15217, US"
Son of Baconator®,6.19,630,"4656 Browns Hill Rd, Pittsburgh, PA, 15217, US"
Big Bacon Classic®,6.79,650,"4656 Browns Hill Rd, Pittsburgh, PA, 15217, US"
Big Bacon Classic® Double,7.79,910,"4656 Browns Hill Rd, Pittsburgh, PA, 15217, US"
Big Bacon Classic Triple,8.79,"1,220","4656 Browns Hill Rd, Pittsburgh, PA, 15217, US"
Bacon Double Stack,3.59,440,"4656 Browns Hill Rd, Pittsburgh, PA, 15217, US"
Jr. Bacon Cheeseburger,2.99,370,"4656 Browns Hill Rd, Pittsburgh, PA, 15217, US"
Jr. Cheeseburger Deluxe,2.59,340,"4656 Browns Hill Rd, Pittsburgh, PA, 15217, US"
Jr. Cheeseburger,2.39,290,"4656 Browns Hill Rd, Pittsburgh, PA, 15217, US"
Double Stack™,2.99,410,"4656 Browns Hill Rd, Pittsburgh, PA, 15217, US"
Jr. Hamburger,1.89,250,"4656 Browns Hill Rd, Pittsburgh, PA, 15217, US"
French Fries,1.69-3.39,210-470,"4656 Browns Hill Rd, Pittsburgh, PA, 15217, US"
Baconator Fries,3.69,460,"4656 Browns Hill Rd, Pittsburgh, PA, 15217, US"
Chili Cheese Fries,3.69,520,"4656 Browns Hill Rd, Pittsburgh, PA, 15217, US"
Cheese Fries,3.49,470,"4656 Browns Hill Rd, Pittsburgh, PA, 15217, US"
Chili,2.99/3.79,240/340,"4656 Browns Hill Rd, Pittsburgh, PA, 15217, US"
Sour Cream and Chive Baked Potato,2.99,310,"4656 Browns Hill Rd, Pittsburgh, PA, 15217, US"
Plain Baked Potato,2.79,270,"4656 Browns Hill Rd, Pittsburgh, PA, 15217, US"
Bacon Cheese Baked Potato,4.29,440,"4656 Browns Hill Rd, Pittsburgh, PA, 15217, US"
Chili & Cheese Baked Potato,4.29,500,"4656 Browns Hill Rd, Pittsburgh, PA, 15217, US"
Cheese Baked Potato,3.79,450,"4656 Browns Hill Rd, Pittsburgh, PA, 15217, US"
Apple Bites,1.59,35,"4656 Browns Hill Rd, Pittsburgh, PA, 15217, US"
6 PC. Crispy Chicken Nuggets,2.79,270,"4656 Browns Hill Rd, Pittsburgh, PA, 15217, US"
4 PC. Crispy Chicken Nuggets,2.19,180,"4656 Browns Hill Rd, Pittsburgh, PA, 15217, US"
6 PC. Spicy Chicken Nuggets,2.79,280,"4656 Browns Hill Rd, Pittsburgh, PA, 15217, US"
4 PC. Spicy Chicken Nuggets,2.19,190,"4656 Browns Hill Rd, Pittsburgh, PA, 15217, US"
Pretzel Baconator®,9.19,"1,050","5055 Library Rd., Bethel Park, PA, 15102, US"
Dave's Single®,5.99,590,"5055 Library Rd., Bethel Park, PA, 15102, US"
Dave's Double®,6.99,860,"5055 Library Rd., Bethel Park, PA, 15102, US"
Dave's Triple®,7.99,"1,160","5055 Library Rd., Bethel Park, PA, 15102, US"
Baconator®,8.19,960,"5055 Library Rd., Bethel Park, PA, 15102, US"
Son of Baconator®,6.19,630,"5055 Library Rd., Bethel Park, PA, 15102, US"
Big Bacon Classic®,6.79,650,"5055 Library Rd., Bethel Park, PA, 15102, US"
Big Bacon Classic® Double,7.79,910,"5055 Library Rd., Bethel Park, PA, 15102, US"
Big Bacon Classic Triple,8.79,"1,220","5055 Library Rd., Bethel Park, PA, 15102, US"
Bacon Double Stack,3.59,440,"5055 Library Rd., Bethel Park, PA, 15102, US"
Jr. Bacon Cheeseburger,2.99,370,"5055 Library Rd., Bethel Park, PA, 15102, US"
Jr. Cheeseburger Deluxe,2.59,340,"5055 Library Rd., Bethel Park, PA, 15102, US"
Jr. Cheeseburger,2.39,290,"5055 Library Rd., Bethel Park, PA, 15102, US"
Double Stack™,2.99,410,"5055 Library Rd., Bethel Park, PA, 15102, US"
Jr. Hamburger,1.89,250,"5055 Library Rd., Bethel Park, PA, 15102, US"
French Fries,1.69-3.39,210-470,"5055 Library Rd., Bethel Park, PA, 15102, US"
Baconator Fries,3.69,460,"5055 Library Rd., Bethel Park, PA, 15102, US"
Chili Cheese Fries,3.69,520,"5055 Library Rd., Bethel Park, PA, 15102, US"
Cheese Fries,3.49,470,"5055 Library Rd., Bethel Park, PA, 15102, US"
Chili,2.99/3.79,240/340,"5055 Library Rd., Bethel Park, PA, 15102, US"
Sour Cream and Chive Baked Potato,2.99,310,"5055 Library Rd., Bethel Park, PA, 15102, US"
Plain Baked Potato,2.79,270,"5055 Library Rd., Bethel Park, PA, 15102, US"
Bacon Cheese Baked Potato,4.29,440,"5055 Library Rd., Bethel Park, PA, 15102, US"
Chili & Cheese Baked Potato,4.29,500,"5055 Library Rd., Bethel Park, PA, 15102, US"
Cheese Baked Potato,3.79,450,"5055 Library Rd., Bethel Park, PA, 15102, US"
Apple Bites,1.59,35,"5055 Library Rd., Bethel Park, PA, 15102, US"
6 PC. Crispy Chicken Nuggets,2.79,270,"5055 Library Rd., Bethel Park, PA, 15102, US"
4 PC. Crispy Chicken Nuggets,2.19,180,"5055 Library Rd., Bethel Park, PA, 15102, US"
6 PC. Spicy Chicken Nuggets,2.79,280,"5055 Library Rd., Bethel Park, PA, 15102, US"
4 PC. Spicy Chicken Nuggets,2.19,190,"5055 Library Rd., Bethel Park, PA, 15102, US"
Pretzel Baconator®,7.59,"1,050","3111 E. 14Th Street, Oakland, CA, 94601, US"
Dave's Single®,7.19,590,"3111 E. 14Th Street, Oakland, CA, 94601, US"
Dave's Double®,8.09,860,"3111 E. 14Th Street, Oakland, CA, 94601, US"
Dave's Triple®,9.09,"1,160","3111 E. 14Th Street, Oakland, CA, 94601, US"
Baconator®,8.29,960,"3111 E. 14Th Street, Oakland, CA, 94601, US"
Son of Baconator®,6.89,630,"3111 E. 14Th Street, Oakland, CA, 94601, US"
Big Bacon Classic®,7.59,650,"3111 E. 14Th Street, Oakland, CA, 94601, US"
Big Bacon Classic® Double,7.69,910,"3111 E. 14Th Street, Oakland, CA, 94601, US"
Big Bacon Classic Triple,8.69,"1,220","3111 E. 14Th Street, Oakland, CA, 94601, US"
Bacon Double Stack,4.19,440,"3111 E. 14Th Street, Oakland, CA, 94601, US"
Jr. Bacon Cheeseburger,3.49,370,"3111 E. 14Th Street, Oakland, CA, 94601, US"
Jr. Cheeseburger Deluxe,2.99,340,"3111 E. 14Th Street, Oakland, CA, 94601, US"
Jr. Cheeseburger,2.49,290,"3111 E. 14Th Street, Oakland, CA, 94601, US"
Double Stack™,3.49,410,"3111 E. 14Th Street, Oakland, CA, 94601, US"
Jr. Hamburger,1.79,250,"3111 E. 14Th Street, Oakland, CA, 94601, US"
French Fries,2.29-4.49,210-470,"3111 E. 14Th Street, Oakland, CA, 94601, US"
Baconator Fries,4.39,460,"3111 E. 14Th Street, Oakland, CA, 94601, US"
Chili Cheese Fries,2.89,520,"3111 E. 14Th Street, Oakland, CA, 94601, US"
Cheese Fries,2.59,470,"3111 E. 14Th Street, Oakland, CA, 94601, US"
Chili,2.49/3.49,240/340,"3111 E. 14Th Street, Oakland, CA, 94601, US"
Sour Cream and Chive Baked Potato,3.89,310,"3111 E. 14Th Street, Oakland, CA, 94601, US"
Plain Baked Potato,3.89,270,"3111 E. 14Th Street, Oakland, CA, 94601, US"
Bacon Cheese Baked Potato,3.89,440,"3111 E. 14Th Street, Oakland, CA, 94601, US"
Chili & Cheese Baked Potato,3.89,500,"3111 E. 14Th Street, Oakland, CA, 94601, US"
Cheese Baked Potato,3.89,450,"3111 E. 14Th Street, Oakland, CA, 94601, US"
Apple Bites,2.19,35,"3111 E. 14Th Street, Oakland, CA, 94601, US"
6 PC. Crispy Chicken Nuggets,4.39,270,"3111 E. 14Th Street, Oakland, CA, 94601, US"
4 PC. Crispy Chicken Nuggets,3.39,180,"3111 E. 14Th Street, Oakland, CA, 94601, US"
6 PC. Spicy Chicken Nuggets,4.39,280,"3111 E. 14Th Street, Oakland, CA, 94601, US"
4 PC. Spicy Chicken Nuggets,3.39,190,"3111 E. 14Th Street, Oakland, CA, 94601, US"
Pretzel Baconator®,8.99,"1,050","700 East Gay Street, W.Chester, PA, 19380, US"
Dave's Single®,6.29,590,"700 East Gay Street, W.Chester, PA, 19380, US"
Dave's Double®,7.29,860,"700 East Gay Street, W.Chester, PA, 19380, US"
Dave's Triple®,8.29,"1,160","700 East Gay Street, W.Chester, PA, 19380, US"
Baconator®,7.99,960,"700 East Gay Street, W.Chester, PA, 19380, US"
Son of Baconator®,6.49,630,"700 East Gay Street, W.Chester, PA, 19380, US"
Big Bacon Classic®,6.69,650,"700 East Gay Street, W.Chester, PA, 19380, US"
Big Bacon Classic® Double,7.79,910,"700 East Gay Street, W.Chester, PA, 19380, US"
Big Bacon Classic Triple,8.89,"1,220","700 East Gay Street, W.Chester, PA, 19380, US"
Bacon Double Stack,4.29,440,"700 East Gay Street, W.Chester, PA, 19380, US"
Jr. Bacon Cheeseburger,3.19,370,"700 East Gay Street, W.Chester, PA, 19380, US"
Jr. Cheeseburger Deluxe,2.79,340,"700 East Gay Street, W.Chester, PA, 19380, US"
Jr. Cheeseburger,2.29,290,"700 East Gay Street, W.Chester, PA, 19380, US"
Double Stack™,3.39,410,"700 East Gay Street, W.Chester, PA, 19380, US"
Jr. Hamburger,1.79,250,"700 East Gay Street, W.Chester, PA, 19380, US"
French Fries,1.99-3.49,210-470,"700 East Gay Street, W.Chester, PA, 19380, US"
Baconator Fries,3.69,460,"700 East Gay Street, W.Chester, PA, 19380, US"
Chili Cheese Fries,3.69,520,"700 East Gay Street, W.Chester, PA, 19380, US"
Cheese Fries,3.39,470,"700 East Gay Street, W.Chester, PA, 19380, US"
Family Chili,15.99,"1,100","700 East Gay Street, W.Chester, PA, 19380, US"
Chili,2.89/3.79,240/340,"700 East Gay Street, W.Chester, PA, 19380, US"
Apple Bites,1.29,35,"700 East Gay Street, W.Chester, PA, 19380, US"
6 PC. Crispy Chicken Nuggets,3.09,270,"700 East Gay Street, W.Chester, PA, 19380, US"
4 PC. Crispy Chicken Nuggets,2.29,180,"700 East Gay Street, W.Chester, PA, 19380, US"
6 PC. Spicy Chicken Nuggets,3.09,280,"700 East Gay Street, W.Chester, PA, 19380, US"
4 PC. Spicy Chicken Nuggets,2.29,190,"700 East Gay Street, W.Chester, PA, 19380, US"
Pretzel Baconator®,8.49,"1,050","3521 Edgemont Avenue, Brookhaven, PA, 19015, US"
Dave's Single®,6.49,590,"3521 Edgemont Avenue, Brookhaven, PA, 19015, US"
Dave's Double®,7.49,860,"3521 Edgemont Avenue, Brookhaven, PA, 19015, US"
Dave's Triple®,8.49,"1,160","3521 Edgemont Avenue, Brookhaven, PA, 19015, US"
Baconator®,7.99,960,"3521 Edgemont Avenue, Brookhaven, PA, 19015, US"
Son of Baconator®,6.79,630,"3521 Edgemont Avenue, Brookhaven, PA, 19015, US"
Big Bacon Classic®,6.79,650,"3521 Edgemont Avenue, Brookhaven, PA, 19015, US"
Big Bacon Classic® Double,7.99,910,"3521 Edgemont Avenue, Brookhaven, PA, 19015, US"
Big Bacon Classic Triple,9.19,"1,220","3521 Edgemont Avenue, Brookhaven, PA, 19015, US"
Bacon Double Stack,4.29,440,"3521 Edgemont Avenue, Brookhaven, PA, 19015, US"
Jr. Bacon Cheeseburger,3.29,370,"3521 Edgemont Avenue, Brookhaven, PA, 19015, US"
Jr. Cheeseburger Deluxe,2.69,340,"3521 Edgemont Avenue, Brookhaven, PA, 19015, US"
Jr. Cheeseburger,2.29,290,"3521 Edgemont Avenue, Brookhaven, PA, 19015, US"
Double Stack™,3.29,410,"3521 Edgemont Avenue, Brookhaven, PA, 19015, US"
Jr. Hamburger,1.79,250,"3521 Edgemont Avenue, Brookhaven, PA, 19015, US"
French Fries,1.99-3.79,210-470,"3521 Edgemont Avenue, Brookhaven, PA, 19015, US"
Baconator Fries,3.69,460,"3521 Edgemont Avenue, Brookhaven, PA, 19015, US"
Chili Cheese Fries,3.69,520,"3521 Edgemont Avenue, Brookhaven, PA, 19015, US"
Cheese Fries,3.39,470,"3521 Edgemont Avenue, Brookhaven, PA, 19015, US"
Chili,2.99/3.49,240/340,"3521 Edgemont Avenue, Brookhaven, PA, 19015, US"
Sour Cream and Chive Baked Potato,2.89,310,"3521 Edgemont Avenue, Brookhaven, PA, 19015, US"
Plain Baked Potato,2.69,270,"3521 Edgemont Avenue, Brookhaven, PA, 19015, US"
Bacon Cheese Baked Potato,4.29,440,"3521 Edgemont Avenue, Brookhaven, PA, 19015, US"
Chili & Cheese Baked Potato,4.29,500,"3521 Edgemont Avenue, Brookhaven, PA, 19015, US"
Cheese Baked Potato,3.69,450,"3521 Edgemont Avenue, Brookhaven, PA, 19015, US"
Apple Bites,1.39,35,"3521 Edgemont Avenue, Brookhaven, PA, 19015, US"
6 PC. Crispy Chicken Nuggets,3.19,270,"3521 Edgemont Avenue, Brookhaven, PA, 19015, US"
4 PC. Crispy Chicken Nuggets,2.29,180,"3521 Edgemont Avenue, Brookhaven, PA, 19015, US"
6 PC. Spicy Chicken Nuggets,3.19,280,"3521 Edgemont Avenue, Brookhaven, PA, 19015, US"
4 PC. Spicy Chicken Nuggets,2.29,190,"3521 Edgemont Avenue, Brookhaven, PA, 19015, US"
Pretzel Baconator®,8.99,"1,050","1117 Harrisburg Pike, Lancaster, PA, 17603, US"
Dave's Single®,5.99,590,"1117 Harrisburg Pike, Lancaster, PA, 17603, US"
Dave's Double®,6.99,860,"1117 Harrisburg Pike, Lancaster, PA, 17603, US"
Dave's Triple®,7.99,"1,160","1117 Harrisburg Pike, Lancaster, PA, 17603, US"
Baconator®,8.09,960,"1117 Harrisburg Pike, Lancaster, PA, 17603, US"
Son of Baconator®,6.79,630,"1117 Harrisburg Pike, Lancaster, PA, 17603, US"
Big Bacon Classic®,6.99,650,"1117 Harrisburg Pike, Lancaster, PA, 17603, US"
Big Bacon Classic® Double,8.09,910,"1117 Harrisburg Pike, Lancaster, PA, 17603, US"
Big Bacon Classic Triple,9.19,"1,220","1117 Harrisburg Pike, Lancaster, PA, 17603, US"
Bacon Double Stack,4.19,440,"1117 Harrisburg Pike, Lancaster, PA, 17603, US"
Jr. Bacon Cheeseburger,3.29,370,"1117 Harrisburg Pike, Lancaster, PA, 17603, US"
Jr. Cheeseburger Deluxe,2.69,340,"1117 Harrisburg Pike, Lancaster, PA, 17603, US"
Jr. Cheeseburger,2.49,290,"1117 Harrisburg Pike, Lancaster, PA, 17603, US"
Double Stack™,3.29,410,"1117 Harrisburg Pike, Lancaster, PA, 17603, US"
Jr. Hamburger,1.99,250,"1117 Harrisburg Pike, Lancaster, PA, 17603, US"
French Fries,1.99-3.29,210-470,"1117 Harrisburg Pike, Lancaster, PA, 17603, US"
Baconator Fries,3.59,460,"1117 Harrisburg Pike, Lancaster, PA, 17603, US"
Chili Cheese Fries,3.59,520,"1117 Harrisburg Pike, Lancaster, PA, 17603, US"
Cheese Fries,3.39,470,"1117 Harrisburg Pike, Lancaster, PA, 17603, US"
Family Chili,15.99,"1,100","1117 Harrisburg Pike, Lancaster, PA, 17603, US"
Chili,2.79/3.69,240/340,"1117 Harrisburg Pike, Lancaster, PA, 17603, US"
Sour Cream and Chive Baked Potato,2.89,310,"1117 Harrisburg Pike, Lancaster, PA, 17603, US"
Plain Baked Potato,2.69,270,"1117 Harrisburg Pike, Lancaster, PA, 17603, US"
Bacon Cheese Baked Potato,4.29,440,"1117 Harrisburg Pike, Lancaster, PA, 17603, US"
Chili & Cheese Baked Potato,4.29,500,"1117 Harrisburg Pike, Lancaster, PA, 17603, US"
Cheese Baked Potato,3.69,450,"1117 Harrisburg Pike, Lancaster, PA, 17603, US"
Apple Bites,1.49,35,"1117 Harrisburg Pike, Lancaster, PA, 17603, US"
6 PC. Crispy Chicken Nuggets,3.09,270,"1117 Harrisburg Pike, Lancaster, PA, 17603, US"
4 PC. Crispy Chicken Nuggets,2.29,180,"1117 Harrisburg Pike, Lancaster, PA, 17603, US"
6 PC. Spicy Chicken Nuggets,3.09,280,"1117 Harrisburg Pike, Lancaster, PA, 17603, US"
4 PC. Spicy Chicken Nuggets,2.29,190,"1117 Harrisburg Pike, Lancaster, PA, 17603, US"
Pretzel Baconator®,8.99,"1,050","2001 State Road, Lancaster, PA, 17601, US"
Dave's Single®,6.29,590,"2001 State Road, Lancaster, PA, 17601, US"
Dave's Double®,7.29,860,"2001 State Road, Lancaster, PA, 17601, US"
Dave's Triple®,8.29,"1,160","2001 State Road, Lancaster, PA, 17601, US"
Baconator®,7.99,960,"2001 State Road, Lancaster, PA, 17601, US"
Son of Baconator®,6.49,630,"2001 State Road, Lancaster, PA, 17601, US"
Big Bacon Classic®,6.69,650,"2001 State Road, Lancaster, PA, 17601, US"
Big Bacon Classic® Double,7.79,910,"2001 State Road, Lancaster, PA, 17601, US"
Big Bacon Classic Triple,8.89,"1,220","2001 State Road, Lancaster, PA, 17601, US"
Bacon Double Stack,4.29,440,"2001 State Road, Lancaster, PA, 17601, US"
Jr. Bacon Cheeseburger,3.19,370,"2001 State Road, Lancaster, PA, 17601, US"
Jr. Cheeseburger Deluxe,2.79,340,"2001 State Road, Lancaster, PA, 17601, US"
Jr. Cheeseburger,2.29,290,"2001 State Road, Lancaster, PA, 17601, US"
Double Stack™,3.39,410,"2001 State Road, Lancaster, PA, 17601, US"
Jr. Hamburger,1.79,250,"2001 State Road, Lancaster, PA, 17601, US"
French Fries,1.99-3.49,210-470,"2001 State Road, Lancaster, PA, 17601, US"
Baconator Fries,3.69,460,"2001 State Road, Lancaster, PA, 17601, US"
Chili Cheese Fries,3.69,520,"2001 State Road, Lancaster, PA, 17601, US"
Cheese Fries,3.39,470,"2001 State Road, Lancaster, PA, 17601, US"
Chili,2.89/3.79,240/340,"2001 State Road, Lancaster, PA, 17601, US"
Sour Cream and Chive Baked Potato,2.99,310,"2001 State Road, Lancaster, PA, 17601, US"
Plain Baked Potato,2.79,270,"2001 State Road, Lancaster, PA, 17601, US"
Bacon Cheese Baked Potato,4.39,440,"2001 State Road, Lancaster, PA, 17601, US"
Chili & Cheese Baked Potato,4.39,500,"2001 State Road, Lancaster, PA, 17601, US"
Cheese Baked Potato,3.79,450,"2001 State Road, Lancaster, PA, 17601, US"
Apple Bites,1.29,35,"2001 State Road, Lancaster, PA, 17601, US"
6 PC. Crispy Chicken Nuggets,3.09,270,"2001 State Road, Lancaster, PA, 17601, US"
4 PC. Crispy Chicken Nuggets,2.29,180,"2001 State Road, Lancaster, PA, 17601, US"
6 PC. Spicy Chicken Nuggets,3.09,280,"2001 State Road, Lancaster, PA, 17601, US"
4 PC. Spicy Chicken Nuggets,2.29,190,"2001 State Road, Lancaster, PA, 17601, US"
Pretzel Baconator®,8.99,"1,050","757 Union Blvd, Allentown, PA, 18109, US"
Dave's Single®,5.99,590,"757 Union Blvd, Allentown, PA, 18109, US"
Dave's Double®,6.99,860,"757 Union Blvd, Allentown, PA, 18109, US"
Dave's Triple®,7.99,"1,160","757 Union Blvd, Allentown, PA, 18109, US"
Baconator®,7.89,960,"757 Union Blvd, Allentown, PA, 18109, US"
Son of Baconator®,6.59,630,"757 Union Blvd, Allentown, PA, 18109, US"
Big Bacon Classic®,6.79,650,"757 Union Blvd, Allentown, PA, 18109, US"
Big Bacon Classic® Double,7.89,910,"757 Union Blvd, Allentown, PA, 18109, US"
Big Bacon Classic Triple,8.99,"1,220","757 Union Blvd, Allentown, PA, 18109, US"
Bacon Double Stack,4.19,440,"757 Union Blvd, Allentown, PA, 18109, US"
Jr. Bacon Cheeseburger,3.19,370,"757 Union Blvd, Allentown, PA, 18109, US"
Jr. Cheeseburger Deluxe,2.79,340,"757 Union Blvd, Allentown, PA, 18109, US"
Jr. Cheeseburger,2.49,290,"757 Union Blvd, Allentown, PA, 18109, US"
Double Stack™,3.39,410,"757 Union Blvd, Allentown, PA, 18109, US"
Jr. Hamburger,1.99,250,"757 Union Blvd, Allentown, PA, 18109, US"
French Fries,1.99-3.49,210-470,"757 Union Blvd, Allentown, PA, 18109, US"
Baconator Fries,3.79,460,"757 Union Blvd, Allentown, PA, 18109, US"
Chili Cheese Fries,3.79,520,"757 Union Blvd, Allentown, PA, 18109, US"
Cheese Fries,3.49,470,"757 Union Blvd, Allentown, PA, 18109, US"
Chili,2.79/3.69,240/340,"757 Union Blvd, Allentown, PA, 18109, US"
Sour Cream and Chive Baked Potato,2.99,310,"757 Union Blvd, Allentown, PA, 18109, US"
Plain Baked Potato,2.79,270,"757 Union Blvd, Allentown, PA, 18109, US"
Bacon Cheese Baked Potato,4.39,440,"757 Union Blvd, Allentown, PA, 18109, US"
Chili & Cheese Baked Potato,4.39,500,"757 Union Blvd, Allentown, PA, 18109, US"
Cheese Baked Potato,3.79,450,"757 Union Blvd, Allentown, PA, 18109, US"
Apple Bites,1.39,35,"757 Union Blvd, Allentown, PA, 18109, US"
6 PC. Crispy Chicken Nuggets,3.09,270,"757 Union Blvd, Allentown, PA, 18109, US"
4 PC. Crispy Chicken Nuggets,2.29,180,"757 Union Blvd, Allentown, PA, 18109, US"
6 PC. Spicy Chicken Nuggets,3.09,280,"757 Union Blvd, Allentown, PA, 18109, US"
4 PC. Spicy Chicken Nuggets,2.29,190,"757 Union Blvd, Allentown, PA, 18109, US"
Pretzel Baconator®,8.99,"1,050","1980 S 4Th St, Allentown, PA, 18103, US"
Dave's Single®,5.99,590,"1980 S 4Th St, Allentown, PA, 18103, US"
Dave's Double®,6.99,860,"1980 S 4Th St, Allentown, PA, 18103, US"
Dave's Triple®,7.99,"1,160","1980 S 4Th St, Allentown, PA, 18103, US"
Baconator®,7.89,960,"1980 S 4Th St, Allentown, PA, 18103, US"
Son of Baconator®,6.59,630,"1980 S 4Th St, Allentown, PA, 18103, US"
Big Bacon Classic®,6.79,650,"1980 S 4Th St, Allentown, PA, 18103, US"
Big Bacon Classic® Double,7.89,910,"1980 S 4Th St, Allentown, PA, 18103, US"
Big Bacon Classic Triple,8.99,"1,220","1980 S 4Th St, Allentown, PA, 18103, US"
Bacon Double Stack,4.19,440,"1980 S 4Th St, Allentown, PA, 18103, US"
Jr. Bacon Cheeseburger,3.19,370,"1980 S 4Th St, Allentown, PA, 18103, US"
Jr. Cheeseburger Deluxe,2.79,340,"1980 S 4Th St, Allentown, PA, 18103, US"
Jr. Cheeseburger,2.49,290,"1980 S 4Th St, Allentown, PA, 18103, US"
Double Stack™,3.39,410,"1980 S 4Th St, Allentown, PA, 18103, US"
Jr. Hamburger,1.99,250,"1980 S 4Th St, Allentown, PA, 18103, US"
French Fries,1.99-3.49,210-470,"1980 S 4Th St, Allentown, PA, 18103, US"
Baconator Fries,3.79,460,"1980 S 4Th St, Allentown, PA, 18103, US"
Chili Cheese Fries,3.79,520,"1980 S 4Th St, Allentown, PA, 18103, US"
Cheese Fries,3.49,470,"1980 S 4Th St, Allentown, PA, 18103, US"
Chili,2.79/3.69,240/340,"1980 S 4Th St, Allentown, PA, 18103, US"
Sour Cream and Chive Baked Potato,2.99,310,"1980 S 4Th St, Allentown, PA, 18103, US"
Plain Baked Potato,2.79,270,"1980 S 4Th St, Allentown, PA, 18103, US"
Bacon Cheese Baked Potato,4.39,440,"1980 S 4Th St, Allentown, PA, 18103, US"
Chili & Cheese Baked Potato,4.39,500,"1980 S 4Th St, Allentown, PA, 18103, US"
Cheese Baked Potato,3.79,450,"1980 S 4Th St, Allentown, PA, 18103, US"
Apple Bites,1.39,35,"1980 S 4Th St, Allentown, PA, 18103, US"
6 PC. Crispy Chicken Nuggets,3.09,270,"1980 S 4Th St, Allentown, PA, 18103, US"
4 PC. Crispy Chicken Nuggets,2.29,180,"1980 S 4Th St, Allentown, PA, 18103, US"
6 PC. Spicy Chicken Nuggets,3.09,280,"1980 S 4Th St, Allentown, PA, 18103, US"
4 PC. Spicy Chicken Nuggets,2.29,190,"1980 S 4Th St, Allentown, PA, 18103, US"
Pretzel Baconator®,8.99,"1,050","1313 Tilghman St, Allentown, PA, 18102, US"
Dave's Single®,5.99,590,"1313 Tilghman St, Allentown, PA, 18102, US"
Dave's Double®,6.99,860,"1313 Tilghman St, Allentown, PA, 18102, US"
Dave's Triple®,7.99,"1,160","1313 Tilghman St, Allentown, PA, 18102, US"
Baconator®,7.89,960,"1313 Tilghman St, Allentown, PA, 18102, US"
Son of Baconator®,6.59,630,"1313 Tilghman St, Allentown, PA, 18102, US"
Big Bacon Classic®,6.79,650,"1313 Tilghman St, Allentown, PA, 18102, US"
Big Bacon Classic® Double,7.89,910,"1313 Tilghman St, Allentown, PA, 18102, US"
Big Bacon Classic Triple,8.99,"1,220","1313 Tilghman St, Allentown, PA, 18102, US"
Bacon Double Stack,4.19,440,"1313 Tilghman St, Allentown, PA, 18102, US"
Jr. Bacon Cheeseburger,3.19,370,"1313 Tilghman St, Allentown, PA, 18102, US"
Jr. Cheeseburger Deluxe,2.79,340,"1313 Tilghman St, Allentown, PA, 18102, US"
Jr. Cheeseburger,2.49,290,"1313 Tilghman St, Allentown, PA, 18102, US"
Double Stack™,3.39,410,"1313 Tilghman St, Allentown, PA, 18102, US"
Jr. Hamburger,1.99,250,"1313 Tilghman St, Allentown, PA, 18102, US"
French Fries,1.99-3.49,210-470,"1313 Tilghman St, Allentown, PA, 18102, US"
Baconator Fries,3.79,460,"1313 Tilghman St, Allentown, PA, 18102, US"
Chili Cheese Fries,3.79,520,"1313 Tilghman St, Allentown, PA, 18102, US"
Cheese Fries,3.49,470,"1313 Tilghman St, Allentown, PA, 18102, US"
Chili,2.79/3.69,240/340,"1313 Tilghman St, Allentown, PA, 18102, US"
Sour Cream and Chive Baked Potato,2.99,310,"1313 Tilghman St, Allentown, PA, 18102, US"
Bacon Cheese Baked Potato,4.39,440,"1313 Tilghman St, Allentown, PA, 18102, US"
Chili & Cheese Baked Potato,4.39,500,"1313 Tilghman St, Allentown, PA, 18102, US"
Cheese Baked Potato,3.79,450,"1313 Tilghman St, Allentown, PA, 18102, US"
Apple Bites,1.39,35,"1313 Tilghman St, Allentown, PA, 18102, US"
6 PC. Crispy Chicken Nuggets,3.09,270,"1313 Tilghman St, Allentown, PA, 18102, US"
4 PC. Crispy Chicken Nuggets,2.29,180,"1313 Tilghman St, Allentown, PA, 18102, US"
6 PC. Spicy Chicken Nuggets,3.09,280,"1313 Tilghman St, Allentown, PA, 18102, US"
4 PC. Spicy Chicken Nuggets,2.29,190,"1313 Tilghman St, Allentown, PA, 18102, US"
Pretzel Baconator®,9.59,"1,050","1013 Ridge Pike, Conshohocken, PA, 19428, US"
Dave's Single®,6.79,590,"1013 Ridge Pike, Conshohocken, PA, 19428, US"
Dave's Double®,7.79,860,"1013 Ridge Pike, Conshohocken, PA, 19428, US"
Dave's Triple®,9.29,"1,160","1013 Ridge Pike, Conshohocken, PA, 19428, US"
Baconator®,8.69,960,"1013 Ridge Pike, Conshohocken, PA, 19428, US"
Son of Baconator®,6.59,630,"1013 Ridge Pike, Conshohocken, PA, 19428, US"
Big Bacon Classic®,7.29,650,"1013 Ridge Pike, Conshohocken, PA, 19428, US"
Big Bacon Classic® Double,8.59,910,"1013 Ridge Pike, Conshohocken, PA, 19428, US"
Big Bacon Classic Triple,9.89,"1,220","1013 Ridge Pike, Conshohocken, PA, 19428, US"
Bacon Double Stack,3.99,440,"1013 Ridge Pike, Conshohocken, PA, 19428, US"
Jr. Bacon Cheeseburger,3.29,370,"1013 Ridge Pike, Conshohocken, PA, 19428, US"
Jr. Cheeseburger Deluxe,2.79,340,"1013 Ridge Pike, Conshohocken, PA, 19428, US"
Jr. Cheeseburger,2.39,290,"1013 Ridge Pike, Conshohocken, PA, 19428, US"
Double Stack™,3.29,410,"1013 Ridge Pike, Conshohocken, PA, 19428, US"
Jr. Hamburger,1.99,250,"1013 Ridge Pike, Conshohocken, PA, 19428, US"
French Fries,1.69-3.79,210-470,"1013 Ridge Pike, Conshohocken, PA, 19428, US"
Baconator Fries,3.89,460,"1013 Ridge Pike, Conshohocken, PA, 19428, US"
Chili Cheese Fries,3.89,520,"1013 Ridge Pike, Conshohocken, PA, 19428, US"
Cheese Fries,3.29,470,"1013 Ridge Pike, Conshohocken, PA, 19428, US"
Chili,2.99/3.79,240/340,"1013 Ridge Pike, Conshohocken, PA, 19428, US"
Sour Cream and Chive Baked Potato,3.19,310,"1013 Ridge Pike, Conshohocken, PA, 19428, US"
Plain Baked Potato,2.89,270,"1013 Ridge Pike, Conshohocken, PA, 19428, US"
Bacon Cheese Baked Potato,4.89,440,"1013 Ridge Pike, Conshohocken, PA, 19428, US"
Chili & Cheese Baked Potato,4.89,500,"1013 Ridge Pike, Conshohocken, PA, 19428, US"
Cheese Baked Potato,3.89,450,"1013 Ridge Pike, Conshohocken, PA, 19428, US"
Apple Bites,1.39,35,"1013 Ridge Pike, Conshohocken, PA, 19428, US"
6 PC. Crispy Chicken Nuggets,3.39,270,"1013 Ridge Pike, Conshohocken, PA, 19428, US"
4 PC. Crispy Chicken Nuggets,2.59,180,"1013 Ridge Pike, Conshohocken, PA, 19428, US"
6 PC. Spicy Chicken Nuggets,3.39,280,"1013 Ridge Pike, Conshohocken, PA, 19428, US"
4 PC. Spicy Chicken Nuggets,2.59,190,"1013 Ridge Pike, Conshohocken, PA, 19428, US"
Pretzel Baconator®,9.59,"1,050","2815 Dekalb Pike, Norristown, PA, 19401, US"
Dave's Single®,6.79,590,"2815 Dekalb Pike, Norristown, PA, 19401, US"
Dave's Double®,7.79,860,"2815 Dekalb Pike, Norristown, PA, 19401, US"
Dave's Triple®,9.29,"1,160","2815 Dekalb Pike, Norristown, PA, 19401, US"
Baconator®,8.69,960,"2815 Dekalb Pike, Norristown, PA, 19401, US"
Son of Baconator®,6.59,630,"2815 Dekalb Pike, Norristown, PA, 19401, US"
Big Bacon Classic®,7.29,650,"2815 Dekalb Pike, Norristown, PA, 19401, US"
Big Bacon Classic® Double,8.59,910,"2815 Dekalb Pike, Norristown, PA, 19401, US"
Big Bacon Classic Triple,9.89,"1,220","2815 Dekalb Pike, Norristown, PA, 19401, US"
Bacon Double Stack,3.99,440,"2815 Dekalb Pike, Norristown, PA, 19401, US"
Jr. Bacon Cheeseburger,3.29,370,"2815 Dekalb Pike, Norristown, PA, 19401, US"
Jr. Cheeseburger Deluxe,2.79,340,"2815 Dekalb Pike, Norristown, PA, 19401, US"
Jr. Cheeseburger,2.39,290,"2815 Dekalb Pike, Norristown, PA, 19401, US"
Double Stack™,3.29,410,"2815 Dekalb Pike, Norristown, PA, 19401, US"
Jr. Hamburger,1.99,250,"2815 Dekalb Pike, Norristown, PA, 19401, US"
French Fries,1.69-3.79,210-470,"2815 Dekalb Pike, Norristown, PA, 19401, US"
Baconator Fries,3.89,460,"2815 Dekalb Pike, Norristown, PA, 19401, US"
Chili Cheese Fries,3.89,520,"2815 Dekalb Pike, Norristown, PA, 19401, US"
Cheese Fries,3.29,470,"2815 Dekalb Pike, Norristown, PA, 19401, US"
Chili,2.99/3.79,240/340,"2815 Dekalb Pike, Norristown, PA, 19401, US"
Sour Cream and Chive Baked Potato,3.19,310,"2815 Dekalb Pike, Norristown, PA, 19401, US"
Plain Baked Potato,2.89,270,"2815 Dekalb Pike, Norristown, PA, 19401, US"
Bacon Cheese Baked Potato,4.89,440,"2815 Dekalb Pike, Norristown, PA, 19401, US"
Chili & Cheese Baked Potato,4.89,500,"2815 Dekalb Pike, Norristown, PA, 19401, US"
Cheese Baked Potato,3.89,450,"2815 Dekalb Pike, Norristown, PA, 19401, US"
Apple Bites,1.39,35,"2815 Dekalb Pike, Norristown, PA, 19401, US"
6 PC. Crispy Chicken Nuggets,3.39,270,"2815 Dekalb Pike, Norristown, PA, 19401, US"
4 PC. Crispy Chicken Nuggets,2.59,180,"2815 Dekalb Pike, Norristown, PA, 19401, US"
6 PC. Spicy Chicken Nuggets,3.39,280,"2815 Dekalb Pike, Norristown, PA, 19401, US"
4 PC. Spicy Chicken Nuggets,2.59,190,"2815 Dekalb Pike, Norristown, PA, 19401, US"
Pretzel Baconator®,8.49,"1,050","1515 Chestnut Street, Philadelphia, PA, 19102, US"
Dave's Single®,6.49,590,"1515 Chestnut Street, Philadelphia, PA, 19102, US"
Dave's Double®,7.49,860,"1515 Chestnut Street, Philadelphia, PA, 19102, US"
Dave's Triple®,8.49,"1,160","1515 Chestnut Street, Philadelphia, PA, 19102, US"
Baconator®,7.99,960,"1515 Chestnut Street, Philadelphia, PA, 19102, US"
Son of Baconator®,6.79,630,"1515 Chestnut Street, Philadelphia, PA, 19102, US"
Big Bacon Classic®,6.79,650,"1515 Chestnut Street, Philadelphia, PA, 19102, US"
Big Bacon Classic® Double,7.99,910,"1515 Chestnut Street, Philadelphia, PA, 19102, US"
Big Bacon Classic Triple,9.19,"1,220","1515 Chestnut Street, Philadelphia, PA, 19102, US"
Bacon Double Stack,4.29,440,"1515 Chestnut Street, Philadelphia, PA, 19102, US"
Jr. Bacon Cheeseburger,3.29,370,"1515 Chestnut Street, Philadelphia, PA, 19102, US"
Jr. Cheeseburger Deluxe,2.69,340,"1515 Chestnut Street, Philadelphia, PA, 19102, US"
Jr. Cheeseburger,2.29,290,"1515 Chestnut Street, Philadelphia, PA, 19102, US"
Double Stack™,3.29,410,"1515 Chestnut Street, Philadelphia, PA, 19102, US"
Jr. Hamburger,1.79,250,"1515 Chestnut Street, Philadelphia, PA, 19102, US"
French Fries,1.99-3.79,210-470,"1515 Chestnut Street, Philadelphia, PA, 19102, US"
Baconator Fries,3.69,460,"1515 Chestnut Street, Philadelphia, PA, 19102, US"
Chili Cheese Fries,3.69,520,"1515 Chestnut Street, Philadelphia, PA, 19102, US"
Cheese Fries,3.39,470,"1515 Chestnut Street, Philadelphia, PA, 19102, US"
Chili,2.99/3.49,240/340,"1515 Chestnut Street, Philadelphia, PA, 19102, US"
Sour Cream and Chive Baked Potato,2.89,310,"1515 Chestnut Street, Philadelphia, PA, 19102, US"
Plain Baked Potato,2.69,270,"1515 Chestnut Street, Philadelphia, PA, 19102, US"
Bacon Cheese Baked Potato,4.29,440,"1515 Chestnut Street, Philadelphia, PA, 19102, US"
Chili & Cheese Baked Potato,4.29,500,"1515 Chestnut Street, Philadelphia, PA, 19102, US"
Cheese Baked Potato,3.69,450,"1515 Chestnut Street, Philadelphia, PA, 19102, US"
Apple Bites,1.39,35,"1515 Chestnut Street, Philadelphia, PA, 19102, US"
6 PC. Crispy Chicken Nuggets,3.19,270,"1515 Chestnut Street, Philadelphia, PA, 19102, US"
4 PC. Crispy Chicken Nuggets,2.29,180,"1515 Chestnut Street, Philadelphia, PA, 19102, US"
6 PC. Spicy Chicken Nuggets,3.19,280,"1515 Chestnut Street, Philadelphia, PA, 19102, US"
4 PC. Spicy Chicken Nuggets,2.29,190,"1515 Chestnut Street, Philadelphia, PA, 19102, US"
Pretzel Baconator®,8.49,"1,050","1708 N Broad St., Philadelphia, PA, 19121, US"
Dave's Single®,6.49,590,"1708 N Broad St., Philadelphia, PA, 19121, US"
Dave's Double®,7.49,860,"1708 N Broad St., Philadelphia, PA, 19121, US"
Dave's Triple®,8.49,"1,160","1708 N Broad St., Philadelphia, PA, 19121, US"
Baconator®,7.99,960,"1708 N Broad St., Philadelphia, PA, 19121, US"
Son of Baconator®,6.79,630,"1708 N Broad St., Philadelphia, PA, 19121, US"
Big Bacon Classic®,6.79,650,"1708 N Broad St., Philadelphia, PA, 19121, US"
Big Bacon Classic® Double,7.99,910,"1708 N Broad St., Philadelphia, PA, 19121, US"
Big Bacon Classic Triple,9.19,"1,220","1708 N Broad St., Philadelphia, PA, 19121, US"
Bacon Double Stack,4.29,440,"1708 N Broad St., Philadelphia, PA, 19121, US"
Jr. Bacon Cheeseburger,3.29,370,"1708 N Broad St., Philadelphia, PA, 19121, US"
Jr. Cheeseburger Deluxe,2.69,340,"1708 N Broad St., Philadelphia, PA, 19121, US"
Jr. Cheeseburger,2.29,290,"1708 N Broad St., Philadelphia, PA, 19121, US"
Double Stack™,3.29,410,"1708 N Broad St., Philadelphia, PA, 19121, US"
Jr. Hamburger,1.79,250,"1708 N Broad St., Philadelphia, PA, 19121, US"
French Fries,1.99-3.79,210-470,"1708 N Broad St., Philadelphia, PA, 19121, US"
Baconator Fries,3.69,460,"1708 N Broad St., Philadelphia, PA, 19121, US"
Chili Cheese Fries,3.69,520,"1708 N Broad St., Philadelphia, PA, 19121, US"
Cheese Fries,3.39,470,"1708 N Broad St., Philadelphia, PA, 19121, US"
Chili,2.99/3.49,240/340,"1708 N Broad St., Philadelphia, PA, 19121, US"
Sour Cream and Chive Baked Potato,2.89,310,"1708 N Broad St., Philadelphia, PA, 19121, US"
Plain Baked Potato,2.69,270,"1708 N Broad St., Philadelphia, PA, 19121, US"
Bacon Cheese Baked Potato,4.29,440,"1708 N Broad St., Philadelphia, PA, 19121, US"
Chili & Cheese Baked Potato,4.29,500,"1708 N Broad St., Philadelphia, PA, 19121, US"
Cheese Baked Potato,3.69,450,"1708 N Broad St., Philadelphia, PA, 19121, US"
Apple Bites,1.39,35,"1708 N Broad St., Philadelphia, PA, 19121, US"
6 PC. Crispy Chicken Nuggets,3.19,270,"1708 N Broad St., Philadelphia, PA, 19121, US"
4 PC. Crispy Chicken Nuggets,2.29,180,"1708 N Broad St., Philadelphia, PA, 19121, US"
6 PC. Spicy Chicken Nuggets,3.19,280,"1708 N Broad St., Philadelphia, PA, 19121, US"
4 PC. Spicy Chicken Nuggets,2.29,190,"1708 N Broad St., Philadelphia, PA, 19121, US"
Pretzel Baconator®,8.49,"1,050","1037 Chestnut St, Philadelphia, PA, 19107, US"
Dave's Single®,6.49,590,"1037 Chestnut St, Philadelphia, PA, 19107, US"
Dave's Double®,7.49,860,"1037 Chestnut St, Philadelphia, PA, 19107, US"
Dave's Triple®,8.49,"1,160","1037 Chestnut St, Philadelphia, PA, 19107, US"
Baconator®,7.99,960,"1037 Chestnut St, Philadelphia, PA, 19107, US"
Son of Baconator®,6.79,630,"1037 Chestnut St, Philadelphia, PA, 19107, US"
Big Bacon Classic®,6.79,650,"1037 Chestnut St, Philadelphia, PA, 19107, US"
Big Bacon Classic® Double,7.99,910,"1037 Chestnut St, Philadelphia, PA, 19107, US"
Big Bacon Classic Triple,9.19,"1,220","1037 Chestnut St, Philadelphia, PA, 19107, US"
Bacon Double Stack,4.29,440,"1037 Chestnut St, Philadelphia, PA, 19107, US"
Jr. Bacon Cheeseburger,3.29,370,"1037 Chestnut St, Philadelphia, PA, 19107, US"
Jr. Cheeseburger Deluxe,2.69,340,"1037 Chestnut St, Philadelphia, PA, 19107, US"
Jr. Cheeseburger,2.29,290,"1037 Chestnut St, Philadelphia, PA, 19107, US"
Double Stack™,3.29,410,"1037 Chestnut St, Philadelphia, PA, 19107, US"
Jr. Hamburger,1.79,250,"1037 Chestnut St, Philadelphia, PA, 19107, US"
French Fries,1.99-3.79,210-470,"1037 Chestnut St, Philadelphia, PA, 19107, US"
Baconator Fries,3.69,460,"1037 Chestnut St, Philadelphia, PA, 19107, US"
Chili Cheese Fries,3.69,520,"1037 Chestnut St, Philadelphia, PA, 19107, US"
Cheese Fries,3.39,470,"1037 Chestnut St, Philadelphia, PA, 19107, US"
Chili,2.99/3.49,240/340,"1037 Chestnut St, Philadelphia, PA, 19107, US"
Sour Cream and Chive Baked Potato,2.89,310,"1037 Chestnut St, Philadelphia, PA, 19107, US"
Plain Baked Potato,2.69,270,"1037 Chestnut St, Philadelphia, PA, 19107, US"
Bacon Cheese Baked Potato,4.29,440,"1037 Chestnut St, Philadelphia, PA, 19107, US"
Chili & Cheese Baked Potato,4.29,500,"1037 Chestnut St, Philadelphia, PA, 19107, US"
Cheese Baked Potato,3.69,450,"1037 Chestnut St, Philadelphia, PA, 19107, US"
Apple Bites,1.39,35,"1037 Chestnut St, Philadelphia, PA, 19107, US"
6 PC. Crispy Chicken Nuggets,3.19,270,"1037 Chestnut St, Philadelphia, PA, 19107, US"
4 PC. Crispy Chicken Nuggets,2.29,180,"1037 Chestnut St, Philadelphia, PA, 19107, US"
6 PC. Spicy Chicken Nuggets,3.19,280,"1037 Chestnut St, Philadelphia, PA, 19107, US"
4 PC. Spicy Chicken Nuggets,2.29,190,"1037 Chestnut St, Philadelphia, PA, 19107, US"
Pretzel Baconator®,8.49,"1,050","4301 Market St, Philadelphia, PA, 19104, US"
Dave's Single®,6.49,590,"4301 Market St, Philadelphia, PA, 19104, US"
Dave's Double®,7.49,860,"4301 Market St, Philadelphia, PA, 19104, US"
Dave's Triple®,8.49,"1,160","4301 Market St, Philadelphia, PA, 19104, US"
Baconator®,7.99,960,"4301 Market St, Philadelphia, PA, 19104, US"
Son of Baconator®,6.79,630,"4301 Market St, Philadelphia, PA, 19104, US"
Big Bacon Classic®,6.79,650,"4301 Market St, Philadelphia, PA, 19104, US"
Big Bacon Classic® Double,7.99,910,"4301 Market St, Philadelphia, PA, 19104, US"
Big Bacon Classic Triple,9.19,"1,220","4301 Market St, Philadelphia, PA, 19104, US"
Bacon Double Stack,4.29,440,"4301 Market St, Philadelphia, PA, 19104, US"
Jr. Bacon Cheeseburger,3.29,370,"4301 Market St, Philadelphia, PA, 19104, US"
Jr. Cheeseburger Deluxe,2.69,340,"4301 Market St, Philadelphia, PA, 19104, US"
Jr. Cheeseburger,2.29,290,"4301 Market St, Philadelphia, PA, 19104, US"
Double Stack™,3.29,410,"4301 Market St, Philadelphia, PA, 19104, US"
Jr. Hamburger,1.79,250,"4301 Market St, Philadelphia, PA, 19104, US"
French Fries,1.99-3.79,210-470,"4301 Market St, Philadelphia, PA, 19104, US"
Baconator Fries,3.69,460,"4301 Market St, Philadelphia, PA, 19104, US"
Chili Cheese Fries,3.69,520,"4301 Market St, Philadelphia, PA, 19104, US"
Cheese Fries,3.39,470,"4301 Market St, Philadelphia, PA, 19104, US"
Family Chili,13.99,"1,100","4301 Market St, Philadelphia, PA, 19104, US"
Chili,2.99/3.49,240/340,"4301 Market St, Philadelphia, PA, 19104, US"
Apple Bites,1.39,35,"4301 Market St, Philadelphia, PA, 19104, US"
6 PC. Crispy Chicken Nuggets,3.19,270,"4301 Market St, Philadelphia, PA, 19104, US"
4 PC. Crispy Chicken Nuggets,2.29,180,"4301 Market St, Philadelphia, PA, 19104, US"
6 PC. Spicy Chicken Nuggets,3.19,280,"4301 Market St, Philadelphia, PA, 19104, US"
4 PC. Spicy Chicken Nuggets,2.29,190,"4301 Market St, Philadelphia, PA, 19104, US"
Pretzel Baconator®,9.19,"1,050","5076 William Penn Hwy, Monroeville, PA, 15146, US"
Dave's Single®,5.99,590,"5076 William Penn Hwy, Monroeville, PA, 15146, US"
Dave's Double®,6.99,860,"5076 William Penn Hwy, Monroeville, PA, 15146, US"
Dave's Triple®,7.99,"1,160","5076 William Penn Hwy, Monroeville, PA, 15146, US"
Baconator®,8.19,960,"5076 William Penn Hwy, Monroeville, PA, 15146, US"
Son of Baconator®,6.19,630,"5076 William Penn Hwy, Monroeville, PA, 15146, US"
Big Bacon Classic®,6.79,650,"5076 William Penn Hwy, Monroeville, PA, 15146, US"
Big Bacon Classic® Double,7.79,910,"5076 William Penn Hwy, Monroeville, PA, 15146, US"
Big Bacon Classic Triple,8.79,"1,220","5076 William Penn Hwy, Monroeville, PA, 15146, US"
Bacon Double Stack,3.59,440,"5076 William Penn Hwy, Monroeville, PA, 15146, US"
Jr. Bacon Cheeseburger,2.99,370,"5076 William Penn Hwy, Monroeville, PA, 15146, US"
Jr. Cheeseburger Deluxe,2.59,340,"5076 William Penn Hwy, Monroeville, PA, 15146, US"
Jr. Cheeseburger,2.39,290,"5076 William Penn Hwy, Monroeville, PA, 15146, US"
Double Stack™,2.99,410,"5076 William Penn Hwy, Monroeville, PA, 15146, US"
Jr. Hamburger,1.89,250,"5076 William Penn Hwy, Monroeville, PA, 15146, US"
French Fries,1.69-3.39,210-470,"5076 William Penn Hwy, Monroeville, PA, 15146, US"
Baconator Fries,3.69,460,"5076 William Penn Hwy, Monroeville, PA, 15146, US"
Chili Cheese Fries,3.69,520,"5076 William Penn Hwy, Monroeville, PA, 15146, US"
Cheese Fries,3.49,470,"5076 William Penn Hwy, Monroeville, PA, 15146, US"
Chili,2.99/3.79,240/340,"5076 William Penn Hwy, Monroeville, PA, 15146, US"
Sour Cream and Chive Baked Potato,2.99,310,"5076 William Penn Hwy, Monroeville, PA, 15146, US"
Plain Baked Potato,2.79,270,"5076 William Penn Hwy, Monroeville, PA, 15146, US"
Bacon Cheese Baked Potato,4.29,440,"5076 William Penn Hwy, Monroeville, PA, 15146, US"
Chili & Cheese Baked Potato,4.29,500,"5076 William Penn Hwy, Monroeville, PA, 15146, US"
Cheese Baked Potato,3.79,450,"5076 William Penn Hwy, Monroeville, PA, 15146, US"
Apple Bites,1.59,35,"5076 William Penn Hwy, Monroeville, PA, 15146, US"
6 PC. Crispy Chicken Nuggets,2.79,270,"5076 William Penn Hwy, Monroeville, PA, 15146, US"
4 PC. Crispy Chicken Nuggets,2.19,180,"5076 William Penn Hwy, Monroeville, PA, 15146, US"
6 PC. Spicy Chicken Nuggets,2.79,280,"5076 William Penn Hwy, Monroeville, PA, 15146, US"
4 PC. Spicy Chicken Nuggets,2.19,190,"5076 William Penn Hwy, Monroeville, PA, 15146, US"
Pretzel Baconator®,9.19,"1,050","3990 William Penn Highway, Monroeville, PA, 15146, US"
Dave's Single®,5.99,590,"3990 William Penn Highway, Monroeville, PA, 15146, US"
Dave's Double®,6.99,860,"3990 William Penn Highway, Monroeville, PA, 15146, US"
Dave's Triple®,7.99,"1,160","3990 William Penn Highway, Monroeville, PA, 15146, US"
Baconator®,8.19,960,"3990 William Penn Highway, Monroeville, PA, 15146, US"
Son of Baconator®,6.19,630,"3990 William Penn Highway, Monroeville, PA, 15146, US"
Big Bacon Classic®,6.79,650,"3990 William Penn Highway, Monroeville, PA, 15146, US"
Big Bacon Classic® Double,7.79,910,"3990 William Penn Highway, Monroeville, PA, 15146, US"
Big Bacon Classic Triple,8.79,"1,220","3990 William Penn Highway, Monroeville, PA, 15146, US"
Bacon Double Stack,3.59,440,"3990 William Penn Highway, Monroeville, PA, 15146, US"
Jr. Bacon Cheeseburger,2.99,370,"3990 William Penn Highway, Monroeville, PA, 15146, US"
Jr. Cheeseburger Deluxe,2.59,340,"3990 William Penn Highway, Monroeville, PA, 15146, US"
Jr. Cheeseburger,2.39,290,"3990 William Penn Highway, Monroeville, PA, 15146, US"
Double Stack™,2.99,410,"3990 William Penn Highway, Monroeville, PA, 15146, US"
Jr. Hamburger,1.89,250,"3990 William Penn Highway, Monroeville, PA, 15146, US"
French Fries,1.69-3.39,210-470,"3990 William Penn Highway, Monroeville, PA, 15146, US"
Baconator Fries,3.69,460,"3990 William Penn Highway, Monroeville, PA, 15146, US"
Chili Cheese Fries,3.69,520,"3990 William Penn Highway, Monroeville, PA, 15146, US"
Cheese Fries,3.49,470,"3990 William Penn Highway, Monroeville, PA, 15146, US"
Chili,2.99/3.79,240/340,"3990 William Penn Highway, Monroeville, PA, 15146, US"
Sour Cream and Chive Baked Potato,2.99,310,"3990 William Penn Highway, Monroeville, PA, 15146, US"
Plain Baked Potato,2.79,270,"3990 William Penn Highway, Monroeville, PA, 15146, US"
Bacon Cheese Baked Potato,4.29,440,"3990 William Penn Highway, Monroeville, PA, 15146, US"
Chili & Cheese Baked Potato,4.29,500,"3990 William Penn Highway, Monroeville, PA, 15146, US"
Cheese Baked Potato,3.79,450,"3990 William Penn Highway, Monroeville, PA, 15146, US"
Apple Bites,1.59,35,"3990 William Penn Highway, Monroeville, PA, 15146, US"
6 PC. Crispy Chicken Nuggets,2.79,270,"3990 William Penn Highway, Monroeville, PA, 15146, US"
4 PC. Crispy Chicken Nuggets,2.19,180,"3990 William Penn Highway, Monroeville, PA, 15146, US"
6 PC. Spicy Chicken Nuggets,2.79,280,"3990 William Penn Highway, Monroeville, PA, 15146, US"
4 PC. Spicy Chicken Nuggets,2.19,190,"3990 William Penn Highway, Monroeville, PA, 15146, US"
Pretzel Baconator®,9.19,"1,050","3980 William Penn Highway, Monroeville, PA, 15146, US"
Dave's Single®,5.99,590,"3980 William Penn Highway, Monroeville, PA, 15146, US"
Dave's Double®,6.99,860,"3980 William Penn Highway, Monroeville, PA, 15146, US"
Dave's Triple®,7.99,"1,160","3980 William Penn Highway, Monroeville, PA, 15146, US"
Baconator®,8.19,960,"3980 William Penn Highway, Monroeville, PA, 15146, US"
Son of Baconator®,6.19,630,"3980 William Penn Highway, Monroeville, PA, 15146, US"
Big Bacon Classic®,6.79,650,"3980 William Penn Highway, Monroeville, PA, 15146, US"
Big Bacon Classic® Double,7.79,910,"3980 William Penn Highway, Monroeville, PA, 15146, US"
Big Bacon Classic Triple,8.79,"1,220","3980 William Penn Highway, Monroeville, PA, 15146, US"
Bacon Double Stack,3.59,440,"3980 William Penn Highway, Monroeville, PA, 15146, US"
Jr. Bacon Cheeseburger,2.99,370,"3980 William Penn Highway, Monroeville, PA, 15146, US"
Jr. Cheeseburger Deluxe,2.59,340,"3980 William Penn Highway, Monroeville, PA, 15146, US"
Jr. Cheeseburger,2.39,290,"3980 William Penn Highway, Monroeville, PA, 15146, US"
Double Stack™,2.99,410,"3980 William Penn Highway, Monroeville, PA, 15146, US"
Jr. Hamburger,1.89,250,"3980 William Penn Highway, Monroeville, PA, 15146, US"
French Fries,1.69-3.39,210-470,"3980 William Penn Highway, Monroeville, PA, 15146, US"
Baconator Fries,3.69,460,"3980 William Penn Highway, Monroeville, PA, 15146, US"
Chili Cheese Fries,3.69,520,"3980 William Penn Highway, Monroeville, PA, 15146, US"
Cheese Fries,3.49,470,"3980 William Penn Highway, Monroeville, PA, 15146, US"
Chili,2.99/3.79,240/340,"3980 William Penn Highway, Monroeville, PA, 15146, US"
Sour Cream and Chive Baked Potato,2.99,310,"3980 William Penn Highway, Monroeville, PA, 15146, US"
Plain Baked Potato,2.79,270,"3980 William Penn Highway, Monroeville, PA, 15146, US"
Bacon Cheese Baked Potato,4.29,440,"3980 William Penn Highway, Monroeville, PA, 15146, US"
Chili & Cheese Baked Potato,4.29,500,"3980 William Penn Highway, Monroeville, PA, 15146, US"
Cheese Baked Potato,3.79,450,"3980 William Penn Highway, Monroeville, PA, 15146, US"
Apple Bites,1.59,35,"3980 William Penn Highway, Monroeville, PA, 15146, US"
6 PC. Crispy Chicken Nuggets,2.79,270,"3980 William Penn Highway, Monroeville, PA, 15146, US"
4 PC. Crispy Chicken Nuggets,2.19,180,"3980 William Penn Highway, Monroeville, PA, 15146, US"
6 PC. Spicy Chicken Nuggets,2.79,280,"3980 William Penn Highway, Monroeville, PA, 15146, US"
4 PC. Spicy Chicken Nuggets,2.19,190,"3980 William Penn Highway, Monroeville, PA, 15146, US"
Pretzel Baconator®,8.99,"1,050","60 W. 11Th Ave, York, PA, 17404, US"
Dave's Single®,5.99,590,"60 W. 11Th Ave, York, PA, 17404, US"
Dave's Double®,6.99,860,"60 W. 11Th Ave, York, PA, 17404, US"
Dave's Triple®,7.99,"1,160","60 W. 11Th Ave, York, PA, 17404, US"
Baconator®,8.09,960,"60 W. 11Th Ave, York, PA, 17404, US"
Son of Baconator®,6.79,630,"60 W. 11Th Ave, York, PA, 17404, US"
Big Bacon Classic®,6.99,650,"60 W. 11Th Ave, York, PA, 17404, US"
Big Bacon Classic® Double,8.09,910,"60 W. 11Th Ave, York, PA, 17404, US"
Big Bacon Classic Triple,9.19,"1,220","60 W. 11Th Ave, York, PA, 17404, US"
Bacon Double Stack,4.19,440,"60 W. 11Th Ave, York, PA, 17404, US"
Jr. Bacon Cheeseburger,3.29,370,"60 W. 11Th Ave, York, PA, 17404, US"
Jr. Cheeseburger Deluxe,2.69,340,"60 W. 11Th Ave, York, PA, 17404, US"
Jr. Cheeseburger,2.49,290,"60 W. 11Th Ave, York, PA, 17404, US"
Double Stack™,3.29,410,"60 W. 11Th Ave, York, PA, 17404, US"
Jr. Hamburger,1.99,250,"60 W. 11Th Ave, York, PA, 17404, US"
French Fries,1.99-3.29,210-470,"60 W. 11Th Ave, York, PA, 17404, US"
Baconator Fries,3.59,460,"60 W. 11Th Ave, York, PA, 17404, US"
Chili Cheese Fries,3.59,520,"60 W. 11Th Ave, York, PA, 17404, US"
Cheese Fries,3.39,470,"60 W. 11Th Ave, York, PA, 17404, US"
Family Chili,15.99,"1,100","60 W. 11Th Ave, York, PA, 17404, US"
Chili,2.79/3.69,240/340,"60 W. 11Th Ave, York, PA, 17404, US"
Sour Cream and Chive Baked Potato,2.89,310,"60 W. 11Th Ave, York, PA, 17404, US"
Plain Baked Potato,2.69,270,"60 W. 11Th Ave, York, PA, 17404, US"
Bacon Cheese Baked Potato,4.29,440,"60 W. 11Th Ave, York, PA, 17404, US"
Chili & Cheese Baked Potato,4.29,500,"60 W. 11Th Ave, York, PA, 17404, US"
Cheese Baked Potato,3.69,450,"60 W. 11Th Ave, York, PA, 17404, US"
Apple Bites,1.49,35,"60 W. 11Th Ave, York, PA, 17404, US"
6 PC. Crispy Chicken Nuggets,3.09,270,"60 W. 11Th Ave, York, PA, 17404, US"
4 PC. Crispy Chicken Nuggets,2.29,180,"60 W. 11Th Ave, York, PA, 17404, US"
6 PC. Spicy Chicken Nuggets,3.09,280,"60 W. 11Th Ave, York, PA, 17404, US"
4 PC. Spicy Chicken Nuggets,2.29,190,"60 W. 11Th Ave, York, PA, 17404, US"
Pretzel Baconator®,8.99,"1,050","1201 Carlisle Rd, York, PA, 17404, US"
Dave's Single®,5.99,590,"1201 Carlisle Rd, York, PA, 17404, US"
Dave's Double®,6.99,860,"1201 Carlisle Rd, York, PA, 17404, US"
Dave's Triple®,7.99,"1,160","1201 Carlisle Rd, York, PA, 17404, US"
Baconator®,8.09,960,"1201 Carlisle Rd, York, PA, 17404, US"
Son of Baconator®,6.79,630,"1201 Carlisle Rd, York, PA, 17404, US"
Big Bacon Classic®,6.99,650,"1201 Carlisle Rd, York, PA, 17404, US"
Big Bacon Classic® Double,8.09,910,"1201 Carlisle Rd, York, PA, 17404, US"
Big Bacon Classic Triple,9.19,"1,220","1201 Carlisle Rd, York, PA, 17404, US"
Bacon Double Stack,4.19,440,"1201 Carlisle Rd, York, PA, 17404, US"
Jr. Bacon Cheeseburger,3.29,370,"1201 Carlisle Rd, York, PA, 17404, US"
Jr. Cheeseburger Deluxe,2.69,340,"1201 Carlisle Rd, York, PA, 17404, US"
Jr. Cheeseburger,2.49,290,"1201 Carlisle Rd, York, PA, 17404, US"
Double Stack™,3.29,410,"1201 Carlisle Rd, York, PA, 17404, US"
Jr. Hamburger,1.99,250,"1201 Carlisle Rd, York, PA, 17404, US"
French Fries,1.99-3.29,210-470,"1201 Carlisle Rd, York, PA, 17404, US"
Baconator Fries,3.59,460,"1201 Carlisle Rd, York, PA, 17404, US"
Chili Cheese Fries,3.59,520,"1201 Carlisle Rd, York, PA, 17404, US"
Cheese Fries,3.39,470,"1201 Carlisle Rd, York, PA, 17404, US"
Family Chili,15.99,"1,100","1201 Carlisle Rd, York, PA, 17404, US"
Chili,2.79/3.69,240/340,"1201 Carlisle Rd, York, PA, 17404, US"
Sour Cream and Chive Baked Potato,2.89,310,"1201 Carlisle Rd, York, PA, 17404, US"
Plain Baked Potato,2.69,270,"1201 Carlisle Rd, York, PA, 17404, US"
Bacon Cheese Baked Potato,4.29,440,"1201 Carlisle Rd, York, PA, 17404, US"
Chili & Cheese Baked Potato,4.29,500,"1201 Carlisle Rd, York, PA, 17404, US"
Cheese Baked Potato,3.69,450,"1201 Carlisle Rd, York, PA, 17404, US"
Apple Bites,1.49,35,"1201 Carlisle Rd, York, PA, 17404, US"
6 PC. Crispy Chicken Nuggets,3.09,270,"1201 Carlisle Rd, York, PA, 17404, US"
4 PC. Crispy Chicken Nuggets,2.29,180,"1201 Carlisle Rd, York, PA, 17404, US"
6 PC. Spicy Chicken Nuggets,3.09,280,"1201 Carlisle Rd, York, PA, 17404, US"
4 PC. Spicy Chicken Nuggets,2.29,190,"1201 Carlisle Rd, York, PA, 17404, US"
Pretzel Baconator®,8.99,"1,050","1450 Kenneth Road, York, PA, 17408, US"
Dave's Single®,5.99,590,"1450 Kenneth Road, York, PA, 17408, US"
Dave's Double®,6.99,860,"1450 Kenneth Road, York, PA, 17408, US"
Dave's Triple®,7.99,"1,160","1450 Kenneth Road, York, PA, 17408, US"
Baconator®,8.09,960,"1450 Kenneth Road, York, PA, 17408, US"
Son of Baconator®,6.79,630,"1450 Kenneth Road, York, PA, 17408, US"
Big Bacon Classic®,6.99,650,"1450 Kenneth Road, York, PA, 17408, US"
Big Bacon Classic® Double,8.09,910,"1450 Kenneth Road, York, PA, 17408, US"
Big Bacon Classic Triple,9.19,"1,220","1450 Kenneth Road, York, PA, 17408, US"
Bacon Double Stack,4.19,440,"1450 Kenneth Road, York, PA, 17408, US"
Jr. Bacon Cheeseburger,3.29,370,"1450 Kenneth Road, York, PA, 17408, US"
Jr. Cheeseburger Deluxe,2.69,340,"1450 Kenneth Road, York, PA, 17408, US"
Jr. Cheeseburger,2.49,290,"1450 Kenneth Road, York, PA, 17408, US"
Double Stack™,3.29,410,"1450 Kenneth Road, York, PA, 17408, US"
Jr. Hamburger,1.99,250,"1450 Kenneth Road, York, PA, 17408, US"
French Fries,1.99-3.29,210-470,"1450 Kenneth Road, York, PA, 17408, US"
Baconator Fries,3.59,460,"1450 Kenneth Road, York, PA, 17408, US"
Chili Cheese Fries,3.59,520,"1450 Kenneth Road, York, PA, 17408, US"
Cheese Fries,3.39,470,"1450 Kenneth Road, York, PA, 17408, US"
Family Chili,15.99,"1,100","1450 Kenneth Road, York, PA, 17408, US"
Chili,2.79/3.69,240/340,"1450 Kenneth Road, York, PA, 17408, US"
Sour Cream and Chive Baked Potato,2.89,310,"1450 Kenneth Road, York, PA, 17408, US"
Plain Baked Potato,2.69,270,"1450 Kenneth Road, York, PA, 17408, US"
Bacon Cheese Baked Potato,4.29,440,"1450 Kenneth Road, York, PA, 17408, US"
Chili & Cheese Baked Potato,4.29,500,"1450 Kenneth Road, York, PA, 17408, US"
Cheese Baked Potato,3.69,450,"1450 Kenneth Road, York, PA, 17408, US"
Apple Bites,1.49,35,"1450 Kenneth Road, York, PA, 17408, US"
6 PC. Crispy Chicken Nuggets,3.09,270,"1450 Kenneth Road, York, PA, 17408, US"
4 PC. Crispy Chicken Nuggets,2.29,180,"1450 Kenneth Road, York, PA, 17408, US"
6 PC. Spicy Chicken Nuggets,3.09,280,"1450 Kenneth Road, York, PA, 17408, US"
4 PC. Spicy Chicken Nuggets,2.29,190,"1450 Kenneth Road, York, PA, 17408, US"
Pretzel Baconator®,8.99,"1,050","1199 Louck Road, York, PA, 17404, US"
Dave's Single®,5.99,590,"1199 Louck Road, York, PA, 17404, US"
Dave's Double®,6.99,860,"1199 Louck Road, York, PA, 17404, US"
Dave's Triple®,7.99,"1,160","1199 Louck Road, York, PA, 17404, US"
Baconator®,8.09,960,"1199 Louck Road, York, PA, 17404, US"
Son of Baconator®,6.79,630,"1199 Louck Road, York, PA, 17404, US"
Big Bacon Classic®,6.99,650,"1199 Louck Road, York, PA, 17404, US"
Big Bacon Classic® Double,8.09,910,"1199 Louck Road, York, PA, 17404, US"
Big Bacon Classic Triple,9.19,"1,220","1199 Louck Road, York, PA, 17404, US"
Bacon Double Stack,4.19,440,"1199 Louck Road, York, PA, 17404, US"
Jr. Bacon Cheeseburger,3.29,370,"1199 Louck Road, York, PA, 17404, US"
Jr. Cheeseburger Deluxe,2.69,340,"1199 Louck Road, York, PA, 17404, US"
Jr. Cheeseburger,2.49,290,"1199 Louck Road, York, PA, 17404, US"
Double Stack™,3.29,410,"1199 Louck Road, York, PA, 17404, US"
Jr. Hamburger,1.99,250,"1199 Louck Road, York, PA, 17404, US"
French Fries,1.99-3.29,210-470,"1199 Louck Road, York, PA, 17404, US"
Baconator Fries,3.59,460,"1199 Louck Road, York, PA, 17404, US"
Chili Cheese Fries,3.59,520,"1199 Louck Road, York, PA, 17404, US"
Cheese Fries,3.39,470,"1199 Louck Road, York, PA, 17404, US"
Family Chili,15.99,"1,100","1199 Louck Road, York, PA, 17404, US"
Chili,2.79/3.69,240/340,"1199 Louck Road, York, PA, 17404, US"
Sour Cream and Chive Baked Potato,2.89,310,"1199 Louck Road, York, PA, 17404, US"
Plain Baked Potato,2.69,270,"1199 Louck Road, York, PA, 17404, US"
Bacon Cheese Baked Potato,4.29,440,"1199 Louck Road, York, PA, 17404, US"
Chili & Cheese Baked Potato,4.29,500,"1199 Louck Road, York, PA, 17404, US"
Cheese Baked Potato,3.69,450,"1199 Louck Road, York, PA, 17404, US"
Apple Bites,1.49,35,"1199 Louck Road, York, PA, 17404, US"
6 PC. Crispy Chicken Nuggets,3.09,270,"1199 Louck Road, York, PA, 17404, US"
4 PC. Crispy Chicken Nuggets,2.29,180,"1199 Louck Road, York, PA, 17404, US"
6 PC. Spicy Chicken Nuggets,3.09,280,"1199 Louck Road, York, PA, 17404, US"
4 PC. Spicy Chicken Nuggets,2.29,190,"1199 Louck Road, York, PA, 17404, US"
Pretzel Baconator®,8.99,"1,050","222 Arsenal Road, York, PA, 17402, US"
Dave's Single®,5.99,590,"222 Arsenal Road, York, PA, 17402, US"
Dave's Double®,6.99,860,"222 Arsenal Road, York, PA, 17402, US"
Dave's Triple®,7.99,"1,160","222 Arsenal Road, York, PA, 17402, US"
Baconator®,8.09,960,"222 Arsenal Road, York, PA, 17402, US"
Son of Baconator®,6.79,630,"222 Arsenal Road, York, PA, 17402, US"
Big Bacon Classic®,6.99,650,"222 Arsenal Road, York, PA, 17402, US"
Big Bacon Classic® Double,8.09,910,"222 Arsenal Road, York, PA, 17402, US"
Big Bacon Classic Triple,9.19,"1,220","222 Arsenal Road, York, PA, 17402, US"
Bacon Double Stack,4.19,440,"222 Arsenal Road, York, PA, 17402, US"
Jr. Bacon Cheeseburger,3.29,370,"222 Arsenal Road, York, PA, 17402, US"
Jr. Cheeseburger Deluxe,2.69,340,"222 Arsenal Road, York, PA, 17402, US"
Jr. Cheeseburger,2.49,290,"222 Arsenal Road, York, PA, 17402, US"
Double Stack™,3.29,410,"222 Arsenal Road, York, PA, 17402, US"
Jr. Hamburger,1.99,250,"222 Arsenal Road, York, PA, 17402, US"
French Fries,1.99-3.29,210-470,"222 Arsenal Road, York, PA, 17402, US"
Baconator Fries,3.59,460,"222 Arsenal Road, York, PA, 17402, US"
Chili Cheese Fries,3.59,520,"222 Arsenal Road, York, PA, 17402, US"
Cheese Fries,3.39,470,"222 Arsenal Road, York, PA, 17402, US"
Family Chili,15.99,"1,100","222 Arsenal Road, York, PA, 17402, US"
Chili,2.79/3.69,240/340,"222 Arsenal Road, York, PA, 17402, US"
Sour Cream and Chive Baked Potato,2.89,310,"222 Arsenal Road, York, PA, 17402, US"
Plain Baked Potato,2.69,270,"222 Arsenal Road, York, PA, 17402, US"
Bacon Cheese Baked Potato,4.29,440,"222 Arsenal Road, York, PA, 17402, US"
Chili & Cheese Baked Potato,4.29,500,"222 Arsenal Road, York, PA, 17402, US"
Cheese Baked Potato,3.69,450,"222 Arsenal Road, York, PA, 17402, US"
Apple Bites,1.49,35,"222 Arsenal Road, York, PA, 17402, US"
6 PC. Crispy Chicken Nuggets,3.09,270,"222 Arsenal Road, York, PA, 17402, US"
4 PC. Crispy Chicken Nuggets,2.29,180,"222 Arsenal Road, York, PA, 17402, US"
6 PC. Spicy Chicken Nuggets,3.09,280,"222 Arsenal Road, York, PA, 17402, US"
4 PC. Spicy Chicken Nuggets,2.29,190,"222 Arsenal Road, York, PA, 17402, US"
Pretzel Baconator®,8.69,"1,050","343 Folly Rd., James Island, SC, 29412, US"
Dave's Single®,6.29,590,"343 Folly Rd., James Island, SC, 29412, US"
Dave's Double®,7.19,860,"343 Folly Rd., James Island, SC, 29412, US"
Dave's Triple®,7.79,"1,160","343 Folly Rd., James Island, SC, 29412, US"
Baconator®,7.69,960,"343 Folly Rd., James Island, SC, 29412, US"
Son of Baconator®,6.19,630,"343 Folly Rd., James Island, SC, 29412, US"
Big Bacon Classic®,6.49,650,"343 Folly Rd., James Island, SC, 29412, US"
Big Bacon Classic® Double,7.39,920,"343 Folly Rd., James Island, SC, 29412, US"
Big Bacon Classic Triple,8.39,"1,220","343 Folly Rd., James Island, SC, 29412, US"
Carolina Classic,5.09,540,"343 Folly Rd., James Island, SC, 29412, US"
Bacon Double Stack,3.89,440,"343 Folly Rd., James Island, SC, 29412, US"
Jr. Bacon Cheeseburger,2.99,370,"343 Folly Rd., James Island, SC, 29412, US"
Jr. Cheeseburger Deluxe,2.89,340,"343 Folly Rd., James Island, SC, 29412, US"
Jr. Cheeseburger Deluxe,2.89,350,"343 Folly Rd., James Island, SC, 29412, US"
Jr. Cheeseburger,1.99,290,"343 Folly Rd., James Island, SC, 29412, US"
Double Stack™,2.99,410,"343 Folly Rd., James Island, SC, 29412, US"
Jr. Hamburger,1.69,250,"343 Folly Rd., James Island, SC, 29412, US"
French Fries,1.89-3.49,210-470,"343 Folly Rd., James Island, SC, 29412, US"
Baconator Fries,3.79,460,"343 Folly Rd., James Island, SC, 29412, US"
Chili Cheese Fries,3.79,520,"343 Folly Rd., James Island, SC, 29412, US"
Cheese Fries,3.29,470,"343 Folly Rd., James Island, SC, 29412, US"
Family Chili,9.99,"1,100","343 Folly Rd., James Island, SC, 29412, US"
Chili,2.79/3.49,240/340,"343 Folly Rd., James Island, SC, 29412, US"
Sour Cream and Chive Baked Potato,3.19,310,"343 Folly Rd., James Island, SC, 29412, US"
Plain Baked Potato,2.99,270,"343 Folly Rd., James Island, SC, 29412, US"
Bacon Cheese Baked Potato,4.59,440,"343 Folly Rd., James Island, SC, 29412, US"
Chili & Cheese Baked Potato,4.59,500,"343 Folly Rd., James Island, SC, 29412, US"
Cheese Baked Potato,3.99,450,"343 Folly Rd., James Island, SC, 29412, US"
Apple Bites,1.59,35,"343 Folly Rd., James Island, SC, 29412, US"
6 PC. Crispy Chicken Nuggets,3.60,270,"343 Folly Rd., James Island, SC, 29412, US"
4 PC. Crispy Chicken Nuggets,3.00,180,"343 Folly Rd., James Island, SC, 29412, US"
6 PC. Spicy Chicken Nuggets,3.60,280,"343 Folly Rd., James Island, SC, 29412, US"
4 PC. Spicy Chicken Nuggets,3.00,190,"343 Folly Rd., James Island, SC, 29412, US"
Pretzel Baconator®,8.69,"1,050","361 Johnnie Dodds Boulevard, Mount Pleasant, SC, 29464, US"
Dave's Single®,6.29,590,"361 Johnnie Dodds Boulevard, Mount Pleasant, SC, 29464, US"
Dave's Double®,7.19,860,"361 Johnnie Dodds Boulevard, Mount Pleasant, SC, 29464, US"
Dave's Triple®,7.79,"1,160","361 Johnnie Dodds Boulevard, Mount Pleasant, SC, 29464, US"
Baconator®,7.69,960,"361 Johnnie Dodds Boulevard, Mount Pleasant, SC, 29464, US"
Son of Baconator®,6.19,630,"361 Johnnie Dodds Boulevard, Mount Pleasant, SC, 29464, US"
Big Bacon Classic®,6.49,650,"361 Johnnie Dodds Boulevard, Mount Pleasant, SC, 29464, US"
Big Bacon Classic® Double,7.39,920,"361 Johnnie Dodds Boulevard, Mount Pleasant, SC, 29464, US"
Big Bacon Classic Triple,8.39,"1,220","361 Johnnie Dodds Boulevard, Mount Pleasant, SC, 29464, US"
Carolina Classic,5.09,540,"361 Johnnie Dodds Boulevard, Mount Pleasant, SC, 29464, US"
Bacon Double Stack,3.89,440,"361 Johnnie Dodds Boulevard, Mount Pleasant, SC, 29464, US"
Jr. Bacon Cheeseburger,2.99,370,"361 Johnnie Dodds Boulevard, Mount Pleasant, SC, 29464, US"
Jr. Cheeseburger Deluxe,2.89,340,"361 Johnnie Dodds Boulevard, Mount Pleasant, SC, 29464, US"
Jr. Cheeseburger Deluxe,2.89,350,"361 Johnnie Dodds Boulevard, Mount Pleasant, SC, 29464, US"
Jr. Cheeseburger,1.99,290,"361 Johnnie Dodds Boulevard, Mount Pleasant, SC, 29464, US"
Double Stack™,2.99,410,"361 Johnnie Dodds Boulevard, Mount Pleasant, SC, 29464, US"
Jr. Hamburger,1.69,250,"361 Johnnie Dodds Boulevard, Mount Pleasant, SC, 29464, US"
French Fries,1.89-3.49,210-470,"361 Johnnie Dodds Boulevard, Mount Pleasant, SC, 29464, US"
Baconator Fries,3.79,460,"361 Johnnie Dodds Boulevard, Mount Pleasant, SC, 29464, US"
Chili Cheese Fries,3.79,520,"361 Johnnie Dodds Boulevard, Mount Pleasant, SC, 29464, US"
Cheese Fries,3.29,470,"361 Johnnie Dodds Boulevard, Mount Pleasant, SC, 29464, US"
Family Chili,11.99,"1,100","361 Johnnie Dodds Boulevard, Mount Pleasant, SC, 29464, US"
Chili,2.79/3.49,240/340,"361 Johnnie Dodds Boulevard, Mount Pleasant, SC, 29464, US"
Sour Cream and Chive Baked Potato,3.19,310,"361 Johnnie Dodds Boulevard, Mount Pleasant, SC, 29464, US"
Plain Baked Potato,2.99,270,"361 Johnnie Dodds Boulevard, Mount Pleasant, SC, 29464, US"
Bacon Cheese Baked Potato,4.59,440,"361 Johnnie Dodds Boulevard, Mount Pleasant, SC, 29464, US"
Chili & Cheese Baked Potato,4.59,500,"361 Johnnie Dodds Boulevard, Mount Pleasant, SC, 29464, US"
Cheese Baked Potato,3.99,450,"361 Johnnie Dodds Boulevard, Mount Pleasant, SC, 29464, US"
Apple Bites,1.59,35,"361 Johnnie Dodds Boulevard, Mount Pleasant, SC, 29464, US"
6 PC. Crispy Chicken Nuggets,3.60,270,"361 Johnnie Dodds Boulevard, Mount Pleasant, SC, 29464, US"
4 PC. Crispy Chicken Nuggets,3.00,180,"361 Johnnie Dodds Boulevard, Mount Pleasant, SC, 29464, US"
6 PC. Spicy Chicken Nuggets,3.60,280,"361 Johnnie Dodds Boulevard, Mount Pleasant, SC, 29464, US"
4 PC. Spicy Chicken Nuggets,3.00,190,"361 Johnnie Dodds Boulevard, Mount Pleasant, SC, 29464, US"
Pretzel Baconator®,8.89,"1,050","30 Henrydale Avenue, Greenville, SC, 29605, US"
Dave's Single®,5.69,590,"30 Henrydale Avenue, Greenville, SC, 29605, US"
Dave's Double®,6.69,860,"30 Henrydale Avenue, Greenville, SC, 29605, US"
Dave's Triple®,7.69,"1,160","30 Henrydale Avenue, Greenville, SC, 29605, US"
Baconator®,7.89,960,"30 Henrydale Avenue, Greenville, SC, 29605, US"
Son of Baconator®,5.79,630,"30 Henrydale Avenue, Greenville, SC, 29605, US"
Big Bacon Classic®,6.19,650,"30 Henrydale Avenue, Greenville, SC, 29605, US"
Big Bacon Classic® Double,7.19,910,"30 Henrydale Avenue, Greenville, SC, 29605, US"
Big Bacon Classic Triple,8.19,"1,220","30 Henrydale Avenue, Greenville, SC, 29605, US"
Bacon Double Stack,3.49,440,"30 Henrydale Avenue, Greenville, SC, 29605, US"
Jr. Bacon Cheeseburger,2.99,370,"30 Henrydale Avenue, Greenville, SC, 29605, US"
Jr. Cheeseburger Deluxe,2.19,340,"30 Henrydale Avenue, Greenville, SC, 29605, US"
Jr. Cheeseburger,1.89,290,"30 Henrydale Avenue, Greenville, SC, 29605, US"
Double Stack™,2.99,410,"30 Henrydale Avenue, Greenville, SC, 29605, US"
Jr. Hamburger,1.39,250,"30 Henrydale Avenue, Greenville, SC, 29605, US"
French Fries,1.69-3.19,210-470,"30 Henrydale Avenue, Greenville, SC, 29605, US"
Baconator Fries,3.69,460,"30 Henrydale Avenue, Greenville, SC, 29605, US"
Chili Cheese Fries,3.69,520,"30 Henrydale Avenue, Greenville, SC, 29605, US"
Cheese Fries,3.19,470,"30 Henrydale Avenue, Greenville, SC, 29605, US"
Chili,2.79/3.59,240/340,"30 Henrydale Avenue, Greenville, SC, 29605, US"
Sour Cream and Chive Baked Potato,2.69,310,"30 Henrydale Avenue, Greenville, SC, 29605, US"
Plain Baked Potato,2.59,270,"30 Henrydale Avenue, Greenville, SC, 29605, US"
Bacon Cheese Baked Potato,4.19,440,"30 Henrydale Avenue, Greenville, SC, 29605, US"
Chili & Cheese Baked Potato,4.19,500,"30 Henrydale Avenue, Greenville, SC, 29605, US"
Cheese Baked Potato,3.69,450,"30 Henrydale Avenue, Greenville, SC, 29605, US"
Apple Bites,1.39,35,"30 Henrydale Avenue, Greenville, SC, 29605, US"
6 PC. Crispy Chicken Nuggets,2.79,270,"30 Henrydale Avenue, Greenville, SC, 29605, US"
4 PC. Crispy Chicken Nuggets,2.19,180,"30 Henrydale Avenue, Greenville, SC, 29605, US"
6 PC. Spicy Chicken Nuggets,2.79,280,"30 Henrydale Avenue, Greenville, SC, 29605, US"
4 PC. Spicy Chicken Nuggets,2.19,190,"30 Henrydale Avenue, Greenville, SC, 29605, US"
Pretzel Baconator®,8.59,"1,050","3201 N Kings Hwy, Myrtle Beach, SC, 29577, US"
Dave's Single®,5.39,590,"3201 N Kings Hwy, Myrtle Beach, SC, 29577, US"
Dave's Double®,6.39,860,"3201 N Kings Hwy, Myrtle Beach, SC, 29577, US"
Dave's Triple®,7.39,"1,160","3201 N Kings Hwy, Myrtle Beach, SC, 29577, US"
Baconator®,7.59,960,"3201 N Kings Hwy, Myrtle Beach, SC, 29577, US"
Son of Baconator®,5.49,630,"3201 N Kings Hwy, Myrtle Beach, SC, 29577, US"
Big Bacon Classic®,5.99,650,"3201 N Kings Hwy, Myrtle Beach, SC, 29577, US"
Big Bacon Classic® Double,6.99,920,"3201 N Kings Hwy, Myrtle Beach, SC, 29577, US"
Big Bacon Classic Triple,7.99,"1,220","3201 N Kings Hwy, Myrtle Beach, SC, 29577, US"
Carolina Classic,5.19,540,"3201 N Kings Hwy, Myrtle Beach, SC, 29577, US"
Bacon Double Stack,3.49,440,"3201 N Kings Hwy, Myrtle Beach, SC, 29577, US"
Jr. Bacon Cheeseburger,2.99,370,"3201 N Kings Hwy, Myrtle Beach, SC, 29577, US"
Jr. Cheeseburger Deluxe,2.29,350,"3201 N Kings Hwy, Myrtle Beach, SC, 29577, US"
Jr. Cheeseburger,1.99,290,"3201 N Kings Hwy, Myrtle Beach, SC, 29577, US"
Double Stack™,2.99,410,"3201 N Kings Hwy, Myrtle Beach, SC, 29577, US"
Jr. Hamburger,1.79,250,"3201 N Kings Hwy, Myrtle Beach, SC, 29577, US"
French Fries,1.79-3.19,210-470,"3201 N Kings Hwy, Myrtle Beach, SC, 29577, US"
Baconator Fries,3.49,460,"3201 N Kings Hwy, Myrtle Beach, SC, 29577, US"
Chili Cheese Fries,3.49,520,"3201 N Kings Hwy, Myrtle Beach, SC, 29577, US"
Cheese Fries,2.89,470,"3201 N Kings Hwy, Myrtle Beach, SC, 29577, US"
Chili,2.69/3.49,240/340,"3201 N Kings Hwy, Myrtle Beach, SC, 29577, US"
Sour Cream and Chive Baked Potato,2.69,310,"3201 N Kings Hwy, Myrtle Beach, SC, 29577, US"
Plain Baked Potato,2.49,270,"3201 N Kings Hwy, Myrtle Beach, SC, 29577, US"
Bacon Cheese Baked Potato,3.69,440,"3201 N Kings Hwy, Myrtle Beach, SC, 29577, US"
Chili & Cheese Baked Potato,3.69,500,"3201 N Kings Hwy, Myrtle Beach, SC, 29577, US"
Cheese Baked Potato,3.29,450,"3201 N Kings Hwy, Myrtle Beach, SC, 29577, US"
Apple Bites,1.39,35,"3201 N Kings Hwy, Myrtle Beach, SC, 29577, US"
6 PC. Crispy Chicken Nuggets,2.49,270,"3201 N Kings Hwy, Myrtle Beach, SC, 29577, US"
4 PC. Crispy Chicken Nuggets,1.99,180,"3201 N Kings Hwy, Myrtle Beach, SC, 29577, US"
6 PC. Spicy Chicken Nuggets,2.49,280,"3201 N Kings Hwy, Myrtle Beach, SC, 29577, US"
4 PC. Spicy Chicken Nuggets,1.99,190,"3201 N Kings Hwy, Myrtle Beach, SC, 29577, US"
Pretzel Baconator®,8.59,"1,050","804 Assembly, Columbia, SC, 29201, US"
Dave's Single®,5.29,590,"804 Assembly, Columbia, SC, 29201, US"
Dave's Double®,6.39,860,"804 Assembly, Columbia, SC, 29201, US"
Dave's Triple®,7.49,"1,160","804 Assembly, Columbia, SC, 29201, US"
Baconator®,7.59,960,"804 Assembly, Columbia, SC, 29201, US"
Son of Baconator®,5.59,630,"804 Assembly, Columbia, SC, 29201, US"
Big Bacon Classic®,6.79,650,"804 Assembly, Columbia, SC, 29201, US"
Big Bacon Classic® Double,7.89,910,"804 Assembly, Columbia, SC, 29201, US"
Big Bacon Classic Triple,9.09,"1,220","804 Assembly, Columbia, SC, 29201, US"
Bacon Double Stack,3.49,440,"804 Assembly, Columbia, SC, 29201, US"
Jr. Bacon Cheeseburger,2.89,370,"804 Assembly, Columbia, SC, 29201, US"
Jr. Cheeseburger Deluxe,2.29,340,"804 Assembly, Columbia, SC, 29201, US"
Jr. Cheeseburger,1.79,290,"804 Assembly, Columbia, SC, 29201, US"
Double Stack™,3.09,410,"804 Assembly, Columbia, SC, 29201, US"
Jr. Hamburger,1.49,250,"804 Assembly, Columbia, SC, 29201, US"
French Fries,1.79-3.29,210-470,"804 Assembly, Columbia, SC, 29201, US"
Baconator Fries,3.59,460,"804 Assembly, Columbia, SC, 29201, US"
Chili Cheese Fries,3.59,520,"804 Assembly, Columbia, SC, 29201, US"
Cheese Fries,3.09,470,"804 Assembly, Columbia, SC, 29201, US"
Chili,2.69/3.59,240/340,"804 Assembly, Columbia, SC, 29201, US"
Sour Cream and Chive Baked Potato,2.59,310,"804 Assembly, Columbia, SC, 29201, US"
Plain Baked Potato,2.49,270,"804 Assembly, Columbia, SC, 29201, US"
Bacon Cheese Baked Potato,3.99,440,"804 Assembly, Columbia, SC, 29201, US"
Chili & Cheese Baked Potato,3.99,500,"804 Assembly, Columbia, SC, 29201, US"
Cheese Baked Potato,3.59,450,"804 Assembly, Columbia, SC, 29201, US"
Apple Bites,1.39,35,"804 Assembly, Columbia, SC, 29201, US"
6 PC. Crispy Chicken Nuggets,2.69,270,"804 Assembly, Columbia, SC, 29201, US"
4 PC. Crispy Chicken Nuggets,1.99,180,"804 Assembly, Columbia, SC, 29201, US"
6 PC. Spicy Chicken Nuggets,2.69,280,"804 Assembly, Columbia, SC, 29201, US"
4 PC. Spicy Chicken Nuggets,1.99,190,"804 Assembly, Columbia, SC, 29201, US"
Pretzel Baconator®,8.59,"1,050","823 Knox Abbott Dr., Cayce, SC, 29033, US"
Dave's Single®,5.29,590,"823 Knox Abbott Dr., Cayce, SC, 29033, US"
Dave's Double®,6.39,860,"823 Knox Abbott Dr., Cayce, SC, 29033, US"
Dave's Triple®,7.49,"1,160","823 Knox Abbott Dr., Cayce, SC, 29033, US"
Baconator®,7.59,960,"823 Knox Abbott Dr., Cayce, SC, 29033, US"
Son of Baconator®,5.59,630,"823 Knox Abbott Dr., Cayce, SC, 29033, US"
Big Bacon Classic®,6.79,650,"823 Knox Abbott Dr., Cayce, SC, 29033, US"
Big Bacon Classic® Double,7.89,910,"823 Knox Abbott Dr., Cayce, SC, 29033, US"
Big Bacon Classic Triple,9.09,"1,220","823 Knox Abbott Dr., Cayce, SC, 29033, US"
Bacon Double Stack,3.49,440,"823 Knox Abbott Dr., Cayce, SC, 29033, US"
Jr. Bacon Cheeseburger,2.89,370,"823 Knox Abbott Dr., Cayce, SC, 29033, US"
Jr. Cheeseburger Deluxe,2.29,340,"823 Knox Abbott Dr., Cayce, SC, 29033, US"
Jr. Cheeseburger,1.79,290,"823 Knox Abbott Dr., Cayce, SC, 29033, US"
Double Stack™,3.09,410,"823 Knox Abbott Dr., Cayce, SC, 29033, US"
Jr. Hamburger,1.49,250,"823 Knox Abbott Dr., Cayce, SC, 29033, US"
French Fries,1.79-3.29,210-470,"823 Knox Abbott Dr., Cayce, SC, 29033, US"
Baconator Fries,3.59,460,"823 Knox Abbott Dr., Cayce, SC, 29033, US"
Chili Cheese Fries,3.59,520,"823 Knox Abbott Dr., Cayce, SC, 29033, US"
Cheese Fries,3.09,470,"823 Knox Abbott Dr., Cayce, SC, 29033, US"
Chili,2.69/3.59,240/340,"823 Knox Abbott Dr., Cayce, SC, 29033, US"
Sour Cream and Chive Baked Potato,2.59,310,"823 Knox Abbott Dr., Cayce, SC, 29033, US"
Plain Baked Potato,2.49,270,"823 Knox Abbott Dr., Cayce, SC, 29033, US"
Bacon Cheese Baked Potato,3.99,440,"823 Knox Abbott Dr., Cayce, SC, 29033, US"
Chili & Cheese Baked Potato,3.99,500,"823 Knox Abbott Dr., Cayce, SC, 29033, US"
Cheese Baked Potato,3.59,450,"823 Knox Abbott Dr., Cayce, SC, 29033, US"
Apple Bites,1.39,35,"823 Knox Abbott Dr., Cayce, SC, 29033, US"
6 PC. Crispy Chicken Nuggets,2.69,270,"823 Knox Abbott Dr., Cayce, SC, 29033, US"
4 PC. Crispy Chicken Nuggets,1.99,180,"823 Knox Abbott Dr., Cayce, SC, 29033, US"
6 PC. Spicy Chicken Nuggets,2.69,280,"823 Knox Abbott Dr., Cayce, SC, 29033, US"
4 PC. Spicy Chicken Nuggets,1.99,190,"823 Knox Abbott Dr., Cayce, SC, 29033, US"
Pretzel Baconator®,8.69,"1,050","2514 SUNSET BLVD, West Columbia, SC, 29169, US"
Dave's Single®,5.49,590,"2514 SUNSET BLVD, West Columbia, SC, 29169, US"
Dave's Double®,6.49,860,"2514 SUNSET BLVD, West Columbia, SC, 29169, US"
Dave's Triple®,7.49,"1,160","2514 SUNSET BLVD, West Columbia, SC, 29169, US"
Baconator®,7.69,960,"2514 SUNSET BLVD, West Columbia, SC, 29169, US"
Son of Baconator®,5.59,630,"2514 SUNSET BLVD, West Columbia, SC, 29169, US"
Big Bacon Classic®,6.29,650,"2514 SUNSET BLVD, West Columbia, SC, 29169, US"
Big Bacon Classic® Double,7.29,920,"2514 SUNSET BLVD, West Columbia, SC, 29169, US"
Big Bacon Classic Triple,8.29,"1,220","2514 SUNSET BLVD, West Columbia, SC, 29169, US"
Bacon Double Stack,3.49,440,"2514 SUNSET BLVD, West Columbia, SC, 29169, US"
Jr. Bacon Cheeseburger,2.99,370,"2514 SUNSET BLVD, West Columbia, SC, 29169, US"
Jr. Cheeseburger Deluxe,2.39,350,"2514 SUNSET BLVD, West Columbia, SC, 29169, US"
Jr. Cheeseburger,2.19,290,"2514 SUNSET BLVD, West Columbia, SC, 29169, US"
Double Stack™,2.99,410,"2514 SUNSET BLVD, West Columbia, SC, 29169, US"
Jr. Hamburger,1.79,250,"2514 SUNSET BLVD, West Columbia, SC, 29169, US"
French Fries,1.79-3.19,210-470,"2514 SUNSET BLVD, West Columbia, SC, 29169, US"
Baconator Fries,3.49,460,"2514 SUNSET BLVD, West Columbia, SC, 29169, US"
Chili Cheese Fries,3.49,520,"2514 SUNSET BLVD, West Columbia, SC, 29169, US"
Cheese Fries,2.99,470,"2514 SUNSET BLVD, West Columbia, SC, 29169, US"
Chili,2.79/3.59,240/340,"2514 SUNSET BLVD, West Columbia, SC, 29169, US"
Sour Cream and Chive Baked Potato,2.69,310,"2514 SUNSET BLVD, West Columbia, SC, 29169, US"
Plain Baked Potato,2.49,270,"2514 SUNSET BLVD, West Columbia, SC, 29169, US"
Bacon Cheese Baked Potato,3.79,440,"2514 SUNSET BLVD, West Columbia, SC, 29169, US"
Chili & Cheese Baked Potato,3.79,500,"2514 SUNSET BLVD, West Columbia, SC, 29169, US"
Cheese Baked Potato,3.29,450,"2514 SUNSET BLVD, West Columbia, SC, 29169, US"
Apple Bites,1.39,35,"2514 SUNSET BLVD, West Columbia, SC, 29169, US"
6 PC. Crispy Chicken Nuggets,2.59,270,"2514 SUNSET BLVD, West Columbia, SC, 29169, US"
4 PC. Crispy Chicken Nuggets,1.99,180,"2514 SUNSET BLVD, West Columbia, SC, 29169, US"
6 PC. Spicy Chicken Nuggets,2.59,280,"2514 SUNSET BLVD, West Columbia, SC, 29169, US"
4 PC. Spicy Chicken Nuggets,1.99,190,"2514 SUNSET BLVD, West Columbia, SC, 29169, US"
Pretzel Baconator®,8.59,"1,050","1031 Assembly St, Columbia, SC, 29201, US"
Dave's Single®,5.29,590,"1031 Assembly St, Columbia, SC, 29201, US"
Dave's Double®,6.39,860,"1031 Assembly St, Columbia, SC, 29201, US"
Dave's Triple®,7.49,"1,160","1031 Assembly St, Columbia, SC, 29201, US"
Baconator®,7.59,960,"1031 Assembly St, Columbia, SC, 29201, US"
Son of Baconator®,5.59,630,"1031 Assembly St, Columbia, SC, 29201, US"
Big Bacon Classic®,6.79,650,"1031 Assembly St, Columbia, SC, 29201, US"
Big Bacon Classic® Double,7.89,910,"1031 Assembly St, Columbia, SC, 29201, US"
Big Bacon Classic Triple,9.09,"1,220","1031 Assembly St, Columbia, SC, 29201, US"
Bacon Double Stack,3.49,440,"1031 Assembly St, Columbia, SC, 29201, US"
Jr. Bacon Cheeseburger,2.89,370,"1031 Assembly St, Columbia, SC, 29201, US"
Jr. Cheeseburger Deluxe,2.29,340,"1031 Assembly St, Columbia, SC, 29201, US"
Jr. Cheeseburger,1.79,290,"1031 Assembly St, Columbia, SC, 29201, US"
Double Stack™,3.09,410,"1031 Assembly St, Columbia, SC, 29201, US"
Jr. Hamburger,1.49,250,"1031 Assembly St, Columbia, SC, 29201, US"
French Fries,1.79-3.29,210-470,"1031 Assembly St, Columbia, SC, 29201, US"
Baconator Fries,3.59,460,"1031 Assembly St, Columbia, SC, 29201, US"
Chili Cheese Fries,3.59,520,"1031 Assembly St, Columbia, SC, 29201, US"
Cheese Fries,3.09,470,"1031 Assembly St, Columbia, SC, 29201, US"
Chili,2.69/3.59,240/340,"1031 Assembly St, Columbia, SC, 29201, US"
Sour Cream and Chive Baked Potato,2.59,310,"1031 Assembly St, Columbia, SC, 29201, US"
Plain Baked Potato,2.49,270,"1031 Assembly St, Columbia, SC, 29201, US"
Bacon Cheese Baked Potato,3.99,440,"1031 Assembly St, Columbia, SC, 29201, US"
Chili & Cheese Baked Potato,3.99,500,"1031 Assembly St, Columbia, SC, 29201, US"
Cheese Baked Potato,3.59,450,"1031 Assembly St, Columbia, SC, 29201, US"
Apple Bites,1.39,35,"1031 Assembly St, Columbia, SC, 29201, US"
6 PC. Crispy Chicken Nuggets,2.69,270,"1031 Assembly St, Columbia, SC, 29201, US"
4 PC. Crispy Chicken Nuggets,1.99,180,"1031 Assembly St, Columbia, SC, 29201, US"
6 PC. Spicy Chicken Nuggets,2.69,280,"1031 Assembly St, Columbia, SC, 29201, US"
4 PC. Spicy Chicken Nuggets,1.99,190,"1031 Assembly St, Columbia, SC, 29201, US"
Pretzel Baconator®,8.89,"1,050","1874 Highway 101 South, Greer, SC, 29651, US"
Dave's Single®,5.69,590,"1874 Highway 101 South, Greer, SC, 29651, US"
Dave's Single®,5.69,590,"1874 Highway 101 South, Greer, SC, 29651, US"
Dave's Double®,6.69,860,"1874 Highway 101 South, Greer, SC, 29651, US"
Dave's Double®,6.69,860,"1874 Highway 101 South, Greer, SC, 29651, US"
Dave's Triple®,7.69,"1,160","1874 Highway 101 South, Greer, SC, 29651, US"
Dave's Triple®,7.69,"1,160","1874 Highway 101 South, Greer, SC, 29651, US"
Baconator®,7.89,960,"1874 Highway 101 South, Greer, SC, 29651, US"
Son of Baconator®,5.79,630,"1874 Highway 101 South, Greer, SC, 29651, US"
Big Bacon Classic®,6.19,650,"1874 Highway 101 South, Greer, SC, 29651, US"
Big Bacon Classic® Double,7.19,910,"1874 Highway 101 South, Greer, SC, 29651, US"
Big Bacon Classic Triple,8.19,"1,220","1874 Highway 101 South, Greer, SC, 29651, US"
Big Bacon Classic®,6.19,650,"1874 Highway 101 South, Greer, SC, 29651, US"
Big Bacon Classic® Double,7.19,920,"1874 Highway 101 South, Greer, SC, 29651, US"
Big Bacon Classic Triple,8.19,"1,220","1874 Highway 101 South, Greer, SC, 29651, US"
Bacon Double Stack,3.49,440,"1874 Highway 101 South, Greer, SC, 29651, US"
Jr. Bacon Cheeseburger,2.99,370,"1874 Highway 101 South, Greer, SC, 29651, US"
Jr. Cheeseburger Deluxe,2.19,340,"1874 Highway 101 South, Greer, SC, 29651, US"
Jr. Cheeseburger Deluxe,2.19,350,"1874 Highway 101 South, Greer, SC, 29651, US"
Jr. Cheeseburger,1.89,290,"1874 Highway 101 South, Greer, SC, 29651, US"
Double Stack™,2.99,410,"1874 Highway 101 South, Greer, SC, 29651, US"
Jr. Hamburger,1.39,250,"1874 Highway 101 South, Greer, SC, 29651, US"
French Fries,1.69-3.19,210-470,"1874 Highway 101 South, Greer, SC, 29651, US"
Baconator Fries,3.69,460,"1874 Highway 101 South, Greer, SC, 29651, US"
Chili Cheese Fries,3.69,520,"1874 Highway 101 South, Greer, SC, 29651, US"
Cheese Fries,3.19,470,"1874 Highway 101 South, Greer, SC, 29651, US"
Chili,2.79/3.59,240/340,"1874 Highway 101 South, Greer, SC, 29651, US"
Sour Cream and Chive Baked Potato,2.69,310,"1874 Highway 101 South, Greer, SC, 29651, US"
Plain Baked Potato,2.59,270,"1874 Highway 101 South, Greer, SC, 29651, US"
Bacon Cheese Baked Potato,4.19,440,"1874 Highway 101 South, Greer, SC, 29651, US"
Chili & Cheese Baked Potato,4.19,500,"1874 Highway 101 South, Greer, SC, 29651, US"
Cheese Baked Potato,3.69,450,"1874 Highway 101 South, Greer, SC, 29651, US"
Apple Bites,1.39,35,"1874 Highway 101 South, Greer, SC, 29651, US"
6 PC. Crispy Chicken Nuggets,2.79,270,"1874 Highway 101 South, Greer, SC, 29651, US"
4 PC. Crispy Chicken Nuggets,2.19,180,"1874 Highway 101 South, Greer, SC, 29651, US"
6 PC. Spicy Chicken Nuggets,2.79,280,"1874 Highway 101 South, Greer, SC, 29651, US"
4 PC. Spicy Chicken Nuggets,2.19,190,"1874 Highway 101 South, Greer, SC, 29651, US"
Pretzel Baconator®,8.59,"1,050","960 East Liberty Street, York, SC, 29745, US"
Dave's Single®,5.39,590,"960 East Liberty Street, York, SC, 29745, US"
Dave's Double®,6.39,860,"960 East Liberty Street, York, SC, 29745, US"
Dave's Triple®,7.39,"1,160","960 East Liberty Street, York, SC, 29745, US"
Baconator®,7.59,960,"960 East Liberty Street, York, SC, 29745, US"
Son of Baconator®,5.49,630,"960 East Liberty Street, York, SC, 29745, US"
Big Bacon Classic®,5.99,650,"960 East Liberty Street, York, SC, 29745, US"
Big Bacon Classic® Double,6.99,920,"960 East Liberty Street, York, SC, 29745, US"
Big Bacon Classic Triple,7.99,"1,220","960 East Liberty Street, York, SC, 29745, US"
Carolina Classic,5.19,540,"960 East Liberty Street, York, SC, 29745, US"
Bacon Double Stack,3.49,440,"960 East Liberty Street, York, SC, 29745, US"
Jr. Bacon Cheeseburger,2.99,370,"960 East Liberty Street, York, SC, 29745, US"
Jr. Cheeseburger Deluxe,2.29,350,"960 East Liberty Street, York, SC, 29745, US"
Jr. Cheeseburger,1.99,290,"960 East Liberty Street, York, SC, 29745, US"
Double Stack™,2.99,410,"960 East Liberty Street, York, SC, 29745, US"
Jr. Hamburger,1.79,250,"960 East Liberty Street, York, SC, 29745, US"
French Fries,1.79-3.19,210-470,"960 East Liberty Street, York, SC, 29745, US"
Baconator Fries,3.49,460,"960 East Liberty Street, York, SC, 29745, US"
Chili Cheese Fries,3.49,520,"960 East Liberty Street, York, SC, 29745, US"
Cheese Fries,2.89,470,"960 East Liberty Street, York, SC, 29745, US"
Chili,2.69/3.49,240/340,"960 East Liberty Street, York, SC, 29745, US"
Sour Cream and Chive Baked Potato,2.69,310,"960 East Liberty Street, York, SC, 29745, US"
Plain Baked Potato,2.49,270,"960 East Liberty Street, York, SC, 29745, US"
Bacon Cheese Baked Potato,3.69,440,"960 East Liberty Street, York, SC, 29745, US"
Chili & Cheese Baked Potato,3.69,500,"960 East Liberty Street, York, SC, 29745, US"
Cheese Baked Potato,3.29,450,"960 East Liberty Street, York, SC, 29745, US"
Apple Bites,1.39,35,"960 East Liberty Street, York, SC, 29745, US"
6 PC. Crispy Chicken Nuggets,2.49,270,"960 East Liberty Street, York, SC, 29745, US"
4 PC. Crispy Chicken Nuggets,1.99,180,"960 East Liberty Street, York, SC, 29745, US"
6 PC. Spicy Chicken Nuggets,2.49,280,"960 East Liberty Street, York, SC, 29745, US"
4 PC. Spicy Chicken Nuggets,1.99,190,"960 East Liberty Street, York, SC, 29745, US"
Pretzel Baconator®,8.59,"1,050","1375 East Main Street, Rock Hill, SC, 29730, US"
Dave's Single®,5.39,590,"1375 East Main Street, Rock Hill, SC, 29730, US"
Dave's Double®,6.39,860,"1375 East Main Street, Rock Hill, SC, 29730, US"
Dave's Triple®,7.39,"1,160","1375 East Main Street, Rock Hill, SC, 29730, US"
Baconator®,7.59,960,"1375 East Main Street, Rock Hill, SC, 29730, US"
Son of Baconator®,5.49,630,"1375 East Main Street, Rock Hill, SC, 29730, US"
Big Bacon Classic®,5.99,650,"1375 East Main Street, Rock Hill, SC, 29730, US"
Big Bacon Classic® Double,6.99,920,"1375 East Main Street, Rock Hill, SC, 29730, US"
Big Bacon Classic Triple,7.99,"1,220","1375 East Main Street, Rock Hill, SC, 29730, US"
Bacon Double Stack,3.49,440,"1375 East Main Street, Rock Hill, SC, 29730, US"
Jr. Bacon Cheeseburger,2.99,370,"1375 East Main Street, Rock Hill, SC, 29730, US"
Jr. Cheeseburger Deluxe,2.29,340,"1375 East Main Street, Rock Hill, SC, 29730, US"
Jr. Cheeseburger,1.99,290,"1375 East Main Street, Rock Hill, SC, 29730, US"
Double Stack™,2.99,410,"1375 East Main Street, Rock Hill, SC, 29730, US"
Jr. Hamburger,1.79,250,"1375 East Main Street, Rock Hill, SC, 29730, US"
French Fries,1.79-3.19,210-470,"1375 East Main Street, Rock Hill, SC, 29730, US"
Baconator Fries,3.49,460,"1375 East Main Street, Rock Hill, SC, 29730, US"
Chili Cheese Fries,3.49,520,"1375 East Main Street, Rock Hill, SC, 29730, US"
Cheese Fries,2.89,470,"1375 East Main Street, Rock Hill, SC, 29730, US"
Chili,2.69/3.49,240/340,"1375 East Main Street, Rock Hill, SC, 29730, US"
Sour Cream and Chive Baked Potato,2.69,310,"1375 East Main Street, Rock Hill, SC, 29730, US"
Plain Baked Potato,2.49,270,"1375 East Main Street, Rock Hill, SC, 29730, US"
Bacon Cheese Baked Potato,3.69,440,"1375 East Main Street, Rock Hill, SC, 29730, US"
Chili & Cheese Baked Potato,3.69,500,"1375 East Main Street, Rock Hill, SC, 29730, US"
Cheese Baked Potato,3.29,450,"1375 East Main Street, Rock Hill, SC, 29730, US"
Apple Bites,1.39,35,"1375 East Main Street, Rock Hill, SC, 29730, US"
6 PC. Crispy Chicken Nuggets,2.49,270,"1375 East Main Street, Rock Hill, SC, 29730, US"
4 PC. Crispy Chicken Nuggets,1.99,180,"1375 East Main Street, Rock Hill, SC, 29730, US"
6 PC. Spicy Chicken Nuggets,2.49,280,"1375 East Main Street, Rock Hill, SC, 29730, US"
4 PC. Spicy Chicken Nuggets,1.99,190,"1375 East Main Street, Rock Hill, SC, 29730, US"
Pretzel Baconator®,8.69,"1,050","802 Vantage Way Court, Nashville, TN, 37228, US"
Dave's Single®,5.89,590,"802 Vantage Way Court, Nashville, TN, 37228, US"
Dave's Double®,6.89,860,"802 Vantage Way Court, Nashville, TN, 37228, US"
Dave's Triple®,7.89,"1,160","802 Vantage Way Court, Nashville, TN, 37228, US"
Baconator®,7.69,960,"802 Vantage Way Court, Nashville, TN, 37228, US"
Son of Baconator®,5.99,630,"802 Vantage Way Court, Nashville, TN, 37228, US"
Big Bacon Classic®,6.39,650,"802 Vantage Way Court, Nashville, TN, 37228, US"
Big Bacon Classic® Double,7.39,910,"802 Vantage Way Court, Nashville, TN, 37228, US"
Big Bacon Classic Triple,8.39,"1,220","802 Vantage Way Court, Nashville, TN, 37228, US"
Bacon Double Stack,3.69,440,"802 Vantage Way Court, Nashville, TN, 37228, US"
Jr. Bacon Cheeseburger,3.19,370,"802 Vantage Way Court, Nashville, TN, 37228, US"
Jr. Cheeseburger Deluxe,2.49,340,"802 Vantage Way Court, Nashville, TN, 37228, US"
Jr. Cheeseburger,1.99,290,"802 Vantage Way Court, Nashville, TN, 37228, US"
Double Stack™,3.19,410,"802 Vantage Way Court, Nashville, TN, 37228, US"
Jr. Hamburger,1.59,250,"802 Vantage Way Court, Nashville, TN, 37228, US"
French Fries,1.69-2.99,210-470,"802 Vantage Way Court, Nashville, TN, 37228, US"
Baconator Fries,3.69,460,"802 Vantage Way Court, Nashville, TN, 37228, US"
Chili Cheese Fries,3.69,520,"802 Vantage Way Court, Nashville, TN, 37228, US"
Cheese Fries,2.69,470,"802 Vantage Way Court, Nashville, TN, 37228, US"
Family Chili,17.99,"1,100","802 Vantage Way Court, Nashville, TN, 37228, US"
Chili,2.99/3.89,240/340,"802 Vantage Way Court, Nashville, TN, 37228, US"
Sour Cream and Chive Baked Potato,2.69,310,"802 Vantage Way Court, Nashville, TN, 37228, US"
Plain Baked Potato,2.49,270,"802 Vantage Way Court, Nashville, TN, 37228, US"
Bacon Cheese Baked Potato,4.19,440,"802 Vantage Way Court, Nashville, TN, 37228, US"
Chili & Cheese Baked Potato,4.19,500,"802 Vantage Way Court, Nashville, TN, 37228, US"
Cheese Baked Potato,3.69,450,"802 Vantage Way Court, Nashville, TN, 37228, US"
Apple Bites,1.59,35,"802 Vantage Way Court, Nashville, TN, 37228, US"
6 PC. Crispy Chicken Nuggets,2.99,270,"802 Vantage Way Court, Nashville, TN, 37228, US"
4 PC. Crispy Chicken Nuggets,1.99,180,"802 Vantage Way Court, Nashville, TN, 37228, US"
6 PC. Spicy Chicken Nuggets,2.99,280,"802 Vantage Way Court, Nashville, TN, 37228, US"
4 PC. Spicy Chicken Nuggets,1.99,190,"802 Vantage Way Court, Nashville, TN, 37228, US"
Pretzel Baconator®,8.69,"1,050","418 CUMBERLAND STREET, CHATTANOOGA, TN, 37404, US"
Dave's Single®,5.39,590,"418 CUMBERLAND STREET, CHATTANOOGA, TN, 37404, US"
Dave's Double®,6.59,860,"418 CUMBERLAND STREET, CHATTANOOGA, TN, 37404, US"
Dave's Triple®,7.79,"1,160","418 CUMBERLAND STREET, CHATTANOOGA, TN, 37404, US"
Baconator®,7.69,960,"418 CUMBERLAND STREET, CHATTANOOGA, TN, 37404, US"
Son of Baconator®,5.59,630,"418 CUMBERLAND STREET, CHATTANOOGA, TN, 37404, US"
Big Bacon Classic®,6.39,650,"418 CUMBERLAND STREET, CHATTANOOGA, TN, 37404, US"
Big Bacon Classic® Double,7.59,910,"418 CUMBERLAND STREET, CHATTANOOGA, TN, 37404, US"
Big Bacon Classic Triple,8.79,"1,220","418 CUMBERLAND STREET, CHATTANOOGA, TN, 37404, US"
Bacon Double Stack,3.89,440,"418 CUMBERLAND STREET, CHATTANOOGA, TN, 37404, US"
Jr. Bacon Cheeseburger,3.29,370,"418 CUMBERLAND STREET, CHATTANOOGA, TN, 37404, US"
Jr. Cheeseburger Deluxe,2.49,340,"418 CUMBERLAND STREET, CHATTANOOGA, TN, 37404, US"
Jr. Cheeseburger,1.99,290,"418 CUMBERLAND STREET, CHATTANOOGA, TN, 37404, US"
Double Stack™,3.29,410,"418 CUMBERLAND STREET, CHATTANOOGA, TN, 37404, US"
Jr. Hamburger,1.69,250,"418 CUMBERLAND STREET, CHATTANOOGA, TN, 37404, US"
French Fries,1.59-3.29,210-470,"418 CUMBERLAND STREET, CHATTANOOGA, TN, 37404, US"
Baconator Fries,3.79,460,"418 CUMBERLAND STREET, CHATTANOOGA, TN, 37404, US"
Chili Cheese Fries,3.79,520,"418 CUMBERLAND STREET, CHATTANOOGA, TN, 37404, US"
Cheese Fries,2.99,470,"418 CUMBERLAND STREET, CHATTANOOGA, TN, 37404, US"
Chili,2.89/3.79,240/340,"418 CUMBERLAND STREET, CHATTANOOGA, TN, 37404, US"
Sour Cream and Chive Baked Potato,2.79,310,"418 CUMBERLAND STREET, CHATTANOOGA, TN, 37404, US"
Plain Baked Potato,2.59,270,"418 CUMBERLAND STREET, CHATTANOOGA, TN, 37404, US"
Bacon Cheese Baked Potato,3.99,440,"418 CUMBERLAND STREET, CHATTANOOGA, TN, 37404, US"
Chili & Cheese Baked Potato,3.99,500,"418 CUMBERLAND STREET, CHATTANOOGA, TN, 37404, US"
Cheese Baked Potato,3.29,450,"418 CUMBERLAND STREET, CHATTANOOGA, TN, 37404, US"
Apple Bites,2.00,35,"418 CUMBERLAND STREET, CHATTANOOGA, TN, 37404, US"
6 PC. Crispy Chicken Nuggets,2.59,270,"418 CUMBERLAND STREET, CHATTANOOGA, TN, 37404, US"
4 PC. Crispy Chicken Nuggets,1.79,180,"418 CUMBERLAND STREET, CHATTANOOGA, TN, 37404, US"
6 PC. Spicy Chicken Nuggets,2.59,280,"418 CUMBERLAND STREET, CHATTANOOGA, TN, 37404, US"
4 PC. Spicy Chicken Nuggets,1.79,190,"418 CUMBERLAND STREET, CHATTANOOGA, TN, 37404, US"
Pretzel Baconator®,8.49,"1,050","3104 S. Broad St., Chattanooga, TN, 37408, US"
Dave's Single®,5.99,590,"3104 S. Broad St., Chattanooga, TN, 37408, US"
Dave's Double®,7.19,860,"3104 S. Broad St., Chattanooga, TN, 37408, US"
Dave's Triple®,7.69,"1,160","3104 S. Broad St., Chattanooga, TN, 37408, US"
Baconator®,7.49,960,"3104 S. Broad St., Chattanooga, TN, 37408, US"
Son of Baconator®,5.79,630,"3104 S. Broad St., Chattanooga, TN, 37408, US"
Big Bacon Classic®,6.59,650,"3104 S. Broad St., Chattanooga, TN, 37408, US"
Big Bacon Classic® Double,7.59,910,"3104 S. Broad St., Chattanooga, TN, 37408, US"
Big Bacon Classic Triple,8.59,"1,220","3104 S. Broad St., Chattanooga, TN, 37408, US"
Bacon Double Stack,3.29,440,"3104 S. Broad St., Chattanooga, TN, 37408, US"
Jr. Bacon Cheeseburger,2.69,370,"3104 S. Broad St., Chattanooga, TN, 37408, US"
Jr. Cheeseburger Deluxe,2.19,340,"3104 S. Broad St., Chattanooga, TN, 37408, US"
Jr. Cheeseburger,1.59,290,"3104 S. Broad St., Chattanooga, TN, 37408, US"
Double Stack™,2.69,410,"3104 S. Broad St., Chattanooga, TN, 37408, US"
Jr. Hamburger,1.39,250,"3104 S. Broad St., Chattanooga, TN, 37408, US"
French Fries,1.69-3.59,210-470,"3104 S. Broad St., Chattanooga, TN, 37408, US"
Baconator Fries,3.69,460,"3104 S. Broad St., Chattanooga, TN, 37408, US"
Chili Cheese Fries,3.69,520,"3104 S. Broad St., Chattanooga, TN, 37408, US"
Cheese Fries,3.29,470,"3104 S. Broad St., Chattanooga, TN, 37408, US"
Family Chili,10.99,"1,100","3104 S. Broad St., Chattanooga, TN, 37408, US"
Chili,2.39/3.19,240/340,"3104 S. Broad St., Chattanooga, TN, 37408, US"
Sour Cream and Chive Baked Potato,2.59,310,"3104 S. Broad St., Chattanooga, TN, 37408, US"
Plain Baked Potato,2.39,270,"3104 S. Broad St., Chattanooga, TN, 37408, US"
Bacon Cheese Baked Potato,4.29,440,"3104 S. Broad St., Chattanooga, TN, 37408, US"
Chili & Cheese Baked Potato,4.29,500,"3104 S. Broad St., Chattanooga, TN, 37408, US"
Cheese Baked Potato,3.89,450,"3104 S. Broad St., Chattanooga, TN, 37408, US"
Apple Bites,0.99,35,"3104 S. Broad St., Chattanooga, TN, 37408, US"
6 PC. Crispy Chicken Nuggets,3.60,270,"3104 S. Broad St., Chattanooga, TN, 37408, US"
4 PC. Crispy Chicken Nuggets,3.00,180,"3104 S. Broad St., Chattanooga, TN, 37408, US"
6 PC. Spicy Chicken Nuggets,3.60,280,"3104 S. Broad St., Chattanooga, TN, 37408, US"
4 PC. Spicy Chicken Nuggets,3.00,190,"3104 S. Broad St., Chattanooga, TN, 37408, US"
Pretzel Baconator®,8.49,"1,050","4535 Highway 58, Chattanooga, TN, 37416, US"
Dave's Single®,5.99,590,"4535 Highway 58, Chattanooga, TN, 37416, US"
Dave's Double®,7.19,860,"4535 Highway 58, Chattanooga, TN, 37416, US"
Dave's Triple®,7.69,"1,160","4535 Highway 58, Chattanooga, TN, 37416, US"
Baconator®,7.49,960,"4535 Highway 58, Chattanooga, TN, 37416, US"
Son of Baconator®,5.79,630,"4535 Highway 58, Chattanooga, TN, 37416, US"
Big Bacon Classic®,6.59,650,"4535 Highway 58, Chattanooga, TN, 37416, US"
Big Bacon Classic® Double,7.59,910,"4535 Highway 58, Chattanooga, TN, 37416, US"
Big Bacon Classic Triple,8.59,"1,220","4535 Highway 58, Chattanooga, TN, 37416, US"
Bacon Double Stack,3.29,440,"4535 Highway 58, Chattanooga, TN, 37416, US"
Jr. Bacon Cheeseburger,2.69,370,"4535 Highway 58, Chattanooga, TN, 37416, US"
Jr. Cheeseburger Deluxe,2.19,340,"4535 Highway 58, Chattanooga, TN, 37416, US"
Jr. Cheeseburger,1.59,290,"4535 Highway 58, Chattanooga, TN, 37416, US"
Double Stack™,2.69,410,"4535 Highway 58, Chattanooga, TN, 37416, US"
Jr. Hamburger,1.39,250,"4535 Highway 58, Chattanooga, TN, 37416, US"
French Fries,1.69-3.59,210-470,"4535 Highway 58, Chattanooga, TN, 37416, US"
Baconator Fries,3.69,460,"4535 Highway 58, Chattanooga, TN, 37416, US"
Chili Cheese Fries,3.69,520,"4535 Highway 58, Chattanooga, TN, 37416, US"
Cheese Fries,3.29,470,"4535 Highway 58, Chattanooga, TN, 37416, US"
Family Chili,10.99,"1,100","4535 Highway 58, Chattanooga, TN, 37416, US"
Chili,2.39/3.19,240/340,"4535 Highway 58, Chattanooga, TN, 37416, US"
Sour Cream and Chive Baked Potato,2.59,310,"4535 Highway 58, Chattanooga, TN, 37416, US"
Plain Baked Potato,2.39,270,"4535 Highway 58, Chattanooga, TN, 37416, US"
Bacon Cheese Baked Potato,4.29,440,"4535 Highway 58, Chattanooga, TN, 37416, US"
Chili & Cheese Baked Potato,4.29,500,"4535 Highway 58, Chattanooga, TN, 37416, US"
Cheese Baked Potato,3.89,450,"4535 Highway 58, Chattanooga, TN, 37416, US"
Apple Bites,0.99,35,"4535 Highway 58, Chattanooga, TN, 37416, US"
6 PC. Crispy Chicken Nuggets,3.60,270,"4535 Highway 58, Chattanooga, TN, 37416, US"
4 PC. Crispy Chicken Nuggets,3.00,180,"4535 Highway 58, Chattanooga, TN, 37416, US"
6 PC. Spicy Chicken Nuggets,3.60,280,"4535 Highway 58, Chattanooga, TN, 37416, US"
4 PC. Spicy Chicken Nuggets,3.00,190,"4535 Highway 58, Chattanooga, TN, 37416, US"
Pretzel Baconator®,8.69,"1,050","1315 Memorial Blvd., Murfreesboro, TN, 37129, US"
Dave's Single®,5.89,590,"1315 Memorial Blvd., Murfreesboro, TN, 37129, US"
Dave's Double®,6.89,860,"1315 Memorial Blvd., Murfreesboro, TN, 37129, US"
Dave's Triple®,7.89,"1,160","1315 Memorial Blvd., Murfreesboro, TN, 37129, US"
Baconator®,7.69,960,"1315 Memorial Blvd., Murfreesboro, TN, 37129, US"
Son of Baconator®,5.99,630,"1315 Memorial Blvd., Murfreesboro, TN, 37129, US"
Big Bacon Classic®,6.39,650,"1315 Memorial Blvd., Murfreesboro, TN, 37129, US"
Big Bacon Classic® Double,7.39,910,"1315 Memorial Blvd., Murfreesboro, TN, 37129, US"
Big Bacon Classic Triple,8.39,"1,220","1315 Memorial Blvd., Murfreesboro, TN, 37129, US"
Bacon Double Stack,3.69,440,"1315 Memorial Blvd., Murfreesboro, TN, 37129, US"
Jr. Bacon Cheeseburger,3.19,370,"1315 Memorial Blvd., Murfreesboro, TN, 37129, US"
Jr. Cheeseburger Deluxe,2.49,340,"1315 Memorial Blvd., Murfreesboro, TN, 37129, US"
Jr. Cheeseburger,1.99,290,"1315 Memorial Blvd., Murfreesboro, TN, 37129, US"
Double Stack™,3.19,410,"1315 Memorial Blvd., Murfreesboro, TN, 37129, US"
Jr. Hamburger,1.59,250,"1315 Memorial Blvd., Murfreesboro, TN, 37129, US"
French Fries,1.69-2.99,210-470,"1315 Memorial Blvd., Murfreesboro, TN, 37129, US"
Baconator Fries,3.69,460,"1315 Memorial Blvd., Murfreesboro, TN, 37129, US"
Chili Cheese Fries,3.69,520,"1315 Memorial Blvd., Murfreesboro, TN, 37129, US"
Cheese Fries,2.69,470,"1315 Memorial Blvd., Murfreesboro, TN, 37129, US"
Chili,2.99/3.89,240/340,"1315 Memorial Blvd., Murfreesboro, TN, 37129, US"
Sour Cream and Chive Baked Potato,2.69,310,"1315 Memorial Blvd., Murfreesboro, TN, 37129, US"
Plain Baked Potato,2.49,270,"1315 Memorial Blvd., Murfreesboro, TN, 37129, US"
Bacon Cheese Baked Potato,4.19,440,"1315 Memorial Blvd., Murfreesboro, TN, 37129, US"
Chili & Cheese Baked Potato,4.19,500,"1315 Memorial Blvd., Murfreesboro, TN, 37129, US"
Cheese Baked Potato,3.69,450,"1315 Memorial Blvd., Murfreesboro, TN, 37129, US"
Apple Bites,1.59,35,"1315 Memorial Blvd., Murfreesboro, TN, 37129, US"
6 PC. Crispy Chicken Nuggets,2.99,270,"1315 Memorial Blvd., Murfreesboro, TN, 37129, US"
4 PC. Crispy Chicken Nuggets,1.99,180,"1315 Memorial Blvd., Murfreesboro, TN, 37129, US"
6 PC. Spicy Chicken Nuggets,2.99,280,"1315 Memorial Blvd., Murfreesboro, TN, 37129, US"
4 PC. Spicy Chicken Nuggets,1.99,190,"1315 Memorial Blvd., Murfreesboro, TN, 37129, US"
Pretzel Baconator®,8.69,"1,050","1905 S Church Street, Murfreesboro, TN, 37130, US"
Dave's Single®,5.89,590,"1905 S Church Street, Murfreesboro, TN, 37130, US"
Dave's Double®,6.89,860,"1905 S Church Street, Murfreesboro, TN, 37130, US"
Dave's Triple®,7.89,"1,160","1905 S Church Street, Murfreesboro, TN, 37130, US"
Baconator®,7.69,960,"1905 S Church Street, Murfreesboro, TN, 37130, US"
Son of Baconator®,5.99,630,"1905 S Church Street, Murfreesboro, TN, 37130, US"
Big Bacon Classic®,6.39,650,"1905 S Church Street, Murfreesboro, TN, 37130, US"
Big Bacon Classic® Double,7.39,910,"1905 S Church Street, Murfreesboro, TN, 37130, US"
Big Bacon Classic Triple,8.39,"1,220","1905 S Church Street, Murfreesboro, TN, 37130, US"
Bacon Double Stack,3.69,440,"1905 S Church Street, Murfreesboro, TN, 37130, US"
Jr. Bacon Cheeseburger,3.19,370,"1905 S Church Street, Murfreesboro, TN, 37130, US"
Jr. Cheeseburger Deluxe,2.49,340,"1905 S Church Street, Murfreesboro, TN, 37130, US"
Jr. Cheeseburger,1.99,290,"1905 S Church Street, Murfreesboro, TN, 37130, US"
Double Stack™,3.19,410,"1905 S Church Street, Murfreesboro, TN, 37130, US"
Jr. Hamburger,1.59,250,"1905 S Church Street, Murfreesboro, TN, 37130, US"
French Fries,1.69-2.99,210-470,"1905 S Church Street, Murfreesboro, TN, 37130, US"
Baconator Fries,3.69,460,"1905 S Church Street, Murfreesboro, TN, 37130, US"
Chili Cheese Fries,3.69,520,"1905 S Church Street, Murfreesboro, TN, 37130, US"
Cheese Fries,2.69,470,"1905 S Church Street, Murfreesboro, TN, 37130, US"
Family Chili,17.99,"1,100","1905 S Church Street, Murfreesboro, TN, 37130, US"
Chili,2.99/3.89,240/340,"1905 S Church Street, Murfreesboro, TN, 37130, US"
Sour Cream and Chive Baked Potato,2.69,310,"1905 S Church Street, Murfreesboro, TN, 37130, US"
Plain Baked Potato,2.49,270,"1905 S Church Street, Murfreesboro, TN, 37130, US"
Bacon Cheese Baked Potato,4.19,440,"1905 S Church Street, Murfreesboro, TN, 37130, US"
Chili & Cheese Baked Potato,4.19,500,"1905 S Church Street, Murfreesboro, TN, 37130, US"
Cheese Baked Potato,3.69,450,"1905 S Church Street, Murfreesboro, TN, 37130, US"
Apple Bites,1.59,35,"1905 S Church Street, Murfreesboro, TN, 37130, US"
6 PC. Crispy Chicken Nuggets,2.99,270,"1905 S Church Street, Murfreesboro, TN, 37130, US"
4 PC. Crispy Chicken Nuggets,1.99,180,"1905 S Church Street, Murfreesboro, TN, 37130, US"
6 PC. Spicy Chicken Nuggets,2.99,280,"1905 S Church Street, Murfreesboro, TN, 37130, US"
4 PC. Spicy Chicken Nuggets,1.99,190,"1905 S Church Street, Murfreesboro, TN, 37130, US"
Pretzel Baconator®,8.69,"1,050","1621 Middle Tennessee Boulevard, Murfreesboro, TN, 37130, US"
Dave's Single®,5.89,590,"1621 Middle Tennessee Boulevard, Murfreesboro, TN, 37130, US"
Dave's Double®,6.89,860,"1621 Middle Tennessee Boulevard, Murfreesboro, TN, 37130, US"
Dave's Triple®,7.89,"1,160","1621 Middle Tennessee Boulevard, Murfreesboro, TN, 37130, US"
Baconator®,7.69,960,"1621 Middle Tennessee Boulevard, Murfreesboro, TN, 37130, US"
Son of Baconator®,5.99,630,"1621 Middle Tennessee Boulevard, Murfreesboro, TN, 37130, US"
Big Bacon Classic®,6.39,650,"1621 Middle Tennessee Boulevard, Murfreesboro, TN, 37130, US"
Big Bacon Classic® Double,7.39,910,"1621 Middle Tennessee Boulevard, Murfreesboro, TN, 37130, US"
Big Bacon Classic Triple,8.39,"1,220","1621 Middle Tennessee Boulevard, Murfreesboro, TN, 37130, US"
Bacon Double Stack,3.69,440,"1621 Middle Tennessee Boulevard, Murfreesboro, TN, 37130, US"
Jr. Bacon Cheeseburger,3.19,370,"1621 Middle Tennessee Boulevard, Murfreesboro, TN, 37130, US"
Jr. Cheeseburger Deluxe,2.49,340,"1621 Middle Tennessee Boulevard, Murfreesboro, TN, 37130, US"
Jr. Cheeseburger,1.99,290,"1621 Middle Tennessee Boulevard, Murfreesboro, TN, 37130, US"
Double Stack™,3.19,410,"1621 Middle Tennessee Boulevard, Murfreesboro, TN, 37130, US"
Jr. Hamburger,1.59,250,"1621 Middle Tennessee Boulevard, Murfreesboro, TN, 37130, US"
French Fries,1.69-2.99,210-470,"1621 Middle Tennessee Boulevard, Murfreesboro, TN, 37130, US"
Baconator Fries,3.69,460,"1621 Middle Tennessee Boulevard, Murfreesboro, TN, 37130, US"
Chili Cheese Fries,3.69,520,"1621 Middle Tennessee Boulevard, Murfreesboro, TN, 37130, US"
Cheese Fries,2.69,470,"1621 Middle Tennessee Boulevard, Murfreesboro, TN, 37130, US"
Family Chili,17.99,"1,100","1621 Middle Tennessee Boulevard, Murfreesboro, TN, 37130, US"
Chili,2.99/3.89,240/340,"1621 Middle Tennessee Boulevard, Murfreesboro, TN, 37130, US"
Sour Cream and Chive Baked Potato,2.69,310,"1621 Middle Tennessee Boulevard, Murfreesboro, TN, 37130, US"
Plain Baked Potato,2.49,270,"1621 Middle Tennessee Boulevard, Murfreesboro, TN, 37130, US"
Bacon Cheese Baked Potato,4.19,440,"1621 Middle Tennessee Boulevard, Murfreesboro, TN, 37130, US"
Chili & Cheese Baked Potato,4.19,500,"1621 Middle Tennessee Boulevard, Murfreesboro, TN, 37130, US"
Cheese Baked Potato,3.69,450,"1621 Middle Tennessee Boulevard, Murfreesboro, TN, 37130, US"
Apple Bites,1.59,35,"1621 Middle Tennessee Boulevard, Murfreesboro, TN, 37130, US"
6 PC. Crispy Chicken Nuggets,2.99,270,"1621 Middle Tennessee Boulevard, Murfreesboro, TN, 37130, US"
4 PC. Crispy Chicken Nuggets,1.99,180,"1621 Middle Tennessee Boulevard, Murfreesboro, TN, 37130, US"
6 PC. Spicy Chicken Nuggets,2.99,280,"1621 Middle Tennessee Boulevard, Murfreesboro, TN, 37130, US"
4 PC. Spicy Chicken Nuggets,1.99,190,"1621 Middle Tennessee Boulevard, Murfreesboro, TN, 37130, US"
Pretzel Baconator®,8.49,"1,050","928 Dolly Parton Parkway, Sevierville, TN, 37862, US"
Dave's Single®,5.99,590,"928 Dolly Parton Parkway, Sevierville, TN, 37862, US"
Dave's Double®,6.99,860,"928 Dolly Parton Parkway, Sevierville, TN, 37862, US"
Dave's Triple®,7.69,"1,160","928 Dolly Parton Parkway, Sevierville, TN, 37862, US"
Baconator®,7.49,960,"928 Dolly Parton Parkway, Sevierville, TN, 37862, US"
Son of Baconator®,5.79,630,"928 Dolly Parton Parkway, Sevierville, TN, 37862, US"
Big Bacon Classic®,6.59,650,"928 Dolly Parton Parkway, Sevierville, TN, 37862, US"
Big Bacon Classic® Double,7.59,920,"928 Dolly Parton Parkway, Sevierville, TN, 37862, US"
Big Bacon Classic Triple,8.59,"1,220","928 Dolly Parton Parkway, Sevierville, TN, 37862, US"
Bacon Double Stack,3.29,440,"928 Dolly Parton Parkway, Sevierville, TN, 37862, US"
Jr. Bacon Cheeseburger,2.69,370,"928 Dolly Parton Parkway, Sevierville, TN, 37862, US"
Jr. Cheeseburger Deluxe,2.19,340,"928 Dolly Parton Parkway, Sevierville, TN, 37862, US"
Jr. Cheeseburger Deluxe,2.19,350,"928 Dolly Parton Parkway, Sevierville, TN, 37862, US"
Jr. Cheeseburger,1.59,290,"928 Dolly Parton Parkway, Sevierville, TN, 37862, US"
Double Stack™,2.69,410,"928 Dolly Parton Parkway, Sevierville, TN, 37862, US"
Jr. Hamburger,1.39,250,"928 Dolly Parton Parkway, Sevierville, TN, 37862, US"
French Fries,1.69-3.59,210-470,"928 Dolly Parton Parkway, Sevierville, TN, 37862, US"
Baconator Fries,3.69,460,"928 Dolly Parton Parkway, Sevierville, TN, 37862, US"
Chili Cheese Fries,3.69,520,"928 Dolly Parton Parkway, Sevierville, TN, 37862, US"
Cheese Fries,3.29,470,"928 Dolly Parton Parkway, Sevierville, TN, 37862, US"
Chili,2.39/3.19,240/340,"928 Dolly Parton Parkway, Sevierville, TN, 37862, US"
Sour Cream and Chive Baked Potato,2.59,310,"928 Dolly Parton Parkway, Sevierville, TN, 37862, US"
Plain Baked Potato,2.39,270,"928 Dolly Parton Parkway, Sevierville, TN, 37862, US"
Bacon Cheese Baked Potato,4.29,440,"928 Dolly Parton Parkway, Sevierville, TN, 37862, US"
Chili & Cheese Baked Potato,4.29,500,"928 Dolly Parton Parkway, Sevierville, TN, 37862, US"
Cheese Baked Potato,3.89,450,"928 Dolly Parton Parkway, Sevierville, TN, 37862, US"
Apple Bites,0.99,35,"928 Dolly Parton Parkway, Sevierville, TN, 37862, US"
6 PC. Crispy Chicken Nuggets,3.60,270,"928 Dolly Parton Parkway, Sevierville, TN, 37862, US"
4 PC. Crispy Chicken Nuggets,3.00,180,"928 Dolly Parton Parkway, Sevierville, TN, 37862, US"
6 PC. Spicy Chicken Nuggets,3.60,280,"928 Dolly Parton Parkway, Sevierville, TN, 37862, US"
4 PC. Spicy Chicken Nuggets,3.00,190,"928 Dolly Parton Parkway, Sevierville, TN, 37862, US"
Pretzel Baconator®,9.39,"1,050","315 Washington Street, Memphis, TN, 38103, US"
Dave's Single®,5.59,590,"315 Washington Street, Memphis, TN, 38103, US"
Dave's Double®,7.09,860,"315 Washington Street, Memphis, TN, 38103, US"
Dave's Triple®,8.79,"1,160","315 Washington Street, Memphis, TN, 38103, US"
Baconator®,8.39,960,"315 Washington Street, Memphis, TN, 38103, US"
Son of Baconator®,6.49,630,"315 Washington Street, Memphis, TN, 38103, US"
Big Bacon Classic®,6.49,650,"315 Washington Street, Memphis, TN, 38103, US"
Big Bacon Classic® Double,8.19,910,"315 Washington Street, Memphis, TN, 38103, US"
Big Bacon Classic Triple,9.89,"1,220","315 Washington Street, Memphis, TN, 38103, US"
Bacon Double Stack,4.09,440,"315 Washington Street, Memphis, TN, 38103, US"
Jr. Bacon Cheeseburger,3.19,370,"315 Washington Street, Memphis, TN, 38103, US"
Jr. Cheeseburger Deluxe,2.89,340,"315 Washington Street, Memphis, TN, 38103, US"
Jr. Cheeseburger,2.69,290,"315 Washington Street, Memphis, TN, 38103, US"
Double Stack™,3.49,410,"315 Washington Street, Memphis, TN, 38103, US"
Jr. Hamburger,2.29,250,"315 Washington Street, Memphis, TN, 38103, US"
French Fries,1.49-3.59,210-470,"315 Washington Street, Memphis, TN, 38103, US"
Baconator Fries,3.79,460,"315 Washington Street, Memphis, TN, 38103, US"
Chili Cheese Fries,3.99,520,"315 Washington Street, Memphis, TN, 38103, US"
Cheese Fries,3.39,470,"315 Washington Street, Memphis, TN, 38103, US"
Family Chili,15.99,"1,100","315 Washington Street, Memphis, TN, 38103, US"
Chili,2.99/3.99,240/340,"315 Washington Street, Memphis, TN, 38103, US"
Sour Cream and Chive Baked Potato,2.89,310,"315 Washington Street, Memphis, TN, 38103, US"
Plain Baked Potato,2.79,270,"315 Washington Street, Memphis, TN, 38103, US"
Bacon Cheese Baked Potato,4.49,440,"315 Washington Street, Memphis, TN, 38103, US"
Chili & Cheese Baked Potato,4.49,500,"315 Washington Street, Memphis, TN, 38103, US"
Cheese Baked Potato,3.99,450,"315 Washington Street, Memphis, TN, 38103, US"
Apple Bites,1.79,35,"315 Washington Street, Memphis, TN, 38103, US"
6 PC. Crispy Chicken Nuggets,3.39,270,"315 Washington Street, Memphis, TN, 38103, US"
4 PC. Crispy Chicken Nuggets,2.59,180,"315 Washington Street, Memphis, TN, 38103, US"
6 PC. Spicy Chicken Nuggets,3.39,280,"315 Washington Street, Memphis, TN, 38103, US"
4 PC. Spicy Chicken Nuggets,2.59,190,"315 Washington Street, Memphis, TN, 38103, US"
Pretzel Baconator®,8.99,"1,050","1313 Murfreesboro Road, Franklin, TN, 37067, US"
Dave's Single®,5.89,590,"1313 Murfreesboro Road, Franklin, TN, 37067, US"
Dave's Double®,7.19,860,"1313 Murfreesboro Road, Franklin, TN, 37067, US"
Dave's Triple®,8.49,"1,160","1313 Murfreesboro Road, Franklin, TN, 37067, US"
Baconator®,8.19,960,"1313 Murfreesboro Road, Franklin, TN, 37067, US"
Son of Baconator®,5.69,630,"1313 Murfreesboro Road, Franklin, TN, 37067, US"
Big Bacon Classic®,6.59,650,"1313 Murfreesboro Road, Franklin, TN, 37067, US"
Big Bacon Classic® Double,7.89,910,"1313 Murfreesboro Road, Franklin, TN, 37067, US"
Big Bacon Classic Triple,9.19,"1,220","1313 Murfreesboro Road, Franklin, TN, 37067, US"
Bacon Double Stack,4.99,440,"1313 Murfreesboro Road, Franklin, TN, 37067, US"
Jr. Bacon Cheeseburger,3.29,370,"1313 Murfreesboro Road, Franklin, TN, 37067, US"
Jr. Cheeseburger Deluxe,2.59,340,"1313 Murfreesboro Road, Franklin, TN, 37067, US"
Jr. Cheeseburger,2.19,290,"1313 Murfreesboro Road, Franklin, TN, 37067, US"
Double Stack™,3.49,410,"1313 Murfreesboro Road, Franklin, TN, 37067, US"
Jr. Hamburger,1.89,250,"1313 Murfreesboro Road, Franklin, TN, 37067, US"
French Fries,1.69-3.49,210-470,"1313 Murfreesboro Road, Franklin, TN, 37067, US"
Baconator Fries,3.99,460,"1313 Murfreesboro Road, Franklin, TN, 37067, US"
Chili Cheese Fries,3.99,520,"1313 Murfreesboro Road, Franklin, TN, 37067, US"
Cheese Fries,3.79,470,"1313 Murfreesboro Road, Franklin, TN, 37067, US"
Family Chili,15.99,"1,100","1313 Murfreesboro Road, Franklin, TN, 37067, US"
Chili,3.19/3.89,240/340,"1313 Murfreesboro Road, Franklin, TN, 37067, US"
Sour Cream and Chive Baked Potato,2.99,310,"1313 Murfreesboro Road, Franklin, TN, 37067, US"
Plain Baked Potato,2.79,270,"1313 Murfreesboro Road, Franklin, TN, 37067, US"
Bacon Cheese Baked Potato,4.49,440,"1313 Murfreesboro Road, Franklin, TN, 37067, US"
Chili & Cheese Baked Potato,4.49,500,"1313 Murfreesboro Road, Franklin, TN, 37067, US"
Cheese Baked Potato,4.29,450,"1313 Murfreesboro Road, Franklin, TN, 37067, US"
Apple Bites,1.99,35,"1313 Murfreesboro Road, Franklin, TN, 37067, US"
6 PC. Crispy Chicken Nuggets,3.19,270,"1313 Murfreesboro Road, Franklin, TN, 37067, US"
4 PC. Crispy Chicken Nuggets,2.19,180,"1313 Murfreesboro Road, Franklin, TN, 37067, US"
6 PC. Spicy Chicken Nuggets,3.19,280,"1313 Murfreesboro Road, Franklin, TN, 37067, US"
4 PC. Spicy Chicken Nuggets,2.19,190,"1313 Murfreesboro Road, Franklin, TN, 37067, US"
Pretzel Baconator®,9.49,"1,050","12201 San Pablo Avenue, Richmond, CA, 94805, US"
Dave's Single®,6.49,590,"12201 San Pablo Avenue, Richmond, CA, 94805, US"
Dave's Double®,7.69,860,"12201 San Pablo Avenue, Richmond, CA, 94805, US"
Dave's Triple®,8.89,"1,160","12201 San Pablo Avenue, Richmond, CA, 94805, US"
Baconator®,8.59,960,"12201 San Pablo Avenue, Richmond, CA, 94805, US"
Son of Baconator®,7.19,630,"12201 San Pablo Avenue, Richmond, CA, 94805, US"
Big Bacon Classic®,7.19,650,"12201 San Pablo Avenue, Richmond, CA, 94805, US"
Big Bacon Classic® Double,8.39,920,"12201 San Pablo Avenue, Richmond, CA, 94805, US"
Big Bacon Classic Triple,9.59,"1,220","12201 San Pablo Avenue, Richmond, CA, 94805, US"
Bacon Double Stack,3.39,440,"12201 San Pablo Avenue, Richmond, CA, 94805, US"
Jr. Bacon Cheeseburger,2.99,370,"12201 San Pablo Avenue, Richmond, CA, 94805, US"
Jr. Cheeseburger Deluxe,2.79,350,"12201 San Pablo Avenue, Richmond, CA, 94805, US"
Jr. Cheeseburger,2.49,290,"12201 San Pablo Avenue, Richmond, CA, 94805, US"
Double Stack™,2.99,410,"12201 San Pablo Avenue, Richmond, CA, 94805, US"
Jr. Hamburger,2.19,250,"12201 San Pablo Avenue, Richmond, CA, 94805, US"
French Fries,2.19-3.49,210-470,"12201 San Pablo Avenue, Richmond, CA, 94805, US"
Baconator Fries,2.99,460,"12201 San Pablo Avenue, Richmond, CA, 94805, US"
Chili Cheese Fries,2.99,520,"12201 San Pablo Avenue, Richmond, CA, 94805, US"
Cheese Fries,2.79,470,"12201 San Pablo Avenue, Richmond, CA, 94805, US"
Chili,3.19/3.89,240/340,"12201 San Pablo Avenue, Richmond, CA, 94805, US"
Sour Cream and Chive Baked Potato,2.99,310,"12201 San Pablo Avenue, Richmond, CA, 94805, US"
Plain Baked Potato,2.69,270,"12201 San Pablo Avenue, Richmond, CA, 94805, US"
Bacon Cheese Baked Potato,4.19,440,"12201 San Pablo Avenue, Richmond, CA, 94805, US"
Chili & Cheese Baked Potato,4.19,500,"12201 San Pablo Avenue, Richmond, CA, 94805, US"
Cheese Baked Potato,3.49,450,"12201 San Pablo Avenue, Richmond, CA, 94805, US"
Apple Bites,0.99,35,"12201 San Pablo Avenue, Richmond, CA, 94805, US"
6 PC. Crispy Chicken Nuggets,3.29,270,"12201 San Pablo Avenue, Richmond, CA, 94805, US"
4 PC. Crispy Chicken Nuggets,2.69,180,"12201 San Pablo Avenue, Richmond, CA, 94805, US"
6 PC. Spicy Chicken Nuggets,3.29,280,"12201 San Pablo Avenue, Richmond, CA, 94805, US"
4 PC. Spicy Chicken Nuggets,2.69,190,"12201 San Pablo Avenue, Richmond, CA, 94805, US"
Pretzel Baconator®,9.29,"1,050","2422 EAST SOUTHCROSS BLVD., SAN ANTONIO, TX, 78223, US"
Dave's Single®,5.59,590,"2422 EAST SOUTHCROSS BLVD., SAN ANTONIO, TX, 78223, US"
Dave's Double®,6.59,860,"2422 EAST SOUTHCROSS BLVD., SAN ANTONIO, TX, 78223, US"
Dave's Triple®,8.19,"1,160","2422 EAST SOUTHCROSS BLVD., SAN ANTONIO, TX, 78223, US"
Baconator®,8.29,960,"2422 EAST SOUTHCROSS BLVD., SAN ANTONIO, TX, 78223, US"
Son of Baconator®,6.49,630,"2422 EAST SOUTHCROSS BLVD., SAN ANTONIO, TX, 78223, US"
Big Bacon Classic®,6.89,650,"2422 EAST SOUTHCROSS BLVD., SAN ANTONIO, TX, 78223, US"
Big Bacon Classic® Double,7.99,920,"2422 EAST SOUTHCROSS BLVD., SAN ANTONIO, TX, 78223, US"
Big Bacon Classic Triple,9.49,"1,220","2422 EAST SOUTHCROSS BLVD., SAN ANTONIO, TX, 78223, US"
Bacon Double Stack,4.29,440,"2422 EAST SOUTHCROSS BLVD., SAN ANTONIO, TX, 78223, US"
Jr. Bacon Cheeseburger,3.39,370,"2422 EAST SOUTHCROSS BLVD., SAN ANTONIO, TX, 78223, US"
Jr. Cheeseburger Deluxe,3.19,350,"2422 EAST SOUTHCROSS BLVD., SAN ANTONIO, TX, 78223, US"
Jr. Cheeseburger,2.59,290,"2422 EAST SOUTHCROSS BLVD., SAN ANTONIO, TX, 78223, US"
Double Stack™,3.59,410,"2422 EAST SOUTHCROSS BLVD., SAN ANTONIO, TX, 78223, US"
Jr. Hamburger,2.19,250,"2422 EAST SOUTHCROSS BLVD., SAN ANTONIO, TX, 78223, US"
Texas Double Cheeseburger,3.49,410,"2422 EAST SOUTHCROSS BLVD., SAN ANTONIO, TX, 78223, US"
French Fries,1.79-3.59,210-470,"2422 EAST SOUTHCROSS BLVD., SAN ANTONIO, TX, 78223, US"
Baconator Fries,4.39,460,"2422 EAST SOUTHCROSS BLVD., SAN ANTONIO, TX, 78223, US"
Chili Cheese Fries,4.19,520,"2422 EAST SOUTHCROSS BLVD., SAN ANTONIO, TX, 78223, US"
Cheese Fries,3.49,470,"2422 EAST SOUTHCROSS BLVD., SAN ANTONIO, TX, 78223, US"
Chili,3.19/4.29,240/340,"2422 EAST SOUTHCROSS BLVD., SAN ANTONIO, TX, 78223, US"
Sour Cream and Chive Baked Potato,3.19,310,"2422 EAST SOUTHCROSS BLVD., SAN ANTONIO, TX, 78223, US"
Plain Baked Potato,2.99,270,"2422 EAST SOUTHCROSS BLVD., SAN ANTONIO, TX, 78223, US"
Bacon Cheese Baked Potato,4.49,440,"2422 EAST SOUTHCROSS BLVD., SAN ANTONIO, TX, 78223, US"
Chili & Cheese Baked Potato,4.29,500,"2422 EAST SOUTHCROSS BLVD., SAN ANTONIO, TX, 78223, US"
Cheese Baked Potato,3.89,450,"2422 EAST SOUTHCROSS BLVD., SAN ANTONIO, TX, 78223, US"
Apple Bites,1.79,35,"2422 EAST SOUTHCROSS BLVD., SAN ANTONIO, TX, 78223, US"
6 PC. Crispy Chicken Nuggets,2.99,270,"2422 EAST SOUTHCROSS BLVD., SAN ANTONIO, TX, 78223, US"
4 PC. Crispy Chicken Nuggets,2.19,180,"2422 EAST SOUTHCROSS BLVD., SAN ANTONIO, TX, 78223, US"
6 PC. Spicy Chicken Nuggets,2.99,280,"2422 EAST SOUTHCROSS BLVD., SAN ANTONIO, TX, 78223, US"
4 PC. Spicy Chicken Nuggets,2.19,190,"2422 EAST SOUTHCROSS BLVD., SAN ANTONIO, TX, 78223, US"
Pretzel Baconator®,7.99,"1,050","1810, Pearland, TX, 77581, US"
Dave's Single®,5.69,590,"1810, Pearland, TX, 77581, US"
Dave's Double®,6.69,860,"1810, Pearland, TX, 77581, US"
Dave's Triple®,7.69,"1,160","1810, Pearland, TX, 77581, US"
Baconator®,7.69,960,"1810, Pearland, TX, 77581, US"
Son of Baconator®,5.99,630,"1810, Pearland, TX, 77581, US"
Big Bacon Classic®,6.69,650,"1810, Pearland, TX, 77581, US"
Big Bacon Classic® Double,7.69,920,"1810, Pearland, TX, 77581, US"
Big Bacon Classic Triple,8.69,"1,220","1810, Pearland, TX, 77581, US"
Bacon Double Stack,3.99,440,"1810, Pearland, TX, 77581, US"
Jr. Bacon Cheeseburger,3.29,370,"1810, Pearland, TX, 77581, US"
Jr. Cheeseburger Deluxe,2.99,350,"1810, Pearland, TX, 77581, US"
Jr. Cheeseburger,2.49,290,"1810, Pearland, TX, 77581, US"
Double Stack™,3.59,410,"1810, Pearland, TX, 77581, US"
Jr. Hamburger,2.19,250,"1810, Pearland, TX, 77581, US"
Texas Double Cheeseburger,3.49,410,"1810, Pearland, TX, 77581, US"
French Fries,1.59-3.49,210-470,"1810, Pearland, TX, 77581, US"
Baconator Fries,3.79,460,"1810, Pearland, TX, 77581, US"
Chili Cheese Fries,3.79,520,"1810, Pearland, TX, 77581, US"
Cheese Fries,3.59,470,"1810, Pearland, TX, 77581, US"
Family Chili,9.99,"1,100","1810, Pearland, TX, 77581, US"
Chili,2.99/3.99,240/340,"1810, Pearland, TX, 77581, US"
Sour Cream and Chive Baked Potato,2.99,310,"1810, Pearland, TX, 77581, US"
Plain Baked Potato,2.79,270,"1810, Pearland, TX, 77581, US"
Bacon Cheese Baked Potato,4.19,440,"1810, Pearland, TX, 77581, US"
Chili & Cheese Baked Potato,4.19,500,"1810, Pearland, TX, 77581, US"
Cheese Baked Potato,3.99,450,"1810, Pearland, TX, 77581, US"
Apple Bites,1.59,35,"1810, Pearland, TX, 77581, US"
6 PC. Crispy Chicken Nuggets,2.99,270,"1810, Pearland, TX, 77581, US"
4 PC. Crispy Chicken Nuggets,2.29,180,"1810, Pearland, TX, 77581, US"
6 PC. Spicy Chicken Nuggets,2.99,280,"1810, Pearland, TX, 77581, US"
4 PC. Spicy Chicken Nuggets,2.29,190,"1810, Pearland, TX, 77581, US"
Pretzel Baconator®,7.99,"1,050","1722 North Main, Pearland, TX, 77581, US"
Dave's Single®,5.69,590,"1722 North Main, Pearland, TX, 77581, US"
Dave's Double®,6.69,860,"1722 North Main, Pearland, TX, 77581, US"
Dave's Triple®,7.69,"1,160","1722 North Main, Pearland, TX, 77581, US"
Baconator®,7.69,960,"1722 North Main, Pearland, TX, 77581, US"
Son of Baconator®,5.99,630,"1722 North Main, Pearland, TX, 77581, US"
Big Bacon Classic®,6.69,650,"1722 North Main, Pearland, TX, 77581, US"
Big Bacon Classic® Double,7.69,920,"1722 North Main, Pearland, TX, 77581, US"
Big Bacon Classic Triple,8.69,"1,220","1722 North Main, Pearland, TX, 77581, US"
Bacon Double Stack,3.99,440,"1722 North Main, Pearland, TX, 77581, US"
Jr. Bacon Cheeseburger,3.29,370,"1722 North Main, Pearland, TX, 77581, US"
Jr. Cheeseburger Deluxe,2.99,350,"1722 North Main, Pearland, TX, 77581, US"
Jr. Cheeseburger,2.49,290,"1722 North Main, Pearland, TX, 77581, US"
Double Stack™,3.59,410,"1722 North Main, Pearland, TX, 77581, US"
Jr. Hamburger,2.19,250,"1722 North Main, Pearland, TX, 77581, US"
Texas Double Cheeseburger,3.49,410,"1722 North Main, Pearland, TX, 77581, US"
French Fries,1.59-3.49,210-470,"1722 North Main, Pearland, TX, 77581, US"
Baconator Fries,3.79,460,"1722 North Main, Pearland, TX, 77581, US"
Chili Cheese Fries,3.79,520,"1722 North Main, Pearland, TX, 77581, US"
Cheese Fries,3.59,470,"1722 North Main, Pearland, TX, 77581, US"
Family Chili,9.99,"1,100","1722 North Main, Pearland, TX, 77581, US"
Chili,2.99/3.99,240/340,"1722 North Main, Pearland, TX, 77581, US"
Sour Cream and Chive Baked Potato,2.99,310,"1722 North Main, Pearland, TX, 77581, US"
Plain Baked Potato,2.79,270,"1722 North Main, Pearland, TX, 77581, US"
Bacon Cheese Baked Potato,4.19,440,"1722 North Main, Pearland, TX, 77581, US"
Chili & Cheese Baked Potato,4.19,500,"1722 North Main, Pearland, TX, 77581, US"
Cheese Baked Potato,3.99,450,"1722 North Main, Pearland, TX, 77581, US"
Apple Bites,1.59,35,"1722 North Main, Pearland, TX, 77581, US"
6 PC. Crispy Chicken Nuggets,2.99,270,"1722 North Main, Pearland, TX, 77581, US"
4 PC. Crispy Chicken Nuggets,2.29,180,"1722 North Main, Pearland, TX, 77581, US"
6 PC. Spicy Chicken Nuggets,2.99,280,"1722 North Main, Pearland, TX, 77581, US"
4 PC. Spicy Chicken Nuggets,2.29,190,"1722 North Main, Pearland, TX, 77581, US"
Pretzel Baconator®,7.99,"1,050","2406 S Main St, Pearland, TX, 77581, US"
Dave's Single®,5.69,590,"2406 S Main St, Pearland, TX, 77581, US"
Dave's Double®,6.69,860,"2406 S Main St, Pearland, TX, 77581, US"
Dave's Triple®,7.69,"1,160","2406 S Main St, Pearland, TX, 77581, US"
Baconator®,7.69,960,"2406 S Main St, Pearland, TX, 77581, US"
Son of Baconator®,5.99,630,"2406 S Main St, Pearland, TX, 77581, US"
Big Bacon Classic®,6.69,650,"2406 S Main St, Pearland, TX, 77581, US"
Big Bacon Classic® Double,7.69,920,"2406 S Main St, Pearland, TX, 77581, US"
Big Bacon Classic Triple,8.69,"1,220","2406 S Main St, Pearland, TX, 77581, US"
Bacon Double Stack,3.99,440,"2406 S Main St, Pearland, TX, 77581, US"
Jr. Bacon Cheeseburger,3.29,370,"2406 S Main St, Pearland, TX, 77581, US"
Jr. Cheeseburger Deluxe,2.99,350,"2406 S Main St, Pearland, TX, 77581, US"
Jr. Cheeseburger,2.49,290,"2406 S Main St, Pearland, TX, 77581, US"
Double Stack™,3.59,410,"2406 S Main St, Pearland, TX, 77581, US"
Jr. Hamburger,2.19,250,"2406 S Main St, Pearland, TX, 77581, US"
Texas Double Cheeseburger,3.49,410,"2406 S Main St, Pearland, TX, 77581, US"
French Fries,1.59-3.49,210-470,"2406 S Main St, Pearland, TX, 77581, US"
Baconator Fries,3.79,460,"2406 S Main St, Pearland, TX, 77581, US"
Chili Cheese Fries,3.79,520,"2406 S Main St, Pearland, TX, 77581, US"
Cheese Fries,3.59,470,"2406 S Main St, Pearland, TX, 77581, US"
Family Chili,9.99,"1,100","2406 S Main St, Pearland, TX, 77581, US"
Chili,2.99/3.99,240/340,"2406 S Main St, Pearland, TX, 77581, US"
Sour Cream and Chive Baked Potato,2.99,310,"2406 S Main St, Pearland, TX, 77581, US"
Plain Baked Potato,2.79,270,"2406 S Main St, Pearland, TX, 77581, US"
Bacon Cheese Baked Potato,4.19,440,"2406 S Main St, Pearland, TX, 77581, US"
Chili & Cheese Baked Potato,4.19,500,"2406 S Main St, Pearland, TX, 77581, US"
Cheese Baked Potato,3.99,450,"2406 S Main St, Pearland, TX, 77581, US"
Apple Bites,1.59,35,"2406 S Main St, Pearland, TX, 77581, US"
6 PC. Crispy Chicken Nuggets,2.99,270,"2406 S Main St, Pearland, TX, 77581, US"
4 PC. Crispy Chicken Nuggets,2.29,180,"2406 S Main St, Pearland, TX, 77581, US"
6 PC. Spicy Chicken Nuggets,2.99,280,"2406 S Main St, Pearland, TX, 77581, US"
4 PC. Spicy Chicken Nuggets,2.29,190,"2406 S Main St, Pearland, TX, 77581, US"
Pretzel Baconator®,7.99,"1,050","3426 Main St Ste 102, Pearland, TX, 77581, US"
Dave's Single®,5.69,590,"3426 Main St Ste 102, Pearland, TX, 77581, US"
Dave's Double®,6.69,860,"3426 Main St Ste 102, Pearland, TX, 77581, US"
Dave's Triple®,7.69,"1,160","3426 Main St Ste 102, Pearland, TX, 77581, US"
Baconator®,7.69,960,"3426 Main St Ste 102, Pearland, TX, 77581, US"
Son of Baconator®,5.99,630,"3426 Main St Ste 102, Pearland, TX, 77581, US"
Big Bacon Classic®,6.69,650,"3426 Main St Ste 102, Pearland, TX, 77581, US"
Big Bacon Classic® Double,7.69,920,"3426 Main St Ste 102, Pearland, TX, 77581, US"
Big Bacon Classic Triple,8.69,"1,220","3426 Main St Ste 102, Pearland, TX, 77581, US"
Bacon Double Stack,3.99,440,"3426 Main St Ste 102, Pearland, TX, 77581, US"
Jr. Bacon Cheeseburger,3.29,370,"3426 Main St Ste 102, Pearland, TX, 77581, US"
Jr. Cheeseburger Deluxe,2.99,350,"3426 Main St Ste 102, Pearland, TX, 77581, US"
Jr. Cheeseburger,2.49,290,"3426 Main St Ste 102, Pearland, TX, 77581, US"
Double Stack™,3.59,410,"3426 Main St Ste 102, Pearland, TX, 77581, US"
Jr. Hamburger,2.19,250,"3426 Main St Ste 102, Pearland, TX, 77581, US"
Texas Double Cheeseburger,3.49,410,"3426 Main St Ste 102, Pearland, TX, 77581, US"
French Fries,1.59-3.49,210-470,"3426 Main St Ste 102, Pearland, TX, 77581, US"
Baconator Fries,3.79,460,"3426 Main St Ste 102, Pearland, TX, 77581, US"
Chili Cheese Fries,3.79,520,"3426 Main St Ste 102, Pearland, TX, 77581, US"
Cheese Fries,3.59,470,"3426 Main St Ste 102, Pearland, TX, 77581, US"
Family Chili,9.99,"1,100","3426 Main St Ste 102, Pearland, TX, 77581, US"
Chili,2.99/3.99,240/340,"3426 Main St Ste 102, Pearland, TX, 77581, US"
Sour Cream and Chive Baked Potato,2.99,310,"3426 Main St Ste 102, Pearland, TX, 77581, US"
Plain Baked Potato,2.79,270,"3426 Main St Ste 102, Pearland, TX, 77581, US"
Bacon Cheese Baked Potato,4.19,440,"3426 Main St Ste 102, Pearland, TX, 77581, US"
Chili & Cheese Baked Potato,4.19,500,"3426 Main St Ste 102, Pearland, TX, 77581, US"
Cheese Baked Potato,3.99,450,"3426 Main St Ste 102, Pearland, TX, 77581, US"
Apple Bites,1.59,35,"3426 Main St Ste 102, Pearland, TX, 77581, US"
6 PC. Crispy Chicken Nuggets,2.99,270,"3426 Main St Ste 102, Pearland, TX, 77581, US"
4 PC. Crispy Chicken Nuggets,2.29,180,"3426 Main St Ste 102, Pearland, TX, 77581, US"
6 PC. Spicy Chicken Nuggets,2.99,280,"3426 Main St Ste 102, Pearland, TX, 77581, US"
4 PC. Spicy Chicken Nuggets,2.29,190,"3426 Main St Ste 102, Pearland, TX, 77581, US"
Pretzel Baconator®,7.99,"1,050","19212 Gulf Fwy, Friendswood, TX, 77546, US"
Dave's Single®,5.69,590,"19212 Gulf Fwy, Friendswood, TX, 77546, US"
Dave's Double®,6.69,860,"19212 Gulf Fwy, Friendswood, TX, 77546, US"
Dave's Triple®,7.69,"1,160","19212 Gulf Fwy, Friendswood, TX, 77546, US"
Baconator®,7.69,960,"19212 Gulf Fwy, Friendswood, TX, 77546, US"
Son of Baconator®,5.99,630,"19212 Gulf Fwy, Friendswood, TX, 77546, US"
Big Bacon Classic®,6.69,650,"19212 Gulf Fwy, Friendswood, TX, 77546, US"
Big Bacon Classic® Double,7.69,920,"19212 Gulf Fwy, Friendswood, TX, 77546, US"
Big Bacon Classic Triple,8.69,"1,220","19212 Gulf Fwy, Friendswood, TX, 77546, US"
Bacon Double Stack,3.99,440,"19212 Gulf Fwy, Friendswood, TX, 77546, US"
Jr. Bacon Cheeseburger,3.29,370,"19212 Gulf Fwy, Friendswood, TX, 77546, US"
Jr. Cheeseburger Deluxe,2.99,340,"19212 Gulf Fwy, Friendswood, TX, 77546, US"
Jr. Cheeseburger Deluxe,2.99,350,"19212 Gulf Fwy, Friendswood, TX, 77546, US"
Jr. Cheeseburger,2.49,290,"19212 Gulf Fwy, Friendswood, TX, 77546, US"
Double Stack™,3.59,410,"19212 Gulf Fwy, Friendswood, TX, 77546, US"
Jr. Hamburger,2.19,250,"19212 Gulf Fwy, Friendswood, TX, 77546, US"
Texas Double Cheeseburger,3.49,410,"19212 Gulf Fwy, Friendswood, TX, 77546, US"
French Fries,1.59-3.49,210-470,"19212 Gulf Fwy, Friendswood, TX, 77546, US"
Baconator Fries,3.79,460,"19212 Gulf Fwy, Friendswood, TX, 77546, US"
Chili Cheese Fries,3.79,520,"19212 Gulf Fwy, Friendswood, TX, 77546, US"
Cheese Fries,3.59,470,"19212 Gulf Fwy, Friendswood, TX, 77546, US"
Family Chili,9.99,"1,100","19212 Gulf Fwy, Friendswood, TX, 77546, US"
Chili,2.99/3.99,240/340,"19212 Gulf Fwy, Friendswood, TX, 77546, US"
Sour Cream and Chive Baked Potato,2.99,310,"19212 Gulf Fwy, Friendswood, TX, 77546, US"
Plain Baked Potato,2.79,270,"19212 Gulf Fwy, Friendswood, TX, 77546, US"
Bacon Cheese Baked Potato,4.19,440,"19212 Gulf Fwy, Friendswood, TX, 77546, US"
Chili & Cheese Baked Potato,4.19,500,"19212 Gulf Fwy, Friendswood, TX, 77546, US"
Cheese Baked Potato,3.99,450,"19212 Gulf Fwy, Friendswood, TX, 77546, US"
Apple Bites,1.59,35,"19212 Gulf Fwy, Friendswood, TX, 77546, US"
6 PC. Crispy Chicken Nuggets,2.99,270,"19212 Gulf Fwy, Friendswood, TX, 77546, US"
4 PC. Crispy Chicken Nuggets,2.29,180,"19212 Gulf Fwy, Friendswood, TX, 77546, US"
6 PC. Spicy Chicken Nuggets,2.99,280,"19212 Gulf Fwy, Friendswood, TX, 77546, US"
4 PC. Spicy Chicken Nuggets,2.29,190,"19212 Gulf Fwy, Friendswood, TX, 77546, US"
Pretzel Baconator®,7.99,"1,050","202 Southwest Pkwy E., College Station, TX, 77840, US"
Dave's Single®,5.69,590,"202 Southwest Pkwy E., College Station, TX, 77840, US"
Dave's Double®,6.69,860,"202 Southwest Pkwy E., College Station, TX, 77840, US"
Dave's Triple®,7.69,"1,160","202 Southwest Pkwy E., College Station, TX, 77840, US"
Baconator®,7.69,960,"202 Southwest Pkwy E., College Station, TX, 77840, US"
Son of Baconator®,5.99,630,"202 Southwest Pkwy E., College Station, TX, 77840, US"
Big Bacon Classic®,6.69,650,"202 Southwest Pkwy E., College Station, TX, 77840, US"
Big Bacon Classic® Double,7.69,920,"202 Southwest Pkwy E., College Station, TX, 77840, US"
Big Bacon Classic Triple,8.69,"1,220","202 Southwest Pkwy E., College Station, TX, 77840, US"
Bacon Double Stack,3.99,440,"202 Southwest Pkwy E., College Station, TX, 77840, US"
Jr. Bacon Cheeseburger,3.29,370,"202 Southwest Pkwy E., College Station, TX, 77840, US"
Jr. Cheeseburger Deluxe,2.99,350,"202 Southwest Pkwy E., College Station, TX, 77840, US"
Jr. Cheeseburger,2.49,290,"202 Southwest Pkwy E., College Station, TX, 77840, US"
Double Stack™,3.59,410,"202 Southwest Pkwy E., College Station, TX, 77840, US"
Jr. Hamburger,2.19,250,"202 Southwest Pkwy E., College Station, TX, 77840, US"
French Fries,1.59-3.49,210-470,"202 Southwest Pkwy E., College Station, TX, 77840, US"
Baconator Fries,3.79,460,"202 Southwest Pkwy E., College Station, TX, 77840, US"
Chili Cheese Fries,3.79,520,"202 Southwest Pkwy E., College Station, TX, 77840, US"
Cheese Fries,3.59,470,"202 Southwest Pkwy E., College Station, TX, 77840, US"
Family Chili,9.99,"1,100","202 Southwest Pkwy E., College Station, TX, 77840, US"
Chili,2.99/3.99,240/340,"202 Southwest Pkwy E., College Station, TX, 77840, US"
Sour Cream and Chive Baked Potato,2.99,310,"202 Southwest Pkwy E., College Station, TX, 77840, US"
Plain Baked Potato,2.79,270,"202 Southwest Pkwy E., College Station, TX, 77840, US"
Bacon Cheese Baked Potato,4.19,440,"202 Southwest Pkwy E., College Station, TX, 77840, US"
Chili & Cheese Baked Potato,4.19,500,"202 Southwest Pkwy E., College Station, TX, 77840, US"
Cheese Baked Potato,3.99,450,"202 Southwest Pkwy E., College Station, TX, 77840, US"
Apple Bites,1.59,35,"202 Southwest Pkwy E., College Station, TX, 77840, US"
6 PC. Crispy Chicken Nuggets,2.99,270,"202 Southwest Pkwy E., College Station, TX, 77840, US"
4 PC. Crispy Chicken Nuggets,2.29,180,"202 Southwest Pkwy E., College Station, TX, 77840, US"
6 PC. Spicy Chicken Nuggets,2.99,280,"202 Southwest Pkwy E., College Station, TX, 77840, US"
4 PC. Spicy Chicken Nuggets,2.29,190,"202 Southwest Pkwy E., College Station, TX, 77840, US"
Pretzel Baconator®,7.99,"1,050","891 Earl Rudder Freeway, Bryan, TX, 77802, US"
Dave's Single®,5.69,590,"891 Earl Rudder Freeway, Bryan, TX, 77802, US"
Dave's Double®,6.69,860,"891 Earl Rudder Freeway, Bryan, TX, 77802, US"
Dave's Triple®,7.69,"1,160","891 Earl Rudder Freeway, Bryan, TX, 77802, US"
Baconator®,7.69,960,"891 Earl Rudder Freeway, Bryan, TX, 77802, US"
Son of Baconator®,5.99,630,"891 Earl Rudder Freeway, Bryan, TX, 77802, US"
Big Bacon Classic®,6.69,650,"891 Earl Rudder Freeway, Bryan, TX, 77802, US"
Big Bacon Classic® Double,7.69,920,"891 Earl Rudder Freeway, Bryan, TX, 77802, US"
Big Bacon Classic Triple,8.69,"1,220","891 Earl Rudder Freeway, Bryan, TX, 77802, US"
Bacon Double Stack,3.99,440,"891 Earl Rudder Freeway, Bryan, TX, 77802, US"
Jr. Bacon Cheeseburger,3.29,370,"891 Earl Rudder Freeway, Bryan, TX, 77802, US"
Jr. Cheeseburger Deluxe,2.99,350,"891 Earl Rudder Freeway, Bryan, TX, 77802, US"
Jr. Cheeseburger,2.49,290,"891 Earl Rudder Freeway, Bryan, TX, 77802, US"
Double Stack™,3.59,410,"891 Earl Rudder Freeway, Bryan, TX, 77802, US"
Jr. Hamburger,2.19,250,"891 Earl Rudder Freeway, Bryan, TX, 77802, US"
French Fries,1.59-3.49,210-470,"891 Earl Rudder Freeway, Bryan, TX, 77802, US"
Baconator Fries,3.79,460,"891 Earl Rudder Freeway, Bryan, TX, 77802, US"
Chili Cheese Fries,3.79,520,"891 Earl Rudder Freeway, Bryan, TX, 77802, US"
Cheese Fries,3.59,470,"891 Earl Rudder Freeway, Bryan, TX, 77802, US"
Family Chili,9.99,"1,100","891 Earl Rudder Freeway, Bryan, TX, 77802, US"
Chili,2.99/3.99,240/340,"891 Earl Rudder Freeway, Bryan, TX, 77802, US"
Sour Cream and Chive Baked Potato,2.99,310,"891 Earl Rudder Freeway, Bryan, TX, 77802, US"
Plain Baked Potato,2.79,270,"891 Earl Rudder Freeway, Bryan, TX, 77802, US"
Bacon Cheese Baked Potato,4.19,440,"891 Earl Rudder Freeway, Bryan, TX, 77802, US"
Chili & Cheese Baked Potato,4.19,500,"891 Earl Rudder Freeway, Bryan, TX, 77802, US"
Cheese Baked Potato,3.99,450,"891 Earl Rudder Freeway, Bryan, TX, 77802, US"
Apple Bites,1.59,35,"891 Earl Rudder Freeway, Bryan, TX, 77802, US"
6 PC. Crispy Chicken Nuggets,2.99,270,"891 Earl Rudder Freeway, Bryan, TX, 77802, US"
4 PC. Crispy Chicken Nuggets,2.29,180,"891 Earl Rudder Freeway, Bryan, TX, 77802, US"
6 PC. Spicy Chicken Nuggets,2.99,280,"891 Earl Rudder Freeway, Bryan, TX, 77802, US"
4 PC. Spicy Chicken Nuggets,2.29,190,"891 Earl Rudder Freeway, Bryan, TX, 77802, US"
Pretzel Baconator®,8.19,"1,050","1001 Main Street, Brownsville, TX, 78526, US"
Dave's Single®,5.99,590,"1001 Main Street, Brownsville, TX, 78526, US"
Dave's Double®,6.99,860,"1001 Main Street, Brownsville, TX, 78526, US"
Dave's Triple®,7.99,"1,160","1001 Main Street, Brownsville, TX, 78526, US"
Baconator®,7.19,960,"1001 Main Street, Brownsville, TX, 78526, US"
Son of Baconator®,5.49,630,"1001 Main Street, Brownsville, TX, 78526, US"
Big Bacon Classic®,6.29,650,"1001 Main Street, Brownsville, TX, 78526, US"
Big Bacon Classic® Double,7.29,920,"1001 Main Street, Brownsville, TX, 78526, US"
Big Bacon Classic Triple,8.29,"1,220","1001 Main Street, Brownsville, TX, 78526, US"
Bacon Double Stack,3.79,440,"1001 Main Street, Brownsville, TX, 78526, US"
Jr. Bacon Cheeseburger,2.69,370,"1001 Main Street, Brownsville, TX, 78526, US"
Jr. Cheeseburger Deluxe,2.19,340,"1001 Main Street, Brownsville, TX, 78526, US"
Jr. Cheeseburger Deluxe,2.19,350,"1001 Main Street, Brownsville, TX, 78526, US"
Jr. Cheeseburger,1.99,290,"1001 Main Street, Brownsville, TX, 78526, US"
Double Stack™,2.99,410,"1001 Main Street, Brownsville, TX, 78526, US"
Jr. Hamburger,1.59,250,"1001 Main Street, Brownsville, TX, 78526, US"
Texas Double Cheeseburger,2.69,410,"1001 Main Street, Brownsville, TX, 78526, US"
French Fries,1.19-2.99,210-470,"1001 Main Street, Brownsville, TX, 78526, US"
Baconator Fries,3.49,460,"1001 Main Street, Brownsville, TX, 78526, US"
Chili Cheese Fries,3.49,520,"1001 Main Street, Brownsville, TX, 78526, US"
Cheese Fries,2.99,470,"1001 Main Street, Brownsville, TX, 78526, US"
Chili,2.39/3.39,240/340,"1001 Main Street, Brownsville, TX, 78526, US"
Sour Cream and Chive Baked Potato,1.99,310,"1001 Main Street, Brownsville, TX, 78526, US"
Plain Baked Potato,1.69,270,"1001 Main Street, Brownsville, TX, 78526, US"
Bacon Cheese Baked Potato,3.99,440,"1001 Main Street, Brownsville, TX, 78526, US"
Chili & Cheese Baked Potato,4.19,500,"1001 Main Street, Brownsville, TX, 78526, US"
Cheese Baked Potato,2.99,450,"1001 Main Street, Brownsville, TX, 78526, US"
Apple Bites,0.99,35,"1001 Main Street, Brownsville, TX, 78526, US"
6 PC. Crispy Chicken Nuggets,2.69,270,"1001 Main Street, Brownsville, TX, 78526, US"
4 PC. Crispy Chicken Nuggets,1.99,180,"1001 Main Street, Brownsville, TX, 78526, US"
6 PC. Spicy Chicken Nuggets,2.69,280,"1001 Main Street, Brownsville, TX, 78526, US"
4 PC. Spicy Chicken Nuggets,1.99,190,"1001 Main Street, Brownsville, TX, 78526, US"
Pretzel Baconator®,8.99,"1,050","3521 CU, RICHARDSON, TX, 75080, US"
Dave's Single®,5.89,590,"3521 CU, RICHARDSON, TX, 75080, US"
Dave's Double®,7.39,860,"3521 CU, RICHARDSON, TX, 75080, US"
Dave's Triple®,8.89,"1,160","3521 CU, RICHARDSON, TX, 75080, US"
Baconator®,7.99,960,"3521 CU, RICHARDSON, TX, 75080, US"
Son of Baconator®,6.59,630,"3521 CU, RICHARDSON, TX, 75080, US"
Big Bacon Classic®,6.49,650,"3521 CU, RICHARDSON, TX, 75080, US"
Big Bacon Classic® Double,7.59,920,"3521 CU, RICHARDSON, TX, 75080, US"
Big Bacon Classic Triple,8.69,"1,220","3521 CU, RICHARDSON, TX, 75080, US"
Bacon Double Stack,3.99,440,"3521 CU, RICHARDSON, TX, 75080, US"
Jr. Bacon Cheeseburger,3.39,370,"3521 CU, RICHARDSON, TX, 75080, US"
Jr. Cheeseburger Deluxe,2.89,350,"3521 CU, RICHARDSON, TX, 75080, US"
Jr. Cheeseburger,2.69,290,"3521 CU, RICHARDSON, TX, 75080, US"
Double Stack™,3.49,410,"3521 CU, RICHARDSON, TX, 75080, US"
Jr. Hamburger,2.29,250,"3521 CU, RICHARDSON, TX, 75080, US"
Texas Double Cheeseburger,2.99,410,"3521 CU, RICHARDSON, TX, 75080, US"
French Fries,1.69-3.79,210-470,"3521 CU, RICHARDSON, TX, 75080, US"
Baconator Fries,4.19,460,"3521 CU, RICHARDSON, TX, 75080, US"
Chili Cheese Fries,4.19,520,"3521 CU, RICHARDSON, TX, 75080, US"
Cheese Fries,3.79,470,"3521 CU, RICHARDSON, TX, 75080, US"
Chili,3.79/4.79,240/340,"3521 CU, RICHARDSON, TX, 75080, US"
Sour Cream and Chive Baked Potato,3.39,310,"3521 CU, RICHARDSON, TX, 75080, US"
Plain Baked Potato,3.19,270,"3521 CU, RICHARDSON, TX, 75080, US"
Bacon Cheese Baked Potato,4.79,440,"3521 CU, RICHARDSON, TX, 75080, US"
Chili & Cheese Baked Potato,4.79,500,"3521 CU, RICHARDSON, TX, 75080, US"
Cheese Baked Potato,3.99,450,"3521 CU, RICHARDSON, TX, 75080, US"
Apple Bites,0.99,35,"3521 CU, RICHARDSON, TX, 75080, US"
6 PC. Crispy Chicken Nuggets,3.49,270,"3521 CU, RICHARDSON, TX, 75080, US"
4 PC. Crispy Chicken Nuggets,2.39,180,"3521 CU, RICHARDSON, TX, 75080, US"
6 PC. Spicy Chicken Nuggets,3.49,280,"3521 CU, RICHARDSON, TX, 75080, US"
4 PC. Spicy Chicken Nuggets,2.39,190,"3521 CU, RICHARDSON, TX, 75080, US"
Pretzel Baconator®,8.99,"1,050","3200 CU, PLANO, TX, 75075, US"
Dave's Single®,5.89,590,"3200 CU, PLANO, TX, 75075, US"
Dave's Double®,7.39,860,"3200 CU, PLANO, TX, 75075, US"
Dave's Triple®,8.89,"1,160","3200 CU, PLANO, TX, 75075, US"
Baconator®,7.99,960,"3200 CU, PLANO, TX, 75075, US"
Son of Baconator®,6.59,630,"3200 CU, PLANO, TX, 75075, US"
Big Bacon Classic®,6.49,650,"3200 CU, PLANO, TX, 75075, US"
Big Bacon Classic® Double,7.59,920,"3200 CU, PLANO, TX, 75075, US"
Big Bacon Classic Triple,8.69,"1,220","3200 CU, PLANO, TX, 75075, US"
Bacon Double Stack,3.99,440,"3200 CU, PLANO, TX, 75075, US"
Jr. Bacon Cheeseburger,3.39,370,"3200 CU, PLANO, TX, 75075, US"
Jr. Cheeseburger Deluxe,2.89,350,"3200 CU, PLANO, TX, 75075, US"
Jr. Cheeseburger,2.69,290,"3200 CU, PLANO, TX, 75075, US"
Double Stack™,3.49,410,"3200 CU, PLANO, TX, 75075, US"
Jr. Hamburger,2.29,250,"3200 CU, PLANO, TX, 75075, US"
Texas Double Cheeseburger,2.99,410,"3200 CU, PLANO, TX, 75075, US"
French Fries,1.69-3.79,210-470,"3200 CU, PLANO, TX, 75075, US"
Baconator Fries,4.19,460,"3200 CU, PLANO, TX, 75075, US"
Chili Cheese Fries,4.19,520,"3200 CU, PLANO, TX, 75075, US"
Cheese Fries,3.79,470,"3200 CU, PLANO, TX, 75075, US"
Chili,3.79/4.79,240/340,"3200 CU, PLANO, TX, 75075, US"
Sour Cream and Chive Baked Potato,3.39,310,"3200 CU, PLANO, TX, 75075, US"
Plain Baked Potato,3.19,270,"3200 CU, PLANO, TX, 75075, US"
Bacon Cheese Baked Potato,4.79,440,"3200 CU, PLANO, TX, 75075, US"
Chili & Cheese Baked Potato,4.79,500,"3200 CU, PLANO, TX, 75075, US"
Cheese Baked Potato,3.99,450,"3200 CU, PLANO, TX, 75075, US"
Apple Bites,0.99,35,"3200 CU, PLANO, TX, 75075, US"
6 PC. Crispy Chicken Nuggets,3.49,270,"3200 CU, PLANO, TX, 75075, US"
4 PC. Crispy Chicken Nuggets,2.39,180,"3200 CU, PLANO, TX, 75075, US"
6 PC. Spicy Chicken Nuggets,3.49,280,"3200 CU, PLANO, TX, 75075, US"
4 PC. Spicy Chicken Nuggets,2.39,190,"3200 CU, PLANO, TX, 75075, US"
Pretzel Baconator®,8.99,"1,050","2548 K Avenue, Plano, TX, 75074, US"
Dave's Single®,5.89,590,"2548 K Avenue, Plano, TX, 75074, US"
Dave's Double®,7.39,860,"2548 K Avenue, Plano, TX, 75074, US"
Dave's Triple®,8.89,"1,160","2548 K Avenue, Plano, TX, 75074, US"
Baconator®,7.99,960,"2548 K Avenue, Plano, TX, 75074, US"
Son of Baconator®,6.59,630,"2548 K Avenue, Plano, TX, 75074, US"
Big Bacon Classic®,6.49,650,"2548 K Avenue, Plano, TX, 75074, US"
Big Bacon Classic® Double,7.59,920,"2548 K Avenue, Plano, TX, 75074, US"
Big Bacon Classic Triple,8.69,"1,220","2548 K Avenue, Plano, TX, 75074, US"
Bacon Double Stack,3.99,440,"2548 K Avenue, Plano, TX, 75074, US"
Jr. Bacon Cheeseburger,3.39,370,"2548 K Avenue, Plano, TX, 75074, US"
Jr. Cheeseburger Deluxe,2.89,350,"2548 K Avenue, Plano, TX, 75074, US"
Jr. Cheeseburger,2.69,290,"2548 K Avenue, Plano, TX, 75074, US"
Double Stack™,3.49,410,"2548 K Avenue, Plano, TX, 75074, US"
Jr. Hamburger,2.29,250,"2548 K Avenue, Plano, TX, 75074, US"
Texas Double Cheeseburger,2.99,410,"2548 K Avenue, Plano, TX, 75074, US"
French Fries,1.69-3.79,210-470,"2548 K Avenue, Plano, TX, 75074, US"
Baconator Fries,4.19,460,"2548 K Avenue, Plano, TX, 75074, US"
Chili Cheese Fries,4.19,520,"2548 K Avenue, Plano, TX, 75074, US"
Cheese Fries,3.79,470,"2548 K Avenue, Plano, TX, 75074, US"
Chili,3.79/4.79,240/340,"2548 K Avenue, Plano, TX, 75074, US"
Sour Cream and Chive Baked Potato,3.39,310,"2548 K Avenue, Plano, TX, 75074, US"
Plain Baked Potato,3.19,270,"2548 K Avenue, Plano, TX, 75074, US"
Bacon Cheese Baked Potato,4.79,440,"2548 K Avenue, Plano, TX, 75074, US"
Chili & Cheese Baked Potato,4.79,500,"2548 K Avenue, Plano, TX, 75074, US"
Cheese Baked Potato,3.99,450,"2548 K Avenue, Plano, TX, 75074, US"
Apple Bites,0.99,35,"2548 K Avenue, Plano, TX, 75074, US"
6 PC. Crispy Chicken Nuggets,3.49,270,"2548 K Avenue, Plano, TX, 75074, US"
4 PC. Crispy Chicken Nuggets,2.39,180,"2548 K Avenue, Plano, TX, 75074, US"
6 PC. Spicy Chicken Nuggets,3.49,280,"2548 K Avenue, Plano, TX, 75074, US"
4 PC. Spicy Chicken Nuggets,2.39,190,"2548 K Avenue, Plano, TX, 75074, US"
Pretzel Baconator®,9.19,"1,050","7020 Coit Road, Plano, TX, 75025, US"
Dave's Single®,5.99,590,"7020 Coit Road, Plano, TX, 75025, US"
Dave's Double®,7.49,860,"7020 Coit Road, Plano, TX, 75025, US"
Dave's Triple®,8.99,"1,160","7020 Coit Road, Plano, TX, 75025, US"
Baconator®,8.49,960,"7020 Coit Road, Plano, TX, 75025, US"
Son of Baconator®,6.79,630,"7020 Coit Road, Plano, TX, 75025, US"
Big Bacon Classic®,6.59,650,"7020 Coit Road, Plano, TX, 75025, US"
Big Bacon Classic® Double,7.89,920,"7020 Coit Road, Plano, TX, 75025, US"
Big Bacon Classic Triple,9.19,"1,220","7020 Coit Road, Plano, TX, 75025, US"
Bacon Double Stack,4.19,440,"7020 Coit Road, Plano, TX, 75025, US"
Jr. Bacon Cheeseburger,3.59,370,"7020 Coit Road, Plano, TX, 75025, US"
Jr. Cheeseburger Deluxe,2.99,350,"7020 Coit Road, Plano, TX, 75025, US"
Jr. Cheeseburger,2.79,290,"7020 Coit Road, Plano, TX, 75025, US"
Double Stack™,3.59,410,"7020 Coit Road, Plano, TX, 75025, US"
Jr. Hamburger,2.49,250,"7020 Coit Road, Plano, TX, 75025, US"
Texas Double Cheeseburger,2.99,410,"7020 Coit Road, Plano, TX, 75025, US"
French Fries,1.99-3.99,210-470,"7020 Coit Road, Plano, TX, 75025, US"
Baconator Fries,4.49,460,"7020 Coit Road, Plano, TX, 75025, US"
Chili Cheese Fries,4.49,520,"7020 Coit Road, Plano, TX, 75025, US"
Cheese Fries,3.99,470,"7020 Coit Road, Plano, TX, 75025, US"
Chili,3.99/4.89,240/340,"7020 Coit Road, Plano, TX, 75025, US"
Sour Cream and Chive Baked Potato,3.69,310,"7020 Coit Road, Plano, TX, 75025, US"
Plain Baked Potato,3.49,270,"7020 Coit Road, Plano, TX, 75025, US"
Bacon Cheese Baked Potato,4.99,440,"7020 Coit Road, Plano, TX, 75025, US"
Chili & Cheese Baked Potato,4.99,500,"7020 Coit Road, Plano, TX, 75025, US"
Cheese Baked Potato,4.39,450,"7020 Coit Road, Plano, TX, 75025, US"
Apple Bites,1.29,35,"7020 Coit Road, Plano, TX, 75025, US"
6 PC. Crispy Chicken Nuggets,3.69,270,"7020 Coit Road, Plano, TX, 75025, US"
4 PC. Crispy Chicken Nuggets,2.69,180,"7020 Coit Road, Plano, TX, 75025, US"
6 PC. Spicy Chicken Nuggets,3.69,280,"7020 Coit Road, Plano, TX, 75025, US"
4 PC. Spicy Chicken Nuggets,2.69,190,"7020 Coit Road, Plano, TX, 75025, US"
Pretzel Baconator®,8.99,"1,050","933 North Central Expressway, Plano, TX, 75075, US"
Dave's Single®,5.89,590,"933 North Central Expressway, Plano, TX, 75075, US"
Dave's Double®,7.39,860,"933 North Central Expressway, Plano, TX, 75075, US"
Dave's Triple®,8.89,"1,160","933 North Central Expressway, Plano, TX, 75075, US"
Baconator®,7.99,960,"933 North Central Expressway, Plano, TX, 75075, US"
Son of Baconator®,6.59,630,"933 North Central Expressway, Plano, TX, 75075, US"
Big Bacon Classic®,6.49,650,"933 North Central Expressway, Plano, TX, 75075, US"
Big Bacon Classic® Double,7.59,920,"933 North Central Expressway, Plano, TX, 75075, US"
Big Bacon Classic Triple,8.69,"1,220","933 North Central Expressway, Plano, TX, 75075, US"
Bacon Double Stack,3.99,440,"933 North Central Expressway, Plano, TX, 75075, US"
Jr. Bacon Cheeseburger,3.39,370,"933 North Central Expressway, Plano, TX, 75075, US"
Jr. Cheeseburger Deluxe,2.89,350,"933 North Central Expressway, Plano, TX, 75075, US"
Jr. Cheeseburger,2.69,290,"933 North Central Expressway, Plano, TX, 75075, US"
Double Stack™,3.49,410,"933 North Central Expressway, Plano, TX, 75075, US"
Jr. Hamburger,2.29,250,"933 North Central Expressway, Plano, TX, 75075, US"
Texas Double Cheeseburger,2.99,410,"933 North Central Expressway, Plano, TX, 75075, US"
French Fries,1.69-3.79,210-470,"933 North Central Expressway, Plano, TX, 75075, US"
Baconator Fries,4.19,460,"933 North Central Expressway, Plano, TX, 75075, US"
Chili Cheese Fries,4.19,520,"933 North Central Expressway, Plano, TX, 75075, US"
Cheese Fries,3.79,470,"933 North Central Expressway, Plano, TX, 75075, US"
Chili,3.79/4.79,240/340,"933 North Central Expressway, Plano, TX, 75075, US"
Sour Cream and Chive Baked Potato,3.39,310,"933 North Central Expressway, Plano, TX, 75075, US"
Plain Baked Potato,3.19,270,"933 North Central Expressway, Plano, TX, 75075, US"
Bacon Cheese Baked Potato,4.79,440,"933 North Central Expressway, Plano, TX, 75075, US"
Chili & Cheese Baked Potato,4.79,500,"933 North Central Expressway, Plano, TX, 75075, US"
Cheese Baked Potato,3.99,450,"933 North Central Expressway, Plano, TX, 75075, US"
Apple Bites,0.99,35,"933 North Central Expressway, Plano, TX, 75075, US"
6 PC. Crispy Chicken Nuggets,3.49,270,"933 North Central Expressway, Plano, TX, 75075, US"
4 PC. Crispy Chicken Nuggets,2.39,180,"933 North Central Expressway, Plano, TX, 75075, US"
6 PC. Spicy Chicken Nuggets,3.49,280,"933 North Central Expressway, Plano, TX, 75075, US"
4 PC. Spicy Chicken Nuggets,2.39,190,"933 North Central Expressway, Plano, TX, 75075, US"
Pretzel Baconator®,9.19,"1,050","4018 LEMMON AVE., DALLAS, TX, 75219, US"
Dave's Single®,5.99,590,"4018 LEMMON AVE., DALLAS, TX, 75219, US"
Dave's Double®,7.49,860,"4018 LEMMON AVE., DALLAS, TX, 75219, US"
Dave's Triple®,8.99,"1,160","4018 LEMMON AVE., DALLAS, TX, 75219, US"
Baconator®,8.49,960,"4018 LEMMON AVE., DALLAS, TX, 75219, US"
Son of Baconator®,6.79,630,"4018 LEMMON AVE., DALLAS, TX, 75219, US"
Big Bacon Classic®,6.59,650,"4018 LEMMON AVE., DALLAS, TX, 75219, US"
Big Bacon Classic® Double,7.89,920,"4018 LEMMON AVE., DALLAS, TX, 75219, US"
Big Bacon Classic Triple,9.19,"1,220","4018 LEMMON AVE., DALLAS, TX, 75219, US"
Bacon Double Stack,4.19,440,"4018 LEMMON AVE., DALLAS, TX, 75219, US"
Jr. Bacon Cheeseburger,3.59,370,"4018 LEMMON AVE., DALLAS, TX, 75219, US"
Jr. Cheeseburger Deluxe,2.99,350,"4018 LEMMON AVE., DALLAS, TX, 75219, US"
Jr. Cheeseburger,2.79,290,"4018 LEMMON AVE., DALLAS, TX, 75219, US"
Double Stack™,3.59,410,"4018 LEMMON AVE., DALLAS, TX, 75219, US"
Jr. Hamburger,2.49,250,"4018 LEMMON AVE., DALLAS, TX, 75219, US"
Texas Double Cheeseburger,2.99,410,"4018 LEMMON AVE., DALLAS, TX, 75219, US"
French Fries,1.99-3.99,210-470,"4018 LEMMON AVE., DALLAS, TX, 75219, US"
Baconator Fries,4.49,460,"4018 LEMMON AVE., DALLAS, TX, 75219, US"
Chili Cheese Fries,4.49,520,"4018 LEMMON AVE., DALLAS, TX, 75219, US"
Cheese Fries,3.99,470,"4018 LEMMON AVE., DALLAS, TX, 75219, US"
Chili,3.99/4.89,240/340,"4018 LEMMON AVE., DALLAS, TX, 75219, US"
Sour Cream and Chive Baked Potato,3.69,310,"4018 LEMMON AVE., DALLAS, TX, 75219, US"
Plain Baked Potato,3.49,270,"4018 LEMMON AVE., DALLAS, TX, 75219, US"
Bacon Cheese Baked Potato,4.99,440,"4018 LEMMON AVE., DALLAS, TX, 75219, US"
Chili & Cheese Baked Potato,4.99,500,"4018 LEMMON AVE., DALLAS, TX, 75219, US"
Cheese Baked Potato,4.39,450,"4018 LEMMON AVE., DALLAS, TX, 75219, US"
Apple Bites,1.29,35,"4018 LEMMON AVE., DALLAS, TX, 75219, US"
6 PC. Crispy Chicken Nuggets,3.69,270,"4018 LEMMON AVE., DALLAS, TX, 75219, US"
4 PC. Crispy Chicken Nuggets,2.69,180,"4018 LEMMON AVE., DALLAS, TX, 75219, US"
6 PC. Spicy Chicken Nuggets,3.69,280,"4018 LEMMON AVE., DALLAS, TX, 75219, US"
4 PC. Spicy Chicken Nuggets,2.69,190,"4018 LEMMON AVE., DALLAS, TX, 75219, US"
Pretzel Baconator®,8.69,"1,050","1725 N. BELTLINE ROAD, IRVING, TX, 75061, US"
Dave's Single®,5.99,590,"1725 N. BELTLINE ROAD, IRVING, TX, 75061, US"
Dave's Double®,6.99,860,"1725 N. BELTLINE ROAD, IRVING, TX, 75061, US"
Dave's Triple®,7.99,"1,160","1725 N. BELTLINE ROAD, IRVING, TX, 75061, US"
Baconator®,7.69,960,"1725 N. BELTLINE ROAD, IRVING, TX, 75061, US"
Son of Baconator®,5.89,630,"1725 N. BELTLINE ROAD, IRVING, TX, 75061, US"
Big Bacon Classic®,6.69,650,"1725 N. BELTLINE ROAD, IRVING, TX, 75061, US"
Big Bacon Classic® Double,7.39,920,"1725 N. BELTLINE ROAD, IRVING, TX, 75061, US"
Big Bacon Classic Triple,8.39,"1,220","1725 N. BELTLINE ROAD, IRVING, TX, 75061, US"
Bacon Double Stack,3.89,440,"1725 N. BELTLINE ROAD, IRVING, TX, 75061, US"
Jr. Bacon Cheeseburger,3.29,370,"1725 N. BELTLINE ROAD, IRVING, TX, 75061, US"
Jr. Cheeseburger Deluxe,2.69,350,"1725 N. BELTLINE ROAD, IRVING, TX, 75061, US"
Jr. Cheeseburger,2.29,290,"1725 N. BELTLINE ROAD, IRVING, TX, 75061, US"
Double Stack™,3.29,410,"1725 N. BELTLINE ROAD, IRVING, TX, 75061, US"
Jr. Hamburger,1.79,250,"1725 N. BELTLINE ROAD, IRVING, TX, 75061, US"
Texas Double Cheeseburger,2.89,410,"1725 N. BELTLINE ROAD, IRVING, TX, 75061, US"
French Fries,1.79-3.59,210-470,"1725 N. BELTLINE ROAD, IRVING, TX, 75061, US"
Baconator Fries,3.99,460,"1725 N. BELTLINE ROAD, IRVING, TX, 75061, US"
Chili Cheese Fries,3.99,520,"1725 N. BELTLINE ROAD, IRVING, TX, 75061, US"
Cheese Fries,3.29,470,"1725 N. BELTLINE ROAD, IRVING, TX, 75061, US"
Family Chili,13.49,"1,100","1725 N. BELTLINE ROAD, IRVING, TX, 75061, US"
Chili,3.49/3.99,240/340,"1725 N. BELTLINE ROAD, IRVING, TX, 75061, US"
Sour Cream and Chive Baked Potato,2.49,310,"1725 N. BELTLINE ROAD, IRVING, TX, 75061, US"
Plain Baked Potato,2.29,270,"1725 N. BELTLINE ROAD, IRVING, TX, 75061, US"
Bacon Cheese Baked Potato,4.59,440,"1725 N. BELTLINE ROAD, IRVING, TX, 75061, US"
Chili & Cheese Baked Potato,4.59,500,"1725 N. BELTLINE ROAD, IRVING, TX, 75061, US"
Cheese Baked Potato,3.69,450,"1725 N. BELTLINE ROAD, IRVING, TX, 75061, US"
Apple Bites,1.29,35,"1725 N. BELTLINE ROAD, IRVING, TX, 75061, US"
6 PC. Crispy Chicken Nuggets,2.89,270,"1725 N. BELTLINE ROAD, IRVING, TX, 75061, US"
4 PC. Crispy Chicken Nuggets,2.29,180,"1725 N. BELTLINE ROAD, IRVING, TX, 75061, US"
6 PC. Spicy Chicken Nuggets,2.89,280,"1725 N. BELTLINE ROAD, IRVING, TX, 75061, US"
4 PC. Spicy Chicken Nuggets,2.29,190,"1725 N. BELTLINE ROAD, IRVING, TX, 75061, US"
Pretzel Baconator®,8.69,"1,050","963 N BEACH ST, FT.WORTH, TX, 76111, US"
Dave's Single®,5.99,590,"963 N BEACH ST, FT.WORTH, TX, 76111, US"
Dave's Double®,6.99,860,"963 N BEACH ST, FT.WORTH, TX, 76111, US"
Dave's Triple®,7.99,"1,160","963 N BEACH ST, FT.WORTH, TX, 76111, US"
Baconator®,7.69,960,"963 N BEACH ST, FT.WORTH, TX, 76111, US"
Son of Baconator®,5.89,630,"963 N BEACH ST, FT.WORTH, TX, 76111, US"
Big Bacon Classic®,6.69,650,"963 N BEACH ST, FT.WORTH, TX, 76111, US"
Big Bacon Classic® Double,7.39,920,"963 N BEACH ST, FT.WORTH, TX, 76111, US"
Big Bacon Classic Triple,8.39,"1,220","963 N BEACH ST, FT.WORTH, TX, 76111, US"
Bacon Double Stack,3.89,440,"963 N BEACH ST, FT.WORTH, TX, 76111, US"
Jr. Bacon Cheeseburger,3.29,370,"963 N BEACH ST, FT.WORTH, TX, 76111, US"
Jr. Cheeseburger Deluxe,2.69,350,"963 N BEACH ST, FT.WORTH, TX, 76111, US"
Jr. Cheeseburger,2.29,290,"963 N BEACH ST, FT.WORTH, TX, 76111, US"
Double Stack™,3.29,410,"963 N BEACH ST, FT.WORTH, TX, 76111, US"
Jr. Hamburger,1.79,250,"963 N BEACH ST, FT.WORTH, TX, 76111, US"
Texas Double Cheeseburger,2.89,410,"963 N BEACH ST, FT.WORTH, TX, 76111, US"
French Fries,1.79-3.59,210-470,"963 N BEACH ST, FT.WORTH, TX, 76111, US"
Baconator Fries,3.99,460,"963 N BEACH ST, FT.WORTH, TX, 76111, US"
Chili Cheese Fries,3.99,520,"963 N BEACH ST, FT.WORTH, TX, 76111, US"
Cheese Fries,3.29,470,"963 N BEACH ST, FT.WORTH, TX, 76111, US"
Family Chili,13.49,"1,100","963 N BEACH ST, FT.WORTH, TX, 76111, US"
Chili,3.49/3.99,240/340,"963 N BEACH ST, FT.WORTH, TX, 76111, US"
Sour Cream and Chive Baked Potato,2.49,310,"963 N BEACH ST, FT.WORTH, TX, 76111, US"
Plain Baked Potato,2.29,270,"963 N BEACH ST, FT.WORTH, TX, 76111, US"
Bacon Cheese Baked Potato,4.59,440,"963 N BEACH ST, FT.WORTH, TX, 76111, US"
Chili & Cheese Baked Potato,4.59,500,"963 N BEACH ST, FT.WORTH, TX, 76111, US"
Cheese Baked Potato,3.69,450,"963 N BEACH ST, FT.WORTH, TX, 76111, US"
Apple Bites,1.29,35,"963 N BEACH ST, FT.WORTH, TX, 76111, US"
6 PC. Crispy Chicken Nuggets,2.89,270,"963 N BEACH ST, FT.WORTH, TX, 76111, US"
4 PC. Crispy Chicken Nuggets,2.29,180,"963 N BEACH ST, FT.WORTH, TX, 76111, US"
6 PC. Spicy Chicken Nuggets,2.89,280,"963 N BEACH ST, FT.WORTH, TX, 76111, US"
4 PC. Spicy Chicken Nuggets,2.29,190,"963 N BEACH ST, FT.WORTH, TX, 76111, US"
Pretzel Baconator®,8.99,"1,050","2800 E BERRY ST, FT.WORTH, TX, 76119, US"
Dave's Single®,5.49,590,"2800 E BERRY ST, FT.WORTH, TX, 76119, US"
Dave's Double®,6.99,860,"2800 E BERRY ST, FT.WORTH, TX, 76119, US"
Dave's Triple®,8.69,"1,160","2800 E BERRY ST, FT.WORTH, TX, 76119, US"
Baconator®,8.29,960,"2800 E BERRY ST, FT.WORTH, TX, 76119, US"
Son of Baconator®,6.79,630,"2800 E BERRY ST, FT.WORTH, TX, 76119, US"
Big Bacon Classic®,6.99,650,"2800 E BERRY ST, FT.WORTH, TX, 76119, US"
Big Bacon Classic® Double,8.29,920,"2800 E BERRY ST, FT.WORTH, TX, 76119, US"
Big Bacon Classic Triple,9.49,"1,220","2800 E BERRY ST, FT.WORTH, TX, 76119, US"
Bacon Double Stack,4.19,440,"2800 E BERRY ST, FT.WORTH, TX, 76119, US"
Jr. Bacon Cheeseburger,3.39,370,"2800 E BERRY ST, FT.WORTH, TX, 76119, US"
Jr. Cheeseburger Deluxe,2.59,350,"2800 E BERRY ST, FT.WORTH, TX, 76119, US"
Jr. Cheeseburger,2.39,290,"2800 E BERRY ST, FT.WORTH, TX, 76119, US"
Double Stack™,3.39,410,"2800 E BERRY ST, FT.WORTH, TX, 76119, US"
Jr. Hamburger,2.19,250,"2800 E BERRY ST, FT.WORTH, TX, 76119, US"
Texas Double Cheeseburger,3.49,410,"2800 E BERRY ST, FT.WORTH, TX, 76119, US"
French Fries,2.19-3.69,210-470,"2800 E BERRY ST, FT.WORTH, TX, 76119, US"
Baconator Fries,3.99,460,"2800 E BERRY ST, FT.WORTH, TX, 76119, US"
Chili Cheese Fries,3.99,520,"2800 E BERRY ST, FT.WORTH, TX, 76119, US"
Cheese Fries,3.79,470,"2800 E BERRY ST, FT.WORTH, TX, 76119, US"
Chili,2.69/3.79,240/340,"2800 E BERRY ST, FT.WORTH, TX, 76119, US"
Sour Cream and Chive Baked Potato,2.99,310,"2800 E BERRY ST, FT.WORTH, TX, 76119, US"
Plain Baked Potato,2.79,270,"2800 E BERRY ST, FT.WORTH, TX, 76119, US"
Bacon Cheese Baked Potato,4.49,440,"2800 E BERRY ST, FT.WORTH, TX, 76119, US"
Chili & Cheese Baked Potato,4.49,500,"2800 E BERRY ST, FT.WORTH, TX, 76119, US"
Cheese Baked Potato,4.29,450,"2800 E BERRY ST, FT.WORTH, TX, 76119, US"
Apple Bites,1.79,35,"2800 E BERRY ST, FT.WORTH, TX, 76119, US"
6 PC. Crispy Chicken Nuggets,2.99,270,"2800 E BERRY ST, FT.WORTH, TX, 76119, US"
4 PC. Crispy Chicken Nuggets,2.19,180,"2800 E BERRY ST, FT.WORTH, TX, 76119, US"
6 PC. Spicy Chicken Nuggets,2.99,280,"2800 E BERRY ST, FT.WORTH, TX, 76119, US"
4 PC. Spicy Chicken Nuggets,2.19,190,"2800 E BERRY ST, FT.WORTH, TX, 76119, US"
Pretzel Baconator®,8.69,"1,050","3701 West Fwy, Fort Worth, TX, 76107, US"
Dave's Single®,5.19,590,"3701 West Fwy, Fort Worth, TX, 76107, US"
Dave's Double®,6.39,860,"3701 West Fwy, Fort Worth, TX, 76107, US"
Dave's Triple®,7.69,"1,160","3701 West Fwy, Fort Worth, TX, 76107, US"
Baconator®,7.69,960,"3701 West Fwy, Fort Worth, TX, 76107, US"
Son of Baconator®,6.29,630,"3701 West Fwy, Fort Worth, TX, 76107, US"
Big Bacon Classic®,6.39,650,"3701 West Fwy, Fort Worth, TX, 76107, US"
Big Bacon Classic® Double,7.59,920,"3701 West Fwy, Fort Worth, TX, 76107, US"
Big Bacon Classic Triple,8.89,"1,220","3701 West Fwy, Fort Worth, TX, 76107, US"
Bacon Double Stack,3.79,440,"3701 West Fwy, Fort Worth, TX, 76107, US"
Jr. Bacon Cheeseburger,3.19,370,"3701 West Fwy, Fort Worth, TX, 76107, US"
Jr. Cheeseburger Deluxe,2.29,350,"3701 West Fwy, Fort Worth, TX, 76107, US"
Jr. Cheeseburger,2.19,290,"3701 West Fwy, Fort Worth, TX, 76107, US"
Double Stack™,3.19,410,"3701 West Fwy, Fort Worth, TX, 76107, US"
Jr. Hamburger,1.89,250,"3701 West Fwy, Fort Worth, TX, 76107, US"
Texas Double Cheeseburger,3.19,410,"3701 West Fwy, Fort Worth, TX, 76107, US"
French Fries,1.79-3.59,210-470,"3701 West Fwy, Fort Worth, TX, 76107, US"
Baconator Fries,3.99,460,"3701 West Fwy, Fort Worth, TX, 76107, US"
Chili Cheese Fries,3.99,520,"3701 West Fwy, Fort Worth, TX, 76107, US"
Cheese Fries,3.59,470,"3701 West Fwy, Fort Worth, TX, 76107, US"
Family Chili,14.99,"1,100","3701 West Fwy, Fort Worth, TX, 76107, US"
Chili,3.19/4.19,240/340,"3701 West Fwy, Fort Worth, TX, 76107, US"
Sour Cream and Chive Baked Potato,2.89,310,"3701 West Fwy, Fort Worth, TX, 76107, US"
Plain Baked Potato,2.69,270,"3701 West Fwy, Fort Worth, TX, 76107, US"
Bacon Cheese Baked Potato,4.39,440,"3701 West Fwy, Fort Worth, TX, 76107, US"
Chili & Cheese Baked Potato,4.39,500,"3701 West Fwy, Fort Worth, TX, 76107, US"
Cheese Baked Potato,3.99,450,"3701 West Fwy, Fort Worth, TX, 76107, US"
Apple Bites,1.49,35,"3701 West Fwy, Fort Worth, TX, 76107, US"
6 PC. Crispy Chicken Nuggets,2.99,270,"3701 West Fwy, Fort Worth, TX, 76107, US"
4 PC. Crispy Chicken Nuggets,2.19,180,"3701 West Fwy, Fort Worth, TX, 76107, US"
6 PC. Spicy Chicken Nuggets,2.99,280,"3701 West Fwy, Fort Worth, TX, 76107, US"
4 PC. Spicy Chicken Nuggets,2.19,190,"3701 West Fwy, Fort Worth, TX, 76107, US"
Pretzel Baconator®,8.99,"1,050","515 S Henderson St, Fort Worth, TX, 76104, US"
Dave's Single®,5.49,590,"515 S Henderson St, Fort Worth, TX, 76104, US"
Dave's Double®,6.99,860,"515 S Henderson St, Fort Worth, TX, 76104, US"
Dave's Triple®,8.69,"1,160","515 S Henderson St, Fort Worth, TX, 76104, US"
Baconator®,8.29,960,"515 S Henderson St, Fort Worth, TX, 76104, US"
Son of Baconator®,6.79,630,"515 S Henderson St, Fort Worth, TX, 76104, US"
Big Bacon Classic®,6.99,650,"515 S Henderson St, Fort Worth, TX, 76104, US"
Big Bacon Classic® Double,8.29,920,"515 S Henderson St, Fort Worth, TX, 76104, US"
Big Bacon Classic Triple,9.49,"1,220","515 S Henderson St, Fort Worth, TX, 76104, US"
Bacon Double Stack,4.19,440,"515 S Henderson St, Fort Worth, TX, 76104, US"
Jr. Bacon Cheeseburger,3.39,370,"515 S Henderson St, Fort Worth, TX, 76104, US"
Jr. Cheeseburger Deluxe,2.59,350,"515 S Henderson St, Fort Worth, TX, 76104, US"
Jr. Cheeseburger,2.39,290,"515 S Henderson St, Fort Worth, TX, 76104, US"
Double Stack™,3.39,410,"515 S Henderson St, Fort Worth, TX, 76104, US"
Jr. Hamburger,2.19,250,"515 S Henderson St, Fort Worth, TX, 76104, US"
Texas Double Cheeseburger,3.49,410,"515 S Henderson St, Fort Worth, TX, 76104, US"
French Fries,2.19-3.69,210-470,"515 S Henderson St, Fort Worth, TX, 76104, US"
Baconator Fries,3.99,460,"515 S Henderson St, Fort Worth, TX, 76104, US"
Chili Cheese Fries,3.99,520,"515 S Henderson St, Fort Worth, TX, 76104, US"
Cheese Fries,3.79,470,"515 S Henderson St, Fort Worth, TX, 76104, US"
Chili,2.69/3.79,240/340,"515 S Henderson St, Fort Worth, TX, 76104, US"
Sour Cream and Chive Baked Potato,2.99,310,"515 S Henderson St, Fort Worth, TX, 76104, US"
Plain Baked Potato,2.79,270,"515 S Henderson St, Fort Worth, TX, 76104, US"
Bacon Cheese Baked Potato,4.49,440,"515 S Henderson St, Fort Worth, TX, 76104, US"
Chili & Cheese Baked Potato,4.49,500,"515 S Henderson St, Fort Worth, TX, 76104, US"
Cheese Baked Potato,4.29,450,"515 S Henderson St, Fort Worth, TX, 76104, US"
Apple Bites,1.79,35,"515 S Henderson St, Fort Worth, TX, 76104, US"
6 PC. Crispy Chicken Nuggets,2.99,270,"515 S Henderson St, Fort Worth, TX, 76104, US"
4 PC. Crispy Chicken Nuggets,2.19,180,"515 S Henderson St, Fort Worth, TX, 76104, US"
6 PC. Spicy Chicken Nuggets,2.99,280,"515 S Henderson St, Fort Worth, TX, 76104, US"
4 PC. Spicy Chicken Nuggets,2.19,190,"515 S Henderson St, Fort Worth, TX, 76104, US"
Pretzel Baconator®,8.99,"1,050","3112 E Berry St, Fort Worth, TX, 76119, US"
Dave's Single®,5.49,590,"3112 E Berry St, Fort Worth, TX, 76119, US"
Dave's Double®,6.99,860,"3112 E Berry St, Fort Worth, TX, 76119, US"
Dave's Triple®,8.69,"1,160","3112 E Berry St, Fort Worth, TX, 76119, US"
Baconator®,8.29,960,"3112 E Berry St, Fort Worth, TX, 76119, US"
Son of Baconator®,6.79,630,"3112 E Berry St, Fort Worth, TX, 76119, US"
Big Bacon Classic®,6.99,650,"3112 E Berry St, Fort Worth, TX, 76119, US"
Big Bacon Classic® Double,8.29,920,"3112 E Berry St, Fort Worth, TX, 76119, US"
Big Bacon Classic Triple,9.49,"1,220","3112 E Berry St, Fort Worth, TX, 76119, US"
Bacon Double Stack,4.19,440,"3112 E Berry St, Fort Worth, TX, 76119, US"
Jr. Bacon Cheeseburger,3.39,370,"3112 E Berry St, Fort Worth, TX, 76119, US"
Jr. Cheeseburger Deluxe,2.59,350,"3112 E Berry St, Fort Worth, TX, 76119, US"
Jr. Cheeseburger,2.39,290,"3112 E Berry St, Fort Worth, TX, 76119, US"
Double Stack™,3.39,410,"3112 E Berry St, Fort Worth, TX, 76119, US"
Jr. Hamburger,2.19,250,"3112 E Berry St, Fort Worth, TX, 76119, US"
Texas Double Cheeseburger,3.49,410,"3112 E Berry St, Fort Worth, TX, 76119, US"
French Fries,2.19-3.69,210-470,"3112 E Berry St, Fort Worth, TX, 76119, US"
Baconator Fries,3.99,460,"3112 E Berry St, Fort Worth, TX, 76119, US"
Chili Cheese Fries,3.99,520,"3112 E Berry St, Fort Worth, TX, 76119, US"
Cheese Fries,3.79,470,"3112 E Berry St, Fort Worth, TX, 76119, US"
Chili,2.69/3.79,240/340,"3112 E Berry St, Fort Worth, TX, 76119, US"
Sour Cream and Chive Baked Potato,2.99,310,"3112 E Berry St, Fort Worth, TX, 76119, US"
Plain Baked Potato,2.79,270,"3112 E Berry St, Fort Worth, TX, 76119, US"
Bacon Cheese Baked Potato,4.49,440,"3112 E Berry St, Fort Worth, TX, 76119, US"
Chili & Cheese Baked Potato,4.49,500,"3112 E Berry St, Fort Worth, TX, 76119, US"
Cheese Baked Potato,4.29,450,"3112 E Berry St, Fort Worth, TX, 76119, US"
Apple Bites,1.79,35,"3112 E Berry St, Fort Worth, TX, 76119, US"
6 PC. Crispy Chicken Nuggets,2.99,270,"3112 E Berry St, Fort Worth, TX, 76119, US"
4 PC. Crispy Chicken Nuggets,2.19,180,"3112 E Berry St, Fort Worth, TX, 76119, US"
6 PC. Spicy Chicken Nuggets,2.99,280,"3112 E Berry St, Fort Worth, TX, 76119, US"
4 PC. Spicy Chicken Nuggets,2.19,190,"3112 E Berry St, Fort Worth, TX, 76119, US"
Pretzel Baconator®,8.99,"1,050","4200 South Freeway, Fort Worth, TX, 76115, US"
Dave's Single®,5.49,590,"4200 South Freeway, Fort Worth, TX, 76115, US"
Dave's Double®,6.99,860,"4200 South Freeway, Fort Worth, TX, 76115, US"
Dave's Triple®,8.69,"1,160","4200 South Freeway, Fort Worth, TX, 76115, US"
Baconator®,8.29,960,"4200 South Freeway, Fort Worth, TX, 76115, US"
Son of Baconator®,6.79,630,"4200 South Freeway, Fort Worth, TX, 76115, US"
Big Bacon Classic®,6.99,650,"4200 South Freeway, Fort Worth, TX, 76115, US"
Big Bacon Classic® Double,8.29,920,"4200 South Freeway, Fort Worth, TX, 76115, US"
Big Bacon Classic Triple,9.49,"1,220","4200 South Freeway, Fort Worth, TX, 76115, US"
Bacon Double Stack,4.19,440,"4200 South Freeway, Fort Worth, TX, 76115, US"
Jr. Bacon Cheeseburger,3.39,370,"4200 South Freeway, Fort Worth, TX, 76115, US"
Jr. Cheeseburger Deluxe,2.59,350,"4200 South Freeway, Fort Worth, TX, 76115, US"
Jr. Cheeseburger,2.39,290,"4200 South Freeway, Fort Worth, TX, 76115, US"
Double Stack™,3.39,410,"4200 South Freeway, Fort Worth, TX, 76115, US"
Jr. Hamburger,2.19,250,"4200 South Freeway, Fort Worth, TX, 76115, US"
Texas Double Cheeseburger,3.49,410,"4200 South Freeway, Fort Worth, TX, 76115, US"
French Fries,2.19-3.69,210-470,"4200 South Freeway, Fort Worth, TX, 76115, US"
Baconator Fries,3.99,460,"4200 South Freeway, Fort Worth, TX, 76115, US"
Chili Cheese Fries,3.99,520,"4200 South Freeway, Fort Worth, TX, 76115, US"
Cheese Fries,3.79,470,"4200 South Freeway, Fort Worth, TX, 76115, US"
Chili,2.69/3.79,240/340,"4200 South Freeway, Fort Worth, TX, 76115, US"
Sour Cream and Chive Baked Potato,2.99,310,"4200 South Freeway, Fort Worth, TX, 76115, US"
Plain Baked Potato,2.79,270,"4200 South Freeway, Fort Worth, TX, 76115, US"
Bacon Cheese Baked Potato,4.49,440,"4200 South Freeway, Fort Worth, TX, 76115, US"
Chili & Cheese Baked Potato,4.49,500,"4200 South Freeway, Fort Worth, TX, 76115, US"
Cheese Baked Potato,4.29,450,"4200 South Freeway, Fort Worth, TX, 76115, US"
Apple Bites,1.79,35,"4200 South Freeway, Fort Worth, TX, 76115, US"
6 PC. Crispy Chicken Nuggets,2.99,270,"4200 South Freeway, Fort Worth, TX, 76115, US"
4 PC. Crispy Chicken Nuggets,2.19,180,"4200 South Freeway, Fort Worth, TX, 76115, US"
6 PC. Spicy Chicken Nuggets,2.99,280,"4200 South Freeway, Fort Worth, TX, 76115, US"
4 PC. Spicy Chicken Nuggets,2.19,190,"4200 South Freeway, Fort Worth, TX, 76115, US"
Pretzel Baconator®,10.19,"1,050","2015 Antonio Street, Anthony, TX, 79821, US"
Dave's Single®,6.89,590,"2015 Antonio Street, Anthony, TX, 79821, US"
Dave's Double®,7.99,860,"2015 Antonio Street, Anthony, TX, 79821, US"
Dave's Triple®,8.99,"1,160","2015 Antonio Street, Anthony, TX, 79821, US"
Baconator®,9.19,960,"2015 Antonio Street, Anthony, TX, 79821, US"
Son of Baconator®,7.19,630,"2015 Antonio Street, Anthony, TX, 79821, US"
Big Bacon Classic®,7.99,650,"2015 Antonio Street, Anthony, TX, 79821, US"
Big Bacon Classic® Double,8.99,920,"2015 Antonio Street, Anthony, TX, 79821, US"
Big Bacon Classic Triple,9.99,"1,220","2015 Antonio Street, Anthony, TX, 79821, US"
Bacon Double Stack,3.89,440,"2015 Antonio Street, Anthony, TX, 79821, US"
Jr. Bacon Cheeseburger,2.49,370,"2015 Antonio Street, Anthony, TX, 79821, US"
Jr. Cheeseburger Deluxe,2.59,350,"2015 Antonio Street, Anthony, TX, 79821, US"
Jr. Cheeseburger,1.39,290,"2015 Antonio Street, Anthony, TX, 79821, US"
Double Stack™,3.39,410,"2015 Antonio Street, Anthony, TX, 79821, US"
Jr. Hamburger,1.39,250,"2015 Antonio Street, Anthony, TX, 79821, US"
Texas Double Cheeseburger,1.79,410,"2015 Antonio Street, Anthony, TX, 79821, US"
French Fries,1.49-3.79,210-470,"2015 Antonio Street, Anthony, TX, 79821, US"
Baconator Fries,2.89,460,"2015 Antonio Street, Anthony, TX, 79821, US"
Chili Cheese Fries,2.19,520,"2015 Antonio Street, Anthony, TX, 79821, US"
Cheese Fries,3.59,470,"2015 Antonio Street, Anthony, TX, 79821, US"
Chili,2.69/3.79,240/340,"2015 Antonio Street, Anthony, TX, 79821, US"
Sour Cream and Chive Baked Potato,2.79,310,"2015 Antonio Street, Anthony, TX, 79821, US"
Plain Baked Potato,2.49,270,"2015 Antonio Street, Anthony, TX, 79821, US"
Bacon Cheese Baked Potato,3.99,440,"2015 Antonio Street, Anthony, TX, 79821, US"
Chili & Cheese Baked Potato,3.99,500,"2015 Antonio Street, Anthony, TX, 79821, US"
Cheese Baked Potato,3.59,450,"2015 Antonio Street, Anthony, TX, 79821, US"
Apple Bites,1.49,35,"2015 Antonio Street, Anthony, TX, 79821, US"
6 PC. Crispy Chicken Nuggets,2.99,270,"2015 Antonio Street, Anthony, TX, 79821, US"
4 PC. Crispy Chicken Nuggets,1.99,180,"2015 Antonio Street, Anthony, TX, 79821, US"
6 PC. Spicy Chicken Nuggets,2.99,280,"2015 Antonio Street, Anthony, TX, 79821, US"
4 PC. Spicy Chicken Nuggets,1.99,190,"2015 Antonio Street, Anthony, TX, 79821, US"
Pretzel Baconator®,9.29,"1,050","210 PATTON STREET, HOUSTON, TX, 77009, US"
Dave's Single®,6.29,590,"210 PATTON STREET, HOUSTON, TX, 77009, US"
Dave's Double®,7.49,860,"210 PATTON STREET, HOUSTON, TX, 77009, US"
Dave's Triple®,8.59,"1,160","210 PATTON STREET, HOUSTON, TX, 77009, US"
Baconator®,8.29,960,"210 PATTON STREET, HOUSTON, TX, 77009, US"
Son of Baconator®,6.59,630,"210 PATTON STREET, HOUSTON, TX, 77009, US"
Big Bacon Classic®,7.49,650,"210 PATTON STREET, HOUSTON, TX, 77009, US"
Big Bacon Classic® Double,8.49,920,"210 PATTON STREET, HOUSTON, TX, 77009, US"
Big Bacon Classic Triple,9.49,"1,220","210 PATTON STREET, HOUSTON, TX, 77009, US"
Bacon Double Stack,5.29,440,"210 PATTON STREET, HOUSTON, TX, 77009, US"
Jr. Bacon Cheeseburger,3.79,370,"210 PATTON STREET, HOUSTON, TX, 77009, US"
Jr. Cheeseburger Deluxe,3.49,350,"210 PATTON STREET, HOUSTON, TX, 77009, US"
Jr. Cheeseburger,2.99,290,"210 PATTON STREET, HOUSTON, TX, 77009, US"
Double Stack™,4.59,410,"210 PATTON STREET, HOUSTON, TX, 77009, US"
Jr. Hamburger,2.49,250,"210 PATTON STREET, HOUSTON, TX, 77009, US"
Texas Double Cheeseburger,4.59,410,"210 PATTON STREET, HOUSTON, TX, 77009, US"
French Fries,2.69-3.79,210-470,"210 PATTON STREET, HOUSTON, TX, 77009, US"
Baconator Fries,3.99,460,"210 PATTON STREET, HOUSTON, TX, 77009, US"
Chili Cheese Fries,3.99,520,"210 PATTON STREET, HOUSTON, TX, 77009, US"
Cheese Fries,3.89,470,"210 PATTON STREET, HOUSTON, TX, 77009, US"
Chili,3.39/4.09,240/340,"210 PATTON STREET, HOUSTON, TX, 77009, US"
Sour Cream and Chive Baked Potato,3.29,310,"210 PATTON STREET, HOUSTON, TX, 77009, US"
Plain Baked Potato,2.99,270,"210 PATTON STREET, HOUSTON, TX, 77009, US"
Bacon Cheese Baked Potato,4.39,440,"210 PATTON STREET, HOUSTON, TX, 77009, US"
Chili & Cheese Baked Potato,4.59,500,"210 PATTON STREET, HOUSTON, TX, 77009, US"
Cheese Baked Potato,3.99,450,"210 PATTON STREET, HOUSTON, TX, 77009, US"
Apple Bites,2.09,35,"210 PATTON STREET, HOUSTON, TX, 77009, US"
6 PC. Crispy Chicken Nuggets,3.59,270,"210 PATTON STREET, HOUSTON, TX, 77009, US"
4 PC. Crispy Chicken Nuggets,2.99,180,"210 PATTON STREET, HOUSTON, TX, 77009, US"
6 PC. Spicy Chicken Nuggets,3.59,280,"210 PATTON STREET, HOUSTON, TX, 77009, US"
4 PC. Spicy Chicken Nuggets,2.99,190,"210 PATTON STREET, HOUSTON, TX, 77009, US"
Pretzel Baconator®,7.99,"1,050","2007 Durham, Houston, TX, 77007, US"
Dave's Single®,5.69,590,"2007 Durham, Houston, TX, 77007, US"
Dave's Double®,6.69,860,"2007 Durham, Houston, TX, 77007, US"
Dave's Triple®,7.69,"1,160","2007 Durham, Houston, TX, 77007, US"
Baconator®,7.69,960,"2007 Durham, Houston, TX, 77007, US"
Son of Baconator®,5.99,630,"2007 Durham, Houston, TX, 77007, US"
Big Bacon Classic®,6.69,650,"2007 Durham, Houston, TX, 77007, US"
Big Bacon Classic® Double,7.69,920,"2007 Durham, Houston, TX, 77007, US"
Big Bacon Classic Triple,8.69,"1,220","2007 Durham, Houston, TX, 77007, US"
Bacon Double Stack,3.99,440,"2007 Durham, Houston, TX, 77007, US"
Jr. Bacon Cheeseburger,3.29,370,"2007 Durham, Houston, TX, 77007, US"
Jr. Cheeseburger Deluxe,2.99,350,"2007 Durham, Houston, TX, 77007, US"
Jr. Cheeseburger,2.49,290,"2007 Durham, Houston, TX, 77007, US"
Double Stack™,3.59,410,"2007 Durham, Houston, TX, 77007, US"
Jr. Hamburger,2.19,250,"2007 Durham, Houston, TX, 77007, US"
Texas Double Cheeseburger,3.49,410,"2007 Durham, Houston, TX, 77007, US"
French Fries,1.59-3.49,210-470,"2007 Durham, Houston, TX, 77007, US"
Baconator Fries,3.79,460,"2007 Durham, Houston, TX, 77007, US"
Chili Cheese Fries,3.79,520,"2007 Durham, Houston, TX, 77007, US"
Cheese Fries,3.59,470,"2007 Durham, Houston, TX, 77007, US"
Family Chili,9.99,"1,100","2007 Durham, Houston, TX, 77007, US"
Chili,2.99/3.99,240/340,"2007 Durham, Houston, TX, 77007, US"
Sour Cream and Chive Baked Potato,2.99,310,"2007 Durham, Houston, TX, 77007, US"
Plain Baked Potato,2.79,270,"2007 Durham, Houston, TX, 77007, US"
Bacon Cheese Baked Potato,4.19,440,"2007 Durham, Houston, TX, 77007, US"
Chili & Cheese Baked Potato,4.19,500,"2007 Durham, Houston, TX, 77007, US"
Cheese Baked Potato,3.99,450,"2007 Durham, Houston, TX, 77007, US"
Apple Bites,1.59,35,"2007 Durham, Houston, TX, 77007, US"
6 PC. Crispy Chicken Nuggets,2.99,270,"2007 Durham, Houston, TX, 77007, US"
4 PC. Crispy Chicken Nuggets,2.29,180,"2007 Durham, Houston, TX, 77007, US"
6 PC. Spicy Chicken Nuggets,2.99,280,"2007 Durham, Houston, TX, 77007, US"
4 PC. Spicy Chicken Nuggets,2.29,190,"2007 Durham, Houston, TX, 77007, US"
Pretzel Baconator®,7.99,"1,050","3415 Navigation Blvd, Houston, TX, 77003, US"
Dave's Single®,5.69,590,"3415 Navigation Blvd, Houston, TX, 77003, US"
Dave's Double®,6.69,860,"3415 Navigation Blvd, Houston, TX, 77003, US"
Dave's Triple®,7.69,"1,160","3415 Navigation Blvd, Houston, TX, 77003, US"
Baconator®,7.69,960,"3415 Navigation Blvd, Houston, TX, 77003, US"
Son of Baconator®,5.99,630,"3415 Navigation Blvd, Houston, TX, 77003, US"
Big Bacon Classic®,6.69,650,"3415 Navigation Blvd, Houston, TX, 77003, US"
Big Bacon Classic® Double,7.69,920,"3415 Navigation Blvd, Houston, TX, 77003, US"
Big Bacon Classic Triple,8.69,"1,220","3415 Navigation Blvd, Houston, TX, 77003, US"
Bacon Double Stack,3.99,440,"3415 Navigation Blvd, Houston, TX, 77003, US"
Jr. Bacon Cheeseburger,3.29,370,"3415 Navigation Blvd, Houston, TX, 77003, US"
Jr. Cheeseburger Deluxe,2.99,340,"3415 Navigation Blvd, Houston, TX, 77003, US"
Jr. Cheeseburger Deluxe,2.99,350,"3415 Navigation Blvd, Houston, TX, 77003, US"
Jr. Cheeseburger,2.49,290,"3415 Navigation Blvd, Houston, TX, 77003, US"
Double Stack™,3.59,410,"3415 Navigation Blvd, Houston, TX, 77003, US"
Jr. Hamburger,2.19,250,"3415 Navigation Blvd, Houston, TX, 77003, US"
Texas Double Cheeseburger,3.49,410,"3415 Navigation Blvd, Houston, TX, 77003, US"
French Fries,1.59-3.49,210-470,"3415 Navigation Blvd, Houston, TX, 77003, US"
Baconator Fries,3.79,460,"3415 Navigation Blvd, Houston, TX, 77003, US"
Chili Cheese Fries,3.79,520,"3415 Navigation Blvd, Houston, TX, 77003, US"
Cheese Fries,3.59,470,"3415 Navigation Blvd, Houston, TX, 77003, US"
Chili,2.99/3.99,240/340,"3415 Navigation Blvd, Houston, TX, 77003, US"
Sour Cream and Chive Baked Potato,2.99,310,"3415 Navigation Blvd, Houston, TX, 77003, US"
Plain Baked Potato,2.79,270,"3415 Navigation Blvd, Houston, TX, 77003, US"
Bacon Cheese Baked Potato,4.19,440,"3415 Navigation Blvd, Houston, TX, 77003, US"
Chili & Cheese Baked Potato,4.19,500,"3415 Navigation Blvd, Houston, TX, 77003, US"
Cheese Baked Potato,3.99,450,"3415 Navigation Blvd, Houston, TX, 77003, US"
Apple Bites,1.59,35,"3415 Navigation Blvd, Houston, TX, 77003, US"
6 PC. Crispy Chicken Nuggets,2.99,270,"3415 Navigation Blvd, Houston, TX, 77003, US"
4 PC. Crispy Chicken Nuggets,2.29,180,"3415 Navigation Blvd, Houston, TX, 77003, US"
6 PC. Spicy Chicken Nuggets,2.99,280,"3415 Navigation Blvd, Houston, TX, 77003, US"
4 PC. Spicy Chicken Nuggets,2.29,190,"3415 Navigation Blvd, Houston, TX, 77003, US"
Pretzel Baconator®,7.99,"1,050","5850 Gulf Fwy, Houston, TX, 77023, US"
Dave's Single®,5.69,590,"5850 Gulf Fwy, Houston, TX, 77023, US"
Dave's Double®,6.69,860,"5850 Gulf Fwy, Houston, TX, 77023, US"
Dave's Triple®,7.69,"1,160","5850 Gulf Fwy, Houston, TX, 77023, US"
Baconator®,7.69,960,"5850 Gulf Fwy, Houston, TX, 77023, US"
Son of Baconator®,5.99,630,"5850 Gulf Fwy, Houston, TX, 77023, US"
Big Bacon Classic®,6.69,650,"5850 Gulf Fwy, Houston, TX, 77023, US"
Big Bacon Classic® Double,7.69,920,"5850 Gulf Fwy, Houston, TX, 77023, US"
Big Bacon Classic Triple,8.69,"1,220","5850 Gulf Fwy, Houston, TX, 77023, US"
Bacon Double Stack,3.99,440,"5850 Gulf Fwy, Houston, TX, 77023, US"
Jr. Bacon Cheeseburger,3.29,370,"5850 Gulf Fwy, Houston, TX, 77023, US"
Jr. Cheeseburger Deluxe,2.99,350,"5850 Gulf Fwy, Houston, TX, 77023, US"
Jr. Cheeseburger,2.49,290,"5850 Gulf Fwy, Houston, TX, 77023, US"
Double Stack™,3.59,410,"5850 Gulf Fwy, Houston, TX, 77023, US"
Jr. Hamburger,2.19,250,"5850 Gulf Fwy, Houston, TX, 77023, US"
Texas Double Cheeseburger,3.49,410,"5850 Gulf Fwy, Houston, TX, 77023, US"
French Fries,1.59-3.49,210-470,"5850 Gulf Fwy, Houston, TX, 77023, US"
Baconator Fries,3.79,460,"5850 Gulf Fwy, Houston, TX, 77023, US"
Chili Cheese Fries,3.79,520,"5850 Gulf Fwy, Houston, TX, 77023, US"
Cheese Fries,3.59,470,"5850 Gulf Fwy, Houston, TX, 77023, US"
Chili,2.99/3.99,240/340,"5850 Gulf Fwy, Houston, TX, 77023, US"
Sour Cream and Chive Baked Potato,2.99,310,"5850 Gulf Fwy, Houston, TX, 77023, US"
Plain Baked Potato,2.79,270,"5850 Gulf Fwy, Houston, TX, 77023, US"
Bacon Cheese Baked Potato,4.19,440,"5850 Gulf Fwy, Houston, TX, 77023, US"
Chili & Cheese Baked Potato,4.19,500,"5850 Gulf Fwy, Houston, TX, 77023, US"
Cheese Baked Potato,3.99,450,"5850 Gulf Fwy, Houston, TX, 77023, US"
Apple Bites,1.59,35,"5850 Gulf Fwy, Houston, TX, 77023, US"
6 PC. Crispy Chicken Nuggets,2.99,270,"5850 Gulf Fwy, Houston, TX, 77023, US"
4 PC. Crispy Chicken Nuggets,2.29,180,"5850 Gulf Fwy, Houston, TX, 77023, US"
6 PC. Spicy Chicken Nuggets,2.99,280,"5850 Gulf Fwy, Houston, TX, 77023, US"
4 PC. Spicy Chicken Nuggets,2.29,190,"5850 Gulf Fwy, Houston, TX, 77023, US"
Pretzel Baconator®,9.29,"1,050","94 E. Crosstimbers St, Houston, TX, 77022, US"
Dave's Single®,6.29,590,"94 E. Crosstimbers St, Houston, TX, 77022, US"
Dave's Double®,7.49,860,"94 E. Crosstimbers St, Houston, TX, 77022, US"
Dave's Triple®,8.59,"1,160","94 E. Crosstimbers St, Houston, TX, 77022, US"
Baconator®,8.29,960,"94 E. Crosstimbers St, Houston, TX, 77022, US"
Son of Baconator®,6.59,630,"94 E. Crosstimbers St, Houston, TX, 77022, US"
Big Bacon Classic®,7.49,650,"94 E. Crosstimbers St, Houston, TX, 77022, US"
Big Bacon Classic® Double,8.49,920,"94 E. Crosstimbers St, Houston, TX, 77022, US"
Big Bacon Classic Triple,9.49,"1,220","94 E. Crosstimbers St, Houston, TX, 77022, US"
Bacon Double Stack,5.29,440,"94 E. Crosstimbers St, Houston, TX, 77022, US"
Jr. Bacon Cheeseburger,3.79,370,"94 E. Crosstimbers St, Houston, TX, 77022, US"
Jr. Cheeseburger Deluxe,3.49,350,"94 E. Crosstimbers St, Houston, TX, 77022, US"
Jr. Cheeseburger,2.99,290,"94 E. Crosstimbers St, Houston, TX, 77022, US"
Double Stack™,4.59,410,"94 E. Crosstimbers St, Houston, TX, 77022, US"
Jr. Hamburger,2.49,250,"94 E. Crosstimbers St, Houston, TX, 77022, US"
Texas Double Cheeseburger,4.59,410,"94 E. Crosstimbers St, Houston, TX, 77022, US"
French Fries,2.69-3.79,210-470,"94 E. Crosstimbers St, Houston, TX, 77022, US"
Baconator Fries,3.99,460,"94 E. Crosstimbers St, Houston, TX, 77022, US"
Chili Cheese Fries,3.99,520,"94 E. Crosstimbers St, Houston, TX, 77022, US"
Cheese Fries,3.89,470,"94 E. Crosstimbers St, Houston, TX, 77022, US"
Chili,3.39/4.09,240/340,"94 E. Crosstimbers St, Houston, TX, 77022, US"
Sour Cream and Chive Baked Potato,3.29,310,"94 E. Crosstimbers St, Houston, TX, 77022, US"
Plain Baked Potato,2.99,270,"94 E. Crosstimbers St, Houston, TX, 77022, US"
Bacon Cheese Baked Potato,4.39,440,"94 E. Crosstimbers St, Houston, TX, 77022, US"
Chili & Cheese Baked Potato,4.59,500,"94 E. Crosstimbers St, Houston, TX, 77022, US"
Cheese Baked Potato,3.99,450,"94 E. Crosstimbers St, Houston, TX, 77022, US"
Apple Bites,2.09,35,"94 E. Crosstimbers St, Houston, TX, 77022, US"
6 PC. Crispy Chicken Nuggets,3.59,270,"94 E. Crosstimbers St, Houston, TX, 77022, US"
4 PC. Crispy Chicken Nuggets,2.99,180,"94 E. Crosstimbers St, Houston, TX, 77022, US"
6 PC. Spicy Chicken Nuggets,3.59,280,"94 E. Crosstimbers St, Houston, TX, 77022, US"
4 PC. Spicy Chicken Nuggets,2.99,190,"94 E. Crosstimbers St, Houston, TX, 77022, US"
Pretzel Baconator®,9.29,"1,050","2901 Airline Dr, Houston, TX, 77009, US"
Dave's Single®,6.29,590,"2901 Airline Dr, Houston, TX, 77009, US"
Dave's Double®,7.49,860,"2901 Airline Dr, Houston, TX, 77009, US"
Dave's Triple®,8.59,"1,160","2901 Airline Dr, Houston, TX, 77009, US"
Baconator®,8.29,960,"2901 Airline Dr, Houston, TX, 77009, US"
Son of Baconator®,6.59,630,"2901 Airline Dr, Houston, TX, 77009, US"
Big Bacon Classic®,7.49,650,"2901 Airline Dr, Houston, TX, 77009, US"
Big Bacon Classic® Double,8.49,920,"2901 Airline Dr, Houston, TX, 77009, US"
Big Bacon Classic Triple,9.49,"1,220","2901 Airline Dr, Houston, TX, 77009, US"
Bacon Double Stack,5.29,440,"2901 Airline Dr, Houston, TX, 77009, US"
Jr. Bacon Cheeseburger,3.79,370,"2901 Airline Dr, Houston, TX, 77009, US"
Jr. Cheeseburger Deluxe,3.49,350,"2901 Airline Dr, Houston, TX, 77009, US"
Jr. Cheeseburger,2.99,290,"2901 Airline Dr, Houston, TX, 77009, US"
Double Stack™,4.59,410,"2901 Airline Dr, Houston, TX, 77009, US"
Jr. Hamburger,2.49,250,"2901 Airline Dr, Houston, TX, 77009, US"
Texas Double Cheeseburger,4.59,410,"2901 Airline Dr, Houston, TX, 77009, US"
French Fries,2.69-3.79,210-470,"2901 Airline Dr, Houston, TX, 77009, US"
Baconator Fries,3.99,460,"2901 Airline Dr, Houston, TX, 77009, US"
Chili Cheese Fries,3.99,520,"2901 Airline Dr, Houston, TX, 77009, US"
Cheese Fries,3.89,470,"2901 Airline Dr, Houston, TX, 77009, US"
Chili,3.39/4.09,240/340,"2901 Airline Dr, Houston, TX, 77009, US"
Sour Cream and Chive Baked Potato,3.29,310,"2901 Airline Dr, Houston, TX, 77009, US"
Plain Baked Potato,2.99,270,"2901 Airline Dr, Houston, TX, 77009, US"
Bacon Cheese Baked Potato,4.39,440,"2901 Airline Dr, Houston, TX, 77009, US"
Chili & Cheese Baked Potato,4.59,500,"2901 Airline Dr, Houston, TX, 77009, US"
Cheese Baked Potato,3.99,450,"2901 Airline Dr, Houston, TX, 77009, US"
Apple Bites,2.09,35,"2901 Airline Dr, Houston, TX, 77009, US"
6 PC. Crispy Chicken Nuggets,3.59,270,"2901 Airline Dr, Houston, TX, 77009, US"
4 PC. Crispy Chicken Nuggets,2.99,180,"2901 Airline Dr, Houston, TX, 77009, US"
6 PC. Spicy Chicken Nuggets,3.59,280,"2901 Airline Dr, Houston, TX, 77009, US"
4 PC. Spicy Chicken Nuggets,2.99,190,"2901 Airline Dr, Houston, TX, 77009, US"
Pretzel Baconator®,7.99,"1,050","1750 West Main, League City, TX, 77573, US"
Dave's Single®,5.69,590,"1750 West Main, League City, TX, 77573, US"
Dave's Double®,6.69,860,"1750 West Main, League City, TX, 77573, US"
Dave's Triple®,7.69,"1,160","1750 West Main, League City, TX, 77573, US"
Baconator®,7.69,960,"1750 West Main, League City, TX, 77573, US"
Son of Baconator®,5.99,630,"1750 West Main, League City, TX, 77573, US"
Big Bacon Classic®,6.69,650,"1750 West Main, League City, TX, 77573, US"
Big Bacon Classic® Double,7.69,920,"1750 West Main, League City, TX, 77573, US"
Big Bacon Classic Triple,8.69,"1,220","1750 West Main, League City, TX, 77573, US"
Bacon Double Stack,3.99,440,"1750 West Main, League City, TX, 77573, US"
Jr. Bacon Cheeseburger,3.29,370,"1750 West Main, League City, TX, 77573, US"
Jr. Cheeseburger Deluxe,2.99,350,"1750 West Main, League City, TX, 77573, US"
Jr. Cheeseburger,2.49,290,"1750 West Main, League City, TX, 77573, US"
Double Stack™,3.59,410,"1750 West Main, League City, TX, 77573, US"
Jr. Hamburger,2.19,250,"1750 West Main, League City, TX, 77573, US"
Texas Double Cheeseburger,3.49,410,"1750 West Main, League City, TX, 77573, US"
French Fries,1.59-3.49,210-470,"1750 West Main, League City, TX, 77573, US"
Baconator Fries,3.79,460,"1750 West Main, League City, TX, 77573, US"
Chili Cheese Fries,3.79,520,"1750 West Main, League City, TX, 77573, US"
Cheese Fries,3.59,470,"1750 West Main, League City, TX, 77573, US"
Family Chili,9.99,"1,100","1750 West Main, League City, TX, 77573, US"
Chili,2.99/3.99,240/340,"1750 West Main, League City, TX, 77573, US"
Sour Cream and Chive Baked Potato,2.99,310,"1750 West Main, League City, TX, 77573, US"
Plain Baked Potato,2.79,270,"1750 West Main, League City, TX, 77573, US"
Bacon Cheese Baked Potato,4.19,440,"1750 West Main, League City, TX, 77573, US"
Chili & Cheese Baked Potato,4.19,500,"1750 West Main, League City, TX, 77573, US"
Cheese Baked Potato,3.99,450,"1750 West Main, League City, TX, 77573, US"
Apple Bites,1.59,35,"1750 West Main, League City, TX, 77573, US"
6 PC. Crispy Chicken Nuggets,2.99,270,"1750 West Main, League City, TX, 77573, US"
4 PC. Crispy Chicken Nuggets,2.29,180,"1750 West Main, League City, TX, 77573, US"
6 PC. Spicy Chicken Nuggets,2.99,280,"1750 West Main, League City, TX, 77573, US"
4 PC. Spicy Chicken Nuggets,2.29,190,"1750 West Main, League City, TX, 77573, US"
Pretzel Baconator®,8.49,"1,050","2535 E., League City, TX, 77573, US"
Dave's Single®,5.89,590,"2535 E., League City, TX, 77573, US"
Dave's Double®,6.89,860,"2535 E., League City, TX, 77573, US"
Dave's Triple®,7.89,"1,160","2535 E., League City, TX, 77573, US"
Baconator®,7.69,960,"2535 E., League City, TX, 77573, US"
Son of Baconator®,6.19,630,"2535 E., League City, TX, 77573, US"
Big Bacon Classic®,6.89,650,"2535 E., League City, TX, 77573, US"
Big Bacon Classic® Double,7.89,920,"2535 E., League City, TX, 77573, US"
Big Bacon Classic Triple,8.89,"1,220","2535 E., League City, TX, 77573, US"
Bacon Double Stack,4.09,440,"2535 E., League City, TX, 77573, US"
Jr. Bacon Cheeseburger,3.39,370,"2535 E., League City, TX, 77573, US"
Jr. Cheeseburger Deluxe,3.19,350,"2535 E., League City, TX, 77573, US"
Jr. Cheeseburger,2.49,290,"2535 E., League City, TX, 77573, US"
Double Stack™,3.69,410,"2535 E., League City, TX, 77573, US"
Jr. Hamburger,2.09,250,"2535 E., League City, TX, 77573, US"
Texas Double Cheeseburger,3.59,410,"2535 E., League City, TX, 77573, US"
French Fries,1.79-3.39,210-470,"2535 E., League City, TX, 77573, US"
Baconator Fries,3.79,460,"2535 E., League City, TX, 77573, US"
Chili Cheese Fries,3.79,520,"2535 E., League City, TX, 77573, US"
Cheese Fries,3.19,470,"2535 E., League City, TX, 77573, US"
Chili,2.99/3.99,240/340,"2535 E., League City, TX, 77573, US"
Sour Cream and Chive Baked Potato,3.49,310,"2535 E., League City, TX, 77573, US"
Plain Baked Potato,1.59,270,"2535 E., League City, TX, 77573, US"
Bacon Cheese Baked Potato,4.29,440,"2535 E., League City, TX, 77573, US"
Chili & Cheese Baked Potato,4.29,500,"2535 E., League City, TX, 77573, US"
Cheese Baked Potato,4.29,450,"2535 E., League City, TX, 77573, US"
Apple Bites,1.59,35,"2535 E., League City, TX, 77573, US"
6 PC. Crispy Chicken Nuggets,2.99,270,"2535 E., League City, TX, 77573, US"
4 PC. Crispy Chicken Nuggets,2.29,180,"2535 E., League City, TX, 77573, US"
6 PC. Spicy Chicken Nuggets,2.99,280,"2535 E., League City, TX, 77573, US"
4 PC. Spicy Chicken Nuggets,2.29,190,"2535 E., League City, TX, 77573, US"
Pretzel Baconator®,7.99,"1,050","2212 E Main St, League City, TX, 77573, US"
Dave's Single®,5.69,590,"2212 E Main St, League City, TX, 77573, US"
Dave's Double®,6.69,860,"2212 E Main St, League City, TX, 77573, US"
Dave's Triple®,7.69,"1,160","2212 E Main St, League City, TX, 77573, US"
Baconator®,7.69,960,"2212 E Main St, League City, TX, 77573, US"
Son of Baconator®,5.99,630,"2212 E Main St, League City, TX, 77573, US"
Big Bacon Classic®,6.69,650,"2212 E Main St, League City, TX, 77573, US"
Big Bacon Classic® Double,7.69,920,"2212 E Main St, League City, TX, 77573, US"
Big Bacon Classic Triple,8.69,"1,220","2212 E Main St, League City, TX, 77573, US"
Bacon Double Stack,3.99,440,"2212 E Main St, League City, TX, 77573, US"
Jr. Bacon Cheeseburger,3.29,370,"2212 E Main St, League City, TX, 77573, US"
Jr. Cheeseburger Deluxe,2.99,350,"2212 E Main St, League City, TX, 77573, US"
Jr. Cheeseburger,2.49,290,"2212 E Main St, League City, TX, 77573, US"
Double Stack™,3.59,410,"2212 E Main St, League City, TX, 77573, US"
Jr. Hamburger,2.19,250,"2212 E Main St, League City, TX, 77573, US"
Texas Double Cheeseburger,3.49,410,"2212 E Main St, League City, TX, 77573, US"
French Fries,1.59-3.49,210-470,"2212 E Main St, League City, TX, 77573, US"
Baconator Fries,3.79,460,"2212 E Main St, League City, TX, 77573, US"
Chili Cheese Fries,3.79,520,"2212 E Main St, League City, TX, 77573, US"
Cheese Fries,3.59,470,"2212 E Main St, League City, TX, 77573, US"
Chili,2.99/3.99,240/340,"2212 E Main St, League City, TX, 77573, US"
Sour Cream and Chive Baked Potato,2.99,310,"2212 E Main St, League City, TX, 77573, US"
Plain Baked Potato,2.79,270,"2212 E Main St, League City, TX, 77573, US"
Bacon Cheese Baked Potato,4.19,440,"2212 E Main St, League City, TX, 77573, US"
Chili & Cheese Baked Potato,4.19,500,"2212 E Main St, League City, TX, 77573, US"
Cheese Baked Potato,3.99,450,"2212 E Main St, League City, TX, 77573, US"
Apple Bites,1.59,35,"2212 E Main St, League City, TX, 77573, US"
6 PC. Crispy Chicken Nuggets,2.99,270,"2212 E Main St, League City, TX, 77573, US"
4 PC. Crispy Chicken Nuggets,2.29,180,"2212 E Main St, League City, TX, 77573, US"
6 PC. Spicy Chicken Nuggets,2.99,280,"2212 E Main St, League City, TX, 77573, US"
4 PC. Spicy Chicken Nuggets,2.29,190,"2212 E Main St, League City, TX, 77573, US"
Pretzel Baconator®,7.99,"1,050","1503 W, League City, TX, 77573, US"
Dave's Single®,5.69,590,"1503 W, League City, TX, 77573, US"
Dave's Double®,6.69,860,"1503 W, League City, TX, 77573, US"
Dave's Triple®,7.69,"1,160","1503 W, League City, TX, 77573, US"
Baconator®,7.69,960,"1503 W, League City, TX, 77573, US"
Son of Baconator®,5.99,630,"1503 W, League City, TX, 77573, US"
Big Bacon Classic®,6.69,650,"1503 W, League City, TX, 77573, US"
Big Bacon Classic® Double,7.69,920,"1503 W, League City, TX, 77573, US"
Big Bacon Classic Triple,8.69,"1,220","1503 W, League City, TX, 77573, US"
Bacon Double Stack,3.99,440,"1503 W, League City, TX, 77573, US"
Jr. Bacon Cheeseburger,3.29,370,"1503 W, League City, TX, 77573, US"
Jr. Cheeseburger Deluxe,2.99,350,"1503 W, League City, TX, 77573, US"
Jr. Cheeseburger,2.49,290,"1503 W, League City, TX, 77573, US"
Double Stack™,3.59,410,"1503 W, League City, TX, 77573, US"
Jr. Hamburger,2.19,250,"1503 W, League City, TX, 77573, US"
Texas Double Cheeseburger,3.49,410,"1503 W, League City, TX, 77573, US"
French Fries,1.59-3.49,210-470,"1503 W, League City, TX, 77573, US"
Baconator Fries,3.79,460,"1503 W, League City, TX, 77573, US"
Chili Cheese Fries,3.79,520,"1503 W, League City, TX, 77573, US"
Cheese Fries,3.59,470,"1503 W, League City, TX, 77573, US"
Family Chili,9.99,"1,100","1503 W, League City, TX, 77573, US"
Chili,2.99/3.99,240/340,"1503 W, League City, TX, 77573, US"
Sour Cream and Chive Baked Potato,2.99,310,"1503 W, League City, TX, 77573, US"
Plain Baked Potato,2.79,270,"1503 W, League City, TX, 77573, US"
Bacon Cheese Baked Potato,4.19,440,"1503 W, League City, TX, 77573, US"
Chili & Cheese Baked Potato,4.19,500,"1503 W, League City, TX, 77573, US"
Cheese Baked Potato,3.99,450,"1503 W, League City, TX, 77573, US"
Apple Bites,1.59,35,"1503 W, League City, TX, 77573, US"
6 PC. Crispy Chicken Nuggets,2.99,270,"1503 W, League City, TX, 77573, US"
4 PC. Crispy Chicken Nuggets,2.29,180,"1503 W, League City, TX, 77573, US"
6 PC. Spicy Chicken Nuggets,2.99,280,"1503 W, League City, TX, 77573, US"
4 PC. Spicy Chicken Nuggets,2.29,190,"1503 W, League City, TX, 77573, US"
Pretzel Baconator®,7.99,"1,050","2940 GULF FREEWAY, League City, TX, 77573, US"
Dave's Single®,5.69,590,"2940 GULF FREEWAY, League City, TX, 77573, US"
Dave's Double®,6.69,860,"2940 GULF FREEWAY, League City, TX, 77573, US"
Dave's Triple®,7.69,"1,160","2940 GULF FREEWAY, League City, TX, 77573, US"
Baconator®,7.69,960,"2940 GULF FREEWAY, League City, TX, 77573, US"
Son of Baconator®,5.99,630,"2940 GULF FREEWAY, League City, TX, 77573, US"
Big Bacon Classic®,6.69,650,"2940 GULF FREEWAY, League City, TX, 77573, US"
Big Bacon Classic® Double,7.69,920,"2940 GULF FREEWAY, League City, TX, 77573, US"
Big Bacon Classic Triple,8.69,"1,220","2940 GULF FREEWAY, League City, TX, 77573, US"
Bacon Double Stack,3.99,440,"2940 GULF FREEWAY, League City, TX, 77573, US"
Jr. Bacon Cheeseburger,3.29,370,"2940 GULF FREEWAY, League City, TX, 77573, US"
Jr. Cheeseburger Deluxe,2.99,350,"2940 GULF FREEWAY, League City, TX, 77573, US"
Jr. Cheeseburger,2.49,290,"2940 GULF FREEWAY, League City, TX, 77573, US"
Double Stack™,3.59,410,"2940 GULF FREEWAY, League City, TX, 77573, US"
Jr. Hamburger,2.19,250,"2940 GULF FREEWAY, League City, TX, 77573, US"
Texas Double Cheeseburger,3.49,410,"2940 GULF FREEWAY, League City, TX, 77573, US"
French Fries,1.59-3.49,210-470,"2940 GULF FREEWAY, League City, TX, 77573, US"
Baconator Fries,3.79,460,"2940 GULF FREEWAY, League City, TX, 77573, US"
Chili Cheese Fries,3.79,520,"2940 GULF FREEWAY, League City, TX, 77573, US"
Cheese Fries,3.59,470,"2940 GULF FREEWAY, League City, TX, 77573, US"
Family Chili,9.99,"1,100","2940 GULF FREEWAY, League City, TX, 77573, US"
Chili,2.99/3.99,240/340,"2940 GULF FREEWAY, League City, TX, 77573, US"
Sour Cream and Chive Baked Potato,2.99,310,"2940 GULF FREEWAY, League City, TX, 77573, US"
Plain Baked Potato,2.79,270,"2940 GULF FREEWAY, League City, TX, 77573, US"
Bacon Cheese Baked Potato,4.19,440,"2940 GULF FREEWAY, League City, TX, 77573, US"
Chili & Cheese Baked Potato,4.19,500,"2940 GULF FREEWAY, League City, TX, 77573, US"
Cheese Baked Potato,3.99,450,"2940 GULF FREEWAY, League City, TX, 77573, US"
Apple Bites,1.59,35,"2940 GULF FREEWAY, League City, TX, 77573, US"
6 PC. Crispy Chicken Nuggets,2.99,270,"2940 GULF FREEWAY, League City, TX, 77573, US"
4 PC. Crispy Chicken Nuggets,2.29,180,"2940 GULF FREEWAY, League City, TX, 77573, US"
6 PC. Spicy Chicken Nuggets,2.99,280,"2940 GULF FREEWAY, League City, TX, 77573, US"
4 PC. Spicy Chicken Nuggets,2.29,190,"2940 GULF FREEWAY, League City, TX, 77573, US"
Pretzel Baconator®,7.99,"1,050","1400 Nasa Rd. 1, Nassau Bay, TX, 77058, US"
Dave's Single®,5.69,590,"1400 Nasa Rd. 1, Nassau Bay, TX, 77058, US"
Dave's Double®,6.69,860,"1400 Nasa Rd. 1, Nassau Bay, TX, 77058, US"
Dave's Triple®,7.69,"1,160","1400 Nasa Rd. 1, Nassau Bay, TX, 77058, US"
Baconator®,7.69,960,"1400 Nasa Rd. 1, Nassau Bay, TX, 77058, US"
Son of Baconator®,5.99,630,"1400 Nasa Rd. 1, Nassau Bay, TX, 77058, US"
Big Bacon Classic®,6.69,650,"1400 Nasa Rd. 1, Nassau Bay, TX, 77058, US"
Big Bacon Classic® Double,7.69,920,"1400 Nasa Rd. 1, Nassau Bay, TX, 77058, US"
Big Bacon Classic Triple,8.69,"1,220","1400 Nasa Rd. 1, Nassau Bay, TX, 77058, US"
Bacon Double Stack,3.99,440,"1400 Nasa Rd. 1, Nassau Bay, TX, 77058, US"
Jr. Bacon Cheeseburger,3.29,370,"1400 Nasa Rd. 1, Nassau Bay, TX, 77058, US"
Jr. Cheeseburger Deluxe,2.99,350,"1400 Nasa Rd. 1, Nassau Bay, TX, 77058, US"
Jr. Cheeseburger,2.49,290,"1400 Nasa Rd. 1, Nassau Bay, TX, 77058, US"
Double Stack™,3.59,410,"1400 Nasa Rd. 1, Nassau Bay, TX, 77058, US"
Jr. Hamburger,2.19,250,"1400 Nasa Rd. 1, Nassau Bay, TX, 77058, US"
Texas Double Cheeseburger,3.49,410,"1400 Nasa Rd. 1, Nassau Bay, TX, 77058, US"
French Fries,1.59-3.49,210-470,"1400 Nasa Rd. 1, Nassau Bay, TX, 77058, US"
Baconator Fries,3.79,460,"1400 Nasa Rd. 1, Nassau Bay, TX, 77058, US"
Chili Cheese Fries,3.79,520,"1400 Nasa Rd. 1, Nassau Bay, TX, 77058, US"
Cheese Fries,3.59,470,"1400 Nasa Rd. 1, Nassau Bay, TX, 77058, US"
Chili,2.99/3.99,240/340,"1400 Nasa Rd. 1, Nassau Bay, TX, 77058, US"
Sour Cream and Chive Baked Potato,2.99,310,"1400 Nasa Rd. 1, Nassau Bay, TX, 77058, US"
Plain Baked Potato,2.79,270,"1400 Nasa Rd. 1, Nassau Bay, TX, 77058, US"
Bacon Cheese Baked Potato,4.19,440,"1400 Nasa Rd. 1, Nassau Bay, TX, 77058, US"
Chili & Cheese Baked Potato,4.19,500,"1400 Nasa Rd. 1, Nassau Bay, TX, 77058, US"
Cheese Baked Potato,3.99,450,"1400 Nasa Rd. 1, Nassau Bay, TX, 77058, US"
Apple Bites,1.59,35,"1400 Nasa Rd. 1, Nassau Bay, TX, 77058, US"
6 PC. Crispy Chicken Nuggets,2.99,270,"1400 Nasa Rd. 1, Nassau Bay, TX, 77058, US"
4 PC. Crispy Chicken Nuggets,2.29,180,"1400 Nasa Rd. 1, Nassau Bay, TX, 77058, US"
6 PC. Spicy Chicken Nuggets,2.99,280,"1400 Nasa Rd. 1, Nassau Bay, TX, 77058, US"
4 PC. Spicy Chicken Nuggets,2.29,190,"1400 Nasa Rd. 1, Nassau Bay, TX, 77058, US"
Pretzel Baconator®,7.99,"1,050","301 W. Southmore Ave, Pasadena, TX, 77502, US"
Dave's Single®,5.69,590,"301 W. Southmore Ave, Pasadena, TX, 77502, US"
Dave's Double®,6.69,860,"301 W. Southmore Ave, Pasadena, TX, 77502, US"
Dave's Triple®,7.69,"1,160","301 W. Southmore Ave, Pasadena, TX, 77502, US"
Baconator®,7.69,960,"301 W. Southmore Ave, Pasadena, TX, 77502, US"
Son of Baconator®,5.99,630,"301 W. Southmore Ave, Pasadena, TX, 77502, US"
Big Bacon Classic®,6.69,650,"301 W. Southmore Ave, Pasadena, TX, 77502, US"
Big Bacon Classic® Double,7.69,920,"301 W. Southmore Ave, Pasadena, TX, 77502, US"
Big Bacon Classic Triple,8.69,"1,220","301 W. Southmore Ave, Pasadena, TX, 77502, US"
Bacon Double Stack,3.99,440,"301 W. Southmore Ave, Pasadena, TX, 77502, US"
Jr. Bacon Cheeseburger,3.29,370,"301 W. Southmore Ave, Pasadena, TX, 77502, US"
Jr. Cheeseburger Deluxe,2.99,340,"301 W. Southmore Ave, Pasadena, TX, 77502, US"
Jr. Cheeseburger Deluxe,2.99,350,"301 W. Southmore Ave, Pasadena, TX, 77502, US"
Jr. Cheeseburger,2.49,290,"301 W. Southmore Ave, Pasadena, TX, 77502, US"
Double Stack™,3.59,410,"301 W. Southmore Ave, Pasadena, TX, 77502, US"
Jr. Hamburger,2.19,250,"301 W. Southmore Ave, Pasadena, TX, 77502, US"
Texas Double Cheeseburger,3.49,410,"301 W. Southmore Ave, Pasadena, TX, 77502, US"
French Fries,1.59-3.49,210-470,"301 W. Southmore Ave, Pasadena, TX, 77502, US"
Baconator Fries,3.79,460,"301 W. Southmore Ave, Pasadena, TX, 77502, US"
Chili Cheese Fries,3.79,520,"301 W. Southmore Ave, Pasadena, TX, 77502, US"
Cheese Fries,3.59,470,"301 W. Southmore Ave, Pasadena, TX, 77502, US"
Family Chili,9.99,"1,100","301 W. Southmore Ave, Pasadena, TX, 77502, US"
Chili,2.99/3.99,240/340,"301 W. Southmore Ave, Pasadena, TX, 77502, US"
Sour Cream and Chive Baked Potato,2.99,310,"301 W. Southmore Ave, Pasadena, TX, 77502, US"
Plain Baked Potato,2.79,270,"301 W. Southmore Ave, Pasadena, TX, 77502, US"
Bacon Cheese Baked Potato,4.19,440,"301 W. Southmore Ave, Pasadena, TX, 77502, US"
Chili & Cheese Baked Potato,4.19,500,"301 W. Southmore Ave, Pasadena, TX, 77502, US"
Cheese Baked Potato,3.99,450,"301 W. Southmore Ave, Pasadena, TX, 77502, US"
Apple Bites,1.59,35,"301 W. Southmore Ave, Pasadena, TX, 77502, US"
6 PC. Crispy Chicken Nuggets,2.99,270,"301 W. Southmore Ave, Pasadena, TX, 77502, US"
4 PC. Crispy Chicken Nuggets,2.29,180,"301 W. Southmore Ave, Pasadena, TX, 77502, US"
6 PC. Spicy Chicken Nuggets,2.99,280,"301 W. Southmore Ave, Pasadena, TX, 77502, US"
4 PC. Spicy Chicken Nuggets,2.29,190,"301 W. Southmore Ave, Pasadena, TX, 77502, US"
Pretzel Baconator®,8.19,"1,050","1108 East Jackson Avenue, Mcallen, TX, 78503, US"
Dave's Single®,5.99,590,"1108 East Jackson Avenue, Mcallen, TX, 78503, US"
Dave's Double®,6.99,860,"1108 East Jackson Avenue, Mcallen, TX, 78503, US"
Dave's Triple®,7.99,"1,160","1108 East Jackson Avenue, Mcallen, TX, 78503, US"
Baconator®,7.19,960,"1108 East Jackson Avenue, Mcallen, TX, 78503, US"
Son of Baconator®,5.49,630,"1108 East Jackson Avenue, Mcallen, TX, 78503, US"
Big Bacon Classic®,6.29,650,"1108 East Jackson Avenue, Mcallen, TX, 78503, US"
Big Bacon Classic® Double,7.29,920,"1108 East Jackson Avenue, Mcallen, TX, 78503, US"
Big Bacon Classic Triple,8.29,"1,220","1108 East Jackson Avenue, Mcallen, TX, 78503, US"
Bacon Double Stack,3.79,440,"1108 East Jackson Avenue, Mcallen, TX, 78503, US"
Jr. Bacon Cheeseburger,2.69,370,"1108 East Jackson Avenue, Mcallen, TX, 78503, US"
Jr. Cheeseburger Deluxe,2.19,340,"1108 East Jackson Avenue, Mcallen, TX, 78503, US"
Jr. Cheeseburger Deluxe,2.19,350,"1108 East Jackson Avenue, Mcallen, TX, 78503, US"
Jr. Cheeseburger,1.99,290,"1108 East Jackson Avenue, Mcallen, TX, 78503, US"
Double Stack™,2.99,410,"1108 East Jackson Avenue, Mcallen, TX, 78503, US"
Jr. Hamburger,1.59,250,"1108 East Jackson Avenue, Mcallen, TX, 78503, US"
Texas Double Cheeseburger,2.69,410,"1108 East Jackson Avenue, Mcallen, TX, 78503, US"
French Fries,1.19-2.99,210-470,"1108 East Jackson Avenue, Mcallen, TX, 78503, US"
Baconator Fries,3.49,460,"1108 East Jackson Avenue, Mcallen, TX, 78503, US"
Chili Cheese Fries,3.49,520,"1108 East Jackson Avenue, Mcallen, TX, 78503, US"
Cheese Fries,2.99,470,"1108 East Jackson Avenue, Mcallen, TX, 78503, US"
Chili,2.39/3.39,240/340,"1108 East Jackson Avenue, Mcallen, TX, 78503, US"
Sour Cream and Chive Baked Potato,1.99,310,"1108 East Jackson Avenue, Mcallen, TX, 78503, US"
Plain Baked Potato,1.69,270,"1108 East Jackson Avenue, Mcallen, TX, 78503, US"
Bacon Cheese Baked Potato,3.99,440,"1108 East Jackson Avenue, Mcallen, TX, 78503, US"
Chili & Cheese Baked Potato,4.19,500,"1108 East Jackson Avenue, Mcallen, TX, 78503, US"
Cheese Baked Potato,2.99,450,"1108 East Jackson Avenue, Mcallen, TX, 78503, US"
Apple Bites,0.99,35,"1108 East Jackson Avenue, Mcallen, TX, 78503, US"
6 PC. Crispy Chicken Nuggets,2.69,270,"1108 East Jackson Avenue, Mcallen, TX, 78503, US"
4 PC. Crispy Chicken Nuggets,1.99,180,"1108 East Jackson Avenue, Mcallen, TX, 78503, US"
6 PC. Spicy Chicken Nuggets,2.69,280,"1108 East Jackson Avenue, Mcallen, TX, 78503, US"
4 PC. Spicy Chicken Nuggets,1.99,190,"1108 East Jackson Avenue, Mcallen, TX, 78503, US"
Pretzel Baconator®,8.19,"1,050","2507 E Expressway 83, Mission, TX, 78572, US"
Dave's Single®,5.99,590,"2507 E Expressway 83, Mission, TX, 78572, US"
Dave's Double®,6.99,860,"2507 E Expressway 83, Mission, TX, 78572, US"
Dave's Triple®,7.99,"1,160","2507 E Expressway 83, Mission, TX, 78572, US"
Baconator®,7.19,960,"2507 E Expressway 83, Mission, TX, 78572, US"
Son of Baconator®,5.49,630,"2507 E Expressway 83, Mission, TX, 78572, US"
Big Bacon Classic®,6.29,650,"2507 E Expressway 83, Mission, TX, 78572, US"
Big Bacon Classic® Double,7.29,920,"2507 E Expressway 83, Mission, TX, 78572, US"
Big Bacon Classic Triple,8.29,"1,220","2507 E Expressway 83, Mission, TX, 78572, US"
Bacon Double Stack,3.79,440,"2507 E Expressway 83, Mission, TX, 78572, US"
Jr. Bacon Cheeseburger,2.69,370,"2507 E Expressway 83, Mission, TX, 78572, US"
Jr. Cheeseburger Deluxe,2.19,340,"2507 E Expressway 83, Mission, TX, 78572, US"
Jr. Cheeseburger Deluxe,2.19,350,"2507 E Expressway 83, Mission, TX, 78572, US"
Jr. Cheeseburger,1.99,290,"2507 E Expressway 83, Mission, TX, 78572, US"
Double Stack™,2.99,410,"2507 E Expressway 83, Mission, TX, 78572, US"
Jr. Hamburger,1.59,250,"2507 E Expressway 83, Mission, TX, 78572, US"
Texas Double Cheeseburger,2.69,410,"2507 E Expressway 83, Mission, TX, 78572, US"
French Fries,1.19-2.99,210-470,"2507 E Expressway 83, Mission, TX, 78572, US"
Baconator Fries,3.49,460,"2507 E Expressway 83, Mission, TX, 78572, US"
Chili Cheese Fries,3.49,520,"2507 E Expressway 83, Mission, TX, 78572, US"
Cheese Fries,2.99,470,"2507 E Expressway 83, Mission, TX, 78572, US"
Chili,2.39/3.39,240/340,"2507 E Expressway 83, Mission, TX, 78572, US"
Sour Cream and Chive Baked Potato,1.99,310,"2507 E Expressway 83, Mission, TX, 78572, US"
Plain Baked Potato,1.69,270,"2507 E Expressway 83, Mission, TX, 78572, US"
Bacon Cheese Baked Potato,3.99,440,"2507 E Expressway 83, Mission, TX, 78572, US"
Chili & Cheese Baked Potato,4.19,500,"2507 E Expressway 83, Mission, TX, 78572, US"
Cheese Baked Potato,2.99,450,"2507 E Expressway 83, Mission, TX, 78572, US"
Apple Bites,0.99,35,"2507 E Expressway 83, Mission, TX, 78572, US"
6 PC. Crispy Chicken Nuggets,2.69,270,"2507 E Expressway 83, Mission, TX, 78572, US"
4 PC. Crispy Chicken Nuggets,1.99,180,"2507 E Expressway 83, Mission, TX, 78572, US"
6 PC. Spicy Chicken Nuggets,2.69,280,"2507 E Expressway 83, Mission, TX, 78572, US"
4 PC. Spicy Chicken Nuggets,1.99,190,"2507 E Expressway 83, Mission, TX, 78572, US"
Pretzel Baconator®,8.19,"1,050","1419 S 10th Street, McAllen, TX, 78501, US"
Dave's Single®,5.99,590,"1419 S 10th Street, McAllen, TX, 78501, US"
Dave's Double®,6.99,860,"1419 S 10th Street, McAllen, TX, 78501, US"
Dave's Triple®,7.99,"1,160","1419 S 10th Street, McAllen, TX, 78501, US"
Baconator®,7.19,960,"1419 S 10th Street, McAllen, TX, 78501, US"
Son of Baconator®,5.49,630,"1419 S 10th Street, McAllen, TX, 78501, US"
Big Bacon Classic®,6.29,650,"1419 S 10th Street, McAllen, TX, 78501, US"
Big Bacon Classic® Double,7.29,920,"1419 S 10th Street, McAllen, TX, 78501, US"
Big Bacon Classic Triple,8.29,"1,220","1419 S 10th Street, McAllen, TX, 78501, US"
Bacon Double Stack,3.79,440,"1419 S 10th Street, McAllen, TX, 78501, US"
Jr. Bacon Cheeseburger,2.69,370,"1419 S 10th Street, McAllen, TX, 78501, US"
Jr. Cheeseburger Deluxe,2.19,340,"1419 S 10th Street, McAllen, TX, 78501, US"
Jr. Cheeseburger Deluxe,2.19,350,"1419 S 10th Street, McAllen, TX, 78501, US"
Jr. Cheeseburger,1.99,290,"1419 S 10th Street, McAllen, TX, 78501, US"
Double Stack™,2.99,410,"1419 S 10th Street, McAllen, TX, 78501, US"
Jr. Hamburger,1.59,250,"1419 S 10th Street, McAllen, TX, 78501, US"
Texas Double Cheeseburger,2.69,410,"1419 S 10th Street, McAllen, TX, 78501, US"
French Fries,1.19-2.99,210-470,"1419 S 10th Street, McAllen, TX, 78501, US"
Baconator Fries,3.49,460,"1419 S 10th Street, McAllen, TX, 78501, US"
Chili Cheese Fries,3.49,520,"1419 S 10th Street, McAllen, TX, 78501, US"
Cheese Fries,2.99,470,"1419 S 10th Street, McAllen, TX, 78501, US"
Chili,2.39/3.39,240/340,"1419 S 10th Street, McAllen, TX, 78501, US"
Sour Cream and Chive Baked Potato,1.99,310,"1419 S 10th Street, McAllen, TX, 78501, US"
Plain Baked Potato,1.69,270,"1419 S 10th Street, McAllen, TX, 78501, US"
Bacon Cheese Baked Potato,3.99,440,"1419 S 10th Street, McAllen, TX, 78501, US"
Chili & Cheese Baked Potato,4.19,500,"1419 S 10th Street, McAllen, TX, 78501, US"
Cheese Baked Potato,2.99,450,"1419 S 10th Street, McAllen, TX, 78501, US"
Apple Bites,0.99,35,"1419 S 10th Street, McAllen, TX, 78501, US"
6 PC. Crispy Chicken Nuggets,2.69,270,"1419 S 10th Street, McAllen, TX, 78501, US"
4 PC. Crispy Chicken Nuggets,1.99,180,"1419 S 10th Street, McAllen, TX, 78501, US"
6 PC. Spicy Chicken Nuggets,2.69,280,"1419 S 10th Street, McAllen, TX, 78501, US"
4 PC. Spicy Chicken Nuggets,1.99,190,"1419 S 10th Street, McAllen, TX, 78501, US"
Pretzel Baconator®,8.19,"1,050","1901 S 10th St, McAllen, TX, 78503, US"
Dave's Single®,5.99,590,"1901 S 10th St, McAllen, TX, 78503, US"
Dave's Double®,6.99,860,"1901 S 10th St, McAllen, TX, 78503, US"
Dave's Triple®,7.99,"1,160","1901 S 10th St, McAllen, TX, 78503, US"
Baconator®,7.19,960,"1901 S 10th St, McAllen, TX, 78503, US"
Son of Baconator®,5.49,630,"1901 S 10th St, McAllen, TX, 78503, US"
Big Bacon Classic®,6.29,650,"1901 S 10th St, McAllen, TX, 78503, US"
Big Bacon Classic® Double,7.29,920,"1901 S 10th St, McAllen, TX, 78503, US"
Big Bacon Classic Triple,8.29,"1,220","1901 S 10th St, McAllen, TX, 78503, US"
Bacon Double Stack,3.79,440,"1901 S 10th St, McAllen, TX, 78503, US"
Jr. Bacon Cheeseburger,2.69,370,"1901 S 10th St, McAllen, TX, 78503, US"
Jr. Cheeseburger Deluxe,2.19,340,"1901 S 10th St, McAllen, TX, 78503, US"
Jr. Cheeseburger Deluxe,2.19,350,"1901 S 10th St, McAllen, TX, 78503, US"
Jr. Cheeseburger,1.99,290,"1901 S 10th St, McAllen, TX, 78503, US"
Double Stack™,2.99,410,"1901 S 10th St, McAllen, TX, 78503, US"
Jr. Hamburger,1.59,250,"1901 S 10th St, McAllen, TX, 78503, US"
Texas Double Cheeseburger,2.69,410,"1901 S 10th St, McAllen, TX, 78503, US"
French Fries,1.19-2.99,210-470,"1901 S 10th St, McAllen, TX, 78503, US"
Baconator Fries,3.49,460,"1901 S 10th St, McAllen, TX, 78503, US"
Chili Cheese Fries,3.49,520,"1901 S 10th St, McAllen, TX, 78503, US"
Cheese Fries,2.99,470,"1901 S 10th St, McAllen, TX, 78503, US"
Chili,2.39/3.39,240/340,"1901 S 10th St, McAllen, TX, 78503, US"
Sour Cream and Chive Baked Potato,1.99,310,"1901 S 10th St, McAllen, TX, 78503, US"
Plain Baked Potato,1.69,270,"1901 S 10th St, McAllen, TX, 78503, US"
Bacon Cheese Baked Potato,3.99,440,"1901 S 10th St, McAllen, TX, 78503, US"
Chili & Cheese Baked Potato,4.19,500,"1901 S 10th St, McAllen, TX, 78503, US"
Cheese Baked Potato,2.99,450,"1901 S 10th St, McAllen, TX, 78503, US"
Apple Bites,0.99,35,"1901 S 10th St, McAllen, TX, 78503, US"
6 PC. Crispy Chicken Nuggets,2.69,270,"1901 S 10th St, McAllen, TX, 78503, US"
4 PC. Crispy Chicken Nuggets,1.99,180,"1901 S 10th St, McAllen, TX, 78503, US"
6 PC. Spicy Chicken Nuggets,2.69,280,"1901 S 10th St, McAllen, TX, 78503, US"
4 PC. Spicy Chicken Nuggets,1.99,190,"1901 S 10th St, McAllen, TX, 78503, US"
Pretzel Baconator®,8.19,"1,050","1700 S 10th Street 105, Mcallen, TX, 78503, US"
Dave's Single®,5.99,590,"1700 S 10th Street 105, Mcallen, TX, 78503, US"
Dave's Double®,6.99,860,"1700 S 10th Street 105, Mcallen, TX, 78503, US"
Dave's Triple®,7.99,"1,160","1700 S 10th Street 105, Mcallen, TX, 78503, US"
Baconator®,7.19,960,"1700 S 10th Street 105, Mcallen, TX, 78503, US"
Son of Baconator®,5.49,630,"1700 S 10th Street 105, Mcallen, TX, 78503, US"
Big Bacon Classic®,6.29,650,"1700 S 10th Street 105, Mcallen, TX, 78503, US"
Big Bacon Classic® Double,7.29,920,"1700 S 10th Street 105, Mcallen, TX, 78503, US"
Big Bacon Classic Triple,8.29,"1,220","1700 S 10th Street 105, Mcallen, TX, 78503, US"
Bacon Double Stack,3.79,440,"1700 S 10th Street 105, Mcallen, TX, 78503, US"
Jr. Bacon Cheeseburger,2.69,370,"1700 S 10th Street 105, Mcallen, TX, 78503, US"
Jr. Cheeseburger Deluxe,2.19,340,"1700 S 10th Street 105, Mcallen, TX, 78503, US"
Jr. Cheeseburger Deluxe,2.19,350,"1700 S 10th Street 105, Mcallen, TX, 78503, US"
Jr. Cheeseburger,1.99,290,"1700 S 10th Street 105, Mcallen, TX, 78503, US"
Double Stack™,2.99,410,"1700 S 10th Street 105, Mcallen, TX, 78503, US"
Jr. Hamburger,1.59,250,"1700 S 10th Street 105, Mcallen, TX, 78503, US"
Texas Double Cheeseburger,2.69,410,"1700 S 10th Street 105, Mcallen, TX, 78503, US"
French Fries,1.19-2.99,210-470,"1700 S 10th Street 105, Mcallen, TX, 78503, US"
Baconator Fries,3.49,460,"1700 S 10th Street 105, Mcallen, TX, 78503, US"
Chili Cheese Fries,3.49,520,"1700 S 10th Street 105, Mcallen, TX, 78503, US"
Cheese Fries,2.99,470,"1700 S 10th Street 105, Mcallen, TX, 78503, US"
Chili,2.39/3.39,240/340,"1700 S 10th Street 105, Mcallen, TX, 78503, US"
Sour Cream and Chive Baked Potato,1.99,310,"1700 S 10th Street 105, Mcallen, TX, 78503, US"
Plain Baked Potato,1.69,270,"1700 S 10th Street 105, Mcallen, TX, 78503, US"
Bacon Cheese Baked Potato,3.99,440,"1700 S 10th Street 105, Mcallen, TX, 78503, US"
Chili & Cheese Baked Potato,4.19,500,"1700 S 10th Street 105, Mcallen, TX, 78503, US"
Cheese Baked Potato,2.99,450,"1700 S 10th Street 105, Mcallen, TX, 78503, US"
Apple Bites,0.99,35,"1700 S 10th Street 105, Mcallen, TX, 78503, US"
6 PC. Crispy Chicken Nuggets,2.69,270,"1700 S 10th Street 105, Mcallen, TX, 78503, US"
4 PC. Crispy Chicken Nuggets,1.99,180,"1700 S 10th Street 105, Mcallen, TX, 78503, US"
6 PC. Spicy Chicken Nuggets,2.69,280,"1700 S 10th Street 105, Mcallen, TX, 78503, US"
4 PC. Spicy Chicken Nuggets,1.99,190,"1700 S 10th Street 105, Mcallen, TX, 78503, US"
Pretzel Baconator®,8.19,"1,050","2825 West Nolana Avenue, Suite 10, McAllen, TX, 78504, US"
Dave's Single®,5.99,590,"2825 West Nolana Avenue, Suite 10, McAllen, TX, 78504, US"
Dave's Double®,6.99,860,"2825 West Nolana Avenue, Suite 10, McAllen, TX, 78504, US"
Dave's Triple®,7.99,"1,160","2825 West Nolana Avenue, Suite 10, McAllen, TX, 78504, US"
Baconator®,7.19,960,"2825 West Nolana Avenue, Suite 10, McAllen, TX, 78504, US"
Son of Baconator®,5.49,630,"2825 West Nolana Avenue, Suite 10, McAllen, TX, 78504, US"
Big Bacon Classic®,6.29,650,"2825 West Nolana Avenue, Suite 10, McAllen, TX, 78504, US"
Big Bacon Classic® Double,7.29,920,"2825 West Nolana Avenue, Suite 10, McAllen, TX, 78504, US"
Big Bacon Classic Triple,8.29,"1,220","2825 West Nolana Avenue, Suite 10, McAllen, TX, 78504, US"
Bacon Double Stack,3.79,440,"2825 West Nolana Avenue, Suite 10, McAllen, TX, 78504, US"
Jr. Bacon Cheeseburger,2.69,370,"2825 West Nolana Avenue, Suite 10, McAllen, TX, 78504, US"
Jr. Cheeseburger Deluxe,2.19,340,"2825 West Nolana Avenue, Suite 10, McAllen, TX, 78504, US"
Jr. Cheeseburger Deluxe,2.19,350,"2825 West Nolana Avenue, Suite 10, McAllen, TX, 78504, US"
Jr. Cheeseburger,1.99,290,"2825 West Nolana Avenue, Suite 10, McAllen, TX, 78504, US"
Double Stack™,2.99,410,"2825 West Nolana Avenue, Suite 10, McAllen, TX, 78504, US"
Jr. Hamburger,1.59,250,"2825 West Nolana Avenue, Suite 10, McAllen, TX, 78504, US"
Texas Double Cheeseburger,2.69,410,"2825 West Nolana Avenue, Suite 10, McAllen, TX, 78504, US"
French Fries,1.19-2.99,210-470,"2825 West Nolana Avenue, Suite 10, McAllen, TX, 78504, US"
Baconator Fries,3.49,460,"2825 West Nolana Avenue, Suite 10, McAllen, TX, 78504, US"
Chili Cheese Fries,3.49,520,"2825 West Nolana Avenue, Suite 10, McAllen, TX, 78504, US"
Cheese Fries,2.99,470,"2825 West Nolana Avenue, Suite 10, McAllen, TX, 78504, US"
Chili,2.39/3.39,240/340,"2825 West Nolana Avenue, Suite 10, McAllen, TX, 78504, US"
Sour Cream and Chive Baked Potato,1.99,310,"2825 West Nolana Avenue, Suite 10, McAllen, TX, 78504, US"
Plain Baked Potato,1.69,270,"2825 West Nolana Avenue, Suite 10, McAllen, TX, 78504, US"
Bacon Cheese Baked Potato,3.99,440,"2825 West Nolana Avenue, Suite 10, McAllen, TX, 78504, US"
Chili & Cheese Baked Potato,4.19,500,"2825 West Nolana Avenue, Suite 10, McAllen, TX, 78504, US"
Cheese Baked Potato,2.99,450,"2825 West Nolana Avenue, Suite 10, McAllen, TX, 78504, US"
Apple Bites,0.99,35,"2825 West Nolana Avenue, Suite 10, McAllen, TX, 78504, US"
6 PC. Crispy Chicken Nuggets,2.69,270,"2825 West Nolana Avenue, Suite 10, McAllen, TX, 78504, US"
4 PC. Crispy Chicken Nuggets,1.99,180,"2825 West Nolana Avenue, Suite 10, McAllen, TX, 78504, US"
6 PC. Spicy Chicken Nuggets,2.69,280,"2825 West Nolana Avenue, Suite 10, McAllen, TX, 78504, US"
4 PC. Spicy Chicken Nuggets,1.99,190,"2825 West Nolana Avenue, Suite 10, McAllen, TX, 78504, US"
Pretzel Baconator®,7.99,"1,050","735 S. 11Th Street, Beaumont, TX, 77701, US"
Dave's Single®,5.69,590,"735 S. 11Th Street, Beaumont, TX, 77701, US"
Dave's Double®,6.69,860,"735 S. 11Th Street, Beaumont, TX, 77701, US"
Dave's Triple®,7.69,"1,160","735 S. 11Th Street, Beaumont, TX, 77701, US"
Baconator®,7.69,960,"735 S. 11Th Street, Beaumont, TX, 77701, US"
Son of Baconator®,5.99,630,"735 S. 11Th Street, Beaumont, TX, 77701, US"
Big Bacon Classic®,6.69,650,"735 S. 11Th Street, Beaumont, TX, 77701, US"
Big Bacon Classic® Double,7.69,920,"735 S. 11Th Street, Beaumont, TX, 77701, US"
Big Bacon Classic Triple,8.69,"1,220","735 S. 11Th Street, Beaumont, TX, 77701, US"
Bacon Double Stack,3.99,440,"735 S. 11Th Street, Beaumont, TX, 77701, US"
Jr. Bacon Cheeseburger,3.29,370,"735 S. 11Th Street, Beaumont, TX, 77701, US"
Jr. Cheeseburger Deluxe,2.99,340,"735 S. 11Th Street, Beaumont, TX, 77701, US"
Jr. Cheeseburger Deluxe,2.99,350,"735 S. 11Th Street, Beaumont, TX, 77701, US"
Jr. Cheeseburger,2.49,290,"735 S. 11Th Street, Beaumont, TX, 77701, US"
Double Stack™,3.59,410,"735 S. 11Th Street, Beaumont, TX, 77701, US"
Jr. Hamburger,2.19,250,"735 S. 11Th Street, Beaumont, TX, 77701, US"
French Fries,1.59-3.49,210-470,"735 S. 11Th Street, Beaumont, TX, 77701, US"
Baconator Fries,3.79,460,"735 S. 11Th Street, Beaumont, TX, 77701, US"
Chili Cheese Fries,3.79,520,"735 S. 11Th Street, Beaumont, TX, 77701, US"
Cheese Fries,3.59,470,"735 S. 11Th Street, Beaumont, TX, 77701, US"
Chili,2.99/3.99,240/340,"735 S. 11Th Street, Beaumont, TX, 77701, US"
Sour Cream and Chive Baked Potato,2.99,310,"735 S. 11Th Street, Beaumont, TX, 77701, US"
Plain Baked Potato,2.79,270,"735 S. 11Th Street, Beaumont, TX, 77701, US"
Bacon Cheese Baked Potato,4.19,440,"735 S. 11Th Street, Beaumont, TX, 77701, US"
Chili & Cheese Baked Potato,4.19,500,"735 S. 11Th Street, Beaumont, TX, 77701, US"
Cheese Baked Potato,3.99,450,"735 S. 11Th Street, Beaumont, TX, 77701, US"
Apple Bites,1.59,35,"735 S. 11Th Street, Beaumont, TX, 77701, US"
6 PC. Crispy Chicken Nuggets,2.99,270,"735 S. 11Th Street, Beaumont, TX, 77701, US"
4 PC. Crispy Chicken Nuggets,2.29,180,"735 S. 11Th Street, Beaumont, TX, 77701, US"
6 PC. Spicy Chicken Nuggets,2.99,280,"735 S. 11Th Street, Beaumont, TX, 77701, US"
4 PC. Spicy Chicken Nuggets,2.29,190,"735 S. 11Th Street, Beaumont, TX, 77701, US"
Pretzel Baconator®,10.59,"1,050","70 S Aspen Ave, New Deal, TX, 79350, US"
Dave's Single®,6.39,590,"70 S Aspen Ave, New Deal, TX, 79350, US"
Dave's Double®,7.39,860,"70 S Aspen Ave, New Deal, TX, 79350, US"
Dave's Triple®,8.39,"1,160","70 S Aspen Ave, New Deal, TX, 79350, US"
Baconator®,9.59,960,"70 S Aspen Ave, New Deal, TX, 79350, US"
Son of Baconator®,6.39,630,"70 S Aspen Ave, New Deal, TX, 79350, US"
Big Bacon Classic®,7.49,650,"70 S Aspen Ave, New Deal, TX, 79350, US"
Big Bacon Classic® Double,8.49,910,"70 S Aspen Ave, New Deal, TX, 79350, US"
Big Bacon Classic Triple,9.49,"1,220","70 S Aspen Ave, New Deal, TX, 79350, US"
Bacon Double Stack,4.29,440,"70 S Aspen Ave, New Deal, TX, 79350, US"
Jr. Bacon Cheeseburger,3.29,370,"70 S Aspen Ave, New Deal, TX, 79350, US"
Jr. Cheeseburger Deluxe,2.49,340,"70 S Aspen Ave, New Deal, TX, 79350, US"
Jr. Cheeseburger,2.29,290,"70 S Aspen Ave, New Deal, TX, 79350, US"
Double Stack™,3.99,410,"70 S Aspen Ave, New Deal, TX, 79350, US"
Jr. Hamburger,1.99,250,"70 S Aspen Ave, New Deal, TX, 79350, US"
French Fries,2.49-3.79,210-470,"70 S Aspen Ave, New Deal, TX, 79350, US"
Baconator Fries,3.99,460,"70 S Aspen Ave, New Deal, TX, 79350, US"
Chili Cheese Fries,4.19,520,"70 S Aspen Ave, New Deal, TX, 79350, US"
Cheese Fries,3.99,470,"70 S Aspen Ave, New Deal, TX, 79350, US"
Chili,3.29/4.19,240/340,"70 S Aspen Ave, New Deal, TX, 79350, US"
Sour Cream and Chive Baked Potato,3.19,310,"70 S Aspen Ave, New Deal, TX, 79350, US"
Plain Baked Potato,2.99,270,"70 S Aspen Ave, New Deal, TX, 79350, US"
Bacon Cheese Baked Potato,4.49,440,"70 S Aspen Ave, New Deal, TX, 79350, US"
Chili & Cheese Baked Potato,4.69,500,"70 S Aspen Ave, New Deal, TX, 79350, US"
Cheese Baked Potato,3.99,450,"70 S Aspen Ave, New Deal, TX, 79350, US"
Apple Bites,1.29,35,"70 S Aspen Ave, New Deal, TX, 79350, US"
6 PC. Crispy Chicken Nuggets,3.29,270,"70 S Aspen Ave, New Deal, TX, 79350, US"
4 PC. Crispy Chicken Nuggets,2.79,180,"70 S Aspen Ave, New Deal, TX, 79350, US"
6 PC. Spicy Chicken Nuggets,3.29,280,"70 S Aspen Ave, New Deal, TX, 79350, US"
4 PC. Spicy Chicken Nuggets,2.79,190,"70 S Aspen Ave, New Deal, TX, 79350, US"
Pretzel Baconator®,9.39,"1,050","212 University Ave, Lubbock, TX, 79415, US"
Dave's Single®,5.69,590,"212 University Ave, Lubbock, TX, 79415, US"
Dave's Double®,7.09,860,"212 University Ave, Lubbock, TX, 79415, US"
Dave's Triple®,8.79,"1,160","212 University Ave, Lubbock, TX, 79415, US"
Baconator®,8.39,960,"212 University Ave, Lubbock, TX, 79415, US"
Son of Baconator®,6.49,630,"212 University Ave, Lubbock, TX, 79415, US"
Big Bacon Classic®,6.49,650,"212 University Ave, Lubbock, TX, 79415, US"
Big Bacon Classic® Double,8.19,920,"212 University Ave, Lubbock, TX, 79415, US"
Big Bacon Classic Triple,9.89,"1,220","212 University Ave, Lubbock, TX, 79415, US"
Bacon Double Stack,4.09,440,"212 University Ave, Lubbock, TX, 79415, US"
Jr. Bacon Cheeseburger,3.19,370,"212 University Ave, Lubbock, TX, 79415, US"
Jr. Cheeseburger Deluxe,2.89,340,"212 University Ave, Lubbock, TX, 79415, US"
Jr. Cheeseburger Deluxe,2.89,350,"212 University Ave, Lubbock, TX, 79415, US"
Jr. Cheeseburger,2.69,290,"212 University Ave, Lubbock, TX, 79415, US"
Double Stack™,3.49,410,"212 University Ave, Lubbock, TX, 79415, US"
Jr. Hamburger,2.29,250,"212 University Ave, Lubbock, TX, 79415, US"
French Fries,1.49-3.59,210-470,"212 University Ave, Lubbock, TX, 79415, US"
Baconator Fries,3.79,460,"212 University Ave, Lubbock, TX, 79415, US"
Chili Cheese Fries,3.99,520,"212 University Ave, Lubbock, TX, 79415, US"
Cheese Fries,3.39,470,"212 University Ave, Lubbock, TX, 79415, US"
Chili,2.99/3.99,240/340,"212 University Ave, Lubbock, TX, 79415, US"
Sour Cream and Chive Baked Potato,2.89,310,"212 University Ave, Lubbock, TX, 79415, US"
Plain Baked Potato,2.79,270,"212 University Ave, Lubbock, TX, 79415, US"
Bacon Cheese Baked Potato,4.49,440,"212 University Ave, Lubbock, TX, 79415, US"
Chili & Cheese Baked Potato,4.49,500,"212 University Ave, Lubbock, TX, 79415, US"
Cheese Baked Potato,3.99,450,"212 University Ave, Lubbock, TX, 79415, US"
Apple Bites,1.79,35,"212 University Ave, Lubbock, TX, 79415, US"
6 PC. Crispy Chicken Nuggets,3.39,270,"212 University Ave, Lubbock, TX, 79415, US"
4 PC. Crispy Chicken Nuggets,2.59,180,"212 University Ave, Lubbock, TX, 79415, US"
6 PC. Spicy Chicken Nuggets,3.39,280,"212 University Ave, Lubbock, TX, 79415, US"
4 PC. Spicy Chicken Nuggets,2.59,190,"212 University Ave, Lubbock, TX, 79415, US"
Pretzel Baconator®,9.39,"1,050","1702 19th St, Lubbock, TX, 79401, US"
Dave's Single®,5.69,590,"1702 19th St, Lubbock, TX, 79401, US"
Dave's Double®,7.09,860,"1702 19th St, Lubbock, TX, 79401, US"
Dave's Triple®,8.79,"1,160","1702 19th St, Lubbock, TX, 79401, US"
Baconator®,8.39,960,"1702 19th St, Lubbock, TX, 79401, US"
Son of Baconator®,6.49,630,"1702 19th St, Lubbock, TX, 79401, US"
Big Bacon Classic®,6.49,650,"1702 19th St, Lubbock, TX, 79401, US"
Big Bacon Classic® Double,8.19,920,"1702 19th St, Lubbock, TX, 79401, US"
Big Bacon Classic Triple,9.89,"1,220","1702 19th St, Lubbock, TX, 79401, US"
Bacon Double Stack,4.09,440,"1702 19th St, Lubbock, TX, 79401, US"
Jr. Bacon Cheeseburger,3.19,370,"1702 19th St, Lubbock, TX, 79401, US"
Jr. Cheeseburger Deluxe,2.89,340,"1702 19th St, Lubbock, TX, 79401, US"
Jr. Cheeseburger Deluxe,2.89,350,"1702 19th St, Lubbock, TX, 79401, US"
Jr. Cheeseburger,2.69,290,"1702 19th St, Lubbock, TX, 79401, US"
Double Stack™,3.49,410,"1702 19th St, Lubbock, TX, 79401, US"
Jr. Hamburger,2.29,250,"1702 19th St, Lubbock, TX, 79401, US"
French Fries,1.49-3.59,210-470,"1702 19th St, Lubbock, TX, 79401, US"
Baconator Fries,3.79,460,"1702 19th St, Lubbock, TX, 79401, US"
Chili Cheese Fries,3.99,520,"1702 19th St, Lubbock, TX, 79401, US"
Cheese Fries,3.39,470,"1702 19th St, Lubbock, TX, 79401, US"
Chili,2.99/3.99,240/340,"1702 19th St, Lubbock, TX, 79401, US"
Sour Cream and Chive Baked Potato,2.89,310,"1702 19th St, Lubbock, TX, 79401, US"
Plain Baked Potato,2.79,270,"1702 19th St, Lubbock, TX, 79401, US"
Bacon Cheese Baked Potato,4.49,440,"1702 19th St, Lubbock, TX, 79401, US"
Chili & Cheese Baked Potato,4.49,500,"1702 19th St, Lubbock, TX, 79401, US"
Cheese Baked Potato,3.99,450,"1702 19th St, Lubbock, TX, 79401, US"
Apple Bites,1.79,35,"1702 19th St, Lubbock, TX, 79401, US"
6 PC. Crispy Chicken Nuggets,3.39,270,"1702 19th St, Lubbock, TX, 79401, US"
4 PC. Crispy Chicken Nuggets,2.59,180,"1702 19th St, Lubbock, TX, 79401, US"
6 PC. Spicy Chicken Nuggets,3.39,280,"1702 19th St, Lubbock, TX, 79401, US"
4 PC. Spicy Chicken Nuggets,2.59,190,"1702 19th St, Lubbock, TX, 79401, US"
Pretzel Baconator®,9.39,"1,050","1109 University Ave, Lubbock, TX, 79401, US"
Dave's Single®,5.69,590,"1109 University Ave, Lubbock, TX, 79401, US"
Dave's Double®,7.09,860,"1109 University Ave, Lubbock, TX, 79401, US"
Dave's Triple®,8.79,"1,160","1109 University Ave, Lubbock, TX, 79401, US"
Baconator®,8.39,960,"1109 University Ave, Lubbock, TX, 79401, US"
Son of Baconator®,6.49,630,"1109 University Ave, Lubbock, TX, 79401, US"
Big Bacon Classic®,6.49,650,"1109 University Ave, Lubbock, TX, 79401, US"
Big Bacon Classic® Double,8.19,920,"1109 University Ave, Lubbock, TX, 79401, US"
Big Bacon Classic Triple,9.89,"1,220","1109 University Ave, Lubbock, TX, 79401, US"
Bacon Double Stack,4.09,440,"1109 University Ave, Lubbock, TX, 79401, US"
Jr. Bacon Cheeseburger,3.19,370,"1109 University Ave, Lubbock, TX, 79401, US"
Jr. Cheeseburger Deluxe,2.89,340,"1109 University Ave, Lubbock, TX, 79401, US"
Jr. Cheeseburger Deluxe,2.89,350,"1109 University Ave, Lubbock, TX, 79401, US"
Jr. Cheeseburger,2.69,290,"1109 University Ave, Lubbock, TX, 79401, US"
Double Stack™,3.49,410,"1109 University Ave, Lubbock, TX, 79401, US"
Jr. Hamburger,2.29,250,"1109 University Ave, Lubbock, TX, 79401, US"
French Fries,1.49-3.59,210-470,"1109 University Ave, Lubbock, TX, 79401, US"
Baconator Fries,3.79,460,"1109 University Ave, Lubbock, TX, 79401, US"
Chili Cheese Fries,3.99,520,"1109 University Ave, Lubbock, TX, 79401, US"
Cheese Fries,3.39,470,"1109 University Ave, Lubbock, TX, 79401, US"
Chili,2.99/3.99,240/340,"1109 University Ave, Lubbock, TX, 79401, US"
Sour Cream and Chive Baked Potato,2.89,310,"1109 University Ave, Lubbock, TX, 79401, US"
Plain Baked Potato,2.79,270,"1109 University Ave, Lubbock, TX, 79401, US"
Bacon Cheese Baked Potato,4.49,440,"1109 University Ave, Lubbock, TX, 79401, US"
Chili & Cheese Baked Potato,4.49,500,"1109 University Ave, Lubbock, TX, 79401, US"
Cheese Baked Potato,3.99,450,"1109 University Ave, Lubbock, TX, 79401, US"
Apple Bites,1.79,35,"1109 University Ave, Lubbock, TX, 79401, US"
6 PC. Crispy Chicken Nuggets,3.39,270,"1109 University Ave, Lubbock, TX, 79401, US"
4 PC. Crispy Chicken Nuggets,2.59,180,"1109 University Ave, Lubbock, TX, 79401, US"
6 PC. Spicy Chicken Nuggets,3.39,280,"1109 University Ave, Lubbock, TX, 79401, US"
4 PC. Spicy Chicken Nuggets,2.59,190,"1109 University Ave, Lubbock, TX, 79401, US"
Pretzel Baconator®,9.39,"1,050","1627 University Ave, Lubbock, TX, 79401, US"
Dave's Single®,5.69,590,"1627 University Ave, Lubbock, TX, 79401, US"
Dave's Double®,7.09,860,"1627 University Ave, Lubbock, TX, 79401, US"
Dave's Triple®,8.79,"1,160","1627 University Ave, Lubbock, TX, 79401, US"
Baconator®,8.39,960,"1627 University Ave, Lubbock, TX, 79401, US"
Son of Baconator®,6.49,630,"1627 University Ave, Lubbock, TX, 79401, US"
Big Bacon Classic®,6.49,650,"1627 University Ave, Lubbock, TX, 79401, US"
Big Bacon Classic® Double,8.19,920,"1627 University Ave, Lubbock, TX, 79401, US"
Big Bacon Classic Triple,9.89,"1,220","1627 University Ave, Lubbock, TX, 79401, US"
Bacon Double Stack,4.09,440,"1627 University Ave, Lubbock, TX, 79401, US"
Jr. Bacon Cheeseburger,3.19,370,"1627 University Ave, Lubbock, TX, 79401, US"
Jr. Cheeseburger Deluxe,2.89,340,"1627 University Ave, Lubbock, TX, 79401, US"
Jr. Cheeseburger Deluxe,2.89,350,"1627 University Ave, Lubbock, TX, 79401, US"
Jr. Cheeseburger,2.69,290,"1627 University Ave, Lubbock, TX, 79401, US"
Double Stack™,3.49,410,"1627 University Ave, Lubbock, TX, 79401, US"
Jr. Hamburger,2.29,250,"1627 University Ave, Lubbock, TX, 79401, US"
French Fries,1.49-3.59,210-470,"1627 University Ave, Lubbock, TX, 79401, US"
Baconator Fries,3.79,460,"1627 University Ave, Lubbock, TX, 79401, US"
Chili Cheese Fries,3.99,520,"1627 University Ave, Lubbock, TX, 79401, US"
Cheese Fries,3.39,470,"1627 University Ave, Lubbock, TX, 79401, US"
Chili,2.99/3.99,240/340,"1627 University Ave, Lubbock, TX, 79401, US"
Sour Cream and Chive Baked Potato,2.89,310,"1627 University Ave, Lubbock, TX, 79401, US"
Plain Baked Potato,2.79,270,"1627 University Ave, Lubbock, TX, 79401, US"
Bacon Cheese Baked Potato,4.49,440,"1627 University Ave, Lubbock, TX, 79401, US"
Chili & Cheese Baked Potato,4.49,500,"1627 University Ave, Lubbock, TX, 79401, US"
Cheese Baked Potato,3.99,450,"1627 University Ave, Lubbock, TX, 79401, US"
Apple Bites,1.79,35,"1627 University Ave, Lubbock, TX, 79401, US"
6 PC. Crispy Chicken Nuggets,3.39,270,"1627 University Ave, Lubbock, TX, 79401, US"
4 PC. Crispy Chicken Nuggets,2.59,180,"1627 University Ave, Lubbock, TX, 79401, US"
6 PC. Spicy Chicken Nuggets,3.39,280,"1627 University Ave, Lubbock, TX, 79401, US"
4 PC. Spicy Chicken Nuggets,2.59,190,"1627 University Ave, Lubbock, TX, 79401, US"
Pretzel Baconator®,9.39,"1,050","2414 Mac Davis Lane, Lubbock, TX, 79401, US"
Dave's Single®,5.69,590,"2414 Mac Davis Lane, Lubbock, TX, 79401, US"
Dave's Double®,7.09,860,"2414 Mac Davis Lane, Lubbock, TX, 79401, US"
Dave's Triple®,8.79,"1,160","2414 Mac Davis Lane, Lubbock, TX, 79401, US"
Baconator®,8.39,960,"2414 Mac Davis Lane, Lubbock, TX, 79401, US"
Son of Baconator®,6.49,630,"2414 Mac Davis Lane, Lubbock, TX, 79401, US"
Big Bacon Classic®,6.49,650,"2414 Mac Davis Lane, Lubbock, TX, 79401, US"
Big Bacon Classic® Double,8.19,920,"2414 Mac Davis Lane, Lubbock, TX, 79401, US"
Big Bacon Classic Triple,9.89,"1,220","2414 Mac Davis Lane, Lubbock, TX, 79401, US"
Bacon Double Stack,4.09,440,"2414 Mac Davis Lane, Lubbock, TX, 79401, US"
Jr. Bacon Cheeseburger,3.19,370,"2414 Mac Davis Lane, Lubbock, TX, 79401, US"
Jr. Cheeseburger Deluxe,2.89,340,"2414 Mac Davis Lane, Lubbock, TX, 79401, US"
Jr. Cheeseburger Deluxe,2.89,350,"2414 Mac Davis Lane, Lubbock, TX, 79401, US"
Jr. Cheeseburger,2.69,290,"2414 Mac Davis Lane, Lubbock, TX, 79401, US"
Double Stack™,3.49,410,"2414 Mac Davis Lane, Lubbock, TX, 79401, US"
Jr. Hamburger,2.29,250,"2414 Mac Davis Lane, Lubbock, TX, 79401, US"
French Fries,1.49-3.59,210-470,"2414 Mac Davis Lane, Lubbock, TX, 79401, US"
Baconator Fries,3.79,460,"2414 Mac Davis Lane, Lubbock, TX, 79401, US"
Chili Cheese Fries,3.99,520,"2414 Mac Davis Lane, Lubbock, TX, 79401, US"
Cheese Fries,3.39,470,"2414 Mac Davis Lane, Lubbock, TX, 79401, US"
Chili,2.99/3.99,240/340,"2414 Mac Davis Lane, Lubbock, TX, 79401, US"
Sour Cream and Chive Baked Potato,2.89,310,"2414 Mac Davis Lane, Lubbock, TX, 79401, US"
Plain Baked Potato,2.79,270,"2414 Mac Davis Lane, Lubbock, TX, 79401, US"
Bacon Cheese Baked Potato,4.49,440,"2414 Mac Davis Lane, Lubbock, TX, 79401, US"
Chili & Cheese Baked Potato,4.49,500,"2414 Mac Davis Lane, Lubbock, TX, 79401, US"
Cheese Baked Potato,3.99,450,"2414 Mac Davis Lane, Lubbock, TX, 79401, US"
Apple Bites,1.79,35,"2414 Mac Davis Lane, Lubbock, TX, 79401, US"
6 PC. Crispy Chicken Nuggets,3.39,270,"2414 Mac Davis Lane, Lubbock, TX, 79401, US"
4 PC. Crispy Chicken Nuggets,2.59,180,"2414 Mac Davis Lane, Lubbock, TX, 79401, US"
6 PC. Spicy Chicken Nuggets,3.39,280,"2414 Mac Davis Lane, Lubbock, TX, 79401, US"
4 PC. Spicy Chicken Nuggets,2.59,190,"2414 Mac Davis Lane, Lubbock, TX, 79401, US"
Pretzel Baconator®,8.49,"1,050","4105 Ayers, Corpus Christi, TX, 78415, US"
Dave's Single®,5.49,590,"4105 Ayers, Corpus Christi, TX, 78415, US"
Dave's Double®,6.49,860,"4105 Ayers, Corpus Christi, TX, 78415, US"
Dave's Triple®,7.49,"1,160","4105 Ayers, Corpus Christi, TX, 78415, US"
Baconator®,7.49,960,"4105 Ayers, Corpus Christi, TX, 78415, US"
Son of Baconator®,6.19,630,"4105 Ayers, Corpus Christi, TX, 78415, US"
Big Bacon Classic®,6.69,650,"4105 Ayers, Corpus Christi, TX, 78415, US"
Big Bacon Classic® Double,7.69,920,"4105 Ayers, Corpus Christi, TX, 78415, US"
Big Bacon Classic Triple,8.69,"1,220","4105 Ayers, Corpus Christi, TX, 78415, US"
Bacon Double Stack,3.29,440,"4105 Ayers, Corpus Christi, TX, 78415, US"
Jr. Bacon Cheeseburger,2.59,370,"4105 Ayers, Corpus Christi, TX, 78415, US"
Jr. Cheeseburger Deluxe,1.99,350,"4105 Ayers, Corpus Christi, TX, 78415, US"
Jr. Cheeseburger,1.69,290,"4105 Ayers, Corpus Christi, TX, 78415, US"
Double Stack™,2.79,410,"4105 Ayers, Corpus Christi, TX, 78415, US"
Jr. Hamburger,1.39,250,"4105 Ayers, Corpus Christi, TX, 78415, US"
Texas Double Cheeseburger,2.69,410,"4105 Ayers, Corpus Christi, TX, 78415, US"
French Fries,1.59-3.39,210-470,"4105 Ayers, Corpus Christi, TX, 78415, US"
Baconator Fries,3.49,460,"4105 Ayers, Corpus Christi, TX, 78415, US"
Chili Cheese Fries,3.49,520,"4105 Ayers, Corpus Christi, TX, 78415, US"
Cheese Fries,2.89,470,"4105 Ayers, Corpus Christi, TX, 78415, US"
Chili,2.79/3.69,240/340,"4105 Ayers, Corpus Christi, TX, 78415, US"
Sour Cream and Chive Baked Potato,2.49,310,"4105 Ayers, Corpus Christi, TX, 78415, US"
Plain Baked Potato,2.29,270,"4105 Ayers, Corpus Christi, TX, 78415, US"
Bacon Cheese Baked Potato,3.99,440,"4105 Ayers, Corpus Christi, TX, 78415, US"
Chili & Cheese Baked Potato,3.99,500,"4105 Ayers, Corpus Christi, TX, 78415, US"
Cheese Baked Potato,3.39,450,"4105 Ayers, Corpus Christi, TX, 78415, US"
Apple Bites,0.99,35,"4105 Ayers, Corpus Christi, TX, 78415, US"
6 PC. Crispy Chicken Nuggets,1.99,270,"4105 Ayers, Corpus Christi, TX, 78415, US"
4 PC. Crispy Chicken Nuggets,1.69,180,"4105 Ayers, Corpus Christi, TX, 78415, US"
6 PC. Spicy Chicken Nuggets,1.99,280,"4105 Ayers, Corpus Christi, TX, 78415, US"
4 PC. Spicy Chicken Nuggets,1.69,190,"4105 Ayers, Corpus Christi, TX, 78415, US"
Pretzel Baconator®,8.49,"1,050","4123 South Staples, Corpus Christi, TX, 78411, US"
Dave's Single®,5.49,590,"4123 South Staples, Corpus Christi, TX, 78411, US"
Dave's Double®,6.49,860,"4123 South Staples, Corpus Christi, TX, 78411, US"
Dave's Triple®,7.49,"1,160","4123 South Staples, Corpus Christi, TX, 78411, US"
Baconator®,7.49,960,"4123 South Staples, Corpus Christi, TX, 78411, US"
Son of Baconator®,6.19,630,"4123 South Staples, Corpus Christi, TX, 78411, US"
Big Bacon Classic®,6.69,650,"4123 South Staples, Corpus Christi, TX, 78411, US"
Big Bacon Classic® Double,7.69,920,"4123 South Staples, Corpus Christi, TX, 78411, US"
Big Bacon Classic Triple,8.69,"1,220","4123 South Staples, Corpus Christi, TX, 78411, US"
Bacon Double Stack,3.29,440,"4123 South Staples, Corpus Christi, TX, 78411, US"
Jr. Bacon Cheeseburger,2.59,370,"4123 South Staples, Corpus Christi, TX, 78411, US"
Jr. Cheeseburger Deluxe,1.99,350,"4123 South Staples, Corpus Christi, TX, 78411, US"
Jr. Cheeseburger,1.69,290,"4123 South Staples, Corpus Christi, TX, 78411, US"
Double Stack™,2.79,410,"4123 South Staples, Corpus Christi, TX, 78411, US"
Jr. Hamburger,1.39,250,"4123 South Staples, Corpus Christi, TX, 78411, US"
Texas Double Cheeseburger,2.69,410,"4123 South Staples, Corpus Christi, TX, 78411, US"
French Fries,1.59-3.39,210-470,"4123 South Staples, Corpus Christi, TX, 78411, US"
Baconator Fries,3.49,460,"4123 South Staples, Corpus Christi, TX, 78411, US"
Chili Cheese Fries,3.49,520,"4123 South Staples, Corpus Christi, TX, 78411, US"
Cheese Fries,2.89,470,"4123 South Staples, Corpus Christi, TX, 78411, US"
Chili,2.79/3.69,240/340,"4123 South Staples, Corpus Christi, TX, 78411, US"
Sour Cream and Chive Baked Potato,2.49,310,"4123 South Staples, Corpus Christi, TX, 78411, US"
Plain Baked Potato,2.29,270,"4123 South Staples, Corpus Christi, TX, 78411, US"
Bacon Cheese Baked Potato,3.99,440,"4123 South Staples, Corpus Christi, TX, 78411, US"
Chili & Cheese Baked Potato,3.99,500,"4123 South Staples, Corpus Christi, TX, 78411, US"
Cheese Baked Potato,3.39,450,"4123 South Staples, Corpus Christi, TX, 78411, US"
Apple Bites,0.99,35,"4123 South Staples, Corpus Christi, TX, 78411, US"
6 PC. Crispy Chicken Nuggets,1.99,270,"4123 South Staples, Corpus Christi, TX, 78411, US"
4 PC. Crispy Chicken Nuggets,1.69,180,"4123 South Staples, Corpus Christi, TX, 78411, US"
6 PC. Spicy Chicken Nuggets,1.99,280,"4123 South Staples, Corpus Christi, TX, 78411, US"
4 PC. Spicy Chicken Nuggets,1.69,190,"4123 South Staples, Corpus Christi, TX, 78411, US"
Pretzel Baconator®,8.49,"1,050","3155 S Padre Island Dr, Corpus Christi, TX, 78415, US"
Dave's Single®,5.49,590,"3155 S Padre Island Dr, Corpus Christi, TX, 78415, US"
Dave's Double®,6.49,860,"3155 S Padre Island Dr, Corpus Christi, TX, 78415, US"
Dave's Triple®,7.49,"1,160","3155 S Padre Island Dr, Corpus Christi, TX, 78415, US"
Baconator®,7.49,960,"3155 S Padre Island Dr, Corpus Christi, TX, 78415, US"
Son of Baconator®,6.19,630,"3155 S Padre Island Dr, Corpus Christi, TX, 78415, US"
Big Bacon Classic®,6.69,650,"3155 S Padre Island Dr, Corpus Christi, TX, 78415, US"
Big Bacon Classic® Double,7.69,920,"3155 S Padre Island Dr, Corpus Christi, TX, 78415, US"
Big Bacon Classic Triple,8.69,"1,220","3155 S Padre Island Dr, Corpus Christi, TX, 78415, US"
Bacon Double Stack,3.29,440,"3155 S Padre Island Dr, Corpus Christi, TX, 78415, US"
Jr. Bacon Cheeseburger,2.59,370,"3155 S Padre Island Dr, Corpus Christi, TX, 78415, US"
Jr. Cheeseburger Deluxe,1.99,350,"3155 S Padre Island Dr, Corpus Christi, TX, 78415, US"
Jr. Cheeseburger,1.69,290,"3155 S Padre Island Dr, Corpus Christi, TX, 78415, US"
Double Stack™,2.79,410,"3155 S Padre Island Dr, Corpus Christi, TX, 78415, US"
Jr. Hamburger,1.39,250,"3155 S Padre Island Dr, Corpus Christi, TX, 78415, US"
Texas Double Cheeseburger,2.69,410,"3155 S Padre Island Dr, Corpus Christi, TX, 78415, US"
French Fries,1.59-3.39,210-470,"3155 S Padre Island Dr, Corpus Christi, TX, 78415, US"
Baconator Fries,3.49,460,"3155 S Padre Island Dr, Corpus Christi, TX, 78415, US"
Chili Cheese Fries,3.49,520,"3155 S Padre Island Dr, Corpus Christi, TX, 78415, US"
Cheese Fries,2.89,470,"3155 S Padre Island Dr, Corpus Christi, TX, 78415, US"
Chili,2.79/3.69,240/340,"3155 S Padre Island Dr, Corpus Christi, TX, 78415, US"
Sour Cream and Chive Baked Potato,2.49,310,"3155 S Padre Island Dr, Corpus Christi, TX, 78415, US"
Plain Baked Potato,2.29,270,"3155 S Padre Island Dr, Corpus Christi, TX, 78415, US"
Bacon Cheese Baked Potato,3.99,440,"3155 S Padre Island Dr, Corpus Christi, TX, 78415, US"
Chili & Cheese Baked Potato,3.99,500,"3155 S Padre Island Dr, Corpus Christi, TX, 78415, US"
Cheese Baked Potato,3.39,450,"3155 S Padre Island Dr, Corpus Christi, TX, 78415, US"
Apple Bites,0.99,35,"3155 S Padre Island Dr, Corpus Christi, TX, 78415, US"
6 PC. Crispy Chicken Nuggets,1.99,270,"3155 S Padre Island Dr, Corpus Christi, TX, 78415, US"
4 PC. Crispy Chicken Nuggets,1.69,180,"3155 S Padre Island Dr, Corpus Christi, TX, 78415, US"
6 PC. Spicy Chicken Nuggets,1.99,280,"3155 S Padre Island Dr, Corpus Christi, TX, 78415, US"
4 PC. Spicy Chicken Nuggets,1.69,190,"3155 S Padre Island Dr, Corpus Christi, TX, 78415, US"
Pretzel Baconator®,8.69,"1,050","409 WEST ABRAM, ARLINGTON, TX, 76010, US"
Dave's Single®,5.19,590,"409 WEST ABRAM, ARLINGTON, TX, 76010, US"
Dave's Double®,6.39,860,"409 WEST ABRAM, ARLINGTON, TX, 76010, US"
Dave's Triple®,7.69,"1,160","409 WEST ABRAM, ARLINGTON, TX, 76010, US"
Baconator®,7.69,960,"409 WEST ABRAM, ARLINGTON, TX, 76010, US"
Son of Baconator®,6.29,630,"409 WEST ABRAM, ARLINGTON, TX, 76010, US"
Big Bacon Classic®,6.39,650,"409 WEST ABRAM, ARLINGTON, TX, 76010, US"
Big Bacon Classic® Double,7.59,920,"409 WEST ABRAM, ARLINGTON, TX, 76010, US"
Big Bacon Classic Triple,8.89,"1,220","409 WEST ABRAM, ARLINGTON, TX, 76010, US"
Bacon Double Stack,3.79,440,"409 WEST ABRAM, ARLINGTON, TX, 76010, US"
Jr. Bacon Cheeseburger,3.19,370,"409 WEST ABRAM, ARLINGTON, TX, 76010, US"
Jr. Cheeseburger Deluxe,2.29,350,"409 WEST ABRAM, ARLINGTON, TX, 76010, US"
Jr. Cheeseburger,2.19,290,"409 WEST ABRAM, ARLINGTON, TX, 76010, US"
Double Stack™,3.19,410,"409 WEST ABRAM, ARLINGTON, TX, 76010, US"
Jr. Hamburger,1.89,250,"409 WEST ABRAM, ARLINGTON, TX, 76010, US"
Texas Double Cheeseburger,3.19,410,"409 WEST ABRAM, ARLINGTON, TX, 76010, US"
French Fries,1.79-3.59,210-470,"409 WEST ABRAM, ARLINGTON, TX, 76010, US"
Baconator Fries,3.99,460,"409 WEST ABRAM, ARLINGTON, TX, 76010, US"
Chili Cheese Fries,3.99,520,"409 WEST ABRAM, ARLINGTON, TX, 76010, US"
Cheese Fries,3.59,470,"409 WEST ABRAM, ARLINGTON, TX, 76010, US"
Family Chili,14.99,"1,100","409 WEST ABRAM, ARLINGTON, TX, 76010, US"
Chili,3.19/4.19,240/340,"409 WEST ABRAM, ARLINGTON, TX, 76010, US"
Sour Cream and Chive Baked Potato,2.89,310,"409 WEST ABRAM, ARLINGTON, TX, 76010, US"
Plain Baked Potato,2.69,270,"409 WEST ABRAM, ARLINGTON, TX, 76010, US"
Bacon Cheese Baked Potato,4.39,440,"409 WEST ABRAM, ARLINGTON, TX, 76010, US"
Chili & Cheese Baked Potato,4.39,500,"409 WEST ABRAM, ARLINGTON, TX, 76010, US"
Cheese Baked Potato,3.99,450,"409 WEST ABRAM, ARLINGTON, TX, 76010, US"
Apple Bites,1.49,35,"409 WEST ABRAM, ARLINGTON, TX, 76010, US"
6 PC. Crispy Chicken Nuggets,2.99,270,"409 WEST ABRAM, ARLINGTON, TX, 76010, US"
4 PC. Crispy Chicken Nuggets,2.19,180,"409 WEST ABRAM, ARLINGTON, TX, 76010, US"
6 PC. Spicy Chicken Nuggets,2.99,280,"409 WEST ABRAM, ARLINGTON, TX, 76010, US"
4 PC. Spicy Chicken Nuggets,2.19,190,"409 WEST ABRAM, ARLINGTON, TX, 76010, US"
Pretzel Baconator®,8.69,"1,050","1311 NORTH COLLINS, ARLINGTON, TX, 76011, US"
Dave's Single®,5.19,590,"1311 NORTH COLLINS, ARLINGTON, TX, 76011, US"
Dave's Double®,6.39,860,"1311 NORTH COLLINS, ARLINGTON, TX, 76011, US"
Dave's Triple®,7.69,"1,160","1311 NORTH COLLINS, ARLINGTON, TX, 76011, US"
Baconator®,7.69,960,"1311 NORTH COLLINS, ARLINGTON, TX, 76011, US"
Son of Baconator®,6.29,630,"1311 NORTH COLLINS, ARLINGTON, TX, 76011, US"
Big Bacon Classic®,6.39,650,"1311 NORTH COLLINS, ARLINGTON, TX, 76011, US"
Big Bacon Classic® Double,7.59,920,"1311 NORTH COLLINS, ARLINGTON, TX, 76011, US"
Big Bacon Classic Triple,8.89,"1,220","1311 NORTH COLLINS, ARLINGTON, TX, 76011, US"
Bacon Double Stack,3.79,440,"1311 NORTH COLLINS, ARLINGTON, TX, 76011, US"
Jr. Bacon Cheeseburger,3.19,370,"1311 NORTH COLLINS, ARLINGTON, TX, 76011, US"
Jr. Cheeseburger Deluxe,2.29,350,"1311 NORTH COLLINS, ARLINGTON, TX, 76011, US"
Jr. Cheeseburger,2.19,290,"1311 NORTH COLLINS, ARLINGTON, TX, 76011, US"
Double Stack™,3.19,410,"1311 NORTH COLLINS, ARLINGTON, TX, 76011, US"
Jr. Hamburger,1.89,250,"1311 NORTH COLLINS, ARLINGTON, TX, 76011, US"
Texas Double Cheeseburger,3.19,410,"1311 NORTH COLLINS, ARLINGTON, TX, 76011, US"
French Fries,1.79-3.59,210-470,"1311 NORTH COLLINS, ARLINGTON, TX, 76011, US"
Baconator Fries,3.99,460,"1311 NORTH COLLINS, ARLINGTON, TX, 76011, US"
Chili Cheese Fries,3.99,520,"1311 NORTH COLLINS, ARLINGTON, TX, 76011, US"
Cheese Fries,3.59,470,"1311 NORTH COLLINS, ARLINGTON, TX, 76011, US"
Family Chili,14.99,"1,100","1311 NORTH COLLINS, ARLINGTON, TX, 76011, US"
Chili,3.19/4.19,240/340,"1311 NORTH COLLINS, ARLINGTON, TX, 76011, US"
Sour Cream and Chive Baked Potato,2.89,310,"1311 NORTH COLLINS, ARLINGTON, TX, 76011, US"
Plain Baked Potato,2.69,270,"1311 NORTH COLLINS, ARLINGTON, TX, 76011, US"
Bacon Cheese Baked Potato,4.39,440,"1311 NORTH COLLINS, ARLINGTON, TX, 76011, US"
Chili & Cheese Baked Potato,4.39,500,"1311 NORTH COLLINS, ARLINGTON, TX, 76011, US"
Cheese Baked Potato,3.99,450,"1311 NORTH COLLINS, ARLINGTON, TX, 76011, US"
Apple Bites,1.49,35,"1311 NORTH COLLINS, ARLINGTON, TX, 76011, US"
6 PC. Crispy Chicken Nuggets,2.99,270,"1311 NORTH COLLINS, ARLINGTON, TX, 76011, US"
4 PC. Crispy Chicken Nuggets,2.19,180,"1311 NORTH COLLINS, ARLINGTON, TX, 76011, US"
6 PC. Spicy Chicken Nuggets,2.99,280,"1311 NORTH COLLINS, ARLINGTON, TX, 76011, US"
4 PC. Spicy Chicken Nuggets,2.19,190,"1311 NORTH COLLINS, ARLINGTON, TX, 76011, US"
Pretzel Baconator®,8.69,"1,050","2214 N Collins St, Arlington, TX, 76011, US"
Dave's Single®,5.19,590,"2214 N Collins St, Arlington, TX, 76011, US"
Dave's Double®,6.39,860,"2214 N Collins St, Arlington, TX, 76011, US"
Dave's Triple®,7.69,"1,160","2214 N Collins St, Arlington, TX, 76011, US"
Baconator®,7.69,960,"2214 N Collins St, Arlington, TX, 76011, US"
Son of Baconator®,6.29,630,"2214 N Collins St, Arlington, TX, 76011, US"
Big Bacon Classic®,6.39,650,"2214 N Collins St, Arlington, TX, 76011, US"
Big Bacon Classic® Double,7.59,920,"2214 N Collins St, Arlington, TX, 76011, US"
Big Bacon Classic Triple,8.89,"1,220","2214 N Collins St, Arlington, TX, 76011, US"
Bacon Double Stack,3.79,440,"2214 N Collins St, Arlington, TX, 76011, US"
Jr. Bacon Cheeseburger,3.19,370,"2214 N Collins St, Arlington, TX, 76011, US"
Jr. Cheeseburger Deluxe,2.29,350,"2214 N Collins St, Arlington, TX, 76011, US"
Jr. Cheeseburger,2.19,290,"2214 N Collins St, Arlington, TX, 76011, US"
Double Stack™,3.19,410,"2214 N Collins St, Arlington, TX, 76011, US"
Jr. Hamburger,1.89,250,"2214 N Collins St, Arlington, TX, 76011, US"
Texas Double Cheeseburger,3.19,410,"2214 N Collins St, Arlington, TX, 76011, US"
French Fries,1.79-3.59,210-470,"2214 N Collins St, Arlington, TX, 76011, US"
Baconator Fries,3.99,460,"2214 N Collins St, Arlington, TX, 76011, US"
Chili Cheese Fries,3.99,520,"2214 N Collins St, Arlington, TX, 76011, US"
Cheese Fries,3.59,470,"2214 N Collins St, Arlington, TX, 76011, US"
Family Chili,14.99,"1,100","2214 N Collins St, Arlington, TX, 76011, US"
Chili,3.19/4.19,240/340,"2214 N Collins St, Arlington, TX, 76011, US"
Sour Cream and Chive Baked Potato,2.89,310,"2214 N Collins St, Arlington, TX, 76011, US"
Plain Baked Potato,2.69,270,"2214 N Collins St, Arlington, TX, 76011, US"
Bacon Cheese Baked Potato,4.39,440,"2214 N Collins St, Arlington, TX, 76011, US"
Chili & Cheese Baked Potato,4.39,500,"2214 N Collins St, Arlington, TX, 76011, US"
Cheese Baked Potato,3.99,450,"2214 N Collins St, Arlington, TX, 76011, US"
Apple Bites,1.49,35,"2214 N Collins St, Arlington, TX, 76011, US"
6 PC. Crispy Chicken Nuggets,2.99,270,"2214 N Collins St, Arlington, TX, 76011, US"
4 PC. Crispy Chicken Nuggets,2.19,180,"2214 N Collins St, Arlington, TX, 76011, US"
6 PC. Spicy Chicken Nuggets,2.99,280,"2214 N Collins St, Arlington, TX, 76011, US"
4 PC. Spicy Chicken Nuggets,2.19,190,"2214 N Collins St, Arlington, TX, 76011, US"
Pretzel Baconator®,8.69,"1,050","700 W Division St, Arlington, TX, 76012, US"
Dave's Single®,5.19,590,"700 W Division St, Arlington, TX, 76012, US"
Dave's Double®,6.39,860,"700 W Division St, Arlington, TX, 76012, US"
Dave's Triple®,7.69,"1,160","700 W Division St, Arlington, TX, 76012, US"
Baconator®,7.69,960,"700 W Division St, Arlington, TX, 76012, US"
Son of Baconator®,6.29,630,"700 W Division St, Arlington, TX, 76012, US"
Big Bacon Classic®,6.39,650,"700 W Division St, Arlington, TX, 76012, US"
Big Bacon Classic® Double,7.59,920,"700 W Division St, Arlington, TX, 76012, US"
Big Bacon Classic Triple,8.89,"1,220","700 W Division St, Arlington, TX, 76012, US"
Bacon Double Stack,3.79,440,"700 W Division St, Arlington, TX, 76012, US"
Jr. Bacon Cheeseburger,3.19,370,"700 W Division St, Arlington, TX, 76012, US"
Jr. Cheeseburger Deluxe,2.29,350,"700 W Division St, Arlington, TX, 76012, US"
Jr. Cheeseburger,2.19,290,"700 W Division St, Arlington, TX, 76012, US"
Double Stack™,3.19,410,"700 W Division St, Arlington, TX, 76012, US"
Jr. Hamburger,1.89,250,"700 W Division St, Arlington, TX, 76012, US"
Texas Double Cheeseburger,3.19,410,"700 W Division St, Arlington, TX, 76012, US"
French Fries,1.79-3.59,210-470,"700 W Division St, Arlington, TX, 76012, US"
Baconator Fries,3.99,460,"700 W Division St, Arlington, TX, 76012, US"
Chili Cheese Fries,3.99,520,"700 W Division St, Arlington, TX, 76012, US"
Cheese Fries,3.59,470,"700 W Division St, Arlington, TX, 76012, US"
Family Chili,14.99,"1,100","700 W Division St, Arlington, TX, 76012, US"
Chili,3.19/4.19,240/340,"700 W Division St, Arlington, TX, 76012, US"
Sour Cream and Chive Baked Potato,2.89,310,"700 W Division St, Arlington, TX, 76012, US"
Plain Baked Potato,2.69,270,"700 W Division St, Arlington, TX, 76012, US"
Bacon Cheese Baked Potato,4.39,440,"700 W Division St, Arlington, TX, 76012, US"
Chili & Cheese Baked Potato,4.39,500,"700 W Division St, Arlington, TX, 76012, US"
Cheese Baked Potato,3.99,450,"700 W Division St, Arlington, TX, 76012, US"
Apple Bites,1.49,35,"700 W Division St, Arlington, TX, 76012, US"
6 PC. Crispy Chicken Nuggets,2.99,270,"700 W Division St, Arlington, TX, 76012, US"
4 PC. Crispy Chicken Nuggets,2.19,180,"700 W Division St, Arlington, TX, 76012, US"
6 PC. Spicy Chicken Nuggets,2.99,280,"700 W Division St, Arlington, TX, 76012, US"
4 PC. Spicy Chicken Nuggets,2.19,190,"700 W Division St, Arlington, TX, 76012, US"
Pretzel Baconator®,8.79,"1,050","2815 NE Green Oaks Blvd, Grand Prairie, TX, 75050, US"
Dave's Single®,5.99,590,"2815 NE Green Oaks Blvd, Grand Prairie, TX, 75050, US"
Dave's Double®,6.99,860,"2815 NE Green Oaks Blvd, Grand Prairie, TX, 75050, US"
Dave's Triple®,7.99,"1,160","2815 NE Green Oaks Blvd, Grand Prairie, TX, 75050, US"
Baconator®,7.79,960,"2815 NE Green Oaks Blvd, Grand Prairie, TX, 75050, US"
Son of Baconator®,5.79,630,"2815 NE Green Oaks Blvd, Grand Prairie, TX, 75050, US"
Big Bacon Classic®,6.69,650,"2815 NE Green Oaks Blvd, Grand Prairie, TX, 75050, US"
Big Bacon Classic® Double,7.29,920,"2815 NE Green Oaks Blvd, Grand Prairie, TX, 75050, US"
Big Bacon Classic Triple,8.29,"1,220","2815 NE Green Oaks Blvd, Grand Prairie, TX, 75050, US"
Bacon Double Stack,3.79,440,"2815 NE Green Oaks Blvd, Grand Prairie, TX, 75050, US"
Jr. Bacon Cheeseburger,3.29,370,"2815 NE Green Oaks Blvd, Grand Prairie, TX, 75050, US"
Jr. Cheeseburger Deluxe,2.59,350,"2815 NE Green Oaks Blvd, Grand Prairie, TX, 75050, US"
Jr. Cheeseburger,2.29,290,"2815 NE Green Oaks Blvd, Grand Prairie, TX, 75050, US"
Double Stack™,3.29,410,"2815 NE Green Oaks Blvd, Grand Prairie, TX, 75050, US"
Jr. Hamburger,1.89,250,"2815 NE Green Oaks Blvd, Grand Prairie, TX, 75050, US"
Texas Double Cheeseburger,2.89,410,"2815 NE Green Oaks Blvd, Grand Prairie, TX, 75050, US"
French Fries,1.79-3.69,210-470,"2815 NE Green Oaks Blvd, Grand Prairie, TX, 75050, US"
Baconator Fries,3.99,460,"2815 NE Green Oaks Blvd, Grand Prairie, TX, 75050, US"
Chili Cheese Fries,3.99,520,"2815 NE Green Oaks Blvd, Grand Prairie, TX, 75050, US"
Cheese Fries,2.99,470,"2815 NE Green Oaks Blvd, Grand Prairie, TX, 75050, US"
Family Chili,13.49,"1,100","2815 NE Green Oaks Blvd, Grand Prairie, TX, 75050, US"
Chili,3.39/3.99,240/340,"2815 NE Green Oaks Blvd, Grand Prairie, TX, 75050, US"
Sour Cream and Chive Baked Potato,2.49,310,"2815 NE Green Oaks Blvd, Grand Prairie, TX, 75050, US"
Plain Baked Potato,2.19,270,"2815 NE Green Oaks Blvd, Grand Prairie, TX, 75050, US"
Bacon Cheese Baked Potato,4.29,440,"2815 NE Green Oaks Blvd, Grand Prairie, TX, 75050, US"
Chili & Cheese Baked Potato,4.29,500,"2815 NE Green Oaks Blvd, Grand Prairie, TX, 75050, US"
Cheese Baked Potato,3.59,450,"2815 NE Green Oaks Blvd, Grand Prairie, TX, 75050, US"
Apple Bites,1.29,35,"2815 NE Green Oaks Blvd, Grand Prairie, TX, 75050, US"
6 PC. Crispy Chicken Nuggets,2.99,270,"2815 NE Green Oaks Blvd, Grand Prairie, TX, 75050, US"
4 PC. Crispy Chicken Nuggets,2.29,180,"2815 NE Green Oaks Blvd, Grand Prairie, TX, 75050, US"
6 PC. Spicy Chicken Nuggets,2.99,280,"2815 NE Green Oaks Blvd, Grand Prairie, TX, 75050, US"
4 PC. Spicy Chicken Nuggets,2.29,190,"2815 NE Green Oaks Blvd, Grand Prairie, TX, 75050, US"
Pretzel Baconator®,8.79,"1,050","2200 Airport Fwy Ste 500-A, Bedford, TX, 76022, US"
Dave's Single®,5.99,590,"2200 Airport Fwy Ste 500-A, Bedford, TX, 76022, US"
Dave's Double®,6.99,860,"2200 Airport Fwy Ste 500-A, Bedford, TX, 76022, US"
Dave's Triple®,7.99,"1,160","2200 Airport Fwy Ste 500-A, Bedford, TX, 76022, US"
Baconator®,7.79,960,"2200 Airport Fwy Ste 500-A, Bedford, TX, 76022, US"
Son of Baconator®,5.79,630,"2200 Airport Fwy Ste 500-A, Bedford, TX, 76022, US"
Big Bacon Classic®,6.69,650,"2200 Airport Fwy Ste 500-A, Bedford, TX, 76022, US"
Big Bacon Classic® Double,7.29,920,"2200 Airport Fwy Ste 500-A, Bedford, TX, 76022, US"
Big Bacon Classic Triple,8.29,"1,220","2200 Airport Fwy Ste 500-A, Bedford, TX, 76022, US"
Bacon Double Stack,3.79,440,"2200 Airport Fwy Ste 500-A, Bedford, TX, 76022, US"
Jr. Bacon Cheeseburger,3.29,370,"2200 Airport Fwy Ste 500-A, Bedford, TX, 76022, US"
Jr. Cheeseburger Deluxe,2.59,350,"2200 Airport Fwy Ste 500-A, Bedford, TX, 76022, US"
Jr. Cheeseburger,2.29,290,"2200 Airport Fwy Ste 500-A, Bedford, TX, 76022, US"
Double Stack™,3.29,410,"2200 Airport Fwy Ste 500-A, Bedford, TX, 76022, US"
Jr. Hamburger,1.89,250,"2200 Airport Fwy Ste 500-A, Bedford, TX, 76022, US"
Texas Double Cheeseburger,2.89,410,"2200 Airport Fwy Ste 500-A, Bedford, TX, 76022, US"
French Fries,1.79-3.69,210-470,"2200 Airport Fwy Ste 500-A, Bedford, TX, 76022, US"
Baconator Fries,3.99,460,"2200 Airport Fwy Ste 500-A, Bedford, TX, 76022, US"
Chili Cheese Fries,3.99,520,"2200 Airport Fwy Ste 500-A, Bedford, TX, 76022, US"
Cheese Fries,2.99,470,"2200 Airport Fwy Ste 500-A, Bedford, TX, 76022, US"
Family Chili,13.49,"1,100","2200 Airport Fwy Ste 500-A, Bedford, TX, 76022, US"
Chili,3.39/3.99,240/340,"2200 Airport Fwy Ste 500-A, Bedford, TX, 76022, US"
Sour Cream and Chive Baked Potato,2.49,310,"2200 Airport Fwy Ste 500-A, Bedford, TX, 76022, US"
Plain Baked Potato,2.19,270,"2200 Airport Fwy Ste 500-A, Bedford, TX, 76022, US"
Bacon Cheese Baked Potato,4.29,440,"2200 Airport Fwy Ste 500-A, Bedford, TX, 76022, US"
Chili & Cheese Baked Potato,4.29,500,"2200 Airport Fwy Ste 500-A, Bedford, TX, 76022, US"
Cheese Baked Potato,3.59,450,"2200 Airport Fwy Ste 500-A, Bedford, TX, 76022, US"
Apple Bites,1.29,35,"2200 Airport Fwy Ste 500-A, Bedford, TX, 76022, US"
6 PC. Crispy Chicken Nuggets,2.99,270,"2200 Airport Fwy Ste 500-A, Bedford, TX, 76022, US"
4 PC. Crispy Chicken Nuggets,2.29,180,"2200 Airport Fwy Ste 500-A, Bedford, TX, 76022, US"
6 PC. Spicy Chicken Nuggets,2.99,280,"2200 Airport Fwy Ste 500-A, Bedford, TX, 76022, US"
4 PC. Spicy Chicken Nuggets,2.29,190,"2200 Airport Fwy Ste 500-A, Bedford, TX, 76022, US"
Pretzel Baconator®,8.19,"1,050","619 N Ih 35, Austin, TX, 78702, US"
Dave's Single®,5.69,590,"619 N Ih 35, Austin, TX, 78702, US"
Dave's Double®,6.69,860,"619 N Ih 35, Austin, TX, 78702, US"
Dave's Triple®,7.69,"1,160","619 N Ih 35, Austin, TX, 78702, US"
Baconator®,8.19,960,"619 N Ih 35, Austin, TX, 78702, US"
Son of Baconator®,6.19,630,"619 N Ih 35, Austin, TX, 78702, US"
Big Bacon Classic®,6.69,650,"619 N Ih 35, Austin, TX, 78702, US"
Big Bacon Classic® Double,7.69,920,"619 N Ih 35, Austin, TX, 78702, US"
Big Bacon Classic Triple,8.69,"1,220","619 N Ih 35, Austin, TX, 78702, US"
Bacon Double Stack,4.19,440,"619 N Ih 35, Austin, TX, 78702, US"
Jr. Bacon Cheeseburger,3.29,370,"619 N Ih 35, Austin, TX, 78702, US"
Jr. Cheeseburger Deluxe,3.19,350,"619 N Ih 35, Austin, TX, 78702, US"
Jr. Cheeseburger,2.59,290,"619 N Ih 35, Austin, TX, 78702, US"
Double Stack™,3.69,410,"619 N Ih 35, Austin, TX, 78702, US"
Jr. Hamburger,2.29,250,"619 N Ih 35, Austin, TX, 78702, US"
Texas Double Cheeseburger,3.49,410,"619 N Ih 35, Austin, TX, 78702, US"
French Fries,1.99-3.79,210-470,"619 N Ih 35, Austin, TX, 78702, US"
Baconator Fries,3.99,460,"619 N Ih 35, Austin, TX, 78702, US"
Chili Cheese Fries,3.99,520,"619 N Ih 35, Austin, TX, 78702, US"
Cheese Fries,3.59,470,"619 N Ih 35, Austin, TX, 78702, US"
Family Chili,9.99,"1,100","619 N Ih 35, Austin, TX, 78702, US"
Chili,3.29/4.29,240/340,"619 N Ih 35, Austin, TX, 78702, US"
Sour Cream and Chive Baked Potato,3.19,310,"619 N Ih 35, Austin, TX, 78702, US"
Plain Baked Potato,2.99,270,"619 N Ih 35, Austin, TX, 78702, US"
Bacon Cheese Baked Potato,4.49,440,"619 N Ih 35, Austin, TX, 78702, US"
Chili & Cheese Baked Potato,4.49,500,"619 N Ih 35, Austin, TX, 78702, US"
Cheese Baked Potato,3.99,450,"619 N Ih 35, Austin, TX, 78702, US"
Apple Bites,1.69,35,"619 N Ih 35, Austin, TX, 78702, US"
6 PC. Crispy Chicken Nuggets,3.29,270,"619 N Ih 35, Austin, TX, 78702, US"
4 PC. Crispy Chicken Nuggets,2.29,180,"619 N Ih 35, Austin, TX, 78702, US"
6 PC. Spicy Chicken Nuggets,3.29,280,"619 N Ih 35, Austin, TX, 78702, US"
4 PC. Spicy Chicken Nuggets,2.29,190,"619 N Ih 35, Austin, TX, 78702, US"
Pretzel Baconator®,8.19,"1,050","4115 S. Congress, Austin, TX, 78745, US"
Dave's Single®,5.69,590,"4115 S. Congress, Austin, TX, 78745, US"
Dave's Double®,6.69,860,"4115 S. Congress, Austin, TX, 78745, US"
Dave's Triple®,7.69,"1,160","4115 S. Congress, Austin, TX, 78745, US"
Baconator®,8.19,960,"4115 S. Congress, Austin, TX, 78745, US"
Son of Baconator®,6.19,630,"4115 S. Congress, Austin, TX, 78745, US"
Big Bacon Classic®,6.69,650,"4115 S. Congress, Austin, TX, 78745, US"
Big Bacon Classic® Double,7.69,920,"4115 S. Congress, Austin, TX, 78745, US"
Big Bacon Classic Triple,8.69,"1,220","4115 S. Congress, Austin, TX, 78745, US"
Bacon Double Stack,4.19,440,"4115 S. Congress, Austin, TX, 78745, US"
Jr. Bacon Cheeseburger,3.29,370,"4115 S. Congress, Austin, TX, 78745, US"
Jr. Cheeseburger Deluxe,3.19,350,"4115 S. Congress, Austin, TX, 78745, US"
Jr. Cheeseburger,2.59,290,"4115 S. Congress, Austin, TX, 78745, US"
Double Stack™,3.69,410,"4115 S. Congress, Austin, TX, 78745, US"
Jr. Hamburger,2.29,250,"4115 S. Congress, Austin, TX, 78745, US"
Texas Double Cheeseburger,3.49,410,"4115 S. Congress, Austin, TX, 78745, US"
French Fries,1.99-3.79,210-470,"4115 S. Congress, Austin, TX, 78745, US"
Baconator Fries,3.99,460,"4115 S. Congress, Austin, TX, 78745, US"
Chili Cheese Fries,3.99,520,"4115 S. Congress, Austin, TX, 78745, US"
Cheese Fries,3.59,470,"4115 S. Congress, Austin, TX, 78745, US"
Family Chili,9.99,"1,100","4115 S. Congress, Austin, TX, 78745, US"
Chili,3.29/4.29,240/340,"4115 S. Congress, Austin, TX, 78745, US"
Sour Cream and Chive Baked Potato,3.19,310,"4115 S. Congress, Austin, TX, 78745, US"
Plain Baked Potato,2.99,270,"4115 S. Congress, Austin, TX, 78745, US"
Bacon Cheese Baked Potato,4.49,440,"4115 S. Congress, Austin, TX, 78745, US"
Chili & Cheese Baked Potato,4.49,500,"4115 S. Congress, Austin, TX, 78745, US"
Cheese Baked Potato,3.99,450,"4115 S. Congress, Austin, TX, 78745, US"
Apple Bites,1.69,35,"4115 S. Congress, Austin, TX, 78745, US"
6 PC. Crispy Chicken Nuggets,3.29,270,"4115 S. Congress, Austin, TX, 78745, US"
4 PC. Crispy Chicken Nuggets,2.29,180,"4115 S. Congress, Austin, TX, 78745, US"
6 PC. Spicy Chicken Nuggets,3.29,280,"4115 S. Congress, Austin, TX, 78745, US"
4 PC. Spicy Chicken Nuggets,2.29,190,"4115 S. Congress, Austin, TX, 78745, US"
Pretzel Baconator®,8.19,"1,050","6210 East Ben White, Austin, TX, 78741, US"
Dave's Single®,5.69,590,"6210 East Ben White, Austin, TX, 78741, US"
Dave's Double®,6.69,860,"6210 East Ben White, Austin, TX, 78741, US"
Dave's Triple®,7.69,"1,160","6210 East Ben White, Austin, TX, 78741, US"
Baconator®,8.19,960,"6210 East Ben White, Austin, TX, 78741, US"
Son of Baconator®,6.19,630,"6210 East Ben White, Austin, TX, 78741, US"
Big Bacon Classic®,6.69,650,"6210 East Ben White, Austin, TX, 78741, US"
Big Bacon Classic® Double,7.69,920,"6210 East Ben White, Austin, TX, 78741, US"
Big Bacon Classic Triple,8.69,"1,220","6210 East Ben White, Austin, TX, 78741, US"
Bacon Double Stack,4.19,440,"6210 East Ben White, Austin, TX, 78741, US"
Jr. Bacon Cheeseburger,3.29,370,"6210 East Ben White, Austin, TX, 78741, US"
Jr. Cheeseburger Deluxe,3.19,350,"6210 East Ben White, Austin, TX, 78741, US"
Jr. Cheeseburger,2.59,290,"6210 East Ben White, Austin, TX, 78741, US"
Double Stack™,3.69,410,"6210 East Ben White, Austin, TX, 78741, US"
Jr. Hamburger,2.29,250,"6210 East Ben White, Austin, TX, 78741, US"
Texas Double Cheeseburger,3.49,410,"6210 East Ben White, Austin, TX, 78741, US"
French Fries,1.99-3.79,210-470,"6210 East Ben White, Austin, TX, 78741, US"
Baconator Fries,3.99,460,"6210 East Ben White, Austin, TX, 78741, US"
Chili Cheese Fries,3.99,520,"6210 East Ben White, Austin, TX, 78741, US"
Cheese Fries,3.59,470,"6210 East Ben White, Austin, TX, 78741, US"
Family Chili,9.99,"1,100","6210 East Ben White, Austin, TX, 78741, US"
Chili,3.29/4.29,240/340,"6210 East Ben White, Austin, TX, 78741, US"
Sour Cream and Chive Baked Potato,3.19,310,"6210 East Ben White, Austin, TX, 78741, US"
Plain Baked Potato,2.99,270,"6210 East Ben White, Austin, TX, 78741, US"
Bacon Cheese Baked Potato,4.49,440,"6210 East Ben White, Austin, TX, 78741, US"
Chili & Cheese Baked Potato,4.49,500,"6210 East Ben White, Austin, TX, 78741, US"
Cheese Baked Potato,3.99,450,"6210 East Ben White, Austin, TX, 78741, US"
Apple Bites,1.69,35,"6210 East Ben White, Austin, TX, 78741, US"
6 PC. Crispy Chicken Nuggets,3.29,270,"6210 East Ben White, Austin, TX, 78741, US"
4 PC. Crispy Chicken Nuggets,2.29,180,"6210 East Ben White, Austin, TX, 78741, US"
6 PC. Spicy Chicken Nuggets,3.29,280,"6210 East Ben White, Austin, TX, 78741, US"
4 PC. Spicy Chicken Nuggets,2.29,190,"6210 East Ben White, Austin, TX, 78741, US"
Pretzel Baconator®,8.19,"1,050","607 Louis Henna Blvd, Round Rock, TX, 78664, US"
Dave's Single®,5.69,590,"607 Louis Henna Blvd, Round Rock, TX, 78664, US"
Dave's Double®,6.69,860,"607 Louis Henna Blvd, Round Rock, TX, 78664, US"
Dave's Triple®,7.69,"1,160","607 Louis Henna Blvd, Round Rock, TX, 78664, US"
Baconator®,8.19,960,"607 Louis Henna Blvd, Round Rock, TX, 78664, US"
Son of Baconator®,6.19,630,"607 Louis Henna Blvd, Round Rock, TX, 78664, US"
Big Bacon Classic®,6.69,650,"607 Louis Henna Blvd, Round Rock, TX, 78664, US"
Big Bacon Classic® Double,7.69,920,"607 Louis Henna Blvd, Round Rock, TX, 78664, US"
Big Bacon Classic Triple,8.69,"1,220","607 Louis Henna Blvd, Round Rock, TX, 78664, US"
Bacon Double Stack,4.19,440,"607 Louis Henna Blvd, Round Rock, TX, 78664, US"
Jr. Bacon Cheeseburger,3.29,370,"607 Louis Henna Blvd, Round Rock, TX, 78664, US"
Jr. Cheeseburger Deluxe,3.19,350,"607 Louis Henna Blvd, Round Rock, TX, 78664, US"
Jr. Cheeseburger,2.59,290,"607 Louis Henna Blvd, Round Rock, TX, 78664, US"
Double Stack™,3.69,410,"607 Louis Henna Blvd, Round Rock, TX, 78664, US"
Jr. Hamburger,2.29,250,"607 Louis Henna Blvd, Round Rock, TX, 78664, US"
Texas Double Cheeseburger,3.49,410,"607 Louis Henna Blvd, Round Rock, TX, 78664, US"
French Fries,1.99-3.79,210-470,"607 Louis Henna Blvd, Round Rock, TX, 78664, US"
Baconator Fries,3.99,460,"607 Louis Henna Blvd, Round Rock, TX, 78664, US"
Chili Cheese Fries,3.99,520,"607 Louis Henna Blvd, Round Rock, TX, 78664, US"
Cheese Fries,3.59,470,"607 Louis Henna Blvd, Round Rock, TX, 78664, US"
Family Chili,9.99,"1,100","607 Louis Henna Blvd, Round Rock, TX, 78664, US"
Chili,3.29/4.29,240/340,"607 Louis Henna Blvd, Round Rock, TX, 78664, US"
Sour Cream and Chive Baked Potato,3.19,310,"607 Louis Henna Blvd, Round Rock, TX, 78664, US"
Plain Baked Potato,2.99,270,"607 Louis Henna Blvd, Round Rock, TX, 78664, US"
Bacon Cheese Baked Potato,4.49,440,"607 Louis Henna Blvd, Round Rock, TX, 78664, US"
Chili & Cheese Baked Potato,4.49,500,"607 Louis Henna Blvd, Round Rock, TX, 78664, US"
Cheese Baked Potato,3.99,450,"607 Louis Henna Blvd, Round Rock, TX, 78664, US"
Apple Bites,1.69,35,"607 Louis Henna Blvd, Round Rock, TX, 78664, US"
6 PC. Crispy Chicken Nuggets,3.29,270,"607 Louis Henna Blvd, Round Rock, TX, 78664, US"
4 PC. Crispy Chicken Nuggets,2.29,180,"607 Louis Henna Blvd, Round Rock, TX, 78664, US"
6 PC. Spicy Chicken Nuggets,3.29,280,"607 Louis Henna Blvd, Round Rock, TX, 78664, US"
4 PC. Spicy Chicken Nuggets,2.29,190,"607 Louis Henna Blvd, Round Rock, TX, 78664, US"
Pretzel Baconator®,8.19,"1,050","1910 West Braker Lane, Austin, TX, 78758, US"
Dave's Single®,5.69,590,"1910 West Braker Lane, Austin, TX, 78758, US"
Dave's Double®,6.69,860,"1910 West Braker Lane, Austin, TX, 78758, US"
Dave's Triple®,7.69,"1,160","1910 West Braker Lane, Austin, TX, 78758, US"
Baconator®,8.19,960,"1910 West Braker Lane, Austin, TX, 78758, US"
Son of Baconator®,6.19,630,"1910 West Braker Lane, Austin, TX, 78758, US"
Big Bacon Classic®,6.69,650,"1910 West Braker Lane, Austin, TX, 78758, US"
Big Bacon Classic® Double,7.69,920,"1910 West Braker Lane, Austin, TX, 78758, US"
Big Bacon Classic Triple,8.69,"1,220","1910 West Braker Lane, Austin, TX, 78758, US"
Bacon Double Stack,4.19,440,"1910 West Braker Lane, Austin, TX, 78758, US"
Jr. Bacon Cheeseburger,3.29,370,"1910 West Braker Lane, Austin, TX, 78758, US"
Jr. Cheeseburger Deluxe,3.19,350,"1910 West Braker Lane, Austin, TX, 78758, US"
Jr. Cheeseburger,2.59,290,"1910 West Braker Lane, Austin, TX, 78758, US"
Double Stack™,3.69,410,"1910 West Braker Lane, Austin, TX, 78758, US"
Jr. Hamburger,2.29,250,"1910 West Braker Lane, Austin, TX, 78758, US"
Texas Double Cheeseburger,3.49,410,"1910 West Braker Lane, Austin, TX, 78758, US"
French Fries,1.99-3.79,210-470,"1910 West Braker Lane, Austin, TX, 78758, US"
Baconator Fries,3.99,460,"1910 West Braker Lane, Austin, TX, 78758, US"
Chili Cheese Fries,3.99,520,"1910 West Braker Lane, Austin, TX, 78758, US"
Cheese Fries,3.59,470,"1910 West Braker Lane, Austin, TX, 78758, US"
Family Chili,9.99,"1,100","1910 West Braker Lane, Austin, TX, 78758, US"
Chili,3.29/4.29,240/340,"1910 West Braker Lane, Austin, TX, 78758, US"
Sour Cream and Chive Baked Potato,3.19,310,"1910 West Braker Lane, Austin, TX, 78758, US"
Plain Baked Potato,2.99,270,"1910 West Braker Lane, Austin, TX, 78758, US"
Bacon Cheese Baked Potato,4.49,440,"1910 West Braker Lane, Austin, TX, 78758, US"
Chili & Cheese Baked Potato,4.49,500,"1910 West Braker Lane, Austin, TX, 78758, US"
Cheese Baked Potato,3.99,450,"1910 West Braker Lane, Austin, TX, 78758, US"
Apple Bites,1.69,35,"1910 West Braker Lane, Austin, TX, 78758, US"
6 PC. Crispy Chicken Nuggets,3.29,270,"1910 West Braker Lane, Austin, TX, 78758, US"
4 PC. Crispy Chicken Nuggets,2.29,180,"1910 West Braker Lane, Austin, TX, 78758, US"
6 PC. Spicy Chicken Nuggets,3.29,280,"1910 West Braker Lane, Austin, TX, 78758, US"
4 PC. Spicy Chicken Nuggets,2.29,190,"1910 West Braker Lane, Austin, TX, 78758, US"
Pretzel Baconator®,8.19,"1,050","17560 RR -620, Round Rock, TX, 78681, US"
Dave's Single®,5.69,590,"17560 RR -620, Round Rock, TX, 78681, US"
Dave's Double®,6.69,860,"17560 RR -620, Round Rock, TX, 78681, US"
Dave's Triple®,7.69,"1,160","17560 RR -620, Round Rock, TX, 78681, US"
Baconator®,8.19,960,"17560 RR -620, Round Rock, TX, 78681, US"
Son of Baconator®,6.19,630,"17560 RR -620, Round Rock, TX, 78681, US"
Big Bacon Classic®,6.69,650,"17560 RR -620, Round Rock, TX, 78681, US"
Big Bacon Classic® Double,7.69,910,"17560 RR -620, Round Rock, TX, 78681, US"
Big Bacon Classic Triple,8.69,"1,220","17560 RR -620, Round Rock, TX, 78681, US"
Bacon Double Stack,4.19,440,"17560 RR -620, Round Rock, TX, 78681, US"
Jr. Bacon Cheeseburger,3.29,370,"17560 RR -620, Round Rock, TX, 78681, US"
Jr. Cheeseburger Deluxe,3.19,340,"17560 RR -620, Round Rock, TX, 78681, US"
Jr. Cheeseburger,2.59,290,"17560 RR -620, Round Rock, TX, 78681, US"
Double Stack™,3.69,410,"17560 RR -620, Round Rock, TX, 78681, US"
Jr. Hamburger,2.29,250,"17560 RR -620, Round Rock, TX, 78681, US"
Texas Double Cheeseburger,3.49,410,"17560 RR -620, Round Rock, TX, 78681, US"
French Fries,1.99-3.79,210-470,"17560 RR -620, Round Rock, TX, 78681, US"
Baconator Fries,3.99,460,"17560 RR -620, Round Rock, TX, 78681, US"
Chili Cheese Fries,3.99,520,"17560 RR -620, Round Rock, TX, 78681, US"
Cheese Fries,3.59,470,"17560 RR -620, Round Rock, TX, 78681, US"
Chili,3.29/4.29,240/340,"17560 RR -620, Round Rock, TX, 78681, US"
Sour Cream and Chive Baked Potato,3.19,310,"17560 RR -620, Round Rock, TX, 78681, US"
Plain Baked Potato,2.99,270,"17560 RR -620, Round Rock, TX, 78681, US"
Bacon Cheese Baked Potato,4.49,440,"17560 RR -620, Round Rock, TX, 78681, US"
Chili & Cheese Baked Potato,4.49,500,"17560 RR -620, Round Rock, TX, 78681, US"
Cheese Baked Potato,3.99,450,"17560 RR -620, Round Rock, TX, 78681, US"
Apple Bites,1.69,35,"17560 RR -620, Round Rock, TX, 78681, US"
6 PC. Crispy Chicken Nuggets,3.29,270,"17560 RR -620, Round Rock, TX, 78681, US"
4 PC. Crispy Chicken Nuggets,2.29,180,"17560 RR -620, Round Rock, TX, 78681, US"
6 PC. Spicy Chicken Nuggets,3.29,280,"17560 RR -620, Round Rock, TX, 78681, US"
4 PC. Spicy Chicken Nuggets,2.29,190,"17560 RR -620, Round Rock, TX, 78681, US"
Pretzel Baconator®,9.49,"1,050","1105 N 400 West, Layton, UT, 84041, US"
Dave's Single®,5.69,590,"1105 N 400 West, Layton, UT, 84041, US"
Dave's Double®,7.19,860,"1105 N 400 West, Layton, UT, 84041, US"
Dave's Triple®,8.09,"1,160","1105 N 400 West, Layton, UT, 84041, US"
Baconator®,9.09,960,"1105 N 400 West, Layton, UT, 84041, US"
Son of Baconator®,6.79,630,"1105 N 400 West, Layton, UT, 84041, US"
Big Bacon Classic®,6.39,650,"1105 N 400 West, Layton, UT, 84041, US"
Big Bacon Classic® Double,7.99,920,"1105 N 400 West, Layton, UT, 84041, US"
Big Bacon Classic Triple,8.89,"1,220","1105 N 400 West, Layton, UT, 84041, US"
Bacon Double Stack,3.89,440,"1105 N 400 West, Layton, UT, 84041, US"
Jr. Bacon Cheeseburger,2.79,370,"1105 N 400 West, Layton, UT, 84041, US"
Jr. Cheeseburger Deluxe,2.59,350,"1105 N 400 West, Layton, UT, 84041, US"
Jr. Cheeseburger,2.19,290,"1105 N 400 West, Layton, UT, 84041, US"
Double Stack™,2.99,410,"1105 N 400 West, Layton, UT, 84041, US"
Jr. Hamburger,1.89,250,"1105 N 400 West, Layton, UT, 84041, US"
French Fries,2.09-3.39,210-470,"1105 N 400 West, Layton, UT, 84041, US"
Baconator Fries,4.09,460,"1105 N 400 West, Layton, UT, 84041, US"
Chili Cheese Fries,3.89,520,"1105 N 400 West, Layton, UT, 84041, US"
Cheese Fries,3.49,470,"1105 N 400 West, Layton, UT, 84041, US"
Chili,3.09/4.09,240/340,"1105 N 400 West, Layton, UT, 84041, US"
Sour Cream and Chive Baked Potato,3.49,310,"1105 N 400 West, Layton, UT, 84041, US"
Plain Baked Potato,2.99,270,"1105 N 400 West, Layton, UT, 84041, US"
Bacon Cheese Baked Potato,4.79,440,"1105 N 400 West, Layton, UT, 84041, US"
Chili & Cheese Baked Potato,4.69,500,"1105 N 400 West, Layton, UT, 84041, US"
Cheese Baked Potato,4.19,450,"1105 N 400 West, Layton, UT, 84041, US"
Apple Bites,1.49,35,"1105 N 400 West, Layton, UT, 84041, US"
6 PC. Crispy Chicken Nuggets,3.59,270,"1105 N 400 West, Layton, UT, 84041, US"
4 PC. Crispy Chicken Nuggets,2.59,180,"1105 N 400 West, Layton, UT, 84041, US"
6 PC. Spicy Chicken Nuggets,3.59,280,"1105 N 400 West, Layton, UT, 84041, US"
4 PC. Spicy Chicken Nuggets,2.59,190,"1105 N 400 West, Layton, UT, 84041, US"
Pretzel Baconator®,9.49,"1,050","353 West 200 North, Kaysville, UT, 84037, US"
Dave's Single®,5.59,590,"353 West 200 North, Kaysville, UT, 84037, US"
Dave's Double®,7.29,860,"353 West 200 North, Kaysville, UT, 84037, US"
Dave's Triple®,8.29,"1,160","353 West 200 North, Kaysville, UT, 84037, US"
Baconator®,8.99,960,"353 West 200 North, Kaysville, UT, 84037, US"
Son of Baconator®,6.99,630,"353 West 200 North, Kaysville, UT, 84037, US"
Big Bacon Classic®,6.69,650,"353 West 200 North, Kaysville, UT, 84037, US"
Big Bacon Classic® Double,8.49,920,"353 West 200 North, Kaysville, UT, 84037, US"
Big Bacon Classic Triple,9.29,"1,220","353 West 200 North, Kaysville, UT, 84037, US"
Bacon Double Stack,3.99,440,"353 West 200 North, Kaysville, UT, 84037, US"
Jr. Bacon Cheeseburger,2.79,370,"353 West 200 North, Kaysville, UT, 84037, US"
Jr. Cheeseburger Deluxe,2.69,350,"353 West 200 North, Kaysville, UT, 84037, US"
Jr. Cheeseburger,2.29,290,"353 West 200 North, Kaysville, UT, 84037, US"
Double Stack™,2.99,410,"353 West 200 North, Kaysville, UT, 84037, US"
Jr. Hamburger,1.99,250,"353 West 200 North, Kaysville, UT, 84037, US"
French Fries,2.09-3.29,210-470,"353 West 200 North, Kaysville, UT, 84037, US"
Baconator Fries,4.19,460,"353 West 200 North, Kaysville, UT, 84037, US"
Chili Cheese Fries,3.89,520,"353 West 200 North, Kaysville, UT, 84037, US"
Cheese Fries,3.49,470,"353 West 200 North, Kaysville, UT, 84037, US"
Chili,3.09/4.09,240/340,"353 West 200 North, Kaysville, UT, 84037, US"
Sour Cream and Chive Baked Potato,3.49,310,"353 West 200 North, Kaysville, UT, 84037, US"
Plain Baked Potato,2.99,270,"353 West 200 North, Kaysville, UT, 84037, US"
Bacon Cheese Baked Potato,4.79,440,"353 West 200 North, Kaysville, UT, 84037, US"
Chili & Cheese Baked Potato,4.69,500,"353 West 200 North, Kaysville, UT, 84037, US"
Cheese Baked Potato,4.19,450,"353 West 200 North, Kaysville, UT, 84037, US"
Apple Bites,1.49,35,"353 West 200 North, Kaysville, UT, 84037, US"
6 PC. Crispy Chicken Nuggets,3.49,270,"353 West 200 North, Kaysville, UT, 84037, US"
4 PC. Crispy Chicken Nuggets,2.59,180,"353 West 200 North, Kaysville, UT, 84037, US"
6 PC. Spicy Chicken Nuggets,3.49,280,"353 West 200 North, Kaysville, UT, 84037, US"
4 PC. Spicy Chicken Nuggets,2.59,190,"353 West 200 North, Kaysville, UT, 84037, US"
Pretzel Baconator®,9.89,"1,050","1726 Bluff Ridge Drive, Syracuse, UT, 84075, US"
Dave's Single®,5.99,590,"1726 Bluff Ridge Drive, Syracuse, UT, 84075, US"
Dave's Double®,7.19,860,"1726 Bluff Ridge Drive, Syracuse, UT, 84075, US"
Dave's Triple®,8.39,"1,160","1726 Bluff Ridge Drive, Syracuse, UT, 84075, US"
Baconator®,8.89,960,"1726 Bluff Ridge Drive, Syracuse, UT, 84075, US"
Son of Baconator®,6.89,630,"1726 Bluff Ridge Drive, Syracuse, UT, 84075, US"
Big Bacon Classic®,7.19,650,"1726 Bluff Ridge Drive, Syracuse, UT, 84075, US"
Big Bacon Classic® Double,8.29,910,"1726 Bluff Ridge Drive, Syracuse, UT, 84075, US"
Big Bacon Classic Triple,9.39,"1,220","1726 Bluff Ridge Drive, Syracuse, UT, 84075, US"
Bacon Double Stack,3.99,440,"1726 Bluff Ridge Drive, Syracuse, UT, 84075, US"
Jr. Bacon Cheeseburger,3.29,370,"1726 Bluff Ridge Drive, Syracuse, UT, 84075, US"
Jr. Cheeseburger Deluxe,2.69,340,"1726 Bluff Ridge Drive, Syracuse, UT, 84075, US"
Jr. Cheeseburger,2.29,290,"1726 Bluff Ridge Drive, Syracuse, UT, 84075, US"
Double Stack™,3.29,410,"1726 Bluff Ridge Drive, Syracuse, UT, 84075, US"
Jr. Hamburger,2.09,250,"1726 Bluff Ridge Drive, Syracuse, UT, 84075, US"
French Fries,1.79-3.69,210-470,"1726 Bluff Ridge Drive, Syracuse, UT, 84075, US"
Baconator Fries,4.29,460,"1726 Bluff Ridge Drive, Syracuse, UT, 84075, US"
Chili Cheese Fries,4.29,520,"1726 Bluff Ridge Drive, Syracuse, UT, 84075, US"
Cheese Fries,3.49,470,"1726 Bluff Ridge Drive, Syracuse, UT, 84075, US"
Chili,3.39/3.99,240/340,"1726 Bluff Ridge Drive, Syracuse, UT, 84075, US"
Sour Cream and Chive Baked Potato,2.99,310,"1726 Bluff Ridge Drive, Syracuse, UT, 84075, US"
Plain Baked Potato,2.79,270,"1726 Bluff Ridge Drive, Syracuse, UT, 84075, US"
Bacon Cheese Baked Potato,4.39,440,"1726 Bluff Ridge Drive, Syracuse, UT, 84075, US"
Chili & Cheese Baked Potato,4.39,500,"1726 Bluff Ridge Drive, Syracuse, UT, 84075, US"
Cheese Baked Potato,3.99,450,"1726 Bluff Ridge Drive, Syracuse, UT, 84075, US"
Apple Bites,2.19,35,"1726 Bluff Ridge Drive, Syracuse, UT, 84075, US"
6 PC. Crispy Chicken Nuggets,3.49,270,"1726 Bluff Ridge Drive, Syracuse, UT, 84075, US"
4 PC. Crispy Chicken Nuggets,2.59,180,"1726 Bluff Ridge Drive, Syracuse, UT, 84075, US"
6 PC. Spicy Chicken Nuggets,3.49,280,"1726 Bluff Ridge Drive, Syracuse, UT, 84075, US"
4 PC. Spicy Chicken Nuggets,2.59,190,"1726 Bluff Ridge Drive, Syracuse, UT, 84075, US"
Pretzel Baconator®,9.49,"1,050","2011 North Hillfield Road, Layton, UT, 84041, US"
Dave's Single®,5.69,590,"2011 North Hillfield Road, Layton, UT, 84041, US"
Dave's Double®,7.19,860,"2011 North Hillfield Road, Layton, UT, 84041, US"
Dave's Triple®,8.09,"1,160","2011 North Hillfield Road, Layton, UT, 84041, US"
Baconator®,9.09,960,"2011 North Hillfield Road, Layton, UT, 84041, US"
Son of Baconator®,6.79,630,"2011 North Hillfield Road, Layton, UT, 84041, US"
Big Bacon Classic®,6.39,650,"2011 North Hillfield Road, Layton, UT, 84041, US"
Big Bacon Classic® Double,7.99,920,"2011 North Hillfield Road, Layton, UT, 84041, US"
Big Bacon Classic Triple,8.89,"1,220","2011 North Hillfield Road, Layton, UT, 84041, US"
Bacon Double Stack,3.89,440,"2011 North Hillfield Road, Layton, UT, 84041, US"
Jr. Bacon Cheeseburger,2.79,370,"2011 North Hillfield Road, Layton, UT, 84041, US"
Jr. Cheeseburger Deluxe,2.59,350,"2011 North Hillfield Road, Layton, UT, 84041, US"
Jr. Cheeseburger,2.19,290,"2011 North Hillfield Road, Layton, UT, 84041, US"
Double Stack™,2.99,410,"2011 North Hillfield Road, Layton, UT, 84041, US"
Jr. Hamburger,1.89,250,"2011 North Hillfield Road, Layton, UT, 84041, US"
French Fries,2.09-3.39,210-470,"2011 North Hillfield Road, Layton, UT, 84041, US"
Baconator Fries,4.09,460,"2011 North Hillfield Road, Layton, UT, 84041, US"
Chili Cheese Fries,3.89,520,"2011 North Hillfield Road, Layton, UT, 84041, US"
Cheese Fries,3.49,470,"2011 North Hillfield Road, Layton, UT, 84041, US"
Chili,3.09/4.09,240/340,"2011 North Hillfield Road, Layton, UT, 84041, US"
Sour Cream and Chive Baked Potato,3.49,310,"2011 North Hillfield Road, Layton, UT, 84041, US"
Plain Baked Potato,2.99,270,"2011 North Hillfield Road, Layton, UT, 84041, US"
Bacon Cheese Baked Potato,4.79,440,"2011 North Hillfield Road, Layton, UT, 84041, US"
Chili & Cheese Baked Potato,4.69,500,"2011 North Hillfield Road, Layton, UT, 84041, US"
Cheese Baked Potato,4.19,450,"2011 North Hillfield Road, Layton, UT, 84041, US"
Apple Bites,1.49,35,"2011 North Hillfield Road, Layton, UT, 84041, US"
6 PC. Crispy Chicken Nuggets,3.59,270,"2011 North Hillfield Road, Layton, UT, 84041, US"
4 PC. Crispy Chicken Nuggets,2.59,180,"2011 North Hillfield Road, Layton, UT, 84041, US"
6 PC. Spicy Chicken Nuggets,3.59,280,"2011 North Hillfield Road, Layton, UT, 84041, US"
4 PC. Spicy Chicken Nuggets,2.59,190,"2011 North Hillfield Road, Layton, UT, 84041, US"
Pretzel Baconator®,9.49,"1,050","737 N. Main Street, Layton, UT, 84041, US"
Dave's Single®,5.69,590,"737 N. Main Street, Layton, UT, 84041, US"
Dave's Double®,7.19,860,"737 N. Main Street, Layton, UT, 84041, US"
Dave's Triple®,8.09,"1,160","737 N. Main Street, Layton, UT, 84041, US"
Baconator®,9.09,960,"737 N. Main Street, Layton, UT, 84041, US"
Son of Baconator®,6.79,630,"737 N. Main Street, Layton, UT, 84041, US"
Big Bacon Classic®,6.39,650,"737 N. Main Street, Layton, UT, 84041, US"
Big Bacon Classic® Double,7.99,920,"737 N. Main Street, Layton, UT, 84041, US"
Big Bacon Classic Triple,8.89,"1,220","737 N. Main Street, Layton, UT, 84041, US"
Bacon Double Stack,3.89,440,"737 N. Main Street, Layton, UT, 84041, US"
Jr. Bacon Cheeseburger,2.79,370,"737 N. Main Street, Layton, UT, 84041, US"
Jr. Cheeseburger Deluxe,2.59,350,"737 N. Main Street, Layton, UT, 84041, US"
Jr. Cheeseburger,2.19,290,"737 N. Main Street, Layton, UT, 84041, US"
Double Stack™,2.99,410,"737 N. Main Street, Layton, UT, 84041, US"
Jr. Hamburger,1.89,250,"737 N. Main Street, Layton, UT, 84041, US"
French Fries,2.09-3.39,210-470,"737 N. Main Street, Layton, UT, 84041, US"
Baconator Fries,4.09,460,"737 N. Main Street, Layton, UT, 84041, US"
Chili Cheese Fries,3.89,520,"737 N. Main Street, Layton, UT, 84041, US"
Cheese Fries,3.49,470,"737 N. Main Street, Layton, UT, 84041, US"
Chili,3.09/4.09,240/340,"737 N. Main Street, Layton, UT, 84041, US"
Sour Cream and Chive Baked Potato,3.49,310,"737 N. Main Street, Layton, UT, 84041, US"
Plain Baked Potato,2.99,270,"737 N. Main Street, Layton, UT, 84041, US"
Bacon Cheese Baked Potato,4.79,440,"737 N. Main Street, Layton, UT, 84041, US"
Chili & Cheese Baked Potato,4.69,500,"737 N. Main Street, Layton, UT, 84041, US"
Cheese Baked Potato,4.19,450,"737 N. Main Street, Layton, UT, 84041, US"
Apple Bites,1.49,35,"737 N. Main Street, Layton, UT, 84041, US"
6 PC. Crispy Chicken Nuggets,3.59,270,"737 N. Main Street, Layton, UT, 84041, US"
4 PC. Crispy Chicken Nuggets,2.59,180,"737 N. Main Street, Layton, UT, 84041, US"
6 PC. Spicy Chicken Nuggets,3.59,280,"737 N. Main Street, Layton, UT, 84041, US"
4 PC. Spicy Chicken Nuggets,2.59,190,"737 N. Main Street, Layton, UT, 84041, US"
Pretzel Baconator®,9.49,"1,050","562 East 400 South, Salt Lake City, UT, 84102, US"
Dave's Single®,5.59,590,"562 East 400 South, Salt Lake City, UT, 84102, US"
Dave's Double®,7.49,860,"562 East 400 South, Salt Lake City, UT, 84102, US"
Dave's Triple®,8.39,"1,160","562 East 400 South, Salt Lake City, UT, 84102, US"
Baconator®,8.99,960,"562 East 400 South, Salt Lake City, UT, 84102, US"
Son of Baconator®,6.59,630,"562 East 400 South, Salt Lake City, UT, 84102, US"
Big Bacon Classic®,6.89,650,"562 East 400 South, Salt Lake City, UT, 84102, US"
Big Bacon Classic® Double,8.69,920,"562 East 400 South, Salt Lake City, UT, 84102, US"
Big Bacon Classic Triple,9.69,"1,220","562 East 400 South, Salt Lake City, UT, 84102, US"
Bacon Double Stack,4.39,440,"562 East 400 South, Salt Lake City, UT, 84102, US"
Jr. Bacon Cheeseburger,3.09,370,"562 East 400 South, Salt Lake City, UT, 84102, US"
Jr. Cheeseburger Deluxe,2.69,350,"562 East 400 South, Salt Lake City, UT, 84102, US"
Jr. Cheeseburger,2.09,290,"562 East 400 South, Salt Lake City, UT, 84102, US"
Double Stack™,3.29,410,"562 East 400 South, Salt Lake City, UT, 84102, US"
Jr. Hamburger,1.89,250,"562 East 400 South, Salt Lake City, UT, 84102, US"
French Fries,2.09-3.39,210-470,"562 East 400 South, Salt Lake City, UT, 84102, US"
Baconator Fries,4.79,460,"562 East 400 South, Salt Lake City, UT, 84102, US"
Chili Cheese Fries,3.79,520,"562 East 400 South, Salt Lake City, UT, 84102, US"
Cheese Fries,3.39,470,"562 East 400 South, Salt Lake City, UT, 84102, US"
Chili,3.49/4.49,240/340,"562 East 400 South, Salt Lake City, UT, 84102, US"
Sour Cream and Chive Baked Potato,3.69,310,"562 East 400 South, Salt Lake City, UT, 84102, US"
Plain Baked Potato,3.19,270,"562 East 400 South, Salt Lake City, UT, 84102, US"
Bacon Cheese Baked Potato,4.99,440,"562 East 400 South, Salt Lake City, UT, 84102, US"
Chili & Cheese Baked Potato,4.99,500,"562 East 400 South, Salt Lake City, UT, 84102, US"
Cheese Baked Potato,4.19,450,"562 East 400 South, Salt Lake City, UT, 84102, US"
Apple Bites,1.49,35,"562 East 400 South, Salt Lake City, UT, 84102, US"
6 PC. Crispy Chicken Nuggets,3.79,270,"562 East 400 South, Salt Lake City, UT, 84102, US"
4 PC. Crispy Chicken Nuggets,2.69,180,"562 East 400 South, Salt Lake City, UT, 84102, US"
6 PC. Spicy Chicken Nuggets,3.79,280,"562 East 400 South, Salt Lake City, UT, 84102, US"
4 PC. Spicy Chicken Nuggets,2.69,190,"562 East 400 South, Salt Lake City, UT, 84102, US"
Pretzel Baconator®,9.59,"1,050","1066 S. University Ave., Provo, UT, 84601, US"
Dave's Single®,5.79,590,"1066 S. University Ave., Provo, UT, 84601, US"
Dave's Double®,7.19,860,"1066 S. University Ave., Provo, UT, 84601, US"
Dave's Triple®,7.99,"1,160","1066 S. University Ave., Provo, UT, 84601, US"
Baconator®,8.69,960,"1066 S. University Ave., Provo, UT, 84601, US"
Son of Baconator®,6.69,630,"1066 S. University Ave., Provo, UT, 84601, US"
Big Bacon Classic®,6.79,650,"1066 S. University Ave., Provo, UT, 84601, US"
Big Bacon Classic® Double,7.99,920,"1066 S. University Ave., Provo, UT, 84601, US"
Big Bacon Classic Triple,9.19,"1,220","1066 S. University Ave., Provo, UT, 84601, US"
Bacon Double Stack,3.99,440,"1066 S. University Ave., Provo, UT, 84601, US"
Jr. Bacon Cheeseburger,2.99,370,"1066 S. University Ave., Provo, UT, 84601, US"
Jr. Cheeseburger Deluxe,2.49,350,"1066 S. University Ave., Provo, UT, 84601, US"
Jr. Cheeseburger,2.29,290,"1066 S. University Ave., Provo, UT, 84601, US"
Double Stack™,2.99,410,"1066 S. University Ave., Provo, UT, 84601, US"
Jr. Hamburger,1.89,250,"1066 S. University Ave., Provo, UT, 84601, US"
French Fries,1.89-3.49,210-470,"1066 S. University Ave., Provo, UT, 84601, US"
Baconator Fries,3.99,460,"1066 S. University Ave., Provo, UT, 84601, US"
Chili Cheese Fries,3.99,520,"1066 S. University Ave., Provo, UT, 84601, US"
Cheese Fries,3.49,470,"1066 S. University Ave., Provo, UT, 84601, US"
Chili,2.99,240,"1066 S. University Ave., Provo, UT, 84601, US"
Sour Cream and Chive Baked Potato,3.49,310,"1066 S. University Ave., Provo, UT, 84601, US"
Plain Baked Potato,2.99,270,"1066 S. University Ave., Provo, UT, 84601, US"
Bacon Cheese Baked Potato,4.59,440,"1066 S. University Ave., Provo, UT, 84601, US"
Chili & Cheese Baked Potato,4.59,500,"1066 S. University Ave., Provo, UT, 84601, US"
Cheese Baked Potato,3.99,450,"1066 S. University Ave., Provo, UT, 84601, US"
Apple Bites,1.59,35,"1066 S. University Ave., Provo, UT, 84601, US"
6 PC. Crispy Chicken Nuggets,3.39,270,"1066 S. University Ave., Provo, UT, 84601, US"
4 PC. Crispy Chicken Nuggets,2.49,180,"1066 S. University Ave., Provo, UT, 84601, US"
6 PC. Spicy Chicken Nuggets,3.39,280,"1066 S. University Ave., Provo, UT, 84601, US"
4 PC. Spicy Chicken Nuggets,2.49,190,"1066 S. University Ave., Provo, UT, 84601, US"
Pretzel Baconator®,9.79,"1,050","1100 Radisson Street, Green Bay, WI, 54302, US"
Dave's Single®,5.99,590,"1100 Radisson Street, Green Bay, WI, 54302, US"
Dave's Double®,7.29,860,"1100 Radisson Street, Green Bay, WI, 54302, US"
Dave's Triple®,8.69,"1,160","1100 Radisson Street, Green Bay, WI, 54302, US"
Baconator®,8.79,960,"1100 Radisson Street, Green Bay, WI, 54302, US"
Son of Baconator®,6.79,630,"1100 Radisson Street, Green Bay, WI, 54302, US"
Big Bacon Classic®,6.99,650,"1100 Radisson Street, Green Bay, WI, 54302, US"
Big Bacon Classic® Double,8.29,910,"1100 Radisson Street, Green Bay, WI, 54302, US"
Big Bacon Classic Triple,9.69,"1,220","1100 Radisson Street, Green Bay, WI, 54302, US"
Bacon Double Stack,4.09,440,"1100 Radisson Street, Green Bay, WI, 54302, US"
Jr. Bacon Cheeseburger,3.19,370,"1100 Radisson Street, Green Bay, WI, 54302, US"
Jr. Cheeseburger Deluxe,2.99,340,"1100 Radisson Street, Green Bay, WI, 54302, US"
Jr. Cheeseburger,2.19,290,"1100 Radisson Street, Green Bay, WI, 54302, US"
Double Stack™,3.49,410,"1100 Radisson Street, Green Bay, WI, 54302, US"
Jr. Hamburger,1.99,250,"1100 Radisson Street, Green Bay, WI, 54302, US"
French Fries,1.99-3.49,210-470,"1100 Radisson Street, Green Bay, WI, 54302, US"
Baconator Fries,3.79,460,"1100 Radisson Street, Green Bay, WI, 54302, US"
Chili Cheese Fries,3.79,520,"1100 Radisson Street, Green Bay, WI, 54302, US"
Cheese Fries,2.99,470,"1100 Radisson Street, Green Bay, WI, 54302, US"
Family Chili,16.99,"1,100","1100 Radisson Street, Green Bay, WI, 54302, US"
Chili,3.49/4.29,240/340,"1100 Radisson Street, Green Bay, WI, 54302, US"
Sour Cream and Chive Baked Potato,2.79,310,"1100 Radisson Street, Green Bay, WI, 54302, US"
Plain Baked Potato,2.79,270,"1100 Radisson Street, Green Bay, WI, 54302, US"
Bacon Cheese Baked Potato,4.29,440,"1100 Radisson Street, Green Bay, WI, 54302, US"
Chili & Cheese Baked Potato,4.29,500,"1100 Radisson Street, Green Bay, WI, 54302, US"
Cheese Baked Potato,3.79,450,"1100 Radisson Street, Green Bay, WI, 54302, US"
Apple Bites,1.29,35,"1100 Radisson Street, Green Bay, WI, 54302, US"
6 PC. Crispy Chicken Nuggets,3.19,270,"1100 Radisson Street, Green Bay, WI, 54302, US"
4 PC. Crispy Chicken Nuggets,2.19,180,"1100 Radisson Street, Green Bay, WI, 54302, US"
6 PC. Spicy Chicken Nuggets,3.19,280,"1100 Radisson Street, Green Bay, WI, 54302, US"
4 PC. Spicy Chicken Nuggets,2.19,190,"1100 Radisson Street, Green Bay, WI, 54302, US"
Pretzel Baconator®,9.79,"1,050","901 Hansen Road, Ashwaubenon, WI, 54304, US"
Dave's Single®,5.99,590,"901 Hansen Road, Ashwaubenon, WI, 54304, US"
Dave's Double®,7.29,860,"901 Hansen Road, Ashwaubenon, WI, 54304, US"
Dave's Triple®,8.69,"1,160","901 Hansen Road, Ashwaubenon, WI, 54304, US"
Baconator®,8.79,960,"901 Hansen Road, Ashwaubenon, WI, 54304, US"
Son of Baconator®,6.79,630,"901 Hansen Road, Ashwaubenon, WI, 54304, US"
Big Bacon Classic®,6.99,650,"901 Hansen Road, Ashwaubenon, WI, 54304, US"
Big Bacon Classic® Double,8.29,910,"901 Hansen Road, Ashwaubenon, WI, 54304, US"
Big Bacon Classic Triple,9.69,"1,220","901 Hansen Road, Ashwaubenon, WI, 54304, US"
Bacon Double Stack,4.09,440,"901 Hansen Road, Ashwaubenon, WI, 54304, US"
Jr. Bacon Cheeseburger,3.19,370,"901 Hansen Road, Ashwaubenon, WI, 54304, US"
Jr. Cheeseburger Deluxe,2.99,340,"901 Hansen Road, Ashwaubenon, WI, 54304, US"
Jr. Cheeseburger,2.19,290,"901 Hansen Road, Ashwaubenon, WI, 54304, US"
Double Stack™,3.49,410,"901 Hansen Road, Ashwaubenon, WI, 54304, US"
Jr. Hamburger,1.99,250,"901 Hansen Road, Ashwaubenon, WI, 54304, US"
French Fries,1.99-3.49,210-470,"901 Hansen Road, Ashwaubenon, WI, 54304, US"
Baconator Fries,3.79,460,"901 Hansen Road, Ashwaubenon, WI, 54304, US"
Chili Cheese Fries,3.79,520,"901 Hansen Road, Ashwaubenon, WI, 54304, US"
Cheese Fries,2.99,470,"901 Hansen Road, Ashwaubenon, WI, 54304, US"
Family Chili,16.99,"1,100","901 Hansen Road, Ashwaubenon, WI, 54304, US"
Chili,3.49/4.29,240/340,"901 Hansen Road, Ashwaubenon, WI, 54304, US"
Sour Cream and Chive Baked Potato,2.79,310,"901 Hansen Road, Ashwaubenon, WI, 54304, US"
Plain Baked Potato,2.79,270,"901 Hansen Road, Ashwaubenon, WI, 54304, US"
Bacon Cheese Baked Potato,4.29,440,"901 Hansen Road, Ashwaubenon, WI, 54304, US"
Chili & Cheese Baked Potato,4.29,500,"901 Hansen Road, Ashwaubenon, WI, 54304, US"
Cheese Baked Potato,3.79,450,"901 Hansen Road, Ashwaubenon, WI, 54304, US"
Apple Bites,1.29,35,"901 Hansen Road, Ashwaubenon, WI, 54304, US"
6 PC. Crispy Chicken Nuggets,3.19,270,"901 Hansen Road, Ashwaubenon, WI, 54304, US"
4 PC. Crispy Chicken Nuggets,2.19,180,"901 Hansen Road, Ashwaubenon, WI, 54304, US"
6 PC. Spicy Chicken Nuggets,3.19,280,"901 Hansen Road, Ashwaubenon, WI, 54304, US"
4 PC. Spicy Chicken Nuggets,2.19,190,"901 Hansen Road, Ashwaubenon, WI, 54304, US"
Pretzel Baconator®,9.79,"1,050","2421 S. Stoughton, Madison, WI, 53718, US"
Dave's Single®,5.99,590,"2421 S. Stoughton, Madison, WI, 53718, US"
Dave's Double®,7.29,860,"2421 S. Stoughton, Madison, WI, 53718, US"
Dave's Triple®,8.69,"1,160","2421 S. Stoughton, Madison, WI, 53718, US"
Baconator®,8.79,960,"2421 S. Stoughton, Madison, WI, 53718, US"
Son of Baconator®,6.79,630,"2421 S. Stoughton, Madison, WI, 53718, US"
Big Bacon Classic®,6.99,650,"2421 S. Stoughton, Madison, WI, 53718, US"
Big Bacon Classic® Double,8.29,910,"2421 S. Stoughton, Madison, WI, 53718, US"
Big Bacon Classic Triple,9.69,"1,220","2421 S. Stoughton, Madison, WI, 53718, US"
Bacon Double Stack,4.09,440,"2421 S. Stoughton, Madison, WI, 53718, US"
Jr. Bacon Cheeseburger,3.19,370,"2421 S. Stoughton, Madison, WI, 53718, US"
Jr. Cheeseburger Deluxe,2.99,340,"2421 S. Stoughton, Madison, WI, 53718, US"
Jr. Cheeseburger,2.19,290,"2421 S. Stoughton, Madison, WI, 53718, US"
Double Stack™,3.49,410,"2421 S. Stoughton, Madison, WI, 53718, US"
Jr. Hamburger,1.99,250,"2421 S. Stoughton, Madison, WI, 53718, US"
French Fries,1.99-3.49,210-470,"2421 S. Stoughton, Madison, WI, 53718, US"
Baconator Fries,3.79,460,"2421 S. Stoughton, Madison, WI, 53718, US"
Chili Cheese Fries,3.79,520,"2421 S. Stoughton, Madison, WI, 53718, US"
Cheese Fries,2.99,470,"2421 S. Stoughton, Madison, WI, 53718, US"
Family Chili,16.99,"1,100","2421 S. Stoughton, Madison, WI, 53718, US"
Chili,3.49/4.29,240/340,"2421 S. Stoughton, Madison, WI, 53718, US"
Sour Cream and Chive Baked Potato,2.79,310,"2421 S. Stoughton, Madison, WI, 53718, US"
Plain Baked Potato,2.79,270,"2421 S. Stoughton, Madison, WI, 53718, US"
Bacon Cheese Baked Potato,4.29,440,"2421 S. Stoughton, Madison, WI, 53718, US"
Chili & Cheese Baked Potato,4.29,500,"2421 S. Stoughton, Madison, WI, 53718, US"
Cheese Baked Potato,3.79,450,"2421 S. Stoughton, Madison, WI, 53718, US"
Apple Bites,1.29,35,"2421 S. Stoughton, Madison, WI, 53718, US"
6 PC. Crispy Chicken Nuggets,3.19,270,"2421 S. Stoughton, Madison, WI, 53718, US"
4 PC. Crispy Chicken Nuggets,2.19,180,"2421 S. Stoughton, Madison, WI, 53718, US"
6 PC. Spicy Chicken Nuggets,3.19,280,"2421 S. Stoughton, Madison, WI, 53718, US"
4 PC. Spicy Chicken Nuggets,2.19,190,"2421 S. Stoughton, Madison, WI, 53718, US"
Pretzel Baconator®,9.69,"1,050","633 W. North Avenue, Milwaukee, WI, 53212, US"
Dave's Single®,5.89,590,"633 W. North Avenue, Milwaukee, WI, 53212, US"
Dave's Double®,7.19,860,"633 W. North Avenue, Milwaukee, WI, 53212, US"
Dave's Triple®,8.59,"1,160","633 W. North Avenue, Milwaukee, WI, 53212, US"
Baconator®,8.69,960,"633 W. North Avenue, Milwaukee, WI, 53212, US"
Son of Baconator®,6.69,630,"633 W. North Avenue, Milwaukee, WI, 53212, US"
Big Bacon Classic®,6.89,650,"633 W. North Avenue, Milwaukee, WI, 53212, US"
Big Bacon Classic® Double,8.19,910,"633 W. North Avenue, Milwaukee, WI, 53212, US"
Big Bacon Classic Triple,9.59,"1,220","633 W. North Avenue, Milwaukee, WI, 53212, US"
Bacon Double Stack,4.09,440,"633 W. North Avenue, Milwaukee, WI, 53212, US"
Jr. Bacon Cheeseburger,3.19,370,"633 W. North Avenue, Milwaukee, WI, 53212, US"
Jr. Cheeseburger Deluxe,2.99,340,"633 W. North Avenue, Milwaukee, WI, 53212, US"
Jr. Cheeseburger,2.19,290,"633 W. North Avenue, Milwaukee, WI, 53212, US"
Double Stack™,3.49,410,"633 W. North Avenue, Milwaukee, WI, 53212, US"
Jr. Hamburger,1.99,250,"633 W. North Avenue, Milwaukee, WI, 53212, US"
French Fries,1.99-3.49,210-470,"633 W. North Avenue, Milwaukee, WI, 53212, US"
Baconator Fries,3.79,460,"633 W. North Avenue, Milwaukee, WI, 53212, US"
Chili Cheese Fries,3.79,520,"633 W. North Avenue, Milwaukee, WI, 53212, US"
Cheese Fries,2.99,470,"633 W. North Avenue, Milwaukee, WI, 53212, US"
Family Chili,16.99,"1,100","633 W. North Avenue, Milwaukee, WI, 53212, US"
Chili,3.49/4.29,240/340,"633 W. North Avenue, Milwaukee, WI, 53212, US"
Sour Cream and Chive Baked Potato,2.79,310,"633 W. North Avenue, Milwaukee, WI, 53212, US"
Plain Baked Potato,2.79,270,"633 W. North Avenue, Milwaukee, WI, 53212, US"
Bacon Cheese Baked Potato,4.29,440,"633 W. North Avenue, Milwaukee, WI, 53212, US"
Chili & Cheese Baked Potato,4.29,500,"633 W. North Avenue, Milwaukee, WI, 53212, US"
Cheese Baked Potato,3.79,450,"633 W. North Avenue, Milwaukee, WI, 53212, US"
Apple Bites,1.29,35,"633 W. North Avenue, Milwaukee, WI, 53212, US"
6 PC. Crispy Chicken Nuggets,3.19,270,"633 W. North Avenue, Milwaukee, WI, 53212, US"
4 PC. Crispy Chicken Nuggets,2.19,180,"633 W. North Avenue, Milwaukee, WI, 53212, US"
6 PC. Spicy Chicken Nuggets,3.19,280,"633 W. North Avenue, Milwaukee, WI, 53212, US"
4 PC. Spicy Chicken Nuggets,2.19,190,"633 W. North Avenue, Milwaukee, WI, 53212, US"
Pretzel Baconator®,9.69,"1,050","914 N. 27Th Street, Milwaukee, WI, 53233, US"
Dave's Single®,5.89,590,"914 N. 27Th Street, Milwaukee, WI, 53233, US"
Dave's Double®,7.19,860,"914 N. 27Th Street, Milwaukee, WI, 53233, US"
Dave's Triple®,8.59,"1,160","914 N. 27Th Street, Milwaukee, WI, 53233, US"
Baconator®,8.69,960,"914 N. 27Th Street, Milwaukee, WI, 53233, US"
Son of Baconator®,6.69,630,"914 N. 27Th Street, Milwaukee, WI, 53233, US"
Big Bacon Classic®,6.89,650,"914 N. 27Th Street, Milwaukee, WI, 53233, US"
Big Bacon Classic® Double,8.19,910,"914 N. 27Th Street, Milwaukee, WI, 53233, US"
Big Bacon Classic Triple,9.59,"1,220","914 N. 27Th Street, Milwaukee, WI, 53233, US"
Bacon Double Stack,4.09,440,"914 N. 27Th Street, Milwaukee, WI, 53233, US"
Jr. Bacon Cheeseburger,3.19,370,"914 N. 27Th Street, Milwaukee, WI, 53233, US"
Jr. Cheeseburger Deluxe,2.99,340,"914 N. 27Th Street, Milwaukee, WI, 53233, US"
Jr. Cheeseburger,2.19,290,"914 N. 27Th Street, Milwaukee, WI, 53233, US"
Double Stack™,3.49,410,"914 N. 27Th Street, Milwaukee, WI, 53233, US"
Jr. Hamburger,1.99,250,"914 N. 27Th Street, Milwaukee, WI, 53233, US"
French Fries,1.99-3.49,210-470,"914 N. 27Th Street, Milwaukee, WI, 53233, US"
Baconator Fries,3.79,460,"914 N. 27Th Street, Milwaukee, WI, 53233, US"
Chili Cheese Fries,3.79,520,"914 N. 27Th Street, Milwaukee, WI, 53233, US"
Cheese Fries,2.99,470,"914 N. 27Th Street, Milwaukee, WI, 53233, US"
Family Chili,16.99,"1,100","914 N. 27Th Street, Milwaukee, WI, 53233, US"
Chili,3.49/4.29,240/340,"914 N. 27Th Street, Milwaukee, WI, 53233, US"
Sour Cream and Chive Baked Potato,2.79,310,"914 N. 27Th Street, Milwaukee, WI, 53233, US"
Plain Baked Potato,2.79,270,"914 N. 27Th Street, Milwaukee, WI, 53233, US"
Bacon Cheese Baked Potato,4.29,440,"914 N. 27Th Street, Milwaukee, WI, 53233, US"
Chili & Cheese Baked Potato,4.29,500,"914 N. 27Th Street, Milwaukee, WI, 53233, US"
Cheese Baked Potato,3.79,450,"914 N. 27Th Street, Milwaukee, WI, 53233, US"
Apple Bites,1.29,35,"914 N. 27Th Street, Milwaukee, WI, 53233, US"
6 PC. Crispy Chicken Nuggets,3.19,270,"914 N. 27Th Street, Milwaukee, WI, 53233, US"
4 PC. Crispy Chicken Nuggets,2.19,180,"914 N. 27Th Street, Milwaukee, WI, 53233, US"
6 PC. Spicy Chicken Nuggets,3.19,280,"914 N. 27Th Street, Milwaukee, WI, 53233, US"
4 PC. Spicy Chicken Nuggets,2.19,190,"914 N. 27Th Street, Milwaukee, WI, 53233, US"
Pretzel Baconator®,9.69,"1,050","544 East Ogden Avenue East Pointe Commons Ste 500, Milwaukee, WI, 53202, US"
Dave's Single®,5.89,590,"544 East Ogden Avenue East Pointe Commons Ste 500, Milwaukee, WI, 53202, US"
Dave's Double®,7.19,860,"544 East Ogden Avenue East Pointe Commons Ste 500, Milwaukee, WI, 53202, US"
Dave's Triple®,8.59,"1,160","544 East Ogden Avenue East Pointe Commons Ste 500, Milwaukee, WI, 53202, US"
Baconator®,8.69,960,"544 East Ogden Avenue East Pointe Commons Ste 500, Milwaukee, WI, 53202, US"
Son of Baconator®,6.69,630,"544 East Ogden Avenue East Pointe Commons Ste 500, Milwaukee, WI, 53202, US"
Big Bacon Classic®,6.89,650,"544 East Ogden Avenue East Pointe Commons Ste 500, Milwaukee, WI, 53202, US"
Big Bacon Classic® Double,8.19,910,"544 East Ogden Avenue East Pointe Commons Ste 500, Milwaukee, WI, 53202, US"
Big Bacon Classic Triple,9.59,"1,220","544 East Ogden Avenue East Pointe Commons Ste 500, Milwaukee, WI, 53202, US"
Bacon Double Stack,4.09,440,"544 East Ogden Avenue East Pointe Commons Ste 500, Milwaukee, WI, 53202, US"
Jr. Bacon Cheeseburger,3.19,370,"544 East Ogden Avenue East Pointe Commons Ste 500, Milwaukee, WI, 53202, US"
Jr. Cheeseburger Deluxe,2.99,340,"544 East Ogden Avenue East Pointe Commons Ste 500, Milwaukee, WI, 53202, US"
Jr. Cheeseburger,2.19,290,"544 East Ogden Avenue East Pointe Commons Ste 500, Milwaukee, WI, 53202, US"
Double Stack™,3.49,410,"544 East Ogden Avenue East Pointe Commons Ste 500, Milwaukee, WI, 53202, US"
Jr. Hamburger,1.99,250,"544 East Ogden Avenue East Pointe Commons Ste 500, Milwaukee, WI, 53202, US"
French Fries,1.99-3.49,210-470,"544 East Ogden Avenue East Pointe Commons Ste 500, Milwaukee, WI, 53202, US"
Baconator Fries,3.79,460,"544 East Ogden Avenue East Pointe Commons Ste 500, Milwaukee, WI, 53202, US"
Chili Cheese Fries,3.79,520,"544 East Ogden Avenue East Pointe Commons Ste 500, Milwaukee, WI, 53202, US"
Cheese Fries,2.99,470,"544 East Ogden Avenue East Pointe Commons Ste 500, Milwaukee, WI, 53202, US"
Family Chili,16.99,"1,100","544 East Ogden Avenue East Pointe Commons Ste 500, Milwaukee, WI, 53202, US"
Chili,3.49/4.29,240/340,"544 East Ogden Avenue East Pointe Commons Ste 500, Milwaukee, WI, 53202, US"
Sour Cream and Chive Baked Potato,2.79,310,"544 East Ogden Avenue East Pointe Commons Ste 500, Milwaukee, WI, 53202, US"
Plain Baked Potato,2.79,270,"544 East Ogden Avenue East Pointe Commons Ste 500, Milwaukee, WI, 53202, US"
Bacon Cheese Baked Potato,4.29,440,"544 East Ogden Avenue East Pointe Commons Ste 500, Milwaukee, WI, 53202, US"
Chili & Cheese Baked Potato,4.29,500,"544 East Ogden Avenue East Pointe Commons Ste 500, Milwaukee, WI, 53202, US"
Cheese Baked Potato,3.79,450,"544 East Ogden Avenue East Pointe Commons Ste 500, Milwaukee, WI, 53202, US"
Apple Bites,1.29,35,"544 East Ogden Avenue East Pointe Commons Ste 500, Milwaukee, WI, 53202, US"
6 PC. Crispy Chicken Nuggets,3.19,270,"544 East Ogden Avenue East Pointe Commons Ste 500, Milwaukee, WI, 53202, US"
4 PC. Crispy Chicken Nuggets,2.19,180,"544 East Ogden Avenue East Pointe Commons Ste 500, Milwaukee, WI, 53202, US"
6 PC. Spicy Chicken Nuggets,3.19,280,"544 East Ogden Avenue East Pointe Commons Ste 500, Milwaukee, WI, 53202, US"
4 PC. Spicy Chicken Nuggets,2.19,190,"544 East Ogden Avenue East Pointe Commons Ste 500, Milwaukee, WI, 53202, US"
Pretzel Baconator®,9.69,"1,050","3801 S 27Th Street, Milwaukee, WI, 53221, US"
Dave's Single®,5.89,590,"3801 S 27Th Street, Milwaukee, WI, 53221, US"
Dave's Double®,7.19,860,"3801 S 27Th Street, Milwaukee, WI, 53221, US"
Dave's Triple®,8.59,"1,160","3801 S 27Th Street, Milwaukee, WI, 53221, US"
Baconator®,8.69,960,"3801 S 27Th Street, Milwaukee, WI, 53221, US"
Son of Baconator®,6.69,630,"3801 S 27Th Street, Milwaukee, WI, 53221, US"
Big Bacon Classic®,6.89,650,"3801 S 27Th Street, Milwaukee, WI, 53221, US"
Big Bacon Classic® Double,8.19,910,"3801 S 27Th Street, Milwaukee, WI, 53221, US"
Big Bacon Classic Triple,9.59,"1,220","3801 S 27Th Street, Milwaukee, WI, 53221, US"
Bacon Double Stack,4.09,440,"3801 S 27Th Street, Milwaukee, WI, 53221, US"
Jr. Bacon Cheeseburger,3.19,370,"3801 S 27Th Street, Milwaukee, WI, 53221, US"
Jr. Cheeseburger Deluxe,2.99,340,"3801 S 27Th Street, Milwaukee, WI, 53221, US"
Jr. Cheeseburger,2.19,290,"3801 S 27Th Street, Milwaukee, WI, 53221, US"
Double Stack™,3.49,410,"3801 S 27Th Street, Milwaukee, WI, 53221, US"
Jr. Hamburger,1.99,250,"3801 S 27Th Street, Milwaukee, WI, 53221, US"
French Fries,1.99-3.49,210-470,"3801 S 27Th Street, Milwaukee, WI, 53221, US"
Baconator Fries,3.79,460,"3801 S 27Th Street, Milwaukee, WI, 53221, US"
Chili Cheese Fries,3.79,520,"3801 S 27Th Street, Milwaukee, WI, 53221, US"
Cheese Fries,2.99,470,"3801 S 27Th Street, Milwaukee, WI, 53221, US"
Family Chili,16.99,"1,100","3801 S 27Th Street, Milwaukee, WI, 53221, US"
Chili,3.49/4.29,240/340,"3801 S 27Th Street, Milwaukee, WI, 53221, US"
Sour Cream and Chive Baked Potato,2.79,310,"3801 S 27Th Street, Milwaukee, WI, 53221, US"
Plain Baked Potato,2.79,270,"3801 S 27Th Street, Milwaukee, WI, 53221, US"
Bacon Cheese Baked Potato,4.29,440,"3801 S 27Th Street, Milwaukee, WI, 53221, US"
Chili & Cheese Baked Potato,4.29,500,"3801 S 27Th Street, Milwaukee, WI, 53221, US"
Cheese Baked Potato,3.79,450,"3801 S 27Th Street, Milwaukee, WI, 53221, US"
Apple Bites,1.29,35,"3801 S 27Th Street, Milwaukee, WI, 53221, US"
6 PC. Crispy Chicken Nuggets,3.19,270,"3801 S 27Th Street, Milwaukee, WI, 53221, US"
4 PC. Crispy Chicken Nuggets,2.19,180,"3801 S 27Th Street, Milwaukee, WI, 53221, US"
6 PC. Spicy Chicken Nuggets,3.19,280,"3801 S 27Th Street, Milwaukee, WI, 53221, US"
4 PC. Spicy Chicken Nuggets,2.19,190,"3801 S 27Th Street, Milwaukee, WI, 53221, US"
Pretzel Baconator®,9.69,"1,050","600 East Ogden Avenue, Milwaukee, WI, 53202, US"
Dave's Single®,5.89,590,"600 East Ogden Avenue, Milwaukee, WI, 53202, US"
Dave's Double®,7.19,860,"600 East Ogden Avenue, Milwaukee, WI, 53202, US"
Dave's Triple®,8.59,"1,160","600 East Ogden Avenue, Milwaukee, WI, 53202, US"
Baconator®,8.69,960,"600 East Ogden Avenue, Milwaukee, WI, 53202, US"
Son of Baconator®,6.69,630,"600 East Ogden Avenue, Milwaukee, WI, 53202, US"
Big Bacon Classic®,6.89,650,"600 East Ogden Avenue, Milwaukee, WI, 53202, US"
Big Bacon Classic® Double,8.19,910,"600 East Ogden Avenue, Milwaukee, WI, 53202, US"
Big Bacon Classic Triple,9.59,"1,220","600 East Ogden Avenue, Milwaukee, WI, 53202, US"
Bacon Double Stack,4.09,440,"600 East Ogden Avenue, Milwaukee, WI, 53202, US"
Jr. Bacon Cheeseburger,3.19,370,"600 East Ogden Avenue, Milwaukee, WI, 53202, US"
Jr. Cheeseburger Deluxe,2.99,340,"600 East Ogden Avenue, Milwaukee, WI, 53202, US"
Jr. Cheeseburger,2.19,290,"600 East Ogden Avenue, Milwaukee, WI, 53202, US"
Double Stack™,3.49,410,"600 East Ogden Avenue, Milwaukee, WI, 53202, US"
Jr. Hamburger,1.99,250,"600 East Ogden Avenue, Milwaukee, WI, 53202, US"
French Fries,1.99-3.49,210-470,"600 East Ogden Avenue, Milwaukee, WI, 53202, US"
Baconator Fries,3.79,460,"600 East Ogden Avenue, Milwaukee, WI, 53202, US"
Chili Cheese Fries,3.79,520,"600 East Ogden Avenue, Milwaukee, WI, 53202, US"
Cheese Fries,2.99,470,"600 East Ogden Avenue, Milwaukee, WI, 53202, US"
Family Chili,16.99,"1,100","600 East Ogden Avenue, Milwaukee, WI, 53202, US"
Chili,3.49/4.29,240/340,"600 East Ogden Avenue, Milwaukee, WI, 53202, US"
Sour Cream and Chive Baked Potato,2.79,310,"600 East Ogden Avenue, Milwaukee, WI, 53202, US"
Plain Baked Potato,2.79,270,"600 East Ogden Avenue, Milwaukee, WI, 53202, US"
Bacon Cheese Baked Potato,4.29,440,"600 East Ogden Avenue, Milwaukee, WI, 53202, US"
Chili & Cheese Baked Potato,4.29,500,"600 East Ogden Avenue, Milwaukee, WI, 53202, US"
Cheese Baked Potato,3.79,450,"600 East Ogden Avenue, Milwaukee, WI, 53202, US"
Apple Bites,1.29,35,"600 East Ogden Avenue, Milwaukee, WI, 53202, US"
6 PC. Crispy Chicken Nuggets,3.19,270,"600 East Ogden Avenue, Milwaukee, WI, 53202, US"
4 PC. Crispy Chicken Nuggets,2.19,180,"600 East Ogden Avenue, Milwaukee, WI, 53202, US"
6 PC. Spicy Chicken Nuggets,3.19,280,"600 East Ogden Avenue, Milwaukee, WI, 53202, US"
4 PC. Spicy Chicken Nuggets,2.19,190,"600 East Ogden Avenue, Milwaukee, WI, 53202, US"
Pretzel Baconator®,9.79,"1,050","2050 Silvernail, Pewaukee, WI, 53072, US"
Dave's Single®,5.99,590,"2050 Silvernail, Pewaukee, WI, 53072, US"
Dave's Double®,7.29,860,"2050 Silvernail, Pewaukee, WI, 53072, US"
Dave's Triple®,8.69,"1,160","2050 Silvernail, Pewaukee, WI, 53072, US"
Baconator®,8.79,960,"2050 Silvernail, Pewaukee, WI, 53072, US"
Son of Baconator®,6.79,630,"2050 Silvernail, Pewaukee, WI, 53072, US"
Big Bacon Classic®,6.99,650,"2050 Silvernail, Pewaukee, WI, 53072, US"
Big Bacon Classic® Double,8.29,910,"2050 Silvernail, Pewaukee, WI, 53072, US"
Big Bacon Classic Triple,9.69,"1,220","2050 Silvernail, Pewaukee, WI, 53072, US"
Bacon Double Stack,4.09,440,"2050 Silvernail, Pewaukee, WI, 53072, US"
Jr. Bacon Cheeseburger,3.19,370,"2050 Silvernail, Pewaukee, WI, 53072, US"
Jr. Cheeseburger Deluxe,2.99,340,"2050 Silvernail, Pewaukee, WI, 53072, US"
Jr. Cheeseburger,2.19,290,"2050 Silvernail, Pewaukee, WI, 53072, US"
Double Stack™,3.49,410,"2050 Silvernail, Pewaukee, WI, 53072, US"
Jr. Hamburger,1.99,250,"2050 Silvernail, Pewaukee, WI, 53072, US"
French Fries,1.99-3.49,210-470,"2050 Silvernail, Pewaukee, WI, 53072, US"
Baconator Fries,3.79,460,"2050 Silvernail, Pewaukee, WI, 53072, US"
Chili Cheese Fries,3.79,520,"2050 Silvernail, Pewaukee, WI, 53072, US"
Cheese Fries,2.99,470,"2050 Silvernail, Pewaukee, WI, 53072, US"
Family Chili,16.99,"1,100","2050 Silvernail, Pewaukee, WI, 53072, US"
Chili,3.49/4.29,240/340,"2050 Silvernail, Pewaukee, WI, 53072, US"
Sour Cream and Chive Baked Potato,2.79,310,"2050 Silvernail, Pewaukee, WI, 53072, US"
Plain Baked Potato,2.79,270,"2050 Silvernail, Pewaukee, WI, 53072, US"
Bacon Cheese Baked Potato,4.29,440,"2050 Silvernail, Pewaukee, WI, 53072, US"
Chili & Cheese Baked Potato,4.29,500,"2050 Silvernail, Pewaukee, WI, 53072, US"
Cheese Baked Potato,3.79,450,"2050 Silvernail, Pewaukee, WI, 53072, US"
Apple Bites,1.29,35,"2050 Silvernail, Pewaukee, WI, 53072, US"
6 PC. Crispy Chicken Nuggets,3.19,270,"2050 Silvernail, Pewaukee, WI, 53072, US"
4 PC. Crispy Chicken Nuggets,2.19,180,"2050 Silvernail, Pewaukee, WI, 53072, US"
6 PC. Spicy Chicken Nuggets,3.19,280,"2050 Silvernail, Pewaukee, WI, 53072, US"
4 PC. Spicy Chicken Nuggets,2.19,190,"2050 Silvernail, Pewaukee, WI, 53072, US"
